Judul,Tanggal,Link,Isi Berita
Deklarasi Jokowi Capres Akan Digelar di Jakarta,"Minggu, 05 Agu 2018 18:08 WIB",https://www.cnnindonesia.com/nasional/20180805174333-32-319701/deklarasi-jokowi-capres-akan-digelar-di-jakarta,ADVERTISEMENT SCROLL TO CONTINUE WITH CONTENT
Jokowi soal Deklarasi Capres: Tanya Saja ke Bu Mega,"Minggu, 05 Agu 2018 17:37 WIB",https://www.cnnindonesia.com/nasional/20180805173134-32-319700/jokowi-soal-deklarasi-capres-tanya-saja-ke-bu-mega,ADVERTISEMENT SCROLL TO CONTINUE WITH CONTENT
Survei Roda Tiga: AHY Cocok Jadi Cawapres Jokowi atau Prabowo,"Minggu, 05 Agu 2018 17:26 WIB",https://www.cnnindonesia.com/nasional/20180805163519-32-319691/survei-roda-tiga-ahy-cocok-jadi-cawapres-jokowi-atau-prabowo,ADVERTISEMENT SCROLL TO CONTINUE WITH CONTENT
Fahri Hamzah Bandingkan Pidato Sukarno dengan Jokowi,"Minggu, 05 Agu 2018 17:03 WIB",https://www.cnnindonesia.com/nasional/20180805161604-32-319686/fahri-hamzah-bandingkan-pidato-sukarno-dengan-jokowi,ADVERTISEMENT SCROLL TO CONTINUE WITH CONTENT
Istana Tegaskan Pidato 'Berkelahi' Jokowi Hanya Kiasan,"Minggu, 05 Agu 2018 15:56 WIB",https://www.cnnindonesia.com/nasional/20180805154022-32-319680/istana-tegaskan-pidato-berkelahi-jokowi-hanya-kiasan,ADVERTISEMENT SCROLL TO CONTINUE WITH CONTENT
Waketum Gerindra: Pidato 'Berkelahi' Jokowi Meresahkan,"Minggu, 05 Agu 2018 15:38 WIB",https://www.cnnindonesia.com/nasional/20180805153351-32-319679/waketum-gerindra-pidato-berkelahi-jokowi-meresahkan,ADVERTISEMENT SCROLL TO CONTINUE WITH CONTENT
PAN Tunda Gelar Rakernas,"Minggu, 05 Agu 2018 13:44 WIB",https://www.cnnindonesia.com/nasional/20180805133916-32-319665/pan-tunda-gelar-rakernas,ADVERTISEMENT SCROLL TO CONTINUE WITH CONTENT
Tjahjo soal Timses Jokowi: Masih Banyak Orang yang Lebih Baik,"Minggu, 05 Agu 2018 13:32 WIB",https://www.cnnindonesia.com/nasional/20180805133213-32-319664/tjahjo-soal-timses-jokowi-masih-banyak-orang-yang-lebih-baik,ADVERTISEMENT SCROLL TO CONTINUE WITH CONTENT
Demokrat Anggap Jokowi Gunakan Program SBY,"Minggu, 05 Agu 2018 13:26 WIB",https://www.cnnindonesia.com/nasional/20180805125500-32-319651/demokrat-anggap-jokowi-gunakan-program-sby,ADVERTISEMENT SCROLL TO CONTINUE WITH CONTENT
Megawati dan Jokowi 'Gembleng' Caleg PDIP untuk Pemilu 2019,"Minggu, 05 Agu 2018 12:52 WIB",https://www.cnnindonesia.com/nasional/20180805101221-32-319626/megawati-dan-jokowi-gembleng-caleg-pdip-untuk-pemilu-2019,ADVERTISEMENT SCROLL TO CONTINUE WITH CONTENT
Menimbang Tiga Kandidat Pendamping Prabowo,"Minggu, 05 Agu 2018 08:05 WIB",https://www.cnnindonesia.com/nasional/20180804205256-32-319581/menimbang-tiga-kandidat-pendamping-prabowo,ADVERTISEMENT SCROLL TO CONTINUE WITH CONTENT
"Nawacita Jokowi Terkendala, PDIP Singgung RPJMN Era SBY","Minggu, 05 Agu 2018 05:43 WIB",https://www.cnnindonesia.com/nasional/20180805035807-32-319604/nawacita-jokowi-terkendala-pdip-singgung-rpjmn-era-sby,ADVERTISEMENT SCROLL TO CONTINUE WITH CONTENT
Demokrat Bantah SBY Tulis Surat soal 'AHY Bersama Prabowo',"Minggu, 05 Agu 2018 00:01 WIB",https://www.cnnindonesia.com/nasional/20180804234050-32-319595/demokrat-bantah-sby-tulis-surat-soal-ahy-bersama-prabowo,ADVERTISEMENT SCROLL TO CONTINUE WITH CONTENT
Sekjen Parpol Koalisi Jokowi Bahas Tim Sukses Pilpres 2019,"Sabtu, 04 Agu 2018 20:37 WIB",https://www.cnnindonesia.com/nasional/20180804203050-32-319577/sekjen-parpol-koalisi-jokowi-bahas-tim-sukses-pilpres-2019,ADVERTISEMENT SCROLL TO CONTINUE WITH CONTENT
PA 212 Surati Koalisi Prabowo: Ijtima Ulama Keinginan Allah,"Sabtu, 04 Agu 2018 20:22 WIB",https://www.cnnindonesia.com/nasional/20180804162051-32-319532/pa-212-surati-koalisi-prabowo-ijtima-ulama-keinginan-allah,ADVERTISEMENT SCROLL TO CONTINUE WITH CONTENT
"Jokowi Minta Relawan Tak Cari Musuh, Tapi Siap Berkelahi","Sabtu, 04 Agu 2018 18:15 WIB",https://www.cnnindonesia.com/nasional/20180804175204-32-319553/jokowi-minta-relawan-tak-cari-musuh-tapi-siap-berkelahi,ADVERTISEMENT SCROLL TO CONTINUE WITH CONTENT
Jokowi Minta Relawan Lebih Militan dari Kubu Prabowo,"Sabtu, 04 Agu 2018 17:15 WIB",https://www.cnnindonesia.com/nasional/20180804170949-32-319536/jokowi-minta-relawan-lebih-militan-dari-kubu-prabowo,ADVERTISEMENT SCROLL TO CONTINUE WITH CONTENT
Spanduk #2019TetapJokowi Terbentang di Acara Relawan Sentul,"Sabtu, 04 Agu 2018 16:21 WIB",https://www.cnnindonesia.com/nasional/20180804145446-32-319515/spanduk-2019tetapjokowi-terbentang-di-acara-relawan-sentul,ADVERTISEMENT SCROLL TO CONTINUE WITH CONTENT
Prabowo Balas Unggah Foto Titiek Soeharto Muda di Instagram,"Sabtu, 04 Agu 2018 14:05 WIB",https://www.cnnindonesia.com/nasional/20180804133530-20-319472/prabowo-balas-unggah-foto-titiek-soeharto-muda-di-instagram,ADVERTISEMENT SCROLL TO CONTINUE WITH CONTENT
"Pendaftaran Dibuka, JK Ungkap Belum Diajak Jokowi Komunikasi","Sabtu, 04 Agu 2018 13:24 WIB",https://www.cnnindonesia.com/nasional/20180804125327-32-319467/pendaftaran-dibuka-jk-ungkap-belum-diajak-jokowi-komunikasi,ADVERTISEMENT SCROLL TO CONTINUE WITH CONTENT
"Senin Besok, PAN Umumkan Pilihan Pilpres 2019","Sabtu, 04 Agu 2018 12:47 WIB",https://www.cnnindonesia.com/nasional/20180804123853-32-319463/senin-besok-pan-umumkan-pilihan-pilpres-2019,ADVERTISEMENT SCROLL TO CONTINUE WITH CONTENT
"PA 212: Demokrat Boleh Gabung, Asal Cawapres Bukan AHY","Sabtu, 04 Agu 2018 10:23 WIB",https://www.cnnindonesia.com/nasional/20180804101138-32-319441/pa-212-demokrat-boleh-gabung-asal-cawapres-bukan-ahy,ADVERTISEMENT SCROLL TO CONTINUE WITH CONTENT
KPK Minta Capres-Cawapres Tak Mepet Kirim LHKPN,"Sabtu, 04 Agu 2018 08:00 WIB",https://www.cnnindonesia.com/nasional/20180803203738-12-319415/kpk-minta-capres-cawapres-tak-mepet-kirim-lhkpn,ADVERTISEMENT SCROLL TO CONTINUE WITH CONTENT
KPU Resmi Buka Pendaftaran Capres-Cawapres Pemilu 2019,"Sabtu, 04 Agu 2018 06:00 WIB",https://www.cnnindonesia.com/nasional/20180803164239-32-319303/kpu-resmi-buka-pendaftaran-capres-cawapres-pemilu-2019,ADVERTISEMENT SCROLL TO CONTINUE WITH CONTENT
Bawaslu-KPU Imbau Tak Bawa Atribut Tagar Saat Daftar Capres,"Sabtu, 04 Agu 2018 05:21 WIB",https://www.cnnindonesia.com/nasional/20180803174148-32-319341/bawaslu-kpu-imbau-tak-bawa-atribut-tagar-saat-daftar-capres,ADVERTISEMENT SCROLL TO CONTINUE WITH CONTENT
KPU Ingatkan Pasangan Capres-Cawapres Tak Beraktivitas Berat,"Sabtu, 04 Agu 2018 04:16 WIB",https://www.cnnindonesia.com/nasional/20180803214409-32-319426/kpu-ingatkan-pasangan-capres-cawapres-tak-beraktivitas-berat,ADVERTISEMENT SCROLL TO CONTINUE WITH CONTENT
AHY Klaim Telah Siapkan Diri Jadi Cawapres Pemilu 2019,"Sabtu, 04 Agu 2018 04:01 WIB",https://www.cnnindonesia.com/nasional/20180804032754-32-319437/ahy-klaim-telah-siapkan-diri-jadi-cawapres-pemilu-2019,ADVERTISEMENT SCROLL TO CONTINUE WITH CONTENT
Golkar Siapkan Nama untuk Ketua Tim Pemenangan Jokowi,"Sabtu, 04 Agu 2018 01:05 WIB",https://www.cnnindonesia.com/nasional/20180804005504-20-319431/golkar-siapkan-nama-untuk-ketua-tim-pemenangan-jokowi,ADVERTISEMENT SCROLL TO CONTINUE WITH CONTENT
AHY Tak Heran Ditolak PA 212 Jadi Cawapres Prabowo,"Jumat, 03 Agu 2018 22:05 WIB",https://www.cnnindonesia.com/nasional/20180803213148-32-319424/ahy-tak-heran-ditolak-pa-212-jadi-cawapres-prabowo,ADVERTISEMENT SCROLL TO CONTINUE WITH CONTENT
"Prabowo Capek, Konsolidasi dengan Amien Rais Dirahasiakan","Jumat, 03 Agu 2018 21:02 WIB",https://www.cnnindonesia.com/nasional/20180803205351-32-319417/prabowo-capek-konsolidasi-dengan-amien-rais-dirahasiakan,ADVERTISEMENT SCROLL TO CONTINUE WITH CONTENT
Gerindra Tiru Strategi PDIP Umumkan Cawapres,"Jumat, 03 Agu 2018 20:49 WIB",https://www.cnnindonesia.com/nasional/20180803202553-32-319414/gerindra-tiru-strategi-pdip-umumkan-cawapres,ADVERTISEMENT SCROLL TO CONTINUE WITH CONTENT
Partai Tommy Bandingkan Blusukan Jokowi dan Soeharto,"Jumat, 03 Agu 2018 20:25 WIB",https://www.cnnindonesia.com/nasional/20180803185547-32-319364/partai-tommy-bandingkan-blusukan-jokowi-dan-soeharto,ADVERTISEMENT SCROLL TO CONTINUE WITH CONTENT
Airlangga Sowan ke Rumah Habibie Jelang Pendaftaran Pilpres,"Jumat, 03 Agu 2018 19:15 WIB",https://www.cnnindonesia.com/nasional/20180803191054-32-319365/airlangga-sowan-ke-rumah-habibie-jelang-pendaftaran-pilpres,ADVERTISEMENT SCROLL TO CONTINUE WITH CONTENT
"Pelican Crossing, Jembatan Jokowi Intip Manuver Anies","Jumat, 03 Agu 2018 18:43 WIB",https://www.cnnindonesia.com/nasional/20180803155624-32-319283/pelican-crossing-jembatan-jokowi-intip-manuver-anies,ADVERTISEMENT SCROLL TO CONTINUE WITH CONTENT
"Alvara: AHY Dijagokan Dampingi Prabowo, Cak Imin untuk Jokowi","Jumat, 03 Agu 2018 18:01 WIB",https://www.cnnindonesia.com/nasional/20180803162111-32-319299/alvara-ahy-dijagokan-dampingi-prabowo-cak-imin-untuk-jokowi,ADVERTISEMENT SCROLL TO CONTINUE WITH CONTENT
Sekjen Parpol Koalisi Jokowi Matangkan Formasi Timses Besok,"Jumat, 03 Agu 2018 17:49 WIB",https://www.cnnindonesia.com/nasional/20180803170953-32-319323/sekjen-parpol-koalisi-jokowi-matangkan-formasi-timses-besok,ADVERTISEMENT SCROLL TO CONTINUE WITH CONTENT
Survei Alvara: Persaingan Jokowi dan Prabowo Makin Ketat,"Jumat, 03 Agu 2018 16:42 WIB",https://www.cnnindonesia.com/nasional/20180803160851-32-319289/survei-alvara-persaingan-jokowi-dan-prabowo-makin-ketat,ADVERTISEMENT SCROLL TO CONTINUE WITH CONTENT
Orasi Politik AHY dan Pertaruhan Putra Mahkota Demokrat,"Jumat, 03 Agu 2018 16:11 WIB",https://www.cnnindonesia.com/nasional/20180803152647-32-319249/orasi-politik-ahy-dan-pertaruhan-putra-mahkota-demokrat,ADVERTISEMENT SCROLL TO CONTINUE WITH CONTENT
Mencermati Gerak IHSG saat Pilpres Makin Dekat,"Jumat, 03 Agu 2018 14:48 WIB",https://www.cnnindonesia.com/ekonomi/20180803133928-92-319220/mencermati-gerak-ihsg-saat-pilpres-makin-dekat,ADVERTISEMENT SCROLL TO CONTINUE WITH CONTENT
"Diantar JK, Anies Pamer Ajak Lihat Ruang Kerja","Jumat, 03 Agu 2018 13:00 WIB",https://www.cnnindonesia.com/nasional/20180803125457-20-319189/diantar-jk-anies-pamer-ajak-lihat-ruang-kerja,ADVERTISEMENT SCROLL TO CONTINUE WITH CONTENT
Petahana Mnangagwa Dinyatakan Menang Pilpres Zimbabwe,"Jumat, 03 Agu 2018 08:06 WIB",https://www.cnnindonesia.com/internasional/20180803075744-127-319127/petahana-mnangagwa-dinyatakan-menang-pilpres-zimbabwe,ADVERTISEMENT SCROLL TO CONTINUE WITH CONTENT
Ketum MUI Sulsel Bantah Tolak Ijtima Ulama soal Pilpres 2019,"Jumat, 03 Agu 2018 06:43 WIB",https://www.cnnindonesia.com/nasional/20180802142028-32-318958/ketum-mui-sulsel-bantah-tolak-ijtima-ulama-soal-pilpres-2019,ADVERTISEMENT SCROLL TO CONTINUE WITH CONTENT
MK Disarankan Tak Diburu Waktu Putuskan Ambang Batas Presiden,"Jumat, 03 Agu 2018 06:21 WIB",https://www.cnnindonesia.com/nasional/20180802204058-32-319101/mk-disarankan-tak-diburu-waktu-putuskan-ambang-batas-presiden,ADVERTISEMENT SCROLL TO CONTINUE WITH CONTENT
Wiranto Minta Pedemo dan Penyebar Hoax Libur saat Asian Games,"Jumat, 03 Agu 2018 00:31 WIB",https://www.cnnindonesia.com/nasional/20180803002026-20-319110/wiranto-minta-pedemo-dan-penyebar-hoax-libur-saat-asian-games,ADVERTISEMENT SCROLL TO CONTINUE WITH CONTENT
PKB Sebut Cak Imin Akan Temui Ulama Galang Dukungan Cawapres,"Kamis, 02 Agu 2018 22:16 WIB",https://www.cnnindonesia.com/nasional/20180802180115-32-319032/pkb-sebut-cak-imin-akan-temui-ulama-galang-dukungan-cawapres,ADVERTISEMENT SCROLL TO CONTINUE WITH CONTENT
Jokowi Dinilai Punya Pekerjaan Rumah Bantu Petani dengan APBN,"Kamis, 02 Agu 2018 22:02 WIB",https://www.cnnindonesia.com/ekonomi/20180802192544-532-319077/jokowi-dinilai-punya-pekerjaan-rumah-bantu-petani-dengan-apbn,ADVERTISEMENT SCROLL TO CONTINUE WITH CONTENT
Cak Imin Jamin PKB Tak Terkunci dalam Koalisi Jokowi,"Kamis, 02 Agu 2018 20:28 WIB",https://www.cnnindonesia.com/nasional/20180802194251-32-319079/cak-imin-jamin-pkb-tak-terkunci-dalam-koalisi-jokowi,ADVERTISEMENT SCROLL TO CONTINUE WITH CONTENT
Wiranto Sindir Eks Pejabat yang Soroti Angka Kemiskinan,"Kamis, 02 Agu 2018 20:22 WIB",https://www.cnnindonesia.com/nasional/20180802190727-32-319074/wiranto-sindir-eks-pejabat-yang-soroti-angka-kemiskinan,ADVERTISEMENT SCROLL TO CONTINUE WITH CONTENT
"Penguasaan Energi, Jurus Kejar Tayang Jokowi Hadapi Pilpres","Kamis, 02 Agu 2018 18:54 WIB",https://www.cnnindonesia.com/nasional/20180802154139-32-319019/penguasaan-energi-jurus-kejar-tayang-jokowi-hadapi-pilpres,ADVERTISEMENT SCROLL TO CONTINUE WITH CONTENT
20 Ribu Buruh Long March dari Surabaya Antar Prabowo ke KPU,"Kamis, 02 Agu 2018 17:54 WIB",https://www.cnnindonesia.com/nasional/20180802171904-32-319022/20-ribu-buruh-long-march-dari-surabaya-antar-prabowo-ke-kpu,ADVERTISEMENT SCROLL TO CONTINUE WITH CONTENT
MK Belum Jadwalkan Sidang Lanjutan Uji Cawapres Terkait JK,"Kamis, 02 Agu 2018 16:25 WIB",https://www.cnnindonesia.com/nasional/20180802154156-12-318976/mk-belum-jadwalkan-sidang-lanjutan-uji-cawapres-terkait-jk,ADVERTISEMENT SCROLL TO CONTINUE WITH CONTENT
Fahri Wacanakan Musyawarah Luar Biasa untuk Selamatkan PKS,"Kamis, 02 Agu 2018 16:02 WIB",https://www.cnnindonesia.com/nasional/20180802155224-32-318989/fahri-wacanakan-musyawarah-luar-biasa-untuk-selamatkan-pks,ADVERTISEMENT SCROLL TO CONTINUE WITH CONTENT
KPU Tak Larang Menteri Jadi Ketua Tim Kampanye,"Kamis, 02 Agu 2018 15:00 WIB",https://www.cnnindonesia.com/nasional/20180802141629-32-318957/kpu-tak-larang-menteri-jadi-ketua-tim-kampanye,ADVERTISEMENT SCROLL TO CONTINUE WITH CONTENT
Pendaftaran Capres Diperpanjang Jika Hanya Ada Satu Paslon,"Kamis, 02 Agu 2018 14:14 WIB",https://www.cnnindonesia.com/nasional/20180802134701-20-318950/pendaftaran-capres-diperpanjang-jika-hanya-ada-satu-paslon,ADVERTISEMENT SCROLL TO CONTINUE WITH CONTENT
14 Purnawirawan Jenderal dan Kolonel Akan Perkuat PDIP,"Kamis, 02 Agu 2018 13:52 WIB",https://www.cnnindonesia.com/nasional/20180802133811-32-318943/14-purnawirawan-jenderal-dan-kolonel-akan-perkuat-pdip,ADVERTISEMENT SCROLL TO CONTINUE WITH CONTENT
Opsi Abstain PKS Diklaim Bukan Pernyataan Resmi Partai,"Kamis, 02 Agu 2018 13:15 WIB",https://www.cnnindonesia.com/nasional/20180802113130-32-318896/opsi-abstain-pks-diklaim-bukan-pernyataan-resmi-partai,ADVERTISEMENT SCROLL TO CONTINUE WITH CONTENT
Trump Desak Investigasi Peran Rusia di Pilpres AS Disetop,"Kamis, 02 Agu 2018 12:49 WIB",https://www.cnnindonesia.com/internasional/20180802102753-134-318881/trump-desak-investigasi-peran-rusia-di-pilpres-as-disetop,ADVERTISEMENT SCROLL TO CONTINUE WITH CONTENT
Taufik Gerindra Sebut Cawapres Prabowo Diumumkan 6 Agustus,"Kamis, 02 Agu 2018 12:41 WIB",https://www.cnnindonesia.com/nasional/20180802122930-32-318916/taufik-gerindra-sebut-cawapres-prabowo-diumumkan-6-agustus,ADVERTISEMENT SCROLL TO CONTINUE WITH CONTENT
Banser Akan Kawal Imbauan MUI Jabar Soal #2019GantiPresiden,"Kamis, 02 Agu 2018 12:25 WIB",https://www.cnnindonesia.com/nasional/20180802121009-20-318905/banser-akan-kawal-imbauan-mui-jabar-soal-2019gantipresiden,ADVERTISEMENT SCROLL TO CONTINUE WITH CONTENT
"Buka GIIAS 2018, Airlangga Singgung Dukungan untuk Jokowi","Kamis, 02 Agu 2018 12:12 WIB",https://www.cnnindonesia.com/nasional/20180802120331-32-318904/buka-giias-2018-airlangga-singgung-dukungan-untuk-jokowi,ADVERTISEMENT SCROLL TO CONTINUE WITH CONTENT
MUI Jabar Imbau Tak Ada Acara Pro dan Kontra Ganti Presiden,"Kamis, 02 Agu 2018 10:50 WIB",https://www.cnnindonesia.com/nasional/20180802102839-20-318877/mui-jabar-imbau-tak-ada-acara-pro-dan-kontra-ganti-presiden,ADVERTISEMENT SCROLL TO CONTINUE WITH CONTENT
Prabowo Utus Ketua Gerindra Jabar Lobi Ustaz Abdul Somad,"Kamis, 02 Agu 2018 10:34 WIB",https://www.cnnindonesia.com/nasional/20180802102452-32-318876/prabowo-utus-ketua-gerindra-jabar-lobi-ustaz-abdul-somad,ADVERTISEMENT SCROLL TO CONTINUE WITH CONTENT
Aksi Irit Bicara PKS di Pertemuan 4 Sekjen Koalisi Prabowo,"Kamis, 02 Agu 2018 08:40 WIB",https://www.cnnindonesia.com/nasional/20180802065734-32-318843/aksi-irit-bicara-pks-di-pertemuan-4-sekjen-koalisi-prabowo,ADVERTISEMENT SCROLL TO CONTINUE WITH CONTENT
AEI Sebut Pilpres 2019 Tak Bikin Emiten Ubah Rencana Ekspansi,"Kamis, 02 Agu 2018 06:02 WIB",https://www.cnnindonesia.com/ekonomi/20180801164442-92-318712/aei-sebut-pilpres-2019-tak-bikin-emiten-ubah-rencana-ekspansi,ADVERTISEMENT SCROLL TO CONTINUE WITH CONTENT
Sikap Gamang Sekjen PAN di Kubu Prabowo atau Jokowi,"Kamis, 02 Agu 2018 04:46 WIB",https://www.cnnindonesia.com/nasional/20180802043925-32-318838/sikap-gamang-sekjen-pan-di-kubu-prabowo-atau-jokowi,ADVERTISEMENT SCROLL TO CONTINUE WITH CONTENT
"Gerindra, PKS, PAN, Demokrat Bentuk Dua Tim Persiapan Pilpres","Kamis, 02 Agu 2018 03:22 WIB",https://www.cnnindonesia.com/nasional/20180802032228-32-318836/gerindra-pks-pan-demokrat-bentuk-dua-tim-persiapan-pilpres,ADVERTISEMENT SCROLL TO CONTINUE WITH CONTENT
PKS Prioritaskan Rekomendasi Ijtima Ulama di Pilpres 2019,"Kamis, 02 Agu 2018 01:45 WIB",https://www.cnnindonesia.com/nasional/20180802013500-32-318833/pks-prioritaskan-rekomendasi-ijtima-ulama-di-pilpres-2019,ADVERTISEMENT SCROLL TO CONTINUE WITH CONTENT
Gerindra Gelar Sidang Usai Arief Poyuono Sindir AHY,"Kamis, 02 Agu 2018 01:10 WIB",https://www.cnnindonesia.com/nasional/20180801173017-32-318720/gerindra-gelar-sidang-usai-arief-poyuono-sindir-ahy,ADVERTISEMENT SCROLL TO CONTINUE WITH CONTENT
"Fadli Zon Sebut AHY, Salim, Somad Bakal Cawapres Prabowo","Kamis, 02 Agu 2018 00:29 WIB",https://www.cnnindonesia.com/nasional/20180802001151-32-318831/fadli-zon-sebut-ahy-salim-somad-bakal-cawapres-prabowo,ADVERTISEMENT SCROLL TO CONTINUE WITH CONTENT
Sekjen PDIP Kritik Penggunaan Istilah Nasionalis-Religius,"Rabu, 01 Agu 2018 22:59 WIB",https://www.cnnindonesia.com/nasional/20180801222731-32-318830/sekjen-pdip-kritik-penggunaan-istilah-nasionalis-religius,ADVERTISEMENT SCROLL TO CONTINUE WITH CONTENT
Sekjen 3 Partai Poros Prabowo Bertemu Perdana dengan Demokrat,"Rabu, 01 Agu 2018 21:38 WIB",https://www.cnnindonesia.com/nasional/20180801211649-32-318820/sekjen-3-partai-poros-prabowo-bertemu-perdana-dengan-demokrat,ADVERTISEMENT SCROLL TO CONTINUE WITH CONTENT
Wiranto Sebut Tagar Kebencian di Medsos Jadi Ancaman Pemilu,"Rabu, 01 Agu 2018 21:35 WIB",https://www.cnnindonesia.com/nasional/20180801195057-32-318780/wiranto-sebut-tagar-kebencian-di-medsos-jadi-ancaman-pemilu,ADVERTISEMENT SCROLL TO CONTINUE WITH CONTENT
Istri Munir Tolak Penghargaan HAM ala Cak Imin,"Rabu, 01 Agu 2018 21:20 WIB",https://www.cnnindonesia.com/nasional/20180801204540-32-318799/istri-munir-tolak-penghargaan-ham-ala-cak-imin,ADVERTISEMENT SCROLL TO CONTINUE WITH CONTENT
Gerindra Kritik Jokowi Terlalu Sering Masuk Iklan,"Rabu, 01 Agu 2018 20:38 WIB",https://www.cnnindonesia.com/nasional/20180801190615-32-318767/gerindra-kritik-jokowi-terlalu-sering-masuk-iklan,ADVERTISEMENT SCROLL TO CONTINUE WITH CONTENT
PDIP Manut Jokowi Jika Demokrat Ingin Merapat,"Rabu, 01 Agu 2018 20:03 WIB",https://www.cnnindonesia.com/nasional/20180801192155-32-318778/pdip-manut-jokowi-jika-demokrat-ingin-merapat,ADVERTISEMENT SCROLL TO CONTINUE WITH CONTENT
PDIP Bantah Jokowi Umumkan Cawapres Tunggu Kubu Prabowo,"Rabu, 01 Agu 2018 19:34 WIB",https://www.cnnindonesia.com/nasional/20180801185646-32-318764/pdip-bantah-jokowi-umumkan-cawapres-tunggu-kubu-prabowo,ADVERTISEMENT SCROLL TO CONTINUE WITH CONTENT
Wiranto Klaim Tim Terpadu Bukan Buat Jual Isu HAM di Pilpres,"Rabu, 01 Agu 2018 19:12 WIB",https://www.cnnindonesia.com/nasional/20180801181746-12-318757/wiranto-klaim-tim-terpadu-bukan-buat-jual-isu-ham-di-pilpres,ADVERTISEMENT SCROLL TO CONTINUE WITH CONTENT
Menimbang Potensi Resistensi Cawapres Jokowi,"Rabu, 01 Agu 2018 18:18 WIB",https://www.cnnindonesia.com/nasional/20180801175218-32-318738/menimbang-potensi-resistensi-cawapres-jokowi,ADVERTISEMENT SCROLL TO CONTINUE WITH CONTENT
Airlangga: Pilpres Tak Ganggu Bisnis asal Ekonomi Kuat,"Rabu, 01 Agu 2018 18:07 WIB",https://www.cnnindonesia.com/ekonomi/20180801133802-92-318637/airlangga-pilpres-tak-ganggu-bisnis-asal-ekonomi-kuat,ADVERTISEMENT SCROLL TO CONTINUE WITH CONTENT
PKS Abstain Pilpres Jika Cawapres Prabowo di Luar Harapan,"Rabu, 01 Agu 2018 17:35 WIB",https://www.cnnindonesia.com/nasional/20180801172240-32-318719/pks-abstain-pilpres-jika-cawapres-prabowo-di-luar-harapan,ADVERTISEMENT SCROLL TO CONTINUE WITH CONTENT
Sekjen Parpol Bocorkan Dua Petunjuk Cawapres Jokowi,"Rabu, 01 Agu 2018 17:10 WIB",https://www.cnnindonesia.com/nasional/20180801163550-32-318713/sekjen-parpol-bocorkan-dua-petunjuk-cawapres-jokowi,ADVERTISEMENT SCROLL TO CONTINUE WITH CONTENT
Jokowi Respons Angka Kemiskinan saat Menjamu Sekjen Parpol,"Rabu, 01 Agu 2018 16:37 WIB",https://www.cnnindonesia.com/nasional/20180801161727-32-318698/jokowi-respons-angka-kemiskinan-saat-menjamu-sekjen-parpol,ADVERTISEMENT SCROLL TO CONTINUE WITH CONTENT
Koalisi Prabowo Bahas Tim Pemenangan Malam Ini,"Rabu, 01 Agu 2018 16:29 WIB",https://www.cnnindonesia.com/nasional/20180801161642-32-318697/koalisi-prabowo-bahas-tim-pemenangan-malam-ini,ADVERTISEMENT SCROLL TO CONTINUE WITH CONTENT
Partai Penguasa Menangkan Mayoritas Kursi Parlemen Zimbabwe,"Rabu, 01 Agu 2018 16:10 WIB",https://www.cnnindonesia.com/internasional/20180801131941-127-318616/partai-penguasa-menangkan-mayoritas-kursi-parlemen-zimbabwe,ADVERTISEMENT SCROLL TO CONTINUE WITH CONTENT
"Cawapres Prabowo Belum Jelas, PKS Ingatkan Komitmen Gerindra","Rabu, 01 Agu 2018 14:31 WIB",https://www.cnnindonesia.com/nasional/20180801132826-32-318640/cawapres-prabowo-belum-jelas-pks-ingatkan-komitmen-gerindra,ADVERTISEMENT SCROLL TO CONTINUE WITH CONTENT
Sekjen Parpol Sarankan Jokowi Daftar Capres Jumat Pahing,"Rabu, 01 Agu 2018 14:18 WIB",https://www.cnnindonesia.com/nasional/20180801133709-32-318638/sekjen-parpol-sarankan-jokowi-daftar-capres-jumat-pahing,ADVERTISEMENT SCROLL TO CONTINUE WITH CONTENT
Koalisi Jokowi Pilih Pakai 'Sersan' dan Politik Rasional,"Rabu, 01 Agu 2018 12:42 WIB",https://www.cnnindonesia.com/nasional/20180801115118-32-318588/koalisi-jokowi-pilih-pakai-sersan-dan-politik-rasional,ADVERTISEMENT SCROLL TO CONTINUE WITH CONTENT
"Mengenal Maher Algadri, Tuan Rumah Pertemuan Koalisi Prabowo","Rabu, 01 Agu 2018 12:18 WIB",https://www.cnnindonesia.com/nasional/20180801103613-32-318566/mengenal-maher-algadri-tuan-rumah-pertemuan-koalisi-prabowo,ADVERTISEMENT SCROLL TO CONTINUE WITH CONTENT
Arifin Ilham Minta Abdul Somad Ikuti Rasul Jadi Pemimpin,"Rabu, 01 Agu 2018 11:48 WIB",https://www.cnnindonesia.com/nasional/20180801111742-32-318577/arifin-ilham-minta-abdul-somad-ikuti-rasul-jadi-pemimpin,ADVERTISEMENT SCROLL TO CONTINUE WITH CONTENT
Klaim Santai Koalisi Jokowi dan Sindiran Tegang Kubu Oposisi,"Rabu, 01 Agu 2018 09:43 WIB",https://www.cnnindonesia.com/nasional/20180801090329-32-318543/klaim-santai-koalisi-jokowi-dan-sindiran-tegang-kubu-oposisi,ADVERTISEMENT SCROLL TO CONTINUE WITH CONTENT
Isu HAM Diperkirakan Masih Seksi untuk Pilpres 2019,"Rabu, 01 Agu 2018 08:31 WIB",https://www.cnnindonesia.com/nasional/20180731211020-12-318492/isu-ham-diperkirakan-masih-seksi-untuk-pilpres-2019,ADVERTISEMENT SCROLL TO CONTINUE WITH CONTENT
Rocky Gerung Curiga Persekongkolan di Gugatan Ambang Batas,"Rabu, 01 Agu 2018 07:49 WIB",https://www.cnnindonesia.com/nasional/20180731204055-32-318506/rocky-gerung-curiga-persekongkolan-di-gugatan-ambang-batas,ADVERTISEMENT SCROLL TO CONTINUE WITH CONTENT
Fahri Sarankan Prabowo Temui Ustaz Abdul Somad,"Rabu, 01 Agu 2018 04:12 WIB",https://www.cnnindonesia.com/nasional/20180801041119-32-318518/fahri-sarankan-prabowo-temui-ustaz-abdul-somad,ADVERTISEMENT SCROLL TO CONTINUE WITH CONTENT
PAN Diminta Segera Tentukan Pilihan Dukungan Pilpres 2019,"Rabu, 01 Agu 2018 02:23 WIB",https://www.cnnindonesia.com/nasional/20180801021512-32-318515/pan-diminta-segera-tentukan-pilihan-dukungan-pilpres-2019,ADVERTISEMENT SCROLL TO CONTINUE WITH CONTENT
Prabowo Sebut Capres-Cawapres Hasil Ijtima Ulama Hanya Saran,"Rabu, 01 Agu 2018 00:58 WIB",https://www.cnnindonesia.com/nasional/20180801003951-32-318513/prabowo-sebut-capres-cawapres-hasil-ijtima-ulama-hanya-saran,ADVERTISEMENT SCROLL TO CONTINUE WITH CONTENT
"Gerindra, PKS, PAN Sepakat Buka Pintu Koalisi untuk Demokrat","Selasa, 31 Jul 2018 23:50 WIB",https://www.cnnindonesia.com/nasional/20180731233742-32-318511/gerindra-pks-pan-sepakat-buka-pintu-koalisi-untuk-demokrat,ADVERTISEMENT SCROLL TO CONTINUE WITH CONTENT
Jokowi Beri Arahan Khusus kepada Sembilan Sekjen Parpol,"Selasa, 31 Jul 2018 22:53 WIB",https://www.cnnindonesia.com/nasional/20180731215907-32-318502/jokowi-beri-arahan-khusus-kepada-sembilan-sekjen-parpol,ADVERTISEMENT SCROLL TO CONTINUE WITH CONTENT
PDIP Sebut Jokowi dan Koalisi Matangkan Nawacita Jilid Dua,"Selasa, 31 Jul 2018 22:25 WIB",https://www.cnnindonesia.com/nasional/20180731215432-32-318501/pdip-sebut-jokowi-dan-koalisi-matangkan-nawacita-jilid-dua,ADVERTISEMENT SCROLL TO CONTINUE WITH CONTENT
Jokowi Dampingi Kahiyang Lahiran Usai Bertemu Partai Koalisi,"Selasa, 31 Jul 2018 22:12 WIB",https://www.cnnindonesia.com/nasional/20180731215920-20-318505/jokowi-dampingi-kahiyang-lahiran-usai-bertemu-partai-koalisi,ADVERTISEMENT SCROLL TO CONTINUE WITH CONTENT
"Taipan Maher Algadri Tuan Rumah Pertemuan Prabowo, PAN, PKS","Selasa, 31 Jul 2018 21:13 WIB",https://www.cnnindonesia.com/nasional/20180731205413-32-318491/taipan-maher-algadri-tuan-rumah-pertemuan-prabowo-pan-pks,ADVERTISEMENT SCROLL TO CONTINUE WITH CONTENT
Untung Rugi Jokowi Jadi Petahana Presiden di Tahun Politik,"Selasa, 31 Jul 2018 20:40 WIB",https://www.cnnindonesia.com/nasional/20180731154425-32-318369/untung-rugi-jokowi-jadi-petahana-presiden-di-tahun-politik,ADVERTISEMENT SCROLL TO CONTINUE WITH CONTENT
"Pertemuan Prabowo, PKS, PAN Dihadiri Ketua PA 212","Selasa, 31 Jul 2018 20:33 WIB",https://www.cnnindonesia.com/nasional/20180731201927-32-318485/pertemuan-prabowo-pks-pan-dihadiri-ketua-pa-212,ADVERTISEMENT SCROLL TO CONTINUE WITH CONTENT
Fadli Zon Anggap Sampah Dokumen AS soal Prabowo Culik Aktivis,"Selasa, 31 Jul 2018 20:17 WIB",https://www.cnnindonesia.com/nasional/20180731191746-32-318463/fadli-zon-anggap-sampah-dokumen-as-soal-prabowo-culik-aktivis,ADVERTISEMENT SCROLL TO CONTINUE WITH CONTENT
Gelak Tawa Warnai Santap Malam Jokowi dan Sekjen Partai,"Selasa, 31 Jul 2018 19:54 WIB",https://www.cnnindonesia.com/nasional/20180731194245-32-318476/gelak-tawa-warnai-santap-malam-jokowi-dan-sekjen-partai,ADVERTISEMENT SCROLL TO CONTINUE WITH CONTENT
"Bantah SBY soal Angka Kemiskinan, JK Klaim Data BPS Valid","Selasa, 31 Jul 2018 19:42 WIB",https://www.cnnindonesia.com/nasional/20180731193217-32-318470/bantah-sby-soal-angka-kemiskinan-jk-klaim-data-bps-valid,ADVERTISEMENT SCROLL TO CONTINUE WITH CONTENT
Mencerna Definisi Si Miskin ala Jokowi VS SBY-Prabowo,"Selasa, 31 Jul 2018 19:41 WIB",https://www.cnnindonesia.com/ekonomi/20180731173203-532-318441/mencerna-definisi-si-miskin-ala-jokowi-vs-sby-prabowo,ADVERTISEMENT SCROLL TO CONTINUE WITH CONTENT
JK Yakin Putusan Uji Materi Cawapres Dipercepat,"Selasa, 31 Jul 2018 19:15 WIB",https://www.cnnindonesia.com/nasional/20180731185718-32-318461/jk-yakin-putusan-uji-materi-cawapres-dipercepat,ADVERTISEMENT SCROLL TO CONTINUE WITH CONTENT
Mahfud MD Akui Koalisi SBY-Prabowo Jadi Lawan Serius Jokowi,"Selasa, 31 Jul 2018 19:00 WIB",https://www.cnnindonesia.com/nasional/20180731165201-32-318452/mahfud-md-akui-koalisi-sby-prabowo-jadi-lawan-serius-jokowi,ADVERTISEMENT SCROLL TO CONTINUE WITH CONTENT
Jokowi Kumpulkan Sekjen Parpol Koalisi Bahas Timses Pilpres,"Selasa, 31 Jul 2018 18:17 WIB",https://www.cnnindonesia.com/nasional/20180731180846-32-318444/jokowi-kumpulkan-sekjen-parpol-koalisi-bahas-timses-pilpres,ADVERTISEMENT SCROLL TO CONTINUE WITH CONTENT
Prabowo: Nama Cawapres Sudah di Kantong,"Selasa, 31 Jul 2018 18:01 WIB",https://www.cnnindonesia.com/nasional/20180731175001-32-318438/prabowo-nama-cawapres-sudah-di-kantong,ADVERTISEMENT SCROLL TO CONTINUE WITH CONTENT
"Prabowo: Gerakan Ganti Presiden Biasa, Jangan Dibikin Heboh","Selasa, 31 Jul 2018 17:47 WIB",https://www.cnnindonesia.com/nasional/20180731174154-32-318431/prabowo-gerakan-ganti-presiden-biasa-jangan-dibikin-heboh,ADVERTISEMENT SCROLL TO CONTINUE WITH CONTENT
Mahfud MD soal Cawapres: Belum Ada Tawaran dari Jokowi,"Selasa, 31 Jul 2018 17:39 WIB",https://www.cnnindonesia.com/nasional/20180731160916-32-318384/mahfud-md-soal-cawapres-belum-ada-tawaran-dari-jokowi,ADVERTISEMENT SCROLL TO CONTINUE WITH CONTENT
"Prabowo, Zulhas, dan Sohibul Atur Strategi Politik Malam Ini","Selasa, 31 Jul 2018 17:29 WIB",https://www.cnnindonesia.com/nasional/20180731172426-32-318428/prabowo-zulhas-dan-sohibul-atur-strategi-politik-malam-ini,ADVERTISEMENT SCROLL TO CONTINUE WITH CONTENT
Demokrat: Prabowo Memohon SBY Jadi Mentornya,"Selasa, 31 Jul 2018 17:21 WIB",https://www.cnnindonesia.com/nasional/20180731165951-32-318427/demokrat-prabowo-memohon-sby-jadi-mentornya,ADVERTISEMENT SCROLL TO CONTINUE WITH CONTENT
NasDem Tantang Koalisi Prabowo Segera Umumkan Cawapres,"Selasa, 31 Jul 2018 17:12 WIB",https://www.cnnindonesia.com/nasional/20180731134723-32-318324/nasdem-tantang-koalisi-prabowo-segera-umumkan-cawapres,ADVERTISEMENT SCROLL TO CONTINUE WITH CONTENT
JK soal Koalisi SBY-Prabowo: Tak Ada Kawan dan Lawan Abadi,"Selasa, 31 Jul 2018 17:00 WIB",https://www.cnnindonesia.com/nasional/20180731162917-32-318406/jk-soal-koalisi-sby-prabowo-tak-ada-kawan-dan-lawan-abadi,ADVERTISEMENT SCROLL TO CONTINUE WITH CONTENT
Gelanggang SBY Atur Koalisi Demi Amankan Tiket Pilpres 2024,"Selasa, 31 Jul 2018 15:58 WIB",https://www.cnnindonesia.com/nasional/20180731084516-32-318260/gelanggang-sby-atur-koalisi-demi-amankan-tiket-pilpres-2024,ADVERTISEMENT SCROLL TO CONTINUE WITH CONTENT
"Temui Neno Warisman, Prabowo Usut Dugaan Persekusi di Batam","Selasa, 31 Jul 2018 15:35 WIB",https://www.cnnindonesia.com/nasional/20180731143745-32-318360/temui-neno-warisman-prabowo-usut-dugaan-persekusi-di-batam,ADVERTISEMENT SCROLL TO CONTINUE WITH CONTENT
Arah Koalisi PAN Ditentukan dalam Rakernas Pekan Ini,"Selasa, 31 Jul 2018 15:32 WIB",https://www.cnnindonesia.com/nasional/20180731134831-32-318335/arah-koalisi-pan-ditentukan-dalam-rakernas-pekan-ini,ADVERTISEMENT SCROLL TO CONTINUE WITH CONTENT
Fahri Hamzah Sarankan Jokowi Gandeng JK untuk Amankan Koalisi,"Selasa, 31 Jul 2018 14:56 WIB",https://www.cnnindonesia.com/nasional/20180731144200-32-318349/fahri-hamzah-sarankan-jokowi-gandeng-jk-untuk-amankan-koalisi,ADVERTISEMENT SCROLL TO CONTINUE WITH CONTENT
Istana: Belum Ada Kepala Daerah Izin ke Presiden Maju Pilpres,"Selasa, 31 Jul 2018 13:48 WIB",https://www.cnnindonesia.com/nasional/20180731131520-32-318315/istana-belum-ada-kepala-daerah-izin-ke-presiden-maju-pilpres,ADVERTISEMENT SCROLL TO CONTINUE WITH CONTENT
PPP Akui Jokowi Akan Bahas Pilpres Bareng Enam Sekjen Parpol,"Selasa, 31 Jul 2018 13:40 WIB",https://www.cnnindonesia.com/nasional/20180731132759-32-318316/ppp-akui-jokowi-akan-bahas-pilpres-bareng-enam-sekjen-parpol,ADVERTISEMENT SCROLL TO CONTINUE WITH CONTENT
Sandiaga Mundur dari Ketua Tim Pemenangan Pilpres Gerindra,"Selasa, 31 Jul 2018 13:24 WIB",https://www.cnnindonesia.com/nasional/20180731130330-32-318310/sandiaga-mundur-dari-ketua-tim-pemenangan-pilpres-gerindra,ADVERTISEMENT SCROLL TO CONTINUE WITH CONTENT
Menakar Kekuatan Politik Ulama di Pilpres 2019,"Selasa, 31 Jul 2018 12:13 WIB",https://www.cnnindonesia.com/nasional/20180731075158-32-318251/menakar-kekuatan-politik-ulama-di-pilpres-2019,ADVERTISEMENT SCROLL TO CONTINUE WITH CONTENT
Prabowo Temui Neno Warisman Sore Ini,"Selasa, 31 Jul 2018 11:05 WIB",https://www.cnnindonesia.com/nasional/20180731110046-32-318287/prabowo-temui-neno-warisman-sore-ini,ADVERTISEMENT SCROLL TO CONTINUE WITH CONTENT
Jokowi Undang Sekjen Partai Pendukung di Istana Nanti Malam,"Selasa, 31 Jul 2018 10:35 WIB",https://www.cnnindonesia.com/nasional/20180731094631-32-318271/jokowi-undang-sekjen-partai-pendukung-di-istana-nanti-malam,ADVERTISEMENT SCROLL TO CONTINUE WITH CONTENT
"Abdul Somad: Doakan Istiqomah, Jadi Ustaz Sampai Mati","Selasa, 31 Jul 2018 10:15 WIB",https://www.cnnindonesia.com/nasional/20180731092942-32-318263/abdul-somad-doakan-istiqomah-jadi-ustaz-sampai-mati,ADVERTISEMENT SCROLL TO CONTINUE WITH CONTENT
Prabowo Batal Bertemu Abdul Somad Hari Ini,"Selasa, 31 Jul 2018 09:54 WIB",https://www.cnnindonesia.com/nasional/20180731094933-32-318268/prabowo-batal-bertemu-abdul-somad-hari-ini,ADVERTISEMENT SCROLL TO CONTINUE WITH CONTENT
Koalisi Belum Pasti dan Gaya Komunikasi Politik SBY,"Selasa, 31 Jul 2018 09:22 WIB",https://www.cnnindonesia.com/nasional/20180730213037-32-318217/koalisi-belum-pasti-dan-gaya-komunikasi-politik-sby,ADVERTISEMENT SCROLL TO CONTINUE WITH CONTENT
Duet Tentara-Ulama: Komodifikasi Agama dan Demokrasi 'Jadul',"Selasa, 31 Jul 2018 08:11 WIB",https://www.cnnindonesia.com/nasional/20180731074115-32-318248/duet-tentara-ulama-komodifikasi-agama-dan-demokrasi-jadul,ADVERTISEMENT SCROLL TO CONTINUE WITH CONTENT
"Direkomendasikan Ulama, Prabowo-Abdul Somad Bertemu Hari Ini","Selasa, 31 Jul 2018 07:03 WIB",https://www.cnnindonesia.com/nasional/20180731064445-32-318242/direkomendasikan-ulama-prabowo-abdul-somad-bertemu-hari-ini,ADVERTISEMENT SCROLL TO CONTINUE WITH CONTENT
Demokrat Sebut Jokowi Versus Prabowo di 2019 Lebih Menarik,"Selasa, 31 Jul 2018 05:55 WIB",https://www.cnnindonesia.com/nasional/20180730212254-32-318220/demokrat-sebut-jokowi-versus-prabowo-di-2019-lebih-menarik,ADVERTISEMENT SCROLL TO CONTINUE WITH CONTENT
KPU Wajibkan Capres Beri Informasi yang Benar Saat Kampanye,"Selasa, 31 Jul 2018 04:28 WIB",https://www.cnnindonesia.com/nasional/20180731042442-32-318237/kpu-wajibkan-capres-beri-informasi-yang-benar-saat-kampanye,ADVERTISEMENT SCROLL TO CONTINUE WITH CONTENT
Kapolri: Jangan Ada yang Berkhianat Jelang Asian Games,"Selasa, 31 Jul 2018 03:19 WIB",https://www.cnnindonesia.com/nasional/20180731030918-20-318234/kapolri-jangan-ada-yang-berkhianat-jelang-asian-games,ADVERTISEMENT SCROLL TO CONTINUE WITH CONTENT
Demokrat Klaim Tak Incar Kekuasaan Saat Menjajaki Gerindra,"Selasa, 31 Jul 2018 02:58 WIB",https://www.cnnindonesia.com/nasional/20180731022104-32-318233/demokrat-klaim-tak-incar-kekuasaan-saat-menjajaki-gerindra,ADVERTISEMENT SCROLL TO CONTINUE WITH CONTENT
SBY: Visi-Misi Prabowo Harus Berorientasi Kepentingan Rakyat,"Selasa, 31 Jul 2018 01:49 WIB",https://www.cnnindonesia.com/nasional/20180731014256-32-318231/sby-visi-misi-prabowo-harus-berorientasi-kepentingan-rakyat,ADVERTISEMENT SCROLL TO CONTINUE WITH CONTENT
Fahri Sebut Pemilu 2019 'Ladang Pembantaian' Partai Kecil,"Selasa, 31 Jul 2018 00:46 WIB",https://www.cnnindonesia.com/nasional/20180730215916-32-318228/fahri-sebut-pemilu-2019-ladang-pembantaian-partai-kecil,ADVERTISEMENT SCROLL TO CONTINUE WITH CONTENT
SBY Sebut Banyak Pihak Salah Persepsi terhadap PKS,"Senin, 30 Jul 2018 23:40 WIB",https://www.cnnindonesia.com/nasional/20180730231323-32-318225/sby-sebut-banyak-pihak-salah-persepsi-terhadap-pks,ADVERTISEMENT SCROLL TO CONTINUE WITH CONTENT
SBY: Pemilu Bukan Bharatayuda untuk Saling Menghancurkan,"Senin, 30 Jul 2018 22:13 WIB",https://www.cnnindonesia.com/nasional/20180730215109-32-318222/sby-pemilu-bukan-bharatayuda-untuk-saling-menghancurkan,ADVERTISEMENT SCROLL TO CONTINUE WITH CONTENT
"PKS: Capres Sudah Disepakati, Tinggal Bahas Cawapres","Senin, 30 Jul 2018 21:55 WIB",https://www.cnnindonesia.com/nasional/20180730214733-32-318221/pks-capres-sudah-disepakati-tinggal-bahas-cawapres,ADVERTISEMENT SCROLL TO CONTINUE WITH CONTENT
Salim Segaf Siap Patuhi Ijtima Ulama Jadi Cawapres Prabowo,"Senin, 30 Jul 2018 20:04 WIB",https://www.cnnindonesia.com/nasional/20180730182802-32-318167/salim-segaf-siap-patuhi-ijtima-ulama-jadi-cawapres-prabowo,ADVERTISEMENT SCROLL TO CONTINUE WITH CONTENT
SBY Matangkan Arah Koalisi dengan PKS: Semoga Barokah,"Senin, 30 Jul 2018 20:00 WIB",https://www.cnnindonesia.com/nasional/20180730195230-32-318204/sby-matangkan-arah-koalisi-dengan-pks-semoga-barokah,ADVERTISEMENT SCROLL TO CONTINUE WITH CONTENT
Prabowo Berencana Temui Abdul Somad Besok,"Senin, 30 Jul 2018 19:58 WIB",https://www.cnnindonesia.com/nasional/20180730194644-32-318201/prabowo-berencana-temui-abdul-somad-besok,ADVERTISEMENT SCROLL TO CONTINUE WITH CONTENT
Amien Rais Tantang Nyali Jokowi Ambil Alih Blok Rokan,"Senin, 30 Jul 2018 19:27 WIB",https://www.cnnindonesia.com/nasional/20180730190225-32-318193/amien-rais-tantang-nyali-jokowi-ambil-alih-blok-rokan,ADVERTISEMENT SCROLL TO CONTINUE WITH CONTENT
Amien Rais Legawa Tak Ada Kader PAN Masuk Rekomendasi Ulama,"Senin, 30 Jul 2018 19:07 WIB",https://www.cnnindonesia.com/nasional/20180730184250-32-318182/amien-rais-legawa-tak-ada-kader-pan-masuk-rekomendasi-ulama,ADVERTISEMENT SCROLL TO CONTINUE WITH CONTENT
PPP: Terlalu Pagi Sebut Koalisi Demokrat-Gerindra Sudah Final,"Senin, 30 Jul 2018 18:50 WIB",https://www.cnnindonesia.com/nasional/20180730174515-32-318152/ppp-terlalu-pagi-sebut-koalisi-demokrat-gerindra-sudah-final,ADVERTISEMENT SCROLL TO CONTINUE WITH CONTENT
Demokrat Prediksi Muncul Tiga Nama Cawapres untuk Prabowo,"Senin, 30 Jul 2018 18:44 WIB",https://www.cnnindonesia.com/nasional/20180730183610-32-318168/demokrat-prediksi-muncul-tiga-nama-cawapres-untuk-prabowo,ADVERTISEMENT SCROLL TO CONTINUE WITH CONTENT
Anies Klaim Sudah Berdiskusi Soal Pilpres dengan Prabowo,"Senin, 30 Jul 2018 18:32 WIB",https://www.cnnindonesia.com/nasional/20180730173603-32-318148/anies-klaim-sudah-berdiskusi-soal-pilpres-dengan-prabowo,ADVERTISEMENT SCROLL TO CONTINUE WITH CONTENT
"PKS Terima Hasil Ijtimak Ulama, Cawapres Terserah Prabowo","Senin, 30 Jul 2018 18:17 WIB",https://www.cnnindonesia.com/nasional/20180730175518-32-318154/pks-terima-hasil-ijtimak-ulama-cawapres-terserah-prabowo,ADVERTISEMENT SCROLL TO CONTINUE WITH CONTENT
SBY dan Sohibul Iman Kaji Opsi Duet Prabowo-Salim Segaf,"Senin, 30 Jul 2018 17:43 WIB",https://www.cnnindonesia.com/nasional/20180730173149-32-318147/sby-dan-sohibul-iman-kaji-opsi-duet-prabowo-salim-segaf,ADVERTISEMENT SCROLL TO CONTINUE WITH CONTENT
"Dilarang KPU, Sandi Siap Mundur dari Ketua Tim Kampanye","Senin, 30 Jul 2018 17:16 WIB",https://www.cnnindonesia.com/nasional/20180730171019-32-318139/dilarang-kpu-sandi-siap-mundur-dari-ketua-tim-kampanye,ADVERTISEMENT SCROLL TO CONTINUE WITH CONTENT
"Fahri Soal Prabowo-AHY: Enggak Ada 'Bohir', Enggak Jalan","Senin, 30 Jul 2018 17:02 WIB",https://www.cnnindonesia.com/nasional/20180730164524-32-318122/fahri-soal-prabowo-ahy-enggak-ada-bohir-enggak-jalan,ADVERTISEMENT SCROLL TO CONTINUE WITH CONTENT
"SBY-Prabowo Bertemu, AHY Berharap Jadi Cawapres","Senin, 30 Jul 2018 16:19 WIB",https://www.cnnindonesia.com/nasional/20180730152531-32-318110/sby-prabowo-bertemu-ahy-berharap-jadi-cawapres,ADVERTISEMENT SCROLL TO CONTINUE WITH CONTENT
"Penjajakan Koalisi Berlanjut, Prabowo Tiba di Markas PKS","Senin, 30 Jul 2018 16:03 WIB",https://www.cnnindonesia.com/nasional/20180730155058-32-318113/penjajakan-koalisi-berlanjut-prabowo-tiba-di-markas-pks,ADVERTISEMENT SCROLL TO CONTINUE WITH CONTENT
"Ungkit Kisah Nabi Yunus, Amien Bujuk Abdul Somad Cawapres","Senin, 30 Jul 2018 15:40 WIB",https://www.cnnindonesia.com/nasional/20180730152640-32-318106/ungkit-kisah-nabi-yunus-amien-bujuk-abdul-somad-cawapres,ADVERTISEMENT SCROLL TO CONTINUE WITH CONTENT
Djan Faridz Mundur dari Jabatan Ketum PPP Muktamar Jakarta,"Senin, 30 Jul 2018 15:15 WIB",https://www.cnnindonesia.com/nasional/20180730151110-32-318102/djan-faridz-mundur-dari-jabatan-ketum-ppp-muktamar-jakarta,ADVERTISEMENT SCROLL TO CONTINUE WITH CONTENT
Netizen Ramaikan Prabowo Capres di Twitter,"Senin, 30 Jul 2018 15:06 WIB",https://www.cnnindonesia.com/teknologi/20180730145633-192-318097/netizen-ramaikan-prabowo-capres-di-twitter,ADVERTISEMENT SCROLL TO CONTINUE WITH CONTENT
Prabowo Bangga Punya DNA yang Sama dengan SBY,"Senin, 30 Jul 2018 14:24 WIB",https://www.cnnindonesia.com/nasional/20180730141100-32-318068/prabowo-bangga-punya-dna-yang-sama-dengan-sby,ADVERTISEMENT SCROLL TO CONTINUE WITH CONTENT
SBY: Prabowo Calon Presiden Kita,"Senin, 30 Jul 2018 14:23 WIB",https://www.cnnindonesia.com/nasional/20180730141430-32-318071/sby-prabowo-calon-presiden-kita,ADVERTISEMENT SCROLL TO CONTINUE WITH CONTENT
"SBY: Jangan Muluk-Muluk Janjinya, Nanti Rakyat Ingat Terus","Senin, 30 Jul 2018 14:17 WIB",https://www.cnnindonesia.com/nasional/20180730140522-32-318067/sby-jangan-muluk-muluk-janjinya-nanti-rakyat-ingat-terus,ADVERTISEMENT SCROLL TO CONTINUE WITH CONTENT
"SBY Tak Titip Nama, Cawapres Ada di Tangan Prabowo","Senin, 30 Jul 2018 14:11 WIB",https://www.cnnindonesia.com/nasional/20180730133307-32-318061/sby-tak-titip-nama-cawapres-ada-di-tangan-prabowo,ADVERTISEMENT SCROLL TO CONTINUE WITH CONTENT
"Belum Tegas soal Koalisi, SBY Sebut 'Pintu Makin Lebar'","Senin, 30 Jul 2018 14:04 WIB",https://www.cnnindonesia.com/nasional/20180730134906-32-318060/belum-tegas-soal-koalisi-sby-sebut-pintu-makin-lebar,ADVERTISEMENT SCROLL TO CONTINUE WITH CONTENT
Prabowo-SBY Sepakat Kerja Sama Politik dalam Koalisi,"Senin, 30 Jul 2018 13:35 WIB",https://www.cnnindonesia.com/nasional/20180730125748-32-318049/prabowo-sby-sepakat-kerja-sama-politik-dalam-koalisi,ADVERTISEMENT SCROLL TO CONTINUE WITH CONTENT
"PA 212 soal Prabowo-UAS: Insya Allah Menang 88,89 Persen","Senin, 30 Jul 2018 13:33 WIB",https://www.cnnindonesia.com/nasional/20180730132131-32-318055/pa-212-soal-prabowo-uas-insya-allah-menang-8889-persen,ADVERTISEMENT SCROLL TO CONTINUE WITH CONTENT
Prabowo Konsultasikan Hasil Ijtima Ulama ke NU-Muhammadiyah,"Senin, 30 Jul 2018 13:25 WIB",https://www.cnnindonesia.com/nasional/20180730125438-32-318047/prabowo-konsultasikan-hasil-ijtima-ulama-ke-nu-muhammadiyah,ADVERTISEMENT SCROLL TO CONTINUE WITH CONTENT
"KPU Terbitkan Aturan, Sandi Tak Bisa Jadi Ketua Tim Kampanye","Senin, 30 Jul 2018 12:46 WIB",https://www.cnnindonesia.com/nasional/20180730113851-32-318009/kpu-terbitkan-aturan-sandi-tak-bisa-jadi-ketua-tim-kampanye,ADVERTISEMENT SCROLL TO CONTINUE WITH CONTENT
SBY dan Prabowo Akan Datangi PKS Bahas Hasil Ijtima Ulama,"Senin, 30 Jul 2018 12:31 WIB",https://www.cnnindonesia.com/nasional/20180730120914-32-318025/sby-dan-prabowo-akan-datangi-pks-bahas-hasil-ijtima-ulama,ADVERTISEMENT SCROLL TO CONTINUE WITH CONTENT
Rizal Ramli Ngopi Bareng Anies: Indonesia Masih Belum Jelas,"Senin, 30 Jul 2018 12:04 WIB",https://www.cnnindonesia.com/nasional/20180730115833-32-318019/rizal-ramli-ngopi-bareng-anies-indonesia-masih-belum-jelas,ADVERTISEMENT SCROLL TO CONTINUE WITH CONTENT
Kader Demokrat Sebut SBY-Prabowo Sepakat Berkoalisi,"Senin, 30 Jul 2018 11:37 WIB",https://www.cnnindonesia.com/nasional/20180730112636-32-317994/kader-demokrat-sebut-sby-prabowo-sepakat-berkoalisi,ADVERTISEMENT SCROLL TO CONTINUE WITH CONTENT
AHY Tak Ikut SBY Bertandang ke Rumah Prabowo,"Senin, 30 Jul 2018 11:21 WIB",https://www.cnnindonesia.com/nasional/20180730111457-32-317990/ahy-tak-ikut-sby-bertandang-ke-rumah-prabowo,ADVERTISEMENT SCROLL TO CONTINUE WITH CONTENT
"Prabowo Sambut SBY, Langsung Lakukan Pertemuan Tertutup","Senin, 30 Jul 2018 10:33 WIB",https://www.cnnindonesia.com/nasional/20180730102139-32-317981/prabowo-sambut-sby-langsung-lakukan-pertemuan-tertutup,ADVERTISEMENT SCROLL TO CONTINUE WITH CONTENT
"Prabowo-SBY Bertemu, Rencana Koalisi Diharapkan Mengerucut","Senin, 30 Jul 2018 08:53 WIB",https://www.cnnindonesia.com/nasional/20180730084543-32-317960/prabowo-sby-bertemu-rencana-koalisi-diharapkan-mengerucut,ADVERTISEMENT SCROLL TO CONTINUE WITH CONTENT
"Kapitra Tantang Oposisi Usung Capres Ulama, Bukan Prabowo","Senin, 30 Jul 2018 06:31 WIB",https://www.cnnindonesia.com/nasional/20180729205929-32-317913/kapitra-tantang-oposisi-usung-capres-ulama-bukan-prabowo,ADVERTISEMENT SCROLL TO CONTINUE WITH CONTENT
"Sorot Tolak Neno di Batam, Eggi Sebut Pendukung Jokowi Panik","Senin, 30 Jul 2018 02:35 WIB",https://www.cnnindonesia.com/nasional/20180729235432-20-317918/sorot-tolak-neno-di-batam-eggi-sebut-pendukung-jokowi-panik,ADVERTISEMENT SCROLL TO CONTINUE WITH CONTENT
Kapitra: Habieb Rizieq Tak Boleh Tolak Amanat Nyapres,"Minggu, 29 Jul 2018 23:37 WIB",https://www.cnnindonesia.com/nasional/20180729232858-20-317917/kapitra-habieb-rizieq-tak-boleh-tolak-amanat-nyapres,ADVERTISEMENT SCROLL TO CONTINUE WITH CONTENT
Prabowo Kumpulkan DPP & DPD Bahas Cawapres Hasil Ijtima Ulama,"Minggu, 29 Jul 2018 23:09 WIB",https://www.cnnindonesia.com/nasional/20180729230419-32-317916/prabowo-kumpulkan-dpp-dpd-bahas-cawapres-hasil-ijtima-ulama,ADVERTISEMENT SCROLL TO CONTINUE WITH CONTENT
"Batal Bertemu SBY, Prabowo Kumpulkan Dewan Pembina Gerindra","Minggu, 29 Jul 2018 20:45 WIB",https://www.cnnindonesia.com/nasional/20180729204021-32-317909/batal-bertemu-sby-prabowo-kumpulkan-dewan-pembina-gerindra,ADVERTISEMENT SCROLL TO CONTINUE WITH CONTENT
Prabowo: Indonesia Sedang Sakit,"Minggu, 29 Jul 2018 20:31 WIB",https://www.cnnindonesia.com/nasional/20180729193214-32-317903/prabowo-indonesia-sedang-sakit,ADVERTISEMENT SCROLL TO CONTINUE WITH CONTENT
"Dukung Jokowi, Kapitra Tak Rela Pemerintahan Dirombak Prabowo","Minggu, 29 Jul 2018 18:41 WIB",https://www.cnnindonesia.com/nasional/20180729183252-32-317897/dukung-jokowi-kapitra-tak-rela-pemerintahan-dirombak-prabowo,ADVERTISEMENT SCROLL TO CONTINUE WITH CONTENT
Prabowo dan Anies Meriahkan Peresmian Roemah Djoeang,"Minggu, 29 Jul 2018 18:18 WIB",https://www.cnnindonesia.com/nasional/20180729181234-32-317896/prabowo-dan-anies-meriahkan-peresmian-roemah-djoeang,ADVERTISEMENT SCROLL TO CONTINUE WITH CONTENT
"Pertemuan SBY-Prabowo Ditunda, Nasi Goreng Batal Dihidangkan","Minggu, 29 Jul 2018 17:58 WIB",https://www.cnnindonesia.com/nasional/20180729175253-32-317893/pertemuan-sby-prabowo-ditunda-nasi-goreng-batal-dihidangkan,ADVERTISEMENT SCROLL TO CONTINUE WITH CONTENT
Abdul Somad Dukung Prabowo-Salim Jadi Duet Maut Tentara-Ulama,"Minggu, 29 Jul 2018 17:11 WIB",https://www.cnnindonesia.com/nasional/20180729164715-32-317886/abdul-somad-dukung-prabowo-salim-jadi-duet-maut-tentara-ulama,ADVERTISEMENT SCROLL TO CONTINUE WITH CONTENT
Kapitra: Ijtima Ulama Kecewakan Umat Islam Tak Usung Rizieq,"Minggu, 29 Jul 2018 16:30 WIB",https://www.cnnindonesia.com/nasional/20180729150151-32-317874/kapitra-ijtima-ulama-kecewakan-umat-islam-tak-usung-rizieq,ADVERTISEMENT SCROLL TO CONTINUE WITH CONTENT
Ijtima Ulama: Rizieq Shihab Tak Mau Memaksa Maju Pilpres 2019,"Minggu, 29 Jul 2018 15:45 WIB",https://www.cnnindonesia.com/nasional/20180729143640-32-317870/ijtima-ulama-rizieq-shihab-tak-mau-memaksa-maju-pilpres-2019,ADVERTISEMENT SCROLL TO CONTINUE WITH CONTENT
SBY dan Prabowo Matangkan Arah Koalisi Malam Ini,"Minggu, 29 Jul 2018 15:08 WIB",https://www.cnnindonesia.com/nasional/20180729145701-32-317872/sby-dan-prabowo-matangkan-arah-koalisi-malam-ini,ADVERTISEMENT SCROLL TO CONTINUE WITH CONTENT
Amien Rais Andalkan Prabowo-Abdul Somad Tumbangkan Jokowi,"Minggu, 29 Jul 2018 14:49 WIB",https://www.cnnindonesia.com/nasional/20180729144054-32-317871/amien-rais-andalkan-prabowo-abdul-somad-tumbangkan-jokowi,ADVERTISEMENT SCROLL TO CONTINUE WITH CONTENT
Kapitra: Abdul Somad Cuma 'Cover' untuk Dongkrak Nama Prabowo,"Minggu, 29 Jul 2018 14:37 WIB",https://www.cnnindonesia.com/nasional/20180729142953-32-317869/kapitra-abdul-somad-cuma-cover-untuk-dongkrak-nama-prabowo,ADVERTISEMENT SCROLL TO CONTINUE WITH CONTENT
Ijtima Ulama Rekomendasikan Duet Capres Prabowo-Abdul Somad,"Minggu, 29 Jul 2018 12:24 WIB",https://www.cnnindonesia.com/nasional/20180729115834-32-317830/ijtima-ulama-rekomendasikan-duet-capres-prabowo-abdul-somad,ADVERTISEMENT SCROLL TO CONTINUE WITH CONTENT
Ali Mochtar Ngabalin Minta Fadli Zon Perbaiki Akhlak,"Minggu, 29 Jul 2018 03:27 WIB",https://www.cnnindonesia.com/nasional/20180729031801-32-317796/ali-mochtar-ngabalin-minta-fadli-zon-perbaiki-akhlak,ADVERTISEMENT SCROLL TO CONTINUE WITH CONTENT
"Bandingkan dengan Jokowi, Nusron Sindir SBY Kerap Mengeluh","Minggu, 29 Jul 2018 02:55 WIB",https://www.cnnindonesia.com/nasional/20180729025537-32-317795/bandingkan-dengan-jokowi-nusron-sindir-sby-kerap-mengeluh,ADVERTISEMENT SCROLL TO CONTINUE WITH CONTENT
Respons PDIP atas Forum Ijtima Ulama soal Ganti Presiden,"Minggu, 29 Jul 2018 02:50 WIB",https://www.cnnindonesia.com/nasional/20180729024213-20-317794/respons-pdip-atas-forum-ijtima-ulama-soal-ganti-presiden,ADVERTISEMENT SCROLL TO CONTINUE WITH CONTENT
Golkar Optimis JK Tetap Bantu Jokowi Meski Tak Jadi Cawapres,"Minggu, 29 Jul 2018 01:58 WIB",https://www.cnnindonesia.com/nasional/20180729014236-32-317792/golkar-optimis-jk-tetap-bantu-jokowi-meski-tak-jadi-cawapres,ADVERTISEMENT SCROLL TO CONTINUE WITH CONTENT
"TGB Merapat ke Jokowi, GNPF Tak Rugi Karena Punya Aher","Minggu, 29 Jul 2018 00:53 WIB",https://www.cnnindonesia.com/nasional/20180728181425-32-317759/tgb-merapat-ke-jokowi-gnpf-tak-rugi-karena-punya-aher,ADVERTISEMENT SCROLL TO CONTINUE WITH CONTENT
Demokrat Tak Masalah SBY Tidak Diundang di Ijtima Ulama,"Sabtu, 28 Jul 2018 23:59 WIB",https://www.cnnindonesia.com/nasional/20180728235145-20-317790/demokrat-tak-masalah-sby-tidak-diundang-di-ijtima-ulama,ADVERTISEMENT SCROLL TO CONTINUE WITH CONTENT
Yusuf Supendi Ingin Koordinasikan 1000 Ulama Bertemu Jokowi,"Sabtu, 28 Jul 2018 23:24 WIB",https://www.cnnindonesia.com/nasional/20180728214354-32-317787/yusuf-supendi-ingin-koordinasikan-1000-ulama-bertemu-jokowi,ADVERTISEMENT SCROLL TO CONTINUE WITH CONTENT
Alumni UGM Bentuk Relawan Dukung Jokowi,"Sabtu, 28 Jul 2018 21:14 WIB",https://www.cnnindonesia.com/nasional/20180728204212-32-317784/alumni-ugm-bentuk-relawan-dukung-jokowi,ADVERTISEMENT SCROLL TO CONTINUE WITH CONTENT
"Ngabalin: Ulama Representasi Nabi, Jangan Dibawa ke Politik","Sabtu, 28 Jul 2018 20:27 WIB",https://www.cnnindonesia.com/nasional/20180728191335-32-317775/ngabalin-ulama-representasi-nabi-jangan-dibawa-ke-politik,ADVERTISEMENT SCROLL TO CONTINUE WITH CONTENT
"Soal AHY, GNPF Minta SBY Contoh Megawati atau Tiru Sandiaga","Sabtu, 28 Jul 2018 19:15 WIB",https://www.cnnindonesia.com/nasional/20180728185820-32-317770/soal-ahy-gnpf-minta-sby-contoh-megawati-atau-tiru-sandiaga,ADVERTISEMENT SCROLL TO CONTINUE WITH CONTENT
"Isu Ekonomi, Peluru dari Oposisi untuk Jokowi Jelang Pilpres","Sabtu, 28 Jul 2018 18:25 WIB",https://www.cnnindonesia.com/nasional/20180728153520-32-317738/isu-ekonomi-peluru-dari-oposisi-untuk-jokowi-jelang-pilpres,ADVERTISEMENT SCROLL TO CONTINUE WITH CONTENT
"Kriteria Capres Ijtima Ulama, Islam dan Berpihak pada Pribumi","Sabtu, 28 Jul 2018 17:17 WIB",https://www.cnnindonesia.com/nasional/20180728160527-32-317741/kriteria-capres-ijtima-ulama-islam-dan-berpihak-pada-pribumi,ADVERTISEMENT SCROLL TO CONTINUE WITH CONTENT
"Pilpres 2019, Isu HAM dan Momentum Prabowo Bersihkan Nama","Sabtu, 28 Jul 2018 15:06 WIB",https://www.cnnindonesia.com/nasional/20180728134536-32-317719/pilpres-2019-isu-ham-dan-momentum-prabowo-bersihkan-nama,ADVERTISEMENT SCROLL TO CONTINUE WITH CONTENT
"Jokowi Santap Siang Bersama Ketum Perindo, PSI, PKPI","Sabtu, 28 Jul 2018 14:08 WIB",https://www.cnnindonesia.com/nasional/20180728135424-32-317720/jokowi-santap-siang-bersama-ketum-perindo-psi-pkpi,ADVERTISEMENT SCROLL TO CONTINUE WITH CONTENT
"Belum 'Sowan' ke Rizieq, SBY Tak Diundang ke Ijtima Ulama","Sabtu, 28 Jul 2018 13:44 WIB",https://www.cnnindonesia.com/nasional/20180728132950-32-317717/belum-sowan-ke-rizieq-sby-tak-diundang-ke-ijtima-ulama,ADVERTISEMENT SCROLL TO CONTINUE WITH CONTENT
Panggung 'Drama' SBY dan Upaya 'Menjual' AHY di Pilpres 2019,"Sabtu, 28 Jul 2018 12:14 WIB",https://www.cnnindonesia.com/nasional/20180727205846-32-317625/panggung-drama-sby-dan-upaya-menjual-ahy-di-pilpres-2019,ADVERTISEMENT SCROLL TO CONTINUE WITH CONTENT
KPU Tunggu Putusan MK Terkait Masa Jabatan Wapres,"Sabtu, 28 Jul 2018 05:35 WIB",https://www.cnnindonesia.com/nasional/20180728050716-32-317650/kpu-tunggu-putusan-mk-terkait-masa-jabatan-wapres,ADVERTISEMENT SCROLL TO CONTINUE WITH CONTENT
"Izin Jatuh Tempo Lewat, Anies Disebut Masih Bisa Nyapres","Sabtu, 28 Jul 2018 05:07 WIB",https://www.cnnindonesia.com/nasional/20180727160242-32-317510/izin-jatuh-tempo-lewat-anies-disebut-masih-bisa-nyapres,ADVERTISEMENT SCROLL TO CONTINUE WITH CONTENT
KPU Larang Caleg Maju Jadi Capres,"Sabtu, 28 Jul 2018 04:57 WIB",https://www.cnnindonesia.com/nasional/20180728042918-32-317649/kpu-larang-caleg-maju-jadi-capres,ADVERTISEMENT SCROLL TO CONTINUE WITH CONTENT
GNPF Disebut Dorong Prabowo Hingga Zulhas Maju Pilpres 2019,"Sabtu, 28 Jul 2018 04:35 WIB",https://www.cnnindonesia.com/nasional/20180727165848-32-317543/gnpf-disebut-dorong-prabowo-hingga-zulhas-maju-pilpres-2019,ADVERTISEMENT SCROLL TO CONTINUE WITH CONTENT
PKS Sebut Komposisi Capres-Cawapres Masih Terus Berubah,"Sabtu, 28 Jul 2018 03:17 WIB",https://www.cnnindonesia.com/nasional/20180728030957-32-317646/pks-sebut-komposisi-capres-cawapres-masih-terus-berubah,ADVERTISEMENT SCROLL TO CONTINUE WITH CONTENT
Presiden PKS Sohibul Pastikan Bertemu SBY Senin Pekan Depan,"Sabtu, 28 Jul 2018 02:23 WIB",https://www.cnnindonesia.com/nasional/20180728021430-32-317645/presiden-pks-sohibul-pastikan-bertemu-sby-senin-pekan-depan,ADVERTISEMENT SCROLL TO CONTINUE WITH CONTENT
Partai Berkarya Fokus Pileg Ketimbang Pilpres,"Sabtu, 28 Jul 2018 01:30 WIB",https://www.cnnindonesia.com/nasional/20180728012029-32-317643/partai-berkarya-fokus-pileg-ketimbang-pilpres,ADVERTISEMENT SCROLL TO CONTINUE WITH CONTENT
PKS Harap Presiden Wapres Bisa Wakili Nasionalis dan Religius,"Sabtu, 28 Jul 2018 00:58 WIB",https://www.cnnindonesia.com/nasional/20180728003950-32-317641/pks-harap-presiden-wapres-bisa-wakili-nasionalis-dan-religius,ADVERTISEMENT SCROLL TO CONTINUE WITH CONTENT
"Di Depan Ulama, Prabowo Siap Jadi Alat Perubahan","Jumat, 27 Jul 2018 22:54 WIB",https://www.cnnindonesia.com/nasional/20180727221421-32-317635/di-depan-ulama-prabowo-siap-jadi-alat-perubahan,ADVERTISEMENT SCROLL TO CONTINUE WITH CONTENT
"Prabowo Sebut Koalisi Gerindra, PKS, PAN Sudah 'De Facto'","Jumat, 27 Jul 2018 22:34 WIB",https://www.cnnindonesia.com/nasional/20180727222736-32-317633/prabowo-sebut-koalisi-gerindra-pks-pan-sudah-de-facto,ADVERTISEMENT SCROLL TO CONTINUE WITH CONTENT
Rizieq: Jangan Khawatir soal Elektabilitas dan Logistik,"Jumat, 27 Jul 2018 22:02 WIB",https://www.cnnindonesia.com/nasional/20180727214530-32-317629/rizieq-jangan-khawatir-soal-elektabilitas-dan-logistik,ADVERTISEMENT SCROLL TO CONTINUE WITH CONTENT
Rizieq Minta Umat Belajar dari Pilkada DKI di Pilpres,"Jumat, 27 Jul 2018 21:53 WIB",https://www.cnnindonesia.com/nasional/20180727214150-32-317627/rizieq-minta-umat-belajar-dari-pilkada-dki-di-pilpres,ADVERTISEMENT SCROLL TO CONTINUE WITH CONTENT
"Ingin 2019 Ganti Presiden, Jubir HTI Hadiri Ijtima Ulama","Jumat, 27 Jul 2018 19:45 WIB",https://www.cnnindonesia.com/nasional/20180727193944-12-317577/ingin-2019-ganti-presiden-jubir-hti-hadiri-ijtima-ulama,ADVERTISEMENT SCROLL TO CONTINUE WITH CONTENT
Lima Ketum Parpol Akan Pidato di Forum Ijtima Ulama,"Jumat, 27 Jul 2018 19:12 WIB",https://www.cnnindonesia.com/nasional/20180727190111-32-317567/lima-ketum-parpol-akan-pidato-di-forum-ijtima-ulama,ADVERTISEMENT SCROLL TO CONTINUE WITH CONTENT
GNPF Gelar Ijtima Ulama Dorong Deklarasi Koalisi Keumatan,"Jumat, 27 Jul 2018 17:09 WIB",https://www.cnnindonesia.com/nasional/20180727163244-32-317527/gnpf-gelar-ijtima-ulama-dorong-deklarasi-koalisi-keumatan,ADVERTISEMENT SCROLL TO CONTINUE WITH CONTENT
"Jumpa Prabowo Hari Ini, PKS Tetap Perjuangkan Posisi Cawapres","Jumat, 27 Jul 2018 15:04 WIB",https://www.cnnindonesia.com/nasional/20180727140147-32-317458/jumpa-prabowo-hari-ini-pks-tetap-perjuangkan-posisi-cawapres,ADVERTISEMENT SCROLL TO CONTINUE WITH CONTENT
PKS Sarankan AHY Jadi Menteri Dulu Ketimbang Cawapres,"Jumat, 27 Jul 2018 13:17 WIB",https://www.cnnindonesia.com/nasional/20180727130145-32-317421/pks-sarankan-ahy-jadi-menteri-dulu-ketimbang-cawapres,ADVERTISEMENT SCROLL TO CONTINUE WITH CONTENT
"Diduga Halangi Penegakan Hukum, Twitter Trump Diselidiki","Jumat, 27 Jul 2018 12:05 WIB",https://www.cnnindonesia.com/internasional/20180727114239-134-317410/diduga-halangi-penegakan-hukum-twitter-trump-diselidiki,ADVERTISEMENT SCROLL TO CONTINUE WITH CONTENT
"Isu Penculikan Aktivis, Risiko Politik Prabowo Jelang Pilpres","Jumat, 27 Jul 2018 11:08 WIB",https://www.cnnindonesia.com/nasional/20180727105003-32-317397/isu-penculikan-aktivis-risiko-politik-prabowo-jelang-pilpres,ADVERTISEMENT SCROLL TO CONTINUE WITH CONTENT
"PDIP Jawab Demokrat, Puan Diklaim Lebih Disukai daripada AHY","Jumat, 27 Jul 2018 10:50 WIB",https://www.cnnindonesia.com/nasional/20180727072006-32-317366/pdip-jawab-demokrat-puan-diklaim-lebih-disukai-daripada-ahy,ADVERTISEMENT SCROLL TO CONTINUE WITH CONTENT
Kegamangan Koalisi Oposisi dan Pergulatan Cawapres Prabowo,"Jumat, 27 Jul 2018 07:52 WIB",https://www.cnnindonesia.com/nasional/20180726140851-32-317165/kegamangan-koalisi-oposisi-dan-pergulatan-cawapres-prabowo,ADVERTISEMENT SCROLL TO CONTINUE WITH CONTENT
PDIP Jamin Koalisi Jokowi Solid Usai Pertemuan SBY-Prabowo,"Jumat, 27 Jul 2018 05:08 WIB",https://www.cnnindonesia.com/nasional/20180726204901-32-317339/pdip-jamin-koalisi-jokowi-solid-usai-pertemuan-sby-prabowo,ADVERTISEMENT SCROLL TO CONTINUE WITH CONTENT
Cak Imin Berharap Pekan Ini Jokowi Tentukan Cawapres,"Jumat, 27 Jul 2018 04:30 WIB",https://www.cnnindonesia.com/nasional/20180726142523-32-317170/cak-imin-berharap-pekan-ini-jokowi-tentukan-cawapres,ADVERTISEMENT SCROLL TO CONTINUE WITH CONTENT
Gugatan Syarat Cawapres Diibaratkan Membuka Kotak Pandora,"Jumat, 27 Jul 2018 04:01 WIB",https://www.cnnindonesia.com/nasional/20180726164610-32-317278/gugatan-syarat-cawapres-diibaratkan-membuka-kotak-pandora,ADVERTISEMENT SCROLL TO CONTINUE WITH CONTENT
PKS Buka Pintu Koalisi Asal Demokrat Tak Minta Jatah Cawapres,"Jumat, 27 Jul 2018 03:15 WIB",https://www.cnnindonesia.com/nasional/20180726235551-32-317352/pks-buka-pintu-koalisi-asal-demokrat-tak-minta-jatah-cawapres,ADVERTISEMENT SCROLL TO CONTINUE WITH CONTENT
Fadli Nilai Gugatan Masa Jabatan Wapres Bisa Rusak Konstitusi,"Kamis, 26 Jul 2018 23:40 WIB",https://www.cnnindonesia.com/nasional/20180726142327-32-317198/fadli-nilai-gugatan-masa-jabatan-wapres-bisa-rusak-konstitusi,ADVERTISEMENT SCROLL TO CONTINUE WITH CONTENT
"Soal Cawapres, Akbar Tandjung Pilih Airlangga Ketimbang JK","Kamis, 26 Jul 2018 23:00 WIB",https://www.cnnindonesia.com/nasional/20180726225519-32-317350/soal-cawapres-akbar-tandjung-pilih-airlangga-ketimbang-jk,ADVERTISEMENT SCROLL TO CONTINUE WITH CONTENT
Amien Rais Yakin JK Tak Mungkin Kembali Jadi Cawapres Jokowi,"Kamis, 26 Jul 2018 22:50 WIB",https://www.cnnindonesia.com/nasional/20180726163706-32-317254/amien-rais-yakin-jk-tak-mungkin-kembali-jadi-cawapres-jokowi,ADVERTISEMENT SCROLL TO CONTINUE WITH CONTENT
Pakar: Wajar Jika AHY Dipilih Jadi Cawapres Prabowo,"Kamis, 26 Jul 2018 22:38 WIB",https://www.cnnindonesia.com/nasional/20180726172430-32-317276/pakar-wajar-jika-ahy-dipilih-jadi-cawapres-prabowo,ADVERTISEMENT SCROLL TO CONTINUE WITH CONTENT
Hasto: PDIP Selalu Dukung Arah Koalisi dari Jokowi,"Kamis, 26 Jul 2018 22:27 WIB",https://www.cnnindonesia.com/nasional/20180726212313-32-317344/hasto-pdip-selalu-dukung-arah-koalisi-dari-jokowi,ADVERTISEMENT SCROLL TO CONTINUE WITH CONTENT
AHY Dianggap Mampu Jembatani Prabowo dan Generasi Milenial,"Kamis, 26 Jul 2018 21:10 WIB",https://www.cnnindonesia.com/nasional/20180726203312-32-317331/ahy-dianggap-mampu-jembatani-prabowo-dan-generasi-milenial,ADVERTISEMENT SCROLL TO CONTINUE WITH CONTENT
Jejak Retak dan Luka Lama Hubungan SBY-Megawati,"Kamis, 26 Jul 2018 20:14 WIB",https://www.cnnindonesia.com/nasional/20180726170111-32-317256/jejak-retak-dan-luka-lama-hubungan-sby-megawati,ADVERTISEMENT SCROLL TO CONTINUE WITH CONTENT
Masinton Bela Mendagri soal Yel-yel Jokowi Dua Periode,"Kamis, 26 Jul 2018 19:53 WIB",https://www.cnnindonesia.com/nasional/20180726183443-20-317294/masinton-bela-mendagri-soal-yel-yel-jokowi-dua-periode,ADVERTISEMENT SCROLL TO CONTINUE WITH CONTENT
"Siap Jadi Cawapres, Ma'ruf Akui Belum Dapat Tawaran Jokowi","Kamis, 26 Jul 2018 17:32 WIB",https://www.cnnindonesia.com/nasional/20180726154847-32-317213/siap-jadi-cawapres-maruf-akui-belum-dapat-tawaran-jokowi,ADVERTISEMENT SCROLL TO CONTINUE WITH CONTENT
"Di Depan Ulama, Jokowi Tak Ingin Pemilu Rusak Persaudaraan","Kamis, 26 Jul 2018 14:40 WIB",https://www.cnnindonesia.com/nasional/20180726131615-32-317138/di-depan-ulama-jokowi-tak-ingin-pemilu-rusak-persaudaraan,ADVERTISEMENT SCROLL TO CONTINUE WITH CONTENT
"SBY Sambut Prabowo, Cak Imin Jamin Koalisi Jokowi Solid","Kamis, 26 Jul 2018 13:41 WIB",https://www.cnnindonesia.com/nasional/20180726120425-32-317121/sby-sambut-prabowo-cak-imin-jamin-koalisi-jokowi-solid,ADVERTISEMENT SCROLL TO CONTINUE WITH CONTENT
PAN Sebut Megawati Jadi Penghalang SBY Dukung Jokowi,"Kamis, 26 Jul 2018 13:24 WIB",https://www.cnnindonesia.com/nasional/20180726130942-32-317135/pan-sebut-megawati-jadi-penghalang-sby-dukung-jokowi,ADVERTISEMENT SCROLL TO CONTINUE WITH CONTENT
"PDIP Sentil AHY, Demokrat Sindir Kapasitas Puan Jadi Menteri","Kamis, 26 Jul 2018 12:56 WIB",https://www.cnnindonesia.com/nasional/20180726123859-32-317131/pdip-sentil-ahy-demokrat-sindir-kapasitas-puan-jadi-menteri,ADVERTISEMENT SCROLL TO CONTINUE WITH CONTENT
Cerita Joko Widodo Jadi Caleg PKS di Jawa Tengah,"Kamis, 26 Jul 2018 10:43 WIB",https://www.cnnindonesia.com/nasional/20180726093323-32-317074/cerita-joko-widodo-jadi-caleg-pks-di-jawa-tengah,ADVERTISEMENT SCROLL TO CONTINUE WITH CONTENT
PDIP: Keluhan SBY kepada Megawati demi Kepentingan AHY,"Kamis, 26 Jul 2018 10:20 WIB",https://www.cnnindonesia.com/nasional/20180726093853-32-317080/pdip-keluhan-sby-kepada-megawati-demi-kepentingan-ahy,ADVERTISEMENT SCROLL TO CONTINUE WITH CONTENT
Gerindra: Isu Dokumen AS Bentuk Pertempuran Pilpres 2019,"Kamis, 26 Jul 2018 09:50 WIB",https://www.cnnindonesia.com/nasional/20180726092324-32-317072/gerindra-isu-dokumen-as-bentuk-pertempuran-pilpres-2019,ADVERTISEMENT SCROLL TO CONTINUE WITH CONTENT
"Wasekjen Cuitkan Demokrat Berkoalisi ke Gerindra, PAN, PKS","Kamis, 26 Jul 2018 05:29 WIB",https://www.cnnindonesia.com/nasional/20180726015355-32-317045/wasekjen-cuitkan-demokrat-berkoalisi-ke-gerindra-pan-pks,ADVERTISEMENT SCROLL TO CONTINUE WITH CONTENT
MK Dianggap Langgar Konstitusi Jika Gugatan soal Wapres Lolos,"Kamis, 26 Jul 2018 05:20 WIB",https://www.cnnindonesia.com/nasional/20180725155428-32-316912/mk-dianggap-langgar-konstitusi-jika-gugatan-soal-wapres-lolos,ADVERTISEMENT SCROLL TO CONTINUE WITH CONTENT
Demokrat Bentuk Tim Lanjutkan Komunikasi Dengan Gerindra,"Kamis, 26 Jul 2018 03:50 WIB",https://www.cnnindonesia.com/nasional/20180725211319-32-317036/demokrat-bentuk-tim-lanjutkan-komunikasi-dengan-gerindra,ADVERTISEMENT SCROLL TO CONTINUE WITH CONTENT
SBY Sebut Perombakan Partai Koalisi Jokowi Masih Mungkin,"Rabu, 25 Jul 2018 23:54 WIB",https://www.cnnindonesia.com/nasional/20180725234224-32-317041/sby-sebut-perombakan-partai-koalisi-jokowi-masih-mungkin,ADVERTISEMENT SCROLL TO CONTINUE WITH CONTENT
SBY Sebut Tak Paksakan Kadernya Jadi Cawapres,"Rabu, 25 Jul 2018 23:30 WIB",https://www.cnnindonesia.com/nasional/20180725232404-20-317039/sby-sebut-tak-paksakan-kadernya-jadi-cawapres,ADVERTISEMENT SCROLL TO CONTINUE WITH CONTENT
Pengakuan SBY Diajak Jokowi Berkali-Kali Gabung Koalisi,"Rabu, 25 Jul 2018 22:44 WIB",https://www.cnnindonesia.com/nasional/20180725215910-32-317035/pengakuan-sby-diajak-jokowi-berkali-kali-gabung-koalisi,ADVERTISEMENT SCROLL TO CONTINUE WITH CONTENT
SBY Peringatkan Romahurmuziy soal Fakta Salah AHY,"Rabu, 25 Jul 2018 22:09 WIB",https://www.cnnindonesia.com/nasional/20180725220041-32-317033/sby-peringatkan-romahurmuziy-soal-fakta-salah-ahy,ADVERTISEMENT SCROLL TO CONTINUE WITH CONTENT
SBY: Hubungan Saya dengan Ibu Megawati Belum Pulih,"Rabu, 25 Jul 2018 21:50 WIB",https://www.cnnindonesia.com/nasional/20180725214609-32-317032/sby-hubungan-saya-dengan-ibu-megawati-belum-pulih,ADVERTISEMENT SCROLL TO CONTINUE WITH CONTENT
SBY-Zulhas Klaim Tak Bahas Cawapres dan 'Power Sharing',"Rabu, 25 Jul 2018 21:40 WIB",https://www.cnnindonesia.com/nasional/20180725212311-32-317028/sby-zulhas-klaim-tak-bahas-cawapres-dan-power-sharing,ADVERTISEMENT SCROLL TO CONTINUE WITH CONTENT
Kedubes AS: Prabowo dan Soeharto Terlibat Penculikan Aktivis,"Rabu, 25 Jul 2018 20:57 WIB",https://www.cnnindonesia.com/nasional/20180725203102-32-317018/kedubes-as-prabowo-dan-soeharto-terlibat-penculikan-aktivis,ADVERTISEMENT SCROLL TO CONTINUE WITH CONTENT
Ketua PAN Zulkifli Hasan Tiba di Kediaman SBY,"Rabu, 25 Jul 2018 20:14 WIB",https://www.cnnindonesia.com/nasional/20180725195811-32-317011/ketua-pan-zulkifli-hasan-tiba-di-kediaman-sby,ADVERTISEMENT SCROLL TO CONTINUE WITH CONTENT
Zulhas Akui Bakal Bahas Cawapres saat Bertemu SBY,"Rabu, 25 Jul 2018 19:24 WIB",https://www.cnnindonesia.com/nasional/20180725185435-32-316992/zulhas-akui-bakal-bahas-cawapres-saat-bertemu-sby,ADVERTISEMENT SCROLL TO CONTINUE WITH CONTENT
PAN Tentukan Arah Koalisi Setelah Rakernas,"Rabu, 25 Jul 2018 18:39 WIB",https://www.cnnindonesia.com/nasional/20180725182633-32-316962/pan-tentukan-arah-koalisi-setelah-rakernas,ADVERTISEMENT SCROLL TO CONTINUE WITH CONTENT
Jokowi Minta Masyarakat Jangan Mudah Dikompori Politisi,"Rabu, 25 Jul 2018 18:24 WIB",https://www.cnnindonesia.com/nasional/20180725174811-32-316955/jokowi-minta-masyarakat-jangan-mudah-dikompori-politisi,ADVERTISEMENT SCROLL TO CONTINUE WITH CONTENT
Kader PDIP Sebut Demokrat Partai Menengah Ekspektasi Tinggi,"Rabu, 25 Jul 2018 17:47 WIB",https://www.cnnindonesia.com/nasional/20180725164132-32-316942/kader-pdip-sebut-demokrat-partai-menengah-ekspektasi-tinggi,ADVERTISEMENT SCROLL TO CONTINUE WITH CONTENT
Fahri Klaim Gerakan Anti-Jokowi Makin Menguat,"Rabu, 25 Jul 2018 17:29 WIB",https://www.cnnindonesia.com/nasional/20180725162810-32-316922/fahri-klaim-gerakan-anti-jokowi-makin-menguat,ADVERTISEMENT SCROLL TO CONTINUE WITH CONTENT
"SBY Merapat, Fadli Zon Yakin Kubu Prabowo Kalahkan Jokowi","Rabu, 25 Jul 2018 16:37 WIB",https://www.cnnindonesia.com/nasional/20180725144921-32-316877/sby-merapat-fadli-zon-yakin-kubu-prabowo-kalahkan-jokowi,ADVERTISEMENT SCROLL TO CONTINUE WITH CONTENT
Ahok: Terus Berjuang Pak Jokowi Dua Periode,"Rabu, 25 Jul 2018 16:18 WIB",https://www.cnnindonesia.com/nasional/20180725161258-32-316913/ahok-terus-berjuang-pak-jokowi-dua-periode,ADVERTISEMENT SCROLL TO CONTINUE WITH CONTENT
"SBY-Prabowo Bertemu, Fahri Yakin Koalisi Jokowi Pecah","Rabu, 25 Jul 2018 15:57 WIB",https://www.cnnindonesia.com/nasional/20180725154741-32-316895/sby-prabowo-bertemu-fahri-yakin-koalisi-jokowi-pecah,ADVERTISEMENT SCROLL TO CONTINUE WITH CONTENT
"Selain Milik Prabowo, Polri Belum Terbitkan SKCK Capres Lain","Rabu, 25 Jul 2018 15:34 WIB",https://www.cnnindonesia.com/nasional/20180725152216-12-316887/selain-milik-prabowo-polri-belum-terbitkan-skck-capres-lain,ADVERTISEMENT SCROLL TO CONTINUE WITH CONTENT
"Pidato SBY, Alasan Gerindra Yakin Demokrat Tak Dukung Jokowi","Rabu, 25 Jul 2018 12:38 WIB",https://www.cnnindonesia.com/nasional/20180725121242-32-316824/pidato-sby-alasan-gerindra-yakin-demokrat-tak-dukung-jokowi,ADVERTISEMENT SCROLL TO CONTINUE WITH CONTENT
Kata Bersayap dan Framing Politik SBY Menuju Koalisi Prabowo,"Rabu, 25 Jul 2018 12:09 WIB",https://www.cnnindonesia.com/nasional/20180725112641-32-316806/kata-bersayap-dan-framing-politik-sby-menuju-koalisi-prabowo,ADVERTISEMENT SCROLL TO CONTINUE WITH CONTENT
Twitter Membekukan Akun Mustofa Nahra,"Rabu, 25 Jul 2018 11:12 WIB",https://www.cnnindonesia.com/nasional/20180725100546-20-316783/twitter-membekukan-akun-mustofa-nahra,ADVERTISEMENT SCROLL TO CONTINUE WITH CONTENT
"Tunda Sidang, Gerindra Klaim Sudah Klarifikasi Arief Pouyono","Rabu, 25 Jul 2018 11:01 WIB",https://www.cnnindonesia.com/nasional/20180725104906-32-316793/tunda-sidang-gerindra-klaim-sudah-klarifikasi-arief-pouyono,ADVERTISEMENT SCROLL TO CONTINUE WITH CONTENT
Jokowi Teken Aturan Gubernur Maju Pilpres Harus Izin Presiden,"Rabu, 25 Jul 2018 10:04 WIB",https://www.cnnindonesia.com/nasional/20180725084742-32-316776/jokowi-teken-aturan-gubernur-maju-pilpres-harus-izin-presiden,ADVERTISEMENT SCROLL TO CONTINUE WITH CONTENT
SBY dan Zulkifli Hasan Matangkan Arah Koalisi Malam Ini,"Rabu, 25 Jul 2018 09:52 WIB",https://www.cnnindonesia.com/nasional/20180725094117-32-316780/sby-dan-zulkifli-hasan-matangkan-arah-koalisi-malam-ini,ADVERTISEMENT SCROLL TO CONTINUE WITH CONTENT
"Politik Kutu Loncat TGB, dari Kader PBB Hingga Jadi 'Jokower'","Rabu, 25 Jul 2018 08:58 WIB",https://www.cnnindonesia.com/nasional/20180724133223-32-316628/politik-kutu-loncat-tgb-dari-kader-pbb-hingga-jadi-jokower,ADVERTISEMENT SCROLL TO CONTINUE WITH CONTENT
Enam Partai Koalisi Jokowi Tak Mau Aktif 'Colek' Parpol Lain,"Rabu, 25 Jul 2018 08:48 WIB",https://www.cnnindonesia.com/nasional/20180724204547-32-316725/enam-partai-koalisi-jokowi-tak-mau-aktif-colek-parpol-lain,ADVERTISEMENT SCROLL TO CONTINUE WITH CONTENT
Etika Raja Jawa di Balik Pertemuan Prabowo dan SBY,"Rabu, 25 Jul 2018 07:39 WIB",https://www.cnnindonesia.com/nasional/20180725071013-32-316762/etika-raja-jawa-di-balik-pertemuan-prabowo-dan-sby,ADVERTISEMENT SCROLL TO CONTINUE WITH CONTENT
Sikap Tak Jelas PDIP Jadi Alasan Demokrat Dekati Prabowo,"Rabu, 25 Jul 2018 05:38 WIB",https://www.cnnindonesia.com/nasional/20180724203514-32-316721/sikap-tak-jelas-pdip-jadi-alasan-demokrat-dekati-prabowo,ADVERTISEMENT SCROLL TO CONTINUE WITH CONTENT
Gatot Nurmantyo Ibaratkan Koalisi Jokowi Hegemoni Partai,"Rabu, 25 Jul 2018 05:22 WIB",https://www.cnnindonesia.com/nasional/20180724163308-32-316640/gatot-nurmantyo-ibaratkan-koalisi-jokowi-hegemoni-partai,ADVERTISEMENT SCROLL TO CONTINUE WITH CONTENT
"Tentukan Nasib JK, PDIP Tunggu Putusan MK","Rabu, 25 Jul 2018 04:57 WIB",https://www.cnnindonesia.com/nasional/20180724201436-32-316716/tentukan-nasib-jk-pdip-tunggu-putusan-mk,ADVERTISEMENT SCROLL TO CONTINUE WITH CONTENT
Tommy Soeharto Maju Capres Jika MK Kabulkan Gugatan PT,"Rabu, 25 Jul 2018 04:40 WIB",https://www.cnnindonesia.com/nasional/20180724183345-32-316680/tommy-soeharto-maju-capres-jika-mk-kabulkan-gugatan-pt,ADVERTISEMENT SCROLL TO CONTINUE WITH CONTENT
Sudirman Said Duga Jokowi Dorong JK sebagai Pihak Terkait,"Rabu, 25 Jul 2018 04:30 WIB",https://www.cnnindonesia.com/nasional/20180724190130-32-316709/sudirman-said-duga-jokowi-dorong-jk-sebagai-pihak-terkait,ADVERTISEMENT SCROLL TO CONTINUE WITH CONTENT
Bawaslu Limpahkan Sanksi PNS Tak Netral di Pilkada ke Pemda,"Rabu, 25 Jul 2018 03:50 WIB",https://www.cnnindonesia.com/nasional/20180724143343-20-316581/bawaslu-limpahkan-sanksi-pns-tak-netral-di-pilkada-ke-pemda,ADVERTISEMENT SCROLL TO CONTINUE WITH CONTENT
"Diminta Ikut Garap Masalah Bangsa, Anies Akui Jalani Takdir","Rabu, 25 Jul 2018 03:14 WIB",https://www.cnnindonesia.com/nasional/20180724140423-32-316564/diminta-ikut-garap-masalah-bangsa-anies-akui-jalani-takdir,ADVERTISEMENT SCROLL TO CONTINUE WITH CONTENT
PAN Enggan Spekulasi Terkait Demokrat Masuk Koalisi,"Rabu, 25 Jul 2018 00:48 WIB",https://www.cnnindonesia.com/nasional/20180724233401-32-316748/pan-enggan-spekulasi-terkait-demokrat-masuk-koalisi,ADVERTISEMENT SCROLL TO CONTINUE WITH CONTENT
Gatot Masih Optimis Soal Dukungan Jadi Capres atau Cawapres,"Rabu, 25 Jul 2018 00:36 WIB",https://www.cnnindonesia.com/nasional/20180725000955-32-316747/gatot-masih-optimis-soal-dukungan-jadi-capres-atau-cawapres,ADVERTISEMENT SCROLL TO CONTINUE WITH CONTENT
Prabowo Sebut PAN-PKS Sambut Positif dengan Pertemuan SBY,"Selasa, 24 Jul 2018 23:10 WIB",https://www.cnnindonesia.com/nasional/20180724230253-32-316746/prabowo-sebut-pan-pks-sambut-positif-dengan-pertemuan-sby,ADVERTISEMENT SCROLL TO CONTINUE WITH CONTENT
SBY Soroti 100 Juta Orang Miskin Era Jokowi,"Selasa, 24 Jul 2018 23:01 WIB",https://www.cnnindonesia.com/nasional/20180724221604-32-316744/sby-soroti-100-juta-orang-miskin-era-jokowi,ADVERTISEMENT SCROLL TO CONTINUE WITH CONTENT
"SBY-Prabowo Makin Dekat, PKS Kian Yakin #2019GantiPresiden","Selasa, 24 Jul 2018 22:55 WIB",https://www.cnnindonesia.com/nasional/20180724225115-32-316745/sby-prabowo-makin-dekat-pks-kian-yakin-2019gantipresiden,ADVERTISEMENT SCROLL TO CONTINUE WITH CONTENT
SBY Ungkap Hambatan Penjajakan dengan Jokowi Selama Setahun,"Selasa, 24 Jul 2018 22:38 WIB",https://www.cnnindonesia.com/nasional/20180724221729-32-316743/sby-ungkap-hambatan-penjajakan-dengan-jokowi-selama-setahun,ADVERTISEMENT SCROLL TO CONTINUE WITH CONTENT
SBY Ingatkan Soal Politik SARA Ekstrem di Pemilu,"Selasa, 24 Jul 2018 22:26 WIB",https://www.cnnindonesia.com/nasional/20180724220752-32-316741/sby-ingatkan-soal-politik-sara-ekstrem-di-pemilu,ADVERTISEMENT SCROLL TO CONTINUE WITH CONTENT
Prabowo soal AHY Cawapres:Why Not?,"Selasa, 24 Jul 2018 22:15 WIB",https://www.cnnindonesia.com/nasional/20180724201456-32-316714/prabowo-soal-ahy-cawapres-why-not,ADVERTISEMENT SCROLL TO CONTINUE WITH CONTENT
Koalisi SBY-Prabowo Terbuka Lebar Lawan Jokowi,"Selasa, 24 Jul 2018 21:55 WIB",https://www.cnnindonesia.com/nasional/20180724201215-32-316713/koalisi-sby-prabowo-terbuka-lebar-lawan-jokowi,ADVERTISEMENT SCROLL TO CONTINUE WITH CONTENT
"Jadi Caleg Gerindra, Sudirman Said Ingin Ikat Massa di Jateng","Selasa, 24 Jul 2018 21:50 WIB",https://www.cnnindonesia.com/nasional/20180724174243-32-316664/jadi-caleg-gerindra-sudirman-said-ingin-ikat-massa-di-jateng,ADVERTISEMENT SCROLL TO CONTINUE WITH CONTENT
Demokrat Pasrahkan Keputusan Cawapres Kepada Prabowo Subianto,"Selasa, 24 Jul 2018 21:41 WIB",https://www.cnnindonesia.com/nasional/20180724182500-32-316676/demokrat-pasrahkan-keputusan-cawapres-kepada-prabowo-subianto,ADVERTISEMENT SCROLL TO CONTINUE WITH CONTENT
"Temui Jokowi, Zulhas Belum Tegaskan Sikap PAN di Pilpres 2019","Selasa, 24 Jul 2018 21:18 WIB",https://www.cnnindonesia.com/nasional/20180724210352-32-316732/temui-jokowi-zulhas-belum-tegaskan-sikap-pan-di-pilpres-2019,ADVERTISEMENT SCROLL TO CONTINUE WITH CONTENT
"Resmi Jadi Cebong, Hasto Yakin Kapitra Sokong Jokowi","Selasa, 24 Jul 2018 21:17 WIB",https://www.cnnindonesia.com/nasional/20180724205213-32-316729/resmi-jadi-cebong-hasto-yakin-kapitra-sokong-jokowi,ADVERTISEMENT SCROLL TO CONTINUE WITH CONTENT
"OSO Sebut Airlangga, Cak Imin, dan Romi Legowo soal Cawapres","Selasa, 24 Jul 2018 20:49 WIB",https://www.cnnindonesia.com/nasional/20180724144435-32-316583/oso-sebut-airlangga-cak-imin-dan-romi-legowo-soal-cawapres,ADVERTISEMENT SCROLL TO CONTINUE WITH CONTENT
PDIP Minta Demokrat Tegas Seperti TGB soal Pilpres 2019,"Selasa, 24 Jul 2018 20:42 WIB",https://www.cnnindonesia.com/nasional/20180724193110-32-316698/pdip-minta-demokrat-tegas-seperti-tgb-soal-pilpres-2019,ADVERTISEMENT SCROLL TO CONTINUE WITH CONTENT
Gerindra Akui Demokrat Punya Arti Penting di Pilpres 2019,"Selasa, 24 Jul 2018 20:08 WIB",https://www.cnnindonesia.com/nasional/20180724163643-32-316650/gerindra-akui-demokrat-punya-arti-penting-di-pilpres-2019,ADVERTISEMENT SCROLL TO CONTINUE WITH CONTENT
SBY-Prabowo Gelar Pertemuan Tertutup,"Selasa, 24 Jul 2018 19:52 WIB",https://www.cnnindonesia.com/nasional/20180724194144-32-316702/sby-prabowo-gelar-pertemuan-tertutup,ADVERTISEMENT SCROLL TO CONTINUE WITH CONTENT
Polri Terbitkan SKCK Prabowo untuk Syarat Pencapresan,"Selasa, 24 Jul 2018 19:47 WIB",https://www.cnnindonesia.com/nasional/20180724193936-20-316701/polri-terbitkan-skck-prabowo-untuk-syarat-pencapresan,ADVERTISEMENT SCROLL TO CONTINUE WITH CONTENT
"Tiba di Lokasi Pertemuan, Prabowo Disambut SBY","Selasa, 24 Jul 2018 19:28 WIB",https://www.cnnindonesia.com/nasional/20180724191543-32-316693/tiba-di-lokasi-pertemuan-prabowo-disambut-sby,ADVERTISEMENT SCROLL TO CONTINUE WITH CONTENT
"Merapat ke Gerindra, Demokrat Enggan Dikomandoi Rizieq Shihab","Selasa, 24 Jul 2018 19:24 WIB",https://www.cnnindonesia.com/nasional/20180724180253-32-316672/merapat-ke-gerindra-demokrat-enggan-dikomandoi-rizieq-shihab,ADVERTISEMENT SCROLL TO CONTINUE WITH CONTENT
"Jadi Kader PDIP, Kapitra Tafsirkan Makna Cebong dalam Islam","Selasa, 24 Jul 2018 18:32 WIB",https://www.cnnindonesia.com/nasional/20180724170216-32-316651/jadi-kader-pdip-kapitra-tafsirkan-makna-cebong-dalam-islam,ADVERTISEMENT SCROLL TO CONTINUE WITH CONTENT
SBY dan Petinggi Demokrat Rapat Sebelum Bertemu Prabowo,"Selasa, 24 Jul 2018 18:13 WIB",https://www.cnnindonesia.com/nasional/20180724180745-32-316668/sby-dan-petinggi-demokrat-rapat-sebelum-bertemu-prabowo,ADVERTISEMENT SCROLL TO CONTINUE WITH CONTENT
Relawan Jokowi Ingatkan JK Junjung Tinggi Agenda Reformasi,"Selasa, 24 Jul 2018 17:52 WIB",https://www.cnnindonesia.com/nasional/20180724134925-32-316576/relawan-jokowi-ingatkan-jk-junjung-tinggi-agenda-reformasi,ADVERTISEMENT SCROLL TO CONTINUE WITH CONTENT
Aspirasi Warga dan Dilema Anies soal Gubernur atau Pilpres,"Selasa, 24 Jul 2018 17:39 WIB",https://www.cnnindonesia.com/nasional/20180724111641-20-316508/aspirasi-warga-dan-dilema-anies-soal-gubernur-atau-pilpres,ADVERTISEMENT SCROLL TO CONTINUE WITH CONTENT
PDIP Pastikan TGB Masuk Tim Sukses Jokowi di Pilpres 2019,"Selasa, 24 Jul 2018 17:32 WIB",https://www.cnnindonesia.com/nasional/20180724162155-32-316637/pdip-pastikan-tgb-masuk-tim-sukses-jokowi-di-pilpres-2019,ADVERTISEMENT SCROLL TO CONTINUE WITH CONTENT
Gatot Akui Peluangnya Jadi Capres-Cawapres Kecil,"Selasa, 24 Jul 2018 17:11 WIB",https://www.cnnindonesia.com/nasional/20180724164148-32-316646/gatot-akui-peluangnya-jadi-capres-cawapres-kecil,ADVERTISEMENT SCROLL TO CONTINUE WITH CONTENT
"Tolak Gugatan Cawapres, Aktivis 98 Maju Jadi 'Pihak Terkait'","Selasa, 24 Jul 2018 16:47 WIB",https://www.cnnindonesia.com/nasional/20180724163343-12-316639/tolak-gugatan-cawapres-aktivis-98-maju-jadi-pihak-terkait,ADVERTISEMENT SCROLL TO CONTINUE WITH CONTENT
"Kapitra: Kalau Jokowi Lawan Rizieq, Saya Pilih Rizieq","Selasa, 24 Jul 2018 16:35 WIB",https://www.cnnindonesia.com/nasional/20180724162425-32-316631/kapitra-kalau-jokowi-lawan-rizieq-saya-pilih-rizieq,ADVERTISEMENT SCROLL TO CONTINUE WITH CONTENT
Sekjen PPP Sebut Jokowi Umumkan Cawapres 9 atau 10 Agustus,"Selasa, 24 Jul 2018 15:49 WIB",https://www.cnnindonesia.com/nasional/20180724132619-32-316554/sekjen-ppp-sebut-jokowi-umumkan-cawapres-9-atau-10-agustus,ADVERTISEMENT SCROLL TO CONTINUE WITH CONTENT
"Kapitra Ampera:Please, Call MeCebong","Selasa, 24 Jul 2018 14:53 WIB",https://www.cnnindonesia.com/nasional/20180724144218-32-316587/kapitra-ampera-please-call-me-cebong,ADVERTISEMENT SCROLL TO CONTINUE WITH CONTENT
"OSO: Cawapres di Tangan Jokowi, Koalisi 'Nonton Bola Saja'","Selasa, 24 Jul 2018 14:40 WIB",https://www.cnnindonesia.com/nasional/20180724140530-32-316563/oso-cawapres-di-tangan-jokowi-koalisi-nonton-bola-saja,ADVERTISEMENT SCROLL TO CONTINUE WITH CONTENT
Tabir Rahasia Cawapres Jokowi,"Selasa, 24 Jul 2018 14:18 WIB",https://www.cnnindonesia.com/nasional/20180724105002-33-316545/tabir-rahasia-cawapres-jokowi,ADVERTISEMENT SCROLL TO CONTINUE WITH CONTENT
Tifatul Minta PA 212 Tak Bawa Isu Kebencian di Pilpres 2019,"Selasa, 24 Jul 2018 13:54 WIB",https://www.cnnindonesia.com/nasional/20180724132319-32-316553/tifatul-minta-pa-212-tak-bawa-isu-kebencian-di-pilpres-2019,ADVERTISEMENT SCROLL TO CONTINUE WITH CONTENT
Cerita Anies Digandeng Prabowo saat Masih di Lingkaran Jokowi,"Selasa, 24 Jul 2018 12:19 WIB",https://www.cnnindonesia.com/nasional/20180724115134-32-316525/cerita-anies-digandeng-prabowo-saat-masih-di-lingkaran-jokowi,ADVERTISEMENT SCROLL TO CONTINUE WITH CONTENT
Demokrat Tak Bergantung Pada TGB yang Mundur demi Jokowi,"Selasa, 24 Jul 2018 11:37 WIB",https://www.cnnindonesia.com/nasional/20180724112548-32-316511/demokrat-tak-bergantung-pada-tgb-yang-mundur-demi-jokowi,ADVERTISEMENT SCROLL TO CONTINUE WITH CONTENT
JK di Bayang-bayang Rasionalitas Publik soal Cawapres,"Selasa, 24 Jul 2018 10:52 WIB",https://www.cnnindonesia.com/nasional/20180724101943-32-316491/jk-di-bayang-bayang-rasionalitas-publik-soal-cawapres,ADVERTISEMENT SCROLL TO CONTINUE WITH CONTENT
SBY dan Prabowo Matangkan Sikap Hadapi Pilpres 2019,"Selasa, 24 Jul 2018 09:32 WIB",https://www.cnnindonesia.com/nasional/20180724092212-20-316462/sby-dan-prabowo-matangkan-sikap-hadapi-pilpres-2019,ADVERTISEMENT SCROLL TO CONTINUE WITH CONTENT
Pamer Koalisi dan Strategi Saling Kunci Jokowi Vs Prabowo,"Selasa, 24 Jul 2018 08:44 WIB",https://www.cnnindonesia.com/nasional/20180724081702-32-316453/pamer-koalisi-dan-strategi-saling-kunci-jokowi-vs-prabowo,ADVERTISEMENT SCROLL TO CONTINUE WITH CONTENT
Koalisi Jokowi Buka Pintu untuk Partai yang Tak Happy Ending,"Selasa, 24 Jul 2018 08:24 WIB",https://www.cnnindonesia.com/nasional/20180724080422-32-316451/koalisi-jokowi-buka-pintu-untuk-partai-yang-tak-happy-ending,ADVERTISEMENT SCROLL TO CONTINUE WITH CONTENT
"Tanpa Dihadiri PKS, Pertemuan PA 212 Sepakat Usung Prabowo","Selasa, 24 Jul 2018 07:53 WIB",https://www.cnnindonesia.com/nasional/20180724073854-32-316446/tanpa-dihadiri-pks-pertemuan-pa-212-sepakat-usung-prabowo,ADVERTISEMENT SCROLL TO CONTINUE WITH CONTENT
MK Persempit Regenerasi Pemimpin Jika Kabulkan soal Cawapres,"Selasa, 24 Jul 2018 07:23 WIB",https://www.cnnindonesia.com/nasional/20180723181301-32-316374/mk-persempit-regenerasi-pemimpin-jika-kabulkan-soal-cawapres,ADVERTISEMENT SCROLL TO CONTINUE WITH CONTENT
PKS Desak Gerindra Umumkan Capres-Cawapres Akhir Juli,"Selasa, 24 Jul 2018 06:49 WIB",https://www.cnnindonesia.com/nasional/20180723193343-32-316399/pks-desak-gerindra-umumkan-capres-cawapres-akhir-juli,ADVERTISEMENT SCROLL TO CONTINUE WITH CONTENT
PA 212 Sebut Demokrat Mendekat ke Koalisi Keumatan,"Selasa, 24 Jul 2018 03:40 WIB",https://www.cnnindonesia.com/nasional/20180724005603-32-316433/pa-212-sebut-demokrat-mendekat-ke-koalisi-keumatan,ADVERTISEMENT SCROLL TO CONTINUE WITH CONTENT
TNI Bantah Andika Jadi Pangkostrad Karena Hendropriyono,"Selasa, 24 Jul 2018 02:10 WIB",https://www.cnnindonesia.com/nasional/20180723162025-20-316351/tni-bantah-andika-jadi-pangkostrad-karena-hendropriyono,ADVERTISEMENT SCROLL TO CONTINUE WITH CONTENT
Demokrat Doakan TGB Jadi Cawapres Jokowi,"Senin, 23 Jul 2018 22:25 WIB",https://www.cnnindonesia.com/nasional/20180723220440-32-316426/demokrat-doakan-tgb-jadi-cawapres-jokowi,ADVERTISEMENT SCROLL TO CONTINUE WITH CONTENT
NasDem: Pertemuan Istana Bogor Kerucutkan Cawapres Jokowi,"Senin, 23 Jul 2018 21:53 WIB",https://www.cnnindonesia.com/nasional/20180723213425-32-316423/nasdem-pertemuan-istana-bogor-kerucutkan-cawapres-jokowi,ADVERTISEMENT SCROLL TO CONTINUE WITH CONTENT
TGB Mundur dari Demokrat Terkait Dukungan ke Jokowi,"Senin, 23 Jul 2018 21:39 WIB",https://www.cnnindonesia.com/nasional/20180723212900-32-316420/tgb-mundur-dari-demokrat-terkait-dukungan-ke-jokowi,ADVERTISEMENT SCROLL TO CONTINUE WITH CONTENT
Survei Median Paparkan Elektabilitas Jokowi Hanya 35 Persen,"Senin, 23 Jul 2018 21:16 WIB",https://www.cnnindonesia.com/nasional/20180723204018-32-316417/survei-median-paparkan-elektabilitas-jokowi-hanya-35-persen,ADVERTISEMENT SCROLL TO CONTINUE WITH CONTENT
Waketum Gerindra Enggan Minta Maaf Usai Sebut AHY Anak Kecil,"Senin, 23 Jul 2018 20:58 WIB",https://www.cnnindonesia.com/nasional/20180723203909-32-316413/waketum-gerindra-enggan-minta-maaf-usai-sebut-ahy-anak-kecil,ADVERTISEMENT SCROLL TO CONTINUE WITH CONTENT
Rendang Koalisi Jokowi dan Enam Ketum Parpol di Istana Bogor,"Senin, 23 Jul 2018 20:39 WIB",https://www.cnnindonesia.com/nasional/20180723202150-32-316411/rendang-koalisi-jokowi-dan-enam-ketum-parpol-di-istana-bogor,ADVERTISEMENT SCROLL TO CONTINUE WITH CONTENT
"Bersama Amien Rais, Prabowo Hadiri Pertemuan PA 212","Senin, 23 Jul 2018 20:34 WIB",https://www.cnnindonesia.com/nasional/20180723202235-32-316408/bersama-amien-rais-prabowo-hadiri-pertemuan-pa-212,ADVERTISEMENT SCROLL TO CONTINUE WITH CONTENT
Fahri Kicaukan 'Dosa-dosa Jokowi' soal Ideologi dan Persatuan,"Senin, 23 Jul 2018 20:16 WIB",https://www.cnnindonesia.com/nasional/20180723171304-32-316365/fahri-kicaukan-dosa-dosa-jokowi-soal-ideologi-dan-persatuan,ADVERTISEMENT SCROLL TO CONTINUE WITH CONTENT
"Tak Cuma AHY, Demokrat Siap Dengar Tawaran Cawapres Prabowo","Senin, 23 Jul 2018 17:21 WIB",https://www.cnnindonesia.com/nasional/20180723141257-32-316294/tak-cuma-ahy-demokrat-siap-dengar-tawaran-cawapres-prabowo,ADVERTISEMENT SCROLL TO CONTINUE WITH CONTENT
"Janji Tuntaskan Program, Anies Tetap Tak Tegas Soal Pilpres","Senin, 23 Jul 2018 15:40 WIB",https://www.cnnindonesia.com/nasional/20180723141421-20-316293/janji-tuntaskan-program-anies-tetap-tak-tegas-soal-pilpres,ADVERTISEMENT SCROLL TO CONTINUE WITH CONTENT
Prabowo Tegur Arief Poyuono karena Sebut AHY Anak Kecil,"Senin, 23 Jul 2018 14:36 WIB",https://www.cnnindonesia.com/nasional/20180723142236-32-316299/prabowo-tegur-arief-poyuono-karena-sebut-ahy-anak-kecil,ADVERTISEMENT SCROLL TO CONTINUE WITH CONTENT
"Temui Massa Pedemo, Anies Jamin Tuntaskan Janji Kampanye","Senin, 23 Jul 2018 13:39 WIB",https://www.cnnindonesia.com/nasional/20180723132022-32-316272/temui-massa-pedemo-anies-jamin-tuntaskan-janji-kampanye,ADVERTISEMENT SCROLL TO CONTINUE WITH CONTENT
Serikat Becak Tak Rela Anies 'Loncat Kayak Kodok' ke Istana,"Senin, 23 Jul 2018 13:10 WIB",https://www.cnnindonesia.com/nasional/20180723125154-32-316266/serikat-becak-tak-rela-anies-loncat-kayak-kodok-ke-istana,ADVERTISEMENT SCROLL TO CONTINUE WITH CONTENT
Anies Didemo untuk Penuhi Kontrak Politik 5 Tahun di Jakarta,"Senin, 23 Jul 2018 11:55 WIB",https://www.cnnindonesia.com/nasional/20180723114842-20-316231/anies-didemo-untuk-penuhi-kontrak-politik-5-tahun-di-jakarta,ADVERTISEMENT SCROLL TO CONTINUE WITH CONTENT
"Peta Politik di Tangan MK, Jokowi-JK atau Prabowo-Anies","Senin, 23 Jul 2018 11:40 WIB",https://www.cnnindonesia.com/nasional/20180723105828-32-316218/peta-politik-di-tangan-mk-jokowi-jk-atau-prabowo-anies,ADVERTISEMENT SCROLL TO CONTINUE WITH CONTENT
Gerindra Persoalkan Muradi Jadi Ketua Tim Seleksi KPUD Jabar,"Senin, 23 Jul 2018 09:28 WIB",https://www.cnnindonesia.com/nasional/20180722203704-32-316128/gerindra-persoalkan-muradi-jadi-ketua-tim-seleksi-kpud-jabar,ADVERTISEMENT SCROLL TO CONTINUE WITH CONTENT
"Cak Imin: JK Bak Ferrari, Mewah tapi Tak Banyak Penumpang","Senin, 23 Jul 2018 01:59 WIB",https://www.cnnindonesia.com/nasional/20180723013827-32-316149/cak-imin-jk-bak-ferrari-mewah-tapi-tak-banyak-penumpang,ADVERTISEMENT SCROLL TO CONTINUE WITH CONTENT
"Soal Posisi Cawapres, Cak Imin Singgung Serban dan Jubah FPI","Senin, 23 Jul 2018 00:56 WIB",https://www.cnnindonesia.com/nasional/20180723004528-32-316147/soal-posisi-cawapres-cak-imin-singgung-serban-dan-jubah-fpi,ADVERTISEMENT SCROLL TO CONTINUE WITH CONTENT
Jokowi ke Cak Imin Soal Cawapres: Janurnya Belum Melengkung,"Minggu, 22 Jul 2018 22:14 WIB",https://www.cnnindonesia.com/nasional/20180722220454-32-316142/jokowi-ke-cak-imin-soal-cawapres-janurnya-belum-melengkung,ADVERTISEMENT SCROLL TO CONTINUE WITH CONTENT
Demokrat Jatim Lebih Pilih Jokowi Ketimbang Prabowo,"Minggu, 22 Jul 2018 19:19 WIB",https://www.cnnindonesia.com/nasional/20180722190301-32-316118/demokrat-jatim-lebih-pilih-jokowi-ketimbang-prabowo,ADVERTISEMENT SCROLL TO CONTINUE WITH CONTENT
Petinggi Gerindra-PD Bertemu Sebelum Pertemuan SBY-Prabowo,"Minggu, 22 Jul 2018 15:02 WIB",https://www.cnnindonesia.com/nasional/20180722144012-32-316082/petinggi-gerindra-pd-bertemu-sebelum-pertemuan-sby-prabowo,ADVERTISEMENT SCROLL TO CONTINUE WITH CONTENT
"Deklarasi Prabowo Capres, Massa Jual Kaos Untuk Galang Dana","Sabtu, 21 Jul 2018 17:17 WIB",https://www.cnnindonesia.com/nasional/20180721162421-32-315970/deklarasi-prabowo-capres-massa-jual-kaos-untuk-galang-dana,ADVERTISEMENT SCROLL TO CONTINUE WITH CONTENT
FBI Punya Rekaman Diskusi Trump soal Upah Eks Model Playboy,"Sabtu, 21 Jul 2018 06:10 WIB",https://www.cnnindonesia.com/internasional/20180721055848-134-315883/fbi-punya-rekaman-diskusi-trump-soal-upah-eks-model-playboy,ADVERTISEMENT SCROLL TO CONTINUE WITH CONTENT
AHY Nilai Dirinya Selalu Dijadikan Komoditas Politik,"Sabtu, 21 Jul 2018 01:16 WIB",https://www.cnnindonesia.com/nasional/20180721010246-32-315872/ahy-nilai-dirinya-selalu-dijadikan-komoditas-politik,ADVERTISEMENT SCROLL TO CONTINUE WITH CONTENT
Demokrat Sebut Gugatan Cawapres ke MK Bentuk Kemunduran,"Sabtu, 21 Jul 2018 00:37 WIB",https://www.cnnindonesia.com/nasional/20180720212655-12-315863/demokrat-sebut-gugatan-cawapres-ke-mk-bentuk-kemunduran,ADVERTISEMENT SCROLL TO CONTINUE WITH CONTENT
Relawan-relawan Jokowi Akan Gelar Pertemuan di Sentul,"Jumat, 20 Jul 2018 22:21 WIB",https://www.cnnindonesia.com/nasional/20180720201955-32-315853/relawan-relawan-jokowi-akan-gelar-pertemuan-di-sentul,ADVERTISEMENT SCROLL TO CONTINUE WITH CONTENT
Airlangga: Tidak Ada Poros Ketiga di Pilpres 2019,"Jumat, 20 Jul 2018 20:25 WIB",https://www.cnnindonesia.com/nasional/20180720201125-32-315850/airlangga-tidak-ada-poros-ketiga-di-pilpres-2019,ADVERTISEMENT SCROLL TO CONTINUE WITH CONTENT
Ngabalin: Istilah Bagi-bagi Jabatan Datang dari Orang Syirik,"Jumat, 20 Jul 2018 19:50 WIB",https://www.cnnindonesia.com/nasional/20180720193503-32-315824/ngabalin-istilah-bagi-bagi-jabatan-datang-dari-orang-syirik,ADVERTISEMENT SCROLL TO CONTINUE WITH CONTENT
"Usai Dirawat di RSPAD, SBY Kembali Kerja dan Beri Arahan","Jumat, 20 Jul 2018 19:40 WIB",https://www.cnnindonesia.com/nasional/20180720191120-32-315819/usai-dirawat-di-rspad-sby-kembali-kerja-dan-beri-arahan,ADVERTISEMENT SCROLL TO CONTINUE WITH CONTENT
"Ali Ngabalin, Tameng Istana dan 'Komisaris Timses' Jokowi","Jumat, 20 Jul 2018 19:30 WIB",https://www.cnnindonesia.com/nasional/20180720180057-32-315789/ali-ngabalin-tameng-istana-dan-komisaris-timses-jokowi,ADVERTISEMENT SCROLL TO CONTINUE WITH CONTENT
Gerindra: Jokowi Masih Kesulitan Cari Cawapres 2019,"Jumat, 20 Jul 2018 18:44 WIB",https://www.cnnindonesia.com/nasional/20180720181856-32-315802/gerindra-jokowi-masih-kesulitan-cari-cawapres-2019,ADVERTISEMENT SCROLL TO CONTINUE WITH CONTENT
Geliat Cak Imin Sebar Posko JOIN Jadi Perhatian Jokowi,"Jumat, 20 Jul 2018 18:13 WIB",https://www.cnnindonesia.com/nasional/20180720160435-32-315741/geliat-cak-imin-sebar-posko-join-jadi-perhatian-jokowi,ADVERTISEMENT SCROLL TO CONTINUE WITH CONTENT
Jokowi 'Bombardir' 1.000 BLK Pesantren di Tahun Pilpres,"Jumat, 20 Jul 2018 18:06 WIB",https://www.cnnindonesia.com/ekonomi/20180720162849-92-315749/jokowi-bombardir-1000-blk-pesantren-di-tahun-pilpres,ADVERTISEMENT SCROLL TO CONTINUE WITH CONTENT
Menteri Keamanan: AS Mesti Bersiap Hadapi Ikut Campur Rusia,"Jumat, 20 Jul 2018 17:10 WIB",https://www.cnnindonesia.com/internasional/20180720130011-134-315654/menteri-keamanan-as-mesti-bersiap-hadapi-ikut-campur-rusia,ADVERTISEMENT SCROLL TO CONTINUE WITH CONTENT
Ma'ruf Amin soal Cawapres: Kalau Negara Memanggil Harus Siap,"Jumat, 20 Jul 2018 16:58 WIB",https://www.cnnindonesia.com/nasional/20180720163038-32-315748/maruf-amin-soal-cawapres-kalau-negara-memanggil-harus-siap,ADVERTISEMENT SCROLL TO CONTINUE WITH CONTENT
Gerindra Klaim Demokrat Cenderung ke Prabowo Ketimbang Jokowi,"Jumat, 20 Jul 2018 15:27 WIB",https://www.cnnindonesia.com/nasional/20180720135945-32-315684/gerindra-klaim-demokrat-cenderung-ke-prabowo-ketimbang-jokowi,ADVERTISEMENT SCROLL TO CONTINUE WITH CONTENT
BKPM Akui Isu Perang Dagang dan Rupiah Bakal Jegal Investasi,"Jumat, 20 Jul 2018 13:30 WIB",https://www.cnnindonesia.com/ekonomi/20180718201544-532-315222/bkpm-akui-isu-perang-dagang-dan-rupiah-bakal-jegal-investasi,ADVERTISEMENT SCROLL TO CONTINUE WITH CONTENT
Ombudsman Selidiki Dugaan Maladministrasi Jabatan Ngabalin,"Jumat, 20 Jul 2018 13:00 WIB",https://www.cnnindonesia.com/nasional/20180720124233-20-315651/ombudsman-selidiki-dugaan-maladministrasi-jabatan-ngabalin,ADVERTISEMENT SCROLL TO CONTINUE WITH CONTENT
Hasto Ungkit Sikap Mengalah Megawati untuk Jokowi di Pilpres,"Jumat, 20 Jul 2018 12:35 WIB",https://www.cnnindonesia.com/nasional/20180720082953-32-315598/hasto-ungkit-sikap-mengalah-megawati-untuk-jokowi-di-pilpres,ADVERTISEMENT SCROLL TO CONTINUE WITH CONTENT
Golkar Usul Koalisi Permanen Tingkat Pusat Hingga Daerah,"Jumat, 20 Jul 2018 10:57 WIB",https://www.cnnindonesia.com/nasional/20180720104511-32-315623/golkar-usul-koalisi-permanen-tingkat-pusat-hingga-daerah,ADVERTISEMENT SCROLL TO CONTINUE WITH CONTENT
Trump Tolak Proposal Putin untuk Menginterogasi Warga AS,"Jumat, 20 Jul 2018 10:51 WIB",https://www.cnnindonesia.com/internasional/20180720103418-134-315622/trump-tolak-proposal-putin-untuk-menginterogasi-warga-as,ADVERTISEMENT SCROLL TO CONTINUE WITH CONTENT
Saat Anies Tertawa dan Malu-Malu Tanggapi Pilpres 2019,"Jumat, 20 Jul 2018 07:44 WIB",https://www.cnnindonesia.com/nasional/20180720073102-32-315578/saat-anies-tertawa-dan-malu-malu-tanggapi-pilpres-2019,ADVERTISEMENT SCROLL TO CONTINUE WITH CONTENT
"Ngabalin Jadi Komisaris, Fadli Cap BUMN Sarang Timses Jokowi","Kamis, 19 Jul 2018 18:36 WIB",https://www.cnnindonesia.com/nasional/20180719182639-32-315511/ngabalin-jadi-komisaris-fadli-cap-bumn-sarang-timses-jokowi,ADVERTISEMENT SCROLL TO CONTINUE WITH CONTENT
Bamsoet Sebut Lebih Baik PAN dan Demokrat Merapat ke Gerindra,"Kamis, 19 Jul 2018 18:19 WIB",https://www.cnnindonesia.com/nasional/20180719174801-32-315490/bamsoet-sebut-lebih-baik-pan-dan-demokrat-merapat-ke-gerindra,ADVERTISEMENT SCROLL TO CONTINUE WITH CONTENT
Prabowo Duga Ada yang Ingin Jegal Anies Jadi Cawapres,"Kamis, 19 Jul 2018 16:54 WIB",https://www.cnnindonesia.com/nasional/20180719155909-32-315447/prabowo-duga-ada-yang-ingin-jegal-anies-jadi-cawapres,ADVERTISEMENT SCROLL TO CONTINUE WITH CONTENT
Jaksa Agung: Kasus 'Papa Minta Saham' Riza Chalid Selesai,"Kamis, 19 Jul 2018 16:40 WIB",https://www.cnnindonesia.com/nasional/20180719163002-12-315458/jaksa-agung-kasus-papa-minta-saham-riza-chalid-selesai,ADVERTISEMENT SCROLL TO CONTINUE WITH CONTENT
"Riza Chalid Ikut Kuliah Jokowi, Luhut Tepis Isu Freeport","Kamis, 19 Jul 2018 15:55 WIB",https://www.cnnindonesia.com/nasional/20180719151835-32-315417/riza-chalid-ikut-kuliah-jokowi-luhut-tepis-isu-freeport,ADVERTISEMENT SCROLL TO CONTINUE WITH CONTENT
Eggi Sudjana: Kapitra Jadi Bagian Pembela Penista Agama,"Kamis, 19 Jul 2018 14:09 WIB",https://www.cnnindonesia.com/nasional/20180719132259-32-315373/eggi-sudjana-kapitra-jadi-bagian-pembela-penista-agama,ADVERTISEMENT SCROLL TO CONTINUE WITH CONTENT
"Survei LIPI: Capres 'Sederhana, Merakyat' Ungguli 'Berwibawa'","Kamis, 19 Jul 2018 13:17 WIB",https://www.cnnindonesia.com/nasional/20180719124758-32-315365/survei-lipi-capres-sederhana-merakyat-ungguli-berwibawa,ADVERTISEMENT SCROLL TO CONTINUE WITH CONTENT
FBI: Rusia Intervensi Pemilu Apapun yang Trump-Putin Katakan,"Kamis, 19 Jul 2018 12:40 WIB",https://www.cnnindonesia.com/internasional/20180719114546-134-315341/fbi-rusia-intervensi-pemilu-apapun-yang-trump-putin-katakan,ADVERTISEMENT SCROLL TO CONTINUE WITH CONTENT
NasDem Bantah Kehadiran Riza Chalid terkait Pilpres 2019,"Kamis, 19 Jul 2018 12:39 WIB",https://www.cnnindonesia.com/nasional/20180719113036-32-315360/nasdem-bantah-kehadiran-riza-chalid-terkait-pilpres-2019,ADVERTISEMENT SCROLL TO CONTINUE WITH CONTENT
Pilpres 2019 dan Ancaman Eksploitasi Politik Identitas,"Kamis, 19 Jul 2018 08:52 WIB",https://www.cnnindonesia.com/nasional/20180719082946-32-315275/pilpres-2019-dan-ancaman-eksploitasi-politik-identitas,ADVERTISEMENT SCROLL TO CONTINUE WITH CONTENT
Trump Sebut Putin Bertanggung Jawab atas Intervensi Pemilu AS,"Kamis, 19 Jul 2018 07:15 WIB",https://www.cnnindonesia.com/internasional/20180719070319-134-315265/trump-sebut-putin-bertanggung-jawab-atas-intervensi-pemilu-as,ADVERTISEMENT SCROLL TO CONTINUE WITH CONTENT
Golkar Sebut Gerindra Berpeluang Gabung Koalisi Jokowi,"Kamis, 19 Jul 2018 06:25 WIB",https://www.cnnindonesia.com/nasional/20180718141926-32-315090/golkar-sebut-gerindra-berpeluang-gabung-koalisi-jokowi,ADVERTISEMENT SCROLL TO CONTINUE WITH CONTENT
Sekjen PDIP Tegaskan Hubungan Megawati-SBY Berjalan Baik,"Kamis, 19 Jul 2018 05:15 WIB",https://www.cnnindonesia.com/nasional/20180719035603-32-315255/sekjen-pdip-tegaskan-hubungan-megawati-sby-berjalan-baik,ADVERTISEMENT SCROLL TO CONTINUE WITH CONTENT
Ambang Batas Dinilai Potensi Hilangkan Capres Alternatif,"Kamis, 19 Jul 2018 02:39 WIB",https://www.cnnindonesia.com/nasional/20180718210614-12-315231/ambang-batas-dinilai-potensi-hilangkan-capres-alternatif,ADVERTISEMENT SCROLL TO CONTINUE WITH CONTENT
Konsekuensi PKB Daftarkan Cak Imin Caleg Sekaligus Cawapres,"Kamis, 19 Jul 2018 00:18 WIB",https://www.cnnindonesia.com/nasional/20180718172001-32-315150/konsekuensi-pkb-daftarkan-cak-imin-caleg-sekaligus-cawapres,ADVERTISEMENT SCROLL TO CONTINUE WITH CONTENT
"Ditanya Cawapres, Prabowo Seloroh Sama Ganteng dengan AHY","Rabu, 18 Jul 2018 20:45 WIB",https://www.cnnindonesia.com/nasional/20180718202827-32-315228/ditanya-cawapres-prabowo-seloroh-sama-ganteng-dengan-ahy,ADVERTISEMENT SCROLL TO CONTINUE WITH CONTENT
Prabowo Kenang Masa Muda saat Jenguk SBY di RSPAD,"Rabu, 18 Jul 2018 19:59 WIB",https://www.cnnindonesia.com/nasional/20180718195116-20-315218/prabowo-kenang-masa-muda-saat-jenguk-sby-di-rspad,ADVERTISEMENT SCROLL TO CONTINUE WITH CONTENT
Prabowo Tak Mau Bicara Politik dengan SBY di Rumah Sakit,"Rabu, 18 Jul 2018 19:16 WIB",https://www.cnnindonesia.com/nasional/20180718190156-32-315193/prabowo-tak-mau-bicara-politik-dengan-sby-di-rumah-sakit,ADVERTISEMENT SCROLL TO CONTINUE WITH CONTENT
Demokrat Pastikan Tak Ada Sanksi TGB Dukung Jokowi,"Rabu, 18 Jul 2018 17:29 WIB",https://www.cnnindonesia.com/nasional/20180718172459-32-315148/demokrat-pastikan-tak-ada-sanksi-tgb-dukung-jokowi,ADVERTISEMENT SCROLL TO CONTINUE WITH CONTENT
"Prabowo Besuk SBY Sore Ini, Tak Akan Bahas Politik","Rabu, 18 Jul 2018 17:00 WIB",https://www.cnnindonesia.com/nasional/20180718164853-32-315137/prabowo-besuk-sby-sore-ini-tak-akan-bahas-politik,ADVERTISEMENT SCROLL TO CONTINUE WITH CONTENT
"Belum Ada yang Meminang, Anies Tak Mau Bicara Pilpres","Rabu, 18 Jul 2018 16:18 WIB",https://www.cnnindonesia.com/nasional/20180718135547-32-315075/belum-ada-yang-meminang-anies-tak-mau-bicara-pilpres,ADVERTISEMENT SCROLL TO CONTINUE WITH CONTENT
"Pengacara Rizieq: Kalau Jadi Caleg PDIP, Apakah Saya Munafik?","Rabu, 18 Jul 2018 15:09 WIB",https://www.cnnindonesia.com/nasional/20180718145346-32-315108/pengacara-rizieq-kalau-jadi-caleg-pdip-apakah-saya-munafik,ADVERTISEMENT SCROLL TO CONTINUE WITH CONTENT
Demokrat: Hubungan SBY-Megawati Jadi Barier Dukung Jokowi,"Rabu, 18 Jul 2018 14:36 WIB",https://www.cnnindonesia.com/nasional/20180718142114-32-315085/demokrat-hubungan-sby-megawati-jadi-barier-dukung-jokowi,ADVERTISEMENT SCROLL TO CONTINUE WITH CONTENT
Prabowo Berencana Jenguk SBY di RSPAD,"Rabu, 18 Jul 2018 13:24 WIB",https://www.cnnindonesia.com/nasional/20180718124855-32-315056/prabowo-berencana-jenguk-sby-di-rspad,ADVERTISEMENT SCROLL TO CONTINUE WITH CONTENT
Politik SARA Diproyeksi Tak Laku 'Digoreng' di Pilpres 2019,"Rabu, 18 Jul 2018 12:42 WIB",https://www.cnnindonesia.com/nasional/20180718100127-32-315002/politik-sara-diproyeksi-tak-laku-digoreng-di-pilpres-2019,ADVERTISEMENT SCROLL TO CONTINUE WITH CONTENT
Zulhas: Mudah-mudahan SBY Segera Sembuh Kalau Benar Sakit,"Rabu, 18 Jul 2018 11:45 WIB",https://www.cnnindonesia.com/nasional/20180718105110-32-315015/zulhas-mudah-mudahan-sby-segera-sembuh-kalau-benar-sakit,ADVERTISEMENT SCROLL TO CONTINUE WITH CONTENT
Demokrat Klaim Masih Samakan Visi dengan Gerindra,"Rabu, 18 Jul 2018 11:32 WIB",https://www.cnnindonesia.com/nasional/20180717132104-32-314740/demokrat-klaim-masih-samakan-visi-dengan-gerindra,ADVERTISEMENT SCROLL TO CONTINUE WITH CONTENT
Haris Azhar Serukan Golput Jika Capres Tak Usung Masalah Riil,"Rabu, 18 Jul 2018 10:24 WIB",https://www.cnnindonesia.com/nasional/20180718071937-32-314980/haris-azhar-serukan-golput-jika-capres-tak-usung-masalah-riil,ADVERTISEMENT SCROLL TO CONTINUE WITH CONTENT
PDIP Tolak Anggapan Megawati 'Dikte' Jokowi Pilih Cawapres,"Rabu, 18 Jul 2018 09:48 WIB",https://www.cnnindonesia.com/nasional/20180717145624-32-314797/pdip-tolak-anggapan-megawati-dikte-jokowi-pilih-cawapres,ADVERTISEMENT SCROLL TO CONTINUE WITH CONTENT
Jusuf Kalla Beberkan Kriteria Cawapres yang Pas untuk Jokowi,"Rabu, 18 Jul 2018 09:22 WIB",https://www.cnnindonesia.com/nasional/20180717162906-32-314840/jusuf-kalla-beberkan-kriteria-cawapres-yang-pas-untuk-jokowi,ADVERTISEMENT SCROLL TO CONTINUE WITH CONTENT
"SBY Sakit, Pertemuan dengan Prabowo Ditunda","Rabu, 18 Jul 2018 09:14 WIB",https://www.cnnindonesia.com/nasional/20180718091122-32-314992/sby-sakit-pertemuan-dengan-prabowo-ditunda,ADVERTISEMENT SCROLL TO CONTINUE WITH CONTENT
PKS Dambakan Presiden Lebih Muda dari Jokowi-Prabowo,"Rabu, 18 Jul 2018 08:28 WIB",https://www.cnnindonesia.com/nasional/20180717185137-32-314893/pks-dambakan-presiden-lebih-muda-dari-jokowi-prabowo,ADVERTISEMENT SCROLL TO CONTINUE WITH CONTENT
"Usai Bertemu Puan, Prabowo Singgung Kenaikan Harga Telur","Rabu, 18 Jul 2018 07:15 WIB",https://www.cnnindonesia.com/nasional/20180718070049-32-314974/usai-bertemu-puan-prabowo-singgung-kenaikan-harga-telur,ADVERTISEMENT SCROLL TO CONTINUE WITH CONTENT
Pertemuan SBY-Prabowo Ancam Peluang Poros Ketiga di Pilpres,"Rabu, 18 Jul 2018 07:01 WIB",https://www.cnnindonesia.com/nasional/20180717221806-32-314928/pertemuan-sby-prabowo-ancam-peluang-poros-ketiga-di-pilpres,ADVERTISEMENT SCROLL TO CONTINUE WITH CONTENT
Fahri Hamzah Sebut Hanya Orang Kuat yang Bisa Kalahkan Jokowi,"Rabu, 18 Jul 2018 06:30 WIB",https://www.cnnindonesia.com/nasional/20180717205314-32-314909/fahri-hamzah-sebut-hanya-orang-kuat-yang-bisa-kalahkan-jokowi,ADVERTISEMENT SCROLL TO CONTINUE WITH CONTENT
Riset: Jumlah Kelompok Pro Pancasila Menurun,"Rabu, 18 Jul 2018 04:30 WIB",https://www.cnnindonesia.com/nasional/20180717205812-32-314910/riset-jumlah-kelompok-pro-pancasila-menurun,ADVERTISEMENT SCROLL TO CONTINUE WITH CONTENT
Survei KedaiKOPI: Kadar Religius Jokowi dan Prabowo Rendah,"Rabu, 18 Jul 2018 04:07 WIB",https://www.cnnindonesia.com/nasional/20180717183433-32-314892/survei-kedaikopi-kadar-religius-jokowi-dan-prabowo-rendah,ADVERTISEMENT SCROLL TO CONTINUE WITH CONTENT
"Aher Jadi Caleg, Deddy Mizwar Masuk Tim Pemenangan Pilpres","Rabu, 18 Jul 2018 03:40 WIB",https://www.cnnindonesia.com/nasional/20180717205514-32-314914/aher-jadi-caleg-deddy-mizwar-masuk-tim-pemenangan-pilpres,ADVERTISEMENT SCROLL TO CONTINUE WITH CONTENT
Prabowo Bakal Bahas AHY Cawapres Bareng SBY,"Rabu, 18 Jul 2018 02:13 WIB",https://www.cnnindonesia.com/nasional/20180717210747-32-314912/prabowo-bakal-bahas-ahy-cawapres-bareng-sby,ADVERTISEMENT SCROLL TO CONTINUE WITH CONTENT
"Taati Perintah Mega dan Jokowi, Tjahjo Kumolo Tak Nyaleg","Rabu, 18 Jul 2018 01:51 WIB",https://www.cnnindonesia.com/nasional/20180717190343-32-314896/taati-perintah-mega-dan-jokowi-tjahjo-kumolo-tak-nyaleg,ADVERTISEMENT SCROLL TO CONTINUE WITH CONTENT
Hasto: Pertemuan Puan-Prabowo Sudah Dikonsultasi ke Megawati,"Rabu, 18 Jul 2018 00:44 WIB",https://www.cnnindonesia.com/nasional/20180717220926-32-314927/hasto-pertemuan-puan-prabowo-sudah-dikonsultasi-ke-megawati,ADVERTISEMENT SCROLL TO CONTINUE WITH CONTENT
Gerindra Ajukan Berkas Caleg dengan Map 2019 Prabowo Presiden,"Selasa, 17 Jul 2018 23:55 WIB",https://www.cnnindonesia.com/nasional/20180717234529-32-314934/gerindra-ajukan-berkas-caleg-dengan-map-2019-prabowo-presiden,ADVERTISEMENT SCROLL TO CONTINUE WITH CONTENT
"Prabowo Masih Rangkul Parpol, PDIP Banggakan Koalisi Solid","Selasa, 17 Jul 2018 21:32 WIB",https://www.cnnindonesia.com/nasional/20180717211235-32-314916/prabowo-masih-rangkul-parpol-pdip-banggakan-koalisi-solid,ADVERTISEMENT SCROLL TO CONTINUE WITH CONTENT
Pramono Sebut Jokowi Umumkan Cawapresnya Detik Terakhir,"Selasa, 17 Jul 2018 20:21 WIB",https://www.cnnindonesia.com/nasional/20180717174601-32-314873/pramono-sebut-jokowi-umumkan-cawapresnya-detik-terakhir,ADVERTISEMENT SCROLL TO CONTINUE WITH CONTENT
Novel Minta Jokowi Ungkap Kasusnya sebelum Pilpres 2019,"Selasa, 17 Jul 2018 17:37 WIB",https://www.cnnindonesia.com/nasional/20180717171446-12-314857/novel-minta-jokowi-ungkap-kasusnya-sebelum-pilpres-2019,ADVERTISEMENT SCROLL TO CONTINUE WITH CONTENT
Mobil Puan Maharani Berbalik Arah Tak Jauh dari Rumah Prabowo,"Selasa, 17 Jul 2018 16:59 WIB",https://www.cnnindonesia.com/nasional/20180717164011-32-314846/mobil-puan-maharani-berbalik-arah-tak-jauh-dari-rumah-prabowo,ADVERTISEMENT SCROLL TO CONTINUE WITH CONTENT
"Empat Nama Masuk Kantong Prabowo, Anies dan AHY Masuk Daftar","Selasa, 17 Jul 2018 15:05 WIB",https://www.cnnindonesia.com/nasional/20180717142149-32-314786/empat-nama-masuk-kantong-prabowo-anies-dan-ahy-masuk-daftar,ADVERTISEMENT SCROLL TO CONTINUE WITH CONTENT
Hati-hati Anggaran Jebol Demi Penurunan Kemiskinan 'Semu',"Selasa, 17 Jul 2018 14:45 WIB",https://www.cnnindonesia.com/ekonomi/20180717143054-532-314784/hati-hati-anggaran-jebol-demi-penurunan-kemiskinan-semu,ADVERTISEMENT SCROLL TO CONTINUE WITH CONTENT
"Bertemu Megawati, Airlangga Jamin Kemenangan Jokowi","Selasa, 17 Jul 2018 14:18 WIB",https://www.cnnindonesia.com/nasional/20180717112933-32-314711/bertemu-megawati-airlangga-jamin-kemenangan-jokowi,ADVERTISEMENT SCROLL TO CONTINUE WITH CONTENT
Sandiaga Sebut Prabowo Akan Bertemu Puan Hari Ini,"Selasa, 17 Jul 2018 13:35 WIB",https://www.cnnindonesia.com/nasional/20180717132139-32-314736/sandiaga-sebut-prabowo-akan-bertemu-puan-hari-ini,ADVERTISEMENT SCROLL TO CONTINUE WITH CONTENT
AS Dakwa Agen Rusia Pengatur Pertemuan Rahasia Trump-Putin,"Selasa, 17 Jul 2018 13:22 WIB",https://www.cnnindonesia.com/internasional/20180717104417-134-314696/as-dakwa-agen-rusia-pengatur-pertemuan-rahasia-trump-putin,ADVERTISEMENT SCROLL TO CONTINUE WITH CONTENT
Romy Ungkap Tak Ada Nama TGB Dalam Daftar Cawapres Jokowi,"Selasa, 17 Jul 2018 13:06 WIB",https://www.cnnindonesia.com/nasional/20180717123756-32-314726/romy-ungkap-tak-ada-nama-tgb-dalam-daftar-cawapres-jokowi,ADVERTISEMENT SCROLL TO CONTINUE WITH CONTENT
Putin Sebut Demokrasi Amerika Kotor,"Selasa, 17 Jul 2018 12:30 WIB",https://www.cnnindonesia.com/internasional/20180717113306-134-314706/putin-sebut-demokrasi-amerika-kotor,ADVERTISEMENT SCROLL TO CONTINUE WITH CONTENT
"Puji Presiden Rusia, Trump Sebut Putin Sangat Kuat","Selasa, 17 Jul 2018 10:28 WIB",https://www.cnnindonesia.com/internasional/20180717100736-134-314686/puji-presiden-rusia-trump-sebut-putin-sangat-kuat,ADVERTISEMENT SCROLL TO CONTINUE WITH CONTENT
"Jika Maju Pilpres, Anies Harus Izin Jokowi Maksimal 27 Juli","Selasa, 17 Jul 2018 10:15 WIB",https://www.cnnindonesia.com/nasional/20180717091640-32-314679/jika-maju-pilpres-anies-harus-izin-jokowi-maksimal-27-juli,ADVERTISEMENT SCROLL TO CONTINUE WITH CONTENT
Di balik Sikap 'Malu-malu Kucing' Anies Menatap Pilpres 2019,"Selasa, 17 Jul 2018 10:06 WIB",https://www.cnnindonesia.com/nasional/20180717081059-32-314681/di-balik-sikap-malu-malu-kucing-anies-menatap-pilpres-2019,ADVERTISEMENT SCROLL TO CONTINUE WITH CONTENT
"Jumpa Putin, Trump Tak Pertanyakan Intervensi Rusia di Pemilu","Selasa, 17 Jul 2018 09:29 WIB",https://www.cnnindonesia.com/internasional/20180717091935-134-314676/jumpa-putin-trump-tak-pertanyakan-intervensi-rusia-di-pemilu,ADVERTISEMENT SCROLL TO CONTINUE WITH CONTENT
"Harapan Tukang Becak Kepada Anies, Usai Trauma di Zaman Ahok","Selasa, 17 Jul 2018 07:45 WIB",https://www.cnnindonesia.com/nasional/20180717070330-20-314665/harapan-tukang-becak-kepada-anies-usai-trauma-di-zaman-ahok,ADVERTISEMENT SCROLL TO CONTINUE WITH CONTENT
Sekjen PAN Tegaskan Koalisi dengan Gerindra Belum Final,"Selasa, 17 Jul 2018 06:45 WIB",https://www.cnnindonesia.com/nasional/20180716203408-32-314631/sekjen-pan-tegaskan-koalisi-dengan-gerindra-belum-final,ADVERTISEMENT SCROLL TO CONTINUE WITH CONTENT
"Temui Putin, Trump Dikritik Rekan-rekannya di Partai Republik","Selasa, 17 Jul 2018 05:41 WIB",https://www.cnnindonesia.com/internasional/20180717053545-134-314659/temui-putin-trump-dikritik-rekan-rekannya-di-partai-republik,ADVERTISEMENT SCROLL TO CONTINUE WITH CONTENT
John McCain Sebut Penampilan Trump usai Temui Putin Memalukan,"Selasa, 17 Jul 2018 04:40 WIB",https://www.cnnindonesia.com/internasional/20180717043110-134-314657/john-mccain-sebut-penampilan-trump-usai-temui-putin-memalukan,ADVERTISEMENT SCROLL TO CONTINUE WITH CONTENT
Prabowo Temui Said Aqil di Kantor PBNU,"Senin, 16 Jul 2018 22:12 WIB",https://www.cnnindonesia.com/nasional/20180716220442-32-314639/prabowo-temui-said-aqil-di-kantor-pbnu,ADVERTISEMENT SCROLL TO CONTINUE WITH CONTENT
Sukmawati Soekarnoputri Kerahkan 'Marhaenis' Dukung Jokowi,"Senin, 16 Jul 2018 20:55 WIB",https://www.cnnindonesia.com/nasional/20180716173543-32-314584/sukmawati-soekarnoputri-kerahkan-marhaenis-dukung-jokowi,ADVERTISEMENT SCROLL TO CONTINUE WITH CONTENT
"Bertemu Perdana, Karakter Trump dan Putin Bertolak Belakang","Senin, 16 Jul 2018 20:49 WIB",https://www.cnnindonesia.com/internasional/20180716185748-134-314608/bertemu-perdana-karakter-trump-dan-putin-bertolak-belakang,ADVERTISEMENT SCROLL TO CONTINUE WITH CONTENT
Demokrat: Pertemuan SBY-Prabowo akan Penuh Kejutan,"Senin, 16 Jul 2018 18:21 WIB",https://www.cnnindonesia.com/nasional/20180716181129-32-314595/demokrat-pertemuan-sby-prabowo-akan-penuh-kejutan,ADVERTISEMENT SCROLL TO CONTINUE WITH CONTENT
"Tak Ingin Anies Nyapres, Tukang Becak akan Datangi Balai Kota","Senin, 16 Jul 2018 17:55 WIB",https://www.cnnindonesia.com/nasional/20180716131410-12-314491/tak-ingin-anies-nyapres-tukang-becak-akan-datangi-balai-kota,ADVERTISEMENT SCROLL TO CONTINUE WITH CONTENT
"Peluang Pilpres Tipis, Karier Politik Gatot Belum Habis","Senin, 16 Jul 2018 17:48 WIB",https://www.cnnindonesia.com/nasional/20180716172457-32-314580/peluang-pilpres-tipis-karier-politik-gatot-belum-habis,ADVERTISEMENT SCROLL TO CONTINUE WITH CONTENT
PKS Belum Sepakat Tawaran Politik Gerindra soal Prabowo,"Senin, 16 Jul 2018 16:40 WIB",https://www.cnnindonesia.com/nasional/20180716162810-32-314549/pks-belum-sepakat-tawaran-politik-gerindra-soal-prabowo,ADVERTISEMENT SCROLL TO CONTINUE WITH CONTENT
Demokrat Masih Bimbang Dukung Jokowi atau Prabowo,"Senin, 16 Jul 2018 15:52 WIB",https://www.cnnindonesia.com/nasional/20180716154254-32-314537/demokrat-masih-bimbang-dukung-jokowi-atau-prabowo,ADVERTISEMENT SCROLL TO CONTINUE WITH CONTENT
Mahfud MD Belum Diajak Bicara Jokowi soal Bursa Cawapres,"Senin, 16 Jul 2018 15:35 WIB",https://www.cnnindonesia.com/nasional/20180716143120-32-314512/mahfud-md-belum-diajak-bicara-jokowi-soal-bursa-cawapres,ADVERTISEMENT SCROLL TO CONTINUE WITH CONTENT
"Akui Koalisi Belum Final, Gerindra Masih Harapkan PAN dan PKS","Senin, 16 Jul 2018 14:57 WIB",https://www.cnnindonesia.com/nasional/20180716140039-32-314513/akui-koalisi-belum-final-gerindra-masih-harapkan-pan-dan-pks,ADVERTISEMENT SCROLL TO CONTINUE WITH CONTENT
Prabowo-SBY Bertemu Rabu Lusa Bahas Pilpres 2019,"Senin, 16 Jul 2018 13:57 WIB",https://www.cnnindonesia.com/nasional/20180716134626-32-314498/prabowo-sby-bertemu-rabu-lusa-bahas-pilpres-2019,ADVERTISEMENT SCROLL TO CONTINUE WITH CONTENT
Anies Baswedan Kembali Menghindar Ditanya Pilpres 2019,"Senin, 16 Jul 2018 11:53 WIB",https://www.cnnindonesia.com/nasional/20180716103355-32-314421/anies-baswedan-kembali-menghindar-ditanya-pilpres-2019,ADVERTISEMENT SCROLL TO CONTINUE WITH CONTENT
Jokowi Akui Mahfud MD dan TGB Masuk Daftar Cawapres,"Senin, 16 Jul 2018 11:41 WIB",https://www.cnnindonesia.com/nasional/20180716112446-32-314444/jokowi-akui-mahfud-md-dan-tgb-masuk-daftar-cawapres,ADVERTISEMENT SCROLL TO CONTINUE WITH CONTENT
Netizen Ledek Anies Baswedan Penyebab Kekalahan Kroasia,"Senin, 16 Jul 2018 09:58 WIB",https://www.cnnindonesia.com/nasional/20180716093211-20-314404/netizen-ledek-anies-baswedan-penyebab-kekalahan-kroasia,ADVERTISEMENT SCROLL TO CONTINUE WITH CONTENT
Gatot Nurmantyo dan Harapan Kejutan Oposisi di Pilpres 2019,"Senin, 16 Jul 2018 07:59 WIB",https://www.cnnindonesia.com/nasional/20180716072027-32-314386/gatot-nurmantyo-dan-harapan-kejutan-oposisi-di-pilpres-2019,ADVERTISEMENT SCROLL TO CONTINUE WITH CONTENT
Anies Sebut Belum Ada Partai yang Tawari Maju Pilpres 2019,"Senin, 16 Jul 2018 05:41 WIB",https://www.cnnindonesia.com/nasional/20180715192956-32-314226/anies-sebut-belum-ada-partai-yang-tawari-maju-pilpres-2019,ADVERTISEMENT SCROLL TO CONTINUE WITH CONTENT
Pertemuan dengan Putin dan Hujan Kritik untuk Trump,"Senin, 16 Jul 2018 05:22 WIB",https://www.cnnindonesia.com/internasional/20180713122624-134-313777/pertemuan-dengan-putin-dan-hujan-kritik-untuk-trump,ADVERTISEMENT SCROLL TO CONTINUE WITH CONTENT
Trump Salahkan Obama soal Intervensi Rusia dalam Pemilu AS,"Senin, 16 Jul 2018 00:52 WIB",https://www.cnnindonesia.com/internasional/20180715163137-134-314195/trump-salahkan-obama-soal-intervensi-rusia-dalam-pemilu-as,ADVERTISEMENT SCROLL TO CONTINUE WITH CONTENT
"Alumni 212 Bersyukur Gerindra, PKS, dan PAN Sepakat Koalisi","Minggu, 15 Jul 2018 10:36 WIB",https://www.cnnindonesia.com/nasional/20180714111630-32-313994/alumni-212-bersyukur-gerindra-pks-dan-pan-sepakat-koalisi,ADVERTISEMENT SCROLL TO CONTINUE WITH CONTENT
PPP Yakin Cawapres Jokowi Berinisial M Hanya Kabar Angin,"Minggu, 15 Jul 2018 05:52 WIB",https://www.cnnindonesia.com/nasional/20180714175151-32-314047/ppp-yakin-cawapres-jokowi-berinisial-m-hanya-kabar-angin,ADVERTISEMENT SCROLL TO CONTINUE WITH CONTENT
Peretasan di Pilpres AS Libatkan Bitcoin dan Teknik Phishing,"Minggu, 15 Jul 2018 05:30 WIB",https://www.cnnindonesia.com/teknologi/20180714155650-185-314030/peretasan-di-pilpres-as-libatkan-bitcoin-dan-teknik-phishing,ADVERTISEMENT SCROLL TO CONTINUE WITH CONTENT
PPP Nilai Hanya Kubu Prabowo yang Patut Jadi Penantang Jokowi,"Minggu, 15 Jul 2018 04:45 WIB",https://www.cnnindonesia.com/nasional/20180714172616-32-314043/ppp-nilai-hanya-kubu-prabowo-yang-patut-jadi-penantang-jokowi,ADVERTISEMENT SCROLL TO CONTINUE WITH CONTENT
Pertemuan Puan-AHY dan Potensi Sejarah Koalisi PDIP-Demokrat,"Minggu, 15 Jul 2018 03:07 WIB",https://www.cnnindonesia.com/nasional/20180714181940-32-314053/pertemuan-puan-ahy-dan-potensi-sejarah-koalisi-pdip-demokrat,ADVERTISEMENT SCROLL TO CONTINUE WITH CONTENT
PPP Nilai Demokrat Mulai Realistis Tatap Pilpres 2019,"Minggu, 15 Jul 2018 02:16 WIB",https://www.cnnindonesia.com/nasional/20180714184324-32-314055/ppp-nilai-demokrat-mulai-realistis-tatap-pilpres-2019,ADVERTISEMENT SCROLL TO CONTINUE WITH CONTENT
Jokowi: Jangan Sampai karena Pilihan Presiden Tak Saling Sapa,"Minggu, 15 Jul 2018 01:24 WIB",https://www.cnnindonesia.com/nasional/20180715011041-32-314129/jokowi-jangan-sampai-karena-pilihan-presiden-tak-saling-sapa,ADVERTISEMENT SCROLL TO CONTINUE WITH CONTENT
"PKS, Gerindra dan PAN Bicarakan Jatah Menteri untuk Demokrat","Minggu, 15 Jul 2018 01:06 WIB",https://www.cnnindonesia.com/nasional/20180714203919-32-314072/pks-gerindra-dan-pan-bicarakan-jatah-menteri-untuk-demokrat,ADVERTISEMENT SCROLL TO CONTINUE WITH CONTENT
"Koalisi Gerindra Usung Prabowo, PDIP Buka Pintu ke Demokrat","Sabtu, 14 Jul 2018 21:41 WIB",https://www.cnnindonesia.com/nasional/20180714183104-32-314056/koalisi-gerindra-usung-prabowo-pdip-buka-pintu-ke-demokrat,ADVERTISEMENT SCROLL TO CONTINUE WITH CONTENT
PKS Sebut Demokrat Sulit Ajukan Cawapres di Koalisi Prabowo,"Sabtu, 14 Jul 2018 20:56 WIB",https://www.cnnindonesia.com/nasional/20180714204100-32-314073/pks-sebut-demokrat-sulit-ajukan-cawapres-di-koalisi-prabowo,ADVERTISEMENT SCROLL TO CONTINUE WITH CONTENT
Presiden PKS Minta Anies Baswedan Fokus Pimpin Jakarta,"Sabtu, 14 Jul 2018 20:30 WIB",https://www.cnnindonesia.com/nasional/20180714201914-32-314067/presiden-pks-minta-anies-baswedan-fokus-pimpin-jakarta,ADVERTISEMENT SCROLL TO CONTINUE WITH CONTENT
Presiden PKS Tegaskan Kesepakatan Prabowo Capres Belum Final,"Sabtu, 14 Jul 2018 19:55 WIB",https://www.cnnindonesia.com/nasional/20180714195004-32-314061/presiden-pks-tegaskan-kesepakatan-prabowo-capres-belum-final,ADVERTISEMENT SCROLL TO CONTINUE WITH CONTENT
Golkar Usul Jokowi Pilih Cawapres dari Parpol,"Sabtu, 14 Jul 2018 18:47 WIB",https://www.cnnindonesia.com/nasional/20180714133054-32-314008/golkar-usul-jokowi-pilih-cawapres-dari-parpol,ADVERTISEMENT SCROLL TO CONTINUE WITH CONTENT
"Jokowi Diklaim Ajak Berkoalisi, PKS Fokus Ganti Presiden","Sabtu, 14 Jul 2018 18:10 WIB",https://www.cnnindonesia.com/nasional/20180714130244-32-314004/jokowi-diklaim-ajak-berkoalisi-pks-fokus-ganti-presiden,ADVERTISEMENT SCROLL TO CONTINUE WITH CONTENT
"Sempat Mengelak, Anies Tiba di DPP PKS","Sabtu, 14 Jul 2018 17:39 WIB",https://www.cnnindonesia.com/nasional/20180714173315-32-314044/sempat-mengelak-anies-tiba-di-dpp-pks,ADVERTISEMENT SCROLL TO CONTINUE WITH CONTENT
Kronologi Campur Tangan Rusia dalam Peretasan di Pilpres AS,"Sabtu, 14 Jul 2018 17:18 WIB",https://www.cnnindonesia.com/internasional/20180714144028-134-314019/kronologi-campur-tangan-rusia-dalam-peretasan-di-pilpres-as,ADVERTISEMENT SCROLL TO CONTINUE WITH CONTENT
Jokowi: Salah Satu Nama Kandidat Cawapres itu Cak Imin,"Sabtu, 14 Jul 2018 16:51 WIB",https://www.cnnindonesia.com/nasional/20180714160829-32-314033/jokowi-salah-satu-nama-kandidat-cawapres-itu-cak-imin,ADVERTISEMENT SCROLL TO CONTINUE WITH CONTENT
"Gerindra, PKS, PAN Sepakat Koalisi Usung Prabowo Jadi Capres","Sabtu, 14 Jul 2018 16:26 WIB",https://www.cnnindonesia.com/nasional/20180714161630-32-314034/gerindra-pks-pan-sepakat-koalisi-usung-prabowo-jadi-capres,ADVERTISEMENT SCROLL TO CONTINUE WITH CONTENT
"PKB Dukung Jokowi, PDIP Sebut Cak Imin Ambil Keputusan Tepat","Sabtu, 14 Jul 2018 15:43 WIB",https://www.cnnindonesia.com/nasional/20180714153530-32-314026/pkb-dukung-jokowi-pdip-sebut-cak-imin-ambil-keputusan-tepat,ADVERTISEMENT SCROLL TO CONTINUE WITH CONTENT
AS Dakwa Mata-mata Rusia Terkait Peretasan pada Pemilu 2016,"Sabtu, 14 Jul 2018 14:22 WIB",https://www.cnnindonesia.com/internasional/20180714140011-134-314015/as-dakwa-mata-mata-rusia-terkait-peretasan-pada-pemilu-2016,ADVERTISEMENT SCROLL TO CONTINUE WITH CONTENT
PKB Resmi Dukung Jokowi di Pilpres 2019,"Sabtu, 14 Jul 2018 13:58 WIB",https://www.cnnindonesia.com/nasional/20180714135821-32-314012/pkb-resmi-dukung-jokowi-di-pilpres-2019,ADVERTISEMENT SCROLL TO CONTINUE WITH CONTENT
Janji Manis Anies untuk Jakarta Hingga Jabatan Habis,"Sabtu, 14 Jul 2018 11:07 WIB",https://www.cnnindonesia.com/nasional/20180714105749-32-313991/janji-manis-anies-untuk-jakarta-hingga-jabatan-habis,ADVERTISEMENT SCROLL TO CONTINUE WITH CONTENT
Menimbang Cawapres Prabowo dan Peluang Menjungkalkan Jokowi,"Sabtu, 14 Jul 2018 08:45 WIB",https://www.cnnindonesia.com/nasional/20180713161552-32-313837/menimbang-cawapres-prabowo-dan-peluang-menjungkalkan-jokowi,ADVERTISEMENT SCROLL TO CONTINUE WITH CONTENT
PKS Gembira AHY Bukan Harga Mati Cawapres Demokrat,"Sabtu, 14 Jul 2018 05:52 WIB",https://www.cnnindonesia.com/nasional/20180714051317-32-313978/pks-gembira-ahy-bukan-harga-mati-cawapres-demokrat,ADVERTISEMENT SCROLL TO CONTINUE WITH CONTENT
"Tepis Politik Identitas, Mahfud Dinilai Cocok Dampingi Jokowi","Sabtu, 14 Jul 2018 05:43 WIB",https://www.cnnindonesia.com/nasional/20180713164556-32-313845/tepis-politik-identitas-mahfud-dinilai-cocok-dampingi-jokowi,ADVERTISEMENT SCROLL TO CONTINUE WITH CONTENT
Anies Sebut Petisi Tukang Becak Tolak Capres Salah Alamat,"Sabtu, 14 Jul 2018 05:07 WIB",https://www.cnnindonesia.com/nasional/20180714045702-32-313976/anies-sebut-petisi-tukang-becak-tolak-capres-salah-alamat,ADVERTISEMENT SCROLL TO CONTINUE WITH CONTENT
PDIP: Tidak Ada yang Baru di Kontrak Politik Demokrat,"Sabtu, 14 Jul 2018 03:44 WIB",https://www.cnnindonesia.com/nasional/20180713183207-32-313871/pdip-tidak-ada-yang-baru-di-kontrak-politik-demokrat,ADVERTISEMENT SCROLL TO CONTINUE WITH CONTENT
Moeldoko Klaim Dukungan Jadi Cawapres Datang Walau Dilarang,"Sabtu, 14 Jul 2018 02:13 WIB",https://www.cnnindonesia.com/nasional/20180714020204-32-313967/moeldoko-klaim-dukungan-jadi-cawapres-datang-walau-dilarang,ADVERTISEMENT SCROLL TO CONTINUE WITH CONTENT
PPP Anggap Kontrak Politik dari Partai Demokrat Tidak Menarik,"Sabtu, 14 Jul 2018 01:19 WIB",https://www.cnnindonesia.com/nasional/20180714010735-32-313964/ppp-anggap-kontrak-politik-dari-partai-demokrat-tidak-menarik,ADVERTISEMENT SCROLL TO CONTINUE WITH CONTENT
"Walau Datang dari Langit, OSO Dukung Siapapun Cawapres Jokowi","Sabtu, 14 Jul 2018 00:59 WIB",https://www.cnnindonesia.com/nasional/20180713201246-32-313922/walau-datang-dari-langit-oso-dukung-siapapun-cawapres-jokowi,ADVERTISEMENT SCROLL TO CONTINUE WITH CONTENT
Hinca Tegaskan Agus Hermanto ke PDIP Tanpa Restu SBY,"Jumat, 13 Jul 2018 23:07 WIB",https://www.cnnindonesia.com/nasional/20180713230036-32-313951/hinca-tegaskan-agus-hermanto-ke-pdip-tanpa-restu-sby,ADVERTISEMENT SCROLL TO CONTINUE WITH CONTENT
"Soal Capres, Khofifah Sebut Relawan Muslimat Ikut Pilihannya","Jumat, 13 Jul 2018 19:40 WIB",https://www.cnnindonesia.com/nasional/20180713175050-32-313865/soal-capres-khofifah-sebut-relawan-muslimat-ikut-pilihannya,ADVERTISEMENT SCROLL TO CONTINUE WITH CONTENT
"Ajukan 10 Calon Menteri ke Prabowo, PKS Sertakan Rizal Ramli","Jumat, 13 Jul 2018 18:51 WIB",https://www.cnnindonesia.com/nasional/20180713171018-32-313869/ajukan-10-calon-menteri-ke-prabowo-pks-sertakan-rizal-ramli,ADVERTISEMENT SCROLL TO CONTINUE WITH CONTENT
Anies Tak Tahu Tukang Becak Tolak Dirinya Maju Pilpres,"Jumat, 13 Jul 2018 17:00 WIB",https://www.cnnindonesia.com/nasional/20180713161804-32-313835/anies-tak-tahu-tukang-becak-tolak-dirinya-maju-pilpres,ADVERTISEMENT SCROLL TO CONTINUE WITH CONTENT
Demokrat dan PDIP Bahas Rencana Pertemuan AHY-Puan Maharani,"Jumat, 13 Jul 2018 16:22 WIB",https://www.cnnindonesia.com/nasional/20180713155006-32-313828/demokrat-dan-pdip-bahas-rencana-pertemuan-ahy-puan-maharani,ADVERTISEMENT SCROLL TO CONTINUE WITH CONTENT
Golkar Bantah Ajak Demokrat Bentuk Koalisi Cadangan,"Jumat, 13 Jul 2018 14:30 WIB",https://www.cnnindonesia.com/nasional/20180713140122-32-313801/golkar-bantah-ajak-demokrat-bentuk-koalisi-cadangan,ADVERTISEMENT SCROLL TO CONTINUE WITH CONTENT
"Mengaku Diundang, Elite Demokrat Sambangi Kantor PDIP","Jumat, 13 Jul 2018 14:02 WIB",https://www.cnnindonesia.com/nasional/20180713135231-32-313797/mengaku-diundang-elite-demokrat-sambangi-kantor-pdip,ADVERTISEMENT SCROLL TO CONTINUE WITH CONTENT
"Nama TGB di Kantong Jokowi, Upaya Bendung Politik Identitas","Jumat, 13 Jul 2018 10:39 WIB",https://www.cnnindonesia.com/nasional/20180713090842-32-313742/nama-tgb-di-kantong-jokowi-upaya-bendung-politik-identitas,ADVERTISEMENT SCROLL TO CONTINUE WITH CONTENT
Pemimpin Serikat Becak Bikin Petisi Tolak Anies Jadi Capres,"Jumat, 13 Jul 2018 10:02 WIB",https://www.cnnindonesia.com/nasional/20180713091840-32-313733/pemimpin-serikat-becak-bikin-petisi-tolak-anies-jadi-capres,ADVERTISEMENT SCROLL TO CONTINUE WITH CONTENT
PDIP Nilai Desakan Cak Imin Cawapres Jokowi Cuma 'Gimmick',"Jumat, 13 Jul 2018 07:22 WIB",https://www.cnnindonesia.com/nasional/20180712202524-32-313678/pdip-nilai-desakan-cak-imin-cawapres-jokowi-cuma-gimmick,ADVERTISEMENT SCROLL TO CONTINUE WITH CONTENT
Empat Parpol Pendukung Jokowi Diklaim Akan Dukung Prabowo,"Jumat, 13 Jul 2018 05:54 WIB",https://www.cnnindonesia.com/nasional/20180712193304-32-313672/empat-parpol-pendukung-jokowi-diklaim-akan-dukung-prabowo,ADVERTISEMENT SCROLL TO CONTINUE WITH CONTENT
Roy Suryo Akui Demokrat Mulai Realistis Menatap Pilpres 2019,"Jumat, 13 Jul 2018 00:38 WIB",https://www.cnnindonesia.com/nasional/20180713002916-32-313704/roy-suryo-akui-demokrat-mulai-realistis-menatap-pilpres-2019,ADVERTISEMENT SCROLL TO CONTINUE WITH CONTENT
Golkar Klaim Setia Walau Parpol Pendukung Jokowi Belum Jelas,"Jumat, 13 Jul 2018 00:23 WIB",https://www.cnnindonesia.com/nasional/20180713001042-32-313703/golkar-klaim-setia-walau-parpol-pendukung-jokowi-belum-jelas,ADVERTISEMENT SCROLL TO CONTINUE WITH CONTENT
Akbar Tandjung Minta Anies Tetap Pimpin DKI Selama 5 Tahun,"Kamis, 12 Jul 2018 23:27 WIB",https://www.cnnindonesia.com/nasional/20180712231217-32-313700/akbar-tandjung-minta-anies-tetap-pimpin-dki-selama-5-tahun,ADVERTISEMENT SCROLL TO CONTINUE WITH CONTENT
Gerindra Umumkan Cawapres Prabowo Subianto Sebelum 10 Agustus,"Kamis, 12 Jul 2018 23:09 WIB",https://www.cnnindonesia.com/nasional/20180712225158-32-313699/gerindra-umumkan-cawapres-prabowo-subianto-sebelum-10-agustus,ADVERTISEMENT SCROLL TO CONTINUE WITH CONTENT
"Tiru Kroasia, PAN Tentukan Koalisi Pilpres di Menit Akhir","Kamis, 12 Jul 2018 22:57 WIB",https://www.cnnindonesia.com/nasional/20180712174334-32-313631/tiru-kroasia-pan-tentukan-koalisi-pilpres-di-menit-akhir,ADVERTISEMENT SCROLL TO CONTINUE WITH CONTENT
"Tjahjo Soal Pilpres 2019: STMJ, Saya Tetap Milih Jokowi","Kamis, 12 Jul 2018 21:33 WIB",https://www.cnnindonesia.com/nasional/20180712211724-32-313691/tjahjo-soal-pilpres-2019-stmj-saya-tetap-milih-jokowi,ADVERTISEMENT SCROLL TO CONTINUE WITH CONTENT
Mardani Akui Manfaatkan Aksi 212 untuk Menangkan Anies-Sandi,"Kamis, 12 Jul 2018 20:56 WIB",https://www.cnnindonesia.com/nasional/20180712200852-32-313676/mardani-akui-manfaatkan-aksi-212-untuk-menangkan-anies-sandi,ADVERTISEMENT SCROLL TO CONTINUE WITH CONTENT
Airlangga Bantah Bentuk Poros Usai Bertemu SBY dan Muhaimin,"Kamis, 12 Jul 2018 20:31 WIB",https://www.cnnindonesia.com/nasional/20180712180735-32-313645/airlangga-bantah-bentuk-poros-usai-bertemu-sby-dan-muhaimin,ADVERTISEMENT SCROLL TO CONTINUE WITH CONTENT
Gerindra: Prabowo dan SBY Bertemu Pekan Depan,"Kamis, 12 Jul 2018 20:23 WIB",https://www.cnnindonesia.com/nasional/20180712161525-32-313594/gerindra-prabowo-dan-sby-bertemu-pekan-depan,ADVERTISEMENT SCROLL TO CONTINUE WITH CONTENT
PAN Deklarasi Dukung Prabowo Bila Zulkifli Hasan Cawapres,"Kamis, 12 Jul 2018 19:08 WIB",https://www.cnnindonesia.com/nasional/20180712163815-32-313605/pan-deklarasi-dukung-prabowo-bila-zulkifli-hasan-cawapres,ADVERTISEMENT SCROLL TO CONTINUE WITH CONTENT
KAHMI Bantah Deklarasi Dukungan Anies Capres di Balai Kota,"Kamis, 12 Jul 2018 18:43 WIB",https://www.cnnindonesia.com/nasional/20180712145236-32-313575/kahmi-bantah-deklarasi-dukungan-anies-capres-di-balai-kota,ADVERTISEMENT SCROLL TO CONTINUE WITH CONTENT
Demokrat Jamin 'Netral' di 2014 Tak Terulang di Pilpres 2019,"Kamis, 12 Jul 2018 18:12 WIB",https://www.cnnindonesia.com/nasional/20180712141812-32-313567/demokrat-jamin-netral-di-2014-tak-terulang-di-pilpres-2019,ADVERTISEMENT SCROLL TO CONTINUE WITH CONTENT
Khofifah dan Airlangga Bahas Dukungan untuk Jokowi di Jatim,"Kamis, 12 Jul 2018 17:54 WIB",https://www.cnnindonesia.com/nasional/20180712172055-32-313626/khofifah-dan-airlangga-bahas-dukungan-untuk-jokowi-di-jatim,ADVERTISEMENT SCROLL TO CONTINUE WITH CONTENT
"Cak Imin: Kalau Tidak JOIN, Bahaya","Kamis, 12 Jul 2018 17:23 WIB",https://www.cnnindonesia.com/nasional/20180712171749-32-313623/cak-imin-kalau-tidak-join-bahaya,ADVERTISEMENT SCROLL TO CONTINUE WITH CONTENT
PKS Klaim Anies dan AHY Sudah di Saku Prabowo,"Kamis, 12 Jul 2018 17:01 WIB",https://www.cnnindonesia.com/nasional/20180712134633-32-313548/pks-klaim-anies-dan-ahy-sudah-di-saku-prabowo,ADVERTISEMENT SCROLL TO CONTINUE WITH CONTENT
Anies Anggap Surat Politikus PKS soal Capres Salah Alamat,"Kamis, 12 Jul 2018 16:47 WIB",https://www.cnnindonesia.com/nasional/20180712133629-32-313552/anies-anggap-surat-politikus-pks-soal-capres-salah-alamat,ADVERTISEMENT SCROLL TO CONTINUE WITH CONTENT
Sandiaga Sebut Emak-Emak Kunci Memenangkan Pilpres 2019,"Kamis, 12 Jul 2018 16:21 WIB",https://www.cnnindonesia.com/nasional/20180712161705-32-313595/sandiaga-sebut-emak-emak-kunci-memenangkan-pilpres-2019,ADVERTISEMENT SCROLL TO CONTINUE WITH CONTENT
Anas Urbaningrum Sebut TGB Layak Maju di Pilpres,"Kamis, 12 Jul 2018 15:36 WIB",https://www.cnnindonesia.com/nasional/20180712131609-32-313544/anas-urbaningrum-sebut-tgb-layak-maju-di-pilpres,ADVERTISEMENT SCROLL TO CONTINUE WITH CONTENT
"Cawapres Jokowi Belum Final, PKB Belum Berniat Cabut Dukungan","Kamis, 12 Jul 2018 14:11 WIB",https://www.cnnindonesia.com/nasional/20180712140031-32-313558/cawapres-jokowi-belum-final-pkb-belum-berniat-cabut-dukungan,ADVERTISEMENT SCROLL TO CONTINUE WITH CONTENT
Anies Jamin Tak Ada Deklarasi Capres di Balai Kota,"Kamis, 12 Jul 2018 13:27 WIB",https://www.cnnindonesia.com/nasional/20180712131201-32-313541/anies-jamin-tak-ada-deklarasi-capres-di-balai-kota,ADVERTISEMENT SCROLL TO CONTINUE WITH CONTENT
"Balas Budi, Nurdin Halid Siap Menangkan Jokowi di Pilpres","Kamis, 12 Jul 2018 10:29 WIB",https://www.cnnindonesia.com/nasional/20180712102008-32-313496/balas-budi-nurdin-halid-siap-menangkan-jokowi-di-pilpres,ADVERTISEMENT SCROLL TO CONTINUE WITH CONTENT
'Mata Elang' KPK dan Rontoknya Para Petahana di Pilgub 2018,"Kamis, 12 Jul 2018 09:53 WIB",https://www.cnnindonesia.com/nasional/20180712080756-32-313479/mata-elang-kpk-dan-rontoknya-para-petahana-di-pilgub-2018,ADVERTISEMENT SCROLL TO CONTINUE WITH CONTENT
Politisi PDIP Sebut Jokowi Usung Nawacita Jilid II di Pilpres,"Kamis, 12 Jul 2018 07:46 WIB",https://www.cnnindonesia.com/nasional/20180711150727-32-313288/politisi-pdip-sebut-jokowi-usung-nawacita-jilid-ii-di-pilpres,ADVERTISEMENT SCROLL TO CONTINUE WITH CONTENT
Jokowi Disarankan Pilih Tokoh Islam sebagai Cawapres,"Kamis, 12 Jul 2018 07:08 WIB",https://www.cnnindonesia.com/nasional/20180712063214-32-313455/jokowi-disarankan-pilih-tokoh-islam-sebagai-cawapres,ADVERTISEMENT SCROLL TO CONTINUE WITH CONTENT
PDIP Ungkap Nawacita Jokowi Bisa Berubah Nama,"Kamis, 12 Jul 2018 06:00 WIB",https://www.cnnindonesia.com/nasional/20180712052051-32-313447/pdip-ungkap-nawacita-jokowi-bisa-berubah-nama,ADVERTISEMENT SCROLL TO CONTINUE WITH CONTENT
Sandiaga Uno Sindir Jokowi Tak Berani Umumkan Nama Cawapres,"Kamis, 12 Jul 2018 05:37 WIB",https://www.cnnindonesia.com/nasional/20180712053139-32-313449/sandiaga-uno-sindir-jokowi-tak-berani-umumkan-nama-cawapres,ADVERTISEMENT SCROLL TO CONTINUE WITH CONTENT
Fraksi PDIP DKI Tolak Ulah Amien Rais Terulang di Balai Kota,"Kamis, 12 Jul 2018 05:29 WIB",https://www.cnnindonesia.com/nasional/20180712011357-32-313401/fraksi-pdip-dki-tolak-ulah-amien-rais-terulang-di-balai-kota,ADVERTISEMENT SCROLL TO CONTINUE WITH CONTENT
Gerindra Pastikan Jaga Kesetiaan PKS untuk Pilpres 2019,"Kamis, 12 Jul 2018 05:18 WIB",https://www.cnnindonesia.com/nasional/20180711143219-32-313270/gerindra-pastikan-jaga-kesetiaan-pks-untuk-pilpres-2019,ADVERTISEMENT SCROLL TO CONTINUE WITH CONTENT
Puan Yakin Golkar Tidak Akan Tinggalkan Jokowi,"Rabu, 11 Jul 2018 23:07 WIB",https://www.cnnindonesia.com/nasional/20180711185127-32-313359/puan-yakin-golkar-tidak-akan-tinggalkan-jokowi,ADVERTISEMENT SCROLL TO CONTINUE WITH CONTENT
Australia Gugat Facebook Soal Kebocoran Data,"Rabu, 11 Jul 2018 22:55 WIB",https://www.cnnindonesia.com/teknologi/20180711084646-185-313162/australia-gugat-facebook-soal-kebocoran-data,ADVERTISEMENT SCROLL TO CONTINUE WITH CONTENT
TGB: Jangan Jadikan Pilpres Seperti Pertentangan Mukmin-Kafir,"Rabu, 11 Jul 2018 21:56 WIB",https://www.cnnindonesia.com/nasional/20180711162724-32-313306/tgb-jangan-jadikan-pilpres-seperti-pertentangan-mukmin-kafir,ADVERTISEMENT SCROLL TO CONTINUE WITH CONTENT
"Cak Imin, Anies dan Gatot Masuk Daftar Cawapres Prabowo","Rabu, 11 Jul 2018 21:17 WIB",https://www.cnnindonesia.com/nasional/20180711203507-32-313392/cak-imin-anies-dan-gatot-masuk-daftar-cawapres-prabowo,ADVERTISEMENT SCROLL TO CONTINUE WITH CONTENT
"Saat Bertemu Luhut, TGB Akui Bahas Dukungannya ke Jokowi","Rabu, 11 Jul 2018 20:39 WIB",https://www.cnnindonesia.com/nasional/20180711145939-32-313281/saat-bertemu-luhut-tgb-akui-bahas-dukungannya-ke-jokowi,ADVERTISEMENT SCROLL TO CONTINUE WITH CONTENT
Demokrat Terhormat Jika TGB Dipilih Jokowi Jadi Cawapres,"Rabu, 11 Jul 2018 20:17 WIB",https://www.cnnindonesia.com/nasional/20180711174222-32-313335/demokrat-terhormat-jika-tgb-dipilih-jokowi-jadi-cawapres,ADVERTISEMENT SCROLL TO CONTINUE WITH CONTENT
Jokowi Sebut Calon Pendampingnya Mengerucut Lima Orang,"Rabu, 11 Jul 2018 18:03 WIB",https://www.cnnindonesia.com/nasional/20180711174943-32-313342/jokowi-sebut-calon-pendampingnya-mengerucut-lima-orang,ADVERTISEMENT SCROLL TO CONTINUE WITH CONTENT
NasDem Usul Cawapres Jokowi Nonparpol,"Rabu, 11 Jul 2018 16:44 WIB",https://www.cnnindonesia.com/nasional/20180711155229-32-313297/nasdem-usul-cawapres-jokowi-nonparpol,ADVERTISEMENT SCROLL TO CONTINUE WITH CONTENT
"Temui Jokowi, KPU Minta Bantuan Peningkatan TI","Rabu, 11 Jul 2018 16:14 WIB",https://www.cnnindonesia.com/nasional/20180711144229-32-313282/temui-jokowi-kpu-minta-bantuan-peningkatan-ti,ADVERTISEMENT SCROLL TO CONTINUE WITH CONTENT
"Cemas Anies Maju Pilpres, Mahfudz Siddiq Buat Surat Terbuka","Rabu, 11 Jul 2018 15:23 WIB",https://www.cnnindonesia.com/nasional/20180711143508-32-313274/cemas-anies-maju-pilpres-mahfudz-siddiq-buat-surat-terbuka,ADVERTISEMENT SCROLL TO CONTINUE WITH CONTENT
Mahfud MD akan Jawab soal Cawapres ke Jokowi,"Rabu, 11 Jul 2018 14:15 WIB",https://www.cnnindonesia.com/nasional/20180711133843-32-313257/mahfud-md-akan-jawab-soal-cawapres-ke-jokowi,ADVERTISEMENT SCROLL TO CONTINUE WITH CONTENT
TGB Siap Hadapi Risiko Politik Dukung Jokowi,"Rabu, 11 Jul 2018 14:04 WIB",https://www.cnnindonesia.com/nasional/20180711133830-32-313254/tgb-siap-hadapi-risiko-politik-dukung-jokowi,ADVERTISEMENT SCROLL TO CONTINUE WITH CONTENT
PDIP: TGB Masuk Bursa Cawapres yang Sudah Dikantongi Jokowi,"Rabu, 11 Jul 2018 13:28 WIB",https://www.cnnindonesia.com/nasional/20180711132049-32-313242/pdip-tgb-masuk-bursa-cawapres-yang-sudah-dikantongi-jokowi,ADVERTISEMENT SCROLL TO CONTINUE WITH CONTENT
KPU Temui Jokowi Laporkan Hasil Pilkada Serentak 2018,"Rabu, 11 Jul 2018 12:31 WIB",https://www.cnnindonesia.com/nasional/20180711115945-32-313225/kpu-temui-jokowi-laporkan-hasil-pilkada-serentak-2018,ADVERTISEMENT SCROLL TO CONTINUE WITH CONTENT
Politik Dagang Sapi di Balik Gaduh Bursa Cawapres,"Rabu, 11 Jul 2018 11:42 WIB",https://www.cnnindonesia.com/nasional/20180711101838-32-313195/politik-dagang-sapi-di-balik-gaduh-bursa-cawapres,ADVERTISEMENT SCROLL TO CONTINUE WITH CONTENT
"Cawapres Nonparpol, Jalan Tengah untuk Jokowi","Rabu, 11 Jul 2018 08:30 WIB",https://www.cnnindonesia.com/nasional/20180711075547-32-313158/cawapres-nonparpol-jalan-tengah-untuk-jokowi,ADVERTISEMENT SCROLL TO CONTINUE WITH CONTENT
Din Syamsuddin: Pengemis Jabatan Tak Direstui Islam,"Rabu, 11 Jul 2018 08:18 WIB",https://www.cnnindonesia.com/nasional/20180711081156-32-313159/din-syamsuddin-pengemis-jabatan-tak-direstui-islam,ADVERTISEMENT SCROLL TO CONTINUE WITH CONTENT
"Pimpin DKI di Bawah Sumpah, Anies Diminta Tak Maju Capres","Rabu, 11 Jul 2018 06:27 WIB",https://www.cnnindonesia.com/nasional/20180710163005-32-313011/pimpin-dki-di-bawah-sumpah-anies-diminta-tak-maju-capres,ADVERTISEMENT SCROLL TO CONTINUE WITH CONTENT
Gerindra Serius Pertimbangkan Anies Jadi Cawapres Prabowo,"Rabu, 11 Jul 2018 05:36 WIB",https://www.cnnindonesia.com/nasional/20180710181324-32-313037/gerindra-serius-pertimbangkan-anies-jadi-cawapres-prabowo,ADVERTISEMENT SCROLL TO CONTINUE WITH CONTENT
Mendagri Tak Larang Kepala Daerah Dukung Capres Selain Jokowi,"Rabu, 11 Jul 2018 05:17 WIB",https://www.cnnindonesia.com/nasional/20180710160539-32-313007/mendagri-tak-larang-kepala-daerah-dukung-capres-selain-jokowi,ADVERTISEMENT SCROLL TO CONTINUE WITH CONTENT
Gerindra Yakin PKS Tak Egois Soal Cawapres Prabowo,"Rabu, 11 Jul 2018 05:02 WIB",https://www.cnnindonesia.com/nasional/20180710183948-32-313046/gerindra-yakin-pks-tak-egois-soal-cawapres-prabowo,ADVERTISEMENT SCROLL TO CONTINUE WITH CONTENT
Keutuhan Koalisi Disebut Tergantung Cawapres Pilihan Jokowi,"Rabu, 11 Jul 2018 04:36 WIB",https://www.cnnindonesia.com/nasional/20180710181845-32-313038/keutuhan-koalisi-disebut-tergantung-cawapres-pilihan-jokowi,ADVERTISEMENT SCROLL TO CONTINUE WITH CONTENT
Luhut Panjaitan Klaim Jadi Saksi Hidup Kekompakan Jokowi-JK,"Rabu, 11 Jul 2018 04:29 WIB",https://www.cnnindonesia.com/nasional/20180711041055-32-313143/luhut-panjaitan-klaim-jadi-saksi-hidup-kekompakan-jokowi-jk,ADVERTISEMENT SCROLL TO CONTINUE WITH CONTENT
"Mahfud MD, Sri Mulyani dan Susi Masuk Bursa Cawapres Jokowi","Rabu, 11 Jul 2018 04:04 WIB",https://www.cnnindonesia.com/nasional/20180710173113-32-313022/mahfud-md-sri-mulyani-dan-susi-masuk-bursa-cawapres-jokowi,ADVERTISEMENT SCROLL TO CONTINUE WITH CONTENT
Din Syamsuddin Minta Hati-hati Mengatasnamakan Umat Islam,"Selasa, 10 Jul 2018 22:53 WIB",https://www.cnnindonesia.com/nasional/20180710191547-20-313070/din-syamsuddin-minta-hati-hati-mengatasnamakan-umat-islam,ADVERTISEMENT SCROLL TO CONTINUE WITH CONTENT
Jokowi: Pilih Pemimpin Lihat Rekam Jejak dan Prestasinya,"Selasa, 10 Jul 2018 22:15 WIB",https://www.cnnindonesia.com/nasional/20180710215820-32-313105/jokowi-pilih-pemimpin-lihat-rekam-jejak-dan-prestasinya,ADVERTISEMENT SCROLL TO CONTINUE WITH CONTENT
Eggi soal Anies Nyapres: Jangan Sampai Jadi Orang Munafik,"Selasa, 10 Jul 2018 20:33 WIB",https://www.cnnindonesia.com/nasional/20180710184758-32-313066/eggi-soal-anies-nyapres-jangan-sampai-jadi-orang-munafik,ADVERTISEMENT SCROLL TO CONTINUE WITH CONTENT
"Survei LSI: Prabowo, Gatot, Anies, Calon Lawan Kuat Jokowi","Selasa, 10 Jul 2018 20:05 WIB",https://www.cnnindonesia.com/nasional/20180710191650-32-313069/survei-lsi-prabowo-gatot-anies-calon-lawan-kuat-jokowi,ADVERTISEMENT SCROLL TO CONTINUE WITH CONTENT
Din Syamsuddin: Sebutan 'Cebong'-'Kampret' Bukan Ahlak Islam,"Selasa, 10 Jul 2018 19:22 WIB",https://www.cnnindonesia.com/nasional/20180710164326-32-313015/din-syamsuddin-sebutan-cebong-kampret-bukan-ahlak-islam,ADVERTISEMENT SCROLL TO CONTINUE WITH CONTENT
"Bertemu SBY, Airlangga Utarakan Rencana Maju Cawapres","Selasa, 10 Jul 2018 19:13 WIB",https://www.cnnindonesia.com/nasional/20180710190337-32-313064/bertemu-sby-airlangga-utarakan-rencana-maju-cawapres,ADVERTISEMENT SCROLL TO CONTINUE WITH CONTENT
"Bertemu TGB, Luhut Akui Singgung Dukungan ke Jokowi","Selasa, 10 Jul 2018 19:02 WIB",https://www.cnnindonesia.com/nasional/20180710170258-32-313014/bertemu-tgb-luhut-akui-singgung-dukungan-ke-jokowi,ADVERTISEMENT SCROLL TO CONTINUE WITH CONTENT
Kader PKS Protes Petinggi Partai Lebih Pilih Anies Capres,"Selasa, 10 Jul 2018 18:33 WIB",https://www.cnnindonesia.com/nasional/20180710154108-32-312984/kader-pks-protes-petinggi-partai-lebih-pilih-anies-capres,ADVERTISEMENT SCROLL TO CONTINUE WITH CONTENT
SBY: Demokrat Tidak Punya Capres,"Selasa, 10 Jul 2018 18:04 WIB",https://www.cnnindonesia.com/nasional/20180710175901-32-313027/sby-demokrat-tidak-punya-capres,ADVERTISEMENT SCROLL TO CONTINUE WITH CONTENT
Eks Ketua KPK Abraham Samad Incar Posisi Cawapres Jokowi,"Selasa, 10 Jul 2018 18:01 WIB",https://www.cnnindonesia.com/nasional/20180710161520-32-312999/eks-ketua-kpk-abraham-samad-incar-posisi-cawapres-jokowi,ADVERTISEMENT SCROLL TO CONTINUE WITH CONTENT
Survei LSI: Posisi Jokowi Belum Aman,"Selasa, 10 Jul 2018 17:26 WIB",https://www.cnnindonesia.com/nasional/20180710161537-32-312998/survei-lsi-posisi-jokowi-belum-aman,ADVERTISEMENT SCROLL TO CONTINUE WITH CONTENT
Luhut Sebut Dukungan Pensiunan Kopassus ke Prabowo Hal Biasa,"Selasa, 10 Jul 2018 17:08 WIB",https://www.cnnindonesia.com/nasional/20180710142749-32-312963/luhut-sebut-dukungan-pensiunan-kopassus-ke-prabowo-hal-biasa,ADVERTISEMENT SCROLL TO CONTINUE WITH CONTENT
JK soal TGB Dukung Jokowi: Yang Tak Berubah Hanya Kepentingan,"Selasa, 10 Jul 2018 16:58 WIB",https://www.cnnindonesia.com/nasional/20180710155339-32-312990/jk-soal-tgb-dukung-jokowi-yang-tak-berubah-hanya-kepentingan,ADVERTISEMENT SCROLL TO CONTINUE WITH CONTENT
Nasdem Buka Peluang Usung Abraham Samad Jadi Cawapres Jokowi,"Selasa, 10 Jul 2018 16:35 WIB",https://www.cnnindonesia.com/nasional/20180710134231-32-312953/nasdem-buka-peluang-usung-abraham-samad-jadi-cawapres-jokowi,ADVERTISEMENT SCROLL TO CONTINUE WITH CONTENT
Mardani PKS Bahas Ganti Presiden di Sosialisasi 4 Pilar,"Selasa, 10 Jul 2018 16:28 WIB",https://www.cnnindonesia.com/nasional/20180710142622-32-312967/mardani-pks-bahas-ganti-presiden-di-sosialisasi-4-pilar,ADVERTISEMENT SCROLL TO CONTINUE WITH CONTENT
Ngabalin Sebut Jokowi Beri Petunjuk Soal Cawapres Nanti Malam,"Selasa, 10 Jul 2018 16:19 WIB",https://www.cnnindonesia.com/nasional/20180710160326-32-312993/ngabalin-sebut-jokowi-beri-petunjuk-soal-cawapres-nanti-malam,ADVERTISEMENT SCROLL TO CONTINUE WITH CONTENT
Tifatul: Cawapres Harus dari PKS Tak Bisa Ditawar,"Selasa, 10 Jul 2018 15:02 WIB",https://www.cnnindonesia.com/nasional/20180710143407-32-312966/tifatul-cawapres-harus-dari-pks-tak-bisa-ditawar,ADVERTISEMENT SCROLL TO CONTINUE WITH CONTENT
"PKB Ngotot Usung Cak Imin, PPP Ikhlas Romi Tak Dipilih Jokowi","Selasa, 10 Jul 2018 14:32 WIB",https://www.cnnindonesia.com/nasional/20180710135131-32-312950/pkb-ngotot-usung-cak-imin-ppp-ikhlas-romi-tak-dipilih-jokowi,ADVERTISEMENT SCROLL TO CONTINUE WITH CONTENT
Gerindra Pesimistis Usulan Tiga Poros PKS Bisa Terwujud,"Selasa, 10 Jul 2018 14:18 WIB",https://www.cnnindonesia.com/nasional/20180710140616-32-312954/gerindra-pesimistis-usulan-tiga-poros-pks-bisa-terwujud,ADVERTISEMENT SCROLL TO CONTINUE WITH CONTENT
Wiranto Minta Publik Tak Ributkan Cawapres Jokowi,"Selasa, 10 Jul 2018 13:20 WIB",https://www.cnnindonesia.com/nasional/20180710124043-32-312937/wiranto-minta-publik-tak-ributkan-cawapres-jokowi,ADVERTISEMENT SCROLL TO CONTINUE WITH CONTENT
Luhut Singgung 'Misteri Kehidupan' Anies Jelang Pilpres 2019,"Selasa, 10 Jul 2018 13:00 WIB",https://www.cnnindonesia.com/nasional/20180710125306-32-312936/luhut-singgung-misteri-kehidupan-anies-jelang-pilpres-2019,ADVERTISEMENT SCROLL TO CONTINUE WITH CONTENT
Donasi Warga untuk Prabowo Maju Pilpres 2019 Capai Rp1 Miliar,"Selasa, 10 Jul 2018 12:24 WIB",https://www.cnnindonesia.com/nasional/20180710121656-32-312928/donasi-warga-untuk-prabowo-maju-pilpres-2019-capai-rp1-miliar,ADVERTISEMENT SCROLL TO CONTINUE WITH CONTENT
Sanksi Demokrat untuk TGB Bukan karena Dukung Jokowi,"Selasa, 10 Jul 2018 09:56 WIB",https://www.cnnindonesia.com/nasional/20180710094353-32-312882/sanksi-demokrat-untuk-tgb-bukan-karena-dukung-jokowi,ADVERTISEMENT SCROLL TO CONTINUE WITH CONTENT
Meraup Suara Pilpres 2019 Lewat Kemasan Politik Identitas,"Selasa, 10 Jul 2018 09:23 WIB",https://www.cnnindonesia.com/nasional/20180710083429-32-312875/meraup-suara-pilpres-2019-lewat-kemasan-politik-identitas,ADVERTISEMENT SCROLL TO CONTINUE WITH CONTENT
"Janji Belum Lunas, DPRD DKI Minta Anies Tak Maju Pilpres","Selasa, 10 Jul 2018 07:44 WIB",https://www.cnnindonesia.com/nasional/20180710071241-32-312860/janji-belum-lunas-dprd-dki-minta-anies-tak-maju-pilpres,ADVERTISEMENT SCROLL TO CONTINUE WITH CONTENT
Koalisi Oposisi Matangkan Formasi Calon Penantang Jokowi,"Selasa, 10 Jul 2018 06:42 WIB",https://www.cnnindonesia.com/nasional/20180709194324-32-312804/koalisi-oposisi-matangkan-formasi-calon-penantang-jokowi,ADVERTISEMENT SCROLL TO CONTINUE WITH CONTENT
PKS: Anies Lebih Layak Diusung Jadi Capres,"Selasa, 10 Jul 2018 06:27 WIB",https://www.cnnindonesia.com/nasional/20180709211952-32-312830/pks-anies-lebih-layak-diusung-jadi-capres,ADVERTISEMENT SCROLL TO CONTINUE WITH CONTENT
Moeldoko Tegaskan Nasibnya Jadi Cawapres Ada di Tangan Jokowi,"Selasa, 10 Jul 2018 06:13 WIB",https://www.cnnindonesia.com/nasional/20180710055946-32-312856/moeldoko-tegaskan-nasibnya-jadi-cawapres-ada-di-tangan-jokowi,ADVERTISEMENT SCROLL TO CONTINUE WITH CONTENT
Aturan Ambang Batas Presiden Dinilai Bohongi Warga Negara,"Selasa, 10 Jul 2018 05:44 WIB",https://www.cnnindonesia.com/nasional/20180710053529-12-312855/aturan-ambang-batas-presiden-dinilai-bohongi-warga-negara,ADVERTISEMENT SCROLL TO CONTINUE WITH CONTENT
"Tabayun, GNPF Ulama Belum Coret Nama TGB dari Bursa Capres","Senin, 09 Jul 2018 22:24 WIB",https://www.cnnindonesia.com/nasional/20180709204300-32-312820/tabayun-gnpf-ulama-belum-coret-nama-tgb-dari-bursa-capres,ADVERTISEMENT SCROLL TO CONTINUE WITH CONTENT
PKS: Oposisi Harus Pakai Strategi Pilgub DKI Lawan Jokowi,"Senin, 09 Jul 2018 21:19 WIB",https://www.cnnindonesia.com/nasional/20180709202844-32-312818/pks-oposisi-harus-pakai-strategi-pilgub-dki-lawan-jokowi,ADVERTISEMENT SCROLL TO CONTINUE WITH CONTENT
GNPF Sebut Rizieq Shihab Ingin Partai Oposisi Berkoalisi,"Senin, 09 Jul 2018 21:01 WIB",https://www.cnnindonesia.com/nasional/20180709200210-32-312807/gnpf-sebut-rizieq-shihab-ingin-partai-oposisi-berkoalisi,ADVERTISEMENT SCROLL TO CONTINUE WITH CONTENT
Desmond Gerindra Soal Amien Rais Capres: Orang Tua ini Lucu,"Senin, 09 Jul 2018 20:38 WIB",https://www.cnnindonesia.com/nasional/20180709191314-32-312796/desmond-gerindra-soal-amien-rais-capres-orang-tua-ini-lucu,ADVERTISEMENT SCROLL TO CONTINUE WITH CONTENT
"Soal Capres, Demokrat Masih Terpaku di Jokowi dan Prabowo","Senin, 09 Jul 2018 19:59 WIB",https://www.cnnindonesia.com/nasional/20180709191535-32-312799/soal-capres-demokrat-masih-terpaku-di-jokowi-dan-prabowo,ADVERTISEMENT SCROLL TO CONTINUE WITH CONTENT
"'Cebong dan Kampret', Sinisme Dua Kubu Nihil Gagasan","Senin, 09 Jul 2018 19:30 WIB",https://www.cnnindonesia.com/nasional/20180709153148-32-312746/cebong-dan-kampret-sinisme-dua-kubu-nihil-gagasan,ADVERTISEMENT SCROLL TO CONTINUE WITH CONTENT
"TGB Disebut Seperti Hary Tanoe, Dukung Jokowi Karena Terpojok","Senin, 09 Jul 2018 19:01 WIB",https://www.cnnindonesia.com/nasional/20180709174132-32-312771/tgb-disebut-seperti-hary-tanoe-dukung-jokowi-karena-terpojok,ADVERTISEMENT SCROLL TO CONTINUE WITH CONTENT
TGB Tak Hadir di Pertemuan Majelis Tinggi Partai Demokrat,"Senin, 09 Jul 2018 18:36 WIB",https://www.cnnindonesia.com/nasional/20180709182018-32-312779/tgb-tak-hadir-di-pertemuan-majelis-tinggi-partai-demokrat,ADVERTISEMENT SCROLL TO CONTINUE WITH CONTENT
Golkar Belum Diajak Komunikasi Jokowi Soal Cawapres,"Senin, 09 Jul 2018 18:13 WIB",https://www.cnnindonesia.com/nasional/20180709162402-32-312754/golkar-belum-diajak-komunikasi-jokowi-soal-cawapres,ADVERTISEMENT SCROLL TO CONTINUE WITH CONTENT
"Jadi Caleg, Tjahjo Tunggu Perintah 'Bos' Megawati dan Jokowi","Senin, 09 Jul 2018 17:50 WIB",https://www.cnnindonesia.com/nasional/20180709154513-32-312741/jadi-caleg-tjahjo-tunggu-perintah-bos-megawati-dan-jokowi,ADVERTISEMENT SCROLL TO CONTINUE WITH CONTENT
Cak Imin Sambangi Surya Paloh di Kantor DPP NasDem,"Senin, 09 Jul 2018 16:49 WIB",https://www.cnnindonesia.com/nasional/20180709164454-32-312762/cak-imin-sambangi-surya-paloh-di-kantor-dpp-nasdem,ADVERTISEMENT SCROLL TO CONTINUE WITH CONTENT
PDIP Klaim Tak Utamakan Latar Belakang Cawapres Jokowi,"Senin, 09 Jul 2018 16:49 WIB",https://www.cnnindonesia.com/nasional/20180709162111-32-312761/pdip-klaim-tak-utamakan-latar-belakang-cawapres-jokowi,ADVERTISEMENT SCROLL TO CONTINUE WITH CONTENT
Golkar Masih Berharap Airlangga Dipilih Jadi Cawapres Jokowi,"Senin, 09 Jul 2018 15:50 WIB",https://www.cnnindonesia.com/nasional/20180709154018-32-312739/golkar-masih-berharap-airlangga-dipilih-jadi-cawapres-jokowi,ADVERTISEMENT SCROLL TO CONTINUE WITH CONTENT
NasDem Sebut Cawapres Jokowi Hebat dan Bakal Menggemparkan,"Senin, 09 Jul 2018 15:36 WIB",https://www.cnnindonesia.com/nasional/20180709152744-32-312734/nasdem-sebut-cawapres-jokowi-hebat-dan-bakal-menggemparkan,ADVERTISEMENT SCROLL TO CONTINUE WITH CONTENT
Demokrat Klaim Prabowo Siap Terima AHY Jadi Cawapres,"Senin, 09 Jul 2018 15:11 WIB",https://www.cnnindonesia.com/nasional/20180709150405-32-312717/demokrat-klaim-prabowo-siap-terima-ahy-jadi-cawapres,ADVERTISEMENT SCROLL TO CONTINUE WITH CONTENT
"Petinggi Demokrat Rapat di Rumah SBY, Bahas Capres-Cawapres","Senin, 09 Jul 2018 14:39 WIB",https://www.cnnindonesia.com/nasional/20180709142943-32-312700/petinggi-demokrat-rapat-di-rumah-sby-bahas-capres-cawapres,ADVERTISEMENT SCROLL TO CONTINUE WITH CONTENT
Gerindra Tutup Opsi Usung Anies Jadi Capres,"Senin, 09 Jul 2018 14:05 WIB",https://www.cnnindonesia.com/nasional/20180709135329-32-312690/gerindra-tutup-opsi-usung-anies-jadi-capres,ADVERTISEMENT SCROLL TO CONTINUE WITH CONTENT
Demokrat Pastikan Sanksi TGB Dukung Jokowi,"Senin, 09 Jul 2018 12:48 WIB",https://www.cnnindonesia.com/nasional/20180709121427-32-312663/demokrat-pastikan-sanksi-tgb-dukung-jokowi,ADVERTISEMENT SCROLL TO CONTINUE WITH CONTENT
Aktivis 98: Ada Penggembosan Isu Lansia di Rembuk Nasional,"Senin, 09 Jul 2018 12:31 WIB",https://www.cnnindonesia.com/nasional/20180709120206-20-312657/aktivis-98-ada-penggembosan-isu-lansia-di-rembuk-nasional,ADVERTISEMENT SCROLL TO CONTINUE WITH CONTENT
Cawapres Jokowi Diumumkan saat Matahari Terbit Bulan Agustus,"Senin, 09 Jul 2018 12:00 WIB",https://www.cnnindonesia.com/nasional/20180709115212-32-312656/cawapres-jokowi-diumumkan-saat-matahari-terbit-bulan-agustus,ADVERTISEMENT SCROLL TO CONTINUE WITH CONTENT
"Kotak Kosong Menang, Wali Kota Makassar di Tangan Kemendagri","Senin, 09 Jul 2018 09:55 WIB",https://www.cnnindonesia.com/nasional/20180709093718-32-312619/kotak-kosong-menang-wali-kota-makassar-di-tangan-kemendagri,ADVERTISEMENT SCROLL TO CONTINUE WITH CONTENT
"Kantongi Cawapres, Jokowi dan Megawati Atur Waktu Pengumuman","Senin, 09 Jul 2018 08:51 WIB",https://www.cnnindonesia.com/nasional/20180709083928-32-312616/kantongi-cawapres-jokowi-dan-megawati-atur-waktu-pengumuman,ADVERTISEMENT SCROLL TO CONTINUE WITH CONTENT
Amien Rais Minta Publik Tak Ikut Tokoh yang Berubah Haluan,"Senin, 09 Jul 2018 08:28 WIB",https://www.cnnindonesia.com/nasional/20180709005316-32-312574/amien-rais-minta-publik-tak-ikut-tokoh-yang-berubah-haluan,ADVERTISEMENT SCROLL TO CONTINUE WITH CONTENT
Cak Imin Siap 'Tarung' dengan TGB Jadi Cawapres Jokowi,"Senin, 09 Jul 2018 08:06 WIB",https://www.cnnindonesia.com/nasional/20180709003255-32-312572/cak-imin-siap-tarung-dengan-tgb-jadi-cawapres-jokowi,ADVERTISEMENT SCROLL TO CONTINUE WITH CONTENT
KPU Minta Parpol Segera Daftar Bakal Calon Legislatif,"Senin, 09 Jul 2018 06:17 WIB",https://www.cnnindonesia.com/nasional/20180708235022-32-312571/kpu-minta-parpol-segera-daftar-bakal-calon-legislatif,ADVERTISEMENT SCROLL TO CONTINUE WITH CONTENT
Hatta Rajasa Lebih Pilih Keluarga Ketimbang Pilpres 2019,"Senin, 09 Jul 2018 05:56 WIB",https://www.cnnindonesia.com/nasional/20180709052156-32-312586/hatta-rajasa-lebih-pilih-keluarga-ketimbang-pilpres-2019,ADVERTISEMENT SCROLL TO CONTINUE WITH CONTENT
Moeldoko Anggap TGB Realistis Dukung Jokowi,"Senin, 09 Jul 2018 00:51 WIB",https://www.cnnindonesia.com/nasional/20180708201739-32-312540/moeldoko-anggap-tgb-realistis-dukung-jokowi,ADVERTISEMENT SCROLL TO CONTINUE WITH CONTENT
Anies Bantah Temui Prabowo Minta Restu Maju Pilpres 2019,"Minggu, 08 Jul 2018 22:28 WIB",https://www.cnnindonesia.com/nasional/20180708205119-32-312546/anies-bantah-temui-prabowo-minta-restu-maju-pilpres-2019,ADVERTISEMENT SCROLL TO CONTINUE WITH CONTENT
Tanggapan Aa Gym dan Bachtiar Nasir soal TGB Dukung Jokowi,"Minggu, 08 Jul 2018 17:42 WIB",https://www.cnnindonesia.com/nasional/20180708172455-32-312503/tanggapan-aa-gym-dan-bachtiar-nasir-soal-tgb-dukung-jokowi,ADVERTISEMENT SCROLL TO CONTINUE WITH CONTENT
"Pasti Dukung Jokowi, TGB Klaim Tidak Ada Deal Posisi Cawapres","Minggu, 08 Jul 2018 15:39 WIB",https://www.cnnindonesia.com/nasional/20180708152030-32-312492/pasti-dukung-jokowi-tgb-klaim-tidak-ada-deal-posisi-cawapres,ADVERTISEMENT SCROLL TO CONTINUE WITH CONTENT
"Didukung Relawan, Moeldoko Belum Tegas soal Jadi Cawapres","Minggu, 08 Jul 2018 15:06 WIB",https://www.cnnindonesia.com/nasional/20180708145203-32-312480/didukung-relawan-moeldoko-belum-tegas-soal-jadi-cawapres,ADVERTISEMENT SCROLL TO CONTINUE WITH CONTENT
"Dukung Jokowi, TGB Akui Belum Komunikasi dengan Demokrat","Minggu, 08 Jul 2018 14:20 WIB",https://www.cnnindonesia.com/nasional/20180708141257-32-312476/dukung-jokowi-tgb-akui-belum-komunikasi-dengan-demokrat,ADVERTISEMENT SCROLL TO CONTINUE WITH CONTENT
Strategi 'Kontes Kecantikan' Jokowi Pilih Cawapres,"Minggu, 08 Jul 2018 09:31 WIB",https://www.cnnindonesia.com/nasional/20180707184501-32-312334/strategi-kontes-kecantikan-jokowi-pilih-cawapres,ADVERTISEMENT SCROLL TO CONTINUE WITH CONTENT
Taktik TGB Mencari Celah Kekuasaan Lewat Jokowi,"Minggu, 08 Jul 2018 05:46 WIB",https://www.cnnindonesia.com/nasional/20180707195507-32-312340/taktik-tgb-mencari-celah-kekuasaan-lewat-jokowi,ADVERTISEMENT SCROLL TO CONTINUE WITH CONTENT
Prabowo Ingin Sudirman Said Jadi Penasihatnya di Pilpres 2019,"Minggu, 08 Jul 2018 03:10 WIB",https://www.cnnindonesia.com/nasional/20180708023550-32-312391/prabowo-ingin-sudirman-said-jadi-penasihatnya-di-pilpres-2019,ADVERTISEMENT SCROLL TO CONTINUE WITH CONTENT
"Bangun Koalisi Besar, Prabowo Akan Temui SBY dan Puan","Minggu, 08 Jul 2018 00:38 WIB",https://www.cnnindonesia.com/nasional/20180707202517-32-312346/bangun-koalisi-besar-prabowo-akan-temui-sby-dan-puan,ADVERTISEMENT SCROLL TO CONTINUE WITH CONTENT
Prabowo Anggap Dukungan TGB ke Jokowi Bukan Ancaman,"Sabtu, 07 Jul 2018 21:42 WIB",https://www.cnnindonesia.com/nasional/20180707192148-32-312337/prabowo-anggap-dukungan-tgb-ke-jokowi-bukan-ancaman,ADVERTISEMENT SCROLL TO CONTINUE WITH CONTENT
Jokowi Senang Nama Anies Baswedan Ramaikan Bursa Capres,"Sabtu, 07 Jul 2018 20:40 WIB",https://www.cnnindonesia.com/nasional/20180707200932-32-312343/jokowi-senang-nama-anies-baswedan-ramaikan-bursa-capres,ADVERTISEMENT SCROLL TO CONTINUE WITH CONTENT
"Jokowi Sembunyikan Sosok Cawapres, Minta Masyarakat Sabar","Sabtu, 07 Jul 2018 19:01 WIB",https://www.cnnindonesia.com/nasional/20180707183347-32-312333/jokowi-sembunyikan-sosok-cawapres-minta-masyarakat-sabar,ADVERTISEMENT SCROLL TO CONTINUE WITH CONTENT
"TGB Dukung Jokowi, Demokrat Sebut Hormati Perbedaan","Sabtu, 07 Jul 2018 18:59 WIB",https://www.cnnindonesia.com/nasional/20180707140808-32-312298/tgb-dukung-jokowi-demokrat-sebut-hormati-perbedaan,ADVERTISEMENT SCROLL TO CONTINUE WITH CONTENT
"20 Tahun Reformasi, Aktivis 98 Deklarasi Dukung Jokowi","Sabtu, 07 Jul 2018 17:35 WIB",https://www.cnnindonesia.com/nasional/20180707173527-20-312327/20-tahun-reformasi-aktivis-98-deklarasi-dukung-jokowi,ADVERTISEMENT SCROLL TO CONTINUE WITH CONTENT
Politikus Golkar Yakin JK Dukung Jokowi di Pilpres,"Sabtu, 07 Jul 2018 16:50 WIB",https://www.cnnindonesia.com/nasional/20180707164649-32-312319/politikus-golkar-yakin-jk-dukung-jokowi-di-pilpres,ADVERTISEMENT SCROLL TO CONTINUE WITH CONTENT
Gerindra: Anies di Pilpres 2019 Tergantung Prabowo,"Sabtu, 07 Jul 2018 15:43 WIB",https://www.cnnindonesia.com/nasional/20180707145513-32-312301/gerindra-anies-di-pilpres-2019-tergantung-prabowo,ADVERTISEMENT SCROLL TO CONTINUE WITH CONTENT
Partai Berkarya Sebut Tommy-Rizieq Sempat Singgung Pilpres,"Sabtu, 07 Jul 2018 15:05 WIB",https://www.cnnindonesia.com/nasional/20180707145634-20-312302/partai-berkarya-sebut-tommy-rizieq-sempat-singgung-pilpres,ADVERTISEMENT SCROLL TO CONTINUE WITH CONTENT
Demokrat Sebut Prabowo Butuh AHY untuk Gaet Pemilih Muda,"Sabtu, 07 Jul 2018 14:13 WIB",https://www.cnnindonesia.com/nasional/20180707132253-32-312291/demokrat-sebut-prabowo-butuh-ahy-untuk-gaet-pemilih-muda,ADVERTISEMENT SCROLL TO CONTINUE WITH CONTENT
Prabowo: Anies Calon Wakil Presiden yang Serius,"Sabtu, 07 Jul 2018 13:41 WIB",https://www.cnnindonesia.com/nasional/20180707133410-32-312292/prabowo-anies-calon-wakil-presiden-yang-serius,ADVERTISEMENT SCROLL TO CONTINUE WITH CONTENT
Prabowo Sebut Elite Negara Pengkhianat Pancasila,"Sabtu, 07 Jul 2018 13:08 WIB",https://www.cnnindonesia.com/nasional/20180707115949-32-312283/prabowo-sebut-elite-negara-pengkhianat-pancasila,ADVERTISEMENT SCROLL TO CONTINUE WITH CONTENT
Tes Pasar Politik JK dan Fragmentasi Suara Golkar,"Sabtu, 07 Jul 2018 12:45 WIB",https://www.cnnindonesia.com/nasional/20180706112923-32-311972/tes-pasar-politik-jk-dan-fragmentasi-suara-golkar,ADVERTISEMENT SCROLL TO CONTINUE WITH CONTENT
Prabowo Akui Kopassus Membentuk Karakter Berpolitiknya,"Sabtu, 07 Jul 2018 12:14 WIB",https://www.cnnindonesia.com/nasional/20180707112641-32-312281/prabowo-akui-kopassus-membentuk-karakter-berpolitiknya,ADVERTISEMENT SCROLL TO CONTINUE WITH CONTENT
"Temui Rizieq di Mekkah, Tommy Soeharto Tak Bahas Capres","Sabtu, 07 Jul 2018 11:58 WIB",https://www.cnnindonesia.com/nasional/20180707105133-32-312278/temui-rizieq-di-mekkah-tommy-soeharto-tak-bahas-capres,ADVERTISEMENT SCROLL TO CONTINUE WITH CONTENT
Purnawirawan Kopassus Dukung Prabowo di Pilpres 2019,"Sabtu, 07 Jul 2018 11:00 WIB",https://www.cnnindonesia.com/nasional/20180707104400-32-312279/purnawirawan-kopassus-dukung-prabowo-di-pilpres-2019,ADVERTISEMENT SCROLL TO CONTINUE WITH CONTENT
Potensi Penantang Kuat Jokowi dari Luar Parpol,"Sabtu, 07 Jul 2018 08:34 WIB",https://www.cnnindonesia.com/nasional/20180706205714-32-312178/potensi-penantang-kuat-jokowi-dari-luar-parpol,ADVERTISEMENT SCROLL TO CONTINUE WITH CONTENT
Prabowo Bahas Potensi AHY Cawapres dengan PKS dan PAN,"Sabtu, 07 Jul 2018 05:50 WIB",https://www.cnnindonesia.com/nasional/20180706225829-32-312192/prabowo-bahas-potensi-ahy-cawapres-dengan-pks-dan-pan,ADVERTISEMENT SCROLL TO CONTINUE WITH CONTENT
Sandi Ungkap Nama AHY dan Anies di Kantong Cawapres Prabowo,"Sabtu, 07 Jul 2018 05:12 WIB",https://www.cnnindonesia.com/nasional/20180707041048-32-312251/sandi-ungkap-nama-ahy-dan-anies-di-kantong-cawapres-prabowo,ADVERTISEMENT SCROLL TO CONTINUE WITH CONTENT
Prabowo: Rakyat Ingin Pemimpin yang Bersih,"Sabtu, 07 Jul 2018 04:47 WIB",https://www.cnnindonesia.com/nasional/20180706223251-32-312189/prabowo-rakyat-ingin-pemimpin-yang-bersih,ADVERTISEMENT SCROLL TO CONTINUE WITH CONTENT
Gerindra Tidak Gentar TGB Zainul Majdi Dukung Jokowi,"Sabtu, 07 Jul 2018 03:58 WIB",https://www.cnnindonesia.com/nasional/20180706213052-32-312179/gerindra-tidak-gentar-tgb-zainul-majdi-dukung-jokowi,ADVERTISEMENT SCROLL TO CONTINUE WITH CONTENT
Prabowo Mengaku Melirik AHY dan Sandiaga Uno Jadi Cawapres,"Sabtu, 07 Jul 2018 02:30 WIB",https://www.cnnindonesia.com/nasional/20180706212217-32-312172/prabowo-mengaku-melirik-ahy-dan-sandiaga-uno-jadi-cawapres,ADVERTISEMENT SCROLL TO CONTINUE WITH CONTENT
Saat Massa Aksi 67 Keluhkan e-KTP dan Sindir Cagub Sumut,"Sabtu, 07 Jul 2018 00:41 WIB",https://www.cnnindonesia.com/nasional/20180707003503-20-312218/saat-massa-aksi-67-keluhkan-e-ktp-dan-sindir-cagub-sumut,ADVERTISEMENT SCROLL TO CONTINUE WITH CONTENT
Gerindra Belum Bahas Wacana Prabowo-AHY dan Prabowo-Anies,"Sabtu, 07 Jul 2018 00:35 WIB",https://www.cnnindonesia.com/nasional/20180706202729-32-312151/gerindra-belum-bahas-wacana-prabowo-ahy-dan-prabowo-anies,ADVERTISEMENT SCROLL TO CONTINUE WITH CONTENT
Gerindra Klaim PAN Merapat karena Dapat Kursi Lebih Banyak,"Jumat, 06 Jul 2018 22:40 WIB",https://www.cnnindonesia.com/nasional/20180706135916-32-312015/gerindra-klaim-pan-merapat-karena-dapat-kursi-lebih-banyak,ADVERTISEMENT SCROLL TO CONTINUE WITH CONTENT
Prabowo: Indonesia Telah Kehilangan Kedaulatan Ekonomi,"Jumat, 06 Jul 2018 20:38 WIB",https://www.cnnindonesia.com/nasional/20180706201927-32-312149/prabowo-indonesia-telah-kehilangan-kedaulatan-ekonomi,ADVERTISEMENT SCROLL TO CONTINUE WITH CONTENT
Peneliti LIPI: Penantang Jokowi Bukan Lagi Prabowo,"Jumat, 06 Jul 2018 20:29 WIB",https://www.cnnindonesia.com/nasional/20180706192706-32-312145/peneliti-lipi-penantang-jokowi-bukan-lagi-prabowo,ADVERTISEMENT SCROLL TO CONTINUE WITH CONTENT
Gerak Senyap Gatot Nurmantyo ke Trump Tower,"Jumat, 06 Jul 2018 19:49 WIB",https://www.cnnindonesia.com/nasional/20180706175547-32-312141/gerak-senyap-gatot-nurmantyo-ke-trump-tower,ADVERTISEMENT SCROLL TO CONTINUE WITH CONTENT
JK 'King Maker' di Pilpres 2019,"Jumat, 06 Jul 2018 17:50 WIB",https://www.cnnindonesia.com/nasional/20180706134944-32-312005/jk-king-maker-di-pilpres-2019,ADVERTISEMENT SCROLL TO CONTINUE WITH CONTENT
Elite Hanura Sebut Demokrat Makin Genit Populerkan AHY,"Jumat, 06 Jul 2018 16:25 WIB",https://www.cnnindonesia.com/nasional/20180706115518-32-311971/elite-hanura-sebut-demokrat-makin-genit-populerkan-ahy,ADVERTISEMENT SCROLL TO CONTINUE WITH CONTENT
Manuver Kejutan TGB Dukung Jokowi Dua Periode,"Jumat, 06 Jul 2018 16:14 WIB",https://www.cnnindonesia.com/nasional/20180706133112-32-312004/manuver-kejutan-tgb-dukung-jokowi-dua-periode,ADVERTISEMENT SCROLL TO CONTINUE WITH CONTENT
Anies Sebut Zulhas Sering Ditanya soal Reklamasi di Daerah,"Jumat, 06 Jul 2018 15:39 WIB",https://www.cnnindonesia.com/nasional/20180706144004-32-312038/anies-sebut-zulhas-sering-ditanya-soal-reklamasi-di-daerah,ADVERTISEMENT SCROLL TO CONTINUE WITH CONTENT
Jokowi: Dukungan TGB Rasionalitas yang Wajar,"Jumat, 06 Jul 2018 15:27 WIB",https://www.cnnindonesia.com/nasional/20180706152216-32-312050/jokowi-dukungan-tgb-rasionalitas-yang-wajar,ADVERTISEMENT SCROLL TO CONTINUE WITH CONTENT
"Opsi Duet Prabowo-AHY, Gerindra Optimis Demokrat Merapat","Jumat, 06 Jul 2018 14:47 WIB",https://www.cnnindonesia.com/nasional/20180706142952-32-312022/opsi-duet-prabowo-ahy-gerindra-optimis-demokrat-merapat,ADVERTISEMENT SCROLL TO CONTINUE WITH CONTENT
Hidayat Nur Wahid Belum Percaya TGB Dukung Jokowi Dua Periode,"Jumat, 06 Jul 2018 14:27 WIB",https://www.cnnindonesia.com/nasional/20180706133540-32-312003/hidayat-nur-wahid-belum-percaya-tgb-dukung-jokowi-dua-periode,ADVERTISEMENT SCROLL TO CONTINUE WITH CONTENT
Ustaz Somad dan Arifin Ilham Sepakat Tunggu Rizieq soal TGB,"Jumat, 06 Jul 2018 13:44 WIB",https://www.cnnindonesia.com/nasional/20180706133318-32-311999/ustaz-somad-dan-arifin-ilham-sepakat-tunggu-rizieq-soal-tgb,ADVERTISEMENT SCROLL TO CONTINUE WITH CONTENT
Teriakan 'Anies for President' Terdengar di Pertemuan Ulama,"Jumat, 06 Jul 2018 12:48 WIB",https://www.cnnindonesia.com/nasional/20180706123942-32-311984/teriakan-anies-for-president-terdengar-di-pertemuan-ulama,ADVERTISEMENT SCROLL TO CONTINUE WITH CONTENT
PAN Bakal Tinggalkan Koalisi Jokowi,"Jumat, 06 Jul 2018 12:25 WIB",https://www.cnnindonesia.com/nasional/20180706122306-32-311978/pan-bakal-tinggalkan-koalisi-jokowi,ADVERTISEMENT SCROLL TO CONTINUE WITH CONTENT
"Modal Anies Pilpres, Jago Retorika dan Dekat Kelompok Islam","Jumat, 06 Jul 2018 10:00 WIB",https://www.cnnindonesia.com/nasional/20180706091053-32-311943/modal-anies-pilpres-jago-retorika-dan-dekat-kelompok-islam,ADVERTISEMENT SCROLL TO CONTINUE WITH CONTENT
Relawan: Tuan Guru Bajang Hanya Puji Jokowi Bukan Mendukung,"Jumat, 06 Jul 2018 08:19 WIB",https://www.cnnindonesia.com/nasional/20180706080331-32-311926/relawan-tuan-guru-bajang-hanya-puji-jokowi-bukan-mendukung,ADVERTISEMENT SCROLL TO CONTINUE WITH CONTENT
"Dukung Jokowi, TGB Disebut Tafsirkan Petuah Syekh Al Azhar","Jumat, 06 Jul 2018 07:45 WIB",https://www.cnnindonesia.com/nasional/20180705192715-32-311881/dukung-jokowi-tgb-disebut-tafsirkan-petuah-syekh-al-azhar,ADVERTISEMENT SCROLL TO CONTINUE WITH CONTENT
"Coret TGB, Presidium Alumni 212 Tentukan Capres Pada 27 Juli","Jumat, 06 Jul 2018 06:32 WIB",https://www.cnnindonesia.com/nasional/20180705212912-32-311895/coret-tgb-presidium-alumni-212-tentukan-capres-pada-27-juli,ADVERTISEMENT SCROLL TO CONTINUE WITH CONTENT
Prabowo Sebut Situasi Perekonomian Mengkhawatirkan,"Jumat, 06 Jul 2018 05:59 WIB",https://www.cnnindonesia.com/nasional/20180706014018-32-311913/prabowo-sebut-situasi-perekonomian-mengkhawatirkan,ADVERTISEMENT SCROLL TO CONTINUE WITH CONTENT
"Khofifah Dukung Jokowi, Emil Yakin Koalisi Tak Terpengaruh","Jumat, 06 Jul 2018 05:45 WIB",https://www.cnnindonesia.com/nasional/20180706011424-32-311912/khofifah-dukung-jokowi-emil-yakin-koalisi-tak-terpengaruh,ADVERTISEMENT SCROLL TO CONTINUE WITH CONTENT
Bupati Sumba Tengah Siap Menangkan Jokowi 2019,"Jumat, 06 Jul 2018 05:40 WIB",https://www.cnnindonesia.com/nasional/20180705224623-32-311906/bupati-sumba-tengah-siap-menangkan-jokowi-2019,ADVERTISEMENT SCROLL TO CONTINUE WITH CONTENT
SMRC Sebut Anies Dicap Pengkhianat Jika Nyapres Tanpa Prabowo,"Jumat, 06 Jul 2018 01:46 WIB",https://www.cnnindonesia.com/nasional/20180705211146-32-311899/smrc-sebut-anies-dicap-pengkhianat-jika-nyapres-tanpa-prabowo,ADVERTISEMENT SCROLL TO CONTINUE WITH CONTENT
Demokrat Sebut Prabowo Ingin Berpasangan dengan AHY,"Jumat, 06 Jul 2018 00:06 WIB",https://www.cnnindonesia.com/nasional/20180706000119-32-311909/demokrat-sebut-prabowo-ingin-berpasangan-dengan-ahy,ADVERTISEMENT SCROLL TO CONTINUE WITH CONTENT
Mardani Ali Sera: Pilgub Jabar-Jateng Lampu Kuning ke Jokowi,"Kamis, 05 Jul 2018 21:30 WIB",https://www.cnnindonesia.com/nasional/20180705163512-32-311813/mardani-ali-sera-pilgub-jabar-jateng-lampu-kuning-ke-jokowi,ADVERTISEMENT SCROLL TO CONTINUE WITH CONTENT
"Syarif Hasan Temui Prabowo, Sampaikan Pesan Politik SBY","Kamis, 05 Jul 2018 20:10 WIB",https://www.cnnindonesia.com/nasional/20180705200426-32-311880/syarif-hasan-temui-prabowo-sampaikan-pesan-politik-sby,ADVERTISEMENT SCROLL TO CONTINUE WITH CONTENT
"TGB Dukung Jokowi, Ustaz Somad Tunggu Arahan Rizieq Shihab","Kamis, 05 Jul 2018 20:07 WIB",https://www.cnnindonesia.com/nasional/20180705195329-32-311869/tgb-dukung-jokowi-ustaz-somad-tunggu-arahan-rizieq-shihab,ADVERTISEMENT SCROLL TO CONTINUE WITH CONTENT
Alumni Al Azhar Tak Urusan TGB Dukung Jokowi di Pilpres 2019,"Kamis, 05 Jul 2018 19:51 WIB",https://www.cnnindonesia.com/nasional/20180705183125-32-311860/alumni-al-azhar-tak-urusan-tgb-dukung-jokowi-di-pilpres-2019,ADVERTISEMENT SCROLL TO CONTINUE WITH CONTENT
Wiranto dan Ketua KPU Bahas Partai Hanura di Kemenpolhukam,"Kamis, 05 Jul 2018 19:05 WIB",https://www.cnnindonesia.com/nasional/20180705185428-32-311852/wiranto-dan-ketua-kpu-bahas-partai-hanura-di-kemenpolhukam,ADVERTISEMENT SCROLL TO CONTINUE WITH CONTENT
"Antisipasi Menang Pilpres, PKS Punya Skenario Bagi Kekuasaan","Kamis, 05 Jul 2018 18:54 WIB",https://www.cnnindonesia.com/nasional/20180705180842-32-311847/antisipasi-menang-pilpres-pks-punya-skenario-bagi-kekuasaan,ADVERTISEMENT SCROLL TO CONTINUE WITH CONTENT
SBY dan Zulkifli Hasan Bicara Empat Mata Bahas Pilpres 2019,"Kamis, 05 Jul 2018 18:36 WIB",https://www.cnnindonesia.com/nasional/20180705182530-32-311848/sby-dan-zulkifli-hasan-bicara-empat-mata-bahas-pilpres-2019,ADVERTISEMENT SCROLL TO CONTINUE WITH CONTENT
Eks Koruptor dan Penjahat Seksual Masih Dipersilakan Nyaleg,"Kamis, 05 Jul 2018 18:15 WIB",https://www.cnnindonesia.com/nasional/20180705172224-32-311838/eks-koruptor-dan-penjahat-seksual-masih-dipersilakan-nyaleg,ADVERTISEMENT SCROLL TO CONTINUE WITH CONTENT
Al Khaththath Proklamasi Jadi Pembina Caleg Muslim Indonesia,"Kamis, 05 Jul 2018 18:08 WIB",https://www.cnnindonesia.com/nasional/20180705172725-32-311833/al-khaththath-proklamasi-jadi-pembina-caleg-muslim-indonesia,ADVERTISEMENT SCROLL TO CONTINUE WITH CONTENT
Anies Tunggu Aba-Aba Tiga Ketum Parpol Jadi Capres 2019,"Kamis, 05 Jul 2018 16:51 WIB",https://www.cnnindonesia.com/nasional/20180705161430-32-311803/anies-tunggu-aba-aba-tiga-ketum-parpol-jadi-capres-2019,ADVERTISEMENT SCROLL TO CONTINUE WITH CONTENT
Moeldoko: Netralitas TNI Tergantung Pemimpinnya,"Kamis, 05 Jul 2018 15:49 WIB",https://www.cnnindonesia.com/nasional/20180705151307-32-311778/moeldoko-netralitas-tni-tergantung-pemimpinnya,ADVERTISEMENT SCROLL TO CONTINUE WITH CONTENT
Moeldoko Tak Punya Niat Jadi Cawapres Jokowi: Itu Spekulasi,"Kamis, 05 Jul 2018 13:20 WIB",https://www.cnnindonesia.com/nasional/20180705121934-32-311718/moeldoko-tak-punya-niat-jadi-cawapres-jokowi-itu-spekulasi,ADVERTISEMENT SCROLL TO CONTINUE WITH CONTENT
Menakar Gerilya Prabowo lewat 'Perang Udara' Jelang Pilpres,"Kamis, 05 Jul 2018 12:46 WIB",https://www.cnnindonesia.com/nasional/20180704123518-32-311447/menakar-gerilya-prabowo-lewat-perang-udara-jelang-pilpres,ADVERTISEMENT SCROLL TO CONTINUE WITH CONTENT
Demokrat Tegaskan Dukungan TGB ke Jokowi Bukan Sikap Partai,"Kamis, 05 Jul 2018 11:44 WIB",https://www.cnnindonesia.com/nasional/20180705113704-32-311706/demokrat-tegaskan-dukungan-tgb-ke-jokowi-bukan-sikap-partai,ADVERTISEMENT SCROLL TO CONTINUE WITH CONTENT
Potensi-potensi Kehilangan Hak Suara pada Pemilu 2019,"Kamis, 05 Jul 2018 10:07 WIB",https://www.cnnindonesia.com/nasional/20180705071058-32-311639/potensi-potensi-kehilangan-hak-suara-pada-pemilu-2019,ADVERTISEMENT SCROLL TO CONTINUE WITH CONTENT
"Airlangga-Cak Imin Bertemu, Golkar Sebut Poros Ketiga Tak Ada","Kamis, 05 Jul 2018 09:35 WIB",https://www.cnnindonesia.com/nasional/20180704203917-32-311606/airlangga-cak-imin-bertemu-golkar-sebut-poros-ketiga-tak-ada,ADVERTISEMENT SCROLL TO CONTINUE WITH CONTENT
Gerindra Terus Rapatkan Barisan Godok Nama Cawapres Prabowo,"Kamis, 05 Jul 2018 07:05 WIB",https://www.cnnindonesia.com/nasional/20180704210338-32-311604/gerindra-terus-rapatkan-barisan-godok-nama-cawapres-prabowo,ADVERTISEMENT SCROLL TO CONTINUE WITH CONTENT
Golkar Sebut Dukungan TGB Tambah Kekuatan Jokowi di Pilpres,"Kamis, 05 Jul 2018 06:29 WIB",https://www.cnnindonesia.com/nasional/20180704222349-32-311613/golkar-sebut-dukungan-tgb-tambah-kekuatan-jokowi-di-pilpres,ADVERTISEMENT SCROLL TO CONTINUE WITH CONTENT
Emil Dardak Tak Tampik Bakal Dukung Jokowi,"Kamis, 05 Jul 2018 05:58 WIB",https://www.cnnindonesia.com/nasional/20180705055627-32-311636/emil-dardak-tak-tampik-bakal-dukung-jokowi,ADVERTISEMENT SCROLL TO CONTINUE WITH CONTENT
Cak Imin Yakin Kalahkan JK-AHY Jika Jadi Cawapres Jokowi,"Kamis, 05 Jul 2018 04:10 WIB",https://www.cnnindonesia.com/nasional/20180704200337-32-311589/cak-imin-yakin-kalahkan-jk-ahy-jika-jadi-cawapres-jokowi,ADVERTISEMENT SCROLL TO CONTINUE WITH CONTENT
NasDem Sebut Kedekatan JK-Anies Bukan Ancaman Jokowi,"Kamis, 05 Jul 2018 00:51 WIB",https://www.cnnindonesia.com/nasional/20180704185342-32-311568/nasdem-sebut-kedekatan-jk-anies-bukan-ancaman-jokowi,ADVERTISEMENT SCROLL TO CONTINUE WITH CONTENT
Ketum PPP: Tidak Ada Nama Anies Baswedan Jadi Cawapres Jokowi,"Rabu, 04 Jul 2018 23:32 WIB",https://www.cnnindonesia.com/nasional/20180704215554-32-311611/ketum-ppp-tidak-ada-nama-anies-baswedan-jadi-cawapres-jokowi,ADVERTISEMENT SCROLL TO CONTINUE WITH CONTENT
Saling Bertetangga Jadi Alasan Anies Nebeng Mobil Wapres JK,"Rabu, 04 Jul 2018 23:07 WIB",https://www.cnnindonesia.com/nasional/20180704211427-20-311602/saling-bertetangga-jadi-alasan-anies-nebeng-mobil-wapres-jk,ADVERTISEMENT SCROLL TO CONTINUE WITH CONTENT
Ridwan Kamil Beri Sinyal Dukung Jokowi di Pilpres 2019,"Rabu, 04 Jul 2018 22:26 WIB",https://www.cnnindonesia.com/nasional/20180704215313-32-311612/ridwan-kamil-beri-sinyal-dukung-jokowi-di-pilpres-2019,ADVERTISEMENT SCROLL TO CONTINUE WITH CONTENT
"Anies Ikut Mobil JK, Sandi Sebut untuk Irit Bensin","Rabu, 04 Jul 2018 20:49 WIB",https://www.cnnindonesia.com/nasional/20180704203024-20-311592/anies-ikut-mobil-jk-sandi-sebut-untuk-irit-bensin,ADVERTISEMENT SCROLL TO CONTINUE WITH CONTENT
"Dukung Jokowi, TGB Dianggap Sudah Mulai Oleng di Demokrat","Rabu, 04 Jul 2018 20:24 WIB",https://www.cnnindonesia.com/nasional/20180704200615-32-311585/dukung-jokowi-tgb-dianggap-sudah-mulai-oleng-di-demokrat,ADVERTISEMENT SCROLL TO CONTINUE WITH CONTENT
Airlangga-Cak Imin Sepakat Bentuk Tim Bahas Cawapres Jokowi,"Rabu, 04 Jul 2018 20:05 WIB",https://www.cnnindonesia.com/nasional/20180704191316-32-311574/airlangga-cak-imin-sepakat-bentuk-tim-bahas-cawapres-jokowi,ADVERTISEMENT SCROLL TO CONTINUE WITH CONTENT
Ridwan Kamil Sebut Aplikasi Tik Tok Bikin Hidup Sia-sia,"Rabu, 04 Jul 2018 18:48 WIB",https://www.cnnindonesia.com/nasional/20180704181736-20-311559/ridwan-kamil-sebut-aplikasi-tik-tok-bikin-hidup-sia-sia,ADVERTISEMENT SCROLL TO CONTINUE WITH CONTENT
Ridwan Kamil: 2019 Ganti Presiden Rada Kencang di Jawa Barat,"Rabu, 04 Jul 2018 18:30 WIB",https://www.cnnindonesia.com/nasional/20180704180916-32-311553/ridwan-kamil-2019-ganti-presiden-rada-kencang-di-jawa-barat,ADVERTISEMENT SCROLL TO CONTINUE WITH CONTENT
Kader PKS Duga Ada Peran Jokowi di Balik Layar JK dan Anies,"Rabu, 04 Jul 2018 18:23 WIB",https://www.cnnindonesia.com/nasional/20180704173727-32-311543/kader-pks-duga-ada-peran-jokowi-di-balik-layar-jk-dan-anies,ADVERTISEMENT SCROLL TO CONTINUE WITH CONTENT
"Ditemui Airlangga, Cak Imin Ingatkan Waktu Pendaftaran Capres","Rabu, 04 Jul 2018 18:15 WIB",https://www.cnnindonesia.com/nasional/20180704173429-32-311545/ditemui-airlangga-cak-imin-ingatkan-waktu-pendaftaran-capres,ADVERTISEMENT SCROLL TO CONTINUE WITH CONTENT
TGB Zainul Majdi: Sangat Fair Dukung Jokowi Dua Periode,"Rabu, 04 Jul 2018 17:43 WIB",https://www.cnnindonesia.com/nasional/20180704171931-32-311538/tgb-zainul-majdi-sangat-fair-dukung-jokowi-dua-periode,ADVERTISEMENT SCROLL TO CONTINUE WITH CONTENT
Dewan Masjid Lepas Tangan soal Khotbah terkait Pemilu 2019,"Rabu, 04 Jul 2018 17:30 WIB",https://www.cnnindonesia.com/nasional/20180704165726-32-311535/dewan-masjid-lepas-tangan-soal-khotbah-terkait-pemilu-2019,ADVERTISEMENT SCROLL TO CONTINUE WITH CONTENT
Aji Mumpung Anies Baswedan 'Naik Kelas' di Pilpres 2019,"Rabu, 04 Jul 2018 17:20 WIB",https://www.cnnindonesia.com/nasional/20180704085957-32-311361/aji-mumpung-anies-baswedan-naik-kelas-di-pilpres-2019,ADVERTISEMENT SCROLL TO CONTINUE WITH CONTENT
"Zulhas: Saf Semakin Rapat, Insya Allah Kemenangan Sudah Dekat","Rabu, 04 Jul 2018 16:44 WIB",https://www.cnnindonesia.com/nasional/20180704161608-32-311509/zulhas-saf-semakin-rapat-insya-allah-kemenangan-sudah-dekat,ADVERTISEMENT SCROLL TO CONTINUE WITH CONTENT
Fahri Hamzah Sindir Jokowi Sekadar Penggunting Pita Proyek,"Rabu, 04 Jul 2018 15:43 WIB",https://www.cnnindonesia.com/nasional/20180704151418-32-311497/fahri-hamzah-sindir-jokowi-sekadar-penggunting-pita-proyek,ADVERTISEMENT SCROLL TO CONTINUE WITH CONTENT
Gugatan Ambang Batas Presiden dan Perubahan Peta Politik,"Rabu, 04 Jul 2018 14:11 WIB",https://www.cnnindonesia.com/nasional/20180704105513-32-311404/gugatan-ambang-batas-presiden-dan-perubahan-peta-politik,ADVERTISEMENT SCROLL TO CONTINUE WITH CONTENT
PDIP Anggap Kedekatan JK-Anies Tak Terkait Pilpres,"Rabu, 04 Jul 2018 13:54 WIB",https://www.cnnindonesia.com/nasional/20180704131531-32-311449/pdip-anggap-kedekatan-jk-anies-tak-terkait-pilpres,ADVERTISEMENT SCROLL TO CONTINUE WITH CONTENT
Zulhas Goda Anies Maju Pilpres dan Romi Cawapres Jokowi,"Rabu, 04 Jul 2018 13:10 WIB",https://www.cnnindonesia.com/nasional/20180704123445-32-311436/zulhas-goda-anies-maju-pilpres-dan-romi-cawapres-jokowi,ADVERTISEMENT SCROLL TO CONTINUE WITH CONTENT
Amien Rais Kritik Jokowinomics dan Sebut Dajal Ekonomi,"Rabu, 04 Jul 2018 11:22 WIB",https://www.cnnindonesia.com/nasional/20180704111053-32-311408/amien-rais-kritik-jokowinomics-dan-sebut-dajal-ekonomi,ADVERTISEMENT SCROLL TO CONTINUE WITH CONTENT
"Ada Wacana JK Capres, Golkar Tetap Usung Jokowi-Airlangga","Rabu, 04 Jul 2018 09:10 WIB",https://www.cnnindonesia.com/nasional/20180704031138-32-311281/ada-wacana-jk-capres-golkar-tetap-usung-jokowi-airlangga,ADVERTISEMENT SCROLL TO CONTINUE WITH CONTENT
Ketum PPP Nilai Duet JK-AHY Tak Punya Prospek di Pilpres 2019,"Rabu, 04 Jul 2018 07:55 WIB",https://www.cnnindonesia.com/nasional/20180704065224-32-311308/ketum-ppp-nilai-duet-jk-ahy-tak-punya-prospek-di-pilpres-2019,ADVERTISEMENT SCROLL TO CONTINUE WITH CONTENT
PPP: Kebanyakan Pilkada Dimenangkan Nasionalis-Santri,"Rabu, 04 Jul 2018 05:51 WIB",https://www.cnnindonesia.com/nasional/20180704024423-32-311279/ppp-kebanyakan-pilkada-dimenangkan-nasionalis-santri,ADVERTISEMENT SCROLL TO CONTINUE WITH CONTENT
"Jerman Tumbang di Piala Dunia, Sandiaga Berpaling ke Brasil","Rabu, 04 Jul 2018 04:42 WIB",https://www.cnnindonesia.com/nasional/20180703214940-20-311242/jerman-tumbang-di-piala-dunia-sandiaga-berpaling-ke-brasil,ADVERTISEMENT SCROLL TO CONTINUE WITH CONTENT
Pimpinan DPR Usul UU Presiden Ikut Tanggung Utang Negara,"Rabu, 04 Jul 2018 02:50 WIB",https://www.cnnindonesia.com/nasional/20180703180440-32-311177/pimpinan-dpr-usul-uu-presiden-ikut-tanggung-utang-negara,ADVERTISEMENT SCROLL TO CONTINUE WITH CONTENT
SMRC: Prabowo Taklukkan Jokowi di Jabar Saat Pilkada 2018,"Selasa, 03 Jul 2018 20:33 WIB",https://www.cnnindonesia.com/nasional/20180703162547-32-311144/smrc-prabowo-taklukkan-jokowi-di-jabar-saat-pilkada-2018,ADVERTISEMENT SCROLL TO CONTINUE WITH CONTENT
Din Syamsudin Yakin Muhammadiyah Tak Dukung Amien Rais Capres,"Selasa, 03 Jul 2018 20:01 WIB",https://www.cnnindonesia.com/nasional/20180703175133-32-311169/din-syamsudin-yakin-muhammadiyah-tak-dukung-amien-rais-capres,ADVERTISEMENT SCROLL TO CONTINUE WITH CONTENT
Wiranto Persilakan Moeldoko Keluar dari Hanura,"Selasa, 03 Jul 2018 19:44 WIB",https://www.cnnindonesia.com/nasional/20180703182202-32-311189/wiranto-persilakan-moeldoko-keluar-dari-hanura,ADVERTISEMENT SCROLL TO CONTINUE WITH CONTENT
Pencapresan JK Berpotensi Jadi Batu Sandungan Jokowi,"Selasa, 03 Jul 2018 18:07 WIB",https://www.cnnindonesia.com/nasional/20180703125042-32-311055/pencapresan-jk-berpotensi-jadi-batu-sandungan-jokowi,ADVERTISEMENT SCROLL TO CONTINUE WITH CONTENT
"Dorong JK-AHY, Demokrat Kenang Kejayaan SBY-JK","Selasa, 03 Jul 2018 17:01 WIB",https://www.cnnindonesia.com/nasional/20180703161202-32-311142/dorong-jk-ahy-demokrat-kenang-kejayaan-sby-jk,ADVERTISEMENT SCROLL TO CONTINUE WITH CONTENT
"Anies Dijuluki Gubernur Indonesia, DKI Minta Tak Dipolitisasi","Selasa, 03 Jul 2018 16:54 WIB",https://www.cnnindonesia.com/nasional/20180703163517-32-311147/anies-dijuluki-gubernur-indonesia-dki-minta-tak-dipolitisasi,ADVERTISEMENT SCROLL TO CONTINUE WITH CONTENT
Airlangga Langsung 'Kabur' Usai Bertemu JK,"Selasa, 03 Jul 2018 16:45 WIB",https://www.cnnindonesia.com/nasional/20180703164112-32-311146/airlangga-langsung-kabur-usai-bertemu-jk,ADVERTISEMENT SCROLL TO CONTINUE WITH CONTENT
OSO Persilakan Moeldoko Mundur dari Hanura,"Selasa, 03 Jul 2018 16:39 WIB",https://www.cnnindonesia.com/nasional/20180703160307-32-311136/oso-persilakan-moeldoko-mundur-dari-hanura,ADVERTISEMENT SCROLL TO CONTINUE WITH CONTENT
Airlangga Hartarto Temui Wapres JK Hari Ini,"Selasa, 03 Jul 2018 16:13 WIB",https://www.cnnindonesia.com/nasional/20180703155620-32-311135/airlangga-hartarto-temui-wapres-jk-hari-ini,ADVERTISEMENT SCROLL TO CONTINUE WITH CONTENT
"Digadang Duet Bareng AHY, JK Tunggu Dinamika Politik","Selasa, 03 Jul 2018 15:57 WIB",https://www.cnnindonesia.com/nasional/20180703143613-32-311110/digadang-duet-bareng-ahy-jk-tunggu-dinamika-politik,ADVERTISEMENT SCROLL TO CONTINUE WITH CONTENT
Uji Materi Ambang Batas Presiden Digelar Jelang Pendaftaran,"Selasa, 03 Jul 2018 14:55 WIB",https://www.cnnindonesia.com/nasional/20180703141409-32-311098/uji-materi-ambang-batas-presiden-digelar-jelang-pendaftaran,ADVERTISEMENT SCROLL TO CONTINUE WITH CONTENT
"Nama Anies Ramaikan Bursa Pilpres 2019, PAN Belum Terpincut","Selasa, 03 Jul 2018 14:01 WIB",https://www.cnnindonesia.com/nasional/20180703133300-32-311079/nama-anies-ramaikan-bursa-pilpres-2019-pan-belum-terpincut,ADVERTISEMENT SCROLL TO CONTINUE WITH CONTENT
Gerindra Akui Suara 'Asyik' Terkerek karena Ulama dan FPI,"Selasa, 03 Jul 2018 07:10 WIB",https://www.cnnindonesia.com/nasional/20180703064752-32-310981/gerindra-akui-suara-asyik-terkerek-karena-ulama-dan-fpi,ADVERTISEMENT SCROLL TO CONTINUE WITH CONTENT
PKS Terima Kasih Tagar Ganti Presiden Diakui Pengaruhi Jabar,"Selasa, 03 Jul 2018 06:15 WIB",https://www.cnnindonesia.com/nasional/20180703035329-32-310976/pks-terima-kasih-tagar-ganti-presiden-diakui-pengaruhi-jabar,ADVERTISEMENT SCROLL TO CONTINUE WITH CONTENT
Golkar Akan Bertemu PKB Bahas Koalisi Dukungan di Pilpres,"Selasa, 03 Jul 2018 05:35 WIB",https://www.cnnindonesia.com/nasional/20180703020323-32-310955/golkar-akan-bertemu-pkb-bahas-koalisi-dukungan-di-pilpres,ADVERTISEMENT SCROLL TO CONTINUE WITH CONTENT
PKS Tegaskan Ikut Aturan KPU soal Larangan Koruptor Nyaleg,"Selasa, 03 Jul 2018 01:03 WIB",https://www.cnnindonesia.com/nasional/20180702201114-32-310894/pks-tegaskan-ikut-aturan-kpu-soal-larangan-koruptor-nyaleg,ADVERTISEMENT SCROLL TO CONTINUE WITH CONTENT
Sandi Akui Anies Kian Kuat Dampingi Prabowo di Pilpres 2019,"Senin, 02 Jul 2018 23:44 WIB",https://www.cnnindonesia.com/nasional/20180702205236-32-310900/sandi-akui-anies-kian-kuat-dampingi-prabowo-di-pilpres-2019,ADVERTISEMENT SCROLL TO CONTINUE WITH CONTENT
Presiden PKS Sebut Mahathir Effect Picu Wacana JK Jadi Capres,"Senin, 02 Jul 2018 22:00 WIB",https://www.cnnindonesia.com/nasional/20180702214120-32-310910/presiden-pks-sebut-mahathir-effect-picu-wacana-jk-jadi-capres,ADVERTISEMENT SCROLL TO CONTINUE WITH CONTENT
Elite Golkar dan Demokrat Respons Wacana Duet JK-AHY,"Senin, 02 Jul 2018 19:42 WIB",https://www.cnnindonesia.com/nasional/20180702183626-32-310872/elite-golkar-dan-demokrat-respons-wacana-duet-jk-ahy,ADVERTISEMENT SCROLL TO CONTINUE WITH CONTENT
Aksi Ganti Presiden di Markobar Gibran Jadi Sorotan Publik,"Senin, 02 Jul 2018 19:20 WIB",https://www.cnnindonesia.com/nasional/20180702182426-32-310876/aksi-ganti-presiden-di-markobar-gibran-jadi-sorotan-publik,ADVERTISEMENT SCROLL TO CONTINUE WITH CONTENT
Gerindra dan PKS Soroti Peluang Anies di Pilpres 2019,"Senin, 02 Jul 2018 18:20 WIB",https://www.cnnindonesia.com/nasional/20180702161950-32-310829/gerindra-dan-pks-soroti-peluang-anies-di-pilpres-2019,ADVERTISEMENT SCROLL TO CONTINUE WITH CONTENT
Bawaslu-Menkumham Tetap Perbolehkan Eks Koruptor Jadi Caleg,"Senin, 02 Jul 2018 16:03 WIB",https://www.cnnindonesia.com/nasional/20180702153306-32-310817/bawaslu-menkumham-tetap-perbolehkan-eks-koruptor-jadi-caleg,ADVERTISEMENT SCROLL TO CONTINUE WITH CONTENT
Gorengan Politik dan Pekerjaan Berat Demokrat Usung Capres JK,"Senin, 02 Jul 2018 14:46 WIB",https://www.cnnindonesia.com/nasional/20180702143517-32-310799/gorengan-politik-dan-pekerjaan-berat-demokrat-usung-capres-jk,ADVERTISEMENT SCROLL TO CONTINUE WITH CONTENT
Anies Ungkap Obrolan di Mobil Dinas JK Menuju Balai Kota,"Senin, 02 Jul 2018 14:14 WIB",https://www.cnnindonesia.com/nasional/20180702140428-32-310791/anies-ungkap-obrolan-di-mobil-dinas-jk-menuju-balai-kota,ADVERTISEMENT SCROLL TO CONTINUE WITH CONTENT
DPR Anggap KPU Pencitraan Larang Koruptor Nyaleg,"Senin, 02 Jul 2018 13:54 WIB",https://www.cnnindonesia.com/nasional/20180702114213-32-310756/dpr-anggap-kpu-pencitraan-larang-koruptor-nyaleg,ADVERTISEMENT SCROLL TO CONTINUE WITH CONTENT
"Anggap 'Rindu' Lawan Kuat, Dedi Mulyadi Kaget 'Asyik' Melejit","Senin, 02 Jul 2018 13:31 WIB",https://www.cnnindonesia.com/nasional/20180702130534-32-310771/anggap-rindu-lawan-kuat-dedi-mulyadi-kaget-asyik-melejit,ADVERTISEMENT SCROLL TO CONTINUE WITH CONTENT
Mendagri Sebut Anies Baswedan Gubernur Indonesia,"Senin, 02 Jul 2018 12:35 WIB",https://www.cnnindonesia.com/nasional/20180702121241-20-310761/mendagri-sebut-anies-baswedan-gubernur-indonesia,ADVERTISEMENT SCROLL TO CONTINUE WITH CONTENT
Wacana Anies Capres Kembali Berhembus di Internal PKS,"Senin, 02 Jul 2018 11:56 WIB",https://www.cnnindonesia.com/nasional/20180702112927-32-310752/wacana-anies-capres-kembali-berhembus-di-internal-pks,ADVERTISEMENT SCROLL TO CONTINUE WITH CONTENT
"Sayap Kiri Menang, Partai Berkuasa Meksiko Akui Kekalahan","Senin, 02 Jul 2018 09:25 WIB",https://www.cnnindonesia.com/internasional/20180702085642-134-310721/sayap-kiri-menang-partai-berkuasa-meksiko-akui-kekalahan,ADVERTISEMENT SCROLL TO CONTINUE WITH CONTENT
Buruh Seret Isu Ojek Online untuk Kampanye Ganti Presiden,"Minggu, 01 Jul 2018 18:25 WIB",https://www.cnnindonesia.com/nasional/20180701180042-32-310586/buruh-seret-isu-ojek-online-untuk-kampanye-ganti-presiden,ADVERTISEMENT SCROLL TO CONTINUE WITH CONTENT
"Melejit di Jabar dan Jateng, Gerindra Mantap Bertarung 2019","Minggu, 01 Jul 2018 14:47 WIB",https://www.cnnindonesia.com/nasional/20180701131629-32-310558/melejit-di-jabar-dan-jateng-gerindra-mantap-bertarung-2019,ADVERTISEMENT SCROLL TO CONTINUE WITH CONTENT
Seorang Wartawan Tewas Dibunuh di Meksiko Sebelum Pilpres,"Minggu, 01 Jul 2018 06:09 WIB",https://www.cnnindonesia.com/internasional/20180701060359-134-310527/seorang-wartawan-tewas-dibunuh-di-meksiko-sebelum-pilpres,ADVERTISEMENT SCROLL TO CONTINUE WITH CONTENT
"Usung Amien Rais Jadi Capres, KUM Sebut Pemerintah Budek","Sabtu, 30 Jun 2018 23:38 WIB",https://www.cnnindonesia.com/nasional/20180630181422-32-310407/usung-amien-rais-jadi-capres-kum-sebut-pemerintah-budek,ADVERTISEMENT SCROLL TO CONTINUE WITH CONTENT
Fadli Zon Ungkap Lembaga Survei Merangkap Tim Kampanye,"Sabtu, 30 Jun 2018 21:04 WIB",https://www.cnnindonesia.com/nasional/20180630131227-32-310364/fadli-zon-ungkap-lembaga-survei-merangkap-tim-kampanye,ADVERTISEMENT SCROLL TO CONTINUE WITH CONTENT
Demokrat Jadikan Suara Pilkada Modal Poros Ketiga Pilpres,"Sabtu, 30 Jun 2018 20:20 WIB",https://www.cnnindonesia.com/nasional/20180630195504-32-310418/demokrat-jadikan-suara-pilkada-modal-poros-ketiga-pilpres,ADVERTISEMENT SCROLL TO CONTINUE WITH CONTENT
Eggi Usul Prabowo Ikhlas Jadi Cawapres Amien Rais,"Sabtu, 30 Jun 2018 16:18 WIB",https://www.cnnindonesia.com/nasional/20180630153551-32-310383/eggi-usul-prabowo-ikhlas-jadi-cawapres-amien-rais,ADVERTISEMENT SCROLL TO CONTINUE WITH CONTENT
BEI Revisi Target PerusahaanGo Publicjadi 25 di 2019,"Sabtu, 30 Jun 2018 14:22 WIB",https://www.cnnindonesia.com/ekonomi/20180629144228-92-310158/bei-revisi-target-perusahaan-go-public-jadi-25-di-2019,ADVERTISEMENT SCROLL TO CONTINUE WITH CONTENT
Pengamat: Pilkada Bikin Jokowi di Atas Angin untuk 2019,"Sabtu, 30 Jun 2018 14:09 WIB",https://www.cnnindonesia.com/nasional/20180630134257-32-310369/pengamat-pilkada-bikin-jokowi-di-atas-angin-untuk-2019,ADVERTISEMENT SCROLL TO CONTINUE WITH CONTENT
PDIP Laporkan Kekalahan Djarot di Pilgub Sumut ke Jokowi,"Sabtu, 30 Jun 2018 13:23 WIB",https://www.cnnindonesia.com/nasional/20180630111211-32-310352/pdip-laporkan-kekalahan-djarot-di-pilgub-sumut-ke-jokowi,ADVERTISEMENT SCROLL TO CONTINUE WITH CONTENT
Amien Rais Diminta 'Turun Gunung' Tantang Jokowi di 2019,"Sabtu, 30 Jun 2018 11:53 WIB",https://www.cnnindonesia.com/nasional/20180630114307-32-310355/amien-rais-diminta-turun-gunung-tantang-jokowi-di-2019,ADVERTISEMENT SCROLL TO CONTINUE WITH CONTENT
Fadli Zon: Koalisi Bahas Cawapres Prabowo Pekan Depan,"Sabtu, 30 Jun 2018 10:47 WIB",https://www.cnnindonesia.com/nasional/20180629174800-32-310255/fadli-zon-koalisi-bahas-cawapres-prabowo-pekan-depan,ADVERTISEMENT SCROLL TO CONTINUE WITH CONTENT
Golkar Nilai Pilgub Jabar Bukan Ancaman untuk Suara Jokowi,"Sabtu, 30 Jun 2018 06:35 WIB",https://www.cnnindonesia.com/nasional/20180630044903-32-310336/golkar-nilai-pilgub-jabar-bukan-ancaman-untuk-suara-jokowi,ADVERTISEMENT SCROLL TO CONTINUE WITH CONTENT
Partisipasi Pemilih Pilkada 2018 Belum Mencapai Target,"Sabtu, 30 Jun 2018 05:11 WIB",https://www.cnnindonesia.com/nasional/20180630040655-32-310334/partisipasi-pemilih-pilkada-2018-belum-mencapai-target,ADVERTISEMENT SCROLL TO CONTINUE WITH CONTENT
"Gugatan Ditolak MK, JK Tetap Bisa Maju Capres di Pilpres 2019","Sabtu, 30 Jun 2018 01:28 WIB",https://www.cnnindonesia.com/nasional/20180629134812-32-310148/gugatan-ditolak-mk-jk-tetap-bisa-maju-capres-di-pilpres-2019,ADVERTISEMENT SCROLL TO CONTINUE WITH CONTENT
"Demokrat Wacanakan JK Capres, Golkar Anggap Dinamika Biasa","Sabtu, 30 Jun 2018 00:28 WIB",https://www.cnnindonesia.com/nasional/20180629183211-32-310259/demokrat-wacanakan-jk-capres-golkar-anggap-dinamika-biasa,ADVERTISEMENT SCROLL TO CONTINUE WITH CONTENT
PDIP Klaim Ada Pihak Ingin Jokowi dan PDIP Pisah di Pilpres,"Jumat, 29 Jun 2018 21:24 WIB",https://www.cnnindonesia.com/nasional/20180629210955-32-310294/pdip-klaim-ada-pihak-ingin-jokowi-dan-pdip-pisah-di-pilpres,ADVERTISEMENT SCROLL TO CONTINUE WITH CONTENT
Pengamat: Pilkada Serentak 2018 Bebas Isu SARA,"Jumat, 29 Jun 2018 21:14 WIB",https://www.cnnindonesia.com/nasional/20180629134156-32-310144/pengamat-pilkada-serentak-2018-bebas-isu-sara,ADVERTISEMENT SCROLL TO CONTINUE WITH CONTENT
Dukungan RK dan Khofifah untuk Jokowi Dinilai Tak Berpengaruh,"Jumat, 29 Jun 2018 20:24 WIB",https://www.cnnindonesia.com/nasional/20180629144354-32-310164/dukungan-rk-dan-khofifah-untuk-jokowi-dinilai-tak-berpengaruh,ADVERTISEMENT SCROLL TO CONTINUE WITH CONTENT
Prabowo Ungkit Istilah 'Inlander' Saat Pidato di UBK,"Jumat, 29 Jun 2018 19:18 WIB",https://www.cnnindonesia.com/nasional/20180629173752-32-310244/prabowo-ungkit-istilah-inlander-saat-pidato-di-ubk,ADVERTISEMENT SCROLL TO CONTINUE WITH CONTENT
Amien Rais Ingin 2019 Presiden Cerdas dan Gagah Perkasa,"Jumat, 29 Jun 2018 19:01 WIB",https://www.cnnindonesia.com/nasional/20180629165832-32-310220/amien-rais-ingin-2019-presiden-cerdas-dan-gagah-perkasa,ADVERTISEMENT SCROLL TO CONTINUE WITH CONTENT
"Bawakan Salak Bali, Megawati 'Curi' Ilmu Mahatir soal Pilpres","Jumat, 29 Jun 2018 18:44 WIB",https://www.cnnindonesia.com/nasional/20180629182247-32-310258/bawakan-salak-bali-megawati-curi-ilmu-mahatir-soal-pilpres,ADVERTISEMENT SCROLL TO CONTINUE WITH CONTENT
Prabowo soal Pilkada: Rakyat Capek dan Ingin Perubahan,"Jumat, 29 Jun 2018 17:42 WIB",https://www.cnnindonesia.com/nasional/20180629172316-32-310243/prabowo-soal-pilkada-rakyat-capek-dan-ingin-perubahan,ADVERTISEMENT SCROLL TO CONTINUE WITH CONTENT
"Amien Rais: JK Capres, No Way","Jumat, 29 Jun 2018 17:01 WIB",https://www.cnnindonesia.com/nasional/20180629165040-32-310218/amien-rais-jk-capres-no-way,ADVERTISEMENT SCROLL TO CONTINUE WITH CONTENT
Amien Rais Sebut Larangan Berpolitik di Masjid Kurang Ajar,"Jumat, 29 Jun 2018 16:18 WIB",https://www.cnnindonesia.com/nasional/20180629161106-32-310197/amien-rais-sebut-larangan-berpolitik-di-masjid-kurang-ajar,ADVERTISEMENT SCROLL TO CONTINUE WITH CONTENT
"Halalbihalal, Prabowo Sebut Rizal Ramli Calon Presiden","Jumat, 29 Jun 2018 16:01 WIB",https://www.cnnindonesia.com/nasional/20180629155235-32-310189/halalbihalal-prabowo-sebut-rizal-ramli-calon-presiden,ADVERTISEMENT SCROLL TO CONTINUE WITH CONTENT
Saat Anies Diantar JK Menggunakan Mobil RI-2,"Jumat, 29 Jun 2018 15:30 WIB",https://www.cnnindonesia.com/nasional/20180629142206-32-310152/saat-anies-diantar-jk-menggunakan-mobil-ri-2,ADVERTISEMENT SCROLL TO CONTINUE WITH CONTENT
"Suara Sudrajat Tinggi, Gerindra Anggap Prabowo Presiden Jabar","Jumat, 29 Jun 2018 13:32 WIB",https://www.cnnindonesia.com/nasional/20180629114419-32-310114/suara-sudrajat-tinggi-gerindra-anggap-prabowo-presiden-jabar,ADVERTISEMENT SCROLL TO CONTINUE WITH CONTENT
Ridwan Kamil Belum Mau Bicarakan Dukungan Capres,"Jumat, 29 Jun 2018 11:42 WIB",https://www.cnnindonesia.com/nasional/20180629090037-32-310067/ridwan-kamil-belum-mau-bicarakan-dukungan-capres,ADVERTISEMENT SCROLL TO CONTINUE WITH CONTENT
Pilkada Jawa Barat-Jawa Timur dan 'Sinyal Merah' untuk Jokowi,"Jumat, 29 Jun 2018 11:22 WIB",https://www.cnnindonesia.com/nasional/20180629070553-32-310058/pilkada-jawa-barat-jawa-timur-dan-sinyal-merah-untuk-jokowi,ADVERTISEMENT SCROLL TO CONTINUE WITH CONTENT
Menimbang Peluang Poros Ketiga Selepas Pilkada Serentak,"Jumat, 29 Jun 2018 10:02 WIB",https://www.cnnindonesia.com/nasional/20180629091503-32-310069/menimbang-peluang-poros-ketiga-selepas-pilkada-serentak,ADVERTISEMENT SCROLL TO CONTINUE WITH CONTENT
"Tumbang di Jatim, PKB Klaim Nilai Tawar Cak Imin Masih Kuat","Jumat, 29 Jun 2018 09:10 WIB",https://www.cnnindonesia.com/nasional/20180629084238-32-310066/tumbang-di-jatim-pkb-klaim-nilai-tawar-cak-imin-masih-kuat,ADVERTISEMENT SCROLL TO CONTINUE WITH CONTENT
Menakar Peta Politik Pilpres 2019 Usai Pilkada Serentak,"Jumat, 29 Jun 2018 06:59 WIB",https://www.cnnindonesia.com/nasional/20180628131546-32-309789/menakar-peta-politik-pilpres-2019-usai-pilkada-serentak,ADVERTISEMENT SCROLL TO CONTINUE WITH CONTENT
PDIP Sebutkan Kriteria Idaman Pendamping Jokowi,"Jumat, 29 Jun 2018 06:02 WIB",https://www.cnnindonesia.com/nasional/20180629042836-32-310025/pdip-sebutkan-kriteria-idaman-pendamping-jokowi,ADVERTISEMENT SCROLL TO CONTINUE WITH CONTENT
"PDIP Banyak Kalah, Golkar Pastikan Tetap Dukung Jokowi","Kamis, 28 Jun 2018 21:46 WIB",https://www.cnnindonesia.com/nasional/20180628212642-32-309923/pdip-banyak-kalah-golkar-pastikan-tetap-dukung-jokowi,ADVERTISEMENT SCROLL TO CONTINUE WITH CONTENT
Konsultan TI KPU Adukan Teror 'Miskol' ke Bareskrim,"Kamis, 28 Jun 2018 20:36 WIB",https://www.cnnindonesia.com/teknologi/20180628193325-185-309901/konsultan-ti-kpu-adukan-teror-miskol-ke-bareskrim,ADVERTISEMENT SCROLL TO CONTINUE WITH CONTENT
Airlangga Sebut JK Tidak Berniat Jadi Capres,"Kamis, 28 Jun 2018 19:56 WIB",https://www.cnnindonesia.com/nasional/20180628194805-32-309902/airlangga-sebut-jk-tidak-berniat-jadi-capres,ADVERTISEMENT SCROLL TO CONTINUE WITH CONTENT
Serangan 'Miskol' Bombardir Ponsel Konsultan TI KPU,"Kamis, 28 Jun 2018 19:34 WIB",https://www.cnnindonesia.com/teknologi/20180628190015-185-309891/serangan-miskol-bombardir-ponsel-konsultan-ti-kpu,ADVERTISEMENT SCROLL TO CONTINUE WITH CONTENT
RI dan Timor Leste Sepakat Negosiasi Perjanjian Investasi,"Kamis, 28 Jun 2018 18:25 WIB",https://www.cnnindonesia.com/internasional/20180628162719-106-309847/ri-dan-timor-leste-sepakat-negosiasi-perjanjian-investasi,ADVERTISEMENT SCROLL TO CONTINUE WITH CONTENT
Khofifah Siap Dukung Jokowi di Pilpres 2019,"Kamis, 28 Jun 2018 18:20 WIB",https://www.cnnindonesia.com/nasional/20180628170818-32-309855/khofifah-siap-dukung-jokowi-di-pilpres-2019,ADVERTISEMENT SCROLL TO CONTINUE WITH CONTENT
PAN Klaim Makin Mudah Pilih Koalisi Pilpres 2019 Usai Pilkada,"Kamis, 28 Jun 2018 16:18 WIB",https://www.cnnindonesia.com/nasional/20180628132504-32-309796/pan-klaim-makin-mudah-pilih-koalisi-pilpres-2019-usai-pilkada,ADVERTISEMENT SCROLL TO CONTINUE WITH CONTENT
Demokrat Makin Yakin Duet JK-AHY Usai Putusan MK,"Kamis, 28 Jun 2018 15:36 WIB",https://www.cnnindonesia.com/nasional/20180628150935-32-309818/demokrat-makin-yakin-duet-jk-ahy-usai-putusan-mk,ADVERTISEMENT SCROLL TO CONTINUE WITH CONTENT
JK Tak Persoalkan MK Tolak Uji Materi UU Pemilu,"Kamis, 28 Jun 2018 15:17 WIB",https://www.cnnindonesia.com/nasional/20180628145925-32-309814/jk-tak-persoalkan-mk-tolak-uji-materi-uu-pemilu,ADVERTISEMENT SCROLL TO CONTINUE WITH CONTENT
PDIP: Tolok Ukur Kemenangan Pilkada dari Kader yang Terpilih,"Kamis, 28 Jun 2018 12:14 WIB",https://www.cnnindonesia.com/nasional/20180628105620-32-309757/pdip-tolok-ukur-kemenangan-pilkada-dari-kader-yang-terpilih,ADVERTISEMENT SCROLL TO CONTINUE WITH CONTENT
Sudrajat-Syaikhu Melejit di Pilgub Jabar karena Prabowo,"Kamis, 28 Jun 2018 10:58 WIB",https://www.cnnindonesia.com/nasional/20180628102920-32-309739/sudrajat-syaikhu-melejit-di-pilgub-jabar-karena-prabowo,ADVERTISEMENT SCROLL TO CONTINUE WITH CONTENT
Taktik Djarot Meleset dan Harga Diri PDIP di Pilgub Sumut,"Kamis, 28 Jun 2018 09:39 WIB",https://www.cnnindonesia.com/nasional/20180628083645-32-309726/taktik-djarot-meleset-dan-harga-diri-pdip-di-pilgub-sumut,ADVERTISEMENT SCROLL TO CONTINUE WITH CONTENT
Sekjen PDIP Sindir Ridwan Kamil Kerap Berbaju Merah,"Rabu, 27 Jun 2018 21:42 WIB",https://www.cnnindonesia.com/nasional/20180627201030-32-309577/sekjen-pdip-sindir-ridwan-kamil-kerap-berbaju-merah,ADVERTISEMENT SCROLL TO CONTINUE WITH CONTENT
Ridwan Kamil Sebut Pilgub Jabar Penuh Drama dan Fitnah,"Rabu, 27 Jun 2018 20:51 WIB",https://www.cnnindonesia.com/nasional/20180627173643-32-309543/ridwan-kamil-sebut-pilgub-jabar-penuh-drama-dan-fitnah,ADVERTISEMENT SCROLL TO CONTINUE WITH CONTENT
"TB Hasanuddin: Saya Punya Data Intelijen, Ridwan Kamil Menang","Rabu, 27 Jun 2018 20:14 WIB",https://www.cnnindonesia.com/nasional/20180627182314-32-309559/tb-hasanuddin-saya-punya-data-intelijen-ridwan-kamil-menang,ADVERTISEMENT SCROLL TO CONTINUE WITH CONTENT
Media Asing Kaitkan Pilkada dengan Politik Islam,"Rabu, 27 Jun 2018 14:04 WIB",https://www.cnnindonesia.com/internasional/20180627133551-106-309433/media-asing-kaitkan-pilkada-dengan-politik-islam,ADVERTISEMENT SCROLL TO CONTINUE WITH CONTENT
Dewan Syuro PKB Tegur Cak Imin karena Terlalu 'One Man Show',"Rabu, 27 Jun 2018 13:17 WIB",https://www.cnnindonesia.com/nasional/20180627130937-32-309430/dewan-syuro-pkb-tegur-cak-imin-karena-terlalu-one-man-show,ADVERTISEMENT SCROLL TO CONTINUE WITH CONTENT
Prabowo: Alhamdulillah Ada yangNyumbangRp5 Ribu,"Rabu, 27 Jun 2018 13:08 WIB",https://www.cnnindonesia.com/nasional/20180627123910-32-309428/prabowo-alhamdulillah-ada-yang-nyumbang-rp5-ribu,ADVERTISEMENT SCROLL TO CONTINUE WITH CONTENT
"'Nyoblos' di Semarang, Tjahjo Minta KPU Koreksi Data Pemilih","Rabu, 27 Jun 2018 12:17 WIB",https://www.cnnindonesia.com/nasional/20180627113741-32-309413/nyoblos-di-semarang-tjahjo-minta-kpu-koreksi-data-pemilih,ADVERTISEMENT SCROLL TO CONTINUE WITH CONTENT
SBY Haturkan Terima Kasih ke Jokowi soal Netralitas Pilkada,"Rabu, 27 Jun 2018 10:20 WIB",https://www.cnnindonesia.com/nasional/20180627101449-32-309387/sby-haturkan-terima-kasih-ke-jokowi-soal-netralitas-pilkada,ADVERTISEMENT SCROLL TO CONTINUE WITH CONTENT
"Ber-KTP Jakarta, Mendagri Masuk Daftar Pemilih Pilgub Jateng","Rabu, 27 Jun 2018 09:37 WIB",https://www.cnnindonesia.com/nasional/20180627093029-32-309376/ber-ktp-jakarta-mendagri-masuk-daftar-pemilih-pilgub-jateng,ADVERTISEMENT SCROLL TO CONTINUE WITH CONTENT
Ridwan Kamil Klarifikasi Isu Pro LGBT Jelang Pencoblosan,"Rabu, 27 Jun 2018 08:18 WIB",https://www.cnnindonesia.com/nasional/20180627073428-32-309350/ridwan-kamil-klarifikasi-isu-pro-lgbt-jelang-pencoblosan,ADVERTISEMENT SCROLL TO CONTINUE WITH CONTENT
Gus Ipul Vs Khofifah: Duel Klasik Poros NU di Pilgub Jatim,"Rabu, 27 Jun 2018 07:15 WIB",https://www.cnnindonesia.com/nasional/20180626194850-32-309211/gus-ipul-vs-khofifah-duel-klasik-poros-nu-di-pilgub-jatim,ADVERTISEMENT SCROLL TO CONTINUE WITH CONTENT
AHY Sebut JK Temui SBY karena Kangen,"Selasa, 26 Jun 2018 21:08 WIB",https://www.cnnindonesia.com/nasional/20180626205735-32-309252/ahy-sebut-jk-temui-sby-karena-kangen,ADVERTISEMENT SCROLL TO CONTINUE WITH CONTENT
Habiburokhman soal Dana Prabowo: Kami Enggak Punya Uang,"Selasa, 26 Jun 2018 20:50 WIB",https://www.cnnindonesia.com/nasional/20180626184115-32-309187/habiburokhman-soal-dana-prabowo-kami-enggak-punya-uang,ADVERTISEMENT SCROLL TO CONTINUE WITH CONTENT
Bawaslu Tak Persoalkan Pemilih Pakai Kaos #2019GantiPresiden,"Selasa, 26 Jun 2018 18:52 WIB",https://www.cnnindonesia.com/nasional/20180626180310-32-309170/bawaslu-tak-persoalkan-pemilih-pakai-kaos-2019gantipresiden,ADVERTISEMENT SCROLL TO CONTINUE WITH CONTENT
Fahri Hamzah Tuding Proyek Jokowi Hanya untuk Orang Kaya,"Selasa, 26 Jun 2018 18:33 WIB",https://www.cnnindonesia.com/nasional/20180626170609-32-309162/fahri-hamzah-tuding-proyek-jokowi-hanya-untuk-orang-kaya,ADVERTISEMENT SCROLL TO CONTINUE WITH CONTENT
"SBY-JK Bertemu, Demokrat Berharap Bisa Koalisi dengan Golkar","Selasa, 26 Jun 2018 15:58 WIB",https://www.cnnindonesia.com/nasional/20180626152612-32-309128/sby-jk-bertemu-demokrat-berharap-bisa-koalisi-dengan-golkar,ADVERTISEMENT SCROLL TO CONTINUE WITH CONTENT
Fahri Sebut Prabowo Jengkel Soal Suap di Balik Sembako,"Selasa, 26 Jun 2018 13:17 WIB",https://www.cnnindonesia.com/nasional/20180626130121-32-309080/fahri-sebut-prabowo-jengkel-soal-suap-di-balik-sembako,ADVERTISEMENT SCROLL TO CONTINUE WITH CONTENT
Reuni JK-SBY Mencari Peluang Poros Ketiga di Pilpres 2019,"Selasa, 26 Jun 2018 10:11 WIB",https://www.cnnindonesia.com/nasional/20180626074154-32-309035/reuni-jk-sby-mencari-peluang-poros-ketiga-di-pilpres-2019,ADVERTISEMENT SCROLL TO CONTINUE WITH CONTENT
"HNW: Suara Teratas, Aher Paling Mungkin Jadi Cawapres Prabowo","Selasa, 26 Jun 2018 05:33 WIB",https://www.cnnindonesia.com/nasional/20180625172644-32-308915/hnw-suara-teratas-aher-paling-mungkin-jadi-cawapres-prabowo,ADVERTISEMENT SCROLL TO CONTINUE WITH CONTENT
"Tak Bahas Politik dengan SBY, JK Sebut Pilpres Masih Jauh","Senin, 25 Jun 2018 22:13 WIB",https://www.cnnindonesia.com/nasional/20180625215251-32-308957/tak-bahas-politik-dengan-sby-jk-sebut-pilpres-masih-jauh,ADVERTISEMENT SCROLL TO CONTINUE WITH CONTENT
JK Dikabarkan Bertemu SBY Malam Ini,"Senin, 25 Jun 2018 18:56 WIB",https://www.cnnindonesia.com/nasional/20180625185028-32-308911/jk-dikabarkan-bertemu-sby-malam-ini,ADVERTISEMENT SCROLL TO CONTINUE WITH CONTENT
Fahri Sebut Prabowo Galang Dana karena Bisnis Dihambat,"Senin, 25 Jun 2018 17:49 WIB",https://www.cnnindonesia.com/nasional/20180625134936-32-308837/fahri-sebut-prabowo-galang-dana-karena-bisnis-dihambat,ADVERTISEMENT SCROLL TO CONTINUE WITH CONTENT
Iwan Fals 'Takut Menang' jika Maju Capres 2019,Tanggal tidak ditemukan,https://www.cnnindonesia.com/hiburan/20180625170549-234-308891/iwan-fals-takut-menang-jika-maju-capres-2019,ADVERTISEMENT SCROLL TO CONTINUE WITH CONTENT
Prabowo: 'Power of People' Ujungnya akan Menang,"Senin, 25 Jun 2018 13:51 WIB",https://www.cnnindonesia.com/nasional/20180625134240-32-308825/prabowo-power-of-people-ujungnya-akan-menang,ADVERTISEMENT SCROLL TO CONTINUE WITH CONTENT
"PAN Cari Alternatif, Prabowo dan Zulhas Bicarakan Koalisi","Senin, 25 Jun 2018 12:32 WIB",https://www.cnnindonesia.com/nasional/20180625121806-32-308809/pan-cari-alternatif-prabowo-dan-zulhas-bicarakan-koalisi,ADVERTISEMENT SCROLL TO CONTINUE WITH CONTENT
SMS 'Amien Rais Presiden 2019' Beredar di Surabaya,"Senin, 25 Jun 2018 12:12 WIB",https://www.cnnindonesia.com/nasional/20180625120049-32-308804/sms-amien-rais-presiden-2019-beredar-di-surabaya,ADVERTISEMENT SCROLL TO CONTINUE WITH CONTENT
"Menang Pemilu, Erdogan Janji Buat Suriah 'Lebih Bebas'","Senin, 25 Jun 2018 09:33 WIB",https://www.cnnindonesia.com/internasional/20180625092334-134-308776/menang-pemilu-erdogan-janji-buat-suriah-lebih-bebas,ADVERTISEMENT SCROLL TO CONTINUE WITH CONTENT
Keluhan SBY soal Netralitas Aparat Dinilai Cari Panggung,"Senin, 25 Jun 2018 07:55 WIB",https://www.cnnindonesia.com/nasional/20180624165817-32-308639/keluhan-sby-soal-netralitas-aparat-dinilai-cari-panggung,ADVERTISEMENT SCROLL TO CONTINUE WITH CONTENT
Komite Pemilu Turki Konfirmasi Kemenangan Erdogan,"Senin, 25 Jun 2018 07:37 WIB",https://www.cnnindonesia.com/internasional/20180625070146-134-308767/komite-pemilu-turki-konfirmasi-kemenangan-erdogan,ADVERTISEMENT SCROLL TO CONTINUE WITH CONTENT
Erdogan Imbau Semua Pihak Terima Hasil Pilpres Turki,"Senin, 25 Jun 2018 03:33 WIB",https://www.cnnindonesia.com/internasional/20180625032111-134-308745/erdogan-imbau-semua-pihak-terima-hasil-pilpres-turki,ADVERTISEMENT SCROLL TO CONTINUE WITH CONTENT
Pendukung Berpesta Rayakan Kemenangan Erdogan dan AKP,"Senin, 25 Jun 2018 03:12 WIB",https://www.cnnindonesia.com/internasional/20180625025442-134-308744/pendukung-berpesta-rayakan-kemenangan-erdogan-dan-akp,ADVERTISEMENT SCROLL TO CONTINUE WITH CONTENT
"Dulang Suara Mayoritas, Erdogan Kembali Pimpin Turki","Senin, 25 Jun 2018 02:53 WIB",https://www.cnnindonesia.com/internasional/20180625014909-134-308741/dulang-suara-mayoritas-erdogan-kembali-pimpin-turki,ADVERTISEMENT SCROLL TO CONTINUE WITH CONTENT
Presiden Erdogan Unggul Sementara dalam Pilpres Turki,"Senin, 25 Jun 2018 00:20 WIB",https://www.cnnindonesia.com/internasional/20180624233642-120-308724/presiden-erdogan-unggul-sementara-dalam-pilpres-turki,ADVERTISEMENT SCROLL TO CONTINUE WITH CONTENT
Ketua Pro Jokowi Bantah Anggotanya Jadi Komisioner KPU,"Minggu, 24 Jun 2018 22:02 WIB",https://www.cnnindonesia.com/nasional/20180624194800-32-308668/ketua-pro-jokowi-bantah-anggotanya-jadi-komisioner-kpu,ADVERTISEMENT SCROLL TO CONTINUE WITH CONTENT
KPU Sebut Pernyataan SBY Cuma Pesan Agar Aparat Netral,"Minggu, 24 Jun 2018 21:02 WIB",https://www.cnnindonesia.com/nasional/20180624152636-32-308616/kpu-sebut-pernyataan-sby-cuma-pesan-agar-aparat-netral,ADVERTISEMENT SCROLL TO CONTINUE WITH CONTENT
Demokrat Sebut PDIP Panik SBY Singgung Netralitas Aparat,"Minggu, 24 Jun 2018 19:33 WIB",https://www.cnnindonesia.com/nasional/20180624191107-32-308666/demokrat-sebut-pdip-panik-sby-singgung-netralitas-aparat,ADVERTISEMENT SCROLL TO CONTINUE WITH CONTENT
Erdogan: Pemimpin Garang yang Ingin Tercatat Sejarah,"Minggu, 24 Jun 2018 13:45 WIB",https://www.cnnindonesia.com/internasional/20180624130027-134-308583/erdogan-pemimpin-garang-yang-ingin-tercatat-sejarah,ADVERTISEMENT SCROLL TO CONTINUE WITH CONTENT
BIN Sarankan SBY Lapor Bawaslu Ketimbang Hanya Sebar Isu,"Minggu, 24 Jun 2018 13:33 WIB",https://www.cnnindonesia.com/nasional/20180624130724-32-308586/bin-sarankan-sby-lapor-bawaslu-ketimbang-hanya-sebar-isu,ADVERTISEMENT SCROLL TO CONTINUE WITH CONTENT
PDIP Anggap Drama 'Politik Korban' SBY Sudah Usang,"Minggu, 24 Jun 2018 12:10 WIB",https://www.cnnindonesia.com/nasional/20180624114756-32-308563/pdip-anggap-drama-politik-korban-sby-sudah-usang,ADVERTISEMENT SCROLL TO CONTINUE WITH CONTENT
Survei: Khofifah-Emil Dardak Unggul Tipis dari Gus Ipul-Puti,"Minggu, 24 Jun 2018 03:25 WIB",https://www.cnnindonesia.com/nasional/20180623155714-32-308383/survei-khofifah-emil-dardak-unggul-tipis-dari-gus-ipul-puti,ADVERTISEMENT SCROLL TO CONTINUE WITH CONTENT
Kemendagri Periksa Selisih 10 Juta DP4 dengan DPS Pemilu 2019,"Minggu, 24 Jun 2018 01:35 WIB",https://www.cnnindonesia.com/nasional/20180624012308-32-308491/kemendagri-periksa-selisih-10-juta-dp4-dengan-dps-pemilu-2019,ADVERTISEMENT SCROLL TO CONTINUE WITH CONTENT
Jokowi DIsarankan Tak Pilih Ketua Partai Jadi Cawapres,"Sabtu, 23 Jun 2018 22:29 WIB",https://www.cnnindonesia.com/nasional/20180623215906-32-308463/jokowi-disarankan-tak-pilih-ketua-partai-jadi-cawapres,ADVERTISEMENT SCROLL TO CONTINUE WITH CONTENT
Prabowo Tak Yakin Indonesia Negara Terkuat 2045 Bisa Terwujud,"Sabtu, 23 Jun 2018 19:16 WIB",https://www.cnnindonesia.com/nasional/20180623183655-32-308423/prabowo-tak-yakin-indonesia-negara-terkuat-2045-bisa-terwujud,ADVERTISEMENT SCROLL TO CONTINUE WITH CONTENT
Galang Dana ala Prabowo dan 'Cek Ombak' Jelang Pilpres 2019,"Sabtu, 23 Jun 2018 13:01 WIB",https://www.cnnindonesia.com/nasional/20180623110201-32-308311/galang-dana-ala-prabowo-dan-cek-ombak-jelang-pilpres-2019,ADVERTISEMENT SCROLL TO CONTINUE WITH CONTENT
"SMRC: Jokowi Ungguli Prabowo di Jabar, Jateng dan Jatim","Sabtu, 23 Jun 2018 07:27 WIB",https://www.cnnindonesia.com/nasional/20180622194323-32-308194/smrc-jokowi-ungguli-prabowo-di-jabar-jateng-dan-jatim,ADVERTISEMENT SCROLL TO CONTINUE WITH CONTENT
Sandiaga Klaim Dorong Prabowo Galang Dana untuk Pemilu 2019,"Sabtu, 23 Jun 2018 01:13 WIB",https://www.cnnindonesia.com/nasional/20180623005144-20-308246/sandiaga-klaim-dorong-prabowo-galang-dana-untuk-pemilu-2019,ADVERTISEMENT SCROLL TO CONTINUE WITH CONTENT
Amien Rais: Reklamasi Melanggar Nurani Kebangsaan,"Jumat, 22 Jun 2018 23:24 WIB",https://www.cnnindonesia.com/nasional/20180622141525-20-308064/amien-rais-reklamasi-melanggar-nurani-kebangsaan,ADVERTISEMENT SCROLL TO CONTINUE WITH CONTENT
Politikus PKS: Prabowo Jujur Tak Punya Uang,"Jumat, 22 Jun 2018 19:22 WIB",https://www.cnnindonesia.com/nasional/20180622185223-32-308180/politikus-pks-prabowo-jujur-tak-punya-uang,ADVERTISEMENT SCROLL TO CONTINUE WITH CONTENT
Sekjen Akui Keuangan Gerindra Terbatas,"Jumat, 22 Jun 2018 18:55 WIB",https://www.cnnindonesia.com/nasional/20180622171213-32-308146/sekjen-akui-keuangan-gerindra-terbatas,ADVERTISEMENT SCROLL TO CONTINUE WITH CONTENT
Amien Rais: Freeport Korporasi Ugal-ugalan,"Jumat, 22 Jun 2018 14:06 WIB",https://www.cnnindonesia.com/nasional/20180622133615-32-308049/amien-rais-freeport-korporasi-ugal-ugalan,ADVERTISEMENT SCROLL TO CONTINUE WITH CONTENT
Prabowo Sindir 'Uang Haram' Sembako dan Gelembung Dana BUMN,"Jumat, 22 Jun 2018 13:48 WIB",https://www.cnnindonesia.com/nasional/20180622132119-32-308042/prabowo-sindir-uang-haram-sembako-dan-gelembung-dana-bumn,ADVERTISEMENT SCROLL TO CONTINUE WITH CONTENT
Prabowo Galang Dana Pendukung untuk Pemilu,"Jumat, 22 Jun 2018 12:10 WIB",https://www.cnnindonesia.com/nasional/20180622115100-32-308032/prabowo-galang-dana-pendukung-untuk-pemilu,ADVERTISEMENT SCROLL TO CONTINUE WITH CONTENT
Amien Soal Capres 2019: 'Goodbye' Demokrasi Diskriminatif,"Jumat, 22 Jun 2018 08:10 WIB",https://www.cnnindonesia.com/nasional/20180622073225-32-307999/amien-soal-capres-2019-goodbye-demokrasi-diskriminatif,ADVERTISEMENT SCROLL TO CONTINUE WITH CONTENT
"Bantah Sandiaga, Demokrat Klaim Fokus Bangun Poros Ketiga","Kamis, 21 Jun 2018 19:35 WIB",https://www.cnnindonesia.com/nasional/20180621145854-32-307808/bantah-sandiaga-demokrat-klaim-fokus-bangun-poros-ketiga,ADVERTISEMENT SCROLL TO CONTINUE WITH CONTENT
Jokowi Terkecoh Candaan Wartawan di Hari Ulang Tahun,"Kamis, 21 Jun 2018 16:41 WIB",https://www.cnnindonesia.com/nasional/20180621155601-20-307843/jokowi-terkecoh-candaan-wartawan-di-hari-ulang-tahun,ADVERTISEMENT SCROLL TO CONTINUE WITH CONTENT
Doa Jokowi di Tengah Kerja saat Ulang Tahun ke-57,"Kamis, 21 Jun 2018 11:49 WIB",https://www.cnnindonesia.com/nasional/20180621112815-20-307725/doa-jokowi-di-tengah-kerja-saat-ulang-tahun-ke-57,ADVERTISEMENT SCROLL TO CONTINUE WITH CONTENT
"Iriawan, Sebuah Pemanasan Jelang Pilpres 2019","Kamis, 21 Jun 2018 06:15 WIB",https://www.cnnindonesia.com/nasional/20180620203552-32-307599/iriawan-sebuah-pemanasan-jelang-pilpres-2019,ADVERTISEMENT SCROLL TO CONTINUE WITH CONTENT
"Kunjungan ke Inggris, Donald Trump Akan Temui Ratu Elizabeth","Kamis, 21 Jun 2018 05:47 WIB",https://www.cnnindonesia.com/internasional/20180621014834-134-307646/kunjungan-ke-inggris-donald-trump-akan-temui-ratu-elizabeth,ADVERTISEMENT SCROLL TO CONTINUE WITH CONTENT
KPUD Larang Cagub Jabar Kampanye Pilpres,"Rabu, 20 Jun 2018 22:31 WIB",https://www.cnnindonesia.com/nasional/20180620174355-32-307571/kpud-larang-cagub-jabar-kampanye-pilpres,ADVERTISEMENT SCROLL TO CONTINUE WITH CONTENT
Survei: Jokowi Unggul di Jateng dan Jabar Ketimbang Prabowo,"Rabu, 20 Jun 2018 20:44 WIB",https://www.cnnindonesia.com/nasional/20180620183454-32-307582/survei-jokowi-unggul-di-jateng-dan-jabar-ketimbang-prabowo,ADVERTISEMENT SCROLL TO CONTINUE WITH CONTENT
"Belum Umumkan Cawapres Prabowo, Sandi Ingin Hormati Jokowi","Selasa, 19 Jun 2018 20:09 WIB",https://www.cnnindonesia.com/nasional/20180619180504-32-307302/belum-umumkan-cawapres-prabowo-sandi-ingin-hormati-jokowi,ADVERTISEMENT SCROLL TO CONTINUE WITH CONTENT
"Dibantah Demokrat, Sandi Klarifikasi Isi Pesan dari SBY","Selasa, 19 Jun 2018 19:13 WIB",https://www.cnnindonesia.com/nasional/20180619165932-32-307286/dibantah-demokrat-sandi-klarifikasi-isi-pesan-dari-sby,ADVERTISEMENT SCROLL TO CONTINUE WITH CONTENT
PPP Ungkap Obrolan Cak Imin dan Rommy soal Gatot Nurmantyo,"Selasa, 19 Jun 2018 18:39 WIB",https://www.cnnindonesia.com/nasional/20180619182916-32-307303/ppp-ungkap-obrolan-cak-imin-dan-rommy-soal-gatot-nurmantyo,ADVERTISEMENT SCROLL TO CONTINUE WITH CONTENT
ACTA Sebut Banyak Masyarakat Ingin Ganti Presiden,"Selasa, 19 Jun 2018 04:11 WIB",https://www.cnnindonesia.com/nasional/20180618233637-12-307123/acta-sebut-banyak-masyarakat-ingin-ganti-presiden,ADVERTISEMENT SCROLL TO CONTINUE WITH CONTENT
Mendagri Prediksi Hasil Pilkada Tidak Jauh Dari Survei,"Selasa, 19 Jun 2018 03:12 WIB",https://www.cnnindonesia.com/nasional/20180618201325-32-307091/mendagri-prediksi-hasil-pilkada-tidak-jauh-dari-survei,ADVERTISEMENT SCROLL TO CONTINUE WITH CONTENT
ACTA Bantah Uji Materi Ambang Batas Terkait Capres Alternatif,"Selasa, 19 Jun 2018 00:32 WIB",https://www.cnnindonesia.com/nasional/20180618221519-12-307116/acta-bantah-uji-materi-ambang-batas-terkait-capres-alternatif,ADVERTISEMENT SCROLL TO CONTINUE WITH CONTENT
Presiden Kolombia yang Baru Ingin Buka Kedutaan di Yerusalem,"Senin, 18 Jun 2018 15:30 WIB",https://www.cnnindonesia.com/internasional/20180618123713-134-306988/presiden-kolombia-yang-baru-ingin-buka-kedutaan-di-yerusalem,ADVERTISEMENT SCROLL TO CONTINUE WITH CONTENT
"Mendagri Sebut Hanya Ada Dua Poros, Bekerja dan Bicara","Senin, 18 Jun 2018 13:15 WIB",https://www.cnnindonesia.com/nasional/20180618124544-32-306999/mendagri-sebut-hanya-ada-dua-poros-bekerja-dan-bicara,ADVERTISEMENT SCROLL TO CONTINUE WITH CONTENT
Gerindra Berencana Tak Hadir Saat Pelantikan Iriawan,"Senin, 18 Jun 2018 07:38 WIB",https://www.cnnindonesia.com/nasional/20180618073427-32-306949/gerindra-berencana-tak-hadir-saat-pelantikan-iriawan,ADVERTISEMENT SCROLL TO CONTINUE WITH CONTENT
Ivan Duque Menang di Pilpres Kolombia,"Senin, 18 Jun 2018 05:48 WIB",https://www.cnnindonesia.com/internasional/20180618053439-134-306942/ivan-duque-menang-di-pilpres-kolombia,ADVERTISEMENT SCROLL TO CONTINUE WITH CONTENT
"Jelang Pilpres, Capres Turki Pidato dari Balik Sel Penjara","Senin, 18 Jun 2018 04:22 WIB",https://www.cnnindonesia.com/internasional/20180618040756-134-306923/jelang-pilpres-capres-turki-pidato-dari-balik-sel-penjara,ADVERTISEMENT SCROLL TO CONTINUE WITH CONTENT
"Ingin Istirahat, JK Kembali Tegaskan Tak Mau Dampingi Jokowi","Minggu, 17 Jun 2018 21:32 WIB",https://www.cnnindonesia.com/nasional/20180617170616-32-306826/ingin-istirahat-jk-kembali-tegaskan-tak-mau-dampingi-jokowi,ADVERTISEMENT SCROLL TO CONTINUE WITH CONTENT
Poros Mekah dan Beijing Dinilai Upaya Memancing Konflik,"Minggu, 17 Jun 2018 19:41 WIB",https://www.cnnindonesia.com/nasional/20180617181334-32-306844/poros-mekah-dan-beijing-dinilai-upaya-memancing-konflik,ADVERTISEMENT SCROLL TO CONTINUE WITH CONTENT
Zulkifli Hasan: PAN Gudang Capres,"Minggu, 17 Jun 2018 15:58 WIB",https://www.cnnindonesia.com/nasional/20180617154907-20-306814/zulkifli-hasan-pan-gudang-capres,ADVERTISEMENT SCROLL TO CONTINUE WITH CONTENT
"Lawan Poros Beijing, Poros Mekah Deklarasi Capres Agustus","Minggu, 17 Jun 2018 15:49 WIB",https://www.cnnindonesia.com/nasional/20180617144139-32-306811/lawan-poros-beijing-poros-mekah-deklarasi-capres-agustus,ADVERTISEMENT SCROLL TO CONTINUE WITH CONTENT
"Batas Ambang Digugat, Gerindra Tunggu Pembahasan Soal Koalisi","Minggu, 17 Jun 2018 14:49 WIB",https://www.cnnindonesia.com/nasional/20180617133250-32-306769/batas-ambang-digugat-gerindra-tunggu-pembahasan-soal-koalisi,ADVERTISEMENT SCROLL TO CONTINUE WITH CONTENT
Fadli Persilakan Rakyat Tafsirkan Poros Mekah vs Beijing,"Minggu, 17 Jun 2018 14:40 WIB",https://www.cnnindonesia.com/nasional/20180617140107-32-306797/fadli-persilakan-rakyat-tafsirkan-poros-mekah-vs-beijing,ADVERTISEMENT SCROLL TO CONTINUE WITH CONTENT
Gerindra Tak Terpengaruh Uji Materi Ambang Batas Presiden,"Minggu, 17 Jun 2018 06:06 WIB",https://www.cnnindonesia.com/nasional/20180616195800-32-306635/gerindra-tak-terpengaruh-uji-materi-ambang-batas-presiden,ADVERTISEMENT SCROLL TO CONTINUE WITH CONTENT
Idrus Sarankan Partai Pendukung 'Nrimo' soal Cawapres Jokowi,"Sabtu, 16 Jun 2018 22:44 WIB",https://www.cnnindonesia.com/nasional/20180616165800-32-306600/idrus-sarankan-partai-pendukung-nrimo-soal-cawapres-jokowi,ADVERTISEMENT SCROLL TO CONTINUE WITH CONTENT
Jimly Dukung Gugatan Ambang Batas Presiden ke MK,"Sabtu, 16 Jun 2018 19:30 WIB",https://www.cnnindonesia.com/nasional/20180616144349-32-306556/jimly-dukung-gugatan-ambang-batas-presiden-ke-mk,ADVERTISEMENT SCROLL TO CONTINUE WITH CONTENT
DPR Minta Polri Segera Klarifikasi Kabar SP3 Kasus Rizieq,"Sabtu, 16 Jun 2018 18:26 WIB",https://www.cnnindonesia.com/nasional/20180616181629-32-306620/dpr-minta-polri-segera-klarifikasi-kabar-sp3-kasus-rizieq,ADVERTISEMENT SCROLL TO CONTINUE WITH CONTENT
PKS Minta MK Bersikap Arif soal Ambang Batas Presiden,"Sabtu, 16 Jun 2018 18:07 WIB",https://www.cnnindonesia.com/nasional/20180616163411-32-306586/pks-minta-mk-bersikap-arif-soal-ambang-batas-presiden,ADVERTISEMENT SCROLL TO CONTINUE WITH CONTENT
Prabowo Dijadwalkan Bertemu AHY dan SBY,"Sabtu, 16 Jun 2018 17:36 WIB",https://www.cnnindonesia.com/nasional/20180616160703-32-306582/prabowo-dijadwalkan-bertemu-ahy-dan-sby,ADVERTISEMENT SCROLL TO CONTINUE WITH CONTENT
Istana Belum Bisa Konfirmasi SP3 Kasus Rizieq Shihab,"Sabtu, 16 Jun 2018 15:44 WIB",https://www.cnnindonesia.com/nasional/20180616152846-20-306575/istana-belum-bisa-konfirmasi-sp3-kasus-rizieq-shihab,ADVERTISEMENT SCROLL TO CONTINUE WITH CONTENT
Akomodasi Politik Jokowi di Balik SP3 Kasus Rizieq Shihab,"Sabtu, 16 Jun 2018 14:34 WIB",https://www.cnnindonesia.com/nasional/20180616140153-32-306545/akomodasi-politik-jokowi-di-balik-sp3-kasus-rizieq-shihab,ADVERTISEMENT SCROLL TO CONTINUE WITH CONTENT
Sikap Ketum Partai soal Cawapres Jokowi Disebut Masih Cair,"Sabtu, 16 Jun 2018 06:36 WIB",https://www.cnnindonesia.com/nasional/20180615180055-32-306403/sikap-ketum-partai-soal-cawapres-jokowi-disebut-masih-cair,ADVERTISEMENT SCROLL TO CONTINUE WITH CONTENT
Gerindra Masukkan Ekonom Ical ke Tim Pemenangan Pilpres 2019,"Sabtu, 16 Jun 2018 02:15 WIB",https://www.cnnindonesia.com/nasional/20180615174052-32-306402/gerindra-masukkan-ekonom-ical-ke-tim-pemenangan-pilpres-2019,ADVERTISEMENT SCROLL TO CONTINUE WITH CONTENT
Luhut Tak Masalah Titiek Soeharto Pindah ke Partai Berkarya,"Sabtu, 16 Jun 2018 01:31 WIB",https://www.cnnindonesia.com/nasional/20180615204305-32-306434/luhut-tak-masalah-titiek-soeharto-pindah-ke-partai-berkarya,ADVERTISEMENT SCROLL TO CONTINUE WITH CONTENT
Politikus PKS: SP3 Rizieq Bisa Hadirkan Rekonsiliasi Nasional,"Jumat, 15 Jun 2018 20:47 WIB",https://www.cnnindonesia.com/nasional/20180615195423-32-306420/politikus-pks-sp3-rizieq-bisa-hadirkan-rekonsiliasi-nasional,ADVERTISEMENT SCROLL TO CONTINUE WITH CONTENT
Rizieq Shihab Haturkan Terima Kasih ke Pemerintahan Jokowi,"Jumat, 15 Jun 2018 17:51 WIB",https://www.cnnindonesia.com/nasional/20180615172349-32-306399/rizieq-shihab-haturkan-terima-kasih-ke-pemerintahan-jokowi,ADVERTISEMENT SCROLL TO CONTINUE WITH CONTENT
AHY Soal Ikat Pinggang LV: Saya Tak Pernah Pura-pura,"Jumat, 15 Jun 2018 16:30 WIB",https://www.cnnindonesia.com/nasional/20180615154118-32-306351/ahy-soal-ikat-pinggang-lv-saya-tak-pernah-pura-pura,ADVERTISEMENT SCROLL TO CONTINUE WITH CONTENT
"Khotbah Eggi Sudjana: Tak Ada Kebencian, Saya Sayang Presiden","Jumat, 15 Jun 2018 13:27 WIB",https://www.cnnindonesia.com/nasional/20180615124148-20-306302/khotbah-eggi-sudjana-tak-ada-kebencian-saya-sayang-presiden,ADVERTISEMENT SCROLL TO CONTINUE WITH CONTENT
"Ke Open House Jokowi, AHY Kembali Sampaikan Salam dari SBY","Jumat, 15 Jun 2018 12:59 WIB",https://www.cnnindonesia.com/nasional/20180615123048-20-306301/ke-open-house-jokowi-ahy-kembali-sampaikan-salam-dari-sby,ADVERTISEMENT SCROLL TO CONTINUE WITH CONTENT
Golkar Izinkan JK 'Nyapres',"Jumat, 15 Jun 2018 10:09 WIB",https://www.cnnindonesia.com/nasional/20180615095112-32-306263/golkar-izinkan-jk-nyapres,ADVERTISEMENT SCROLL TO CONTINUE WITH CONTENT
"Elektabilitas Masih Rendah, AHY Tak Buru-buru Maju Capres","Jumat, 15 Jun 2018 04:30 WIB",https://www.cnnindonesia.com/nasional/20180614114647-32-306031/elektabilitas-masih-rendah-ahy-tak-buru-buru-maju-capres,ADVERTISEMENT SCROLL TO CONTINUE WITH CONTENT
AHY soal Wacana Anies Maju Pilpres: Semua Orang Punya Hak,"Rabu, 13 Jun 2018 22:44 WIB",https://www.cnnindonesia.com/nasional/20180613201729-32-305974/ahy-soal-wacana-anies-maju-pilpres-semua-orang-punya-hak,ADVERTISEMENT SCROLL TO CONTINUE WITH CONTENT
Sandiaga Jagokan Jerman di Piala Dunia 2018,"Rabu, 13 Jun 2018 21:13 WIB",https://www.cnnindonesia.com/nasional/20180613191217-20-305957/sandiaga-jagokan-jerman-di-piala-dunia-2018,ADVERTISEMENT SCROLL TO CONTINUE WITH CONTENT
FPI soal Pilpres: Kita Tetap Satu Komando di Bawah Rizieq,"Rabu, 13 Jun 2018 20:03 WIB",https://www.cnnindonesia.com/nasional/20180613195645-32-305965/fpi-soal-pilpres-kita-tetap-satu-komando-di-bawah-rizieq,ADVERTISEMENT SCROLL TO CONTINUE WITH CONTENT
"Santuni Yatim, Menantu Rizieq Shihab Titip Pesan Politik","Rabu, 13 Jun 2018 19:52 WIB",https://www.cnnindonesia.com/nasional/20180613193644-20-305963/santuni-yatim-menantu-rizieq-shihab-titip-pesan-politik,ADVERTISEMENT SCROLL TO CONTINUE WITH CONTENT
Beda Visi Ahok dan Anies soal Reklamasi Teluk Jakarta,"Rabu, 13 Jun 2018 18:45 WIB",https://www.cnnindonesia.com/nasional/20180613173851-20-305939/beda-visi-ahok-dan-anies-soal-reklamasi-teluk-jakarta,ADVERTISEMENT SCROLL TO CONTINUE WITH CONTENT
Menantu Rizieq Shihab Ramaikan Acara Buka Puasa FPI,"Rabu, 13 Jun 2018 18:21 WIB",https://www.cnnindonesia.com/nasional/20180613181306-20-305945/menantu-rizieq-shihab-ramaikan-acara-buka-puasa-fpi,ADVERTISEMENT SCROLL TO CONTINUE WITH CONTENT
JK Masuk Radar Capres 2019 Demokrat,"Rabu, 13 Jun 2018 17:01 WIB",https://www.cnnindonesia.com/nasional/20180613164815-32-305904/jk-masuk-radar-capres-2019-demokrat,ADVERTISEMENT SCROLL TO CONTINUE WITH CONTENT
"Kembali Bertemu, Jokowi-Megawati Bahas Cawapres","Rabu, 13 Jun 2018 10:03 WIB",https://www.cnnindonesia.com/nasional/20180613095431-32-305741/kembali-bertemu-jokowi-megawati-bahas-cawapres,ADVERTISEMENT SCROLL TO CONTINUE WITH CONTENT
"Yusril: Jika Amien Rais Jadi Capres, PBB Tak Ikut Koalisi","Rabu, 13 Jun 2018 03:22 WIB",https://www.cnnindonesia.com/nasional/20180613020201-32-305710/yusril-jika-amien-rais-jadi-capres-pbb-tak-ikut-koalisi,ADVERTISEMENT SCROLL TO CONTINUE WITH CONTENT
Sandi Buka Peluang Koalisi Gerindra-PDIP,"Rabu, 13 Jun 2018 01:45 WIB",https://www.cnnindonesia.com/nasional/20180612211459-32-305699/sandi-buka-peluang-koalisi-gerindra-pdip,ADVERTISEMENT SCROLL TO CONTINUE WITH CONTENT
Sandi: Anies Masuk Daftar Calon Pendamping Prabowo,"Selasa, 12 Jun 2018 21:05 WIB",https://www.cnnindonesia.com/nasional/20180612204304-32-305696/sandi-anies-masuk-daftar-calon-pendamping-prabowo,ADVERTISEMENT SCROLL TO CONTINUE WITH CONTENT
Gerindra Nilai Klaim PDIP soal Mudik untuk Raih Suara Pemilu,"Selasa, 12 Jun 2018 19:37 WIB",https://www.cnnindonesia.com/nasional/20180612155206-32-305600/gerindra-nilai-klaim-pdip-soal-mudik-untuk-raih-suara-pemilu,ADVERTISEMENT SCROLL TO CONTINUE WITH CONTENT
"Ribut soal Capres, Amien Rais Dianggap Cuma Cek Ombak","Selasa, 12 Jun 2018 18:34 WIB",https://www.cnnindonesia.com/nasional/20180612160925-32-305599/ribut-soal-capres-amien-rais-dianggap-cuma-cek-ombak,ADVERTISEMENT SCROLL TO CONTINUE WITH CONTENT
PDIP Respons Kritik AHY soal Revolusi Mental Jokowi,"Selasa, 12 Jun 2018 17:42 WIB",https://www.cnnindonesia.com/nasional/20180612172357-32-305634/pdip-respons-kritik-ahy-soal-revolusi-mental-jokowi,ADVERTISEMENT SCROLL TO CONTINUE WITH CONTENT
Jokowi: Senioritas Amien Rais di Kancah Politik Tak Diragukan,"Selasa, 12 Jun 2018 15:07 WIB",https://www.cnnindonesia.com/nasional/20180612141725-32-305549/jokowi-senioritas-amien-rais-di-kancah-politik-tak-diragukan,ADVERTISEMENT SCROLL TO CONTINUE WITH CONTENT
PDIP: Pertemuan Puan dan Prabowo Tak Harus Berujung Koalisi,"Selasa, 12 Jun 2018 13:14 WIB",https://www.cnnindonesia.com/nasional/20180612123148-32-305475/pdip-pertemuan-puan-dan-prabowo-tak-harus-berujung-koalisi,ADVERTISEMENT SCROLL TO CONTINUE WITH CONTENT
PDIP Tak Terancam dengan Wacana Pencapresan Amien Rais,"Selasa, 12 Jun 2018 10:58 WIB",https://www.cnnindonesia.com/nasional/20180612103009-32-305428/pdip-tak-terancam-dengan-wacana-pencapresan-amien-rais,ADVERTISEMENT SCROLL TO CONTINUE WITH CONTENT
Amien Rais Dinilai Hanya 'Penari Latar' dalam Pilpres,"Selasa, 12 Jun 2018 07:19 WIB",https://www.cnnindonesia.com/nasional/20180612070210-32-305378/amien-rais-dinilai-hanya-penari-latar-dalam-pilpres,ADVERTISEMENT SCROLL TO CONTINUE WITH CONTENT
Sandiaga Buka Peluang Duet Prabowo-Amien Rais di Pilpres 2019,"Senin, 11 Jun 2018 21:24 WIB",https://www.cnnindonesia.com/nasional/20180611210529-32-305364/sandiaga-buka-peluang-duet-prabowo-amien-rais-di-pilpres-2019,ADVERTISEMENT SCROLL TO CONTINUE WITH CONTENT
Demokrat soal Amien Rais: Indonesia Butuh Pemimpin 'Fresh',"Senin, 11 Jun 2018 21:09 WIB",https://www.cnnindonesia.com/nasional/20180611191406-32-305337/demokrat-soal-amien-rais-indonesia-butuh-pemimpin-fresh,ADVERTISEMENT SCROLL TO CONTINUE WITH CONTENT
Pencapresan Amien Rais Dinilai Usaha Kerek Elektabilitas PAN,"Senin, 11 Jun 2018 16:58 WIB",https://www.cnnindonesia.com/nasional/20180611133910-32-305223/pencapresan-amien-rais-dinilai-usaha-kerek-elektabilitas-pan,ADVERTISEMENT SCROLL TO CONTINUE WITH CONTENT
Wacana Amien Rais Nyapres Dianggap Khayalan Tingkat Tinggi,"Senin, 11 Jun 2018 16:30 WIB",https://www.cnnindonesia.com/nasional/20180611142617-32-305295/wacana-amien-rais-nyapres-dianggap-khayalan-tingkat-tinggi,ADVERTISEMENT SCROLL TO CONTINUE WITH CONTENT
"Amien Rais Nyapres, Fahri Hamzah Singgung Krisis Pemimpin","Senin, 11 Jun 2018 14:30 WIB",https://www.cnnindonesia.com/nasional/20180611133242-32-305218/amien-rais-nyapres-fahri-hamzah-singgung-krisis-pemimpin,ADVERTISEMENT SCROLL TO CONTINUE WITH CONTENT
Gerindra Yakin PAN Dukung Prabowo Capres Ketimbang Amien Rais,"Senin, 11 Jun 2018 12:34 WIB",https://www.cnnindonesia.com/nasional/20180611122401-32-305186/gerindra-yakin-pan-dukung-prabowo-capres-ketimbang-amien-rais,ADVERTISEMENT SCROLL TO CONTINUE WITH CONTENT
Kedewasaan Berpolitik dan Perang Spanduk di Tol saat Mudik,"Senin, 11 Jun 2018 12:11 WIB",https://www.cnnindonesia.com/nasional/20180611105942-32-305154/kedewasaan-berpolitik-dan-perang-spanduk-di-tol-saat-mudik,ADVERTISEMENT SCROLL TO CONTINUE WITH CONTENT
"Ingat Era Reformasi, Yusril Enggan Ikut Manuver Amien Rais","Senin, 11 Jun 2018 10:11 WIB",https://www.cnnindonesia.com/nasional/20180611092747-32-305128/ingat-era-reformasi-yusril-enggan-ikut-manuver-amien-rais,ADVERTISEMENT SCROLL TO CONTINUE WITH CONTENT
PA 212 Buka Peluang Dukung Amien Rais Jadi Capres 2019,"Senin, 11 Jun 2018 06:13 WIB",https://www.cnnindonesia.com/nasional/20180610183637-32-305036/pa-212-buka-peluang-dukung-amien-rais-jadi-capres-2019,ADVERTISEMENT SCROLL TO CONTINUE WITH CONTENT
Anies Soal Pilpres 2019: Saat Ini Saya Masih Gubernur DKI,"Senin, 11 Jun 2018 03:54 WIB",https://www.cnnindonesia.com/nasional/20180610210052-32-305058/anies-soal-pilpres-2019-saat-ini-saya-masih-gubernur-dki,ADVERTISEMENT SCROLL TO CONTINUE WITH CONTENT
Cak Imin Tak Tertarik Jadi Cawapres Amien Rais,"Minggu, 10 Jun 2018 19:52 WIB",https://www.cnnindonesia.com/nasional/20180610191027-32-305049/cak-imin-tak-tertarik-jadi-cawapres-amien-rais,ADVERTISEMENT SCROLL TO CONTINUE WITH CONTENT
Amien Rais Klarifikasi soal 'Tuhan Malu Tak Kabulkan Doa',"Minggu, 10 Jun 2018 18:13 WIB",https://www.cnnindonesia.com/nasional/20180610172859-32-305033/amien-rais-klarifikasi-soal-tuhan-malu-tak-kabulkan-doa,ADVERTISEMENT SCROLL TO CONTINUE WITH CONTENT
"PAN Dorong Amien Rais Capres, Gerindra Setia Usung Prabowo","Minggu, 10 Jun 2018 16:58 WIB",https://www.cnnindonesia.com/nasional/20180610134817-32-304995/pan-dorong-amien-rais-capres-gerindra-setia-usung-prabowo,ADVERTISEMENT SCROLL TO CONTINUE WITH CONTENT
Purnawirawan Jenderal TNI Ikut Dorong Amien Rais Jadi Capres,"Minggu, 10 Jun 2018 15:21 WIB",https://www.cnnindonesia.com/nasional/20180610144357-32-305008/purnawirawan-jenderal-tni-ikut-dorong-amien-rais-jadi-capres,ADVERTISEMENT SCROLL TO CONTINUE WITH CONTENT
PKS Minta Amien Rais Beri Kesempatan Tokoh Muda Maju Capres,"Minggu, 10 Jun 2018 14:31 WIB",https://www.cnnindonesia.com/nasional/20180610141144-32-304998/pks-minta-amien-rais-beri-kesempatan-tokoh-muda-maju-capres,ADVERTISEMENT SCROLL TO CONTINUE WITH CONTENT
"Amien Rais Maju Capres 2019, Mahathir Mohamad Jadi Inspirasi","Minggu, 10 Jun 2018 13:53 WIB",https://www.cnnindonesia.com/nasional/20180610133929-32-304994/amien-rais-maju-capres-2019-mahathir-mohamad-jadi-inspirasi,ADVERTISEMENT SCROLL TO CONTINUE WITH CONTENT
Amien Rais: Saya Sedikit Agak Layak Jadi Capres,"Minggu, 10 Jun 2018 04:56 WIB",https://www.cnnindonesia.com/nasional/20180610044733-32-304942/amien-rais-saya-sedikit-agak-layak-jadi-capres,ADVERTISEMENT SCROLL TO CONTINUE WITH CONTENT
Amien Tantang Jokowi 'Duel Suara' Tanpa Politik Uang,"Minggu, 10 Jun 2018 03:16 WIB",https://www.cnnindonesia.com/nasional/20180610030820-32-304937/amien-tantang-jokowi-duel-suara-tanpa-politik-uang,ADVERTISEMENT SCROLL TO CONTINUE WITH CONTENT
SBY Disebut Tak Akan Jumpa Prabowo Hingga Pilkada Usai,"Minggu, 10 Jun 2018 01:09 WIB",https://www.cnnindonesia.com/nasional/20180610010505-32-304920/sby-disebut-tak-akan-jumpa-prabowo-hingga-pilkada-usai,ADVERTISEMENT SCROLL TO CONTINUE WITH CONTENT
"Orasi, AHY Singgung Kelanjutan Revolusi Mental Jokowi","Sabtu, 09 Jun 2018 23:43 WIB",https://www.cnnindonesia.com/nasional/20180609233435-32-304917/orasi-ahy-singgung-kelanjutan-revolusi-mental-jokowi,ADVERTISEMENT SCROLL TO CONTINUE WITH CONTENT
Amien: Tak Perlu Takut 'Cebong' Jika Terbiasa Takbir,"Sabtu, 09 Jun 2018 23:12 WIB",https://www.cnnindonesia.com/nasional/20180609230254-32-304916/amien-tak-perlu-takut-cebong-jika-terbiasa-takbir,ADVERTISEMENT SCROLL TO CONTINUE WITH CONTENT
PAN Buka Peluang Usung Amien Rais Jadi Capres,"Sabtu, 09 Jun 2018 21:46 WIB",https://www.cnnindonesia.com/nasional/20180609212957-32-304910/pan-buka-peluang-usung-amien-rais-jadi-capres,ADVERTISEMENT SCROLL TO CONTINUE WITH CONTENT
Reklamasi dan Panggung Anies Baswedan Menuju Pilpres 2019,"Sabtu, 09 Jun 2018 21:21 WIB",https://www.cnnindonesia.com/nasional/20180609154932-32-304851/reklamasi-dan-panggung-anies-baswedan-menuju-pilpres-2019,ADVERTISEMENT SCROLL TO CONTINUE WITH CONTENT
Amien Rais Sebut Rizieq Siapkan Paslon untuk Kalahkan Jokowi,"Sabtu, 09 Jun 2018 21:08 WIB",https://www.cnnindonesia.com/nasional/20180609203925-32-304902/amien-rais-sebut-rizieq-siapkan-paslon-untuk-kalahkan-jokowi,ADVERTISEMENT SCROLL TO CONTINUE WITH CONTENT
Din Syamsuddin Nilai Amien Wajar Minta Jokowi Satu Periode,"Sabtu, 09 Jun 2018 19:53 WIB",https://www.cnnindonesia.com/nasional/20180609191318-32-304893/din-syamsuddin-nilai-amien-wajar-minta-jokowi-satu-periode,ADVERTISEMENT SCROLL TO CONTINUE WITH CONTENT
PBB Nilai Poros Ketiga Muncul Jika Kubu Jokowi Terpecah,"Sabtu, 09 Jun 2018 06:15 WIB",https://www.cnnindonesia.com/nasional/20180608192056-32-304689/pbb-nilai-poros-ketiga-muncul-jika-kubu-jokowi-terpecah,ADVERTISEMENT SCROLL TO CONTINUE WITH CONTENT
Fadli Pertimbangkan Lagu #2019GantiPresiden untuk Kampanye,"Sabtu, 09 Jun 2018 05:17 WIB",https://www.cnnindonesia.com/nasional/20180608234528-32-304764/fadli-pertimbangkan-lagu-2019gantipresiden-untuk-kampanye,ADVERTISEMENT SCROLL TO CONTINUE WITH CONTENT
Golkar Sebut soal Cawapres Jadi Kewenangan Jokowi,"Sabtu, 09 Jun 2018 04:08 WIB",https://www.cnnindonesia.com/nasional/20180608204534-32-304739/golkar-sebut-soal-cawapres-jadi-kewenangan-jokowi,ADVERTISEMENT SCROLL TO CONTINUE WITH CONTENT
"Buka Bersama Ketum PBNU, Golkar Sampaikan Dukungan ke Jokowi","Jumat, 08 Jun 2018 20:46 WIB",https://www.cnnindonesia.com/nasional/20180608201209-32-304733/buka-bersama-ketum-pbnu-golkar-sampaikan-dukungan-ke-jokowi,ADVERTISEMENT SCROLL TO CONTINUE WITH CONTENT
Gerindra Enggan Beri Tiket Capres 2019 untuk Gatot Nurmantyo,"Jumat, 08 Jun 2018 20:39 WIB",https://www.cnnindonesia.com/nasional/20180608193912-32-304715/gerindra-enggan-beri-tiket-capres-2019-untuk-gatot-nurmantyo,ADVERTISEMENT SCROLL TO CONTINUE WITH CONTENT
"Koalisi Gerindra, PAN, dan PKS Disebut Sudah Sampai Tahap TST","Jumat, 08 Jun 2018 19:34 WIB",https://www.cnnindonesia.com/nasional/20180608190511-32-304685/koalisi-gerindra-pan-dan-pks-disebut-sudah-sampai-tahap-tst,ADVERTISEMENT SCROLL TO CONTINUE WITH CONTENT
"Buka Puasa Bersama, Zulhas Puji Jokowi Rajin Sambangi Ulama","Jumat, 08 Jun 2018 18:44 WIB",https://www.cnnindonesia.com/nasional/20180608183647-32-304677/buka-puasa-bersama-zulhas-puji-jokowi-rajin-sambangi-ulama,ADVERTISEMENT SCROLL TO CONTINUE WITH CONTENT
BKN Sebut 90 Persen Sebaran Hoaks PNS Lewat Facebook,"Jumat, 08 Jun 2018 18:05 WIB",https://www.cnnindonesia.com/teknologi/20180608160416-192-304623/bkn-sebut-90-persen-sebaran-hoaks-pns-lewat-facebook,ADVERTISEMENT SCROLL TO CONTINUE WITH CONTENT
Menanti Kiprah Mbak Tutut dan Politik Trah Cendana,"Jumat, 08 Jun 2018 06:31 WIB",https://www.cnnindonesia.com/nasional/20180607210241-32-304464/menanti-kiprah-mbak-tutut-dan-politik-trah-cendana,ADVERTISEMENT SCROLL TO CONTINUE WITH CONTENT
"Fokus Soal Rakyat, SBY Belum Berminat Bahas Koalisi Keummatan","Jumat, 08 Jun 2018 04:43 WIB",https://www.cnnindonesia.com/nasional/20180607152032-32-304326/fokus-soal-rakyat-sby-belum-berminat-bahas-koalisi-keummatan,ADVERTISEMENT SCROLL TO CONTINUE WITH CONTENT
"Enggan di Bawah Rizieq, Demokrat Wacanakan Poros Nusantara","Kamis, 07 Jun 2018 20:24 WIB",https://www.cnnindonesia.com/nasional/20180607180014-32-304390/enggan-di-bawah-rizieq-demokrat-wacanakan-poros-nusantara,ADVERTISEMENT SCROLL TO CONTINUE WITH CONTENT
"Koalisi Keummatan, Antara Wacana dan Romantisme Pilgub DKI","Kamis, 07 Jun 2018 19:43 WIB",https://www.cnnindonesia.com/nasional/20180607152617-32-304329/koalisi-keummatan-antara-wacana-dan-romantisme-pilgub-dki,ADVERTISEMENT SCROLL TO CONTINUE WITH CONTENT
PD Akui Hubungan SBY-Mega Jadi Dinding Penghalang Koalisi,"Kamis, 07 Jun 2018 18:49 WIB",https://www.cnnindonesia.com/nasional/20180607165123-32-304353/pd-akui-hubungan-sby-mega-jadi-dinding-penghalang-koalisi,ADVERTISEMENT SCROLL TO CONTINUE WITH CONTENT
PKS Minta Anies Dahulukan Janji Kampanye ketimbang Pilpres,"Kamis, 07 Jun 2018 09:32 WIB",https://www.cnnindonesia.com/nasional/20180607084649-32-304168/pks-minta-anies-dahulukan-janji-kampanye-ketimbang-pilpres,ADVERTISEMENT SCROLL TO CONTINUE WITH CONTENT
PKS: Rizieq Punya Pengikut yang Fanatik,"Kamis, 07 Jun 2018 06:16 WIB",https://www.cnnindonesia.com/nasional/20180606213859-32-304122/pks-rizieq-punya-pengikut-yang-fanatik,ADVERTISEMENT SCROLL TO CONTINUE WITH CONTENT
PKS Tindaklanjuti Usulan Rizieq Shihab soal Koalisi Umat,"Kamis, 07 Jun 2018 04:38 WIB",https://www.cnnindonesia.com/nasional/20180606144604-32-303990/pks-tindaklanjuti-usulan-rizieq-shihab-soal-koalisi-umat,ADVERTISEMENT SCROLL TO CONTINUE WITH CONTENT
GP Ansor Nilai Cawapres Agamis Bisa Imbangi Jokowi,"Kamis, 07 Jun 2018 01:46 WIB",https://www.cnnindonesia.com/nasional/20180606073133-32-303851/gp-ansor-nilai-cawapres-agamis-bisa-imbangi-jokowi,ADVERTISEMENT SCROLL TO CONTINUE WITH CONTENT
Ali Ngabalin Ingatkan Rizieq Shihab Jika Jokowi Juga Umat,"Rabu, 06 Jun 2018 23:55 WIB",https://www.cnnindonesia.com/nasional/20180606205634-32-304109/ali-ngabalin-ingatkan-rizieq-shihab-jika-jokowi-juga-umat,ADVERTISEMENT SCROLL TO CONTINUE WITH CONTENT
Survei Charta Politika: Jokowi Kuasai Jawa Kecuali Banten,"Rabu, 06 Jun 2018 21:00 WIB",https://www.cnnindonesia.com/nasional/20180606204509-32-304105/survei-charta-politika-jokowi-kuasai-jawa-kecuali-banten,ADVERTISEMENT SCROLL TO CONTINUE WITH CONTENT
Politikus PAN Puji Jokowi di Depan Ngabalin,"Rabu, 06 Jun 2018 18:40 WIB",https://www.cnnindonesia.com/nasional/20180606182624-32-304078/politikus-pan-puji-jokowi-di-depan-ngabalin,ADVERTISEMENT SCROLL TO CONTINUE WITH CONTENT
"Moeldoko Soal Lagu Ganti Presiden: Sabar, 2019 Masih Lama","Rabu, 06 Jun 2018 17:55 WIB",https://www.cnnindonesia.com/nasional/20180606163902-32-304066/moeldoko-soal-lagu-ganti-presiden-sabar-2019-masih-lama,ADVERTISEMENT SCROLL TO CONTINUE WITH CONTENT
PDIP Anggap Aksi #2019GantiPresiden Hanya Lucu-lucuan,"Rabu, 06 Jun 2018 14:50 WIB",https://www.cnnindonesia.com/nasional/20180606134624-32-303952/pdip-anggap-aksi-2019gantipresiden-hanya-lucu-lucuan,ADVERTISEMENT SCROLL TO CONTINUE WITH CONTENT
Istana: Jokowi Sudah Punya Sosok Cawapres,"Rabu, 06 Jun 2018 14:36 WIB",https://www.cnnindonesia.com/nasional/20180606134738-32-303956/istana-jokowi-sudah-punya-sosok-cawapres,ADVERTISEMENT SCROLL TO CONTINUE WITH CONTENT
"Lagu Ganti Presiden, Mardani Tak Mau Pemimpin Penyiksa Ulama","Rabu, 06 Jun 2018 14:16 WIB",https://www.cnnindonesia.com/nasional/20180606134119-20-303955/lagu-ganti-presiden-mardani-tak-mau-pemimpin-penyiksa-ulama,ADVERTISEMENT SCROLL TO CONTINUE WITH CONTENT
Pesan Rizieq Shihab soal Koalisi Keumatan Pilpres 2019,"Rabu, 06 Jun 2018 13:26 WIB",https://www.cnnindonesia.com/nasional/20180606083102-32-303940/pesan-rizieq-shihab-soal-koalisi-keumatan-pilpres-2019,ADVERTISEMENT SCROLL TO CONTINUE WITH CONTENT
"Bertemu PKS di Mekah, Rizieq Titip Pesan Soal Pancasila","Rabu, 06 Jun 2018 10:31 WIB",https://www.cnnindonesia.com/nasional/20180606101931-32-303883/bertemu-pks-di-mekah-rizieq-titip-pesan-soal-pancasila,ADVERTISEMENT SCROLL TO CONTINUE WITH CONTENT
PPP Sebut Jokowi Percepat Seleksi Cawapres Usai Lebaran,"Rabu, 06 Jun 2018 10:15 WIB",https://www.cnnindonesia.com/nasional/20180606075858-32-303857/ppp-sebut-jokowi-percepat-seleksi-cawapres-usai-lebaran,ADVERTISEMENT SCROLL TO CONTINUE WITH CONTENT
"Bertemu Rizieq Shihab di Mekah, PKS Klaim Bicarakan Bangsa","Rabu, 06 Jun 2018 09:55 WIB",https://www.cnnindonesia.com/nasional/20180606084828-32-303875/bertemu-rizieq-shihab-di-mekah-pks-klaim-bicarakan-bangsa,ADVERTISEMENT SCROLL TO CONTINUE WITH CONTENT
PA 212: Rizieq Tak Terpengaruh Pulang Meski Koalisi Terbentuk,"Rabu, 06 Jun 2018 08:20 WIB",https://www.cnnindonesia.com/nasional/20180605220000-32-303808/pa-212-rizieq-tak-terpengaruh-pulang-meski-koalisi-terbentuk,ADVERTISEMENT SCROLL TO CONTINUE WITH CONTENT
"Ansor Nilai Jokowi Tak Usah Temui Amien Rais, Cukup Ditelepon","Rabu, 06 Jun 2018 08:06 WIB",https://www.cnnindonesia.com/nasional/20180606073527-32-303853/ansor-nilai-jokowi-tak-usah-temui-amien-rais-cukup-ditelepon,ADVERTISEMENT SCROLL TO CONTINUE WITH CONTENT
"Jokowi Naikkan Tunjangan Babinsa, Bantah Tudingan Politis","Selasa, 05 Jun 2018 23:21 WIB",https://www.cnnindonesia.com/nasional/20180605212830-20-303803/jokowi-naikkan-tunjangan-babinsa-bantah-tudingan-politis,ADVERTISEMENT SCROLL TO CONTINUE WITH CONTENT
Ketum PPP Yakin Koalisi Usulan Rizieq Tidak Akan Terjadi,"Selasa, 05 Jun 2018 20:49 WIB",https://www.cnnindonesia.com/nasional/20180605194625-32-303773/ketum-ppp-yakin-koalisi-usulan-rizieq-tidak-akan-terjadi,ADVERTISEMENT SCROLL TO CONTINUE WITH CONTENT
JK Sebut Pertemuan Elite di Mekkah Politik Tingkat Tinggi,"Selasa, 05 Jun 2018 17:26 WIB",https://www.cnnindonesia.com/nasional/20180605163504-32-303697/jk-sebut-pertemuan-elite-di-mekkah-politik-tingkat-tinggi,ADVERTISEMENT SCROLL TO CONTINUE WITH CONTENT
Instagram di Antara Manuver Amien Rais dan Rizieq Shihab,"Selasa, 05 Jun 2018 16:11 WIB",https://www.cnnindonesia.com/teknologi/20180604160521-185-303352/instagram-di-antara-manuver-amien-rais-dan-rizieq-shihab,ADVERTISEMENT SCROLL TO CONTINUE WITH CONTENT
Cium Tangan Gatot untuk SBY di Tengah Dilema Partai Pengusung,"Selasa, 05 Jun 2018 13:58 WIB",https://www.cnnindonesia.com/nasional/20180605124718-32-303586/cium-tangan-gatot-untuk-sby-di-tengah-dilema-partai-pengusung,ADVERTISEMENT SCROLL TO CONTINUE WITH CONTENT
Manuver Amien Rais Dekati Rizieq dan Bumerang untuk PAN,"Selasa, 05 Jun 2018 13:13 WIB",https://www.cnnindonesia.com/nasional/20180605115858-32-303585/manuver-amien-rais-dekati-rizieq-dan-bumerang-untuk-pan,ADVERTISEMENT SCROLL TO CONTINUE WITH CONTENT
Toyota Mulai Kasih Kode Waktu Peluncuran Avanza Baru,"Selasa, 05 Jun 2018 11:46 WIB",https://www.cnnindonesia.com/otomotif/20180605111900-579-303553/toyota-mulai-kasih-kode-waktu-peluncuran-avanza-baru,ADVERTISEMENT SCROLL TO CONTINUE WITH CONTENT ADVERTISEMENT SCROLL TO CONTINUE WITH CONTENT
Rizieq Disebut Berpengaruh tapi Tak Ubah Peta Pilpres,"Selasa, 05 Jun 2018 08:24 WIB",https://www.cnnindonesia.com/nasional/20180605074020-32-303498/rizieq-disebut-berpengaruh-tapi-tak-ubah-peta-pilpres,ADVERTISEMENT SCROLL TO CONTINUE WITH CONTENT
Trump: Saya Berhak Keluarkan Grasi untuk Diri Sendiri,"Selasa, 05 Jun 2018 06:50 WIB",https://www.cnnindonesia.com/internasional/20180605064459-134-303478/trump-saya-berhak-keluarkan-grasi-untuk-diri-sendiri,ADVERTISEMENT SCROLL TO CONTINUE WITH CONTENT
Putri Gus Dur Pertanyakan Umat Versi Koalisi Usulan Rizieq,"Senin, 04 Jun 2018 21:13 WIB",https://www.cnnindonesia.com/nasional/20180604203537-32-303431/putri-gus-dur-pertanyakan-umat-versi-koalisi-usulan-rizieq,ADVERTISEMENT SCROLL TO CONTINUE WITH CONTENT
Yusril Harap Amien Rais Tak Lagi Berdusta Usai Temui Rizieq,"Senin, 04 Jun 2018 19:36 WIB",https://www.cnnindonesia.com/nasional/20180604192819-32-303410/yusril-harap-amien-rais-tak-lagi-berdusta-usai-temui-rizieq,ADVERTISEMENT SCROLL TO CONTINUE WITH CONTENT
PAN Sebut Koalisi Gerindra dan PKS Belum Juga Tercapai,"Senin, 04 Jun 2018 19:03 WIB",https://www.cnnindonesia.com/nasional/20180604170819-32-303376/pan-sebut-koalisi-gerindra-dan-pks-belum-juga-tercapai,ADVERTISEMENT SCROLL TO CONTINUE WITH CONTENT
"Koalisi Keumatan, Demokrat dan PKB Ditawari Kursi Menteri","Senin, 04 Jun 2018 17:09 WIB",https://www.cnnindonesia.com/nasional/20180604161615-32-303357/koalisi-keumatan-demokrat-dan-pkb-ditawari-kursi-menteri,ADVERTISEMENT SCROLL TO CONTINUE WITH CONTENT
"Foto Rizieq Hilang, Jokowi Dituding Halalkan Segala Cara","Senin, 04 Jun 2018 16:29 WIB",https://www.cnnindonesia.com/nasional/20180604155342-32-303351/foto-rizieq-hilang-jokowi-dituding-halalkan-segala-cara,ADVERTISEMENT SCROLL TO CONTINUE WITH CONTENT
"Instagram Hapus Foto Rizieq, PA 212 Salahkan Pemerintah","Senin, 04 Jun 2018 15:04 WIB",https://www.cnnindonesia.com/nasional/20180604140752-20-303301/instagram-hapus-foto-rizieq-pa-212-salahkan-pemerintah,ADVERTISEMENT SCROLL TO CONTINUE WITH CONTENT
PAN: Koalisi Usulan Rizieq Shihab Perlu Kesepakatan Kolektif,"Senin, 04 Jun 2018 14:50 WIB",https://www.cnnindonesia.com/nasional/20180604135647-32-303284/pan-koalisi-usulan-rizieq-shihab-perlu-kesepakatan-kolektif,ADVERTISEMENT SCROLL TO CONTINUE WITH CONTENT
"Gatot Cium Tangan SBY, Demokrat Sebut Cermin Ikatan Moral TNI","Senin, 04 Jun 2018 13:25 WIB",https://www.cnnindonesia.com/nasional/20180604130902-32-303254/gatot-cium-tangan-sby-demokrat-sebut-cermin-ikatan-moral-tni,ADVERTISEMENT SCROLL TO CONTINUE WITH CONTENT
PKS Klaim Jadi Korban Fitnah Spanduk Khilafah di Bekasi,"Senin, 04 Jun 2018 11:27 WIB",https://www.cnnindonesia.com/nasional/20180604105455-32-303195/pks-klaim-jadi-korban-fitnah-spanduk-khilafah-di-bekasi,ADVERTISEMENT SCROLL TO CONTINUE WITH CONTENT
Trump Dimakzulkan Jika Keluarkan Grasi untuk Diri Sendiri,"Senin, 04 Jun 2018 08:20 WIB",https://www.cnnindonesia.com/internasional/20180604080150-134-303159/trump-dimakzulkan-jika-keluarkan-grasi-untuk-diri-sendiri,ADVERTISEMENT SCROLL TO CONTINUE WITH CONTENT
Aksi Cium Tangan SBY dan Keseriusan Gatot di Pilpres 2019,"Minggu, 03 Jun 2018 16:27 WIB",https://www.cnnindonesia.com/nasional/20180603134316-32-303061/aksi-cium-tangan-sby-dan-keseriusan-gatot-di-pilpres-2019,ADVERTISEMENT SCROLL TO CONTINUE WITH CONTENT
Romi Bantah Kabar Kesepakatan Koalisi Soal Cawapres Jokowi,"Minggu, 03 Jun 2018 03:36 WIB",https://www.cnnindonesia.com/nasional/20180603030555-32-302990/romi-bantah-kabar-kesepakatan-koalisi-soal-cawapres-jokowi,ADVERTISEMENT SCROLL TO CONTINUE WITH CONTENT
Gatot Nurmantyo Minta Umrah Prabowo-Amien Disikapi Positif,"Minggu, 03 Jun 2018 00:45 WIB",https://www.cnnindonesia.com/nasional/20180603002725-32-302980/gatot-nurmantyo-minta-umrah-prabowo-amien-disikapi-positif,ADVERTISEMENT SCROLL TO CONTINUE WITH CONTENT
Romi Berharap Umrah Prabowo-Amien Hasilkan Politik Damai,Tanggal tidak ditemukan,https://www.cnnindonesia.com/nasional/20180603002013-32-302979/romi-berharap-umrah-prabowo-amien-hasilkan-politik-damai,
"Didatangi Prabowo-Amien, Rizieq: Segera Deklarasi Koalisi","Sabtu, 02 Jun 2018 22:50 WIB",https://www.cnnindonesia.com/nasional/20180602224321-32-302965/didatangi-prabowo-amien-rizieq-segera-deklarasi-koalisi,ADVERTISEMENT SCROLL TO CONTINUE WITH CONTENT
Romi Cerita Pertemuan SBY-JK Saat Buka Puasa Bersama CT,"Sabtu, 02 Jun 2018 21:22 WIB",https://www.cnnindonesia.com/nasional/20180602210638-32-302956/romi-cerita-pertemuan-sby-jk-saat-buka-puasa-bersama-ct,ADVERTISEMENT SCROLL TO CONTINUE WITH CONTENT
"Fokus Pileg, Partai Berkarya Belum Bersikap di Pilpres 2019","Sabtu, 02 Jun 2018 19:17 WIB",https://www.cnnindonesia.com/nasional/20180602185452-32-302948/fokus-pileg-partai-berkarya-belum-bersikap-di-pilpres-2019,ADVERTISEMENT SCROLL TO CONTINUE WITH CONTENT
PA 212 Serahkan Nama Capres ke Prabowo dan Amien di Mekkah,"Sabtu, 02 Jun 2018 17:10 WIB",https://www.cnnindonesia.com/nasional/20180602164446-20-302927/pa-212-serahkan-nama-capres-ke-prabowo-dan-amien-di-mekkah,ADVERTISEMENT SCROLL TO CONTINUE WITH CONTENT
"Umrah Usai, Prabowo dan Amien Rais Temui Rizieq Bahas Pilpres","Sabtu, 02 Jun 2018 15:35 WIB",https://www.cnnindonesia.com/nasional/20180602145946-20-302899/umrah-usai-prabowo-dan-amien-rais-temui-rizieq-bahas-pilpres,ADVERTISEMENT SCROLL TO CONTINUE WITH CONTENT
Gerindra: Prabowo ke Mekkah Bukan Umrah Politik,"Sabtu, 02 Jun 2018 15:20 WIB",https://www.cnnindonesia.com/nasional/20180602150220-32-302897/gerindra-prabowo-ke-mekkah-bukan-umrah-politik,ADVERTISEMENT SCROLL TO CONTINUE WITH CONTENT
Ngabalin Kritik Rencana Pertemuan Prabowo dan Rizieq Shihab,"Jumat, 01 Jun 2018 22:28 WIB",https://www.cnnindonesia.com/nasional/20180601212239-32-302812/ngabalin-kritik-rencana-pertemuan-prabowo-dan-rizieq-shihab,ADVERTISEMENT SCROLL TO CONTINUE WITH CONTENT
"'Ngebet' Cawapres Jokowi, Golkar Siapkan Strategi","Jumat, 01 Jun 2018 21:16 WIB",https://www.cnnindonesia.com/nasional/20180601210222-32-302809/ngebet-cawapres-jokowi-golkar-siapkan-strategi,ADVERTISEMENT SCROLL TO CONTINUE WITH CONTENT
JK Nilai Partai Agama dan Partai Nasional Tak Jauh Berbeda,"Jumat, 01 Jun 2018 19:53 WIB",https://www.cnnindonesia.com/nasional/20180601191916-32-302803/jk-nilai-partai-agama-dan-partai-nasional-tak-jauh-berbeda,ADVERTISEMENT SCROLL TO CONTINUE WITH CONTENT
Sandi Sebut Tak Ada Info soal Rencana Prabowo Cs Temui Rizieq,"Jumat, 01 Jun 2018 04:50 WIB",https://www.cnnindonesia.com/nasional/20180601022630-32-302694/sandi-sebut-tak-ada-info-soal-rencana-prabowo-cs-temui-rizieq,ADVERTISEMENT SCROLL TO CONTINUE WITH CONTENT
Zulkifli Hasan: Jokowi Hampir Bertemu Amien Rais 3 Bulan Lalu,"Kamis, 31 Mei 2018 21:14 WIB",https://www.cnnindonesia.com/nasional/20180531203405-32-302669/zulkifli-hasan-jokowi-hampir-bertemu-amien-rais-3-bulan-lalu,ADVERTISEMENT SCROLL TO CONTINUE WITH CONTENT
Jokowi Bertemu Pakar Politik Bahas Hoaks Hingga Parpol,"Kamis, 31 Mei 2018 20:54 WIB",https://www.cnnindonesia.com/nasional/20180531195744-32-302652/jokowi-bertemu-pakar-politik-bahas-hoaks-hingga-parpol,ADVERTISEMENT SCROLL TO CONTINUE WITH CONTENT
Canda OSO soal Duet Zulhas-Rizieq saat Buka Bersama Jokowi,"Kamis, 31 Mei 2018 20:37 WIB",https://www.cnnindonesia.com/nasional/20180531200223-32-302653/canda-oso-soal-duet-zulhas-rizieq-saat-buka-bersama-jokowi,ADVERTISEMENT SCROLL TO CONTINUE WITH CONTENT
Jokowi Tak Ingin Pesta Demokrasi Menjadi Peretak Persatuan,"Kamis, 31 Mei 2018 16:32 WIB",https://www.cnnindonesia.com/nasional/20180531162457-32-302572/jokowi-tak-ingin-pesta-demokrasi-menjadi-peretak-persatuan,ADVERTISEMENT SCROLL TO CONTINUE WITH CONTENT
"Prabowo, Amien Rais, Sohibul Umrah Bareng dan Temui Rizieq","Kamis, 31 Mei 2018 14:12 WIB",https://www.cnnindonesia.com/nasional/20180531134215-32-302489/prabowo-amien-rais-sohibul-umrah-bareng-dan-temui-rizieq,ADVERTISEMENT SCROLL TO CONTINUE WITH CONTENT
Jokowi Sedih Masih Diisukan Terkait PKI,"Kamis, 31 Mei 2018 12:54 WIB",https://www.cnnindonesia.com/nasional/20180531124347-20-302469/jokowi-sedih-masih-diisukan-terkait-pki,ADVERTISEMENT SCROLL TO CONTINUE WITH CONTENT
Sekjen Demokrat Pertanyakan Tujuan Prabowo Temui SBY,"Kamis, 31 Mei 2018 11:30 WIB",https://www.cnnindonesia.com/nasional/20180531104009-32-302436/sekjen-demokrat-pertanyakan-tujuan-prabowo-temui-sby,ADVERTISEMENT SCROLL TO CONTINUE WITH CONTENT
"Amien Rais Enggan ke Istana, PDIP Ungkit Pertemuan dengan SBY","Kamis, 31 Mei 2018 11:08 WIB",https://www.cnnindonesia.com/nasional/20180531103532-32-302437/amien-rais-enggan-ke-istana-pdip-ungkit-pertemuan-dengan-sby,ADVERTISEMENT SCROLL TO CONTINUE WITH CONTENT
Ali Ngabalin Usul PA 212 Usung Rizieq Shihab Capres Lewat PAN,"Kamis, 31 Mei 2018 11:01 WIB",https://www.cnnindonesia.com/nasional/20180531101042-32-302420/ali-ngabalin-usul-pa-212-usung-rizieq-shihab-capres-lewat-pan,ADVERTISEMENT SCROLL TO CONTINUE WITH CONTENT
Mendagri Singgung Etika Sandi Karena Samakan Jokowi dan Najib,"Kamis, 31 Mei 2018 07:47 WIB",https://www.cnnindonesia.com/nasional/20180530221039-32-302376/mendagri-singgung-etika-sandi-karena-samakan-jokowi-dan-najib,ADVERTISEMENT SCROLL TO CONTINUE WITH CONTENT
Aburizal Bakrie Tak Ajak PAN Bergabung Koalisi Jokowi,"Kamis, 31 Mei 2018 05:05 WIB",https://www.cnnindonesia.com/nasional/20180530174503-32-302317/aburizal-bakrie-tak-ajak-pan-bergabung-koalisi-jokowi,ADVERTISEMENT SCROLL TO CONTINUE WITH CONTENT
Aroma Politik di Acara Buka Bersama Zulkifli Hasan,"Kamis, 31 Mei 2018 02:36 WIB",https://www.cnnindonesia.com/nasional/20180531022320-32-302383/aroma-politik-di-acara-buka-bersama-zulkifli-hasan,ADVERTISEMENT SCROLL TO CONTINUE WITH CONTENT
"Dihadiri OSO, Bukber PBB Bagikan Nasi Kotak Berlogo Partai","Kamis, 31 Mei 2018 00:21 WIB",https://www.cnnindonesia.com/nasional/20180530211255-32-302364/dihadiri-oso-bukber-pbb-bagikan-nasi-kotak-berlogo-partai,ADVERTISEMENT SCROLL TO CONTINUE WITH CONTENT
Wasekjen NU Sebut Pencapresan Rizieq Agenda Khilafah,"Rabu, 30 Mei 2018 22:18 WIB",https://www.cnnindonesia.com/nasional/20180530184208-32-302332/wasekjen-nu-sebut-pencapresan-rizieq-agenda-khilafah,ADVERTISEMENT SCROLL TO CONTINUE WITH CONTENT
Zulhas Tertawa Namanya Masuk Bursa Capres-Cawapres PA 212,"Rabu, 30 Mei 2018 20:04 WIB",https://www.cnnindonesia.com/nasional/20180530191818-32-302343/zulhas-tertawa-namanya-masuk-bursa-capres-cawapres-pa-212,ADVERTISEMENT SCROLL TO CONTINUE WITH CONTENT
"Buka Bersama Gatot dan Amien, PAN Bantah Ada Agenda Politik","Rabu, 30 Mei 2018 19:07 WIB",https://www.cnnindonesia.com/nasional/20180530181826-32-302326/buka-bersama-gatot-dan-amien-pan-bantah-ada-agenda-politik,ADVERTISEMENT SCROLL TO CONTINUE WITH CONTENT
"Bukan Soal Capres, Zulkifli-Ical Bahas Pemilu Damai","Rabu, 30 Mei 2018 15:58 WIB",https://www.cnnindonesia.com/nasional/20180530153213-32-302277/bukan-soal-capres-zulkifli-ical-bahas-pemilu-damai,ADVERTISEMENT SCROLL TO CONTINUE WITH CONTENT
Aburizal Bakrie Goda Zulkifli Hasan Capres Merangkap Cawapres,"Rabu, 30 Mei 2018 13:49 WIB",https://www.cnnindonesia.com/nasional/20180530132520-32-302223/aburizal-bakrie-goda-zulkifli-hasan-capres-merangkap-cawapres,ADVERTISEMENT SCROLL TO CONTINUE WITH CONTENT
Politikus PDIP Sebut KPU Terlalu Genit Larang Eks Napi Nyaleg,"Rabu, 30 Mei 2018 13:41 WIB",https://www.cnnindonesia.com/nasional/20180530125414-32-302211/politikus-pdip-sebut-kpu-terlalu-genit-larang-eks-napi-nyaleg,ADVERTISEMENT SCROLL TO CONTINUE WITH CONTENT
"Wacana Capres Rizieq Shihab, PA 212 Disarankan Jadi Parpol","Rabu, 30 Mei 2018 12:06 WIB",https://www.cnnindonesia.com/nasional/20180530112012-32-302175/wacana-capres-rizieq-shihab-pa-212-disarankan-jadi-parpol,ADVERTISEMENT SCROLL TO CONTINUE WITH CONTENT
"Amien Rais: Pak Jokowi Tenang Saja, Kekuasaan Tak Abadi","Rabu, 30 Mei 2018 07:27 WIB",https://www.cnnindonesia.com/nasional/20180530070608-32-302123/amien-rais-pak-jokowi-tenang-saja-kekuasaan-tak-abadi,ADVERTISEMENT SCROLL TO CONTINUE WITH CONTENT
PA 212 Akan Perjuangkan Rizieq Shihab Jadi Capres,"Selasa, 29 Mei 2018 17:40 WIB",https://www.cnnindonesia.com/nasional/20180529173720-32-302075/pa-212-akan-perjuangkan-rizieq-shihab-jadi-capres,ADVERTISEMENT SCROLL TO CONTINUE WITH CONTENT
Takjil #2019GantiPresiden dan Sepeda Jokowi,"Selasa, 29 Mei 2018 08:06 WIB",https://www.cnnindonesia.com/nasional/20180528194558-32-301953/takjil-2019gantipresiden-dan-sepeda-jokowi,ADVERTISEMENT SCROLL TO CONTINUE WITH CONTENT
Ibas Sebut SBY Tak Batasi Komunikasi Politik,"Selasa, 29 Mei 2018 05:10 WIB",https://www.cnnindonesia.com/nasional/20180529004703-32-301980/ibas-sebut-sby-tak-batasi-komunikasi-politik,ADVERTISEMENT SCROLL TO CONTINUE WITH CONTENT
Kemendagri Akui Ada Kelalaian soal e-KTP Tercecer di Bogor,"Senin, 28 Mei 2018 15:56 WIB",https://www.cnnindonesia.com/nasional/20180528153633-20-301880/kemendagri-akui-ada-kelalaian-soal-e-ktp-tercecer-di-bogor,ADVERTISEMENT SCROLL TO CONTINUE WITH CONTENT
Survei Terbaru: Rival Terkuat Jokowi Masih Prabowo,"Minggu, 27 Mei 2018 17:34 WIB",https://www.cnnindonesia.com/nasional/20180527173029-32-301678/survei-terbaru-rival-terkuat-jokowi-masih-prabowo,ADVERTISEMENT SCROLL TO CONTINUE WITH CONTENT
JK Kritik Pembagian Takjil Berlabel #2019GantiPresiden,"Sabtu, 26 Mei 2018 23:54 WIB",https://www.cnnindonesia.com/nasional/20180526203300-32-301547/jk-kritik-pembagian-takjil-berlabel-2019gantipresiden,ADVERTISEMENT SCROLL TO CONTINUE WITH CONTENT
Donald Trump Ikut Komentari Skandal Seks Harvey Weinstein,"Sabtu, 26 Mei 2018 18:16 WIB",https://www.cnnindonesia.com/internasional/20180526121719-134-301473/donald-trump-ikut-komentari-skandal-seks-harvey-weinstein,ADVERTISEMENT SCROLL TO CONTINUE WITH CONTENT
"Bagi-bagi THR, Investasi Elektoral Jokowi Menuju Pilpres 2019","Sabtu, 26 Mei 2018 09:00 WIB",https://www.cnnindonesia.com/nasional/20180525211547-32-301435/bagi-bagi-thr-investasi-elektoral-jokowi-menuju-pilpres-2019,ADVERTISEMENT SCROLL TO CONTINUE WITH CONTENT
"Singgung SBY, Gatot Nurmantyo Optimis Ikut Pilpres 2019","Jumat, 25 Mei 2018 22:20 WIB",https://www.cnnindonesia.com/nasional/20180525215904-32-301443/singgung-sby-gatot-nurmantyo-optimis-ikut-pilpres-2019,ADVERTISEMENT SCROLL TO CONTINUE WITH CONTENT
"Berkaca Pada Mahathir, Pengusaha Bugis Dorong JK Maju Capres","Kamis, 24 Mei 2018 23:31 WIB",https://www.cnnindonesia.com/nasional/20180524165014-32-301045/berkaca-pada-mahathir-pengusaha-bugis-dorong-jk-maju-capres,ADVERTISEMENT SCROLL TO CONTINUE WITH CONTENT
"Pilkada Berhawa Pilpres, Tjahjo Yakin Tak Segaduh Pilgub DKI","Kamis, 24 Mei 2018 19:48 WIB",https://www.cnnindonesia.com/nasional/20180524183058-32-301091/pilkada-berhawa-pilpres-tjahjo-yakin-tak-segaduh-pilgub-dki,ADVERTISEMENT SCROLL TO CONTINUE WITH CONTENT
"Ali Ngabalin, Jurus Jokowi Bangun Pondasi Lawan Oposisi","Kamis, 24 Mei 2018 19:02 WIB",https://www.cnnindonesia.com/nasional/20180524174524-32-301064/ali-ngabalin-jurus-jokowi-bangun-pondasi-lawan-oposisi,ADVERTISEMENT SCROLL TO CONTINUE WITH CONTENT
PDIP dan PAN Nilai Rencana Pertemuan SBY-Prabowo Biasa Saja,"Kamis, 24 Mei 2018 17:41 WIB",https://www.cnnindonesia.com/nasional/20180524161847-32-301033/pdip-dan-pan-nilai-rencana-pertemuan-sby-prabowo-biasa-saja,ADVERTISEMENT SCROLL TO CONTINUE WITH CONTENT
"Masuk Istana, Ali Ngabalin Lantang Bela Rezim Jokowi","Kamis, 24 Mei 2018 16:56 WIB",https://www.cnnindonesia.com/nasional/20180524161048-32-301026/masuk-istana-ali-ngabalin-lantang-bela-rezim-jokowi,ADVERTISEMENT SCROLL TO CONTINUE WITH CONTENT
Refly Harun: Kantor Staf Presiden Terlalu Politis,"Kamis, 24 Mei 2018 14:21 WIB",https://www.cnnindonesia.com/nasional/20180524133218-32-300949/refly-harun-kantor-staf-presiden-terlalu-politis,ADVERTISEMENT SCROLL TO CONTINUE WITH CONTENT
KSP Berharap Ngabalin Jembatani Pemerintah-Ormas Islam,"Kamis, 24 Mei 2018 13:36 WIB",https://www.cnnindonesia.com/nasional/20180524131205-32-300927/ksp-berharap-ngabalin-jembatani-pemerintah-ormas-islam,ADVERTISEMENT SCROLL TO CONTINUE WITH CONTENT
Ngabalin: Subhanallah di Istana Semua Memikirkan Bangsa,"Kamis, 24 Mei 2018 13:07 WIB",https://www.cnnindonesia.com/nasional/20180524101811-32-300881/ngabalin-subhanallah-di-istana-semua-memikirkan-bangsa,ADVERTISEMENT SCROLL TO CONTINUE WITH CONTENT
"Isu Selingkuh, Fadli Zon Klaim Jadi Korban Fitnah Cara PKI","Kamis, 24 Mei 2018 11:36 WIB",https://www.cnnindonesia.com/nasional/20180524111703-32-300892/isu-selingkuh-fadli-zon-klaim-jadi-korban-fitnah-cara-pki,ADVERTISEMENT SCROLL TO CONTINUE WITH CONTENT
"Ngabalin ke KSP, Airlangga Bangga Kader Golkar Bantu Istana","Kamis, 24 Mei 2018 04:16 WIB",https://www.cnnindonesia.com/nasional/20180523202636-32-300770/ngabalin-ke-ksp-airlangga-bangga-kader-golkar-bantu-istana,ADVERTISEMENT SCROLL TO CONTINUE WITH CONTENT
Jokowi Mengaku Mesra dengan Airlangga Setiap Hari,"Kamis, 24 Mei 2018 01:55 WIB",https://www.cnnindonesia.com/nasional/20180523204057-32-300772/jokowi-mengaku-mesra-dengan-airlangga-setiap-hari,ADVERTISEMENT SCROLL TO CONTINUE WITH CONTENT
KSP Bantah Tudingan Jadi 'Sarang' Tim Sukses Jokowi,"Rabu, 23 Mei 2018 23:42 WIB",https://www.cnnindonesia.com/nasional/20180523201641-32-300771/ksp-bantah-tudingan-jadi-sarang-tim-sukses-jokowi,ADVERTISEMENT SCROLL TO CONTINUE WITH CONTENT
Fadli Zon Nilai Pertemuan Prabowo-SBY Buka Peluang Koalisi,"Rabu, 23 Mei 2018 21:55 WIB",https://www.cnnindonesia.com/nasional/20180523201226-32-300767/fadli-zon-nilai-pertemuan-prabowo-sby-buka-peluang-koalisi,ADVERTISEMENT SCROLL TO CONTINUE WITH CONTENT
"Bertemu SBY, Airlangga Sebut Ada Peluang Demokrat ke Jokowi","Rabu, 23 Mei 2018 21:40 WIB",https://www.cnnindonesia.com/nasional/20180523210536-32-300780/bertemu-sby-airlangga-sebut-ada-peluang-demokrat-ke-jokowi,ADVERTISEMENT SCROLL TO CONTINUE WITH CONTENT
Jokowi Sambut Baik Rencana Pertemuan dan Koalisi SBY-Prabowo,"Rabu, 23 Mei 2018 19:53 WIB",https://www.cnnindonesia.com/nasional/20180523194344-32-300758/jokowi-sambut-baik-rencana-pertemuan-dan-koalisi-sby-prabowo,ADVERTISEMENT SCROLL TO CONTINUE WITH CONTENT
"Jejak Ngabalin, Hina Jokowi Kerempeng dan Dekat Rizieq Shihab","Rabu, 23 Mei 2018 18:13 WIB",https://www.cnnindonesia.com/nasional/20180523174428-32-300722/jejak-ngabalin-hina-jokowi-kerempeng-dan-dekat-rizieq-shihab,ADVERTISEMENT SCROLL TO CONTINUE WITH CONTENT
"Ali Ngabalin, Upaya Jokowi Pegang Ekor Lawan Jelang Pilpres","Rabu, 23 Mei 2018 18:03 WIB",https://www.cnnindonesia.com/nasional/20180523174544-32-300720/ali-ngabalin-upaya-jokowi-pegang-ekor-lawan-jelang-pilpres,ADVERTISEMENT SCROLL TO CONTINUE WITH CONTENT
"Pergi Umrah, Sandiaga Doakan Prabowo Jadi Presiden di Mekkah","Rabu, 23 Mei 2018 17:38 WIB",https://www.cnnindonesia.com/nasional/20180523172646-32-300716/pergi-umrah-sandiaga-doakan-prabowo-jadi-presiden-di-mekkah,ADVERTISEMENT SCROLL TO CONTINUE WITH CONTENT
Fadli Zon: KSP Jangan Jadi Sarang Timses,"Rabu, 23 Mei 2018 16:04 WIB",https://www.cnnindonesia.com/nasional/20180523160416-32-300660/fadli-zon-ksp-jangan-jadi-sarang-timses,ADVERTISEMENT SCROLL TO CONTINUE WITH CONTENT
Moeldoko Bantah Ali Ngabalin Diangkat Jadi Jubir Istana,"Rabu, 23 Mei 2018 15:19 WIB",https://www.cnnindonesia.com/nasional/20180523151542-32-300648/moeldoko-bantah-ali-ngabalin-diangkat-jadi-jubir-istana,ADVERTISEMENT SCROLL TO CONTINUE WITH CONTENT
"Gerindra: Mahathir Menang, Prabowo Merasa Muda","Selasa, 22 Mei 2018 21:52 WIB",https://www.cnnindonesia.com/nasional/20180522195406-32-300461/gerindra-mahathir-menang-prabowo-merasa-muda,ADVERTISEMENT SCROLL TO CONTINUE WITH CONTENT
Rencana Tatap Muka Prabowo dan SBY Bermula dari Sandi-AHY,"Selasa, 22 Mei 2018 20:23 WIB",https://www.cnnindonesia.com/nasional/20180522191003-32-300452/rencana-tatap-muka-prabowo-dan-sby-bermula-dari-sandi-ahy,ADVERTISEMENT SCROLL TO CONTINUE WITH CONTENT
Survei Indo Barometer: Jokowi Unggul Jauh dari Prabowo,"Selasa, 22 Mei 2018 19:31 WIB",https://www.cnnindonesia.com/nasional/20180522190315-32-300444/survei-indo-barometer-jokowi-unggul-jauh-dari-prabowo,ADVERTISEMENT SCROLL TO CONTINUE WITH CONTENT
Survei: Jelang Pemilu Masih Banyak yang Tidak Tahu Nawacita,"Selasa, 22 Mei 2018 18:15 WIB",https://www.cnnindonesia.com/nasional/20180522172505-32-300425/survei-jelang-pemilu-masih-banyak-yang-tidak-tahu-nawacita,ADVERTISEMENT SCROLL TO CONTINUE WITH CONTENT
Upaya Kominfo Redam Laju Hoaks di Tahun Politik,"Selasa, 22 Mei 2018 16:30 WIB",https://www.cnnindonesia.com/teknologi/20180503204039-192-295544/upaya-kominfo-redam-laju-hoaks-di-tahun-politik,ADVERTISEMENT SCROLL TO CONTINUE WITH CONTENT
Bayang-bayang Hoaks di Tahun Politik,"Selasa, 22 Mei 2018 12:11 WIB",https://www.cnnindonesia.com/teknologi/20180521144837-185-299996/bayang-bayang-hoaks-di-tahun-politik,ADVERTISEMENT SCROLL TO CONTINUE WITH CONTENT
Menilik Dasar Hukum Antihoaks di Berbagai Negara,"Selasa, 22 Mei 2018 11:30 WIB",https://www.cnnindonesia.com/teknologi/20180507181722-185-296371/menilik-dasar-hukum-antihoaks-di-berbagai-negara,ADVERTISEMENT SCROLL TO CONTINUE WITH CONTENT
AHY soal Cawapres: Tunggu Tanggal Mainnya,"Selasa, 22 Mei 2018 09:34 WIB",https://www.cnnindonesia.com/nasional/20180522083256-32-300175/ahy-soal-cawapres-tunggu-tanggal-mainnya,ADVERTISEMENT SCROLL TO CONTINUE WITH CONTENT
"Bertemu Sandiaga, AHY Klaim Belum Bahas Koalisi","Selasa, 22 Mei 2018 08:12 WIB",https://www.cnnindonesia.com/nasional/20180522070954-32-300162/bertemu-sandiaga-ahy-klaim-belum-bahas-koalisi,ADVERTISEMENT SCROLL TO CONTINUE WITH CONTENT
"Meski Oposisi, Agus, Gatot, Anies Favorit Cawapres Jokowi","Selasa, 22 Mei 2018 07:08 WIB",https://www.cnnindonesia.com/nasional/20180522063012-32-300155/meski-oposisi-agus-gatot-anies-favorit-cawapres-jokowi,ADVERTISEMENT SCROLL TO CONTINUE WITH CONTENT
Rizal Ramli Khawatir Ada Perubahan Cepat Sebelum 2019,"Selasa, 22 Mei 2018 06:41 WIB",https://www.cnnindonesia.com/nasional/20180521213811-20-300139/rizal-ramli-khawatir-ada-perubahan-cepat-sebelum-2019,ADVERTISEMENT SCROLL TO CONTINUE WITH CONTENT
Komnas HAM Desak Aparat Tindak Tegas Penyerangan Ahmadiyah,"Selasa, 22 Mei 2018 06:10 WIB",https://www.cnnindonesia.com/nasional/20180521203104-20-300125/komnas-ham-desak-aparat-tindak-tegas-penyerangan-ahmadiyah,ADVERTISEMENT SCROLL TO CONTINUE WITH CONTENT
Ungkapan Hati Rizal Ramli Soal Belum Dapat 'Tiket' Capres,"Selasa, 22 Mei 2018 04:58 WIB",https://www.cnnindonesia.com/nasional/20180522025852-32-300149/ungkapan-hati-rizal-ramli-soal-belum-dapat-tiket-capres,ADVERTISEMENT SCROLL TO CONTINUE WITH CONTENT
Survei: PKPI dan Partai Berkarya Terancam Tak Ada Pemilih,"Selasa, 22 Mei 2018 04:39 WIB",https://www.cnnindonesia.com/nasional/20180521210104-32-300129/survei-pkpi-dan-partai-berkarya-terancam-tak-ada-pemilih,ADVERTISEMENT SCROLL TO CONTINUE WITH CONTENT
Elektabilitas Jokowi Ungguli Prabowo Subianto di Jawa Tengah,"Selasa, 22 Mei 2018 03:07 WIB",https://www.cnnindonesia.com/nasional/20180521220740-32-300142/elektabilitas-jokowi-ungguli-prabowo-subianto-di-jawa-tengah,ADVERTISEMENT SCROLL TO CONTINUE WITH CONTENT
Bamsoet: Kenapa Tak Kita Satukan Saja Jokowi dan Prabowo,"Senin, 21 Mei 2018 21:57 WIB",https://www.cnnindonesia.com/nasional/20180521211452-32-300134/bamsoet-kenapa-tak-kita-satukan-saja-jokowi-dan-prabowo,ADVERTISEMENT SCROLL TO CONTINUE WITH CONTENT
Sandiaga Uno Belum Berniat Bertemu Rizieq Shihab Saat Umrah,"Senin, 21 Mei 2018 20:58 WIB",https://www.cnnindonesia.com/nasional/20180521173146-20-300054/sandiaga-uno-belum-berniat-bertemu-rizieq-shihab-saat-umrah,ADVERTISEMENT SCROLL TO CONTINUE WITH CONTENT
Jokowi Kembali Tegaskan Dirinya Bukan Kader PKI,"Senin, 21 Mei 2018 13:16 WIB",https://www.cnnindonesia.com/nasional/20180521124543-32-299959/jokowi-kembali-tegaskan-dirinya-bukan-kader-pki,ADVERTISEMENT SCROLL TO CONTINUE WITH CONTENT
"Harkitnas, Prabowo Ingatkan RI Bukan Kacung Bangsa Lain","Senin, 21 Mei 2018 09:52 WIB",https://www.cnnindonesia.com/nasional/20180521090102-32-299878/harkitnas-prabowo-ingatkan-ri-bukan-kacung-bangsa-lain,ADVERTISEMENT SCROLL TO CONTINUE WITH CONTENT
"Masih Cari Capres, Berkarya Tak Ikut Tagar #2019GantiPresiden","Senin, 21 Mei 2018 09:31 WIB",https://www.cnnindonesia.com/nasional/20180521090224-32-299870/masih-cari-capres-berkarya-tak-ikut-tagar-2019gantipresiden,ADVERTISEMENT SCROLL TO CONTINUE WITH CONTENT
Facebook Kembali Bantah Curi Data Pengguna Indonesia,"Senin, 21 Mei 2018 08:45 WIB",https://www.cnnindonesia.com/teknologi/20180520211907-185-299826/facebook-kembali-bantah-curi-data-pengguna-indonesia,ADVERTISEMENT SCROLL TO CONTINUE WITH CONTENT
"Amien Rais, Sejarah Kritik dan Julukan Pengkhianat Reformasi","Senin, 21 Mei 2018 08:40 WIB",https://www.cnnindonesia.com/nasional/20180518135717-20-299247/amien-rais-sejarah-kritik-dan-julukan-pengkhianat-reformasi,ADVERTISEMENT SCROLL TO CONTINUE WITH CONTENT
"Promosikan AHY, Demokrat Punya Tagar #2019PemimpinMuda","Senin, 21 Mei 2018 06:27 WIB",https://www.cnnindonesia.com/nasional/20180521061312-32-299845/promosikan-ahy-demokrat-punya-tagar-2019pemimpinmuda,ADVERTISEMENT SCROLL TO CONTINUE WITH CONTENT
AS Sebut Hasil Pemilu Presiden Venezuela Tidak Sah,"Senin, 21 Mei 2018 04:37 WIB",https://www.cnnindonesia.com/internasional/20180521042624-134-299840/as-sebut-hasil-pemilu-presiden-venezuela-tidak-sah,ADVERTISEMENT SCROLL TO CONTINUE WITH CONTENT
"Soal Logistik Pilpres, Hashim Sebut Prabowo Korban Fitnah","Jumat, 18 Mei 2018 20:41 WIB",https://www.cnnindonesia.com/nasional/20180518184920-32-299388/soal-logistik-pilpres-hashim-sebut-prabowo-korban-fitnah,ADVERTISEMENT SCROLL TO CONTINUE WITH CONTENT
"PDIP Sindir Gerindra, Prabowo Harusnya Deklarasikan Cawapres","Jumat, 18 Mei 2018 15:35 WIB",https://www.cnnindonesia.com/nasional/20180518152538-32-299297/pdip-sindir-gerindra-prabowo-harusnya-deklarasikan-cawapres,ADVERTISEMENT SCROLL TO CONTINUE WITH CONTENT
Tiga Elite Gerindra-PKS Tentukan Cawapres Prabowo,"Jumat, 18 Mei 2018 13:33 WIB",https://www.cnnindonesia.com/nasional/20180518130853-32-299227/tiga-elite-gerindra-pks-tentukan-cawapres-prabowo,ADVERTISEMENT SCROLL TO CONTINUE WITH CONTENT
Gerindra-PKS Masih Godok Cawapres Prabowo,"Kamis, 17 Mei 2018 18:51 WIB",https://www.cnnindonesia.com/nasional/20180517171811-32-299027/gerindra-pks-masih-godok-cawapres-prabowo,ADVERTISEMENT SCROLL TO CONTINUE WITH CONTENT
"Nyinyir #SBYJelaskan, Demokrat Sindir Cuit Jokowi soal JKT48","Kamis, 17 Mei 2018 09:44 WIB",https://www.cnnindonesia.com/nasional/20180517090923-32-298861/nyinyir-sbyjelaskan-demokrat-sindir-cuit-jokowi-soal-jkt48,ADVERTISEMENT SCROLL TO CONTINUE WITH CONTENT
"Jokowi Dinilai Tak Mau Disalahkan, SBY Makin Galau di Pilpres","Rabu, 16 Mei 2018 21:30 WIB",https://www.cnnindonesia.com/nasional/20180516143237-32-298692/jokowi-dinilai-tak-mau-disalahkan-sby-makin-galau-di-pilpres,ADVERTISEMENT SCROLL TO CONTINUE WITH CONTENT
Prabowo Sebut Kehebatan Polisi Tergantung Pemimpin Politiknya,"Rabu, 16 Mei 2018 17:01 WIB",https://www.cnnindonesia.com/nasional/20180516165514-20-298719/prabowo-sebut-kehebatan-polisi-tergantung-pemimpin-politiknya,ADVERTISEMENT SCROLL TO CONTINUE WITH CONTENT
"Temui Fadli Zon, PA 212 Desak DPR Bentuk Pansus Mako Brimob","Rabu, 16 Mei 2018 16:15 WIB",https://www.cnnindonesia.com/nasional/20180516160519-32-298693/temui-fadli-zon-pa-212-desak-dpr-bentuk-pansus-mako-brimob,ADVERTISEMENT SCROLL TO CONTINUE WITH CONTENT
"Hadapi Teror, Prabowo Ajak Warga Hidupkan Kembali Siskamling","Rabu, 16 Mei 2018 16:05 WIB",https://www.cnnindonesia.com/nasional/20180516154912-32-298678/hadapi-teror-prabowo-ajak-warga-hidupkan-kembali-siskamling,ADVERTISEMENT SCROLL TO CONTINUE WITH CONTENT
"Polemik Subsidi BBM Jokowi, Demokrat Klaim SBY Lebih Unggul","Rabu, 16 Mei 2018 13:37 WIB",https://www.cnnindonesia.com/nasional/20180516130711-32-298619/polemik-subsidi-bbm-jokowi-demokrat-klaim-sby-lebih-unggul,ADVERTISEMENT SCROLL TO CONTINUE WITH CONTENT
Deddy Mizwar Kembali Sindir Kaus #2019GantiPresiden,"Rabu, 16 Mei 2018 09:19 WIB",https://www.cnnindonesia.com/nasional/20180516091837-32-298540/deddy-mizwar-kembali-sindir-kaus-2019gantipresiden,ADVERTISEMENT SCROLL TO CONTINUE WITH CONTENT
Sandiaga Bantah Aksi Sudrajat-Syaikhu Pesanan Gerindra,"Rabu, 16 Mei 2018 02:11 WIB",https://www.cnnindonesia.com/nasional/20180515213208-32-298485/sandiaga-bantah-aksi-sudrajat-syaikhu-pesanan-gerindra,ADVERTISEMENT SCROLL TO CONTINUE WITH CONTENT
MPR Nilai Teror Bom Bunuh Diri Surabaya Ganggu Tahun Politik,"Rabu, 16 Mei 2018 00:19 WIB",https://www.cnnindonesia.com/nasional/20180515143244-20-298358/mpr-nilai-teror-bom-bunuh-diri-surabaya-ganggu-tahun-politik,ADVERTISEMENT SCROLL TO CONTINUE WITH CONTENT
Spontanitas Jokowi Singgung Romi PPP Cocok Jadi Cawapres,"Selasa, 15 Mei 2018 14:28 WIB",https://www.cnnindonesia.com/nasional/20180515142146-32-298352/spontanitas-jokowi-singgung-romi-ppp-cocok-jadi-cawapres,ADVERTISEMENT SCROLL TO CONTINUE WITH CONTENT
"Hadapi Teror Bom, Menhan Mengimbau Semua Pihak Bersatu","Selasa, 15 Mei 2018 05:25 WIB",https://www.cnnindonesia.com/nasional/20180515042950-12-298225/hadapi-teror-bom-menhan-mengimbau-semua-pihak-bersatu,ADVERTISEMENT SCROLL TO CONTINUE WITH CONTENT
Bawaslu Kaji Pernyataan Ganti Presiden di Debat Pilgub Jabar,"Selasa, 15 Mei 2018 01:32 WIB",https://www.cnnindonesia.com/nasional/20180515012956-32-298214/bawaslu-kaji-pernyataan-ganti-presiden-di-debat-pilgub-jabar,ADVERTISEMENT SCROLL TO CONTINUE WITH CONTENT
"Survei LSI: Elektabilitas Jokowi Tertinggi, Namun Mulai Goyah","Selasa, 15 Mei 2018 00:27 WIB",https://www.cnnindonesia.com/nasional/20180514190420-32-298159/survei-lsi-elektabilitas-jokowi-tertinggi-namun-mulai-goyah,ADVERTISEMENT SCROLL TO CONTINUE WITH CONTENT
"Ricuh, Sudrajat-Syaikhu Keluarkan Kaus #2019GantiPresiden","Senin, 14 Mei 2018 22:28 WIB",https://www.cnnindonesia.com/nasional/20180514222339-32-298200/ricuh-sudrajat-syaikhu-keluarkan-kaus-2019gantipresiden,ADVERTISEMENT SCROLL TO CONTINUE WITH CONTENT
Menhan Sebut Kelompok Teroris di Surabaya Generasi Ketiga,"Senin, 14 Mei 2018 18:28 WIB",https://www.cnnindonesia.com/nasional/20180514175316-20-298118/menhan-sebut-kelompok-teroris-di-surabaya-generasi-ketiga,ADVERTISEMENT SCROLL TO CONTINUE WITH CONTENT
"Tahun Politik, Jokowi Minta Parpol Jangan Bikin Perpecahan","Senin, 14 Mei 2018 16:25 WIB",https://www.cnnindonesia.com/nasional/20180514160749-32-298098/tahun-politik-jokowi-minta-parpol-jangan-bikin-perpecahan,ADVERTISEMENT SCROLL TO CONTINUE WITH CONTENT
Peneliti: Bom Surabaya Dapat Rugikan Elektabilitas Jokowi,"Senin, 14 Mei 2018 16:07 WIB",https://www.cnnindonesia.com/nasional/20180514153803-32-298089/peneliti-bom-surabaya-dapat-rugikan-elektabilitas-jokowi,ADVERTISEMENT SCROLL TO CONTINUE WITH CONTENT
Ketum PPP: Satu Parpol Sudah Resmi Dukung Jokowi,"Minggu, 13 Mei 2018 23:48 WIB",https://www.cnnindonesia.com/nasional/20180513233938-32-297872/ketum-ppp-satu-parpol-sudah-resmi-dukung-jokowi,ADVERTISEMENT SCROLL TO CONTINUE WITH CONTENT
"Dukung PAN, Rhoma Irama Kerahkan Kader Hingga Fan","Sabtu, 12 Mei 2018 22:24 WIB",https://www.cnnindonesia.com/nasional/20180512221619-32-297693/dukung-pan-rhoma-irama-kerahkan-kader-hingga-fan,ADVERTISEMENT SCROLL TO CONTINUE WITH CONTENT
"Safari Politik, Ketum PAN Disebut Jajaki Tokoh Potensial 2019","Sabtu, 12 Mei 2018 21:52 WIB",https://www.cnnindonesia.com/nasional/20180512214604-32-297690/safari-politik-ketum-pan-disebut-jajaki-tokoh-potensial-2019,ADVERTISEMENT SCROLL TO CONTINUE WITH CONTENT
PAN: Amien Rais dan Zulkifli Hasan Bakal Satu Suara,"Sabtu, 12 Mei 2018 18:11 WIB",https://www.cnnindonesia.com/nasional/20180512170658-32-297639/pan-amien-rais-dan-zulkifli-hasan-bakal-satu-suara,ADVERTISEMENT SCROLL TO CONTINUE WITH CONTENT
Fadli Zon: Cawapres Prabowo Ditentukan Setelah Pilkada,"Sabtu, 12 Mei 2018 14:25 WIB",https://www.cnnindonesia.com/nasional/20180512134856-32-297615/fadli-zon-cawapres-prabowo-ditentukan-setelah-pilkada,ADVERTISEMENT SCROLL TO CONTINUE WITH CONTENT
Sandiaga Bakal Perluas Aturan Ganjil-Genap Saat Asian Games,"Sabtu, 12 Mei 2018 05:30 WIB",https://www.cnnindonesia.com/nasional/20180512051631-20-297585/sandiaga-bakal-perluas-aturan-ganjil-genap-saat-asian-games,ADVERTISEMENT SCROLL TO CONTINUE WITH CONTENT
Gerindra: Cak Imin Belum Pernah Disimulasikan dengan Prabowo,"Sabtu, 12 Mei 2018 05:03 WIB",https://www.cnnindonesia.com/nasional/20180512043146-32-297584/gerindra-cak-imin-belum-pernah-disimulasikan-dengan-prabowo,ADVERTISEMENT SCROLL TO CONTINUE WITH CONTENT
Cak Imin Pilih Jokowi dan Singgung Prabowo di Pilpres 2019,"Sabtu, 12 Mei 2018 04:36 WIB",https://www.cnnindonesia.com/nasional/20180511190251-32-297529/cak-imin-pilih-jokowi-dan-singgung-prabowo-di-pilpres-2019,ADVERTISEMENT SCROLL TO CONTINUE WITH CONTENT
Dua Mahasiswa Papua Terpilih Jadi Ketua PPI Selandia Baru,"Sabtu, 12 Mei 2018 02:59 WIB",https://www.cnnindonesia.com/internasional/20180512022522-113-297580/dua-mahasiswa-papua-terpilih-jadi-ketua-ppi-selandia-baru,ADVERTISEMENT SCROLL TO CONTINUE WITH CONTENT
"Oposisi Malaysia Menang, Fahri Prediksi Era Jokowi Berakhir","Jumat, 11 Mei 2018 21:40 WIB",https://www.cnnindonesia.com/nasional/20180511211546-32-297572/oposisi-malaysia-menang-fahri-prediksi-era-jokowi-berakhir,ADVERTISEMENT SCROLL TO CONTINUE WITH CONTENT
Fadli Sebut Kemenangan Mahathir Jadi Inspirasi Prabowo,"Jumat, 11 Mei 2018 19:22 WIB",https://www.cnnindonesia.com/nasional/20180511190837-32-297533/fadli-sebut-kemenangan-mahathir-jadi-inspirasi-prabowo,ADVERTISEMENT SCROLL TO CONTINUE WITH CONTENT
"Tak Lolos Pemilu, Partai Idaman Gabung PAN Mulai Besok","Jumat, 11 Mei 2018 17:31 WIB",https://www.cnnindonesia.com/nasional/20180511170243-32-297481/tak-lolos-pemilu-partai-idaman-gabung-pan-mulai-besok,ADVERTISEMENT SCROLL TO CONTINUE WITH CONTENT
Cak Imin Klaim Ulama Sempat Tak Dukung Jokowi Pada 2014,"Jumat, 11 Mei 2018 17:20 WIB",https://www.cnnindonesia.com/nasional/20180511164951-32-297477/cak-imin-klaim-ulama-sempat-tak-dukung-jokowi-pada-2014,ADVERTISEMENT SCROLL TO CONTINUE WITH CONTENT
"Temui Zulhas, Cak Imin Didukung Jadi Cawapres Jokowi","Jumat, 11 Mei 2018 17:03 WIB",https://www.cnnindonesia.com/nasional/20180511111322-32-297347/temui-zulhas-cak-imin-didukung-jadi-cawapres-jokowi,ADVERTISEMENT SCROLL TO CONTINUE WITH CONTENT
MUI Sudah Siapkan Fatwa Cegah Politisasi Agama,"Kamis, 10 Mei 2018 18:13 WIB",https://www.cnnindonesia.com/nasional/20180510145848-32-297198/mui-sudah-siapkan-fatwa-cegah-politisasi-agama,ADVERTISEMENT SCROLL TO CONTINUE WITH CONTENT
Uji Materi Cawapres untuk JK Bisa Hambat Regenerasi Politik,"Rabu, 09 Mei 2018 20:06 WIB",https://www.cnnindonesia.com/nasional/20180509103416-32-296845/uji-materi-cawapres-untuk-jk-bisa-hambat-regenerasi-politik,ADVERTISEMENT SCROLL TO CONTINUE WITH CONTENT
Tuan Guru Bajang Optimis Diusung Demokrat di Pilpres 2019,"Rabu, 09 Mei 2018 19:13 WIB",https://www.cnnindonesia.com/nasional/20180509164451-32-296975/tuan-guru-bajang-optimis-diusung-demokrat-di-pilpres-2019,ADVERTISEMENT SCROLL TO CONTINUE WITH CONTENT
"Temui Puan Maharani, Sandiaga Bantah Bahas Politik","Rabu, 09 Mei 2018 16:13 WIB",https://www.cnnindonesia.com/nasional/20180509155529-32-296959/temui-puan-maharani-sandiaga-bantah-bahas-politik,ADVERTISEMENT SCROLL TO CONTINUE WITH CONTENT
"Puji Prestasi, Zulkifli Hasan Anggap TGB Layak Jadi Capres","Rabu, 09 Mei 2018 13:00 WIB",https://www.cnnindonesia.com/nasional/20180509122437-32-296854/puji-prestasi-zulkifli-hasan-anggap-tgb-layak-jadi-capres,ADVERTISEMENT SCROLL TO CONTINUE WITH CONTENT
Survei: Usung Gatot Jadi Capres Dongkrak Elektabilitas Partai,"Rabu, 09 Mei 2018 10:52 WIB",https://www.cnnindonesia.com/nasional/20180509075843-32-296812/survei-usung-gatot-jadi-capres-dongkrak-elektabilitas-partai,ADVERTISEMENT SCROLL TO CONTINUE WITH CONTENT
"Soal Masa Jabatan Wapres, Golkar Minta Kembali ke Konstitusi","Rabu, 09 Mei 2018 10:38 WIB",https://www.cnnindonesia.com/nasional/20180509080627-32-296792/soal-masa-jabatan-wapres-golkar-minta-kembali-ke-konstitusi,ADVERTISEMENT SCROLL TO CONTINUE WITH CONTENT
PDIP Duga Manuver Amien Rais Picu Keresahan di Internal PAN,"Rabu, 09 Mei 2018 10:05 WIB",https://www.cnnindonesia.com/nasional/20180509084252-32-296799/pdip-duga-manuver-amien-rais-picu-keresahan-di-internal-pan,ADVERTISEMENT SCROLL TO CONTINUE WITH CONTENT
Kelakar Cak Imin Didoakan Hanya Jadi Cawapres Selamanya,"Rabu, 09 Mei 2018 06:09 WIB",https://www.cnnindonesia.com/nasional/20180509060338-32-296773/kelakar-cak-imin-didoakan-hanya-jadi-cawapres-selamanya,ADVERTISEMENT SCROLL TO CONTINUE WITH CONTENT
"Singgung Jokowi, Kasus Marsinah Dinilai Pelanggaran HAM","Rabu, 09 Mei 2018 05:57 WIB",https://www.cnnindonesia.com/nasional/20180509055118-12-296772/singgung-jokowi-kasus-marsinah-dinilai-pelanggaran-ham,ADVERTISEMENT SCROLL TO CONTINUE WITH CONTENT
Jokowi Diklaim Rugi 11 Juta Suara PKB Jika Tak Pilih Cak Imin,"Rabu, 09 Mei 2018 05:24 WIB",https://www.cnnindonesia.com/nasional/20180509051406-32-296769/jokowi-diklaim-rugi-11-juta-suara-pkb-jika-tak-pilih-cak-imin,ADVERTISEMENT SCROLL TO CONTINUE WITH CONTENT
Gerindra Sebut 13 Kandidat Siap Jadi Cawapres Prabowo,"Rabu, 09 Mei 2018 05:09 WIB",https://www.cnnindonesia.com/nasional/20180509045837-32-296768/gerindra-sebut-13-kandidat-siap-jadi-cawapres-prabowo,ADVERTISEMENT SCROLL TO CONTINUE WITH CONTENT
Jokowi: Tak Ada Kepentingan Politik pada Kebijakan Susi,"Rabu, 09 Mei 2018 04:17 WIB",https://www.cnnindonesia.com/nasional/20180508154645-32-296610/jokowi-tak-ada-kepentingan-politik-pada-kebijakan-susi,ADVERTISEMENT SCROLL TO CONTINUE WITH CONTENT
PKB Resmi Dukung Jokowi dengan Cawapres Cak Imin,"Rabu, 09 Mei 2018 03:32 WIB",https://www.cnnindonesia.com/nasional/20180509031810-32-296762/pkb-resmi-dukung-jokowi-dengan-cawapres-cak-imin,ADVERTISEMENT SCROLL TO CONTINUE WITH CONTENT
Golkar dan PKB Sepakat Intensifkan Komunikasi Jelang Pilpres,"Rabu, 09 Mei 2018 03:16 WIB",https://www.cnnindonesia.com/nasional/20180509030302-32-296761/golkar-dan-pkb-sepakat-intensifkan-komunikasi-jelang-pilpres,ADVERTISEMENT SCROLL TO CONTINUE WITH CONTENT
Sandi Sebut PAN Setuju Lengkapi Program Ekonomi Sekber,"Rabu, 09 Mei 2018 02:57 WIB",https://www.cnnindonesia.com/nasional/20180508205649-32-296722/sandi-sebut-pan-setuju-lengkapi-program-ekonomi-sekber,ADVERTISEMENT SCROLL TO CONTINUE WITH CONTENT
"Cak Imin Sambangi Airlangga, Bahas Kelanjutan Dukung Jokowi","Selasa, 08 Mei 2018 22:27 WIB",https://www.cnnindonesia.com/nasional/20180508221527-32-296740/cak-imin-sambangi-airlangga-bahas-kelanjutan-dukung-jokowi,ADVERTISEMENT SCROLL TO CONTINUE WITH CONTENT
"Usai Pertemuan SBY-Gatot, Demokrat Belum Tentukan Dukungan","Selasa, 08 Mei 2018 22:07 WIB",https://www.cnnindonesia.com/nasional/20180508213009-32-296732/usai-pertemuan-sby-gatot-demokrat-belum-tentukan-dukungan,ADVERTISEMENT SCROLL TO CONTINUE WITH CONTENT
"PAN Ajak PKS Usung Gatot, Gerindra Anggap Cuma Wacana","Selasa, 08 Mei 2018 20:55 WIB",https://www.cnnindonesia.com/nasional/20180508204847-32-296720/pan-ajak-pks-usung-gatot-gerindra-anggap-cuma-wacana,ADVERTISEMENT SCROLL TO CONTINUE WITH CONTENT
Muhammadiyah Diminta Tak Ikut Gerakan Politik Perang Tagar,"Selasa, 08 Mei 2018 20:40 WIB",https://www.cnnindonesia.com/nasional/20180508202706-32-296714/muhammadiyah-diminta-tak-ikut-gerakan-politik-perang-tagar,ADVERTISEMENT SCROLL TO CONTINUE WITH CONTENT
PAN Klaim Hanya Berkomunikasi dengan Sekber Gerindra-PKS,"Selasa, 08 Mei 2018 20:01 WIB",https://www.cnnindonesia.com/nasional/20180508195011-32-296704/pan-klaim-hanya-berkomunikasi-dengan-sekber-gerindra-pks,ADVERTISEMENT SCROLL TO CONTINUE WITH CONTENT
"Cuma Makan Malam, Prabowo Tepis Bicara Cawapres dengan Sandi","Selasa, 08 Mei 2018 19:55 WIB",https://www.cnnindonesia.com/nasional/20180508193034-32-296689/cuma-makan-malam-prabowo-tepis-bicara-cawapres-dengan-sandi,ADVERTISEMENT SCROLL TO CONTINUE WITH CONTENT
Rekayasa Metodologi di Balik Anomali Survei Pilpres 2019,"Selasa, 08 Mei 2018 18:25 WIB",https://www.cnnindonesia.com/nasional/20180508124738-32-296559/rekayasa-metodologi-di-balik-anomali-survei-pilpres-2019,ADVERTISEMENT SCROLL TO CONTINUE WITH CONTENT
"Soal Cawapres, Hidayat Nur Wahid Minta Anies Setia Pimpin DKI","Selasa, 08 Mei 2018 18:21 WIB",https://www.cnnindonesia.com/nasional/20180508172140-32-296643/soal-cawapres-hidayat-nur-wahid-minta-anies-setia-pimpin-dki,ADVERTISEMENT SCROLL TO CONTINUE WITH CONTENT
Rudiantara Persilahkan Masyarakat Tuntut Facebook,"Selasa, 08 Mei 2018 17:45 WIB",https://www.cnnindonesia.com/teknologi/20180508163549-185-296627/rudiantara-persilahkan-masyarakat-tuntut-facebook,ADVERTISEMENT SCROLL TO CONTINUE WITH CONTENT
PAN Ajak PKS Usung Gatot Nurmantyo di Pilpres 2019,"Selasa, 08 Mei 2018 17:22 WIB",https://www.cnnindonesia.com/nasional/20180508170726-32-296638/pan-ajak-pks-usung-gatot-nurmantyo-di-pilpres-2019,ADVERTISEMENT SCROLL TO CONTINUE WITH CONTENT
PKS Kritik Pertemuan Sekjen Parpol di Kantor Setkab,"Selasa, 08 Mei 2018 16:34 WIB",https://www.cnnindonesia.com/nasional/20180508161809-32-296617/pks-kritik-pertemuan-sekjen-parpol-di-kantor-setkab,ADVERTISEMENT SCROLL TO CONTINUE WITH CONTENT
Fahri Hamzah Ramal Jokowi Gagal Jadi Capres 2019,"Selasa, 08 Mei 2018 16:29 WIB",https://www.cnnindonesia.com/nasional/20180508141810-32-296614/fahri-hamzah-ramal-jokowi-gagal-jadi-capres-2019,ADVERTISEMENT SCROLL TO CONTINUE WITH CONTENT
JK Bantah Bahas Anies Dampingi Prabowo saat Bertemu Sandi,"Selasa, 08 Mei 2018 15:59 WIB",https://www.cnnindonesia.com/nasional/20180508155549-32-296611/jk-bantah-bahas-anies-dampingi-prabowo-saat-bertemu-sandi,ADVERTISEMENT SCROLL TO CONTINUE WITH CONTENT
"Temui Jokowi Usai Pensiun, Gatot Ucapkan Terima Kasih","Selasa, 08 Mei 2018 14:02 WIB",https://www.cnnindonesia.com/nasional/20180508134348-32-296560/temui-jokowi-usai-pensiun-gatot-ucapkan-terima-kasih,ADVERTISEMENT SCROLL TO CONTINUE WITH CONTENT
Gatot Yakin Dapat Tiket Capres Meski Tanpa Poros Ketiga,"Selasa, 08 Mei 2018 13:46 WIB",https://www.cnnindonesia.com/nasional/20180508131333-32-296556/gatot-yakin-dapat-tiket-capres-meski-tanpa-poros-ketiga,ADVERTISEMENT SCROLL TO CONTINUE WITH CONTENT
Sandiaga Klaim PAN Bakal Gabung Sekber Gerindra-PKS,"Selasa, 08 Mei 2018 13:33 WIB",https://www.cnnindonesia.com/nasional/20180508124932-32-296550/sandiaga-klaim-pan-bakal-gabung-sekber-gerindra-pks,ADVERTISEMENT SCROLL TO CONTINUE WITH CONTENT
"Bertemu Zulkifli Hasan, Gatot Klaim Tak Bahas Koalisi Pilpres","Selasa, 08 Mei 2018 12:57 WIB",https://www.cnnindonesia.com/nasional/20180508123047-32-296545/bertemu-zulkifli-hasan-gatot-klaim-tak-bahas-koalisi-pilpres,ADVERTISEMENT SCROLL TO CONTINUE WITH CONTENT
Zulkifli Hasan Sebut Gatot Nurmantyo Capres,"Selasa, 08 Mei 2018 12:00 WIB",https://www.cnnindonesia.com/nasional/20180508114412-32-296521/zulkifli-hasan-sebut-gatot-nurmantyo-capres,ADVERTISEMENT SCROLL TO CONTINUE WITH CONTENT
Penggugat Facebook Minta Kominfo Tegas Soal Pemblokiran,"Selasa, 08 Mei 2018 09:04 WIB",https://www.cnnindonesia.com/teknologi/20180507170739-185-296344/penggugat-facebook-minta-kominfo-tegas-soal-pemblokiran,ADVERTISEMENT SCROLL TO CONTINUE WITH CONTENT
Gatot Nurmantyo Bertemu Zulkifli Hasan Hari Ini,"Selasa, 08 Mei 2018 08:35 WIB",https://www.cnnindonesia.com/nasional/20180508082708-32-296471/gatot-nurmantyo-bertemu-zulkifli-hasan-hari-ini,ADVERTISEMENT SCROLL TO CONTINUE WITH CONTENT
"Relawan Pilpres, Antara Perjuangan dan Uang","Selasa, 08 Mei 2018 06:34 WIB",https://www.cnnindonesia.com/nasional/20180507214158-32-296417/relawan-pilpres-antara-perjuangan-dan-uang,ADVERTISEMENT SCROLL TO CONTINUE WITH CONTENT
OSO: Rakernas Hanura Hari Ini Deklarasikan Cawapres Jokowi,"Selasa, 08 Mei 2018 06:10 WIB",https://www.cnnindonesia.com/nasional/20180508060124-32-296438/oso-rakernas-hanura-hari-ini-deklarasikan-cawapres-jokowi,ADVERTISEMENT SCROLL TO CONTINUE WITH CONTENT
Gedung Putih: Trump Beri Selamat kepada Putin,"Selasa, 08 Mei 2018 04:43 WIB",https://www.cnnindonesia.com/internasional/20180508042926-134-296434/gedung-putih-trump-beri-selamat-kepada-putin,ADVERTISEMENT SCROLL TO CONTINUE WITH CONTENT
Sandiaga Laporkan Keinginan PKS ke Prabowo,"Senin, 07 Mei 2018 23:56 WIB",https://www.cnnindonesia.com/nasional/20180507235614-32-296423/sandiaga-laporkan-keinginan-pks-ke-prabowo,ADVERTISEMENT SCROLL TO CONTINUE WITH CONTENT
Sri Mulyani dan Ekonom Prediksi Konsumsi Kuartal II Melambung,"Senin, 07 Mei 2018 21:05 WIB",https://www.cnnindonesia.com/ekonomi/20180507173606-532-296360/sri-mulyani-dan-ekonom-prediksi-konsumsi-kuartal-ii-melambung,ADVERTISEMENT SCROLL TO CONTINUE WITH CONTENT
"Temui Prabowo, Sandi Sampaikan Hasil Diskusi dengan JK","Senin, 07 Mei 2018 20:35 WIB",https://www.cnnindonesia.com/nasional/20180507202422-20-296405/temui-prabowo-sandi-sampaikan-hasil-diskusi-dengan-jk,ADVERTISEMENT SCROLL TO CONTINUE WITH CONTENT
Seskab soal Cawapres: Yang Tahu Jokowi dan Gusti Allah,"Senin, 07 Mei 2018 20:00 WIB",https://www.cnnindonesia.com/nasional/20180507194733-32-296398/seskab-soal-cawapres-yang-tahu-jokowi-dan-gusti-allah,ADVERTISEMENT SCROLL TO CONTINUE WITH CONTENT
"Bukan Jokowi, ACTA Sebut Lawan Prabowo Adalah Aparat","Senin, 07 Mei 2018 19:27 WIB",https://www.cnnindonesia.com/nasional/20180507190722-32-296386/bukan-jokowi-acta-sebut-lawan-prabowo-adalah-aparat,ADVERTISEMENT SCROLL TO CONTINUE WITH CONTENT
Abraham Samad Deklarasi Calon Presiden,"Senin, 07 Mei 2018 19:16 WIB",https://www.cnnindonesia.com/nasional/20180507185610-32-296381/abraham-samad-deklarasi-calon-presiden,ADVERTISEMENT SCROLL TO CONTINUE WITH CONTENT
"Berkelakar, Sandi Bolehkan Kaus #2019PrabowoPresiden di CFD","Senin, 07 Mei 2018 18:21 WIB",https://www.cnnindonesia.com/nasional/20180507180531-32-296368/berkelakar-sandi-bolehkan-kaus-2019prabowopresiden-di-cfd,ADVERTISEMENT SCROLL TO CONTINUE WITH CONTENT
Fadli Zon Kritik Kantor Setkab untuk Pertemuan Sekjen Parpol,"Senin, 07 Mei 2018 17:58 WIB",https://www.cnnindonesia.com/nasional/20180507173542-32-296359/fadli-zon-kritik-kantor-setkab-untuk-pertemuan-sekjen-parpol,ADVERTISEMENT SCROLL TO CONTINUE WITH CONTENT
HTI Alirkan Dukungan ke PBB di PIlpres 2019,"Senin, 07 Mei 2018 17:44 WIB",https://www.cnnindonesia.com/nasional/20180507172619-32-296357/hti-alirkan-dukungan-ke-pbb-di-pilpres-2019,ADVERTISEMENT SCROLL TO CONTINUE WITH CONTENT
PAN Kalem Tak Diundang Pertemuan Koalisi Jokowi dengan Setkab,"Senin, 07 Mei 2018 17:18 WIB",https://www.cnnindonesia.com/nasional/20180507170513-32-296347/pan-kalem-tak-diundang-pertemuan-koalisi-jokowi-dengan-setkab,ADVERTISEMENT SCROLL TO CONTINUE WITH CONTENT
Setkab Kumpulkan Sekjen Parpol Pendukung Pemerintah,"Senin, 07 Mei 2018 14:45 WIB",https://www.cnnindonesia.com/nasional/20180507142633-32-296277/setkab-kumpulkan-sekjen-parpol-pendukung-pemerintah,ADVERTISEMENT SCROLL TO CONTINUE WITH CONTENT
Sandi Tunggu Laporan Dishub soal Deklarasi #2019GantiPresiden,"Senin, 07 Mei 2018 14:15 WIB",https://www.cnnindonesia.com/nasional/20180507125523-20-296262/sandi-tunggu-laporan-dishub-soal-deklarasi-2019gantipresiden,ADVERTISEMENT SCROLL TO CONTINUE WITH CONTENT
"Rizieq, Antara Petuah dan Komoditas Panas di Tahun Politik","Senin, 07 Mei 2018 08:28 WIB",https://www.cnnindonesia.com/nasional/20180506194929-32-296109/rizieq-antara-petuah-dan-komoditas-panas-di-tahun-politik,ADVERTISEMENT SCROLL TO CONTINUE WITH CONTENT
DPP Gerindra Datangi Semarang Ingin Kasus Brimob Diusut,"Senin, 07 Mei 2018 01:18 WIB",https://www.cnnindonesia.com/nasional/20180507005054-32-296127/dpp-gerindra-datangi-semarang-ingin-kasus-brimob-diusut,ADVERTISEMENT SCROLL TO CONTINUE WITH CONTENT
Kanye West Bakal Diundang Donald Trump ke Gedung Putih,Tanggal tidak ditemukan,https://www.cnnindonesia.com/hiburan/20180506160605-234-296086/kanye-west-bakal-diundang-donald-trump-ke-gedung-putih,ADVERTISEMENT SCROLL TO CONTINUE WITH CONTENT
Gerindra: Sandiaga Minta Pendapat JK soal Duet Prabowo-Anies,"Minggu, 06 Mei 2018 20:08 WIB",https://www.cnnindonesia.com/nasional/20180506194834-32-296110/gerindra-sandiaga-minta-pendapat-jk-soal-duet-prabowo-anies,ADVERTISEMENT SCROLL TO CONTINUE WITH CONTENT
Manuver PKS dan Tenggat Prabowo Tentukan Cawapres,"Minggu, 06 Mei 2018 19:00 WIB",https://www.cnnindonesia.com/nasional/20180505124308-32-295913/manuver-pks-dan-tenggat-prabowo-tentukan-cawapres,ADVERTISEMENT SCROLL TO CONTINUE WITH CONTENT
"Pimpin Relawan Jokowi, Elite Demokrat Lepas Jabatan Partai","Minggu, 06 Mei 2018 16:56 WIB",https://www.cnnindonesia.com/nasional/20180506162325-32-296090/pimpin-relawan-jokowi-elite-demokrat-lepas-jabatan-partai,ADVERTISEMENT SCROLL TO CONTINUE WITH CONTENT
Menteri Susi Jadi Cawapres Prabowo Paling Populer di Gerindra,"Minggu, 06 Mei 2018 16:28 WIB",https://www.cnnindonesia.com/nasional/20180506160459-32-296087/menteri-susi-jadi-cawapres-prabowo-paling-populer-di-gerindra,ADVERTISEMENT SCROLL TO CONTINUE WITH CONTENT
Modal Deklarasi #2019GantiPresiden Rp40 Juta Hasil Urunan,"Minggu, 06 Mei 2018 16:02 WIB",https://www.cnnindonesia.com/nasional/20180506153912-32-296083/modal-deklarasi-2019gantipresiden-rp40-juta-hasil-urunan,ADVERTISEMENT SCROLL TO CONTINUE WITH CONTENT
Survei INES: Prabowo Kalahkan Jokowi Jika Pilpres Hari ini,"Minggu, 06 Mei 2018 15:50 WIB",https://www.cnnindonesia.com/nasional/20180506151229-32-296080/survei-ines-prabowo-kalahkan-jokowi-jika-pilpres-hari-ini,ADVERTISEMENT SCROLL TO CONTINUE WITH CONTENT
Gerakan #2019GantiPresiden Masih Mungkin Dukung Jokowi,"Minggu, 06 Mei 2018 15:17 WIB",https://www.cnnindonesia.com/nasional/20180506140425-32-296061/gerakan-2019gantipresiden-masih-mungkin-dukung-jokowi,ADVERTISEMENT SCROLL TO CONTINUE WITH CONTENT
Gerindra Luruskan Isu Brimob Razia Kaus #2019GantiPresiden,"Minggu, 06 Mei 2018 15:07 WIB",https://www.cnnindonesia.com/nasional/20180506141648-20-296072/gerindra-luruskan-isu-brimob-razia-kaus-2019gantipresiden,ADVERTISEMENT SCROLL TO CONTINUE WITH CONTENT
Sandi Beri Massa #2019GantiPresiden di CFD Kaus Gratis,"Minggu, 06 Mei 2018 13:11 WIB",https://www.cnnindonesia.com/nasional/20180506125923-20-296057/sandi-beri-massa-2019gantipresiden-di-cfd-kaus-gratis,ADVERTISEMENT SCROLL TO CONTINUE WITH CONTENT
Ratusan Relawan Bertagar #2019GantiPresiden Padati Monas,"Minggu, 06 Mei 2018 09:43 WIB",https://www.cnnindonesia.com/nasional/20180506093453-20-296042/ratusan-relawan-bertagar-2019gantipresiden-padati-monas,ADVERTISEMENT SCROLL TO CONTINUE WITH CONTENT
'Perang' Tagar Dinilai Efektif Gairahkan Partisipasi Politik,"Minggu, 06 Mei 2018 06:28 WIB",https://www.cnnindonesia.com/nasional/20180505180446-32-295973/perang-tagar-dinilai-efektif-gairahkan-partisipasi-politik,ADVERTISEMENT SCROLL TO CONTINUE WITH CONTENT
Gerindra Soal Patroli Kaus: Polisi Jangan Jadi Alat Penguasa,"Minggu, 06 Mei 2018 04:46 WIB",https://www.cnnindonesia.com/nasional/20180505203220-32-295991/gerindra-soal-patroli-kaus-polisi-jangan-jadi-alat-penguasa,ADVERTISEMENT SCROLL TO CONTINUE WITH CONTENT
"Tanggapi Dugaan Intimidasi di CFD, PDIP Singgung Obor Rakyat","Sabtu, 05 Mei 2018 20:39 WIB",https://www.cnnindonesia.com/nasional/20180504212654-32-295856/tanggapi-dugaan-intimidasi-di-cfd-pdip-singgung-obor-rakyat,ADVERTISEMENT SCROLL TO CONTINUE WITH CONTENT
"Brimob Patroli Tanya Kaus, Fadli Zon Sebut Penguasa Panik","Sabtu, 05 Mei 2018 19:51 WIB",https://www.cnnindonesia.com/nasional/20180505191431-32-295982/brimob-patroli-tanya-kaus-fadli-zon-sebut-penguasa-panik,ADVERTISEMENT SCROLL TO CONTINUE WITH CONTENT
Utang Pemerintah Tak Hambat Elektabilitas Jokowi,"Sabtu, 05 Mei 2018 16:38 WIB",https://www.cnnindonesia.com/nasional/20180505134630-32-295927/utang-pemerintah-tak-hambat-elektabilitas-jokowi,ADVERTISEMENT SCROLL TO CONTINUE WITH CONTENT
Relawan #2019GantiPresiden Diminta Tak Bawa Atribut Partai,"Sabtu, 05 Mei 2018 15:50 WIB",https://www.cnnindonesia.com/nasional/20180505151106-32-295938/relawan-2019gantipresiden-diminta-tak-bawa-atribut-partai,ADVERTISEMENT SCROLL TO CONTINUE WITH CONTENT
Sandi 'Goda' Susi Cocok Jadi Cawapres Prabowo,"Sabtu, 05 Mei 2018 10:24 WIB",https://www.cnnindonesia.com/nasional/20180505101134-32-295897/sandi-goda-susi-cocok-jadi-cawapres-prabowo,ADVERTISEMENT SCROLL TO CONTINUE WITH CONTENT
Yusril Sebut Kondisi Capres Tunggal Akan Bahayakan Negara,"Sabtu, 05 Mei 2018 07:40 WIB",https://www.cnnindonesia.com/nasional/20180505041919-32-295879/yusril-sebut-kondisi-capres-tunggal-akan-bahayakan-negara,ADVERTISEMENT SCROLL TO CONTINUE WITH CONTENT
PBB Tak Akan Dukung Jokowi,"Sabtu, 05 Mei 2018 07:10 WIB",https://www.cnnindonesia.com/nasional/20180505022704-32-295876/pbb-tak-akan-dukung-jokowi,ADVERTISEMENT SCROLL TO CONTINUE WITH CONTENT
Yusril Pesimistis MK Kabulkan Uji Materi Masa Jabatan Wapres,"Sabtu, 05 Mei 2018 06:15 WIB",https://www.cnnindonesia.com/nasional/20180505005918-12-295870/yusril-pesimistis-mk-kabulkan-uji-materi-masa-jabatan-wapres,ADVERTISEMENT SCROLL TO CONTINUE WITH CONTENT
PDIP Kumpulkan Sekjen Partai Pendukung Jokowi 7 Mei,"Sabtu, 05 Mei 2018 01:38 WIB",https://www.cnnindonesia.com/nasional/20180504142917-32-295715/pdip-kumpulkan-sekjen-partai-pendukung-jokowi-7-mei,ADVERTISEMENT SCROLL TO CONTINUE WITH CONTENT
PKS Minta PAN Legawa Jika Tak Dapat Posisi Cawapres Prabowo,"Jumat, 04 Mei 2018 23:53 WIB",https://www.cnnindonesia.com/nasional/20180504150458-32-295734/pks-minta-pan-legawa-jika-tak-dapat-posisi-cawapres-prabowo,ADVERTISEMENT SCROLL TO CONTINUE WITH CONTENT
PKS: Secara Teori Poros Ketiga Mungkin Terbentuk,"Jumat, 04 Mei 2018 21:20 WIB",https://www.cnnindonesia.com/nasional/20180504201151-32-295841/pks-secara-teori-poros-ketiga-mungkin-terbentuk,ADVERTISEMENT SCROLL TO CONTINUE WITH CONTENT
PSI Bantah Curi Start Kampanye di Iklan Polling Cawapres,"Jumat, 04 Mei 2018 19:38 WIB",https://www.cnnindonesia.com/nasional/20180504185516-32-295822/psi-bantah-curi-start-kampanye-di-iklan-polling-cawapres,ADVERTISEMENT SCROLL TO CONTINUE WITH CONTENT
"Bantah Ultimatum Prabowo, PKS Hanya Tunjukkan Sikap Politik","Jumat, 04 Mei 2018 18:15 WIB",https://www.cnnindonesia.com/nasional/20180504163403-32-295764/bantah-ultimatum-prabowo-pks-hanya-tunjukkan-sikap-politik,ADVERTISEMENT SCROLL TO CONTINUE WITH CONTENT
Prabowo soal Survei Capres: Tergantung Siapa yang Bayar,"Jumat, 04 Mei 2018 16:58 WIB",https://www.cnnindonesia.com/nasional/20180504142638-32-295731/prabowo-soal-survei-capres-tergantung-siapa-yang-bayar,ADVERTISEMENT SCROLL TO CONTINUE WITH CONTENT
Prabowo dan Rachmawati Ziarah ke Makam Bung Karno,"Jumat, 04 Mei 2018 14:33 WIB",https://www.cnnindonesia.com/nasional/20180504140140-32-295711/prabowo-dan-rachmawati-ziarah-ke-makam-bung-karno,ADVERTISEMENT SCROLL TO CONTINUE WITH CONTENT
"Soal #2019GantiPresiden, PDIP Enggan Urusi Rumah Tangga Orang","Jumat, 04 Mei 2018 14:05 WIB",https://www.cnnindonesia.com/nasional/20180504134349-32-295704/soal-2019gantipresiden-pdip-enggan-urusi-rumah-tangga-orang,ADVERTISEMENT SCROLL TO CONTINUE WITH CONTENT
Panitia Kukuh Tetap Deklarasi #2019GantiPresiden di Thamrin,"Jumat, 04 Mei 2018 13:07 WIB",https://www.cnnindonesia.com/nasional/20180504114253-20-295674/panitia-kukuh-tetap-deklarasi-2019gantipresiden-di-thamrin,ADVERTISEMENT SCROLL TO CONTINUE WITH CONTENT
Presiden PKS Sebut KSPI Tak Bisa Dilepaskan dari Politik,"Jumat, 04 Mei 2018 11:57 WIB",https://www.cnnindonesia.com/nasional/20180502143129-32-295135/presiden-pks-sebut-kspi-tak-bisa-dilepaskan-dari-politik,ADVERTISEMENT SCROLL TO CONTINUE WITH CONTENT
"Cegah Politik di 'Car Free Day', Sandi Janji Tegakkan Aturan","Jumat, 04 Mei 2018 10:52 WIB",https://www.cnnindonesia.com/nasional/20180504102259-20-295635/cegah-politik-di-car-free-day-sandi-janji-tegakkan-aturan,ADVERTISEMENT SCROLL TO CONTINUE WITH CONTENT
JK Cawapres Dinilai Belum Tentu Dongkrak Elektabilitas Golkar,"Jumat, 04 Mei 2018 07:51 WIB",https://www.cnnindonesia.com/nasional/20180502173750-32-295177/jk-cawapres-dinilai-belum-tentu-dongkrak-elektabilitas-golkar,ADVERTISEMENT SCROLL TO CONTINUE WITH CONTENT
"Indikator Politik: 71,3 Persen Responden Puas Kinerja Jokowi","Jumat, 04 Mei 2018 06:47 WIB",https://www.cnnindonesia.com/nasional/20180504062515-32-295579/indikator-politik-713-persen-responden-puas-kinerja-jokowi,ADVERTISEMENT SCROLL TO CONTINUE WITH CONTENT
Survei Indikator Unggulkan AHY dan Anies Jadi Cawapres,"Jumat, 04 Mei 2018 04:50 WIB",https://www.cnnindonesia.com/nasional/20180503220130-32-295562/survei-indikator-unggulkan-ahy-dan-anies-jadi-cawapres,ADVERTISEMENT SCROLL TO CONTINUE WITH CONTENT
"Megawati Bertemu Airlangga, Disebut Bakal Bahas Cawapres","Jumat, 04 Mei 2018 04:20 WIB",https://www.cnnindonesia.com/nasional/20180503235956-32-295569/megawati-bertemu-airlangga-disebut-bakal-bahas-cawapres,ADVERTISEMENT SCROLL TO CONTINUE WITH CONTENT
"Belum Bahas Capres-Cawapres, PBB Fokus Pileg","Jumat, 04 Mei 2018 03:30 WIB",https://www.cnnindonesia.com/nasional/20180503180124-32-295501/belum-bahas-capres-cawapres-pbb-fokus-pileg,ADVERTISEMENT SCROLL TO CONTINUE WITH CONTENT
Puan: Insyaallah 2019 PDIP Jadi Partai Pemenang Pemilu,"Jumat, 04 Mei 2018 03:10 WIB",https://www.cnnindonesia.com/nasional/20180503194405-32-295537/puan-insyaallah-2019-pdip-jadi-partai-pemenang-pemilu,ADVERTISEMENT SCROLL TO CONTINUE WITH CONTENT
AJI: Dosa Besar Gunakan Media untuk Kepentingan Politik,"Jumat, 04 Mei 2018 01:10 WIB",https://www.cnnindonesia.com/nasional/20180503155627-32-295462/aji-dosa-besar-gunakan-media-untuk-kepentingan-politik,ADVERTISEMENT SCROLL TO CONTINUE WITH CONTENT
Gerindra Tak Persoalkan PKS Bertemu SBY Bahas Poros Ketiga,"Kamis, 03 Mei 2018 23:52 WIB",https://www.cnnindonesia.com/nasional/20180503215120-32-295557/gerindra-tak-persoalkan-pks-bertemu-sby-bahas-poros-ketiga,ADVERTISEMENT SCROLL TO CONTINUE WITH CONTENT
"JK Cawapres, Aman dari Batas Usia, Tergantung Putusan MK","Kamis, 03 Mei 2018 22:50 WIB",https://www.cnnindonesia.com/nasional/20180503160337-32-295463/jk-cawapres-aman-dari-batas-usia-tergantung-putusan-mk,ADVERTISEMENT SCROLL TO CONTINUE WITH CONTENT
Sandiaga Goda Titiek Soeharto soal Jadi Ibu Negara,"Kamis, 03 Mei 2018 20:34 WIB",https://www.cnnindonesia.com/nasional/20180503175417-20-295519/sandiaga-goda-titiek-soeharto-soal-jadi-ibu-negara,ADVERTISEMENT SCROLL TO CONTINUE WITH CONTENT
Ratusan Relawan #2019GantiPresiden Deklarasi di CFD Pekan Ini,"Kamis, 03 Mei 2018 18:46 WIB",https://www.cnnindonesia.com/nasional/20180503182210-32-295517/ratusan-relawan-2019gantipresiden-deklarasi-di-cfd-pekan-ini,ADVERTISEMENT SCROLL TO CONTINUE WITH CONTENT
Mustofa Nahra Ungkap Konspirasi Gelang Massa #DiaSibukKerja,"Kamis, 03 Mei 2018 11:08 WIB",https://www.cnnindonesia.com/nasional/20180503092541-20-295329/mustofa-nahra-ungkap-konspirasi-gelang-massa-diasibukkerja,ADVERTISEMENT SCROLL TO CONTINUE WITH CONTENT
"Larang TNI Berpolitik, Ryamirzad Minta Tak Asal Pilih Capres","Kamis, 03 Mei 2018 10:59 WIB",https://www.cnnindonesia.com/nasional/20180503105313-32-295327/larang-tni-berpolitik-ryamirzad-minta-tak-asal-pilih-capres,ADVERTISEMENT SCROLL TO CONTINUE WITH CONTENT
Bimbang Prabowo Diburu Waktu Pilih Cawapres dari 9 Kader PKS,"Kamis, 03 Mei 2018 10:21 WIB",https://www.cnnindonesia.com/nasional/20180503094245-32-295319/bimbang-prabowo-diburu-waktu-pilih-cawapres-dari-9-kader-pks,ADVERTISEMENT SCROLL TO CONTINUE WITH CONTENT
Nama Cawapres Diyakini Bakal Pengaruhi Elektabilitas Jokowi,"Kamis, 03 Mei 2018 05:35 WIB",https://www.cnnindonesia.com/nasional/20180502230614-32-295264/nama-cawapres-diyakini-bakal-pengaruhi-elektabilitas-jokowi,ADVERTISEMENT SCROLL TO CONTINUE WITH CONTENT
Sandiaga Berterima Kasih ke JK Sudah Dijodohkan dengan Anies,"Rabu, 02 Mei 2018 21:41 WIB",https://www.cnnindonesia.com/nasional/20180502212603-32-295251/sandiaga-berterima-kasih-ke-jk-sudah-dijodohkan-dengan-anies,ADVERTISEMENT SCROLL TO CONTINUE WITH CONTENT
OSO Sindir Jatah Menteri dan Kontrak Politik KSPI-Prabowo,"Rabu, 02 Mei 2018 20:24 WIB",https://www.cnnindonesia.com/nasional/20180502192003-32-295224/oso-sindir-jatah-menteri-dan-kontrak-politik-kspi-prabowo,ADVERTISEMENT SCROLL TO CONTINUE WITH CONTENT
Agung Laksono Berharap MK Tolak Gugatan Masa Jabatan JK,"Rabu, 02 Mei 2018 20:02 WIB",https://www.cnnindonesia.com/nasional/20180502193614-32-295233/agung-laksono-berharap-mk-tolak-gugatan-masa-jabatan-jk,ADVERTISEMENT SCROLL TO CONTINUE WITH CONTENT
PKS Akan Serius Membicarakan Poros Ketiga dengan SBY,"Rabu, 02 Mei 2018 18:57 WIB",https://www.cnnindonesia.com/nasional/20180502162239-32-295168/pks-akan-serius-membicarakan-poros-ketiga-dengan-sby,ADVERTISEMENT SCROLL TO CONTINUE WITH CONTENT
"Gelar Rakornas Bahas Capres 2019, PA 212 Undang Gerindra-PKS","Rabu, 02 Mei 2018 18:19 WIB",https://www.cnnindonesia.com/nasional/20180502175702-32-295185/gelar-rakornas-bahas-capres-2019-pa-212-undang-gerindra-pks,ADVERTISEMENT SCROLL TO CONTINUE WITH CONTENT
Golkar: Dukungan KSPI ke Prabowo Bukan Aspirasi Tunggal Buruh,"Rabu, 02 Mei 2018 17:21 WIB",https://www.cnnindonesia.com/nasional/20180502142236-32-295122/golkar-dukungan-kspi-ke-prabowo-bukan-aspirasi-tunggal-buruh,ADVERTISEMENT SCROLL TO CONTINUE WITH CONTENT
"KSPI Dukung Prabowo, Zulhas Sebut Buruh Gerakan Politik","Rabu, 02 Mei 2018 16:59 WIB",https://www.cnnindonesia.com/nasional/20180502135230-32-295109/kspi-dukung-prabowo-zulhas-sebut-buruh-gerakan-politik,ADVERTISEMENT SCROLL TO CONTINUE WITH CONTENT
Bawaslu Anggap Prabowo Tak Curi Start Kampanye saat May Day,"Rabu, 02 Mei 2018 15:26 WIB",https://www.cnnindonesia.com/nasional/20180502150058-32-295146/bawaslu-anggap-prabowo-tak-curi-start-kampanye-saat-may-day,ADVERTISEMENT SCROLL TO CONTINUE WITH CONTENT
Rawan Intimidasi Jelang Pilpres 2019,"Rabu, 02 Mei 2018 11:00 WIB",https://www.cnnindonesia.com/nasional/20180502095446-32-295022/rawan-intimidasi-jelang-pilpres-2019,ADVERTISEMENT SCROLL TO CONTINUE WITH CONTENT
Jaksa Buka Kemungkinan Rilis Perintah Pemanggilan Trump,"Rabu, 02 Mei 2018 09:50 WIB",https://www.cnnindonesia.com/internasional/20180502093622-134-295019/jaksa-buka-kemungkinan-rilis-perintah-pemanggilan-trump,ADVERTISEMENT SCROLL TO CONTINUE WITH CONTENT
Palagan Akhir Prabowo dan Pertaruhan Janji di Hadapan Buruh,"Rabu, 02 Mei 2018 09:43 WIB",https://www.cnnindonesia.com/nasional/20180502090243-32-295011/palagan-akhir-prabowo-dan-pertaruhan-janji-di-hadapan-buruh,ADVERTISEMENT SCROLL TO CONTINUE WITH CONTENT
"Soal TKA, Prabowo Singgung Tembok Perbatasan Donald Trump","Rabu, 02 Mei 2018 07:28 WIB",https://www.cnnindonesia.com/nasional/20180502064949-32-294994/soal-tka-prabowo-singgung-tembok-perbatasan-donald-trump,ADVERTISEMENT SCROLL TO CONTINUE WITH CONTENT
Pengawasan Lemah Jadi Celah Kegiatan Politik di CFD,"Rabu, 02 Mei 2018 06:37 WIB",https://www.cnnindonesia.com/nasional/20180501145904-20-294909/pengawasan-lemah-jadi-celah-kegiatan-politik-di-cfd,ADVERTISEMENT SCROLL TO CONTINUE WITH CONTENT
"Beda dengan KSPI, KSPSI Tetap Dukung Jokowi","Selasa, 01 Mei 2018 20:52 WIB",https://www.cnnindonesia.com/nasional/20180501204711-32-294961/beda-dengan-kspi-kspsi-tetap-dukung-jokowi,ADVERTISEMENT SCROLL TO CONTINUE WITH CONTENT
"Cerita Prabowo Kembali Jadi Capres, Padahal Ingin Pensiun","Selasa, 01 Mei 2018 20:10 WIB",https://www.cnnindonesia.com/nasional/20180501185424-32-294954/cerita-prabowo-kembali-jadi-capres-padahal-ingin-pensiun,ADVERTISEMENT SCROLL TO CONTINUE WITH CONTENT
Prabowo Akan Hentikan Sistem Outsourcing Bila Jadi Presiden,"Selasa, 01 Mei 2018 16:18 WIB",https://www.cnnindonesia.com/nasional/20180501161249-32-294925/prabowo-akan-hentikan-sistem-outsourcing-bila-jadi-presiden,ADVERTISEMENT SCROLL TO CONTINUE WITH CONTENT
"Tanda Tangani Kontrak Politik, Prabowo Resmi Didukung KSPI","Selasa, 01 Mei 2018 16:09 WIB",https://www.cnnindonesia.com/nasional/20180501155755-32-294922/tanda-tangani-kontrak-politik-prabowo-resmi-didukung-kspi,ADVERTISEMENT SCROLL TO CONTINUE WITH CONTENT
"Mengaku Sempat Merinding, Prabowo Ikut Joget dengan Buruh","Selasa, 01 Mei 2018 15:41 WIB",https://www.cnnindonesia.com/nasional/20180501153257-32-294920/mengaku-sempat-merinding-prabowo-ikut-joget-dengan-buruh,ADVERTISEMENT SCROLL TO CONTINUE WITH CONTENT
"Datang ke Istora, Prabowo Disambut Pekik Ribuan Buruh","Selasa, 01 Mei 2018 15:24 WIB",https://www.cnnindonesia.com/nasional/20180501150802-20-294914/datang-ke-istora-prabowo-disambut-pekik-ribuan-buruh,ADVERTISEMENT SCROLL TO CONTINUE WITH CONTENT
Said Iqbal Sebut Upah Buruh Indonesia Tertinggal dari Vietnam,"Selasa, 01 Mei 2018 13:26 WIB",https://www.cnnindonesia.com/nasional/20180501130216-20-294881/said-iqbal-sebut-upah-buruh-indonesia-tertinggal-dari-vietnam,ADVERTISEMENT SCROLL TO CONTINUE WITH CONTENT
"Beda dari KSPI, Buruh Transportasi Ingin Jokowi Dua Periode","Selasa, 01 Mei 2018 12:17 WIB",https://www.cnnindonesia.com/nasional/20180501121146-20-294874/beda-dari-kspi-buruh-transportasi-ingin-jokowi-dua-periode,ADVERTISEMENT SCROLL TO CONTINUE WITH CONTENT
'Syarat' Ikut Pilpres dari Sandi bagi Zulhas: Bisa Lari 19 Km,"Selasa, 01 Mei 2018 11:58 WIB",https://www.cnnindonesia.com/nasional/20180501113031-32-294862/syarat-ikut-pilpres-dari-sandi-bagi-zulhas-bisa-lari-19-km,ADVERTISEMENT SCROLL TO CONTINUE WITH CONTENT
"Dukung Prabowo, KSPI Minta Said Iqbal Jadi Menaker","Selasa, 01 Mei 2018 11:12 WIB",https://www.cnnindonesia.com/nasional/20180501110239-32-294856/dukung-prabowo-kspi-minta-said-iqbal-jadi-menaker,ADVERTISEMENT SCROLL TO CONTINUE WITH CONTENT
Momok Perpres Tenaga Kerja Asing Akibat Pengawasan Loyo,"Selasa, 01 Mei 2018 10:08 WIB",https://www.cnnindonesia.com/ekonomi/20180501074618-92-294822/momok-perpres-tenaga-kerja-asing-akibat-pengawasan-loyo,ADVERTISEMENT SCROLL TO CONTINUE WITH CONTENT
Gerindra Tantang Jokowi Minta KPK Buka Rekaman Rini-Dirut PLN,"Selasa, 01 Mei 2018 04:30 WIB",https://www.cnnindonesia.com/nasional/20180430171346-32-294732/gerindra-tantang-jokowi-minta-kpk-buka-rekaman-rini-dirut-pln,ADVERTISEMENT SCROLL TO CONTINUE WITH CONTENT
Oesman Sebut Intimidasi di CFD Adalah Kebodohan,"Selasa, 01 Mei 2018 02:38 WIB",https://www.cnnindonesia.com/nasional/20180430181927-32-294750/oesman-sebut-intimidasi-di-cfd-adalah-kebodohan,ADVERTISEMENT SCROLL TO CONTINUE WITH CONTENT
"Sepakati PKS, Gerindra Sebut Sekretariat Bersama Belum Resmi","Selasa, 01 Mei 2018 02:18 WIB",https://www.cnnindonesia.com/nasional/20180501001055-32-294805/sepakati-pks-gerindra-sebut-sekretariat-bersama-belum-resmi,ADVERTISEMENT SCROLL TO CONTINUE WITH CONTENT
PPP Minta Menteri BUMN Ungkap Percakapan dengan Dirut PLN,"Selasa, 01 Mei 2018 01:15 WIB",https://www.cnnindonesia.com/nasional/20180430230713-32-294799/ppp-minta-menteri-bumn-ungkap-percakapan-dengan-dirut-pln,ADVERTISEMENT SCROLL TO CONTINUE WITH CONTENT
"Diduga Curi 'Start' Kampanye, Bawaslu Panggil PSI","Senin, 30 Apr 2018 22:30 WIB",https://www.cnnindonesia.com/nasional/20180430195239-32-294776/diduga-curi-start-kampanye-bawaslu-panggil-psi,ADVERTISEMENT SCROLL TO CONTINUE WITH CONTENT
Gerindra: Tindakan Massa #2019GantiPresiden Bukan Persekusi,"Senin, 30 Apr 2018 18:37 WIB",https://www.cnnindonesia.com/nasional/20180430144047-20-294690/gerindra-tindakan-massa-2019gantipresiden-bukan-persekusi,ADVERTISEMENT SCROLL TO CONTINUE WITH CONTENT
Perempuan Korban Dugaan Intimidasi di CFD Lapor Polisi,"Senin, 30 Apr 2018 18:12 WIB",https://www.cnnindonesia.com/nasional/20180430175516-12-294742/perempuan-korban-dugaan-intimidasi-di-cfd-lapor-polisi,ADVERTISEMENT SCROLL TO CONTINUE WITH CONTENT
PKS Sebut Pembentukan Sekber dengan Gerindra Belum Resmi,"Senin, 30 Apr 2018 17:16 WIB",https://www.cnnindonesia.com/nasional/20180430163956-32-294723/pks-sebut-pembentukan-sekber-dengan-gerindra-belum-resmi,ADVERTISEMENT SCROLL TO CONTINUE WITH CONTENT
"Ricuh di CFD, JK Ingatkan Jangan Kampanye Sebelum Waktunya","Senin, 30 Apr 2018 15:26 WIB",https://www.cnnindonesia.com/nasional/20180430143314-32-294693/ricuh-di-cfd-jk-ingatkan-jangan-kampanye-sebelum-waktunya,ADVERTISEMENT SCROLL TO CONTINUE WITH CONTENT
Fadli Zon soal PSI Lapor Polisi: Nanti Memercik Muka Sendiri,"Senin, 30 Apr 2018 14:06 WIB",https://www.cnnindonesia.com/nasional/20180430133433-32-294674/fadli-zon-soal-psi-lapor-polisi-nanti-memercik-muka-sendiri,ADVERTISEMENT SCROLL TO CONTINUE WITH CONTENT
Korban Massa #2019GantiPresiden Resmi Lapor Polisi,"Senin, 30 Apr 2018 13:25 WIB",https://www.cnnindonesia.com/nasional/20180430131156-12-294667/korban-massa-2019gantipresiden-resmi-lapor-polisi,ADVERTISEMENT SCROLL TO CONTINUE WITH CONTENT
Gerindra Sambut Dukungan KSPI untuk Prabowo,"Senin, 30 Apr 2018 12:57 WIB",https://www.cnnindonesia.com/nasional/20180430125050-32-294648/gerindra-sambut-dukungan-kspi-untuk-prabowo,ADVERTISEMENT SCROLL TO CONTINUE WITH CONTENT
"Soal Dugaan Intimidasi, Mendagri Minta Hargai Pilihan Politik","Senin, 30 Apr 2018 12:30 WIB",https://www.cnnindonesia.com/nasional/20180430114933-32-294628/soal-dugaan-intimidasi-mendagri-minta-hargai-pilihan-politik,ADVERTISEMENT SCROLL TO CONTINUE WITH CONTENT
"Deklarasi Capres Pro-Buruh, KSPI Kerahkan 150 Ribu Demonstran","Senin, 30 Apr 2018 11:58 WIB",https://www.cnnindonesia.com/nasional/20180430113758-32-294622/deklarasi-capres-pro-buruh-kspi-kerahkan-150-ribu-demonstran,ADVERTISEMENT SCROLL TO CONTINUE WITH CONTENT
Polri akan Proses Kasus Dugaan Intimidasi #2019GantiPresiden,"Senin, 30 Apr 2018 10:40 WIB",https://www.cnnindonesia.com/nasional/20180430102932-12-294604/polri-akan-proses-kasus-dugaan-intimidasi-2019gantipresiden,ADVERTISEMENT SCROLL TO CONTINUE WITH CONTENT
"Viral Video Intimidasi #2019GantiPresiden, Sandi Curiga Hoaks","Senin, 30 Apr 2018 10:03 WIB",https://www.cnnindonesia.com/nasional/20180430095525-20-294595/viral-video-intimidasi-2019gantipresiden-sandi-curiga-hoaks,ADVERTISEMENT SCROLL TO CONTINUE WITH CONTENT
Dugaan Intimidasi Massa #2019GantiPresiden Dicap Warisan Orba,"Senin, 30 Apr 2018 09:41 WIB",https://www.cnnindonesia.com/nasional/20180430092357-20-294591/dugaan-intimidasi-massa-2019gantipresiden-dicap-warisan-orba,ADVERTISEMENT SCROLL TO CONTINUE WITH CONTENT
Dugaan Intimidasi Massa #2019GantiPresiden Akan Dipolisikan,"Senin, 30 Apr 2018 07:34 WIB",https://www.cnnindonesia.com/nasional/20180430070055-12-294563/dugaan-intimidasi-massa-2019gantipresiden-akan-dipolisikan,ADVERTISEMENT SCROLL TO CONTINUE WITH CONTENT
"Tak Antiasing, Prabowo Minta Utamakan Pekerja Dalam Negeri","Senin, 30 Apr 2018 06:24 WIB",https://www.cnnindonesia.com/nasional/20180430033005-32-294558/tak-antiasing-prabowo-minta-utamakan-pekerja-dalam-negeri,ADVERTISEMENT SCROLL TO CONTINUE WITH CONTENT
KSPI Putuskan Dukung Prabowo-Rizal Ramli di Pilpres 2019,"Minggu, 29 Apr 2018 21:59 WIB",https://www.cnnindonesia.com/nasional/20180429215111-32-294542/kspi-putuskan-dukung-prabowo-rizal-ramli-di-pilpres-2019,ADVERTISEMENT SCROLL TO CONTINUE WITH CONTENT
Penyelenggara #2019GantiPresiden Tanggapi Intimidasi di CFD,"Minggu, 29 Apr 2018 20:36 WIB",https://www.cnnindonesia.com/nasional/20180429202502-20-294526/penyelenggara-2019gantipresiden-tanggapi-intimidasi-di-cfd,ADVERTISEMENT SCROLL TO CONTINUE WITH CONTENT
"Intimidasi di Car Free Day, Semua Pihak Diminta Tahan Diri","Minggu, 29 Apr 2018 18:10 WIB",https://www.cnnindonesia.com/nasional/20180429174228-20-294517/intimidasi-di-car-free-day-semua-pihak-diminta-tahan-diri,ADVERTISEMENT SCROLL TO CONTINUE WITH CONTENT
Massa #2019GantiPresiden Diduga Intimidasi #DiaSibukKerja,"Minggu, 29 Apr 2018 16:30 WIB",https://www.cnnindonesia.com/nasional/20180429161052-20-294500/massa-2019gantipresiden-diduga-intimidasi-diasibukkerja,ADVERTISEMENT SCROLL TO CONTINUE WITH CONTENT
"Ingin JK Maju Cawapres, Penggemar Gugat UU Pemilu ke MK","Minggu, 29 Apr 2018 15:48 WIB",https://www.cnnindonesia.com/nasional/20180429153054-32-294495/ingin-jk-maju-cawapres-penggemar-gugat-uu-pemilu-ke-mk,ADVERTISEMENT SCROLL TO CONTINUE WITH CONTENT
Airlangga Dijadwalkan Bertemu Megawati Pekan Depan,"Minggu, 29 Apr 2018 13:34 WIB",https://www.cnnindonesia.com/nasional/20180429131008-32-294469/airlangga-dijadwalkan-bertemu-megawati-pekan-depan,ADVERTISEMENT SCROLL TO CONTINUE WITH CONTENT
Menaker Harap 'May Day' Bersih dari Kepentingan Pilpres 2019,"Minggu, 29 Apr 2018 05:16 WIB",https://www.cnnindonesia.com/nasional/20180429031608-20-294446/menaker-harap-may-day-bersih-dari-kepentingan-pilpres-2019,ADVERTISEMENT SCROLL TO CONTINUE WITH CONTENT
Sandiaga Klaim Sekber Gerindra-PKS Tak Bahas Cawapres,"Sabtu, 28 Apr 2018 19:08 WIB",https://www.cnnindonesia.com/nasional/20180428163708-32-294395/sandiaga-klaim-sekber-gerindra-pks-tak-bahas-cawapres,ADVERTISEMENT SCROLL TO CONTINUE WITH CONTENT
Kelakar Prabowo Sebut Amien Rais Lebih Ganteng dari Anaknya,"Sabtu, 28 Apr 2018 16:31 WIB",https://www.cnnindonesia.com/nasional/20180428161813-32-294367/kelakar-prabowo-sebut-amien-rais-lebih-ganteng-dari-anaknya,ADVERTISEMENT SCROLL TO CONTINUE WITH CONTENT
NasDem Sebut Jokowi Tengah Cari Pendamping Macam JK,"Sabtu, 28 Apr 2018 12:16 WIB",https://www.cnnindonesia.com/nasional/20180428120932-32-294297/nasdem-sebut-jokowi-tengah-cari-pendamping-macam-jk,ADVERTISEMENT SCROLL TO CONTINUE WITH CONTENT
Hanafi Rais Beri Sinyal PAN Merapat ke Gerindra,"Sabtu, 28 Apr 2018 03:55 WIB",https://www.cnnindonesia.com/nasional/20180428034850-32-294279/hanafi-rais-beri-sinyal-pan-merapat-ke-gerindra,ADVERTISEMENT SCROLL TO CONTINUE WITH CONTENT
Sandiaga Sebut Sekber Gerindra-PKS untuk Tampung Aspirasi,"Sabtu, 28 Apr 2018 02:25 WIB",https://www.cnnindonesia.com/nasional/20180428021836-32-294276/sandiaga-sebut-sekber-gerindra-pks-untuk-tampung-aspirasi,ADVERTISEMENT SCROLL TO CONTINUE WITH CONTENT
Prabowo Sebut Tengah Persiapkan Tongkat Estafet Regenerasi,"Jumat, 27 Apr 2018 22:39 WIB",https://www.cnnindonesia.com/nasional/20180427223211-32-294271/prabowo-sebut-tengah-persiapkan-tongkat-estafet-regenerasi,ADVERTISEMENT SCROLL TO CONTINUE WITH CONTENT
Prabowo Hadiri Peresmian Sekber Pemenangan Gerindra-PKS,"Jumat, 27 Apr 2018 20:01 WIB",https://www.cnnindonesia.com/nasional/20180427195648-32-294251/prabowo-hadiri-peresmian-sekber-pemenangan-gerindra-pks,ADVERTISEMENT SCROLL TO CONTINUE WITH CONTENT
Ketua MUI: Jangan Jadikan Pengajian sebagai Forum Kampanye,"Jumat, 27 Apr 2018 19:32 WIB",https://www.cnnindonesia.com/nasional/20180427190413-32-294231/ketua-mui-jangan-jadikan-pengajian-sebagai-forum-kampanye,ADVERTISEMENT SCROLL TO CONTINUE WITH CONTENT
Zulkifli Respons Tudingan Amien soal Sandiwara Dukung Jokowi,"Jumat, 27 Apr 2018 19:05 WIB",https://www.cnnindonesia.com/nasional/20180427185936-32-294227/zulkifli-respons-tudingan-amien-soal-sandiwara-dukung-jokowi,ADVERTISEMENT SCROLL TO CONTINUE WITH CONTENT
MK Tunggu Pengajuan Uji Materi UU soal Polemik JK Cawapres,"Jumat, 27 Apr 2018 18:55 WIB",https://www.cnnindonesia.com/nasional/20180427184127-12-294222/mk-tunggu-pengajuan-uji-materi-uu-soal-polemik-jk-cawapres,ADVERTISEMENT SCROLL TO CONTINUE WITH CONTENT
Fadli Zon: Sekber Gerindra-PKS Inisiatif Kader Akar Rumput,"Jumat, 27 Apr 2018 18:30 WIB",https://www.cnnindonesia.com/nasional/20180427180753-32-294213/fadli-zon-sekber-gerindra-pks-inisiatif-kader-akar-rumput,ADVERTISEMENT SCROLL TO CONTINUE WITH CONTENT
Amien Rais Dicap Nyinyir Soal Nawasengsara,"Jumat, 27 Apr 2018 14:41 WIB",https://www.cnnindonesia.com/nasional/20180427140404-32-294109/amien-rais-dicap-nyinyir-soal-nawasengsara,ADVERTISEMENT SCROLL TO CONTINUE WITH CONTENT
"Temani JK Tinjau Venue Asian Games, Sandi Telat Datang","Jumat, 27 Apr 2018 12:07 WIB",https://www.cnnindonesia.com/nasional/20180427115613-20-294071/temani-jk-tinjau-venue-asian-games-sandi-telat-datang,ADVERTISEMENT SCROLL TO CONTINUE WITH CONTENT
Moeldoko Pertanyakan 'Nawasengsara' Amien Rais,"Jumat, 27 Apr 2018 11:15 WIB",https://www.cnnindonesia.com/nasional/20180427105401-32-294040/moeldoko-pertanyakan-nawasengsara-amien-rais,ADVERTISEMENT SCROLL TO CONTINUE WITH CONTENT
Golkar Belum Pernah Bahas Peluang JK Jadi Cawapres Lagi,"Jumat, 27 Apr 2018 09:31 WIB",https://www.cnnindonesia.com/nasional/20180427073539-32-294006/golkar-belum-pernah-bahas-peluang-jk-jadi-cawapres-lagi,ADVERTISEMENT SCROLL TO CONTINUE WITH CONTENT
KSPI: Suara Buruh Tidak Akan Lari ke Jokowi,"Jumat, 27 Apr 2018 08:28 WIB",https://www.cnnindonesia.com/nasional/20180427063833-32-293989/kspi-suara-buruh-tidak-akan-lari-ke-jokowi,ADVERTISEMENT SCROLL TO CONTINUE WITH CONTENT
Amien Rais Sebut Nawacita Jokowi Jadi Nawasengsara,"Jumat, 27 Apr 2018 07:32 WIB",https://www.cnnindonesia.com/nasional/20180427064619-32-293995/amien-rais-sebut-nawacita-jokowi-jadi-nawasengsara,ADVERTISEMENT SCROLL TO CONTINUE WITH CONTENT
Golkar Nilai Pertemuan Jokowi-PKS Bukan Buat Pecahkan Koalisi,"Jumat, 27 Apr 2018 07:03 WIB",https://www.cnnindonesia.com/nasional/20180426201907-32-293945/golkar-nilai-pertemuan-jokowi-pks-bukan-buat-pecahkan-koalisi,ADVERTISEMENT SCROLL TO CONTINUE WITH CONTENT
Kodam Jaya Kerahkan Empat Ribu Personel di Pilkada 2018,"Jumat, 27 Apr 2018 05:53 WIB",https://www.cnnindonesia.com/nasional/20180426155956-32-293803/kodam-jaya-kerahkan-empat-ribu-personel-di-pilkada-2018,ADVERTISEMENT SCROLL TO CONTINUE WITH CONTENT
Golkar Tak Persoalkan Cak Imin Lobi Akbar Tanjung,"Jumat, 27 Apr 2018 05:50 WIB",https://www.cnnindonesia.com/nasional/20180426201001-32-293930/golkar-tak-persoalkan-cak-imin-lobi-akbar-tanjung,ADVERTISEMENT SCROLL TO CONTINUE WITH CONTENT
Politikus PDIP Tak Bicara Cawapres dengan Prabowo,"Jumat, 27 Apr 2018 05:36 WIB",https://www.cnnindonesia.com/nasional/20180426195300-32-293914/politikus-pdip-tak-bicara-cawapres-dengan-prabowo,ADVERTISEMENT SCROLL TO CONTINUE WITH CONTENT
Menaker Minta Perpres TKA Tidak Dipolitisasi Jelang Pilpres,"Kamis, 26 Apr 2018 23:13 WIB",https://www.cnnindonesia.com/nasional/20180426230221-20-293975/menaker-minta-perpres-tka-tidak-dipolitisasi-jelang-pilpres,ADVERTISEMENT SCROLL TO CONTINUE WITH CONTENT
"Fadli Mulai Gulirkan Pansus TKA, Menaker Enggan Tanggapi","Kamis, 26 Apr 2018 22:16 WIB",https://www.cnnindonesia.com/nasional/20180426220844-20-293974/fadli-mulai-gulirkan-pansus-tka-menaker-enggan-tanggapi,ADVERTISEMENT SCROLL TO CONTINUE WITH CONTENT
Pertemuan Bogor dan Nasib Kasus Ulama yang Terkatung,"Kamis, 26 Apr 2018 21:34 WIB",https://www.cnnindonesia.com/nasional/20180426205148-32-293957/pertemuan-bogor-dan-nasib-kasus-ulama-yang-terkatung,ADVERTISEMENT SCROLL TO CONTINUE WITH CONTENT
PDIP Sanggah Pertemuan Jokowi-PKS Bentuk Kepanikan,"Kamis, 26 Apr 2018 21:26 WIB",https://www.cnnindonesia.com/nasional/20180426211440-32-293960/pdip-sanggah-pertemuan-jokowi-pks-bentuk-kepanikan,ADVERTISEMENT SCROLL TO CONTINUE WITH CONTENT
Fadli Zon Yakin Alumni 212 Tetap Dukung Prabowo,"Kamis, 26 Apr 2018 20:45 WIB",https://www.cnnindonesia.com/nasional/20180426203015-32-293948/fadli-zon-yakin-alumni-212-tetap-dukung-prabowo,ADVERTISEMENT SCROLL TO CONTINUE WITH CONTENT
Gerindra dan PKS Resmikan Sekber Pemenangan Prabowo Besok,"Kamis, 26 Apr 2018 19:27 WIB",https://www.cnnindonesia.com/nasional/20180426191214-32-293896/gerindra-dan-pks-resmikan-sekber-pemenangan-prabowo-besok,ADVERTISEMENT SCROLL TO CONTINUE WITH CONTENT
"Respons Tuntutan PA 212, Jokowi Tolak Intervensi Kasus Ulama","Kamis, 26 Apr 2018 18:30 WIB",https://www.cnnindonesia.com/nasional/20180426174534-12-293882/respons-tuntutan-pa-212-jokowi-tolak-intervensi-kasus-ulama,ADVERTISEMENT SCROLL TO CONTINUE WITH CONTENT
"Puji Gatot, Amien Rais Tetap Prediksi Jokowi Lawan Prabowo","Kamis, 26 Apr 2018 17:43 WIB",https://www.cnnindonesia.com/nasional/20180426172448-32-293856/puji-gatot-amien-rais-tetap-prediksi-jokowi-lawan-prabowo,ADVERTISEMENT SCROLL TO CONTINUE WITH CONTENT
PDIP Tunggu Tafsiran MK soal Peluang JK Cawapres,"Kamis, 26 Apr 2018 17:31 WIB",https://www.cnnindonesia.com/nasional/20180426162904-32-293836/pdip-tunggu-tafsiran-mk-soal-peluang-jk-cawapres,ADVERTISEMENT SCROLL TO CONTINUE WITH CONTENT
Fadli Zon dan Amien Rais Berembuk Cari Penantang Jokowi,"Kamis, 26 Apr 2018 17:20 WIB",https://www.cnnindonesia.com/nasional/20180426170219-32-293841/fadli-zon-dan-amien-rais-berembuk-cari-penantang-jokowi,ADVERTISEMENT SCROLL TO CONTINUE WITH CONTENT
Amien Rais Sebut Tak Ada Amplop saat Jokowi Bertemu PA 212,"Kamis, 26 Apr 2018 16:07 WIB",https://www.cnnindonesia.com/nasional/20180426155122-32-293801/amien-rais-sebut-tak-ada-amplop-saat-jokowi-bertemu-pa-212,ADVERTISEMENT SCROLL TO CONTINUE WITH CONTENT
Amien Rais Sebut Zulkifli Hasan Sandiwara Dukung Jokowi,"Kamis, 26 Apr 2018 14:58 WIB",https://www.cnnindonesia.com/nasional/20180426145446-32-293778/amien-rais-sebut-zulkifli-hasan-sandiwara-dukung-jokowi,ADVERTISEMENT SCROLL TO CONTINUE WITH CONTENT
"Sempat Diajak Berkoalisi, PKS Akui Bertemu Jokowi Dua Kali","Kamis, 26 Apr 2018 14:24 WIB",https://www.cnnindonesia.com/nasional/20180426135330-32-293751/sempat-diajak-berkoalisi-pks-akui-bertemu-jokowi-dua-kali,ADVERTISEMENT SCROLL TO CONTINUE WITH CONTENT
PDIP Sebut Komunikasi ke PKS Bukan Cari Dukungan Politik,"Kamis, 26 Apr 2018 13:36 WIB",https://www.cnnindonesia.com/nasional/20180426125234-32-293742/pdip-sebut-komunikasi-ke-pks-bukan-cari-dukungan-politik,ADVERTISEMENT SCROLL TO CONTINUE WITH CONTENT
Akbar Tandjung Akui Golkar Belum Bahas Airlangga Cawapres,"Kamis, 26 Apr 2018 13:07 WIB",https://www.cnnindonesia.com/nasional/20180426083701-32-293671/akbar-tandjung-akui-golkar-belum-bahas-airlangga-cawapres,ADVERTISEMENT SCROLL TO CONTINUE WITH CONTENT
Buruh Sebut Jokowi Salah Arah Terkait Perpres TKA,"Kamis, 26 Apr 2018 12:38 WIB",https://www.cnnindonesia.com/nasional/20180426105816-32-293701/buruh-sebut-jokowi-salah-arah-terkait-perpres-tka,ADVERTISEMENT SCROLL TO CONTINUE WITH CONTENT
Gerindra Belum Pastikan Aher Jadi Calon Pendamping Prabowo,"Kamis, 26 Apr 2018 12:05 WIB",https://www.cnnindonesia.com/nasional/20180426113520-32-293711/gerindra-belum-pastikan-aher-jadi-calon-pendamping-prabowo,ADVERTISEMENT SCROLL TO CONTINUE WITH CONTENT
KPU Larang Calon Kepala Daerah Kampanye Capres di Pilkada,"Kamis, 26 Apr 2018 10:52 WIB",https://www.cnnindonesia.com/nasional/20180426092232-32-293686/kpu-larang-calon-kepala-daerah-kampanye-capres-di-pilkada,ADVERTISEMENT SCROLL TO CONTINUE WITH CONTENT
Gatot Nurmantyo Mengaku Tak Kenal Relawan Pendukungnya,"Kamis, 26 Apr 2018 09:28 WIB",https://www.cnnindonesia.com/nasional/20180426080834-32-293667/gatot-nurmantyo-mengaku-tak-kenal-relawan-pendukungnya,ADVERTISEMENT SCROLL TO CONTINUE WITH CONTENT
"Jokowi Untung, Alumni 212 'Buntung' Usai Pertemuan Bogor","Kamis, 26 Apr 2018 08:54 WIB",https://www.cnnindonesia.com/nasional/20180426075405-32-293654/jokowi-untung-alumni-212-buntung-usai-pertemuan-bogor,ADVERTISEMENT SCROLL TO CONTINUE WITH CONTENT
"Muhaimin Iskandar, Dugaan Korupsi dan Kampanye Hitam","Kamis, 26 Apr 2018 07:37 WIB",https://www.cnnindonesia.com/nasional/20180425194404-12-293591/muhaimin-iskandar-dugaan-korupsi-dan-kampanye-hitam,ADVERTISEMENT SCROLL TO CONTINUE WITH CONTENT
PDIP Minta Tak Ada Penarikan Dukungan Usai Deklarasi Cawapres,"Kamis, 26 Apr 2018 05:53 WIB",https://www.cnnindonesia.com/nasional/20180425091907-32-293341/pdip-minta-tak-ada-penarikan-dukungan-usai-deklarasi-cawapres,ADVERTISEMENT SCROLL TO CONTINUE WITH CONTENT
Sandi Tak Temukan Referensi Larangan Bicara Politik di Balkot,"Kamis, 26 Apr 2018 04:52 WIB",https://www.cnnindonesia.com/nasional/20180425150814-32-293462/sandi-tak-temukan-referensi-larangan-bicara-politik-di-balkot,ADVERTISEMENT SCROLL TO CONTINUE WITH CONTENT
"Amien Sebut Elektabilitas Jokowi Turun, PAN Singgung Ahok","Kamis, 26 Apr 2018 02:26 WIB",https://www.cnnindonesia.com/nasional/20180425204404-32-293604/amien-sebut-elektabilitas-jokowi-turun-pan-singgung-ahok,ADVERTISEMENT SCROLL TO CONTINUE WITH CONTENT
Akbar Tandjung Sebut Cak Imin Cocok 'Duet' dengan Jokowi,"Kamis, 26 Apr 2018 00:06 WIB",https://www.cnnindonesia.com/nasional/20180426000050-32-293627/akbar-tandjung-sebut-cak-imin-cocok-duet-dengan-jokowi,ADVERTISEMENT SCROLL TO CONTINUE WITH CONTENT
Gatot Punya Cara Tingkatkan Elektabilitas: Saya Ikhtiar,"Rabu, 25 Apr 2018 22:03 WIB",https://www.cnnindonesia.com/nasional/20180425215618-32-293619/gatot-punya-cara-tingkatkan-elektabilitas-saya-ikhtiar,ADVERTISEMENT SCROLL TO CONTINUE WITH CONTENT
Jokowi Buka Suara soal Sertifikat Tanah dengan Foto Dirinya,"Rabu, 25 Apr 2018 21:56 WIB",https://www.cnnindonesia.com/nasional/20180425185712-32-293562/jokowi-buka-suara-soal-sertifikat-tanah-dengan-foto-dirinya,ADVERTISEMENT SCROLL TO CONTINUE WITH CONTENT
PA 212 Tegaskan Tak Dukung Jokowi Usai Pertemuan di Bogor,"Rabu, 25 Apr 2018 21:29 WIB",https://www.cnnindonesia.com/nasional/20180425205530-32-293610/pa-212-tegaskan-tak-dukung-jokowi-usai-pertemuan-di-bogor,ADVERTISEMENT SCROLL TO CONTINUE WITH CONTENT
Jokowi Bakal Pilih Kembali JK Jika Konstitusi Membolehkan,"Rabu, 25 Apr 2018 21:07 WIB",https://www.cnnindonesia.com/nasional/20180425182235-32-293554/jokowi-bakal-pilih-kembali-jk-jika-konstitusi-membolehkan,ADVERTISEMENT SCROLL TO CONTINUE WITH CONTENT
Gatot Nurmantyo soal Maju Pilpres: Ini Belum Final,"Rabu, 25 Apr 2018 20:51 WIB",https://www.cnnindonesia.com/nasional/20180425203309-32-293602/gatot-nurmantyo-soal-maju-pilpres-ini-belum-final,ADVERTISEMENT SCROLL TO CONTINUE WITH CONTENT
Jokowi Akui Bicarakan Pilpres dengan PKS,"Rabu, 25 Apr 2018 20:45 WIB",https://www.cnnindonesia.com/nasional/20180425190618-32-293566/jokowi-akui-bicarakan-pilpres-dengan-pks,ADVERTISEMENT SCROLL TO CONTINUE WITH CONTENT
Jokowi Buka Peluang Gandeng Prabowo di Pilpres 2019,"Rabu, 25 Apr 2018 20:38 WIB",https://www.cnnindonesia.com/nasional/20180425183703-32-293561/jokowi-buka-peluang-gandeng-prabowo-di-pilpres-2019,ADVERTISEMENT SCROLL TO CONTINUE WITH CONTENT
"Fadli Zon: Jokowi-Prabowo Tidak Cocok, Orientasinya Berbeda","Rabu, 25 Apr 2018 19:21 WIB",https://www.cnnindonesia.com/nasional/20180425190126-32-293565/fadli-zon-jokowi-prabowo-tidak-cocok-orientasinya-berbeda,ADVERTISEMENT SCROLL TO CONTINUE WITH CONTENT
Kepentingan Politik di Balik Pertemuan Jokowi dan Alumni 212,"Rabu, 25 Apr 2018 18:45 WIB",https://www.cnnindonesia.com/nasional/20180425134110-32-293413/kepentingan-politik-di-balik-pertemuan-jokowi-dan-alumni-212,ADVERTISEMENT SCROLL TO CONTINUE WITH CONTENT
PKS Minta Alumni 212 Waspada Dimanfaatkan Kepentingan Jokowi,"Rabu, 25 Apr 2018 16:59 WIB",https://www.cnnindonesia.com/nasional/20180425165132-32-293520/pks-minta-alumni-212-waspada-dimanfaatkan-kepentingan-jokowi,ADVERTISEMENT SCROLL TO CONTINUE WITH CONTENT
Asumsi Pertemuan Bogor Kompromi Politik Dinilai Terlalu Dini,"Rabu, 25 Apr 2018 16:49 WIB",https://www.cnnindonesia.com/nasional/20180425135221-32-293411/asumsi-pertemuan-bogor-kompromi-politik-dinilai-terlalu-dini,ADVERTISEMENT SCROLL TO CONTINUE WITH CONTENT
Alumni 212 Desak Istana Usut Pembocor Pertemuan dengan Jokowi,"Rabu, 25 Apr 2018 14:46 WIB",https://www.cnnindonesia.com/nasional/20180425143250-32-293431/alumni-212-desak-istana-usut-pembocor-pertemuan-dengan-jokowi,ADVERTISEMENT SCROLL TO CONTINUE WITH CONTENT
Bos CT Corp Imbau Investor Tak Ragu Investasi Jelang Pilpres,"Rabu, 25 Apr 2018 13:55 WIB",https://www.cnnindonesia.com/ekonomi/20180425134800-92-293408/bos-ct-corp-imbau-investor-tak-ragu-investasi-jelang-pilpres,ADVERTISEMENT SCROLL TO CONTINUE WITH CONTENT
Anies Amini Doa Amien Rais soal Penyelamat Negeri,"Rabu, 25 Apr 2018 12:36 WIB",https://www.cnnindonesia.com/nasional/20180425102613-32-293364/anies-amini-doa-amien-rais-soal-penyelamat-negeri,ADVERTISEMENT SCROLL TO CONTINUE WITH CONTENT
Arah Suara Buruh di 2019 dan Perpecahan Serikat Pekerja,"Rabu, 25 Apr 2018 10:04 WIB",https://www.cnnindonesia.com/nasional/20180425081625-32-293331/arah-suara-buruh-di-2019-dan-perpecahan-serikat-pekerja,ADVERTISEMENT SCROLL TO CONTINUE WITH CONTENT
Manuver Politik PKB Menjegal Poros Ketiga,"Rabu, 25 Apr 2018 08:23 WIB",https://www.cnnindonesia.com/nasional/20180425071128-32-293326/manuver-politik-pkb-menjegal-poros-ketiga,ADVERTISEMENT SCROLL TO CONTINUE WITH CONTENT
Pertimbangan Jokowi Pilih Cawapres dan Risiko Koalisi Pecah,"Rabu, 25 Apr 2018 06:15 WIB",https://www.cnnindonesia.com/nasional/20180424184612-32-293242/pertimbangan-jokowi-pilih-cawapres-dan-risiko-koalisi-pecah,ADVERTISEMENT SCROLL TO CONTINUE WITH CONTENT
Canda Hasto soal Pidato SBY Pemimpin Baru: Maksudnya Jokowi,"Rabu, 25 Apr 2018 05:56 WIB",https://www.cnnindonesia.com/nasional/20180424213034-32-293285/canda-hasto-soal-pidato-sby-pemimpin-baru-maksudnya-jokowi,ADVERTISEMENT SCROLL TO CONTINUE WITH CONTENT
Amien Rais Sebut Cawapres Prabowo Masih Teka-teki,"Rabu, 25 Apr 2018 00:54 WIB",https://www.cnnindonesia.com/nasional/20180425004932-32-293304/amien-rais-sebut-cawapres-prabowo-masih-teka-teki,ADVERTISEMENT SCROLL TO CONTINUE WITH CONTENT
PPP Sebut Masa Pendaftaran Capres dalam PKPU Sudah Sesuai,"Selasa, 24 Apr 2018 22:53 WIB",https://www.cnnindonesia.com/nasional/20180424200043-32-293253/ppp-sebut-masa-pendaftaran-capres-dalam-pkpu-sudah-sesuai,ADVERTISEMENT SCROLL TO CONTINUE WITH CONTENT
KPU Sebut Tenggat Pendaftaran Capres 2019 Bisa Berubah,"Selasa, 24 Apr 2018 22:19 WIB",https://www.cnnindonesia.com/nasional/20180424204131-32-293276/kpu-sebut-tenggat-pendaftaran-capres-2019-bisa-berubah,ADVERTISEMENT SCROLL TO CONTINUE WITH CONTENT
Gerindra Dorong Sandiaga Jadi Tim Pemenangan Pilpres 2019,"Selasa, 24 Apr 2018 20:19 WIB",https://www.cnnindonesia.com/nasional/20180424184131-32-293230/gerindra-dorong-sandiaga-jadi-tim-pemenangan-pilpres-2019,ADVERTISEMENT SCROLL TO CONTINUE WITH CONTENT
Amien Rais Anggap Mustahil Poros Ketiga,"Selasa, 24 Apr 2018 20:15 WIB",https://www.cnnindonesia.com/nasional/20180424195303-32-293251/amien-rais-anggap-mustahil-poros-ketiga,ADVERTISEMENT SCROLL TO CONTINUE WITH CONTENT
Moeldoko Sebut Berita soal 'Serbuan' TKA China Menyesatkan,"Selasa, 24 Apr 2018 19:59 WIB",https://www.cnnindonesia.com/nasional/20180424194413-20-293252/moeldoko-sebut-berita-soal-serbuan-tka-china-menyesatkan,ADVERTISEMENT SCROLL TO CONTINUE WITH CONTENT
Gerindra Buka Pintu Jika Gatot Ingin Jadi Kader,"Selasa, 24 Apr 2018 19:35 WIB",https://www.cnnindonesia.com/nasional/20180424185325-32-293233/gerindra-buka-pintu-jika-gatot-ingin-jadi-kader,ADVERTISEMENT SCROLL TO CONTINUE WITH CONTENT
Amien Rais Ramal Anies Baswedan Jadi Penyelamat Negeri,"Selasa, 24 Apr 2018 16:50 WIB",https://www.cnnindonesia.com/nasional/20180424163745-20-293191/amien-rais-ramal-anies-baswedan-jadi-penyelamat-negeri,ADVERTISEMENT SCROLL TO CONTINUE WITH CONTENT
Amien Rais Tunjuk Foto Jokowi: Elektabilitasnya 'Going Down',"Selasa, 24 Apr 2018 16:33 WIB",https://www.cnnindonesia.com/nasional/20180424162241-20-293170/amien-rais-tunjuk-foto-jokowi-elektabilitasnya-going-down,ADVERTISEMENT SCROLL TO CONTINUE WITH CONTENT
JK Ingin Istirahat saat Pilpres 2019,"Selasa, 24 Apr 2018 16:20 WIB",https://www.cnnindonesia.com/nasional/20180424155946-32-293165/jk-ingin-istirahat-saat-pilpres-2019,ADVERTISEMENT SCROLL TO CONTINUE WITH CONTENT
"Tepis Amien Rais, PAN Klaim Masih Buka Pintu Bagi Jokowi","Selasa, 24 Apr 2018 16:10 WIB",https://www.cnnindonesia.com/nasional/20180424140230-12-293108/tepis-amien-rais-pan-klaim-masih-buka-pintu-bagi-jokowi,ADVERTISEMENT SCROLL TO CONTINUE WITH CONTENT
"Viral Isu Razia Kaus #2019GantiPresiden, Polri Pastikan Hoaks","Selasa, 24 Apr 2018 15:39 WIB",https://www.cnnindonesia.com/nasional/20180424142849-12-293118/viral-isu-razia-kaus-2019gantipresiden-polri-pastikan-hoaks,ADVERTISEMENT SCROLL TO CONTINUE WITH CONTENT
"May Day, Buruh Deklarasi Capres, Prabowo Jadi Unggulan","Selasa, 24 Apr 2018 14:45 WIB",https://www.cnnindonesia.com/nasional/20180424141828-20-293111/may-day-buruh-deklarasi-capres-prabowo-jadi-unggulan,ADVERTISEMENT SCROLL TO CONTINUE WITH CONTENT
"Bertemu Erdogan, Anies Membantah Bahas Pilpres 2019","Selasa, 24 Apr 2018 13:44 WIB",https://www.cnnindonesia.com/nasional/20180424130240-32-293094/bertemu-erdogan-anies-membantah-bahas-pilpres-2019,ADVERTISEMENT SCROLL TO CONTINUE WITH CONTENT
Moeldoko Siap Pasang Badan Jika Jokowi Diganggu,"Selasa, 24 Apr 2018 06:14 WIB",https://www.cnnindonesia.com/nasional/20180423221424-32-292990/moeldoko-siap-pasang-badan-jika-jokowi-diganggu,ADVERTISEMENT SCROLL TO CONTINUE WITH CONTENT
Makna Menanjaknya Elektabilitas Jokowi di Mata Politisi PDIP,"Selasa, 24 Apr 2018 05:23 WIB",https://www.cnnindonesia.com/nasional/20180423192502-32-292961/makna-menanjaknya-elektabilitas-jokowi-di-mata-politisi-pdip,ADVERTISEMENT SCROLL TO CONTINUE WITH CONTENT
PPP Sebut Posisi Jokowi di Pilpres Belum Aman,"Selasa, 24 Apr 2018 04:42 WIB",https://www.cnnindonesia.com/nasional/20180423141551-32-292855/ppp-sebut-posisi-jokowi-di-pilpres-belum-aman,ADVERTISEMENT SCROLL TO CONTINUE WITH CONTENT
Fahri Hamzah Minta PKS Beri Tiket Capres ke Anis Matta,"Selasa, 24 Apr 2018 01:00 WIB",https://www.cnnindonesia.com/nasional/20180423191512-32-292955/fahri-hamzah-minta-pks-beri-tiket-capres-ke-anis-matta,ADVERTISEMENT SCROLL TO CONTINUE WITH CONTENT
SBY: Insya Allah Akan Ada Pemimpin-pemimpin Baru yang Amanah,"Senin, 23 Apr 2018 21:20 WIB",https://www.cnnindonesia.com/nasional/20180423202431-32-292979/sby-insya-allah-akan-ada-pemimpin-pemimpin-baru-yang-amanah,ADVERTISEMENT SCROLL TO CONTINUE WITH CONTENT
PAN Minta Gatot Komunikasi Jika Serius Maju Capres,"Senin, 23 Apr 2018 20:41 WIB",https://www.cnnindonesia.com/nasional/20180423203401-32-292974/pan-minta-gatot-komunikasi-jika-serius-maju-capres,ADVERTISEMENT SCROLL TO CONTINUE WITH CONTENT
Capres Meksiko Usul Hukuman Potong Tangan buat Pencuri,"Senin, 23 Apr 2018 20:12 WIB",https://www.cnnindonesia.com/internasional/20180423144741-134-292875/capres-meksiko-usul-hukuman-potong-tangan-buat-pencuri,ADVERTISEMENT SCROLL TO CONTINUE WITH CONTENT
PKB Minta SBY Lebih Konkret soal Pemimpin Baru 2019,"Senin, 23 Apr 2018 20:07 WIB",https://www.cnnindonesia.com/nasional/20180423183930-32-292959/pkb-minta-sby-lebih-konkret-soal-pemimpin-baru-2019,ADVERTISEMENT SCROLL TO CONTINUE WITH CONTENT
Wiranto Minta Bukti atas Tudingan 'Menyandera' SBY,"Senin, 23 Apr 2018 20:00 WIB",https://www.cnnindonesia.com/nasional/20180423193505-32-292964/wiranto-minta-bukti-atas-tudingan-menyandera-sby,ADVERTISEMENT SCROLL TO CONTINUE WITH CONTENT
Parpol Koalisi Tentukan Cawapres Jokowi Usai Pilkada,"Senin, 23 Apr 2018 19:14 WIB",https://www.cnnindonesia.com/nasional/20180423183237-32-292945/parpol-koalisi-tentukan-cawapres-jokowi-usai-pilkada,ADVERTISEMENT SCROLL TO CONTINUE WITH CONTENT
KPU Bantah Anggotanya Kampanyekan #2019GantiPresiden di Jambi,"Senin, 23 Apr 2018 18:19 WIB",https://www.cnnindonesia.com/nasional/20180423164052-32-292932/kpu-bantah-anggotanya-kampanyekan-2019gantipresiden-di-jambi,ADVERTISEMENT SCROLL TO CONTINUE WITH CONTENT
Akhir Masa Pendaftaran Capres di KPU Diusulkan 3 Agustus,"Senin, 23 Apr 2018 17:46 WIB",https://www.cnnindonesia.com/nasional/20180423170905-32-292924/akhir-masa-pendaftaran-capres-di-kpu-diusulkan-3-agustus,ADVERTISEMENT SCROLL TO CONTINUE WITH CONTENT
"Tas Sembako Rp3 M, Fadli Tuding Jokowi Kampanye Pakai APBN","Senin, 23 Apr 2018 16:39 WIB",https://www.cnnindonesia.com/nasional/20180423155321-32-292910/tas-sembako-rp3-m-fadli-tuding-jokowi-kampanye-pakai-apbn,ADVERTISEMENT SCROLL TO CONTINUE WITH CONTENT
Tas Sembako Jokowi Senilai Rp3 Miliar Gunakan Uang Negara,"Senin, 23 Apr 2018 14:53 WIB",https://www.cnnindonesia.com/nasional/20180423135541-20-292861/tas-sembako-jokowi-senilai-rp3-miliar-gunakan-uang-negara,ADVERTISEMENT SCROLL TO CONTINUE WITH CONTENT
"Sepakat SBY, Fahri Sebut Banyak Janji Tak Dipenuhi Jokowi","Senin, 23 Apr 2018 14:43 WIB",https://www.cnnindonesia.com/nasional/20180423142330-32-292857/sepakat-sby-fahri-sebut-banyak-janji-tak-dipenuhi-jokowi,ADVERTISEMENT SCROLL TO CONTINUE WITH CONTENT
"Elektabilitas Dicap Merosot, Prabowo Tetap Andalan Gerindra","Senin, 23 Apr 2018 13:52 WIB",https://www.cnnindonesia.com/nasional/20180423132947-32-292841/elektabilitas-dicap-merosot-prabowo-tetap-andalan-gerindra,ADVERTISEMENT SCROLL TO CONTINUE WITH CONTENT
KPU Batal Ajukan Peninjauan Kembali Putusan PKPI,"Senin, 23 Apr 2018 12:27 WIB",https://www.cnnindonesia.com/nasional/20180423115730-32-292787/kpu-batal-ajukan-peninjauan-kembali-putusan-pkpi,ADVERTISEMENT SCROLL TO CONTINUE WITH CONTENT
Senyum Jokowi dan Tak Ingin Direcoki Elektabilitas Tinggi,"Senin, 23 Apr 2018 12:17 WIB",https://www.cnnindonesia.com/nasional/20180423115557-32-292806/senyum-jokowi-dan-tak-ingin-direcoki-elektabilitas-tinggi,ADVERTISEMENT SCROLL TO CONTINUE WITH CONTENT
Lagi-lagi Soal Harga BBM Jokowi di Tahun Politik,"Senin, 23 Apr 2018 11:05 WIB",https://www.cnnindonesia.com/ekonomi/20180423102228-86-292764/lagi-lagi-soal-harga-bbm-jokowi-di-tahun-politik,ADVERTISEMENT SCROLL TO CONTINUE WITH CONTENT
SBY: Insya Allah Ada Pemimpin Baru 2019,"Senin, 23 Apr 2018 08:08 WIB",https://www.cnnindonesia.com/nasional/20180423065350-32-292730/sby-insya-allah-ada-pemimpin-baru-2019,ADVERTISEMENT SCROLL TO CONTINUE WITH CONTENT
Fahri Hamzah Tantang Elite Parpol Bikin 4 Poros di Pilpres,"Senin, 23 Apr 2018 06:11 WIB",https://www.cnnindonesia.com/nasional/20180422191938-32-292680/fahri-hamzah-tantang-elite-parpol-bikin-4-poros-di-pilpres,ADVERTISEMENT SCROLL TO CONTINUE WITH CONTENT
Habiburokhman Minta Romahurmuziy Fokus Urus PPP,"Senin, 23 Apr 2018 02:08 WIB",https://www.cnnindonesia.com/nasional/20180422211928-32-292687/habiburokhman-minta-romahurmuziy-fokus-urus-ppp,ADVERTISEMENT SCROLL TO CONTINUE WITH CONTENT
Mahfud MD Yakin Prabowo Enggan Memilihnya Kembali Jadi Timses,"Minggu, 22 Apr 2018 22:49 WIB",https://www.cnnindonesia.com/nasional/20180422221035-32-292692/mahfud-md-yakin-prabowo-enggan-memilihnya-kembali-jadi-timses,ADVERTISEMENT SCROLL TO CONTINUE WITH CONTENT
Mahfud MD Ramal Anies Baswedan Calon Kuat Pendamping Prabowo,"Minggu, 22 Apr 2018 20:03 WIB",https://www.cnnindonesia.com/nasional/20180422193617-32-292681/mahfud-md-ramal-anies-baswedan-calon-kuat-pendamping-prabowo,ADVERTISEMENT SCROLL TO CONTINUE WITH CONTENT
"May Day, Buruh Bergerak Demo Jokowi soal Perpres TKA","Minggu, 22 Apr 2018 19:22 WIB",https://www.cnnindonesia.com/nasional/20180422191616-20-292679/may-day-buruh-bergerak-demo-jokowi-soal-perpres-tka,ADVERTISEMENT SCROLL TO CONTINUE WITH CONTENT
Relawan Dorong Gatot Tempel Gerindra Agar Bisa Terjun Pilpres,"Minggu, 22 Apr 2018 16:52 WIB",https://www.cnnindonesia.com/nasional/20180422163802-32-292649/relawan-dorong-gatot-tempel-gerindra-agar-bisa-terjun-pilpres,ADVERTISEMENT SCROLL TO CONTINUE WITH CONTENT
"Roy Suryo, Teguran SBY, dan Wacana Poros Ketiga","Minggu, 22 Apr 2018 15:38 WIB",https://www.cnnindonesia.com/nasional/20180422152443-32-292641/roy-suryo-teguran-sby-dan-wacana-poros-ketiga,ADVERTISEMENT SCROLL TO CONTINUE WITH CONTENT
"Cerita Abu Yus, Tokoh PPP Aceh yang Pindah ke PBB","Minggu, 22 Apr 2018 13:57 WIB",https://www.cnnindonesia.com/nasional/20180421215558-32-292561/cerita-abu-yus-tokoh-ppp-aceh-yang-pindah-ke-pbb,ADVERTISEMENT SCROLL TO CONTINUE WITH CONTENT
PPP Tak Ambil Pusing Gerakan #2019GantiPresiden,"Minggu, 22 Apr 2018 11:30 WIB",https://www.cnnindonesia.com/nasional/20180422095235-32-292606/ppp-tak-ambil-pusing-gerakan-2019gantipresiden,ADVERTISEMENT SCROLL TO CONTINUE WITH CONTENT
PPP Sebut Poros Ketiga Pilpres Tak Mungkin Terjadi,"Minggu, 22 Apr 2018 09:32 WIB",https://www.cnnindonesia.com/nasional/20180422083346-32-292601/ppp-sebut-poros-ketiga-pilpres-tak-mungkin-terjadi,ADVERTISEMENT SCROLL TO CONTINUE WITH CONTENT
Gerindra Ingatkan PKS Masih Ada Anies dan Gatot untuk Prabowo,"Minggu, 22 Apr 2018 05:26 WIB",https://www.cnnindonesia.com/nasional/20180421163705-32-292509/gerindra-ingatkan-pks-masih-ada-anies-dan-gatot-untuk-prabowo,ADVERTISEMENT SCROLL TO CONTINUE WITH CONTENT
Data Kemiskinan Laris Manis di Tahun Politik,"Sabtu, 21 Apr 2018 22:56 WIB",https://www.cnnindonesia.com/nasional/20180421181011-32-292538/data-kemiskinan-laris-manis-di-tahun-politik,ADVERTISEMENT SCROLL TO CONTINUE WITH CONTENT
"Dilarang SBY Bicara, Roy Suryo Sebut Pembocor Info Berbahaya","Sabtu, 21 Apr 2018 21:24 WIB",https://www.cnnindonesia.com/nasional/20180421211723-32-292558/dilarang-sby-bicara-roy-suryo-sebut-pembocor-info-berbahaya,ADVERTISEMENT SCROLL TO CONTINUE WITH CONTENT
Demokrat Ramal Pendukung Jokowi Pecah Gabung Poros Ketiga,"Sabtu, 21 Apr 2018 19:39 WIB",https://www.cnnindonesia.com/nasional/20180421152356-32-292492/demokrat-ramal-pendukung-jokowi-pecah-gabung-poros-ketiga,ADVERTISEMENT SCROLL TO CONTINUE WITH CONTENT
Prabowo Sindir PPP Ketinggalan Informasi soal Pencapresan,"Sabtu, 21 Apr 2018 18:05 WIB",https://www.cnnindonesia.com/nasional/20180421165048-32-292510/prabowo-sindir-ppp-ketinggalan-informasi-soal-pencapresan,ADVERTISEMENT SCROLL TO CONTINUE WITH CONTENT
Presiden PKS Buka Kemungkinan Usung Capres Selain Prabowo,"Sabtu, 21 Apr 2018 17:35 WIB",https://www.cnnindonesia.com/nasional/20180421161347-32-292506/presiden-pks-buka-kemungkinan-usung-capres-selain-prabowo,ADVERTISEMENT SCROLL TO CONTINUE WITH CONTENT
PKS Usul Susunan Menteri Poros Prabowo Keluar Sebelum Pilpres,"Sabtu, 21 Apr 2018 17:15 WIB",https://www.cnnindonesia.com/nasional/20180421144907-32-292487/pks-usul-susunan-menteri-poros-prabowo-keluar-sebelum-pilpres,ADVERTISEMENT SCROLL TO CONTINUE WITH CONTENT
"Jokowi Capres Tunggal, Ada Parpol Terancam Tak Ikut Pemilu","Sabtu, 21 Apr 2018 15:53 WIB",https://www.cnnindonesia.com/nasional/20180421123316-32-292472/jokowi-capres-tunggal-ada-parpol-terancam-tak-ikut-pemilu,ADVERTISEMENT SCROLL TO CONTINUE WITH CONTENT
Prabowo Subianto Akui Kader Gerindra Kalah Militan dengan PKS,"Sabtu, 21 Apr 2018 13:47 WIB",https://www.cnnindonesia.com/nasional/20180421132325-32-292476/prabowo-subianto-akui-kader-gerindra-kalah-militan-dengan-pks,ADVERTISEMENT SCROLL TO CONTINUE WITH CONTENT
Prabowo Subianto Mengaku Takut Disuntik,"Sabtu, 21 Apr 2018 12:38 WIB",https://www.cnnindonesia.com/nasional/20180421122246-32-292470/prabowo-subianto-mengaku-takut-disuntik,ADVERTISEMENT SCROLL TO CONTINUE WITH CONTENT
"Rayakan Milad, Petinggi PKS Bersepeda dengan Prabowo","Sabtu, 21 Apr 2018 11:44 WIB",https://www.cnnindonesia.com/nasional/20180421113721-32-292463/rayakan-milad-petinggi-pks-bersepeda-dengan-prabowo,ADVERTISEMENT SCROLL TO CONTINUE WITH CONTENT
Persoalan Gatot Rebut Tiket Pilpres dan Bayang-bayang Prabowo,"Sabtu, 21 Apr 2018 09:27 WIB",https://www.cnnindonesia.com/nasional/20180420182253-32-292386/persoalan-gatot-rebut-tiket-pilpres-dan-bayang-bayang-prabowo,ADVERTISEMENT SCROLL TO CONTINUE WITH CONTENT
Pertaruhan Elektabilitas dan Polemik Perpres TKA Jokowi,"Sabtu, 21 Apr 2018 08:16 WIB",https://www.cnnindonesia.com/nasional/20180420145631-32-292291/pertaruhan-elektabilitas-dan-polemik-perpres-tka-jokowi,ADVERTISEMENT SCROLL TO CONTINUE WITH CONTENT
Rachmawati Yakin Jokowi Akan Bertarung dengan Prabowo,"Sabtu, 21 Apr 2018 00:04 WIB",https://www.cnnindonesia.com/nasional/20180420235824-32-292438/rachmawati-yakin-jokowi-akan-bertarung-dengan-prabowo,ADVERTISEMENT SCROLL TO CONTINUE WITH CONTENT
Sandiaga Ungkap Isi Pembicaraan dengan Romahurmuziy,"Jumat, 20 Apr 2018 23:14 WIB",https://www.cnnindonesia.com/nasional/20180420220934-32-292437/sandiaga-ungkap-isi-pembicaraan-dengan-romahurmuziy,ADVERTISEMENT SCROLL TO CONTINUE WITH CONTENT
"Bertemu Demokrat, PKS Sebut Ide Poros Ketiga Bagus","Jumat, 20 Apr 2018 21:40 WIB",https://www.cnnindonesia.com/nasional/20180420205612-32-292424/bertemu-demokrat-pks-sebut-ide-poros-ketiga-bagus,ADVERTISEMENT SCROLL TO CONTINUE WITH CONTENT
Rizal Ramli soal Tiket Capres dan Basmi 100 Orang Brengsek,"Jumat, 20 Apr 2018 21:30 WIB",https://www.cnnindonesia.com/nasional/20180420202153-32-292415/rizal-ramli-soal-tiket-capres-dan-basmi-100-orang-brengsek,ADVERTISEMENT SCROLL TO CONTINUE WITH CONTENT
"SBY-PKS Akan Bertemu, PPP Yakin Demokrat Condong ke Jokowi","Jumat, 20 Apr 2018 21:10 WIB",https://www.cnnindonesia.com/nasional/20180420145736-32-292276/sby-pks-akan-bertemu-ppp-yakin-demokrat-condong-ke-jokowi,ADVERTISEMENT SCROLL TO CONTINUE WITH CONTENT
Rizal Ramli Bahas Keinginan Jadi Capres Saat Temui Sandiaga,"Jumat, 20 Apr 2018 20:55 WIB",https://www.cnnindonesia.com/nasional/20180420181550-32-292383/rizal-ramli-bahas-keinginan-jadi-capres-saat-temui-sandiaga,ADVERTISEMENT SCROLL TO CONTINUE WITH CONTENT
Pendukung Sudirman Said Pakai Kaus #2018GantiGubernurJateng,"Jumat, 20 Apr 2018 19:57 WIB",https://www.cnnindonesia.com/nasional/20180420193806-32-292410/pendukung-sudirman-said-pakai-kaus-2018gantigubernurjateng,ADVERTISEMENT SCROLL TO CONTINUE WITH CONTENT
Menimbang Kans Cawapres Nonpartai untuk Jokowi,"Jumat, 20 Apr 2018 19:05 WIB",https://www.cnnindonesia.com/nasional/20180420144639-32-292365/menimbang-kans-cawapres-nonpartai-untuk-jokowi,ADVERTISEMENT SCROLL TO CONTINUE WITH CONTENT
Gerindra Tak Khawatirkan Rencana Pertemuan SBY-Sohibul Iman,"Jumat, 20 Apr 2018 17:28 WIB",https://www.cnnindonesia.com/nasional/20180420161724-32-292332/gerindra-tak-khawatirkan-rencana-pertemuan-sby-sohibul-iman,ADVERTISEMENT SCROLL TO CONTINUE WITH CONTENT
AHY Hanya Bisa Daftar Capres di Hari Terakhir Pendaftaran,"Jumat, 20 Apr 2018 16:15 WIB",https://www.cnnindonesia.com/nasional/20180420140647-32-292254/ahy-hanya-bisa-daftar-capres-di-hari-terakhir-pendaftaran,ADVERTISEMENT SCROLL TO CONTINUE WITH CONTENT
"Romi-Sandi Bertemu, PPP Tetap Setia Dukung Jokowi","Jumat, 20 Apr 2018 15:20 WIB",https://www.cnnindonesia.com/nasional/20180420142749-32-292258/romi-sandi-bertemu-ppp-tetap-setia-dukung-jokowi,ADVERTISEMENT SCROLL TO CONTINUE WITH CONTENT
PPP Sebut Sandi Lontarkan Opsi Prabowo 'King Maker' pada Romi,"Jumat, 20 Apr 2018 14:35 WIB",https://www.cnnindonesia.com/nasional/20180420135307-32-292251/ppp-sebut-sandi-lontarkan-opsi-prabowo-king-maker-pada-romi,ADVERTISEMENT SCROLL TO CONTINUE WITH CONTENT
Amien Sebut Jokowi Otoriter dan Lebih Militer dari Prabowo,"Jumat, 20 Apr 2018 13:02 WIB",https://www.cnnindonesia.com/nasional/20180420104328-32-292181/amien-sebut-jokowi-otoriter-dan-lebih-militer-dari-prabowo,ADVERTISEMENT SCROLL TO CONTINUE WITH CONTENT
Amien Rais Ingin Bertemu Jokowi Meski Sering Mengkritik,"Jumat, 20 Apr 2018 10:50 WIB",https://www.cnnindonesia.com/nasional/20180420092826-32-292173/amien-rais-ingin-bertemu-jokowi-meski-sering-mengkritik,ADVERTISEMENT SCROLL TO CONTINUE WITH CONTENT
Cuitan SBY dan 'Rayuan' Koalisi Jokowi,"Jumat, 20 Apr 2018 09:58 WIB",https://www.cnnindonesia.com/nasional/20180420090259-32-292170/cuitan-sby-dan-rayuan-koalisi-jokowi,ADVERTISEMENT SCROLL TO CONTINUE WITH CONTENT
Amien Rais Anggap Mustahil Prabowo Beri Tiket Capres 2019,"Jumat, 20 Apr 2018 09:20 WIB",https://www.cnnindonesia.com/nasional/20180420081431-32-292165/amien-rais-anggap-mustahil-prabowo-beri-tiket-capres-2019,ADVERTISEMENT SCROLL TO CONTINUE WITH CONTENT
Amien Rais: PAN Bunuh Diri Jika Dukung Jokowi di Pilpres 2019,"Jumat, 20 Apr 2018 08:11 WIB",https://www.cnnindonesia.com/nasional/20180420072217-32-292158/amien-rais-pan-bunuh-diri-jika-dukung-jokowi-di-pilpres-2019,ADVERTISEMENT SCROLL TO CONTINUE WITH CONTENT
"Bukan Kader Partai, Gatot Nurmantyo Dinilai Sulit Jadi Capres","Jumat, 20 Apr 2018 05:06 WIB",https://www.cnnindonesia.com/nasional/20180419223635-32-292127/bukan-kader-partai-gatot-nurmantyo-dinilai-sulit-jadi-capres,ADVERTISEMENT SCROLL TO CONTINUE WITH CONTENT
Fahri Hamzah: Kemungkinan Jokowi Kalah Masih Tinggi,"Jumat, 20 Apr 2018 04:14 WIB",https://www.cnnindonesia.com/nasional/20180419171354-32-292047/fahri-hamzah-kemungkinan-jokowi-kalah-masih-tinggi,ADVERTISEMENT SCROLL TO CONTINUE WITH CONTENT
Cak Imin Diajari JK Menaikkan Elektabilitas,"Jumat, 20 Apr 2018 04:01 WIB",https://www.cnnindonesia.com/nasional/20180419170756-32-292050/cak-imin-diajari-jk-menaikkan-elektabilitas,ADVERTISEMENT SCROLL TO CONTINUE WITH CONTENT
PKS Tak Rela Jika Anies Baswedan Jadi Cawapres Prabowo,"Jumat, 20 Apr 2018 02:40 WIB",https://www.cnnindonesia.com/nasional/20180419215019-32-292122/pks-tak-rela-jika-anies-baswedan-jadi-cawapres-prabowo,ADVERTISEMENT SCROLL TO CONTINUE WITH CONTENT
"AHY Terpopuler Jadi Cawapres Jokowi, Anies Cawapres Prabowo","Jumat, 20 Apr 2018 00:46 WIB",https://www.cnnindonesia.com/nasional/20180419203431-32-292105/ahy-terpopuler-jadi-cawapres-jokowi-anies-cawapres-prabowo,ADVERTISEMENT SCROLL TO CONTINUE WITH CONTENT
Pertemuan Gerindra-PKS Tak Bahas Capres-Cawapres,"Kamis, 19 Apr 2018 23:45 WIB",https://www.cnnindonesia.com/nasional/20180419234059-32-292147/pertemuan-gerindra-pks-tak-bahas-capres-cawapres,ADVERTISEMENT SCROLL TO CONTINUE WITH CONTENT
Gerindra Jajaki Koalisi dengan PPP,"Kamis, 19 Apr 2018 22:34 WIB",https://www.cnnindonesia.com/nasional/20180419222737-32-292126/gerindra-jajaki-koalisi-dengan-ppp,ADVERTISEMENT SCROLL TO CONTINUE WITH CONTENT
PKS Minta Prabowo Segera Deklarasi Capres dan Cawapres,"Kamis, 19 Apr 2018 21:11 WIB",https://www.cnnindonesia.com/nasional/20180419191830-32-292097/pks-minta-prabowo-segera-deklarasi-capres-dan-cawapres,ADVERTISEMENT SCROLL TO CONTINUE WITH CONTENT
Mahfud MD Akui Tawaran Cawapres Tak Kunjung Datang,"Kamis, 19 Apr 2018 20:21 WIB",https://www.cnnindonesia.com/nasional/20180419135757-32-291978/mahfud-md-akui-tawaran-cawapres-tak-kunjung-datang,ADVERTISEMENT SCROLL TO CONTINUE WITH CONTENT
Gerindra dan PKS Bahas Format Pilpres 2019 Malam Ini,"Kamis, 19 Apr 2018 18:45 WIB",https://www.cnnindonesia.com/nasional/20180419183111-32-292075/gerindra-dan-pks-bahas-format-pilpres-2019-malam-ini,ADVERTISEMENT SCROLL TO CONTINUE WITH CONTENT
Wiranto Bungkam Soal Wacana Demokrat Ikut Dukung Jokowi,"Kamis, 19 Apr 2018 18:19 WIB",https://www.cnnindonesia.com/nasional/20180419125230-32-291956/wiranto-bungkam-soal-wacana-demokrat-ikut-dukung-jokowi,ADVERTISEMENT SCROLL TO CONTINUE WITH CONTENT
"Satu Pesawat dengan Jokowi, Cak Imin Klaim Bahas soal Pilpres","Kamis, 19 Apr 2018 14:45 WIB",https://www.cnnindonesia.com/nasional/20180419142728-32-291995/satu-pesawat-dengan-jokowi-cak-imin-klaim-bahas-soal-pilpres,ADVERTISEMENT SCROLL TO CONTINUE WITH CONTENT
Mahfud MD Prediksi Jokowi Lawan Gatot di Pilpres 2019,"Kamis, 19 Apr 2018 13:34 WIB",https://www.cnnindonesia.com/nasional/20180419130626-32-291960/mahfud-md-prediksi-jokowi-lawan-gatot-di-pilpres-2019,ADVERTISEMENT SCROLL TO CONTINUE WITH CONTENT
"Bocor Data Facebook, Strategi Donald Trump, dan Pilpres 2019","Kamis, 19 Apr 2018 13:11 WIB",https://www.cnnindonesia.com/nasional/20180419121109-32-291945/bocor-data-facebook-strategi-donald-trump-dan-pilpres-2019,ADVERTISEMENT SCROLL TO CONTINUE WITH CONTENT
"OSO: Kalau SBY Bertemu Megawati, Itu Baru Luar Biasa","Kamis, 19 Apr 2018 12:12 WIB",https://www.cnnindonesia.com/nasional/20180419115903-32-291943/oso-kalau-sby-bertemu-megawati-itu-baru-luar-biasa,ADVERTISEMENT SCROLL TO CONTINUE WITH CONTENT
"Jokowi Istimewakan Pekerja Asing, Fadli Zon Naik Pitam","Kamis, 19 Apr 2018 10:26 WIB",https://www.cnnindonesia.com/nasional/20180419085318-32-291904/jokowi-istimewakan-pekerja-asing-fadli-zon-naik-pitam,ADVERTISEMENT SCROLL TO CONTINUE WITH CONTENT
Sandiaga Sebut PAN Ajukan Zulkifli Jadi Cawapres Prabowo,"Kamis, 19 Apr 2018 09:22 WIB",https://www.cnnindonesia.com/nasional/20180419083939-32-291898/sandiaga-sebut-pan-ajukan-zulkifli-jadi-cawapres-prabowo,ADVERTISEMENT SCROLL TO CONTINUE WITH CONTENT
"Cak Imin Curi Start, Airlangga Masih Kalem","Kamis, 19 Apr 2018 08:06 WIB",https://www.cnnindonesia.com/nasional/20180419072902-32-291888/cak-imin-curi-start-airlangga-masih-kalem,ADVERTISEMENT SCROLL TO CONTINUE WITH CONTENT
Mendagri Sindir Fadli Zon yang Sering Kritik Pemerintah,"Kamis, 19 Apr 2018 05:56 WIB",https://www.cnnindonesia.com/nasional/20180418142021-32-291725/mendagri-sindir-fadli-zon-yang-sering-kritik-pemerintah,ADVERTISEMENT SCROLL TO CONTINUE WITH CONTENT
PDIP Tak Yakin Gerindra Usung Prabowo di Pilpres 2019,"Kamis, 19 Apr 2018 05:31 WIB",https://www.cnnindonesia.com/nasional/20180418192127-32-291815/pdip-tak-yakin-gerindra-usung-prabowo-di-pilpres-2019,ADVERTISEMENT SCROLL TO CONTINUE WITH CONTENT
Wiranto Sebut Safari Politik Tak Terkait Paslon Pilpres 2019,"Kamis, 19 Apr 2018 04:03 WIB",https://www.cnnindonesia.com/nasional/20180418203513-32-291829/wiranto-sebut-safari-politik-tak-terkait-paslon-pilpres-2019,ADVERTISEMENT SCROLL TO CONTINUE WITH CONTENT
PKB dan PPP Saling Sindir soal Kedekatan dengan Jokowi,"Rabu, 18 Apr 2018 22:58 WIB",https://www.cnnindonesia.com/nasional/20180418224545-32-291860/pkb-dan-ppp-saling-sindir-soal-kedekatan-dengan-jokowi,ADVERTISEMENT SCROLL TO CONTINUE WITH CONTENT
PDIP soal Amien Rais: Kami Tidak Hadirkan Setan dalam Politik,"Rabu, 18 Apr 2018 22:12 WIB",https://www.cnnindonesia.com/nasional/20180418220109-32-291848/pdip-soal-amien-rais-kami-tidak-hadirkan-setan-dalam-politik,ADVERTISEMENT SCROLL TO CONTINUE WITH CONTENT
Gatot Dituntut Lepaskan Label Alumni 212 Jika Jadi Capres,"Rabu, 18 Apr 2018 21:38 WIB",https://www.cnnindonesia.com/nasional/20180418201231-32-291827/gatot-dituntut-lepaskan-label-alumni-212-jika-jadi-capres,ADVERTISEMENT SCROLL TO CONTINUE WITH CONTENT
Fadli Zon Akui Ada Surat Perjanjian Cawapres Gerindra-PKS,"Rabu, 18 Apr 2018 19:27 WIB",https://www.cnnindonesia.com/nasional/20180418182513-32-291802/fadli-zon-akui-ada-surat-perjanjian-cawapres-gerindra-pks,ADVERTISEMENT SCROLL TO CONTINUE WITH CONTENT
Jaksa Agung Sindir SBY: Cuma Tarzan Yang Pakai Hukum Rimba,"Rabu, 18 Apr 2018 19:01 WIB",https://www.cnnindonesia.com/nasional/20180418175855-32-291795/jaksa-agung-sindir-sby-cuma-tarzan-yang-pakai-hukum-rimba,ADVERTISEMENT SCROLL TO CONTINUE WITH CONTENT
"Kader PPP Gabung ke PBB, Yusril Yakin Lolos ke DPR","Rabu, 18 Apr 2018 18:38 WIB",https://www.cnnindonesia.com/nasional/20180418180951-32-291796/kader-ppp-gabung-ke-pbb-yusril-yakin-lolos-ke-dpr,ADVERTISEMENT SCROLL TO CONTINUE WITH CONTENT
Cak Imin Pamer Naik Pesawat Kepresidenan Bareng Jokowi,"Rabu, 18 Apr 2018 17:44 WIB",https://www.cnnindonesia.com/nasional/20180418161852-32-291766/cak-imin-pamer-naik-pesawat-kepresidenan-bareng-jokowi,ADVERTISEMENT SCROLL TO CONTINUE WITH CONTENT
PDIP Minta SBY Jelaskan soal Kicauan Hukum Rimba,"Rabu, 18 Apr 2018 17:30 WIB",https://www.cnnindonesia.com/nasional/20180418170653-32-291778/pdip-minta-sby-jelaskan-soal-kicauan-hukum-rimba,ADVERTISEMENT SCROLL TO CONTINUE WITH CONTENT
PDIP Sebut Pertemuan Wiranto dan SBY untuk Cari Titik Temu,"Rabu, 18 Apr 2018 17:11 WIB",https://www.cnnindonesia.com/nasional/20180418135603-32-291707/pdip-sebut-pertemuan-wiranto-dan-sby-untuk-cari-titik-temu,ADVERTISEMENT SCROLL TO CONTINUE WITH CONTENT
PDIP Sebut Airlangga Hartarto Bukan Prioritas Cawapres Jokowi,"Rabu, 18 Apr 2018 16:52 WIB",https://www.cnnindonesia.com/nasional/20180418132620-32-291686/pdip-sebut-airlangga-hartarto-bukan-prioritas-cawapres-jokowi,ADVERTISEMENT SCROLL TO CONTINUE WITH CONTENT
"Wiranto Bertemu SBY, Golkar Berharap Demokrat Dukung Jokowi","Rabu, 18 Apr 2018 15:04 WIB",https://www.cnnindonesia.com/nasional/20180418143928-32-291723/wiranto-bertemu-sby-golkar-berharap-demokrat-dukung-jokowi,ADVERTISEMENT SCROLL TO CONTINUE WITH CONTENT
Penjelasan Wiranto Soal Pertemuan SBY dan Cawapres 2019,"Rabu, 18 Apr 2018 14:43 WIB",https://www.cnnindonesia.com/nasional/20180418134219-32-291708/penjelasan-wiranto-soal-pertemuan-sby-dan-cawapres-2019,ADVERTISEMENT SCROLL TO CONTINUE WITH CONTENT
"Ungkit Indonesia 2030, Wiranto Sindir Pemimpin Pesimistis","Rabu, 18 Apr 2018 13:52 WIB",https://www.cnnindonesia.com/nasional/20180418122045-32-291668/ungkit-indonesia-2030-wiranto-sindir-pemimpin-pesimistis,ADVERTISEMENT SCROLL TO CONTINUE WITH CONTENT
Yusril: Kader PPP Bedol Desa karena Tak Setuju Dukung Jokowi,"Rabu, 18 Apr 2018 13:17 WIB",https://www.cnnindonesia.com/nasional/20180418131228-32-291684/yusril-kader-ppp-bedol-desa-karena-tak-setuju-dukung-jokowi,ADVERTISEMENT SCROLL TO CONTINUE WITH CONTENT
Pertemuan Tertutup Wiranto dan SBY Berakhir Misteri,"Rabu, 18 Apr 2018 12:20 WIB",https://www.cnnindonesia.com/nasional/20180418115757-32-291658/pertemuan-tertutup-wiranto-dan-sby-berakhir-misteri,ADVERTISEMENT SCROLL TO CONTINUE WITH CONTENT
"Poros Ketiga Butuh Keajaiban, PAN Wacanakan Koalisi Nasional","Rabu, 18 Apr 2018 11:03 WIB",https://www.cnnindonesia.com/nasional/20180418103028-32-291630/poros-ketiga-butuh-keajaiban-pan-wacanakan-koalisi-nasional,ADVERTISEMENT SCROLL TO CONTINUE WITH CONTENT
"Soal Hukum Rimba SBY, Demokrat Ingatkan Partai Penguasa","Rabu, 18 Apr 2018 09:54 WIB",https://www.cnnindonesia.com/nasional/20180418083935-32-291601/soal-hukum-rimba-sby-demokrat-ingatkan-partai-penguasa,ADVERTISEMENT SCROLL TO CONTINUE WITH CONTENT
Fahri Hamzah 'Ajari' Sohibul Iman Cara Dekati Prabowo,"Rabu, 18 Apr 2018 07:54 WIB",https://www.cnnindonesia.com/nasional/20180417203433-32-291536/fahri-hamzah-ajari-sohibul-iman-cara-dekati-prabowo,ADVERTISEMENT SCROLL TO CONTINUE WITH CONTENT
Fahri Hamzah Sebut KPK Serupa Partai Politik,"Rabu, 18 Apr 2018 05:42 WIB",https://www.cnnindonesia.com/nasional/20180417195936-12-291524/fahri-hamzah-sebut-kpk-serupa-partai-politik,ADVERTISEMENT SCROLL TO CONTINUE WITH CONTENT
Ahmad Heryawan Belum Pikirkan Pilpres 2019,"Rabu, 18 Apr 2018 04:46 WIB",https://www.cnnindonesia.com/nasional/20180417134505-32-291400/ahmad-heryawan-belum-pikirkan-pilpres-2019,ADVERTISEMENT SCROLL TO CONTINUE WITH CONTENT
KPU Gunakan Kotak Suara Keliling untuk Negara-negara Konflik,"Rabu, 18 Apr 2018 02:53 WIB",https://www.cnnindonesia.com/nasional/20180417143134-32-291415/kpu-gunakan-kotak-suara-keliling-untuk-negara-negara-konflik,ADVERTISEMENT SCROLL TO CONTINUE WITH CONTENT
Waketum Gerindra Sebut Ada Partai Hijau Akan Gabung Prabowo,"Selasa, 17 Apr 2018 20:56 WIB",https://www.cnnindonesia.com/nasional/20180417202652-32-291533/waketum-gerindra-sebut-ada-partai-hijau-akan-gabung-prabowo,ADVERTISEMENT SCROLL TO CONTINUE WITH CONTENT
"Sebut Cak Imin Ngebet Cawapres, Golkar 'Tagih' Dukungan PKB","Selasa, 17 Apr 2018 20:41 WIB",https://www.cnnindonesia.com/nasional/20180417195440-32-291527/sebut-cak-imin-ngebet-cawapres-golkar-tagih-dukungan-pkb,ADVERTISEMENT SCROLL TO CONTINUE WITH CONTENT
"Setahun Jelang Pilpres, SBY Berharap Hukum Rimba Tak Berlaku","Selasa, 17 Apr 2018 18:19 WIB",https://www.cnnindonesia.com/nasional/20180417173550-32-291488/setahun-jelang-pilpres-sby-berharap-hukum-rimba-tak-berlaku,ADVERTISEMENT SCROLL TO CONTINUE WITH CONTENT
Fadli Zon Sebut Pernyataan Nasir Soal Gatot Tak Wakili PKS,"Selasa, 17 Apr 2018 17:08 WIB",https://www.cnnindonesia.com/nasional/20180417163851-32-291470/fadli-zon-sebut-pernyataan-nasir-soal-gatot-tak-wakili-pks,ADVERTISEMENT SCROLL TO CONTINUE WITH CONTENT
Politikus PDIP Duga PKS Sengaja Gulirkan Wacana Gatot Capres,"Selasa, 17 Apr 2018 14:24 WIB",https://www.cnnindonesia.com/nasional/20180417135257-32-291403/politikus-pdip-duga-pks-sengaja-gulirkan-wacana-gatot-capres,ADVERTISEMENT SCROLL TO CONTINUE WITH CONTENT
Peluang PrabowoKing Makerdan Serahkan Tiket ke Gatot,"Selasa, 17 Apr 2018 12:39 WIB",https://www.cnnindonesia.com/nasional/20180417114253-32-291355/peluang-prabowo-king-maker-dan-serahkan-tiket-ke-gatot,ADVERTISEMENT SCROLL TO CONTINUE WITH CONTENT
Gelombang Serangan dan Amunisi Jokowi di Tahun Politik,"Selasa, 17 Apr 2018 07:56 WIB",https://www.cnnindonesia.com/nasional/20180417062844-32-291303/gelombang-serangan-dan-amunisi-jokowi-di-tahun-politik,ADVERTISEMENT SCROLL TO CONTINUE WITH CONTENT
Gatot dan Anies Masuk Daftar Calon Pendamping Prabowo,"Selasa, 17 Apr 2018 06:46 WIB",https://www.cnnindonesia.com/nasional/20180416210102-32-291263/gatot-dan-anies-masuk-daftar-calon-pendamping-prabowo,ADVERTISEMENT SCROLL TO CONTINUE WITH CONTENT
"Soal 'Partai Setan' Amien Rais, Yusril Anggap Sindiran Biasa","Selasa, 17 Apr 2018 06:33 WIB",https://www.cnnindonesia.com/nasional/20180416191201-32-291226/soal-partai-setan-amien-rais-yusril-anggap-sindiran-biasa,ADVERTISEMENT SCROLL TO CONTINUE WITH CONTENT
"Peluang Duet Jokowi-Prabowo Terbuka, Golkar Tak Masalah","Selasa, 17 Apr 2018 06:25 WIB",https://www.cnnindonesia.com/nasional/20180416185555-32-291217/peluang-duet-jokowi-prabowo-terbuka-golkar-tak-masalah,ADVERTISEMENT SCROLL TO CONTINUE WITH CONTENT
Prabowo Didesak Tunjuk Cawapres dari PKS,"Selasa, 17 Apr 2018 05:41 WIB",https://www.cnnindonesia.com/nasional/20180416140722-32-291123/prabowo-didesak-tunjuk-cawapres-dari-pks,ADVERTISEMENT SCROLL TO CONTINUE WITH CONTENT
Penjabat Gubernur: Atmosfer Jelang Pilgub Sulsel Memanas,"Selasa, 17 Apr 2018 01:14 WIB",https://www.cnnindonesia.com/nasional/20180416160308-32-291169/penjabat-gubernur-atmosfer-jelang-pilgub-sulsel-memanas,ADVERTISEMENT SCROLL TO CONTINUE WITH CONTENT
Duet Maut Pilpres Versi Median: Jokowi-Cak Imin Prabowo-Anies,"Senin, 16 Apr 2018 19:19 WIB",https://www.cnnindonesia.com/nasional/20180416185757-32-291222/duet-maut-pilpres-versi-median-jokowi-cak-imin-prabowo-anies,ADVERTISEMENT SCROLL TO CONTINUE WITH CONTENT
Fadli Zon: Prabowo 100 Persen Maju Capres,"Selasa, 10 Apr 2018 19:28 WIB",https://www.cnnindonesia.com/nasional/20180410174907-32-289780/fadli-zon-prabowo-100-persen-maju-capres,ADVERTISEMENT SCROLL TO CONTINUE WITH CONTENT
Isu Agama Bak Politik Uang di Pilkada 2018,"Sabtu, 03 Feb 2018 16:04 WIB",https://www.cnnindonesia.com/nasional/20180202173724-32-273464/isu-agama-bak-politik-uang-di-pilkada-2018,ADVERTISEMENT SCROLL TO CONTINUE WITH CONTENT
