Judul,Tanggal,Link,Isi Berita
SBY-Zulhas Klaim Tak Bahas Cawapres dan 'Power Sharing',"Rabu, 25 Jul 2018 21:40 WIB",https://www.cnnindonesia.com/nasional/20180725212311-32-317028/sby-zulhas-klaim-tak-bahas-cawapres-dan-power-sharing,ADVERTISEMENT SCROLL TO CONTINUE WITH CONTENT
Kedubes AS: Prabowo dan Soeharto Terlibat Penculikan Aktivis,"Rabu, 25 Jul 2018 20:57 WIB",https://www.cnnindonesia.com/nasional/20180725203102-32-317018/kedubes-as-prabowo-dan-soeharto-terlibat-penculikan-aktivis,ADVERTISEMENT SCROLL TO CONTINUE WITH CONTENT
Ketua PAN Zulkifli Hasan Tiba di Kediaman SBY,"Rabu, 25 Jul 2018 20:14 WIB",https://www.cnnindonesia.com/nasional/20180725195811-32-317011/ketua-pan-zulkifli-hasan-tiba-di-kediaman-sby,ADVERTISEMENT SCROLL TO CONTINUE WITH CONTENT
Zulhas Akui Bakal Bahas Cawapres saat Bertemu SBY,"Rabu, 25 Jul 2018 19:24 WIB",https://www.cnnindonesia.com/nasional/20180725185435-32-316992/zulhas-akui-bakal-bahas-cawapres-saat-bertemu-sby,ADVERTISEMENT SCROLL TO CONTINUE WITH CONTENT
Istana: Ketimpangan di Era SBY Lebih Tinggi dari Jokowi,"Rabu, 25 Jul 2018 19:19 WIB",https://www.cnnindonesia.com/ekonomi/20180725183639-532-316964/istana-ketimpangan-di-era-sby-lebih-tinggi-dari-jokowi,ADVERTISEMENT SCROLL TO CONTINUE WITH CONTENT
PAN Tentukan Arah Koalisi Setelah Rakernas,"Rabu, 25 Jul 2018 18:39 WIB",https://www.cnnindonesia.com/nasional/20180725182633-32-316962/pan-tentukan-arah-koalisi-setelah-rakernas,ADVERTISEMENT SCROLL TO CONTINUE WITH CONTENT
Dokumen Ungkap Clinton Tahu Penculikan Aktivis Era Soeharto,"Rabu, 25 Jul 2018 18:10 WIB",https://www.cnnindonesia.com/internasional/20180725174155-134-316954/dokumen-ungkap-clinton-tahu-penculikan-aktivis-era-soeharto,ADVERTISEMENT SCROLL TO CONTINUE WITH CONTENT
Kader PDIP Sebut Demokrat Partai Menengah Ekspektasi Tinggi,"Rabu, 25 Jul 2018 17:47 WIB",https://www.cnnindonesia.com/nasional/20180725164132-32-316942/kader-pdip-sebut-demokrat-partai-menengah-ekspektasi-tinggi,ADVERTISEMENT SCROLL TO CONTINUE WITH CONTENT
Fahri Klaim Gerakan Anti-Jokowi Makin Menguat,"Rabu, 25 Jul 2018 17:29 WIB",https://www.cnnindonesia.com/nasional/20180725162810-32-316922/fahri-klaim-gerakan-anti-jokowi-makin-menguat,ADVERTISEMENT SCROLL TO CONTINUE WITH CONTENT
"SBY Merapat, Fadli Zon Yakin Kubu Prabowo Kalahkan Jokowi","Rabu, 25 Jul 2018 16:37 WIB",https://www.cnnindonesia.com/nasional/20180725144921-32-316877/sby-merapat-fadli-zon-yakin-kubu-prabowo-kalahkan-jokowi,ADVERTISEMENT SCROLL TO CONTINUE WITH CONTENT
"SBY-Prabowo Bertemu, Fahri Yakin Koalisi Jokowi Pecah","Rabu, 25 Jul 2018 15:57 WIB",https://www.cnnindonesia.com/nasional/20180725154741-32-316895/sby-prabowo-bertemu-fahri-yakin-koalisi-jokowi-pecah,ADVERTISEMENT SCROLL TO CONTINUE WITH CONTENT
"Selain Milik Prabowo, Polri Belum Terbitkan SKCK Capres Lain","Rabu, 25 Jul 2018 15:34 WIB",https://www.cnnindonesia.com/nasional/20180725152216-12-316887/selain-milik-prabowo-polri-belum-terbitkan-skck-capres-lain,ADVERTISEMENT SCROLL TO CONTINUE WITH CONTENT
"Pidato SBY, Alasan Gerindra Yakin Demokrat Tak Dukung Jokowi","Rabu, 25 Jul 2018 12:38 WIB",https://www.cnnindonesia.com/nasional/20180725121242-32-316824/pidato-sby-alasan-gerindra-yakin-demokrat-tak-dukung-jokowi,ADVERTISEMENT SCROLL TO CONTINUE WITH CONTENT
Janji Kampanye Anies Dinilai Persulit Realisasi OK Otrip,"Rabu, 25 Jul 2018 12:28 WIB",https://www.cnnindonesia.com/nasional/20180725112941-20-316803/janji-kampanye-anies-dinilai-persulit-realisasi-ok-otrip,ADVERTISEMENT SCROLL TO CONTINUE WITH CONTENT
Kata Bersayap dan Framing Politik SBY Menuju Koalisi Prabowo,"Rabu, 25 Jul 2018 12:09 WIB",https://www.cnnindonesia.com/nasional/20180725112641-32-316806/kata-bersayap-dan-framing-politik-sby-menuju-koalisi-prabowo,ADVERTISEMENT SCROLL TO CONTINUE WITH CONTENT
"Tunda Sidang, Gerindra Klaim Sudah Klarifikasi Arief Pouyono","Rabu, 25 Jul 2018 11:01 WIB",https://www.cnnindonesia.com/nasional/20180725104906-32-316793/tunda-sidang-gerindra-klaim-sudah-klarifikasi-arief-pouyono,ADVERTISEMENT SCROLL TO CONTINUE WITH CONTENT
Jokowi Teken Aturan Gubernur Maju Pilpres Harus Izin Presiden,"Rabu, 25 Jul 2018 10:04 WIB",https://www.cnnindonesia.com/nasional/20180725084742-32-316776/jokowi-teken-aturan-gubernur-maju-pilpres-harus-izin-presiden,ADVERTISEMENT SCROLL TO CONTINUE WITH CONTENT
SBY dan Zulkifli Hasan Matangkan Arah Koalisi Malam Ini,"Rabu, 25 Jul 2018 09:52 WIB",https://www.cnnindonesia.com/nasional/20180725094117-32-316780/sby-dan-zulkifli-hasan-matangkan-arah-koalisi-malam-ini,ADVERTISEMENT SCROLL TO CONTINUE WITH CONTENT
"Politik Kutu Loncat TGB, dari Kader PBB Hingga Jadi 'Jokower'","Rabu, 25 Jul 2018 08:58 WIB",https://www.cnnindonesia.com/nasional/20180724133223-32-316628/politik-kutu-loncat-tgb-dari-kader-pbb-hingga-jadi-jokower,ADVERTISEMENT SCROLL TO CONTINUE WITH CONTENT
Etika Raja Jawa di Balik Pertemuan Prabowo dan SBY,"Rabu, 25 Jul 2018 07:39 WIB",https://www.cnnindonesia.com/nasional/20180725071013-32-316762/etika-raja-jawa-di-balik-pertemuan-prabowo-dan-sby,ADVERTISEMENT SCROLL TO CONTINUE WITH CONTENT
Keprihatinan SBY dan Prabowo atas Kondisi Negara Era Jokowi,"Rabu, 25 Jul 2018 07:12 WIB",https://www.cnnindonesia.com/nasional/20180724215852-32-316740/keprihatinan-sby-dan-prabowo-atas-kondisi-negara-era-jokowi,ADVERTISEMENT SCROLL TO CONTINUE WITH CONTENT
Sikap Tak Jelas PDIP Jadi Alasan Demokrat Dekati Prabowo,"Rabu, 25 Jul 2018 05:38 WIB",https://www.cnnindonesia.com/nasional/20180724203514-32-316721/sikap-tak-jelas-pdip-jadi-alasan-demokrat-dekati-prabowo,ADVERTISEMENT SCROLL TO CONTINUE WITH CONTENT
"Diminta Ikut Garap Masalah Bangsa, Anies Akui Jalani Takdir","Rabu, 25 Jul 2018 03:14 WIB",https://www.cnnindonesia.com/nasional/20180724140423-32-316564/diminta-ikut-garap-masalah-bangsa-anies-akui-jalani-takdir,ADVERTISEMENT SCROLL TO CONTINUE WITH CONTENT
PAN Enggan Spekulasi Terkait Demokrat Masuk Koalisi,"Rabu, 25 Jul 2018 00:48 WIB",https://www.cnnindonesia.com/nasional/20180724233401-32-316748/pan-enggan-spekulasi-terkait-demokrat-masuk-koalisi,ADVERTISEMENT SCROLL TO CONTINUE WITH CONTENT
Gatot Masih Optimis Soal Dukungan Jadi Capres atau Cawapres,"Rabu, 25 Jul 2018 00:36 WIB",https://www.cnnindonesia.com/nasional/20180725000955-32-316747/gatot-masih-optimis-soal-dukungan-jadi-capres-atau-cawapres,ADVERTISEMENT SCROLL TO CONTINUE WITH CONTENT
Prabowo Sebut PAN-PKS Sambut Positif dengan Pertemuan SBY,"Selasa, 24 Jul 2018 23:10 WIB",https://www.cnnindonesia.com/nasional/20180724230253-32-316746/prabowo-sebut-pan-pks-sambut-positif-dengan-pertemuan-sby,ADVERTISEMENT SCROLL TO CONTINUE WITH CONTENT
SBY Soroti 100 Juta Orang Miskin Era Jokowi,"Selasa, 24 Jul 2018 23:01 WIB",https://www.cnnindonesia.com/nasional/20180724221604-32-316744/sby-soroti-100-juta-orang-miskin-era-jokowi,ADVERTISEMENT SCROLL TO CONTINUE WITH CONTENT
"SBY-Prabowo Makin Dekat, PKS Kian Yakin #2019GantiPresiden","Selasa, 24 Jul 2018 22:55 WIB",https://www.cnnindonesia.com/nasional/20180724225115-32-316745/sby-prabowo-makin-dekat-pks-kian-yakin-2019gantipresiden,ADVERTISEMENT SCROLL TO CONTINUE WITH CONTENT
SBY Ungkap Hambatan Penjajakan dengan Jokowi Selama Setahun,"Selasa, 24 Jul 2018 22:38 WIB",https://www.cnnindonesia.com/nasional/20180724221729-32-316743/sby-ungkap-hambatan-penjajakan-dengan-jokowi-selama-setahun,ADVERTISEMENT SCROLL TO CONTINUE WITH CONTENT
SBY Ingatkan Soal Politik SARA Ekstrem di Pemilu,"Selasa, 24 Jul 2018 22:26 WIB",https://www.cnnindonesia.com/nasional/20180724220752-32-316741/sby-ingatkan-soal-politik-sara-ekstrem-di-pemilu,ADVERTISEMENT SCROLL TO CONTINUE WITH CONTENT
Prabowo soal AHY Cawapres:Why Not?,"Selasa, 24 Jul 2018 22:15 WIB",https://www.cnnindonesia.com/nasional/20180724201456-32-316714/prabowo-soal-ahy-cawapres-why-not,ADVERTISEMENT SCROLL TO CONTINUE WITH CONTENT
"Prabowo Subianto: BUMN Terancam, Negara Terancam","Selasa, 24 Jul 2018 22:10 WIB",https://www.cnnindonesia.com/nasional/20180724215108-32-316739/prabowo-subianto-bumn-terancam-negara-terancam,ADVERTISEMENT SCROLL TO CONTINUE WITH CONTENT
Koalisi SBY-Prabowo Terbuka Lebar Lawan Jokowi,"Selasa, 24 Jul 2018 21:55 WIB",https://www.cnnindonesia.com/nasional/20180724201215-32-316713/koalisi-sby-prabowo-terbuka-lebar-lawan-jokowi,ADVERTISEMENT SCROLL TO CONTINUE WITH CONTENT
Demokrat Pasrahkan Keputusan Cawapres Kepada Prabowo Subianto,"Selasa, 24 Jul 2018 21:41 WIB",https://www.cnnindonesia.com/nasional/20180724182500-32-316676/demokrat-pasrahkan-keputusan-cawapres-kepada-prabowo-subianto,ADVERTISEMENT SCROLL TO CONTINUE WITH CONTENT
"Temui Jokowi, Zulhas Belum Tegaskan Sikap PAN di Pilpres 2019","Selasa, 24 Jul 2018 21:18 WIB",https://www.cnnindonesia.com/nasional/20180724210352-32-316732/temui-jokowi-zulhas-belum-tegaskan-sikap-pan-di-pilpres-2019,ADVERTISEMENT SCROLL TO CONTINUE WITH CONTENT
Gerindra Akui Demokrat Punya Arti Penting di Pilpres 2019,"Selasa, 24 Jul 2018 20:08 WIB",https://www.cnnindonesia.com/nasional/20180724163643-32-316650/gerindra-akui-demokrat-punya-arti-penting-di-pilpres-2019,ADVERTISEMENT SCROLL TO CONTINUE WITH CONTENT
SBY-Prabowo Gelar Pertemuan Tertutup,"Selasa, 24 Jul 2018 19:52 WIB",https://www.cnnindonesia.com/nasional/20180724194144-32-316702/sby-prabowo-gelar-pertemuan-tertutup,ADVERTISEMENT SCROLL TO CONTINUE WITH CONTENT
Polri Terbitkan SKCK Prabowo untuk Syarat Pencapresan,"Selasa, 24 Jul 2018 19:47 WIB",https://www.cnnindonesia.com/nasional/20180724193936-20-316701/polri-terbitkan-skck-prabowo-untuk-syarat-pencapresan,ADVERTISEMENT SCROLL TO CONTINUE WITH CONTENT
"Tiba di Lokasi Pertemuan, Prabowo Disambut SBY","Selasa, 24 Jul 2018 19:28 WIB",https://www.cnnindonesia.com/nasional/20180724191543-32-316693/tiba-di-lokasi-pertemuan-prabowo-disambut-sby,ADVERTISEMENT SCROLL TO CONTINUE WITH CONTENT
"Merapat ke Gerindra, Demokrat Enggan Dikomandoi Rizieq Shihab","Selasa, 24 Jul 2018 19:24 WIB",https://www.cnnindonesia.com/nasional/20180724180253-32-316672/merapat-ke-gerindra-demokrat-enggan-dikomandoi-rizieq-shihab,ADVERTISEMENT SCROLL TO CONTINUE WITH CONTENT
"Jadi Kader PDIP, Kapitra Tafsirkan Makna Cebong dalam Islam","Selasa, 24 Jul 2018 18:32 WIB",https://www.cnnindonesia.com/nasional/20180724170216-32-316651/jadi-kader-pdip-kapitra-tafsirkan-makna-cebong-dalam-islam,ADVERTISEMENT SCROLL TO CONTINUE WITH CONTENT
SBY dan Petinggi Demokrat Rapat Sebelum Bertemu Prabowo,"Selasa, 24 Jul 2018 18:13 WIB",https://www.cnnindonesia.com/nasional/20180724180745-32-316668/sby-dan-petinggi-demokrat-rapat-sebelum-bertemu-prabowo,ADVERTISEMENT SCROLL TO CONTINUE WITH CONTENT
PDIP Pastikan TGB Masuk Tim Sukses Jokowi di Pilpres 2019,"Selasa, 24 Jul 2018 17:32 WIB",https://www.cnnindonesia.com/nasional/20180724162155-32-316637/pdip-pastikan-tgb-masuk-tim-sukses-jokowi-di-pilpres-2019,ADVERTISEMENT SCROLL TO CONTINUE WITH CONTENT
Gatot Akui Peluangnya Jadi Capres-Cawapres Kecil,"Selasa, 24 Jul 2018 17:11 WIB",https://www.cnnindonesia.com/nasional/20180724164148-32-316646/gatot-akui-peluangnya-jadi-capres-cawapres-kecil,ADVERTISEMENT SCROLL TO CONTINUE WITH CONTENT
Tabir Rahasia Cawapres Jokowi,"Selasa, 24 Jul 2018 14:18 WIB",https://www.cnnindonesia.com/nasional/20180724105002-33-316545/tabir-rahasia-cawapres-jokowi,ADVERTISEMENT SCROLL TO CONTINUE WITH CONTENT
Tifatul Minta PA 212 Tak Bawa Isu Kebencian di Pilpres 2019,"Selasa, 24 Jul 2018 13:54 WIB",https://www.cnnindonesia.com/nasional/20180724132319-32-316553/tifatul-minta-pa-212-tak-bawa-isu-kebencian-di-pilpres-2019,ADVERTISEMENT SCROLL TO CONTINUE WITH CONTENT
Cerita Anies Digandeng Prabowo saat Masih di Lingkaran Jokowi,"Selasa, 24 Jul 2018 12:19 WIB",https://www.cnnindonesia.com/nasional/20180724115134-32-316525/cerita-anies-digandeng-prabowo-saat-masih-di-lingkaran-jokowi,ADVERTISEMENT SCROLL TO CONTINUE WITH CONTENT
JK di Bayang-bayang Rasionalitas Publik soal Cawapres,"Selasa, 24 Jul 2018 10:52 WIB",https://www.cnnindonesia.com/nasional/20180724101943-32-316491/jk-di-bayang-bayang-rasionalitas-publik-soal-cawapres,ADVERTISEMENT SCROLL TO CONTINUE WITH CONTENT
SBY dan Prabowo Matangkan Sikap Hadapi Pilpres 2019,"Selasa, 24 Jul 2018 09:32 WIB",https://www.cnnindonesia.com/nasional/20180724092212-20-316462/sby-dan-prabowo-matangkan-sikap-hadapi-pilpres-2019,ADVERTISEMENT SCROLL TO CONTINUE WITH CONTENT
Pamer Koalisi dan Strategi Saling Kunci Jokowi Vs Prabowo,"Selasa, 24 Jul 2018 08:44 WIB",https://www.cnnindonesia.com/nasional/20180724081702-32-316453/pamer-koalisi-dan-strategi-saling-kunci-jokowi-vs-prabowo,ADVERTISEMENT SCROLL TO CONTINUE WITH CONTENT
Koalisi Jokowi Buka Pintu untuk Partai yang Tak Happy Ending,"Selasa, 24 Jul 2018 08:24 WIB",https://www.cnnindonesia.com/nasional/20180724080422-32-316451/koalisi-jokowi-buka-pintu-untuk-partai-yang-tak-happy-ending,ADVERTISEMENT SCROLL TO CONTINUE WITH CONTENT
"Tanpa Dihadiri PKS, Pertemuan PA 212 Sepakat Usung Prabowo","Selasa, 24 Jul 2018 07:53 WIB",https://www.cnnindonesia.com/nasional/20180724073854-32-316446/tanpa-dihadiri-pks-pertemuan-pa-212-sepakat-usung-prabowo,ADVERTISEMENT SCROLL TO CONTINUE WITH CONTENT
PKS Desak Gerindra Umumkan Capres-Cawapres Akhir Juli,"Selasa, 24 Jul 2018 06:49 WIB",https://www.cnnindonesia.com/nasional/20180723193343-32-316399/pks-desak-gerindra-umumkan-capres-cawapres-akhir-juli,ADVERTISEMENT SCROLL TO CONTINUE WITH CONTENT
PA 212 Sebut Demokrat Mendekat ke Koalisi Keumatan,"Selasa, 24 Jul 2018 03:40 WIB",https://www.cnnindonesia.com/nasional/20180724005603-32-316433/pa-212-sebut-demokrat-mendekat-ke-koalisi-keumatan,ADVERTISEMENT SCROLL TO CONTINUE WITH CONTENT
PA 212 Klaim Godok 2 Nama Cawapres untuk Dampingi Prabowo,"Selasa, 24 Jul 2018 03:20 WIB",https://www.cnnindonesia.com/nasional/20180724010132-32-316434/pa-212-klaim-godok-2-nama-cawapres-untuk-dampingi-prabowo,ADVERTISEMENT SCROLL TO CONTINUE WITH CONTENT
Survei Median Paparkan Elektabilitas Jokowi Hanya 35 Persen,"Senin, 23 Jul 2018 21:16 WIB",https://www.cnnindonesia.com/nasional/20180723204018-32-316417/survei-median-paparkan-elektabilitas-jokowi-hanya-35-persen,ADVERTISEMENT SCROLL TO CONTINUE WITH CONTENT
Waketum Gerindra Enggan Minta Maaf Usai Sebut AHY Anak Kecil,"Senin, 23 Jul 2018 20:58 WIB",https://www.cnnindonesia.com/nasional/20180723203909-32-316413/waketum-gerindra-enggan-minta-maaf-usai-sebut-ahy-anak-kecil,ADVERTISEMENT SCROLL TO CONTINUE WITH CONTENT
"Bersama Amien Rais, Prabowo Hadiri Pertemuan PA 212","Senin, 23 Jul 2018 20:34 WIB",https://www.cnnindonesia.com/nasional/20180723202235-32-316408/bersama-amien-rais-prabowo-hadiri-pertemuan-pa-212,ADVERTISEMENT SCROLL TO CONTINUE WITH CONTENT
"PA 212 Gelar Rapat, Undang Prabowo Hingga Tommy Soeharto","Senin, 23 Jul 2018 18:05 WIB",https://www.cnnindonesia.com/nasional/20180723174240-32-316357/pa-212-gelar-rapat-undang-prabowo-hingga-tommy-soeharto,ADVERTISEMENT SCROLL TO CONTINUE WITH CONTENT
"Tak Cuma AHY, Demokrat Siap Dengar Tawaran Cawapres Prabowo","Senin, 23 Jul 2018 17:21 WIB",https://www.cnnindonesia.com/nasional/20180723141257-32-316294/tak-cuma-ahy-demokrat-siap-dengar-tawaran-cawapres-prabowo,ADVERTISEMENT SCROLL TO CONTINUE WITH CONTENT
"Janji Tuntaskan Program, Anies Tetap Tak Tegas Soal Pilpres","Senin, 23 Jul 2018 15:40 WIB",https://www.cnnindonesia.com/nasional/20180723141421-20-316293/janji-tuntaskan-program-anies-tetap-tak-tegas-soal-pilpres,ADVERTISEMENT SCROLL TO CONTINUE WITH CONTENT
Prabowo Tegur Arief Poyuono karena Sebut AHY Anak Kecil,"Senin, 23 Jul 2018 14:36 WIB",https://www.cnnindonesia.com/nasional/20180723142236-32-316299/prabowo-tegur-arief-poyuono-karena-sebut-ahy-anak-kecil,ADVERTISEMENT SCROLL TO CONTINUE WITH CONTENT
"Peta Politik di Tangan MK, Jokowi-JK atau Prabowo-Anies","Senin, 23 Jul 2018 11:40 WIB",https://www.cnnindonesia.com/nasional/20180723105828-32-316218/peta-politik-di-tangan-mk-jokowi-jk-atau-prabowo-anies,ADVERTISEMENT SCROLL TO CONTINUE WITH CONTENT
Demokrat Jatim Lebih Pilih Jokowi Ketimbang Prabowo,"Minggu, 22 Jul 2018 19:19 WIB",https://www.cnnindonesia.com/nasional/20180722190301-32-316118/demokrat-jatim-lebih-pilih-jokowi-ketimbang-prabowo,ADVERTISEMENT SCROLL TO CONTINUE WITH CONTENT
Petinggi Gerindra-PD Bertemu Sebelum Pertemuan SBY-Prabowo,"Minggu, 22 Jul 2018 15:02 WIB",https://www.cnnindonesia.com/nasional/20180722144012-32-316082/petinggi-gerindra-pd-bertemu-sebelum-pertemuan-sby-prabowo,ADVERTISEMENT SCROLL TO CONTINUE WITH CONTENT
"Deklarasi Prabowo Capres, Massa Jual Kaos Untuk Galang Dana","Sabtu, 21 Jul 2018 17:17 WIB",https://www.cnnindonesia.com/nasional/20180721162421-32-315970/deklarasi-prabowo-capres-massa-jual-kaos-untuk-galang-dana,ADVERTISEMENT SCROLL TO CONTINUE WITH CONTENT
AHY Nilai Dirinya Selalu Dijadikan Komoditas Politik,"Sabtu, 21 Jul 2018 01:16 WIB",https://www.cnnindonesia.com/nasional/20180721010246-32-315872/ahy-nilai-dirinya-selalu-dijadikan-komoditas-politik,ADVERTISEMENT SCROLL TO CONTINUE WITH CONTENT
Relawan-relawan Jokowi Akan Gelar Pertemuan di Sentul,"Jumat, 20 Jul 2018 22:21 WIB",https://www.cnnindonesia.com/nasional/20180720201955-32-315853/relawan-relawan-jokowi-akan-gelar-pertemuan-di-sentul,ADVERTISEMENT SCROLL TO CONTINUE WITH CONTENT
"Usai Dirawat di RSPAD, SBY Kembali Kerja dan Beri Arahan","Jumat, 20 Jul 2018 19:40 WIB",https://www.cnnindonesia.com/nasional/20180720191120-32-315819/usai-dirawat-di-rspad-sby-kembali-kerja-dan-beri-arahan,ADVERTISEMENT SCROLL TO CONTINUE WITH CONTENT
Gerindra: Jokowi Masih Kesulitan Cari Cawapres 2019,"Jumat, 20 Jul 2018 18:44 WIB",https://www.cnnindonesia.com/nasional/20180720181856-32-315802/gerindra-jokowi-masih-kesulitan-cari-cawapres-2019,ADVERTISEMENT SCROLL TO CONTINUE WITH CONTENT
BMKG: Waspada Gelombang Tinggi di Pesisir Selatan Pulau Jawa,"Jumat, 20 Jul 2018 16:02 WIB",https://www.cnnindonesia.com/nasional/20180720111752-20-315632/bmkg-waspada-gelombang-tinggi-di-pesisir-selatan-pulau-jawa,ADVERTISEMENT SCROLL TO CONTINUE WITH CONTENT
Gerindra Klaim Demokrat Cenderung ke Prabowo Ketimbang Jokowi,"Jumat, 20 Jul 2018 15:27 WIB",https://www.cnnindonesia.com/nasional/20180720135945-32-315684/gerindra-klaim-demokrat-cenderung-ke-prabowo-ketimbang-jokowi,ADVERTISEMENT SCROLL TO CONTINUE WITH CONTENT
Saat Anies Tertawa dan Malu-Malu Tanggapi Pilpres 2019,"Jumat, 20 Jul 2018 07:44 WIB",https://www.cnnindonesia.com/nasional/20180720073102-32-315578/saat-anies-tertawa-dan-malu-malu-tanggapi-pilpres-2019,ADVERTISEMENT SCROLL TO CONTINUE WITH CONTENT
"Survei LIPI: Demokrasi Kian Dipercaya, Parpol Makin Dijauhi","Jumat, 20 Jul 2018 03:06 WIB",https://www.cnnindonesia.com/nasional/20180720025810-32-315566/survei-lipi-demokrasi-kian-dipercaya-parpol-makin-dijauhi,ADVERTISEMENT SCROLL TO CONTINUE WITH CONTENT
Bamsoet Sebut Lebih Baik PAN dan Demokrat Merapat ke Gerindra,"Kamis, 19 Jul 2018 18:19 WIB",https://www.cnnindonesia.com/nasional/20180719174801-32-315490/bamsoet-sebut-lebih-baik-pan-dan-demokrat-merapat-ke-gerindra,ADVERTISEMENT SCROLL TO CONTINUE WITH CONTENT
Prabowo Duga Ada yang Ingin Jegal Anies Jadi Cawapres,"Kamis, 19 Jul 2018 16:54 WIB",https://www.cnnindonesia.com/nasional/20180719155909-32-315447/prabowo-duga-ada-yang-ingin-jegal-anies-jadi-cawapres,ADVERTISEMENT SCROLL TO CONTINUE WITH CONTENT
Aburizal Bakrie Sebut SBY Sakit Infeksi Ginjal,"Kamis, 19 Jul 2018 15:24 WIB",https://www.cnnindonesia.com/nasional/20180719151629-20-315414/aburizal-bakrie-sebut-sby-sakit-infeksi-ginjal,ADVERTISEMENT SCROLL TO CONTINUE WITH CONTENT
BJ Habibie Besuk SBY di RSPAD Gatot Soebroto,"Kamis, 19 Jul 2018 14:44 WIB",https://www.cnnindonesia.com/nasional/20180719143850-20-315388/bj-habibie-besuk-sby-di-rspad-gatot-soebroto,ADVERTISEMENT SCROLL TO CONTINUE WITH CONTENT
"Survei LIPI: Capres 'Sederhana, Merakyat' Ungguli 'Berwibawa'","Kamis, 19 Jul 2018 13:17 WIB",https://www.cnnindonesia.com/nasional/20180719124758-32-315365/survei-lipi-capres-sederhana-merakyat-ungguli-berwibawa,ADVERTISEMENT SCROLL TO CONTINUE WITH CONTENT
NasDem Bantah Kehadiran Riza Chalid terkait Pilpres 2019,"Kamis, 19 Jul 2018 12:39 WIB",https://www.cnnindonesia.com/nasional/20180719113036-32-315360/nasdem-bantah-kehadiran-riza-chalid-terkait-pilpres-2019,ADVERTISEMENT SCROLL TO CONTINUE WITH CONTENT
"Jenguk ke RSPAD, Jokowi Doakan SBY Cepat Sembuh","Kamis, 19 Jul 2018 11:23 WIB",https://www.cnnindonesia.com/nasional/20180719111150-32-315314/jenguk-ke-rspad-jokowi-doakan-sby-cepat-sembuh,ADVERTISEMENT SCROLL TO CONTINUE WITH CONTENT
Jokowi-JK Jenguk SBY di RSPAD,"Kamis, 19 Jul 2018 10:52 WIB",https://www.cnnindonesia.com/nasional/20180719104233-20-315303/jokowi-jk-jenguk-sby-di-rspad,ADVERTISEMENT SCROLL TO CONTINUE WITH CONTENT
Golkar Sebut Gerindra Berpeluang Gabung Koalisi Jokowi,"Kamis, 19 Jul 2018 06:25 WIB",https://www.cnnindonesia.com/nasional/20180718141926-32-315090/golkar-sebut-gerindra-berpeluang-gabung-koalisi-jokowi,ADVERTISEMENT SCROLL TO CONTINUE WITH CONTENT
"Ditanya Cawapres, Prabowo Seloroh Sama Ganteng dengan AHY","Rabu, 18 Jul 2018 20:45 WIB",https://www.cnnindonesia.com/nasional/20180718202827-32-315228/ditanya-cawapres-prabowo-seloroh-sama-ganteng-dengan-ahy,ADVERTISEMENT SCROLL TO CONTINUE WITH CONTENT
Prabowo Kenang Masa Muda saat Jenguk SBY di RSPAD,"Rabu, 18 Jul 2018 19:59 WIB",https://www.cnnindonesia.com/nasional/20180718195116-20-315218/prabowo-kenang-masa-muda-saat-jenguk-sby-di-rspad,ADVERTISEMENT SCROLL TO CONTINUE WITH CONTENT
Prabowo Tak Mau Bicara Politik dengan SBY di Rumah Sakit,"Rabu, 18 Jul 2018 19:16 WIB",https://www.cnnindonesia.com/nasional/20180718190156-32-315193/prabowo-tak-mau-bicara-politik-dengan-sby-di-rumah-sakit,ADVERTISEMENT SCROLL TO CONTINUE WITH CONTENT
Manuver Prabowo Jadi Tanda Tanya di Benak Mahfudz Siddiq,"Rabu, 18 Jul 2018 17:56 WIB",https://www.cnnindonesia.com/nasional/20180718174913-32-315156/manuver-prabowo-jadi-tanda-tanya-di-benak-mahfudz-siddiq,ADVERTISEMENT SCROLL TO CONTINUE WITH CONTENT
"Prabowo Besuk SBY Sore Ini, Tak Akan Bahas Politik","Rabu, 18 Jul 2018 17:00 WIB",https://www.cnnindonesia.com/nasional/20180718164853-32-315137/prabowo-besuk-sby-sore-ini-tak-akan-bahas-politik,ADVERTISEMENT SCROLL TO CONTINUE WITH CONTENT
"Belum Ada yang Meminang, Anies Tak Mau Bicara Pilpres","Rabu, 18 Jul 2018 16:18 WIB",https://www.cnnindonesia.com/nasional/20180718135547-32-315075/belum-ada-yang-meminang-anies-tak-mau-bicara-pilpres,ADVERTISEMENT SCROLL TO CONTINUE WITH CONTENT
Demokrat Sebut SBY Sakit Bukan Karena Stres Politik,"Rabu, 18 Jul 2018 15:43 WIB",https://www.cnnindonesia.com/nasional/20180718153545-32-315117/demokrat-sebut-sby-sakit-bukan-karena-stres-politik,ADVERTISEMENT SCROLL TO CONTINUE WITH CONTENT
Demokrat: Hubungan SBY-Megawati Jadi Barier Dukung Jokowi,"Rabu, 18 Jul 2018 14:36 WIB",https://www.cnnindonesia.com/nasional/20180718142114-32-315085/demokrat-hubungan-sby-megawati-jadi-barier-dukung-jokowi,ADVERTISEMENT SCROLL TO CONTINUE WITH CONTENT
Prabowo Berencana Jenguk SBY di RSPAD,"Rabu, 18 Jul 2018 13:24 WIB",https://www.cnnindonesia.com/nasional/20180718124855-32-315056/prabowo-berencana-jenguk-sby-di-rspad,ADVERTISEMENT SCROLL TO CONTINUE WITH CONTENT
Politik SARA Diproyeksi Tak Laku 'Digoreng' di Pilpres 2019,"Rabu, 18 Jul 2018 12:42 WIB",https://www.cnnindonesia.com/nasional/20180718100127-32-315002/politik-sara-diproyeksi-tak-laku-digoreng-di-pilpres-2019,ADVERTISEMENT SCROLL TO CONTINUE WITH CONTENT
Zulhas: Mudah-mudahan SBY Segera Sembuh Kalau Benar Sakit,"Rabu, 18 Jul 2018 11:45 WIB",https://www.cnnindonesia.com/nasional/20180718105110-32-315015/zulhas-mudah-mudahan-sby-segera-sembuh-kalau-benar-sakit,ADVERTISEMENT SCROLL TO CONTINUE WITH CONTENT
Demokrat Klaim Masih Samakan Visi dengan Gerindra,"Rabu, 18 Jul 2018 11:32 WIB",https://www.cnnindonesia.com/nasional/20180717132104-32-314740/demokrat-klaim-masih-samakan-visi-dengan-gerindra,ADVERTISEMENT SCROLL TO CONTINUE WITH CONTENT
Haris Azhar Serukan Golput Jika Capres Tak Usung Masalah Riil,"Rabu, 18 Jul 2018 10:24 WIB",https://www.cnnindonesia.com/nasional/20180718071937-32-314980/haris-azhar-serukan-golput-jika-capres-tak-usung-masalah-riil,ADVERTISEMENT SCROLL TO CONTINUE WITH CONTENT
"SBY Sakit, Pertemuan dengan Prabowo Ditunda","Rabu, 18 Jul 2018 09:14 WIB",https://www.cnnindonesia.com/nasional/20180718091122-32-314992/sby-sakit-pertemuan-dengan-prabowo-ditunda,ADVERTISEMENT SCROLL TO CONTINUE WITH CONTENT
Gerindra Klaim Utamakan Kader daripada Artis untuk Caleg DPR,"Rabu, 18 Jul 2018 08:48 WIB",https://www.cnnindonesia.com/nasional/20180718032536-32-314946/gerindra-klaim-utamakan-kader-daripada-artis-untuk-caleg-dpr,ADVERTISEMENT SCROLL TO CONTINUE WITH CONTENT
PKS Dambakan Presiden Lebih Muda dari Jokowi-Prabowo,"Rabu, 18 Jul 2018 08:28 WIB",https://www.cnnindonesia.com/nasional/20180717185137-32-314893/pks-dambakan-presiden-lebih-muda-dari-jokowi-prabowo,ADVERTISEMENT SCROLL TO CONTINUE WITH CONTENT
"Usai Bertemu Puan, Prabowo Singgung Kenaikan Harga Telur","Rabu, 18 Jul 2018 07:15 WIB",https://www.cnnindonesia.com/nasional/20180718070049-32-314974/usai-bertemu-puan-prabowo-singgung-kenaikan-harga-telur,ADVERTISEMENT SCROLL TO CONTINUE WITH CONTENT
Pertemuan SBY-Prabowo Ancam Peluang Poros Ketiga di Pilpres,"Rabu, 18 Jul 2018 07:01 WIB",https://www.cnnindonesia.com/nasional/20180717221806-32-314928/pertemuan-sby-prabowo-ancam-peluang-poros-ketiga-di-pilpres,ADVERTISEMENT SCROLL TO CONTINUE WITH CONTENT
"Prabowo Bertemu Puan, PKS Tak Cemas Ditinggal Gerindra","Rabu, 18 Jul 2018 05:36 WIB",https://www.cnnindonesia.com/nasional/20180718040203-32-314949/prabowo-bertemu-puan-pks-tak-cemas-ditinggal-gerindra,ADVERTISEMENT SCROLL TO CONTINUE WITH CONTENT
Survei KedaiKOPI: Kadar Religius Jokowi dan Prabowo Rendah,"Rabu, 18 Jul 2018 04:07 WIB",https://www.cnnindonesia.com/nasional/20180717183433-32-314892/survei-kedaikopi-kadar-religius-jokowi-dan-prabowo-rendah,ADVERTISEMENT SCROLL TO CONTINUE WITH CONTENT
Prabowo Bakal Bahas AHY Cawapres Bareng SBY,"Rabu, 18 Jul 2018 02:13 WIB",https://www.cnnindonesia.com/nasional/20180717210747-32-314912/prabowo-bakal-bahas-ahy-cawapres-bareng-sby,ADVERTISEMENT SCROLL TO CONTINUE WITH CONTENT
Hasto: Pertemuan Puan-Prabowo Sudah Dikonsultasi ke Megawati,"Rabu, 18 Jul 2018 00:44 WIB",https://www.cnnindonesia.com/nasional/20180717220926-32-314927/hasto-pertemuan-puan-prabowo-sudah-dikonsultasi-ke-megawati,ADVERTISEMENT SCROLL TO CONTINUE WITH CONTENT
Gerindra Ajukan Berkas Caleg dengan Map 2019 Prabowo Presiden,"Selasa, 17 Jul 2018 23:55 WIB",https://www.cnnindonesia.com/nasional/20180717234529-32-314934/gerindra-ajukan-berkas-caleg-dengan-map-2019-prabowo-presiden,ADVERTISEMENT SCROLL TO CONTINUE WITH CONTENT
"Prabowo Masih Rangkul Parpol, PDIP Banggakan Koalisi Solid","Selasa, 17 Jul 2018 21:32 WIB",https://www.cnnindonesia.com/nasional/20180717211235-32-314916/prabowo-masih-rangkul-parpol-pdip-banggakan-koalisi-solid,ADVERTISEMENT SCROLL TO CONTINUE WITH CONTENT
Prabowo: Saya Merasa Dekat dengan Keluarga Puan,"Selasa, 17 Jul 2018 19:04 WIB",https://www.cnnindonesia.com/nasional/20180717181832-32-314888/prabowo-saya-merasa-dekat-dengan-keluarga-puan,ADVERTISEMENT SCROLL TO CONTINUE WITH CONTENT
Mobil Puan Maharani Berbalik Arah Tak Jauh dari Rumah Prabowo,"Selasa, 17 Jul 2018 16:59 WIB",https://www.cnnindonesia.com/nasional/20180717164011-32-314846/mobil-puan-maharani-berbalik-arah-tak-jauh-dari-rumah-prabowo,ADVERTISEMENT SCROLL TO CONTINUE WITH CONTENT
"Empat Nama Masuk Kantong Prabowo, Anies dan AHY Masuk Daftar","Selasa, 17 Jul 2018 15:05 WIB",https://www.cnnindonesia.com/nasional/20180717142149-32-314786/empat-nama-masuk-kantong-prabowo-anies-dan-ahy-masuk-daftar,ADVERTISEMENT SCROLL TO CONTINUE WITH CONTENT
Sandiaga Sebut Prabowo Akan Bertemu Puan Hari Ini,"Selasa, 17 Jul 2018 13:35 WIB",https://www.cnnindonesia.com/nasional/20180717132139-32-314736/sandiaga-sebut-prabowo-akan-bertemu-puan-hari-ini,ADVERTISEMENT SCROLL TO CONTINUE WITH CONTENT
"Jika Maju Pilpres, Anies Harus Izin Jokowi Maksimal 27 Juli","Selasa, 17 Jul 2018 10:15 WIB",https://www.cnnindonesia.com/nasional/20180717091640-32-314679/jika-maju-pilpres-anies-harus-izin-jokowi-maksimal-27-juli,ADVERTISEMENT SCROLL TO CONTINUE WITH CONTENT
Sekjen PAN Tegaskan Koalisi dengan Gerindra Belum Final,"Selasa, 17 Jul 2018 06:45 WIB",https://www.cnnindonesia.com/nasional/20180716203408-32-314631/sekjen-pan-tegaskan-koalisi-dengan-gerindra-belum-final,ADVERTISEMENT SCROLL TO CONTINUE WITH CONTENT
Prabowo Temui Said Aqil di Kantor PBNU,"Senin, 16 Jul 2018 22:12 WIB",https://www.cnnindonesia.com/nasional/20180716220442-32-314639/prabowo-temui-said-aqil-di-kantor-pbnu,ADVERTISEMENT SCROLL TO CONTINUE WITH CONTENT
Demokrat: Pertemuan SBY-Prabowo akan Penuh Kejutan,"Senin, 16 Jul 2018 18:21 WIB",https://www.cnnindonesia.com/nasional/20180716181129-32-314595/demokrat-pertemuan-sby-prabowo-akan-penuh-kejutan,ADVERTISEMENT SCROLL TO CONTINUE WITH CONTENT
PKS Belum Sepakat Tawaran Politik Gerindra soal Prabowo,"Senin, 16 Jul 2018 16:40 WIB",https://www.cnnindonesia.com/nasional/20180716162810-32-314549/pks-belum-sepakat-tawaran-politik-gerindra-soal-prabowo,ADVERTISEMENT SCROLL TO CONTINUE WITH CONTENT
Demokrat Masih Bimbang Dukung Jokowi atau Prabowo,"Senin, 16 Jul 2018 15:52 WIB",https://www.cnnindonesia.com/nasional/20180716154254-32-314537/demokrat-masih-bimbang-dukung-jokowi-atau-prabowo,ADVERTISEMENT SCROLL TO CONTINUE WITH CONTENT
"Akui Koalisi Belum Final, Gerindra Masih Harapkan PAN dan PKS","Senin, 16 Jul 2018 14:57 WIB",https://www.cnnindonesia.com/nasional/20180716140039-32-314513/akui-koalisi-belum-final-gerindra-masih-harapkan-pan-dan-pks,ADVERTISEMENT SCROLL TO CONTINUE WITH CONTENT
Prabowo-SBY Bertemu Rabu Lusa Bahas Pilpres 2019,"Senin, 16 Jul 2018 13:57 WIB",https://www.cnnindonesia.com/nasional/20180716134626-32-314498/prabowo-sby-bertemu-rabu-lusa-bahas-pilpres-2019,ADVERTISEMENT SCROLL TO CONTINUE WITH CONTENT
Anies Baswedan Kembali Menghindar Ditanya Pilpres 2019,"Senin, 16 Jul 2018 11:53 WIB",https://www.cnnindonesia.com/nasional/20180716103355-32-314421/anies-baswedan-kembali-menghindar-ditanya-pilpres-2019,ADVERTISEMENT SCROLL TO CONTINUE WITH CONTENT
Jokowi Akui Mahfud MD dan TGB Masuk Daftar Cawapres,"Senin, 16 Jul 2018 11:41 WIB",https://www.cnnindonesia.com/nasional/20180716112446-32-314444/jokowi-akui-mahfud-md-dan-tgb-masuk-daftar-cawapres,ADVERTISEMENT SCROLL TO CONTINUE WITH CONTENT
Netizen Ledek Anies Baswedan Penyebab Kekalahan Kroasia,"Senin, 16 Jul 2018 09:58 WIB",https://www.cnnindonesia.com/nasional/20180716093211-20-314404/netizen-ledek-anies-baswedan-penyebab-kekalahan-kroasia,ADVERTISEMENT SCROLL TO CONTINUE WITH CONTENT
Gatot Nurmantyo dan Harapan Kejutan Oposisi di Pilpres 2019,"Senin, 16 Jul 2018 07:59 WIB",https://www.cnnindonesia.com/nasional/20180716072027-32-314386/gatot-nurmantyo-dan-harapan-kejutan-oposisi-di-pilpres-2019,ADVERTISEMENT SCROLL TO CONTINUE WITH CONTENT
"Belum Usung Capres, Partai Berkarya Antisipasi Poros Ketiga","Senin, 16 Jul 2018 06:32 WIB",https://www.cnnindonesia.com/nasional/20180715191047-32-314223/belum-usung-capres-partai-berkarya-antisipasi-poros-ketiga,ADVERTISEMENT SCROLL TO CONTINUE WITH CONTENT
Anies Sebut Belum Ada Partai yang Tawari Maju Pilpres 2019,"Senin, 16 Jul 2018 05:41 WIB",https://www.cnnindonesia.com/nasional/20180715192956-32-314226/anies-sebut-belum-ada-partai-yang-tawari-maju-pilpres-2019,ADVERTISEMENT SCROLL TO CONTINUE WITH CONTENT
"Alumni 212 Bersyukur Gerindra, PKS, dan PAN Sepakat Koalisi","Minggu, 15 Jul 2018 10:36 WIB",https://www.cnnindonesia.com/nasional/20180714111630-32-313994/alumni-212-bersyukur-gerindra-pks-dan-pan-sepakat-koalisi,ADVERTISEMENT SCROLL TO CONTINUE WITH CONTENT
PPP Nilai Hanya Kubu Prabowo yang Patut Jadi Penantang Jokowi,"Minggu, 15 Jul 2018 04:45 WIB",https://www.cnnindonesia.com/nasional/20180714172616-32-314043/ppp-nilai-hanya-kubu-prabowo-yang-patut-jadi-penantang-jokowi,ADVERTISEMENT SCROLL TO CONTINUE WITH CONTENT
"PKS, Gerindra dan PAN Bicarakan Jatah Menteri untuk Demokrat","Minggu, 15 Jul 2018 01:06 WIB",https://www.cnnindonesia.com/nasional/20180714203919-32-314072/pks-gerindra-dan-pan-bicarakan-jatah-menteri-untuk-demokrat,ADVERTISEMENT SCROLL TO CONTINUE WITH CONTENT
"Koalisi Gerindra Usung Prabowo, PDIP Buka Pintu ke Demokrat","Sabtu, 14 Jul 2018 21:41 WIB",https://www.cnnindonesia.com/nasional/20180714183104-32-314056/koalisi-gerindra-usung-prabowo-pdip-buka-pintu-ke-demokrat,ADVERTISEMENT SCROLL TO CONTINUE WITH CONTENT
PKS Sebut Demokrat Sulit Ajukan Cawapres di Koalisi Prabowo,"Sabtu, 14 Jul 2018 20:56 WIB",https://www.cnnindonesia.com/nasional/20180714204100-32-314073/pks-sebut-demokrat-sulit-ajukan-cawapres-di-koalisi-prabowo,ADVERTISEMENT SCROLL TO CONTINUE WITH CONTENT
Presiden PKS Minta Anies Baswedan Fokus Pimpin Jakarta,"Sabtu, 14 Jul 2018 20:30 WIB",https://www.cnnindonesia.com/nasional/20180714201914-32-314067/presiden-pks-minta-anies-baswedan-fokus-pimpin-jakarta,ADVERTISEMENT SCROLL TO CONTINUE WITH CONTENT
Presiden PKS Tegaskan Kesepakatan Prabowo Capres Belum Final,"Sabtu, 14 Jul 2018 19:55 WIB",https://www.cnnindonesia.com/nasional/20180714195004-32-314061/presiden-pks-tegaskan-kesepakatan-prabowo-capres-belum-final,ADVERTISEMENT SCROLL TO CONTINUE WITH CONTENT
"Sempat Mengelak, Anies Tiba di DPP PKS","Sabtu, 14 Jul 2018 17:39 WIB",https://www.cnnindonesia.com/nasional/20180714173315-32-314044/sempat-mengelak-anies-tiba-di-dpp-pks,ADVERTISEMENT SCROLL TO CONTINUE WITH CONTENT
"Gerindra, PKS, PAN Sepakat Koalisi Usung Prabowo Jadi Capres","Sabtu, 14 Jul 2018 16:26 WIB",https://www.cnnindonesia.com/nasional/20180714161630-32-314034/gerindra-pks-pan-sepakat-koalisi-usung-prabowo-jadi-capres,ADVERTISEMENT SCROLL TO CONTINUE WITH CONTENT
Drama Bowo Alpenliebe dan Rezeki Bocah Tik Tok,Tanggal tidak ditemukan,https://www.cnnindonesia.com/hiburan/20180713113623-234-313768/drama-bowo-alpenliebe-dan-rezeki-bocah-tik-tok,ADVERTISEMENT SCROLL TO CONTINUE WITH CONTENT
Janji Manis Anies untuk Jakarta Hingga Jabatan Habis,"Sabtu, 14 Jul 2018 11:07 WIB",https://www.cnnindonesia.com/nasional/20180714105749-32-313991/janji-manis-anies-untuk-jakarta-hingga-jabatan-habis,ADVERTISEMENT SCROLL TO CONTINUE WITH CONTENT
Menimbang Cawapres Prabowo dan Peluang Menjungkalkan Jokowi,"Sabtu, 14 Jul 2018 08:45 WIB",https://www.cnnindonesia.com/nasional/20180713161552-32-313837/menimbang-cawapres-prabowo-dan-peluang-menjungkalkan-jokowi,ADVERTISEMENT SCROLL TO CONTINUE WITH CONTENT
PKS Gembira AHY Bukan Harga Mati Cawapres Demokrat,"Sabtu, 14 Jul 2018 05:52 WIB",https://www.cnnindonesia.com/nasional/20180714051317-32-313978/pks-gembira-ahy-bukan-harga-mati-cawapres-demokrat,ADVERTISEMENT SCROLL TO CONTINUE WITH CONTENT
"Ajukan 10 Calon Menteri ke Prabowo, PKS Sertakan Rizal Ramli","Jumat, 13 Jul 2018 18:51 WIB",https://www.cnnindonesia.com/nasional/20180713171018-32-313869/ajukan-10-calon-menteri-ke-prabowo-pks-sertakan-rizal-ramli,ADVERTISEMENT SCROLL TO CONTINUE WITH CONTENT
"Mengaku Diundang, Elite Demokrat Sambangi Kantor PDIP","Jumat, 13 Jul 2018 14:02 WIB",https://www.cnnindonesia.com/nasional/20180713135231-32-313797/mengaku-diundang-elite-demokrat-sambangi-kantor-pdip,ADVERTISEMENT SCROLL TO CONTINUE WITH CONTENT
Empat Parpol Pendukung Jokowi Diklaim Akan Dukung Prabowo,"Jumat, 13 Jul 2018 05:54 WIB",https://www.cnnindonesia.com/nasional/20180712193304-32-313672/empat-parpol-pendukung-jokowi-diklaim-akan-dukung-prabowo,ADVERTISEMENT SCROLL TO CONTINUE WITH CONTENT
Roy Suryo Akui Demokrat Mulai Realistis Menatap Pilpres 2019,"Jumat, 13 Jul 2018 00:38 WIB",https://www.cnnindonesia.com/nasional/20180713002916-32-313704/roy-suryo-akui-demokrat-mulai-realistis-menatap-pilpres-2019,ADVERTISEMENT SCROLL TO CONTINUE WITH CONTENT
Gerindra Umumkan Cawapres Prabowo Subianto Sebelum 10 Agustus,"Kamis, 12 Jul 2018 23:09 WIB",https://www.cnnindonesia.com/nasional/20180712225158-32-313699/gerindra-umumkan-cawapres-prabowo-subianto-sebelum-10-agustus,ADVERTISEMENT SCROLL TO CONTINUE WITH CONTENT
Gerindra: Prabowo dan SBY Bertemu Pekan Depan,"Kamis, 12 Jul 2018 20:23 WIB",https://www.cnnindonesia.com/nasional/20180712161525-32-313594/gerindra-prabowo-dan-sby-bertemu-pekan-depan,ADVERTISEMENT SCROLL TO CONTINUE WITH CONTENT
PAN Deklarasi Dukung Prabowo Bila Zulkifli Hasan Cawapres,"Kamis, 12 Jul 2018 19:08 WIB",https://www.cnnindonesia.com/nasional/20180712163815-32-313605/pan-deklarasi-dukung-prabowo-bila-zulkifli-hasan-cawapres,ADVERTISEMENT SCROLL TO CONTINUE WITH CONTENT
"Prabowo Tak Ada, Gerindra Belum Teken Pakta Integritas Pemilu","Kamis, 12 Jul 2018 18:55 WIB",https://www.cnnindonesia.com/nasional/20180712162237-32-313600/prabowo-tak-ada-gerindra-belum-teken-pakta-integritas-pemilu,ADVERTISEMENT SCROLL TO CONTINUE WITH CONTENT
Demokrat Jamin 'Netral' di 2014 Tak Terulang di Pilpres 2019,"Kamis, 12 Jul 2018 18:12 WIB",https://www.cnnindonesia.com/nasional/20180712141812-32-313567/demokrat-jamin-netral-di-2014-tak-terulang-di-pilpres-2019,ADVERTISEMENT SCROLL TO CONTINUE WITH CONTENT
PKS Klaim Anies dan AHY Sudah di Saku Prabowo,"Kamis, 12 Jul 2018 17:01 WIB",https://www.cnnindonesia.com/nasional/20180712134633-32-313548/pks-klaim-anies-dan-ahy-sudah-di-saku-prabowo,ADVERTISEMENT SCROLL TO CONTINUE WITH CONTENT
Anies Anggap Surat Politikus PKS soal Capres Salah Alamat,"Kamis, 12 Jul 2018 16:47 WIB",https://www.cnnindonesia.com/nasional/20180712133629-32-313552/anies-anggap-surat-politikus-pks-soal-capres-salah-alamat,ADVERTISEMENT SCROLL TO CONTINUE WITH CONTENT
Sandiaga Uno Sindir Jokowi Tak Berani Umumkan Nama Cawapres,"Kamis, 12 Jul 2018 05:37 WIB",https://www.cnnindonesia.com/nasional/20180712053139-32-313449/sandiaga-uno-sindir-jokowi-tak-berani-umumkan-nama-cawapres,ADVERTISEMENT SCROLL TO CONTINUE WITH CONTENT
Gerindra Pastikan Jaga Kesetiaan PKS untuk Pilpres 2019,"Kamis, 12 Jul 2018 05:18 WIB",https://www.cnnindonesia.com/nasional/20180711143219-32-313270/gerindra-pastikan-jaga-kesetiaan-pks-untuk-pilpres-2019,ADVERTISEMENT SCROLL TO CONTINUE WITH CONTENT
"Cak Imin, Anies dan Gatot Masuk Daftar Cawapres Prabowo","Rabu, 11 Jul 2018 21:17 WIB",https://www.cnnindonesia.com/nasional/20180711203507-32-313392/cak-imin-anies-dan-gatot-masuk-daftar-cawapres-prabowo,ADVERTISEMENT SCROLL TO CONTINUE WITH CONTENT
"Cemas Anies Maju Pilpres, Mahfudz Siddiq Buat Surat Terbuka","Rabu, 11 Jul 2018 15:23 WIB",https://www.cnnindonesia.com/nasional/20180711143508-32-313274/cemas-anies-maju-pilpres-mahfudz-siddiq-buat-surat-terbuka,ADVERTISEMENT SCROLL TO CONTINUE WITH CONTENT
Politik Dagang Sapi di Balik Gaduh Bursa Cawapres,"Rabu, 11 Jul 2018 11:42 WIB",https://www.cnnindonesia.com/nasional/20180711101838-32-313195/politik-dagang-sapi-di-balik-gaduh-bursa-cawapres,ADVERTISEMENT SCROLL TO CONTINUE WITH CONTENT
Gerindra Serius Pertimbangkan Anies Jadi Cawapres Prabowo,"Rabu, 11 Jul 2018 05:36 WIB",https://www.cnnindonesia.com/nasional/20180710181324-32-313037/gerindra-serius-pertimbangkan-anies-jadi-cawapres-prabowo,ADVERTISEMENT SCROLL TO CONTINUE WITH CONTENT
Mendagri Tak Larang Kepala Daerah Dukung Capres Selain Jokowi,"Rabu, 11 Jul 2018 05:17 WIB",https://www.cnnindonesia.com/nasional/20180710160539-32-313007/mendagri-tak-larang-kepala-daerah-dukung-capres-selain-jokowi,ADVERTISEMENT SCROLL TO CONTINUE WITH CONTENT
Gerindra Yakin PKS Tak Egois Soal Cawapres Prabowo,"Rabu, 11 Jul 2018 05:02 WIB",https://www.cnnindonesia.com/nasional/20180710183948-32-313046/gerindra-yakin-pks-tak-egois-soal-cawapres-prabowo,ADVERTISEMENT SCROLL TO CONTINUE WITH CONTENT
Eggi soal Anies Nyapres: Jangan Sampai Jadi Orang Munafik,"Selasa, 10 Jul 2018 20:33 WIB",https://www.cnnindonesia.com/nasional/20180710184758-32-313066/eggi-soal-anies-nyapres-jangan-sampai-jadi-orang-munafik,ADVERTISEMENT SCROLL TO CONTINUE WITH CONTENT
"Survei LSI: Prabowo, Gatot, Anies, Calon Lawan Kuat Jokowi","Selasa, 10 Jul 2018 20:05 WIB",https://www.cnnindonesia.com/nasional/20180710191650-32-313069/survei-lsi-prabowo-gatot-anies-calon-lawan-kuat-jokowi,ADVERTISEMENT SCROLL TO CONTINUE WITH CONTENT
Din Syamsuddin: Sebutan 'Cebong'-'Kampret' Bukan Ahlak Islam,"Selasa, 10 Jul 2018 19:22 WIB",https://www.cnnindonesia.com/nasional/20180710164326-32-313015/din-syamsuddin-sebutan-cebong-kampret-bukan-ahlak-islam,ADVERTISEMENT SCROLL TO CONTINUE WITH CONTENT
"Bertemu SBY, Airlangga Utarakan Rencana Maju Cawapres","Selasa, 10 Jul 2018 19:13 WIB",https://www.cnnindonesia.com/nasional/20180710190337-32-313064/bertemu-sby-airlangga-utarakan-rencana-maju-cawapres,ADVERTISEMENT SCROLL TO CONTINUE WITH CONTENT
SBY: Demokrat Tidak Punya Capres,"Selasa, 10 Jul 2018 18:04 WIB",https://www.cnnindonesia.com/nasional/20180710175901-32-313027/sby-demokrat-tidak-punya-capres,ADVERTISEMENT SCROLL TO CONTINUE WITH CONTENT
Eks Ketua KPK Abraham Samad Incar Posisi Cawapres Jokowi,"Selasa, 10 Jul 2018 18:01 WIB",https://www.cnnindonesia.com/nasional/20180710161520-32-312999/eks-ketua-kpk-abraham-samad-incar-posisi-cawapres-jokowi,ADVERTISEMENT SCROLL TO CONTINUE WITH CONTENT
Survei LSI: Posisi Jokowi Belum Aman,"Selasa, 10 Jul 2018 17:26 WIB",https://www.cnnindonesia.com/nasional/20180710161537-32-312998/survei-lsi-posisi-jokowi-belum-aman,ADVERTISEMENT SCROLL TO CONTINUE WITH CONTENT
Luhut Sebut Dukungan Pensiunan Kopassus ke Prabowo Hal Biasa,"Selasa, 10 Jul 2018 17:08 WIB",https://www.cnnindonesia.com/nasional/20180710142749-32-312963/luhut-sebut-dukungan-pensiunan-kopassus-ke-prabowo-hal-biasa,ADVERTISEMENT SCROLL TO CONTINUE WITH CONTENT
Tifatul: Cawapres Harus dari PKS Tak Bisa Ditawar,"Selasa, 10 Jul 2018 15:02 WIB",https://www.cnnindonesia.com/nasional/20180710143407-32-312966/tifatul-cawapres-harus-dari-pks-tak-bisa-ditawar,ADVERTISEMENT SCROLL TO CONTINUE WITH CONTENT
"PKB Ngotot Usung Cak Imin, PPP Ikhlas Romi Tak Dipilih Jokowi","Selasa, 10 Jul 2018 14:32 WIB",https://www.cnnindonesia.com/nasional/20180710135131-32-312950/pkb-ngotot-usung-cak-imin-ppp-ikhlas-romi-tak-dipilih-jokowi,ADVERTISEMENT SCROLL TO CONTINUE WITH CONTENT
Donasi Warga untuk Prabowo Maju Pilpres 2019 Capai Rp1 Miliar,"Selasa, 10 Jul 2018 12:24 WIB",https://www.cnnindonesia.com/nasional/20180710121656-32-312928/donasi-warga-untuk-prabowo-maju-pilpres-2019-capai-rp1-miliar,ADVERTISEMENT SCROLL TO CONTINUE WITH CONTENT
Sanksi Demokrat untuk TGB Bukan karena Dukung Jokowi,"Selasa, 10 Jul 2018 09:56 WIB",https://www.cnnindonesia.com/nasional/20180710094353-32-312882/sanksi-demokrat-untuk-tgb-bukan-karena-dukung-jokowi,ADVERTISEMENT SCROLL TO CONTINUE WITH CONTENT
"Janji Belum Lunas, DPRD DKI Minta Anies Tak Maju Pilpres","Selasa, 10 Jul 2018 07:44 WIB",https://www.cnnindonesia.com/nasional/20180710071241-32-312860/janji-belum-lunas-dprd-dki-minta-anies-tak-maju-pilpres,ADVERTISEMENT SCROLL TO CONTINUE WITH CONTENT
Koalisi Oposisi Matangkan Formasi Calon Penantang Jokowi,"Selasa, 10 Jul 2018 06:42 WIB",https://www.cnnindonesia.com/nasional/20180709194324-32-312804/koalisi-oposisi-matangkan-formasi-calon-penantang-jokowi,ADVERTISEMENT SCROLL TO CONTINUE WITH CONTENT
PKS: Anies Lebih Layak Diusung Jadi Capres,"Selasa, 10 Jul 2018 06:27 WIB",https://www.cnnindonesia.com/nasional/20180709211952-32-312830/pks-anies-lebih-layak-diusung-jadi-capres,ADVERTISEMENT SCROLL TO CONTINUE WITH CONTENT
"Tabayun, GNPF Ulama Belum Coret Nama TGB dari Bursa Capres","Senin, 09 Jul 2018 22:24 WIB",https://www.cnnindonesia.com/nasional/20180709204300-32-312820/tabayun-gnpf-ulama-belum-coret-nama-tgb-dari-bursa-capres,ADVERTISEMENT SCROLL TO CONTINUE WITH CONTENT
Desmond Gerindra Soal Amien Rais Capres: Orang Tua ini Lucu,"Senin, 09 Jul 2018 20:38 WIB",https://www.cnnindonesia.com/nasional/20180709191314-32-312796/desmond-gerindra-soal-amien-rais-capres-orang-tua-ini-lucu,ADVERTISEMENT SCROLL TO CONTINUE WITH CONTENT
"Soal Capres, Demokrat Masih Terpaku di Jokowi dan Prabowo","Senin, 09 Jul 2018 19:59 WIB",https://www.cnnindonesia.com/nasional/20180709191535-32-312799/soal-capres-demokrat-masih-terpaku-di-jokowi-dan-prabowo,ADVERTISEMENT SCROLL TO CONTINUE WITH CONTENT
"'Cebong dan Kampret', Sinisme Dua Kubu Nihil Gagasan","Senin, 09 Jul 2018 19:30 WIB",https://www.cnnindonesia.com/nasional/20180709153148-32-312746/cebong-dan-kampret-sinisme-dua-kubu-nihil-gagasan,ADVERTISEMENT SCROLL TO CONTINUE WITH CONTENT
"TGB Disebut Seperti Hary Tanoe, Dukung Jokowi Karena Terpojok","Senin, 09 Jul 2018 19:01 WIB",https://www.cnnindonesia.com/nasional/20180709174132-32-312771/tgb-disebut-seperti-hary-tanoe-dukung-jokowi-karena-terpojok,ADVERTISEMENT SCROLL TO CONTINUE WITH CONTENT
Demokrat Klaim Prabowo Siap Terima AHY Jadi Cawapres,"Senin, 09 Jul 2018 15:11 WIB",https://www.cnnindonesia.com/nasional/20180709150405-32-312717/demokrat-klaim-prabowo-siap-terima-ahy-jadi-cawapres,ADVERTISEMENT SCROLL TO CONTINUE WITH CONTENT
Pasangan 'Asyik' Beri Selamat pada Ridwan Kamil,"Senin, 09 Jul 2018 14:51 WIB",https://www.cnnindonesia.com/nasional/20180709141040-32-312694/pasangan-asyik-beri-selamat-pada-ridwan-kamil,ADVERTISEMENT SCROLL TO CONTINUE WITH CONTENT
Gerindra Tutup Opsi Usung Anies Jadi Capres,"Senin, 09 Jul 2018 14:05 WIB",https://www.cnnindonesia.com/nasional/20180709135329-32-312690/gerindra-tutup-opsi-usung-anies-jadi-capres,ADVERTISEMENT SCROLL TO CONTINUE WITH CONTENT
Demokrat Pastikan Sanksi TGB Dukung Jokowi,"Senin, 09 Jul 2018 12:48 WIB",https://www.cnnindonesia.com/nasional/20180709121427-32-312663/demokrat-pastikan-sanksi-tgb-dukung-jokowi,ADVERTISEMENT SCROLL TO CONTINUE WITH CONTENT
Hatta Rajasa Lebih Pilih Keluarga Ketimbang Pilpres 2019,"Senin, 09 Jul 2018 05:56 WIB",https://www.cnnindonesia.com/nasional/20180709052156-32-312586/hatta-rajasa-lebih-pilih-keluarga-ketimbang-pilpres-2019,ADVERTISEMENT SCROLL TO CONTINUE WITH CONTENT
Anies Bantah Temui Prabowo Minta Restu Maju Pilpres 2019,"Minggu, 08 Jul 2018 22:28 WIB",https://www.cnnindonesia.com/nasional/20180708205119-32-312546/anies-bantah-temui-prabowo-minta-restu-maju-pilpres-2019,ADVERTISEMENT SCROLL TO CONTINUE WITH CONTENT
Strategi 'Kontes Kecantikan' Jokowi Pilih Cawapres,"Minggu, 08 Jul 2018 09:31 WIB",https://www.cnnindonesia.com/nasional/20180707184501-32-312334/strategi-kontes-kecantikan-jokowi-pilih-cawapres,ADVERTISEMENT SCROLL TO CONTINUE WITH CONTENT
Prabowo Singgung Pelemahan Rupiah Era Jokowi,"Minggu, 08 Jul 2018 08:09 WIB",https://www.cnnindonesia.com/nasional/20180707123422-32-312286/prabowo-singgung-pelemahan-rupiah-era-jokowi,ADVERTISEMENT SCROLL TO CONTINUE WITH CONTENT
Prabowo Ingin Sudirman Said Jadi Penasihatnya di Pilpres 2019,"Minggu, 08 Jul 2018 03:10 WIB",https://www.cnnindonesia.com/nasional/20180708023550-32-312391/prabowo-ingin-sudirman-said-jadi-penasihatnya-di-pilpres-2019,ADVERTISEMENT SCROLL TO CONTINUE WITH CONTENT
Prabowo-Sudirman Said Pertimbangkan Gugat Pilgub Jateng ke MK,"Minggu, 08 Jul 2018 02:32 WIB",https://www.cnnindonesia.com/nasional/20180708021617-32-312388/prabowo-sudirman-said-pertimbangkan-gugat-pilgub-jateng-ke-mk,ADVERTISEMENT SCROLL TO CONTINUE WITH CONTENT
"Bangun Koalisi Besar, Prabowo Akan Temui SBY dan Puan","Minggu, 08 Jul 2018 00:38 WIB",https://www.cnnindonesia.com/nasional/20180707202517-32-312346/bangun-koalisi-besar-prabowo-akan-temui-sby-dan-puan,ADVERTISEMENT SCROLL TO CONTINUE WITH CONTENT
Prabowo Persoalkan Penunjukan Iriawan Jadi Penjabat Gubernur,"Sabtu, 07 Jul 2018 23:06 WIB",https://www.cnnindonesia.com/nasional/20180707135812-32-312295/prabowo-persoalkan-penunjukan-iriawan-jadi-penjabat-gubernur,ADVERTISEMENT SCROLL TO CONTINUE WITH CONTENT
Prabowo Anggap Dukungan TGB ke Jokowi Bukan Ancaman,"Sabtu, 07 Jul 2018 21:42 WIB",https://www.cnnindonesia.com/nasional/20180707192148-32-312337/prabowo-anggap-dukungan-tgb-ke-jokowi-bukan-ancaman,ADVERTISEMENT SCROLL TO CONTINUE WITH CONTENT
Ketum Gerindra Klaim Sudrajat-Syaikhu Menang di Pilgub Jabar,"Sabtu, 07 Jul 2018 21:13 WIB",https://www.cnnindonesia.com/nasional/20180707205108-32-312350/ketum-gerindra-klaim-sudrajat-syaikhu-menang-di-pilgub-jabar,ADVERTISEMENT SCROLL TO CONTINUE WITH CONTENT
Gerindra: Anies di Pilpres 2019 Tergantung Prabowo,"Sabtu, 07 Jul 2018 15:43 WIB",https://www.cnnindonesia.com/nasional/20180707145513-32-312301/gerindra-anies-di-pilpres-2019-tergantung-prabowo,ADVERTISEMENT SCROLL TO CONTINUE WITH CONTENT
Partai Berkarya Sebut Tommy-Rizieq Sempat Singgung Pilpres,"Sabtu, 07 Jul 2018 15:05 WIB",https://www.cnnindonesia.com/nasional/20180707145634-20-312302/partai-berkarya-sebut-tommy-rizieq-sempat-singgung-pilpres,ADVERTISEMENT SCROLL TO CONTINUE WITH CONTENT
Demokrat Sebut Prabowo Butuh AHY untuk Gaet Pemilih Muda,"Sabtu, 07 Jul 2018 14:13 WIB",https://www.cnnindonesia.com/nasional/20180707132253-32-312291/demokrat-sebut-prabowo-butuh-ahy-untuk-gaet-pemilih-muda,ADVERTISEMENT SCROLL TO CONTINUE WITH CONTENT
Prabowo: Anies Calon Wakil Presiden yang Serius,"Sabtu, 07 Jul 2018 13:41 WIB",https://www.cnnindonesia.com/nasional/20180707133410-32-312292/prabowo-anies-calon-wakil-presiden-yang-serius,ADVERTISEMENT SCROLL TO CONTINUE WITH CONTENT
Prabowo Sebut Elite Negara Pengkhianat Pancasila,"Sabtu, 07 Jul 2018 13:08 WIB",https://www.cnnindonesia.com/nasional/20180707115949-32-312283/prabowo-sebut-elite-negara-pengkhianat-pancasila,ADVERTISEMENT SCROLL TO CONTINUE WITH CONTENT
Tes Pasar Politik JK dan Fragmentasi Suara Golkar,"Sabtu, 07 Jul 2018 12:45 WIB",https://www.cnnindonesia.com/nasional/20180706112923-32-311972/tes-pasar-politik-jk-dan-fragmentasi-suara-golkar,ADVERTISEMENT SCROLL TO CONTINUE WITH CONTENT
Prabowo Akui Kopassus Membentuk Karakter Berpolitiknya,"Sabtu, 07 Jul 2018 12:14 WIB",https://www.cnnindonesia.com/nasional/20180707112641-32-312281/prabowo-akui-kopassus-membentuk-karakter-berpolitiknya,ADVERTISEMENT SCROLL TO CONTINUE WITH CONTENT
"Temui Rizieq di Mekkah, Tommy Soeharto Tak Bahas Capres","Sabtu, 07 Jul 2018 11:58 WIB",https://www.cnnindonesia.com/nasional/20180707105133-32-312278/temui-rizieq-di-mekkah-tommy-soeharto-tak-bahas-capres,ADVERTISEMENT SCROLL TO CONTINUE WITH CONTENT
Aphelion dan Fenomena Suhu Lebih Dingin di Indonesia,"Sabtu, 07 Jul 2018 11:38 WIB",https://www.cnnindonesia.com/teknologi/20180707084801-199-312267/aphelion-dan-fenomena-suhu-lebih-dingin-di-indonesia,ADVERTISEMENT SCROLL TO CONTINUE WITH CONTENT
Purnawirawan Kopassus Dukung Prabowo di Pilpres 2019,"Sabtu, 07 Jul 2018 11:00 WIB",https://www.cnnindonesia.com/nasional/20180707104400-32-312279/purnawirawan-kopassus-dukung-prabowo-di-pilpres-2019,ADVERTISEMENT SCROLL TO CONTINUE WITH CONTENT
Potensi Penantang Kuat Jokowi dari Luar Parpol,"Sabtu, 07 Jul 2018 08:34 WIB",https://www.cnnindonesia.com/nasional/20180706205714-32-312178/potensi-penantang-kuat-jokowi-dari-luar-parpol,ADVERTISEMENT SCROLL TO CONTINUE WITH CONTENT
Prabowo Bahas Potensi AHY Cawapres dengan PKS dan PAN,"Sabtu, 07 Jul 2018 05:50 WIB",https://www.cnnindonesia.com/nasional/20180706225829-32-312192/prabowo-bahas-potensi-ahy-cawapres-dengan-pks-dan-pan,ADVERTISEMENT SCROLL TO CONTINUE WITH CONTENT
Sandi Ungkap Nama AHY dan Anies di Kantong Cawapres Prabowo,"Sabtu, 07 Jul 2018 05:12 WIB",https://www.cnnindonesia.com/nasional/20180707041048-32-312251/sandi-ungkap-nama-ahy-dan-anies-di-kantong-cawapres-prabowo,ADVERTISEMENT SCROLL TO CONTINUE WITH CONTENT
Prabowo: Rakyat Ingin Pemimpin yang Bersih,"Sabtu, 07 Jul 2018 04:47 WIB",https://www.cnnindonesia.com/nasional/20180706223251-32-312189/prabowo-rakyat-ingin-pemimpin-yang-bersih,ADVERTISEMENT SCROLL TO CONTINUE WITH CONTENT
Gerindra Tidak Gentar TGB Zainul Majdi Dukung Jokowi,"Sabtu, 07 Jul 2018 03:58 WIB",https://www.cnnindonesia.com/nasional/20180706213052-32-312179/gerindra-tidak-gentar-tgb-zainul-majdi-dukung-jokowi,ADVERTISEMENT SCROLL TO CONTINUE WITH CONTENT
Prabowo Mengaku Melirik AHY dan Sandiaga Uno Jadi Cawapres,"Sabtu, 07 Jul 2018 02:30 WIB",https://www.cnnindonesia.com/nasional/20180706212217-32-312172/prabowo-mengaku-melirik-ahy-dan-sandiaga-uno-jadi-cawapres,ADVERTISEMENT SCROLL TO CONTINUE WITH CONTENT
Gerindra Belum Bahas Wacana Prabowo-AHY dan Prabowo-Anies,"Sabtu, 07 Jul 2018 00:35 WIB",https://www.cnnindonesia.com/nasional/20180706202729-32-312151/gerindra-belum-bahas-wacana-prabowo-ahy-dan-prabowo-anies,ADVERTISEMENT SCROLL TO CONTINUE WITH CONTENT
Gerindra Klaim PAN Merapat karena Dapat Kursi Lebih Banyak,"Jumat, 06 Jul 2018 22:40 WIB",https://www.cnnindonesia.com/nasional/20180706135916-32-312015/gerindra-klaim-pan-merapat-karena-dapat-kursi-lebih-banyak,ADVERTISEMENT SCROLL TO CONTINUE WITH CONTENT
Prabowo: Indonesia Telah Kehilangan Kedaulatan Ekonomi,"Jumat, 06 Jul 2018 20:38 WIB",https://www.cnnindonesia.com/nasional/20180706201927-32-312149/prabowo-indonesia-telah-kehilangan-kedaulatan-ekonomi,ADVERTISEMENT SCROLL TO CONTINUE WITH CONTENT
Peneliti LIPI: Penantang Jokowi Bukan Lagi Prabowo,"Jumat, 06 Jul 2018 20:29 WIB",https://www.cnnindonesia.com/nasional/20180706192706-32-312145/peneliti-lipi-penantang-jokowi-bukan-lagi-prabowo,ADVERTISEMENT SCROLL TO CONTINUE WITH CONTENT
JK 'King Maker' di Pilpres 2019,"Jumat, 06 Jul 2018 17:50 WIB",https://www.cnnindonesia.com/nasional/20180706134944-32-312005/jk-king-maker-di-pilpres-2019,ADVERTISEMENT SCROLL TO CONTINUE WITH CONTENT
Elite Hanura Sebut Demokrat Makin Genit Populerkan AHY,"Jumat, 06 Jul 2018 16:25 WIB",https://www.cnnindonesia.com/nasional/20180706115518-32-311971/elite-hanura-sebut-demokrat-makin-genit-populerkan-ahy,ADVERTISEMENT SCROLL TO CONTINUE WITH CONTENT
Anies Sebut Zulhas Sering Ditanya soal Reklamasi di Daerah,"Jumat, 06 Jul 2018 15:39 WIB",https://www.cnnindonesia.com/nasional/20180706144004-32-312038/anies-sebut-zulhas-sering-ditanya-soal-reklamasi-di-daerah,ADVERTISEMENT SCROLL TO CONTINUE WITH CONTENT
"Opsi Duet Prabowo-AHY, Gerindra Optimis Demokrat Merapat","Jumat, 06 Jul 2018 14:47 WIB",https://www.cnnindonesia.com/nasional/20180706142952-32-312022/opsi-duet-prabowo-ahy-gerindra-optimis-demokrat-merapat,ADVERTISEMENT SCROLL TO CONTINUE WITH CONTENT
Hidayat Nur Wahid Belum Percaya TGB Dukung Jokowi Dua Periode,"Jumat, 06 Jul 2018 14:27 WIB",https://www.cnnindonesia.com/nasional/20180706133540-32-312003/hidayat-nur-wahid-belum-percaya-tgb-dukung-jokowi-dua-periode,ADVERTISEMENT SCROLL TO CONTINUE WITH CONTENT
PAN Bakal Tinggalkan Koalisi Jokowi,"Jumat, 06 Jul 2018 12:25 WIB",https://www.cnnindonesia.com/nasional/20180706122306-32-311978/pan-bakal-tinggalkan-koalisi-jokowi,ADVERTISEMENT SCROLL TO CONTINUE WITH CONTENT
"Modal Anies Pilpres, Jago Retorika dan Dekat Kelompok Islam","Jumat, 06 Jul 2018 10:00 WIB",https://www.cnnindonesia.com/nasional/20180706091053-32-311943/modal-anies-pilpres-jago-retorika-dan-dekat-kelompok-islam,ADVERTISEMENT SCROLL TO CONTINUE WITH CONTENT
"Coret TGB, Presidium Alumni 212 Tentukan Capres Pada 27 Juli","Jumat, 06 Jul 2018 06:32 WIB",https://www.cnnindonesia.com/nasional/20180705212912-32-311895/coret-tgb-presidium-alumni-212-tentukan-capres-pada-27-juli,ADVERTISEMENT SCROLL TO CONTINUE WITH CONTENT
Prabowo Sebut Situasi Perekonomian Mengkhawatirkan,"Jumat, 06 Jul 2018 05:59 WIB",https://www.cnnindonesia.com/nasional/20180706014018-32-311913/prabowo-sebut-situasi-perekonomian-mengkhawatirkan,ADVERTISEMENT SCROLL TO CONTINUE WITH CONTENT
Kemendagri dan BNPP Fokus 187 Titik Perbatasan Rawan Konflik,"Jumat, 06 Jul 2018 03:51 WIB",https://www.cnnindonesia.com/nasional/20180705213258-20-311896/kemendagri-dan-bnpp-fokus-187-titik-perbatasan-rawan-konflik,ADVERTISEMENT SCROLL TO CONTINUE WITH CONTENT
SMRC Sebut Anies Dicap Pengkhianat Jika Nyapres Tanpa Prabowo,"Jumat, 06 Jul 2018 01:46 WIB",https://www.cnnindonesia.com/nasional/20180705211146-32-311899/smrc-sebut-anies-dicap-pengkhianat-jika-nyapres-tanpa-prabowo,ADVERTISEMENT SCROLL TO CONTINUE WITH CONTENT
Demokrat Sebut Prabowo Ingin Berpasangan dengan AHY,"Jumat, 06 Jul 2018 00:06 WIB",https://www.cnnindonesia.com/nasional/20180706000119-32-311909/demokrat-sebut-prabowo-ingin-berpasangan-dengan-ahy,ADVERTISEMENT SCROLL TO CONTINUE WITH CONTENT
Mardani Ali Sera: Pilgub Jabar-Jateng Lampu Kuning ke Jokowi,"Kamis, 05 Jul 2018 21:30 WIB",https://www.cnnindonesia.com/nasional/20180705163512-32-311813/mardani-ali-sera-pilgub-jabar-jateng-lampu-kuning-ke-jokowi,ADVERTISEMENT SCROLL TO CONTINUE WITH CONTENT
"Syarif Hasan Temui Prabowo, Sampaikan Pesan Politik SBY","Kamis, 05 Jul 2018 20:10 WIB",https://www.cnnindonesia.com/nasional/20180705200426-32-311880/syarif-hasan-temui-prabowo-sampaikan-pesan-politik-sby,ADVERTISEMENT SCROLL TO CONTINUE WITH CONTENT
"Antisipasi Menang Pilpres, PKS Punya Skenario Bagi Kekuasaan","Kamis, 05 Jul 2018 18:54 WIB",https://www.cnnindonesia.com/nasional/20180705180842-32-311847/antisipasi-menang-pilpres-pks-punya-skenario-bagi-kekuasaan,ADVERTISEMENT SCROLL TO CONTINUE WITH CONTENT
Anies Tunggu Aba-Aba Tiga Ketum Parpol Jadi Capres 2019,"Kamis, 05 Jul 2018 16:51 WIB",https://www.cnnindonesia.com/nasional/20180705161430-32-311803/anies-tunggu-aba-aba-tiga-ketum-parpol-jadi-capres-2019,ADVERTISEMENT SCROLL TO CONTINUE WITH CONTENT
Menakar Gerilya Prabowo lewat 'Perang Udara' Jelang Pilpres,"Kamis, 05 Jul 2018 12:46 WIB",https://www.cnnindonesia.com/nasional/20180704123518-32-311447/menakar-gerilya-prabowo-lewat-perang-udara-jelang-pilpres,ADVERTISEMENT SCROLL TO CONTINUE WITH CONTENT
"Dukung Jokowi, TGB Dicoret dari Daftar Capres PA 212","Kamis, 05 Jul 2018 12:17 WIB",https://www.cnnindonesia.com/nasional/20180705115835-32-311712/dukung-jokowi-tgb-dicoret-dari-daftar-capres-pa-212,ADVERTISEMENT SCROLL TO CONTINUE WITH CONTENT
"Airlangga-Cak Imin Bertemu, Golkar Sebut Poros Ketiga Tak Ada","Kamis, 05 Jul 2018 09:35 WIB",https://www.cnnindonesia.com/nasional/20180704203917-32-311606/airlangga-cak-imin-bertemu-golkar-sebut-poros-ketiga-tak-ada,ADVERTISEMENT SCROLL TO CONTINUE WITH CONTENT
Gerindra Terus Rapatkan Barisan Godok Nama Cawapres Prabowo,"Kamis, 05 Jul 2018 07:05 WIB",https://www.cnnindonesia.com/nasional/20180704210338-32-311604/gerindra-terus-rapatkan-barisan-godok-nama-cawapres-prabowo,ADVERTISEMENT SCROLL TO CONTINUE WITH CONTENT
Golkar Sebut Dukungan TGB Tambah Kekuatan Jokowi di Pilpres,"Kamis, 05 Jul 2018 06:29 WIB",https://www.cnnindonesia.com/nasional/20180704222349-32-311613/golkar-sebut-dukungan-tgb-tambah-kekuatan-jokowi-di-pilpres,ADVERTISEMENT SCROLL TO CONTINUE WITH CONTENT
NasDem Sebut Kedekatan JK-Anies Bukan Ancaman Jokowi,"Kamis, 05 Jul 2018 00:51 WIB",https://www.cnnindonesia.com/nasional/20180704185342-32-311568/nasdem-sebut-kedekatan-jk-anies-bukan-ancaman-jokowi,ADVERTISEMENT SCROLL TO CONTINUE WITH CONTENT
Saling Bertetangga Jadi Alasan Anies Nebeng Mobil Wapres JK,"Rabu, 04 Jul 2018 23:07 WIB",https://www.cnnindonesia.com/nasional/20180704211427-20-311602/saling-bertetangga-jadi-alasan-anies-nebeng-mobil-wapres-jk,ADVERTISEMENT SCROLL TO CONTINUE WITH CONTENT
Sandi Ajak Puan 'Kuda-kudaan' Sambil Uji Venue Asian Games,"Rabu, 04 Jul 2018 19:59 WIB",https://www.cnnindonesia.com/nasional/20180704194558-20-311579/sandi-ajak-puan-kuda-kudaan-sambil-uji-venue-asian-games,ADVERTISEMENT SCROLL TO CONTINUE WITH CONTENT
Ridwan Kamil Sebut Aplikasi Tik Tok Bikin Hidup Sia-sia,"Rabu, 04 Jul 2018 18:48 WIB",https://www.cnnindonesia.com/nasional/20180704181736-20-311559/ridwan-kamil-sebut-aplikasi-tik-tok-bikin-hidup-sia-sia,ADVERTISEMENT SCROLL TO CONTINUE WITH CONTENT
Aji Mumpung Anies Baswedan 'Naik Kelas' di Pilpres 2019,"Rabu, 04 Jul 2018 17:20 WIB",https://www.cnnindonesia.com/nasional/20180704085957-32-311361/aji-mumpung-anies-baswedan-naik-kelas-di-pilpres-2019,ADVERTISEMENT SCROLL TO CONTINUE WITH CONTENT
PDIP Anggap Kedekatan JK-Anies Tak Terkait Pilpres,"Rabu, 04 Jul 2018 13:54 WIB",https://www.cnnindonesia.com/nasional/20180704131531-32-311449/pdip-anggap-kedekatan-jk-anies-tak-terkait-pilpres,ADVERTISEMENT SCROLL TO CONTINUE WITH CONTENT
Zulhas Goda Anies Maju Pilpres dan Romi Cawapres Jokowi,"Rabu, 04 Jul 2018 13:10 WIB",https://www.cnnindonesia.com/nasional/20180704123445-32-311436/zulhas-goda-anies-maju-pilpres-dan-romi-cawapres-jokowi,ADVERTISEMENT SCROLL TO CONTINUE WITH CONTENT
Ketum PPP Nilai Duet JK-AHY Tak Punya Prospek di Pilpres 2019,"Rabu, 04 Jul 2018 07:55 WIB",https://www.cnnindonesia.com/nasional/20180704065224-32-311308/ketum-ppp-nilai-duet-jk-ahy-tak-punya-prospek-di-pilpres-2019,ADVERTISEMENT SCROLL TO CONTINUE WITH CONTENT
SMRC: Prabowo Taklukkan Jokowi di Jabar Saat Pilkada 2018,"Selasa, 03 Jul 2018 20:33 WIB",https://www.cnnindonesia.com/nasional/20180703162547-32-311144/smrc-prabowo-taklukkan-jokowi-di-jabar-saat-pilkada-2018,ADVERTISEMENT SCROLL TO CONTINUE WITH CONTENT
Deretan Video Tik Tok yang Resahkan Netizen,"Selasa, 03 Jul 2018 19:23 WIB",https://www.cnnindonesia.com/teknologi/20180703185549-185-311191/deretan-video-tik-tok-yang-resahkan-netizen,ADVERTISEMENT SCROLL TO CONTINUE WITH CONTENT
Pencapresan JK Berpotensi Jadi Batu Sandungan Jokowi,"Selasa, 03 Jul 2018 18:07 WIB",https://www.cnnindonesia.com/nasional/20180703125042-32-311055/pencapresan-jk-berpotensi-jadi-batu-sandungan-jokowi,ADVERTISEMENT SCROLL TO CONTINUE WITH CONTENT
Uji Materi Ambang Batas Presiden Digelar Jelang Pendaftaran,"Selasa, 03 Jul 2018 14:55 WIB",https://www.cnnindonesia.com/nasional/20180703141409-32-311098/uji-materi-ambang-batas-presiden-digelar-jelang-pendaftaran,ADVERTISEMENT SCROLL TO CONTINUE WITH CONTENT
"Nama Anies Ramaikan Bursa Pilpres 2019, PAN Belum Terpincut","Selasa, 03 Jul 2018 14:01 WIB",https://www.cnnindonesia.com/nasional/20180703133300-32-311079/nama-anies-ramaikan-bursa-pilpres-2019-pan-belum-terpincut,ADVERTISEMENT SCROLL TO CONTINUE WITH CONTENT
Gerindra Akui Suara 'Asyik' Terkerek karena Ulama dan FPI,"Selasa, 03 Jul 2018 07:10 WIB",https://www.cnnindonesia.com/nasional/20180703064752-32-310981/gerindra-akui-suara-asyik-terkerek-karena-ulama-dan-fpi,ADVERTISEMENT SCROLL TO CONTINUE WITH CONTENT
Sandi Akui Anies Kian Kuat Dampingi Prabowo di Pilpres 2019,"Senin, 02 Jul 2018 23:44 WIB",https://www.cnnindonesia.com/nasional/20180702205236-32-310900/sandi-akui-anies-kian-kuat-dampingi-prabowo-di-pilpres-2019,ADVERTISEMENT SCROLL TO CONTINUE WITH CONTENT
Gerindra dan PKS Soroti Peluang Anies di Pilpres 2019,"Senin, 02 Jul 2018 18:20 WIB",https://www.cnnindonesia.com/nasional/20180702161950-32-310829/gerindra-dan-pks-soroti-peluang-anies-di-pilpres-2019,ADVERTISEMENT SCROLL TO CONTINUE WITH CONTENT
Mendagri Sebut Anies Baswedan Gubernur Indonesia,"Senin, 02 Jul 2018 12:35 WIB",https://www.cnnindonesia.com/nasional/20180702121241-20-310761/mendagri-sebut-anies-baswedan-gubernur-indonesia,ADVERTISEMENT SCROLL TO CONTINUE WITH CONTENT
Wacana Anies Capres Kembali Berhembus di Internal PKS,"Senin, 02 Jul 2018 11:56 WIB",https://www.cnnindonesia.com/nasional/20180702112927-32-310752/wacana-anies-capres-kembali-berhembus-di-internal-pks,ADVERTISEMENT SCROLL TO CONTINUE WITH CONTENT
Buruh Seret Isu Ojek Online untuk Kampanye Ganti Presiden,"Minggu, 01 Jul 2018 18:25 WIB",https://www.cnnindonesia.com/nasional/20180701180042-32-310586/buruh-seret-isu-ojek-online-untuk-kampanye-ganti-presiden,ADVERTISEMENT SCROLL TO CONTINUE WITH CONTENT
"Melejit di Jabar dan Jateng, Gerindra Mantap Bertarung 2019","Minggu, 01 Jul 2018 14:47 WIB",https://www.cnnindonesia.com/nasional/20180701131629-32-310558/melejit-di-jabar-dan-jateng-gerindra-mantap-bertarung-2019,ADVERTISEMENT SCROLL TO CONTINUE WITH CONTENT
Eggi Usul Prabowo Ikhlas Jadi Cawapres Amien Rais,"Sabtu, 30 Jun 2018 16:18 WIB",https://www.cnnindonesia.com/nasional/20180630153551-32-310383/eggi-usul-prabowo-ikhlas-jadi-cawapres-amien-rais,ADVERTISEMENT SCROLL TO CONTINUE WITH CONTENT
Pengamat: Pilkada Bikin Jokowi di Atas Angin untuk 2019,"Sabtu, 30 Jun 2018 14:09 WIB",https://www.cnnindonesia.com/nasional/20180630134257-32-310369/pengamat-pilkada-bikin-jokowi-di-atas-angin-untuk-2019,ADVERTISEMENT SCROLL TO CONTINUE WITH CONTENT
Fadli Zon: Koalisi Bahas Cawapres Prabowo Pekan Depan,"Sabtu, 30 Jun 2018 10:47 WIB",https://www.cnnindonesia.com/nasional/20180629174800-32-310255/fadli-zon-koalisi-bahas-cawapres-prabowo-pekan-depan,ADVERTISEMENT SCROLL TO CONTINUE WITH CONTENT
Rizal Ramli Ungkap Sebab Jokowi Bisa 'Tumbang',"Sabtu, 30 Jun 2018 04:52 WIB",https://www.cnnindonesia.com/nasional/20180630035107-20-310332/rizal-ramli-ungkap-sebab-jokowi-bisa-tumbang,ADVERTISEMENT SCROLL TO CONTINUE WITH CONTENT
"Gugatan Ditolak MK, JK Tetap Bisa Maju Capres di Pilpres 2019","Sabtu, 30 Jun 2018 01:28 WIB",https://www.cnnindonesia.com/nasional/20180629134812-32-310148/gugatan-ditolak-mk-jk-tetap-bisa-maju-capres-di-pilpres-2019,ADVERTISEMENT SCROLL TO CONTINUE WITH CONTENT
Pemungutan Suara Ulang di Lebak Diadakan Besok,"Jumat, 29 Jun 2018 23:47 WIB",https://www.cnnindonesia.com/nasional/20180629234538-32-310314/pemungutan-suara-ulang-di-lebak-diadakan-besok,ADVERTISEMENT SCROLL TO CONTINUE WITH CONTENT
Prabowo Ungkit Istilah 'Inlander' Saat Pidato di UBK,"Jumat, 29 Jun 2018 19:18 WIB",https://www.cnnindonesia.com/nasional/20180629173752-32-310244/prabowo-ungkit-istilah-inlander-saat-pidato-di-ubk,ADVERTISEMENT SCROLL TO CONTINUE WITH CONTENT
Amien Rais Ingin 2019 Presiden Cerdas dan Gagah Perkasa,"Jumat, 29 Jun 2018 19:01 WIB",https://www.cnnindonesia.com/nasional/20180629165832-32-310220/amien-rais-ingin-2019-presiden-cerdas-dan-gagah-perkasa,ADVERTISEMENT SCROLL TO CONTINUE WITH CONTENT
Prabowo soal Pilkada: Rakyat Capek dan Ingin Perubahan,"Jumat, 29 Jun 2018 17:42 WIB",https://www.cnnindonesia.com/nasional/20180629172316-32-310243/prabowo-soal-pilkada-rakyat-capek-dan-ingin-perubahan,ADVERTISEMENT SCROLL TO CONTINUE WITH CONTENT
"Amien Rais: Setelah Pilkada, Ganti Presiden Makin Terbuka","Jumat, 29 Jun 2018 16:37 WIB",https://www.cnnindonesia.com/nasional/20180629161542-32-310199/amien-rais-setelah-pilkada-ganti-presiden-makin-terbuka,ADVERTISEMENT SCROLL TO CONTINUE WITH CONTENT
Amien Rais Sebut Larangan Berpolitik di Masjid Kurang Ajar,"Jumat, 29 Jun 2018 16:18 WIB",https://www.cnnindonesia.com/nasional/20180629161106-32-310197/amien-rais-sebut-larangan-berpolitik-di-masjid-kurang-ajar,ADVERTISEMENT SCROLL TO CONTINUE WITH CONTENT
"Halalbihalal, Prabowo Sebut Rizal Ramli Calon Presiden","Jumat, 29 Jun 2018 16:01 WIB",https://www.cnnindonesia.com/nasional/20180629155235-32-310189/halalbihalal-prabowo-sebut-rizal-ramli-calon-presiden,ADVERTISEMENT SCROLL TO CONTINUE WITH CONTENT
Saat Anies Diantar JK Menggunakan Mobil RI-2,"Jumat, 29 Jun 2018 15:30 WIB",https://www.cnnindonesia.com/nasional/20180629142206-32-310152/saat-anies-diantar-jk-menggunakan-mobil-ri-2,ADVERTISEMENT SCROLL TO CONTINUE WITH CONTENT
"Suara Sudrajat Tinggi, Gerindra Anggap Prabowo Presiden Jabar","Jumat, 29 Jun 2018 13:32 WIB",https://www.cnnindonesia.com/nasional/20180629114419-32-310114/suara-sudrajat-tinggi-gerindra-anggap-prabowo-presiden-jabar,ADVERTISEMENT SCROLL TO CONTINUE WITH CONTENT
Menimbang Peluang Poros Ketiga Selepas Pilkada Serentak,"Jumat, 29 Jun 2018 10:02 WIB",https://www.cnnindonesia.com/nasional/20180629091503-32-310069/menimbang-peluang-poros-ketiga-selepas-pilkada-serentak,ADVERTISEMENT SCROLL TO CONTINUE WITH CONTENT
Menakar Peta Politik Pilpres 2019 Usai Pilkada Serentak,"Jumat, 29 Jun 2018 06:59 WIB",https://www.cnnindonesia.com/nasional/20180628131546-32-309789/menakar-peta-politik-pilpres-2019-usai-pilkada-serentak,ADVERTISEMENT SCROLL TO CONTINUE WITH CONTENT
Ketum PPP: PDIP Kehilangan Figur Lokal di Beberapa Provinsi,"Kamis, 28 Jun 2018 19:23 WIB",https://www.cnnindonesia.com/nasional/20180628164816-32-309854/ketum-ppp-pdip-kehilangan-figur-lokal-di-beberapa-provinsi,ADVERTISEMENT SCROLL TO CONTINUE WITH CONTENT
Sudrajat-Syaikhu Melejit di Pilgub Jabar karena Prabowo,"Kamis, 28 Jun 2018 10:58 WIB",https://www.cnnindonesia.com/nasional/20180628102920-32-309739/sudrajat-syaikhu-melejit-di-pilgub-jabar-karena-prabowo,ADVERTISEMENT SCROLL TO CONTINUE WITH CONTENT
Sudrajat-Syaikhu Menang Telak di TPS Prabowo Subianto,"Rabu, 27 Jun 2018 15:05 WIB",https://www.cnnindonesia.com/nasional/20180627145612-32-309474/sudrajat-syaikhu-menang-telak-di-tps-prabowo-subianto,ADVERTISEMENT SCROLL TO CONTINUE WITH CONTENT
Prabowo: Alhamdulillah Ada yangNyumbangRp5 Ribu,"Rabu, 27 Jun 2018 13:08 WIB",https://www.cnnindonesia.com/nasional/20180627123910-32-309428/prabowo-alhamdulillah-ada-yang-nyumbang-rp5-ribu,ADVERTISEMENT SCROLL TO CONTINUE WITH CONTENT
Prabowo Acungkan Jempol Bertinta usai 'Nyoblos',"Rabu, 27 Jun 2018 11:12 WIB",https://www.cnnindonesia.com/nasional/20180627105751-32-309398/prabowo-acungkan-jempol-bertinta-usai-nyoblos,ADVERTISEMENT SCROLL TO CONTINUE WITH CONTENT
"Yakin Menang, Syaikhu Bergegas Pantau Penghitungan di Posko","Rabu, 27 Jun 2018 10:48 WIB",https://www.cnnindonesia.com/nasional/20180627100339-20-309385/yakin-menang-syaikhu-bergegas-pantau-penghitungan-di-posko,ADVERTISEMENT SCROLL TO CONTINUE WITH CONTENT
Prabowo Nyoblos di TPS 'Merah Putih',"Rabu, 27 Jun 2018 09:00 WIB",https://www.cnnindonesia.com/nasional/20180627085014-32-309367/prabowo-nyoblos-di-tps-merah-putih,ADVERTISEMENT SCROLL TO CONTINUE WITH CONTENT
Tinju Prabowo Ditangkis Kabinet Kerja Jokowi,"Rabu, 27 Jun 2018 08:58 WIB",https://www.cnnindonesia.com/ekonomi/20180626214204-535-309262/tinju-prabowo-ditangkis-kabinet-kerja-jokowi,
"Fadli Zon: Prabowo Sudah Benar, Ini Memang Rezim Raja Utang","Selasa, 26 Jun 2018 21:52 WIB",https://www.cnnindonesia.com/nasional/20180626212413-32-309263/fadli-zon-prabowo-sudah-benar-ini-memang-rezim-raja-utang,ADVERTISEMENT SCROLL TO CONTINUE WITH CONTENT
Habiburokhman soal Dana Prabowo: Kami Enggak Punya Uang,"Selasa, 26 Jun 2018 20:50 WIB",https://www.cnnindonesia.com/nasional/20180626184115-32-309187/habiburokhman-soal-dana-prabowo-kami-enggak-punya-uang,ADVERTISEMENT SCROLL TO CONTINUE WITH CONTENT
Ngabalin Tantang Prabowo Adu Data Soal Biaya Pembangunan LRT,"Selasa, 26 Jun 2018 18:19 WIB",https://www.cnnindonesia.com/ekonomi/20180626173750-92-309164/ngabalin-tantang-prabowo-adu-data-soal-biaya-pembangunan-lrt,ADVERTISEMENT SCROLL TO CONTINUE WITH CONTENT
Bawaslu Sebut Prabowo Tak Mendidik Rakyat Soal Suap Pilkada,"Selasa, 26 Jun 2018 17:32 WIB",https://www.cnnindonesia.com/nasional/20180626134255-32-309091/bawaslu-sebut-prabowo-tak-mendidik-rakyat-soal-suap-pilkada,ADVERTISEMENT SCROLL TO CONTINUE WITH CONTENT
"SBY-JK Bertemu, Demokrat Berharap Bisa Koalisi dengan Golkar","Selasa, 26 Jun 2018 15:58 WIB",https://www.cnnindonesia.com/nasional/20180626152612-32-309128/sby-jk-bertemu-demokrat-berharap-bisa-koalisi-dengan-golkar,ADVERTISEMENT SCROLL TO CONTINUE WITH CONTENT
Pemerintah Sebut Tiang LRT Tinggi Agar Tak Ganggu Lalu Lintas,"Selasa, 26 Jun 2018 14:56 WIB",https://www.cnnindonesia.com/ekonomi/20180626140447-92-309092/pemerintah-sebut-tiang-lrt-tinggi-agar-tak-ganggu-lalu-lintas,ADVERTISEMENT SCROLL TO CONTINUE WITH CONTENT
Fahri Sebut Prabowo Jengkel Soal Suap di Balik Sembako,"Selasa, 26 Jun 2018 13:17 WIB",https://www.cnnindonesia.com/nasional/20180626130121-32-309080/fahri-sebut-prabowo-jengkel-soal-suap-di-balik-sembako,ADVERTISEMENT SCROLL TO CONTINUE WITH CONTENT
Reuni JK-SBY Mencari Peluang Poros Ketiga di Pilpres 2019,"Selasa, 26 Jun 2018 10:11 WIB",https://www.cnnindonesia.com/nasional/20180626074154-32-309035/reuni-jk-sby-mencari-peluang-poros-ketiga-di-pilpres-2019,ADVERTISEMENT SCROLL TO CONTINUE WITH CONTENT
"Prabowo Sarankan Terima Suap Pilkada, Bawaslu Bereaksi","Selasa, 26 Jun 2018 08:57 WIB",https://www.cnnindonesia.com/nasional/20180626074651-32-309037/prabowo-sarankan-terima-suap-pilkada-bawaslu-bereaksi,ADVERTISEMENT SCROLL TO CONTINUE WITH CONTENT
Jawaban Sri Mulyani Soal Prabowo Sebut Utang RI Rp9.000 T,"Selasa, 26 Jun 2018 07:19 WIB",https://www.cnnindonesia.com/ekonomi/20180626070341-532-309028/jawaban-sri-mulyani-soal-prabowo-sebut-utang-ri-rp9000-t,ADVERTISEMENT SCROLL TO CONTINUE WITH CONTENT
"HNW: Suara Teratas, Aher Paling Mungkin Jadi Cawapres Prabowo","Selasa, 26 Jun 2018 05:33 WIB",https://www.cnnindonesia.com/nasional/20180625172644-32-308915/hnw-suara-teratas-aher-paling-mungkin-jadi-cawapres-prabowo,ADVERTISEMENT SCROLL TO CONTINUE WITH CONTENT
"Dukung Prabowo soal Mark Up, Fahri Hamzah Enggan Naik LRT","Senin, 25 Jun 2018 21:33 WIB",https://www.cnnindonesia.com/nasional/20180625135115-32-308833/dukung-prabowo-soal-mark-up-fahri-hamzah-enggan-naik-lrt,ADVERTISEMENT SCROLL TO CONTINUE WITH CONTENT
"Sedih dengan Timnas, Prabowo Tak Pernah Nonton Piala Dunia","Senin, 25 Jun 2018 21:20 WIB",https://www.cnnindonesia.com/nasional/20180625170053-32-308893/sedih-dengan-timnas-prabowo-tak-pernah-nonton-piala-dunia,ADVERTISEMENT SCROLL TO CONTINUE WITH CONTENT
Prabowo Sebut Utang di Era Jokowi Capai Rp9 Ribu Triliun,"Senin, 25 Jun 2018 19:49 WIB",https://www.cnnindonesia.com/nasional/20180625193253-32-308924/prabowo-sebut-utang-di-era-jokowi-capai-rp9-ribu-triliun,ADVERTISEMENT SCROLL TO CONTINUE WITH CONTENT
JK Dikabarkan Bertemu SBY Malam Ini,"Senin, 25 Jun 2018 18:56 WIB",https://www.cnnindonesia.com/nasional/20180625185028-32-308911/jk-dikabarkan-bertemu-sby-malam-ini,ADVERTISEMENT SCROLL TO CONTINUE WITH CONTENT
Prabowo Kritik 1 Persen Warga Kuasai Kekayaan di Tanah Air,"Senin, 25 Jun 2018 17:58 WIB",https://www.cnnindonesia.com/nasional/20180625155701-32-308875/prabowo-kritik-1-persen-warga-kuasai-kekayaan-di-tanah-air,ADVERTISEMENT SCROLL TO CONTINUE WITH CONTENT
Fahri Sebut Prabowo Galang Dana karena Bisnis Dihambat,"Senin, 25 Jun 2018 17:49 WIB",https://www.cnnindonesia.com/nasional/20180625134936-32-308837/fahri-sebut-prabowo-galang-dana-karena-bisnis-dihambat,ADVERTISEMENT SCROLL TO CONTINUE WITH CONTENT
Prabowo: 'Power of People' Ujungnya akan Menang,"Senin, 25 Jun 2018 13:51 WIB",https://www.cnnindonesia.com/nasional/20180625134240-32-308825/prabowo-power-of-people-ujungnya-akan-menang,ADVERTISEMENT SCROLL TO CONTINUE WITH CONTENT
PAN Bela SBY Soal Data Aparat Tak Netral Saat Pilkada,"Senin, 25 Jun 2018 13:11 WIB",https://www.cnnindonesia.com/nasional/20180625125648-32-308817/pan-bela-sby-soal-data-aparat-tak-netral-saat-pilkada,ADVERTISEMENT SCROLL TO CONTINUE WITH CONTENT
"PAN Cari Alternatif, Prabowo dan Zulhas Bicarakan Koalisi","Senin, 25 Jun 2018 12:32 WIB",https://www.cnnindonesia.com/nasional/20180625121806-32-308809/pan-cari-alternatif-prabowo-dan-zulhas-bicarakan-koalisi,ADVERTISEMENT SCROLL TO CONTINUE WITH CONTENT
Yahya Staquf Jelaskan 'Kemesraan' Bertemu PM Israel Netanyahu,"Minggu, 24 Jun 2018 09:17 WIB",https://www.cnnindonesia.com/nasional/20180623210819-32-308445/yahya-staquf-jelaskan-kemesraan-bertemu-pm-israel-netanyahu,ADVERTISEMENT SCROLL TO CONTINUE WITH CONTENT
Prabowo Tak Yakin Indonesia Negara Terkuat 2045 Bisa Terwujud,"Sabtu, 23 Jun 2018 19:16 WIB",https://www.cnnindonesia.com/nasional/20180623183655-32-308423/prabowo-tak-yakin-indonesia-negara-terkuat-2045-bisa-terwujud,ADVERTISEMENT SCROLL TO CONTINUE WITH CONTENT
Prabowo Subianto: 'Rak Pateken' Saya Dibenci Elite Pemerintah,"Sabtu, 23 Jun 2018 19:00 WIB",https://www.cnnindonesia.com/nasional/20180623171308-32-308407/prabowo-subianto-rak-pateken-saya-dibenci-elite-pemerintah,ADVERTISEMENT SCROLL TO CONTINUE WITH CONTENT
Sudrajat Tak Percaya Hasil Survei Pilgub Jabar,"Sabtu, 23 Jun 2018 17:29 WIB",https://www.cnnindonesia.com/nasional/20180623154146-32-308378/sudrajat-tak-percaya-hasil-survei-pilgub-jabar,ADVERTISEMENT SCROLL TO CONTINUE WITH CONTENT
Menhub Bantah Ada Pembengkakan Dana LRT,"Sabtu, 23 Jun 2018 16:21 WIB",https://www.cnnindonesia.com/ekonomi/20180623145751-92-308363/menhub-bantah-ada-pembengkakan-dana-lrt,ADVERTISEMENT SCROLL TO CONTINUE WITH CONTENT
Galang Dana ala Prabowo dan 'Cek Ombak' Jelang Pilpres 2019,"Sabtu, 23 Jun 2018 13:01 WIB",https://www.cnnindonesia.com/nasional/20180623110201-32-308311/galang-dana-ala-prabowo-dan-cek-ombak-jelang-pilpres-2019,ADVERTISEMENT SCROLL TO CONTINUE WITH CONTENT
"SMRC: Jokowi Ungguli Prabowo di Jabar, Jateng dan Jatim","Sabtu, 23 Jun 2018 07:27 WIB",https://www.cnnindonesia.com/nasional/20180622194323-32-308194/smrc-jokowi-ungguli-prabowo-di-jabar-jateng-dan-jatim,ADVERTISEMENT SCROLL TO CONTINUE WITH CONTENT
Syarat-syarat Galang Dana yang Harus Dipenuhi Gerindra,"Sabtu, 23 Jun 2018 06:20 WIB",https://www.cnnindonesia.com/nasional/20180622140031-32-308057/syarat-syarat-galang-dana-yang-harus-dipenuhi-gerindra,ADVERTISEMENT SCROLL TO CONTINUE WITH CONTENT
Sandiaga Klaim Dorong Prabowo Galang Dana untuk Pemilu 2019,"Sabtu, 23 Jun 2018 01:13 WIB",https://www.cnnindonesia.com/nasional/20180623005144-20-308246/sandiaga-klaim-dorong-prabowo-galang-dana-untuk-pemilu-2019,ADVERTISEMENT SCROLL TO CONTINUE WITH CONTENT
Sudrajat Sebut Kaus #2019GantiPresiden Habis saat Lebaran,"Jumat, 22 Jun 2018 20:22 WIB",https://www.cnnindonesia.com/nasional/20180622201749-32-308199/sudrajat-sebut-kaus-2019gantipresiden-habis-saat-lebaran,ADVERTISEMENT SCROLL TO CONTINUE WITH CONTENT
Anies Respons Pernyataan Prabowo Soal 'Mark Up' LRT,"Jumat, 22 Jun 2018 19:57 WIB",https://www.cnnindonesia.com/nasional/20180622194223-20-308193/anies-respons-pernyataan-prabowo-soal-mark-up-lrt,ADVERTISEMENT SCROLL TO CONTINUE WITH CONTENT
Prabowo Hadir di Lokasi Debat Pemungkas Pilgub Jabar,"Jumat, 22 Jun 2018 19:48 WIB",https://www.cnnindonesia.com/nasional/20180622194509-32-308189/prabowo-hadir-di-lokasi-debat-pemungkas-pilgub-jabar,ADVERTISEMENT SCROLL TO CONTINUE WITH CONTENT
Politikus PKS: Prabowo Jujur Tak Punya Uang,"Jumat, 22 Jun 2018 19:22 WIB",https://www.cnnindonesia.com/nasional/20180622185223-32-308180/politikus-pks-prabowo-jujur-tak-punya-uang,ADVERTISEMENT SCROLL TO CONTINUE WITH CONTENT
Sekjen Akui Keuangan Gerindra Terbatas,"Jumat, 22 Jun 2018 18:55 WIB",https://www.cnnindonesia.com/nasional/20180622171213-32-308146/sekjen-akui-keuangan-gerindra-terbatas,ADVERTISEMENT SCROLL TO CONTINUE WITH CONTENT
Prabowo Sindir 'Uang Haram' Sembako dan Gelembung Dana BUMN,"Jumat, 22 Jun 2018 13:48 WIB",https://www.cnnindonesia.com/nasional/20180622132119-32-308042/prabowo-sindir-uang-haram-sembako-dan-gelembung-dana-bumn,ADVERTISEMENT SCROLL TO CONTINUE WITH CONTENT
Prabowo Galang Dana Pendukung untuk Pemilu,"Jumat, 22 Jun 2018 12:10 WIB",https://www.cnnindonesia.com/nasional/20180622115100-32-308032/prabowo-galang-dana-pendukung-untuk-pemilu,ADVERTISEMENT SCROLL TO CONTINUE WITH CONTENT
"Bantah Sandiaga, Demokrat Klaim Fokus Bangun Poros Ketiga","Kamis, 21 Jun 2018 19:35 WIB",https://www.cnnindonesia.com/nasional/20180621145854-32-307808/bantah-sandiaga-demokrat-klaim-fokus-bangun-poros-ketiga,ADVERTISEMENT SCROLL TO CONTINUE WITH CONTENT
Iriawan Dinilai Takkan Pengaruhi Hasil Pilgub Jabar,"Rabu, 20 Jun 2018 22:16 WIB",https://www.cnnindonesia.com/nasional/20180620185356-32-307585/iriawan-dinilai-takkan-pengaruhi-hasil-pilgub-jabar,ADVERTISEMENT SCROLL TO CONTINUE WITH CONTENT
Survei: Jokowi Unggul di Jateng dan Jabar Ketimbang Prabowo,"Rabu, 20 Jun 2018 20:44 WIB",https://www.cnnindonesia.com/nasional/20180620183454-32-307582/survei-jokowi-unggul-di-jateng-dan-jabar-ketimbang-prabowo,ADVERTISEMENT SCROLL TO CONTINUE WITH CONTENT
"Cuaca Bagus, Pencarian Penumpang KM Sinar Bangun Dilanjutkan","Rabu, 20 Jun 2018 09:43 WIB",https://www.cnnindonesia.com/nasional/20180620093201-20-307422/cuaca-bagus-pencarian-penumpang-km-sinar-bangun-dilanjutkan,ADVERTISEMENT SCROLL TO CONTINUE WITH CONTENT
BMKG Beri Peringatan Dini Sebelum KM Sinar Bangun Tenggelam,"Rabu, 20 Jun 2018 08:46 WIB",https://www.cnnindonesia.com/nasional/20180620084021-20-307411/bmkg-beri-peringatan-dini-sebelum-km-sinar-bangun-tenggelam,ADVERTISEMENT SCROLL TO CONTINUE WITH CONTENT
"Belum Umumkan Cawapres Prabowo, Sandi Ingin Hormati Jokowi","Selasa, 19 Jun 2018 20:09 WIB",https://www.cnnindonesia.com/nasional/20180619180504-32-307302/belum-umumkan-cawapres-prabowo-sandi-ingin-hormati-jokowi,ADVERTISEMENT SCROLL TO CONTINUE WITH CONTENT
ACTA Bantah Uji Materi Ambang Batas Terkait Capres Alternatif,"Selasa, 19 Jun 2018 00:32 WIB",https://www.cnnindonesia.com/nasional/20180618221519-12-307116/acta-bantah-uji-materi-ambang-batas-terkait-capres-alternatif,ADVERTISEMENT SCROLL TO CONTINUE WITH CONTENT
Poros Mekah dan Beijing Dinilai Upaya Memancing Konflik,"Minggu, 17 Jun 2018 19:41 WIB",https://www.cnnindonesia.com/nasional/20180617181334-32-306844/poros-mekah-dan-beijing-dinilai-upaya-memancing-konflik,ADVERTISEMENT SCROLL TO CONTINUE WITH CONTENT
"Lawan Poros Beijing, Poros Mekah Deklarasi Capres Agustus","Minggu, 17 Jun 2018 15:49 WIB",https://www.cnnindonesia.com/nasional/20180617144139-32-306811/lawan-poros-beijing-poros-mekah-deklarasi-capres-agustus,ADVERTISEMENT SCROLL TO CONTINUE WITH CONTENT
"Batas Ambang Digugat, Gerindra Tunggu Pembahasan Soal Koalisi","Minggu, 17 Jun 2018 14:49 WIB",https://www.cnnindonesia.com/nasional/20180617133250-32-306769/batas-ambang-digugat-gerindra-tunggu-pembahasan-soal-koalisi,ADVERTISEMENT SCROLL TO CONTINUE WITH CONTENT
Gerindra Nilai SP3 Beri Kepastian Hukum untuk Rizieq,"Minggu, 17 Jun 2018 06:33 WIB",https://www.cnnindonesia.com/nasional/20180616183907-32-306625/gerindra-nilai-sp3-beri-kepastian-hukum-untuk-rizieq,ADVERTISEMENT SCROLL TO CONTINUE WITH CONTENT
Gerindra Tak Terpengaruh Uji Materi Ambang Batas Presiden,"Minggu, 17 Jun 2018 06:06 WIB",https://www.cnnindonesia.com/nasional/20180616195800-32-306635/gerindra-tak-terpengaruh-uji-materi-ambang-batas-presiden,ADVERTISEMENT SCROLL TO CONTINUE WITH CONTENT
Prabowo Dijadwalkan Bertemu AHY dan SBY,"Sabtu, 16 Jun 2018 17:36 WIB",https://www.cnnindonesia.com/nasional/20180616160703-32-306582/prabowo-dijadwalkan-bertemu-ahy-dan-sby,ADVERTISEMENT SCROLL TO CONTINUE WITH CONTENT
Sandiaga Nilai Pemikiran Chairul Tanjung Cocok dengan Prabowo,"Sabtu, 16 Jun 2018 16:46 WIB",https://www.cnnindonesia.com/nasional/20180616163335-20-306585/sandiaga-nilai-pemikiran-chairul-tanjung-cocok-dengan-prabowo,ADVERTISEMENT SCROLL TO CONTINUE WITH CONTENT
Karyawan Kertas Nusantara Tagih Gaji dan THR Mandek 4 Tahun,"Jumat, 15 Jun 2018 09:44 WIB",https://www.cnnindonesia.com/ekonomi/20180614211233-92-306178/karyawan-kertas-nusantara-tagih-gaji-dan-thr-mandek-4-tahun,ADVERTISEMENT SCROLL TO CONTINUE WITH CONTENT
"Elektabilitas Masih Rendah, AHY Tak Buru-buru Maju Capres","Jumat, 15 Jun 2018 04:30 WIB",https://www.cnnindonesia.com/nasional/20180614114647-32-306031/elektabilitas-masih-rendah-ahy-tak-buru-buru-maju-capres,ADVERTISEMENT SCROLL TO CONTINUE WITH CONTENT
AHY soal Wacana Anies Maju Pilpres: Semua Orang Punya Hak,"Rabu, 13 Jun 2018 22:44 WIB",https://www.cnnindonesia.com/nasional/20180613201729-32-305974/ahy-soal-wacana-anies-maju-pilpres-semua-orang-punya-hak,ADVERTISEMENT SCROLL TO CONTINUE WITH CONTENT
FPI soal Pilpres: Kita Tetap Satu Komando di Bawah Rizieq,"Rabu, 13 Jun 2018 20:03 WIB",https://www.cnnindonesia.com/nasional/20180613195645-32-305965/fpi-soal-pilpres-kita-tetap-satu-komando-di-bawah-rizieq,ADVERTISEMENT SCROLL TO CONTINUE WITH CONTENT
Fadli Zon: Nuruzzaman Sudah Lama Tak Aktif di Gerindra,"Rabu, 13 Jun 2018 15:07 WIB",https://www.cnnindonesia.com/nasional/20180613135938-32-305824/fadli-zon-nuruzzaman-sudah-lama-tak-aktif-di-gerindra,ADVERTISEMENT SCROLL TO CONTINUE WITH CONTENT
Gerindra: Nuruzzaman Cari Sensasi Karena Mau Maju Caleg,"Rabu, 13 Jun 2018 14:38 WIB",https://www.cnnindonesia.com/nasional/20180613132349-32-305804/gerindra-nuruzzaman-cari-sensasi-karena-mau-maju-caleg,ADVERTISEMENT SCROLL TO CONTINUE WITH CONTENT
"Urai Macet Jelang Merak, Polisi Buang Arus Mudik Keluar Tol","Rabu, 13 Jun 2018 12:42 WIB",https://www.cnnindonesia.com/nasional/20180613121153-20-305780/urai-macet-jelang-merak-polisi-buang-arus-mudik-keluar-tol,ADVERTISEMENT SCROLL TO CONTINUE WITH CONTENT
"Kecewa Fadli Zon, Wasekjen Gerindra Mundur Usai Idul Fitri","Rabu, 13 Jun 2018 11:12 WIB",https://www.cnnindonesia.com/nasional/20180613105551-32-305765/kecewa-fadli-zon-wasekjen-gerindra-mundur-usai-idul-fitri,ADVERTISEMENT SCROLL TO CONTINUE WITH CONTENT
"Yusril: Jika Amien Rais Jadi Capres, PBB Tak Ikut Koalisi","Rabu, 13 Jun 2018 03:22 WIB",https://www.cnnindonesia.com/nasional/20180613020201-32-305710/yusril-jika-amien-rais-jadi-capres-pbb-tak-ikut-koalisi,ADVERTISEMENT SCROLL TO CONTINUE WITH CONTENT
Sandi Buka Peluang Koalisi Gerindra-PDIP,"Rabu, 13 Jun 2018 01:45 WIB",https://www.cnnindonesia.com/nasional/20180612211459-32-305699/sandi-buka-peluang-koalisi-gerindra-pdip,ADVERTISEMENT SCROLL TO CONTINUE WITH CONTENT
Sandi: Anies Masuk Daftar Calon Pendamping Prabowo,"Selasa, 12 Jun 2018 21:05 WIB",https://www.cnnindonesia.com/nasional/20180612204304-32-305696/sandi-anies-masuk-daftar-calon-pendamping-prabowo,ADVERTISEMENT SCROLL TO CONTINUE WITH CONTENT
PDIP Respons Kritik AHY soal Revolusi Mental Jokowi,"Selasa, 12 Jun 2018 17:42 WIB",https://www.cnnindonesia.com/nasional/20180612172357-32-305634/pdip-respons-kritik-ahy-soal-revolusi-mental-jokowi,ADVERTISEMENT SCROLL TO CONTINUE WITH CONTENT
PDIP: Pertemuan Puan dan Prabowo Tak Harus Berujung Koalisi,"Selasa, 12 Jun 2018 13:14 WIB",https://www.cnnindonesia.com/nasional/20180612123148-32-305475/pdip-pertemuan-puan-dan-prabowo-tak-harus-berujung-koalisi,ADVERTISEMENT SCROLL TO CONTINUE WITH CONTENT
Sandi Sebut Pertemuan SBY-Prabowo Bisa Digelar Usai Lebaran,"Selasa, 12 Jun 2018 08:33 WIB",https://www.cnnindonesia.com/nasional/20180612082308-32-305390/sandi-sebut-pertemuan-sby-prabowo-bisa-digelar-usai-lebaran,ADVERTISEMENT SCROLL TO CONTINUE WITH CONTENT
Amien Rais Dinilai Hanya 'Penari Latar' dalam Pilpres,"Selasa, 12 Jun 2018 07:19 WIB",https://www.cnnindonesia.com/nasional/20180612070210-32-305378/amien-rais-dinilai-hanya-penari-latar-dalam-pilpres,ADVERTISEMENT SCROLL TO CONTINUE WITH CONTENT
KPK Bantah Pernyataan Sekjen PDIP soal Tudingan Politis OTT,"Selasa, 12 Jun 2018 00:38 WIB",https://www.cnnindonesia.com/nasional/20180611202436-12-305357/kpk-bantah-pernyataan-sekjen-pdip-soal-tudingan-politis-ott,ADVERTISEMENT SCROLL TO CONTINUE WITH CONTENT
Sandiaga Buka Peluang Duet Prabowo-Amien Rais di Pilpres 2019,"Senin, 11 Jun 2018 21:24 WIB",https://www.cnnindonesia.com/nasional/20180611210529-32-305364/sandiaga-buka-peluang-duet-prabowo-amien-rais-di-pilpres-2019,ADVERTISEMENT SCROLL TO CONTINUE WITH CONTENT
Demokrat soal Amien Rais: Indonesia Butuh Pemimpin 'Fresh',"Senin, 11 Jun 2018 21:09 WIB",https://www.cnnindonesia.com/nasional/20180611191406-32-305337/demokrat-soal-amien-rais-indonesia-butuh-pemimpin-fresh,ADVERTISEMENT SCROLL TO CONTINUE WITH CONTENT
Pencapresan Amien Rais Dinilai Usaha Kerek Elektabilitas PAN,"Senin, 11 Jun 2018 16:58 WIB",https://www.cnnindonesia.com/nasional/20180611133910-32-305223/pencapresan-amien-rais-dinilai-usaha-kerek-elektabilitas-pan,ADVERTISEMENT SCROLL TO CONTINUE WITH CONTENT
"Amien Rais Nyapres, Fahri Hamzah Singgung Krisis Pemimpin","Senin, 11 Jun 2018 14:30 WIB",https://www.cnnindonesia.com/nasional/20180611133242-32-305218/amien-rais-nyapres-fahri-hamzah-singgung-krisis-pemimpin,ADVERTISEMENT SCROLL TO CONTINUE WITH CONTENT
Gerindra Yakin PAN Dukung Prabowo Capres Ketimbang Amien Rais,"Senin, 11 Jun 2018 12:34 WIB",https://www.cnnindonesia.com/nasional/20180611122401-32-305186/gerindra-yakin-pan-dukung-prabowo-capres-ketimbang-amien-rais,ADVERTISEMENT SCROLL TO CONTINUE WITH CONTENT
Anies Soal Pilpres 2019: Saat Ini Saya Masih Gubernur DKI,"Senin, 11 Jun 2018 03:54 WIB",https://www.cnnindonesia.com/nasional/20180610210052-32-305058/anies-soal-pilpres-2019-saat-ini-saya-masih-gubernur-dki,ADVERTISEMENT SCROLL TO CONTINUE WITH CONTENT
Cak Imin Tak Tertarik Jadi Cawapres Amien Rais,"Minggu, 10 Jun 2018 19:52 WIB",https://www.cnnindonesia.com/nasional/20180610191027-32-305049/cak-imin-tak-tertarik-jadi-cawapres-amien-rais,ADVERTISEMENT SCROLL TO CONTINUE WITH CONTENT
"PAN Dorong Amien Rais Capres, Gerindra Setia Usung Prabowo","Minggu, 10 Jun 2018 16:58 WIB",https://www.cnnindonesia.com/nasional/20180610134817-32-304995/pan-dorong-amien-rais-capres-gerindra-setia-usung-prabowo,ADVERTISEMENT SCROLL TO CONTINUE WITH CONTENT
PKS Minta Amien Rais Beri Kesempatan Tokoh Muda Maju Capres,"Minggu, 10 Jun 2018 14:31 WIB",https://www.cnnindonesia.com/nasional/20180610141144-32-304998/pks-minta-amien-rais-beri-kesempatan-tokoh-muda-maju-capres,ADVERTISEMENT SCROLL TO CONTINUE WITH CONTENT
"Jelang Pemilu, Kemendagri Ganti Kepala Pusat Penerangan","Minggu, 10 Jun 2018 09:40 WIB",https://www.cnnindonesia.com/nasional/20180610093021-20-304964/jelang-pemilu-kemendagri-ganti-kepala-pusat-penerangan,ADVERTISEMENT SCROLL TO CONTINUE WITH CONTENT
Amien Rais: Saya Sedikit Agak Layak Jadi Capres,"Minggu, 10 Jun 2018 04:56 WIB",https://www.cnnindonesia.com/nasional/20180610044733-32-304942/amien-rais-saya-sedikit-agak-layak-jadi-capres,ADVERTISEMENT SCROLL TO CONTINUE WITH CONTENT
SBY Disebut Tak Akan Jumpa Prabowo Hingga Pilkada Usai,"Minggu, 10 Jun 2018 01:09 WIB",https://www.cnnindonesia.com/nasional/20180610010505-32-304920/sby-disebut-tak-akan-jumpa-prabowo-hingga-pilkada-usai,ADVERTISEMENT SCROLL TO CONTINUE WITH CONTENT
"Tersangka Suap, Eks Bupati Tulungagung Serahkan diri ke KPK","Minggu, 10 Jun 2018 00:04 WIB",https://www.cnnindonesia.com/nasional/20180609235610-12-304918/tersangka-suap-eks-bupati-tulungagung-serahkan-diri-ke-kpk,ADVERTISEMENT SCROLL TO CONTINUE WITH CONTENT
KPK Geledah Rumah Bupati Tulungagung Nonaktif Syahri Mulyo,"Sabtu, 09 Jun 2018 12:03 WIB",https://www.cnnindonesia.com/nasional/20180609114930-20-304790/kpk-geledah-rumah-bupati-tulungagung-nonaktif-syahri-mulyo,ADVERTISEMENT SCROLL TO CONTINUE WITH CONTENT
Wali Kota Blitar Samanhudi Anwar Resmi Ditahan KPK,"Sabtu, 09 Jun 2018 08:30 WIB",https://www.cnnindonesia.com/nasional/20180609082601-20-304778/wali-kota-blitar-samanhudi-anwar-resmi-ditahan-kpk,ADVERTISEMENT SCROLL TO CONTINUE WITH CONTENT
Ketua KPK: Wali Kota Blitar Samanhudi Sudah Serahkan Diri,"Jumat, 08 Jun 2018 21:25 WIB",https://www.cnnindonesia.com/nasional/20180608211918-12-304744/ketua-kpk-wali-kota-blitar-samanhudi-sudah-serahkan-diri,ADVERTISEMENT SCROLL TO CONTINUE WITH CONTENT
Gerindra Enggan Beri Tiket Capres 2019 untuk Gatot Nurmantyo,"Jumat, 08 Jun 2018 20:39 WIB",https://www.cnnindonesia.com/nasional/20180608193912-32-304715/gerindra-enggan-beri-tiket-capres-2019-untuk-gatot-nurmantyo,ADVERTISEMENT SCROLL TO CONTINUE WITH CONTENT
KPK Buru Wali Kota Blitar dan Bupati Tulungagung,"Jumat, 08 Jun 2018 20:31 WIB",https://www.cnnindonesia.com/nasional/20180608195511-12-304714/kpk-buru-wali-kota-blitar-dan-bupati-tulungagung,ADVERTISEMENT SCROLL TO CONTINUE WITH CONTENT
"Koalisi Gerindra, PAN, dan PKS Disebut Sudah Sampai Tahap TST","Jumat, 08 Jun 2018 19:34 WIB",https://www.cnnindonesia.com/nasional/20180608190511-32-304685/koalisi-gerindra-pan-dan-pks-disebut-sudah-sampai-tahap-tst,ADVERTISEMENT SCROLL TO CONTINUE WITH CONTENT
"Jadi Tersangka Suap, Kekayaan Wali Kota Blitar Capai Rp8,5 M","Jumat, 08 Jun 2018 18:28 WIB",https://www.cnnindonesia.com/nasional/20180608132530-12-304575/jadi-tersangka-suap-kekayaan-wali-kota-blitar-capai-rp85-m,ADVERTISEMENT SCROLL TO CONTINUE WITH CONTENT
KPK Minta Wali Kota Blitar-Bupati Tulungagung Serahkan Diri,"Jumat, 08 Jun 2018 09:35 WIB",https://www.cnnindonesia.com/nasional/20180608084118-12-304501/kpk-minta-wali-kota-blitar-bupati-tulungagung-serahkan-diri,ADVERTISEMENT SCROLL TO CONTINUE WITH CONTENT
Kronologi OTT Kasus Suap Walikota Blitar & Bupati Tulungagung,"Jumat, 08 Jun 2018 05:20 WIB",https://www.cnnindonesia.com/nasional/20180608022204-12-304481/kronologi-ott-kasus-suap-walikota-blitar-bupati-tulungagung,ADVERTISEMENT SCROLL TO CONTINUE WITH CONTENT
"Fokus Soal Rakyat, SBY Belum Berminat Bahas Koalisi Keummatan","Jumat, 08 Jun 2018 04:43 WIB",https://www.cnnindonesia.com/nasional/20180607152032-32-304326/fokus-soal-rakyat-sby-belum-berminat-bahas-koalisi-keummatan,ADVERTISEMENT SCROLL TO CONTINUE WITH CONTENT
"OTT Walikota Blitar & Bupati Tulungagung, KPK Amankan Rp2,5 M","Jumat, 08 Jun 2018 02:42 WIB",https://www.cnnindonesia.com/nasional/20180608024046-12-304482/ott-walikota-blitar-bupati-tulungagung-kpk-amankan-rp25-m,ADVERTISEMENT SCROLL TO CONTINUE WITH CONTENT
KPK Tetapkan Walikota Blitar dan Bupati Tulungagung Tersangka,"Jumat, 08 Jun 2018 01:34 WIB",https://www.cnnindonesia.com/nasional/20180608013124-12-304479/kpk-tetapkan-walikota-blitar-dan-bupati-tulungagung-tersangka,ADVERTISEMENT SCROLL TO CONTINUE WITH CONTENT
Walikota Blitar Tak Terlihat Tiba di KPK Malam Ini,"Kamis, 07 Jun 2018 22:38 WIB",https://www.cnnindonesia.com/nasional/20180607223846-12-304476/walikota-blitar-tak-terlihat-tiba-di-kpk-malam-ini,ADVERTISEMENT SCROLL TO CONTINUE WITH CONTENT
"Enggan di Bawah Rizieq, Demokrat Wacanakan Poros Nusantara","Kamis, 07 Jun 2018 20:24 WIB",https://www.cnnindonesia.com/nasional/20180607180014-32-304390/enggan-di-bawah-rizieq-demokrat-wacanakan-poros-nusantara,ADVERTISEMENT SCROLL TO CONTINUE WITH CONTENT
"Koalisi Keummatan, Antara Wacana dan Romantisme Pilgub DKI","Kamis, 07 Jun 2018 19:43 WIB",https://www.cnnindonesia.com/nasional/20180607152617-32-304329/koalisi-keummatan-antara-wacana-dan-romantisme-pilgub-dki,ADVERTISEMENT SCROLL TO CONTINUE WITH CONTENT
OJK: Jokowi Minta Bunga Kredit untuk Nelayan Rendah,"Kamis, 07 Jun 2018 14:51 WIB",https://www.cnnindonesia.com/ekonomi/20180607103331-78-304201/ojk-jokowi-minta-bunga-kredit-untuk-nelayan-rendah,ADVERTISEMENT SCROLL TO CONTINUE WITH CONTENT
Puan Sebut Pertemuan dengan Prabowo Tinggal Tunggu Waktu,"Kamis, 07 Jun 2018 14:35 WIB",https://www.cnnindonesia.com/nasional/20180607141237-32-304287/puan-sebut-pertemuan-dengan-prabowo-tinggal-tunggu-waktu,ADVERTISEMENT SCROLL TO CONTINUE WITH CONTENT
PKS Minta Anies Dahulukan Janji Kampanye ketimbang Pilpres,"Kamis, 07 Jun 2018 09:32 WIB",https://www.cnnindonesia.com/nasional/20180607084649-32-304168/pks-minta-anies-dahulukan-janji-kampanye-ketimbang-pilpres,ADVERTISEMENT SCROLL TO CONTINUE WITH CONTENT
Charta Politika: Pilihan Cawapres Bukan Hal Utama Buat Jokowi,"Kamis, 07 Jun 2018 09:04 WIB",https://www.cnnindonesia.com/nasional/20180607072240-32-304157/charta-politika-pilihan-cawapres-bukan-hal-utama-buat-jokowi,ADVERTISEMENT SCROLL TO CONTINUE WITH CONTENT
Ngabalin: Jokowi Siapkan Waktu Berjumpa Amien Rais,"Kamis, 07 Jun 2018 08:45 WIB",https://www.cnnindonesia.com/nasional/20180607075738-32-304162/ngabalin-jokowi-siapkan-waktu-berjumpa-amien-rais,ADVERTISEMENT SCROLL TO CONTINUE WITH CONTENT
PKS: Rizieq Punya Pengikut yang Fanatik,"Kamis, 07 Jun 2018 06:16 WIB",https://www.cnnindonesia.com/nasional/20180606213859-32-304122/pks-rizieq-punya-pengikut-yang-fanatik,ADVERTISEMENT SCROLL TO CONTINUE WITH CONTENT
Gerindra Klaim Pertemuan Prabowo-Rizieq Hanya Saling Doa,"Kamis, 07 Jun 2018 05:20 WIB",https://www.cnnindonesia.com/nasional/20180607004415-32-304134/gerindra-klaim-pertemuan-prabowo-rizieq-hanya-saling-doa,ADVERTISEMENT SCROLL TO CONTINUE WITH CONTENT
PKS Tindaklanjuti Usulan Rizieq Shihab soal Koalisi Umat,"Kamis, 07 Jun 2018 04:38 WIB",https://www.cnnindonesia.com/nasional/20180606144604-32-303990/pks-tindaklanjuti-usulan-rizieq-shihab-soal-koalisi-umat,ADVERTISEMENT SCROLL TO CONTINUE WITH CONTENT
Ali Ngabalin Ingatkan Rizieq Shihab Jika Jokowi Juga Umat,"Rabu, 06 Jun 2018 23:55 WIB",https://www.cnnindonesia.com/nasional/20180606205634-32-304109/ali-ngabalin-ingatkan-rizieq-shihab-jika-jokowi-juga-umat,ADVERTISEMENT SCROLL TO CONTINUE WITH CONTENT
Survei Charta Politika: Jokowi Kuasai Jawa Kecuali Banten,"Rabu, 06 Jun 2018 21:00 WIB",https://www.cnnindonesia.com/nasional/20180606204509-32-304105/survei-charta-politika-jokowi-kuasai-jawa-kecuali-banten,ADVERTISEMENT SCROLL TO CONTINUE WITH CONTENT
"PDIP Kritik Rumah DP Nol Rupiah, Prabowo Bela Anies-Sandi","Rabu, 06 Jun 2018 15:01 WIB",https://www.cnnindonesia.com/nasional/20180606120105-20-303926/pdip-kritik-rumah-dp-nol-rupiah-prabowo-bela-anies-sandi,ADVERTISEMENT SCROLL TO CONTINUE WITH CONTENT
Istana Berkomentar soal Foto Amien-Rizieq Hilang di Instagram,"Rabu, 06 Jun 2018 14:11 WIB",https://www.cnnindonesia.com/nasional/20180606135200-32-303960/istana-berkomentar-soal-foto-amien-rizieq-hilang-di-instagram,ADVERTISEMENT SCROLL TO CONTINUE WITH CONTENT
Pesan Rizieq Shihab soal Koalisi Keumatan Pilpres 2019,"Rabu, 06 Jun 2018 13:26 WIB",https://www.cnnindonesia.com/nasional/20180606083102-32-303940/pesan-rizieq-shihab-soal-koalisi-keumatan-pilpres-2019,ADVERTISEMENT SCROLL TO CONTINUE WITH CONTENT
"Bertemu PKS di Mekah, Rizieq Titip Pesan Soal Pancasila","Rabu, 06 Jun 2018 10:31 WIB",https://www.cnnindonesia.com/nasional/20180606101931-32-303883/bertemu-pks-di-mekah-rizieq-titip-pesan-soal-pancasila,ADVERTISEMENT SCROLL TO CONTINUE WITH CONTENT
"Bertemu Rizieq Shihab di Mekah, PKS Klaim Bicarakan Bangsa","Rabu, 06 Jun 2018 09:55 WIB",https://www.cnnindonesia.com/nasional/20180606084828-32-303875/bertemu-rizieq-shihab-di-mekah-pks-klaim-bicarakan-bangsa,ADVERTISEMENT SCROLL TO CONTINUE WITH CONTENT
PA 212: Rizieq Tak Terpengaruh Pulang Meski Koalisi Terbentuk,"Rabu, 06 Jun 2018 08:20 WIB",https://www.cnnindonesia.com/nasional/20180605220000-32-303808/pa-212-rizieq-tak-terpengaruh-pulang-meski-koalisi-terbentuk,ADVERTISEMENT SCROLL TO CONTINUE WITH CONTENT
Golkar Tak Khawatir dengan Koalisi Umat Usulan Rizieq Shihab,"Rabu, 06 Jun 2018 00:57 WIB",https://www.cnnindonesia.com/nasional/20180605210659-32-303799/golkar-tak-khawatir-dengan-koalisi-umat-usulan-rizieq-shihab,ADVERTISEMENT SCROLL TO CONTINUE WITH CONTENT
Ketum PPP Yakin Koalisi Usulan Rizieq Tidak Akan Terjadi,"Selasa, 05 Jun 2018 20:49 WIB",https://www.cnnindonesia.com/nasional/20180605194625-32-303773/ketum-ppp-yakin-koalisi-usulan-rizieq-tidak-akan-terjadi,ADVERTISEMENT SCROLL TO CONTINUE WITH CONTENT
PA 212: Cebong-cebong Panik Lihat Foto Rizieq-Amien Rais,"Selasa, 05 Jun 2018 18:40 WIB",https://www.cnnindonesia.com/nasional/20180605180517-20-303741/pa-212-cebong-cebong-panik-lihat-foto-rizieq-amien-rais,ADVERTISEMENT SCROLL TO CONTINUE WITH CONTENT
JK Sebut Pertemuan Elite di Mekkah Politik Tingkat Tinggi,"Selasa, 05 Jun 2018 17:26 WIB",https://www.cnnindonesia.com/nasional/20180605163504-32-303697/jk-sebut-pertemuan-elite-di-mekkah-politik-tingkat-tinggi,ADVERTISEMENT SCROLL TO CONTINUE WITH CONTENT
Instagram di Antara Manuver Amien Rais dan Rizieq Shihab,"Selasa, 05 Jun 2018 16:11 WIB",https://www.cnnindonesia.com/teknologi/20180604160521-185-303352/instagram-di-antara-manuver-amien-rais-dan-rizieq-shihab,ADVERTISEMENT SCROLL TO CONTINUE WITH CONTENT
"Endus Rekayasa Kekuasaan, Fadli Zon Minta Polisikan Instagram","Selasa, 05 Jun 2018 14:23 WIB",https://www.cnnindonesia.com/nasional/20180605134745-32-303611/endus-rekayasa-kekuasaan-fadli-zon-minta-polisikan-instagram,ADVERTISEMENT SCROLL TO CONTINUE WITH CONTENT
Cium Tangan Gatot untuk SBY di Tengah Dilema Partai Pengusung,"Selasa, 05 Jun 2018 13:58 WIB",https://www.cnnindonesia.com/nasional/20180605124718-32-303586/cium-tangan-gatot-untuk-sby-di-tengah-dilema-partai-pengusung,ADVERTISEMENT SCROLL TO CONTINUE WITH CONTENT
Manuver Amien Rais Dekati Rizieq dan Bumerang untuk PAN,"Selasa, 05 Jun 2018 13:13 WIB",https://www.cnnindonesia.com/nasional/20180605115858-32-303585/manuver-amien-rais-dekati-rizieq-dan-bumerang-untuk-pan,ADVERTISEMENT SCROLL TO CONTINUE WITH CONTENT
Kenaikan Suku Bunga Acuan Tekan Harga Emas,"Selasa, 05 Jun 2018 11:19 WIB",https://www.cnnindonesia.com/ekonomi/20180605091933-78-303514/kenaikan-suku-bunga-acuan-tekan-harga-emas,ADVERTISEMENT SCROLL TO CONTINUE WITH CONTENT
Jumlah Laporan Bukan Jadi Pertimbangan Instagram Hapus Konten,"Selasa, 05 Jun 2018 10:00 WIB",https://www.cnnindonesia.com/teknologi/20180605094616-185-303519/jumlah-laporan-bukan-jadi-pertimbangan-instagram-hapus-konten,ADVERTISEMENT SCROLL TO CONTINUE WITH CONTENT
Kominfo Bantah Perintahkan Instagram Turunkan Foto Rizieq,"Selasa, 05 Jun 2018 09:15 WIB",https://www.cnnindonesia.com/teknologi/20180605083904-185-303507/kominfo-bantah-perintahkan-instagram-turunkan-foto-rizieq,ADVERTISEMENT SCROLL TO CONTINUE WITH CONTENT
Rizieq Disebut Berpengaruh tapi Tak Ubah Peta Pilpres,"Selasa, 05 Jun 2018 08:24 WIB",https://www.cnnindonesia.com/nasional/20180605074020-32-303498/rizieq-disebut-berpengaruh-tapi-tak-ubah-peta-pilpres,ADVERTISEMENT SCROLL TO CONTINUE WITH CONTENT
Putri Gus Dur Pertanyakan Umat Versi Koalisi Usulan Rizieq,"Senin, 04 Jun 2018 21:13 WIB",https://www.cnnindonesia.com/nasional/20180604203537-32-303431/putri-gus-dur-pertanyakan-umat-versi-koalisi-usulan-rizieq,ADVERTISEMENT SCROLL TO CONTINUE WITH CONTENT
Yusril Harap Amien Rais Tak Lagi Berdusta Usai Temui Rizieq,"Senin, 04 Jun 2018 19:36 WIB",https://www.cnnindonesia.com/nasional/20180604192819-32-303410/yusril-harap-amien-rais-tak-lagi-berdusta-usai-temui-rizieq,ADVERTISEMENT SCROLL TO CONTINUE WITH CONTENT
PAN Sebut Koalisi Gerindra dan PKS Belum Juga Tercapai,"Senin, 04 Jun 2018 19:03 WIB",https://www.cnnindonesia.com/nasional/20180604170819-32-303376/pan-sebut-koalisi-gerindra-dan-pks-belum-juga-tercapai,ADVERTISEMENT SCROLL TO CONTINUE WITH CONTENT
"Koalisi Keumatan, Demokrat dan PKB Ditawari Kursi Menteri","Senin, 04 Jun 2018 17:09 WIB",https://www.cnnindonesia.com/nasional/20180604161615-32-303357/koalisi-keumatan-demokrat-dan-pkb-ditawari-kursi-menteri,ADVERTISEMENT SCROLL TO CONTINUE WITH CONTENT
"Foto Rizieq Dihapus, PAN Minta Instagram Tak Main Politik","Senin, 04 Jun 2018 16:39 WIB",https://www.cnnindonesia.com/nasional/20180604163235-32-303359/foto-rizieq-dihapus-pan-minta-instagram-tak-main-politik,ADVERTISEMENT SCROLL TO CONTINUE WITH CONTENT
"Foto Rizieq Hilang, Jokowi Dituding Halalkan Segala Cara","Senin, 04 Jun 2018 16:29 WIB",https://www.cnnindonesia.com/nasional/20180604155342-32-303351/foto-rizieq-hilang-jokowi-dituding-halalkan-segala-cara,ADVERTISEMENT SCROLL TO CONTINUE WITH CONTENT
"Instagram Hapus Foto Rizieq, PA 212 Salahkan Pemerintah","Senin, 04 Jun 2018 15:04 WIB",https://www.cnnindonesia.com/nasional/20180604140752-20-303301/instagram-hapus-foto-rizieq-pa-212-salahkan-pemerintah,ADVERTISEMENT SCROLL TO CONTINUE WITH CONTENT
PAN: Koalisi Usulan Rizieq Shihab Perlu Kesepakatan Kolektif,"Senin, 04 Jun 2018 14:50 WIB",https://www.cnnindonesia.com/nasional/20180604135647-32-303284/pan-koalisi-usulan-rizieq-shihab-perlu-kesepakatan-kolektif,ADVERTISEMENT SCROLL TO CONTINUE WITH CONTENT
Daihatsu Indonesia Ganti Pucuk Pimpinan,"Senin, 04 Jun 2018 13:11 WIB",https://www.cnnindonesia.com/otomotif/20180604121559-579-303223/daihatsu-indonesia-ganti-pucuk-pimpinan,ADVERTISEMENT SCROLL TO CONTINUE WITH CONTENT ADVERTISEMENT SCROLL TO CONTINUE WITH CONTENT
Gatot Nurmantyo Minta Umrah Prabowo-Amien Disikapi Positif,"Minggu, 03 Jun 2018 00:45 WIB",https://www.cnnindonesia.com/nasional/20180603002725-32-302980/gatot-nurmantyo-minta-umrah-prabowo-amien-disikapi-positif,ADVERTISEMENT SCROLL TO CONTINUE WITH CONTENT
Romi Berharap Umrah Prabowo-Amien Hasilkan Politik Damai,"Minggu, 03 Jun 2018 00:25 WIB",https://www.cnnindonesia.com/nasional/20180603002013-32-302979/romi-berharap-umrah-prabowo-amien-hasilkan-politik-damai,ADVERTISEMENT SCROLL TO CONTINUE WITH CONTENT
"Didatangi Prabowo-Amien, Rizieq: Segera Deklarasi Koalisi","Sabtu, 02 Jun 2018 22:50 WIB",https://www.cnnindonesia.com/nasional/20180602224321-32-302965/didatangi-prabowo-amien-rizieq-segera-deklarasi-koalisi,ADVERTISEMENT SCROLL TO CONTINUE WITH CONTENT
Putra Megawati Minta Kader PDIP Tak Reaksioner atas Berita,"Sabtu, 02 Jun 2018 22:12 WIB",https://www.cnnindonesia.com/nasional/20180602215833-32-302962/putra-megawati-minta-kader-pdip-tak-reaksioner-atas-berita,ADVERTISEMENT SCROLL TO CONTINUE WITH CONTENT
PA 212 Serahkan Nama Capres ke Prabowo dan Amien di Mekkah,"Sabtu, 02 Jun 2018 17:10 WIB",https://www.cnnindonesia.com/nasional/20180602164446-20-302927/pa-212-serahkan-nama-capres-ke-prabowo-dan-amien-di-mekkah,ADVERTISEMENT SCROLL TO CONTINUE WITH CONTENT
"Umrah Usai, Prabowo dan Amien Rais Temui Rizieq Bahas Pilpres","Sabtu, 02 Jun 2018 15:35 WIB",https://www.cnnindonesia.com/nasional/20180602145946-20-302899/umrah-usai-prabowo-dan-amien-rais-temui-rizieq-bahas-pilpres,ADVERTISEMENT SCROLL TO CONTINUE WITH CONTENT
Gerindra: Prabowo ke Mekkah Bukan Umrah Politik,"Sabtu, 02 Jun 2018 15:20 WIB",https://www.cnnindonesia.com/nasional/20180602150220-32-302897/gerindra-prabowo-ke-mekkah-bukan-umrah-politik,ADVERTISEMENT SCROLL TO CONTINUE WITH CONTENT
Ngabalin Kritik Rencana Pertemuan Prabowo dan Rizieq Shihab,"Jumat, 01 Jun 2018 22:28 WIB",https://www.cnnindonesia.com/nasional/20180601212239-32-302812/ngabalin-kritik-rencana-pertemuan-prabowo-dan-rizieq-shihab,ADVERTISEMENT SCROLL TO CONTINUE WITH CONTENT
Sandi Sebut Tak Ada Info soal Rencana Prabowo Cs Temui Rizieq,"Jumat, 01 Jun 2018 04:50 WIB",https://www.cnnindonesia.com/nasional/20180601022630-32-302694/sandi-sebut-tak-ada-info-soal-rencana-prabowo-cs-temui-rizieq,ADVERTISEMENT SCROLL TO CONTINUE WITH CONTENT
Gerindra Sebut Belum Ada Koalisi dengan PAN dan PKS,"Jumat, 01 Jun 2018 02:22 WIB",https://www.cnnindonesia.com/nasional/20180601010730-32-302691/gerindra-sebut-belum-ada-koalisi-dengan-pan-dan-pks,ADVERTISEMENT SCROLL TO CONTINUE WITH CONTENT
Prabowo Disebut Telah Bertemu Puan Lebih dari Dua Kali,"Kamis, 31 Mei 2018 17:30 WIB",https://www.cnnindonesia.com/nasional/20180531161800-32-302571/prabowo-disebut-telah-bertemu-puan-lebih-dari-dua-kali,ADVERTISEMENT SCROLL TO CONTINUE WITH CONTENT
"Prabowo, Amien Rais, Sohibul Umrah Bareng dan Temui Rizieq","Kamis, 31 Mei 2018 14:12 WIB",https://www.cnnindonesia.com/nasional/20180531134215-32-302489/prabowo-amien-rais-sohibul-umrah-bareng-dan-temui-rizieq,ADVERTISEMENT SCROLL TO CONTINUE WITH CONTENT
Sekjen Demokrat Pertanyakan Tujuan Prabowo Temui SBY,"Kamis, 31 Mei 2018 11:30 WIB",https://www.cnnindonesia.com/nasional/20180531104009-32-302436/sekjen-demokrat-pertanyakan-tujuan-prabowo-temui-sby,ADVERTISEMENT SCROLL TO CONTINUE WITH CONTENT
Ali Ngabalin Usul PA 212 Usung Rizieq Shihab Capres Lewat PAN,"Kamis, 31 Mei 2018 11:01 WIB",https://www.cnnindonesia.com/nasional/20180531101042-32-302420/ali-ngabalin-usul-pa-212-usung-rizieq-shihab-capres-lewat-pan,ADVERTISEMENT SCROLL TO CONTINUE WITH CONTENT
Mendagri Singgung Etika Sandi Karena Samakan Jokowi dan Najib,"Kamis, 31 Mei 2018 07:47 WIB",https://www.cnnindonesia.com/nasional/20180530221039-32-302376/mendagri-singgung-etika-sandi-karena-samakan-jokowi-dan-najib,ADVERTISEMENT SCROLL TO CONTINUE WITH CONTENT
Aroma Politik di Acara Buka Bersama Zulkifli Hasan,"Kamis, 31 Mei 2018 02:36 WIB",https://www.cnnindonesia.com/nasional/20180531022320-32-302383/aroma-politik-di-acara-buka-bersama-zulkifli-hasan,ADVERTISEMENT SCROLL TO CONTINUE WITH CONTENT
Wasekjen NU Sebut Pencapresan Rizieq Agenda Khilafah,"Rabu, 30 Mei 2018 22:18 WIB",https://www.cnnindonesia.com/nasional/20180530184208-32-302332/wasekjen-nu-sebut-pencapresan-rizieq-agenda-khilafah,ADVERTISEMENT SCROLL TO CONTINUE WITH CONTENT
Zulhas Tertawa Namanya Masuk Bursa Capres-Cawapres PA 212,"Rabu, 30 Mei 2018 20:04 WIB",https://www.cnnindonesia.com/nasional/20180530191818-32-302343/zulhas-tertawa-namanya-masuk-bursa-capres-cawapres-pa-212,ADVERTISEMENT SCROLL TO CONTINUE WITH CONTENT
Aburizal Bakrie Goda Zulkifli Hasan Capres Merangkap Cawapres,"Rabu, 30 Mei 2018 13:49 WIB",https://www.cnnindonesia.com/nasional/20180530132520-32-302223/aburizal-bakrie-goda-zulkifli-hasan-capres-merangkap-cawapres,ADVERTISEMENT SCROLL TO CONTINUE WITH CONTENT
"Wacana Capres Rizieq Shihab, PA 212 Disarankan Jadi Parpol","Rabu, 30 Mei 2018 12:06 WIB",https://www.cnnindonesia.com/nasional/20180530112012-32-302175/wacana-capres-rizieq-shihab-pa-212-disarankan-jadi-parpol,ADVERTISEMENT SCROLL TO CONTINUE WITH CONTENT
"Amien Rais: Pak Jokowi Tenang Saja, Kekuasaan Tak Abadi","Rabu, 30 Mei 2018 07:27 WIB",https://www.cnnindonesia.com/nasional/20180530070608-32-302123/amien-rais-pak-jokowi-tenang-saja-kekuasaan-tak-abadi,ADVERTISEMENT SCROLL TO CONTINUE WITH CONTENT
PA 212 Akan Perjuangkan Rizieq Shihab Jadi Capres,"Selasa, 29 Mei 2018 17:40 WIB",https://www.cnnindonesia.com/nasional/20180529173720-32-302075/pa-212-akan-perjuangkan-rizieq-shihab-jadi-capres,ADVERTISEMENT SCROLL TO CONTINUE WITH CONTENT
"E-KTP Tercecer, Gerindra Jabar Duga Ada Motif Politik","Selasa, 29 Mei 2018 06:03 WIB",https://www.cnnindonesia.com/nasional/20180528161601-32-301920/e-ktp-tercecer-gerindra-jabar-duga-ada-motif-politik,ADVERTISEMENT SCROLL TO CONTINUE WITH CONTENT
Ibas Sebut SBY Tak Batasi Komunikasi Politik,"Selasa, 29 Mei 2018 05:10 WIB",https://www.cnnindonesia.com/nasional/20180529004703-32-301980/ibas-sebut-sby-tak-batasi-komunikasi-politik,ADVERTISEMENT SCROLL TO CONTINUE WITH CONTENT
Kemendagri: Pemprov DKI Bisa Cabut Izin FBR soal Minta THR,"Senin, 28 Mei 2018 08:25 WIB",https://www.cnnindonesia.com/nasional/20180528081536-20-301725/kemendagri-pemprov-dki-bisa-cabut-izin-fbr-soal-minta-thr,ADVERTISEMENT SCROLL TO CONTINUE WITH CONTENT
Survei Terbaru: Rival Terkuat Jokowi Masih Prabowo,"Minggu, 27 Mei 2018 17:34 WIB",https://www.cnnindonesia.com/nasional/20180527173029-32-301678/survei-terbaru-rival-terkuat-jokowi-masih-prabowo,ADVERTISEMENT SCROLL TO CONTINUE WITH CONTENT
PDIP dan PAN Nilai Rencana Pertemuan SBY-Prabowo Biasa Saja,"Kamis, 24 Mei 2018 17:41 WIB",https://www.cnnindonesia.com/nasional/20180524161847-32-301033/pdip-dan-pan-nilai-rencana-pertemuan-sby-prabowo-biasa-saja,ADVERTISEMENT SCROLL TO CONTINUE WITH CONTENT
"Masuk Istana, Ali Ngabalin Lantang Bela Rezim Jokowi","Kamis, 24 Mei 2018 16:56 WIB",https://www.cnnindonesia.com/nasional/20180524161048-32-301026/masuk-istana-ali-ngabalin-lantang-bela-rezim-jokowi,ADVERTISEMENT SCROLL TO CONTINUE WITH CONTENT
KSP Berharap Ngabalin Jembatani Pemerintah-Ormas Islam,"Kamis, 24 Mei 2018 13:36 WIB",https://www.cnnindonesia.com/nasional/20180524131205-32-300927/ksp-berharap-ngabalin-jembatani-pemerintah-ormas-islam,ADVERTISEMENT SCROLL TO CONTINUE WITH CONTENT
Ngabalin: Subhanallah di Istana Semua Memikirkan Bangsa,"Kamis, 24 Mei 2018 13:07 WIB",https://www.cnnindonesia.com/nasional/20180524101811-32-300881/ngabalin-subhanallah-di-istana-semua-memikirkan-bangsa,ADVERTISEMENT SCROLL TO CONTINUE WITH CONTENT
"Hanya Diminta Bijak, PNS Tak Wajib Laporkan Akun Media Sosial","Kamis, 24 Mei 2018 08:53 WIB",https://www.cnnindonesia.com/nasional/20180524064433-20-300836/hanya-diminta-bijak-pns-tak-wajib-laporkan-akun-media-sosial,ADVERTISEMENT SCROLL TO CONTINUE WITH CONTENT
"Ngabalin ke KSP, Airlangga Bangga Kader Golkar Bantu Istana","Kamis, 24 Mei 2018 04:16 WIB",https://www.cnnindonesia.com/nasional/20180523202636-32-300770/ngabalin-ke-ksp-airlangga-bangga-kader-golkar-bantu-istana,ADVERTISEMENT SCROLL TO CONTINUE WITH CONTENT
KSP Bantah Tudingan Jadi 'Sarang' Tim Sukses Jokowi,"Rabu, 23 Mei 2018 23:42 WIB",https://www.cnnindonesia.com/nasional/20180523201641-32-300771/ksp-bantah-tudingan-jadi-sarang-tim-sukses-jokowi,ADVERTISEMENT SCROLL TO CONTINUE WITH CONTENT
Fadli Zon Nilai Pertemuan Prabowo-SBY Buka Peluang Koalisi,"Rabu, 23 Mei 2018 21:55 WIB",https://www.cnnindonesia.com/nasional/20180523201226-32-300767/fadli-zon-nilai-pertemuan-prabowo-sby-buka-peluang-koalisi,ADVERTISEMENT SCROLL TO CONTINUE WITH CONTENT
"Bertemu SBY, Airlangga Sebut Ada Peluang Demokrat ke Jokowi","Rabu, 23 Mei 2018 21:40 WIB",https://www.cnnindonesia.com/nasional/20180523210536-32-300780/bertemu-sby-airlangga-sebut-ada-peluang-demokrat-ke-jokowi,ADVERTISEMENT SCROLL TO CONTINUE WITH CONTENT
Jokowi Sambut Baik Rencana Pertemuan dan Koalisi SBY-Prabowo,"Rabu, 23 Mei 2018 19:53 WIB",https://www.cnnindonesia.com/nasional/20180523194344-32-300758/jokowi-sambut-baik-rencana-pertemuan-dan-koalisi-sby-prabowo,ADVERTISEMENT SCROLL TO CONTINUE WITH CONTENT
"Jejak Ngabalin, Hina Jokowi Kerempeng dan Dekat Rizieq Shihab","Rabu, 23 Mei 2018 18:13 WIB",https://www.cnnindonesia.com/nasional/20180523174428-32-300722/jejak-ngabalin-hina-jokowi-kerempeng-dan-dekat-rizieq-shihab,ADVERTISEMENT SCROLL TO CONTINUE WITH CONTENT
"Pergi Umrah, Sandiaga Doakan Prabowo Jadi Presiden di Mekkah","Rabu, 23 Mei 2018 17:38 WIB",https://www.cnnindonesia.com/nasional/20180523172646-32-300716/pergi-umrah-sandiaga-doakan-prabowo-jadi-presiden-di-mekkah,ADVERTISEMENT SCROLL TO CONTINUE WITH CONTENT
"Ke Malaysia, Prabowo Temui Anwar Ibrahim","Rabu, 23 Mei 2018 17:03 WIB",https://www.cnnindonesia.com/internasional/20180523165040-106-300690/ke-malaysia-prabowo-temui-anwar-ibrahim,ADVERTISEMENT SCROLL TO CONTINUE WITH CONTENT
"Fahri Hamzah Geram, Manuver Faizal Dicap Bisnis Intelijen","Rabu, 23 Mei 2018 16:56 WIB",https://www.cnnindonesia.com/nasional/20180523160605-32-300667/fahri-hamzah-geram-manuver-faizal-dicap-bisnis-intelijen,ADVERTISEMENT SCROLL TO CONTINUE WITH CONTENT
Moeldoko Bantah Ali Ngabalin Diangkat Jadi Jubir Istana,"Rabu, 23 Mei 2018 15:19 WIB",https://www.cnnindonesia.com/nasional/20180523151542-32-300648/moeldoko-bantah-ali-ngabalin-diangkat-jadi-jubir-istana,ADVERTISEMENT SCROLL TO CONTINUE WITH CONTENT
"Gerindra: Mahathir Menang, Prabowo Merasa Muda","Selasa, 22 Mei 2018 21:52 WIB",https://www.cnnindonesia.com/nasional/20180522195406-32-300461/gerindra-mahathir-menang-prabowo-merasa-muda,ADVERTISEMENT SCROLL TO CONTINUE WITH CONTENT
Rencana Tatap Muka Prabowo dan SBY Bermula dari Sandi-AHY,"Selasa, 22 Mei 2018 20:23 WIB",https://www.cnnindonesia.com/nasional/20180522191003-32-300452/rencana-tatap-muka-prabowo-dan-sby-bermula-dari-sandi-ahy,ADVERTISEMENT SCROLL TO CONTINUE WITH CONTENT
Survei Indo Barometer: Jokowi Unggul Jauh dari Prabowo,"Selasa, 22 Mei 2018 19:31 WIB",https://www.cnnindonesia.com/nasional/20180522190315-32-300444/survei-indo-barometer-jokowi-unggul-jauh-dari-prabowo,ADVERTISEMENT SCROLL TO CONTINUE WITH CONTENT
AHY soal Cawapres: Tunggu Tanggal Mainnya,"Selasa, 22 Mei 2018 09:34 WIB",https://www.cnnindonesia.com/nasional/20180522083256-32-300175/ahy-soal-cawapres-tunggu-tanggal-mainnya,ADVERTISEMENT SCROLL TO CONTINUE WITH CONTENT
"Bertemu Sandiaga, AHY Klaim Belum Bahas Koalisi","Selasa, 22 Mei 2018 08:12 WIB",https://www.cnnindonesia.com/nasional/20180522070954-32-300162/bertemu-sandiaga-ahy-klaim-belum-bahas-koalisi,ADVERTISEMENT SCROLL TO CONTINUE WITH CONTENT
"Meski Oposisi, Agus, Gatot, Anies Favorit Cawapres Jokowi","Selasa, 22 Mei 2018 07:08 WIB",https://www.cnnindonesia.com/nasional/20180522063012-32-300155/meski-oposisi-agus-gatot-anies-favorit-cawapres-jokowi,ADVERTISEMENT SCROLL TO CONTINUE WITH CONTENT
Survei: PKPI dan Partai Berkarya Terancam Tak Ada Pemilih,"Selasa, 22 Mei 2018 04:39 WIB",https://www.cnnindonesia.com/nasional/20180521210104-32-300129/survei-pkpi-dan-partai-berkarya-terancam-tak-ada-pemilih,ADVERTISEMENT SCROLL TO CONTINUE WITH CONTENT
Elektabilitas Jokowi Ungguli Prabowo Subianto di Jawa Tengah,"Selasa, 22 Mei 2018 03:07 WIB",https://www.cnnindonesia.com/nasional/20180521220740-32-300142/elektabilitas-jokowi-ungguli-prabowo-subianto-di-jawa-tengah,ADVERTISEMENT SCROLL TO CONTINUE WITH CONTENT
Bamsoet: Kenapa Tak Kita Satukan Saja Jokowi dan Prabowo,"Senin, 21 Mei 2018 21:57 WIB",https://www.cnnindonesia.com/nasional/20180521211452-32-300134/bamsoet-kenapa-tak-kita-satukan-saja-jokowi-dan-prabowo,ADVERTISEMENT SCROLL TO CONTINUE WITH CONTENT
Sandiaga Uno Belum Berniat Bertemu Rizieq Shihab Saat Umrah,"Senin, 21 Mei 2018 20:58 WIB",https://www.cnnindonesia.com/nasional/20180521173146-20-300054/sandiaga-uno-belum-berniat-bertemu-rizieq-shihab-saat-umrah,ADVERTISEMENT SCROLL TO CONTINUE WITH CONTENT
Beda Nasib Wiranto dan Prabowo Usai Soeharto Tumbang,"Senin, 21 Mei 2018 17:27 WIB",https://www.cnnindonesia.com/nasional/20180516093007-20-298555/beda-nasib-wiranto-dan-prabowo-usai-soeharto-tumbang,ADVERTISEMENT SCROLL TO CONTINUE WITH CONTENT
Jokowi Kembali Tegaskan Dirinya Bukan Kader PKI,"Senin, 21 Mei 2018 13:16 WIB",https://www.cnnindonesia.com/nasional/20180521124543-32-299959/jokowi-kembali-tegaskan-dirinya-bukan-kader-pki,ADVERTISEMENT SCROLL TO CONTINUE WITH CONTENT
"Usaha Soeharto Bungkam Amien: Beri Kode, Hingga Kriminalisasi","Senin, 21 Mei 2018 10:55 WIB",https://www.cnnindonesia.com/nasional/20180518141238-20-299253/usaha-soeharto-bungkam-amien-beri-kode-hingga-kriminalisasi,ADVERTISEMENT SCROLL TO CONTINUE WITH CONTENT
"Harkitnas, Prabowo Ingatkan RI Bukan Kacung Bangsa Lain","Senin, 21 Mei 2018 09:52 WIB",https://www.cnnindonesia.com/nasional/20180521090102-32-299878/harkitnas-prabowo-ingatkan-ri-bukan-kacung-bangsa-lain,ADVERTISEMENT SCROLL TO CONTINUE WITH CONTENT
"Amien Rais, Sejarah Kritik dan Julukan Pengkhianat Reformasi","Senin, 21 Mei 2018 08:40 WIB",https://www.cnnindonesia.com/nasional/20180518135717-20-299247/amien-rais-sejarah-kritik-dan-julukan-pengkhianat-reformasi,ADVERTISEMENT SCROLL TO CONTINUE WITH CONTENT
"Promosikan AHY, Demokrat Punya Tagar #2019PemimpinMuda","Senin, 21 Mei 2018 06:27 WIB",https://www.cnnindonesia.com/nasional/20180521061312-32-299845/promosikan-ahy-demokrat-punya-tagar-2019pemimpinmuda,ADVERTISEMENT SCROLL TO CONTINUE WITH CONTENT
"Mengenal Koopssusgab, Satuan Elit Antiteror Indonesia","Minggu, 20 Mei 2018 12:02 WIB",https://www.cnnindonesia.com/nasional/20180520102638-20-299700/mengenal-koopssusgab-satuan-elit-antiteror-indonesia,ADVERTISEMENT SCROLL TO CONTINUE WITH CONTENT
"Bertemu AHY, Sandiaga Mengaku Bahas Rencana Koalisi","Minggu, 20 Mei 2018 10:16 WIB",https://www.cnnindonesia.com/nasional/20180520101331-20-299699/bertemu-ahy-sandiaga-mengaku-bahas-rencana-koalisi,ADVERTISEMENT SCROLL TO CONTINUE WITH CONTENT
Wakil Ketua Dewan Pembina Geram Gerindra Dituduh Bela Teroris,"Sabtu, 19 Mei 2018 03:50 WIB",https://www.cnnindonesia.com/nasional/20180518204845-32-299437/wakil-ketua-dewan-pembina-geram-gerindra-dituduh-bela-teroris,ADVERTISEMENT SCROLL TO CONTINUE WITH CONTENT
BMKG: Sejumlah Daerah Berpotensi Hujan Lebat-Petir,"Sabtu, 19 Mei 2018 01:45 WIB",https://www.cnnindonesia.com/nasional/20180519014053-20-299458/bmkg-sejumlah-daerah-berpotensi-hujan-lebat-petir,ADVERTISEMENT SCROLL TO CONTINUE WITH CONTENT
"Soal Logistik Pilpres, Hashim Sebut Prabowo Korban Fitnah","Jumat, 18 Mei 2018 20:41 WIB",https://www.cnnindonesia.com/nasional/20180518184920-32-299388/soal-logistik-pilpres-hashim-sebut-prabowo-korban-fitnah,ADVERTISEMENT SCROLL TO CONTINUE WITH CONTENT
"PDIP Sindir Gerindra, Prabowo Harusnya Deklarasikan Cawapres","Jumat, 18 Mei 2018 15:35 WIB",https://www.cnnindonesia.com/nasional/20180518152538-32-299297/pdip-sindir-gerindra-prabowo-harusnya-deklarasikan-cawapres,ADVERTISEMENT SCROLL TO CONTINUE WITH CONTENT
Tiga Elite Gerindra-PKS Tentukan Cawapres Prabowo,"Jumat, 18 Mei 2018 13:33 WIB",https://www.cnnindonesia.com/nasional/20180518130853-32-299227/tiga-elite-gerindra-pks-tentukan-cawapres-prabowo,ADVERTISEMENT SCROLL TO CONTINUE WITH CONTENT
Gerindra-PKS Masih Godok Cawapres Prabowo,"Kamis, 17 Mei 2018 18:51 WIB",https://www.cnnindonesia.com/nasional/20180517171811-32-299027/gerindra-pks-masih-godok-cawapres-prabowo,ADVERTISEMENT SCROLL TO CONTINUE WITH CONTENT
Prabowo dan Moeldoko Kompak Soal TNI Terlibat Atasi Terorisme,"Kamis, 17 Mei 2018 05:37 WIB",https://www.cnnindonesia.com/nasional/20180516215601-20-298811/prabowo-dan-moeldoko-kompak-soal-tni-terlibat-atasi-terorisme,ADVERTISEMENT SCROLL TO CONTINUE WITH CONTENT
Prabowo: Kita Harus Jaga Kerukunan Antarumat Beragama,"Rabu, 16 Mei 2018 23:46 WIB",https://www.cnnindonesia.com/nasional/20180516230759-20-298814/prabowo-kita-harus-jaga-kerukunan-antarumat-beragama,ADVERTISEMENT SCROLL TO CONTINUE WITH CONTENT
Prabowo Sebut Kehebatan Polisi Tergantung Pemimpin Politiknya,"Rabu, 16 Mei 2018 17:01 WIB",https://www.cnnindonesia.com/nasional/20180516165514-20-298719/prabowo-sebut-kehebatan-polisi-tergantung-pemimpin-politiknya,ADVERTISEMENT SCROLL TO CONTINUE WITH CONTENT
"Hadapi Teror, Prabowo Ajak Warga Hidupkan Kembali Siskamling","Rabu, 16 Mei 2018 16:05 WIB",https://www.cnnindonesia.com/nasional/20180516154912-32-298678/hadapi-teror-prabowo-ajak-warga-hidupkan-kembali-siskamling,ADVERTISEMENT SCROLL TO CONTINUE WITH CONTENT
Sandiaga Bantah Aksi Sudrajat-Syaikhu Pesanan Gerindra,"Rabu, 16 Mei 2018 02:11 WIB",https://www.cnnindonesia.com/nasional/20180515213208-32-298485/sandiaga-bantah-aksi-sudrajat-syaikhu-pesanan-gerindra,ADVERTISEMENT SCROLL TO CONTINUE WITH CONTENT
Lima Pasukan Elite Anti-Teror di Indonesia,"Selasa, 15 Mei 2018 07:20 WIB",https://www.cnnindonesia.com/nasional/20180514202206-20-298176/lima-pasukan-elite-anti-teror-di-indonesia,ADVERTISEMENT SCROLL TO CONTINUE WITH CONTENT
"Survei LSI: Elektabilitas Jokowi Tertinggi, Namun Mulai Goyah","Selasa, 15 Mei 2018 00:27 WIB",https://www.cnnindonesia.com/nasional/20180514190420-32-298159/survei-lsi-elektabilitas-jokowi-tertinggi-namun-mulai-goyah,ADVERTISEMENT SCROLL TO CONTINUE WITH CONTENT
Perang Tagar Tak Berguna untuk Kepentingan Rakyat,"Senin, 14 Mei 2018 06:39 WIB",https://www.cnnindonesia.com/nasional/20180513155355-32-297803/perang-tagar-tak-berguna-untuk-kepentingan-rakyat,ADVERTISEMENT SCROLL TO CONTINUE WITH CONTENT
Prabowo Tanggapi Tudingan Islam Abangan Dengan Gurauan,"Senin, 14 Mei 2018 06:25 WIB",https://www.cnnindonesia.com/nasional/20180513202452-20-297851/prabowo-tanggapi-tudingan-islam-abangan-dengan-gurauan,ADVERTISEMENT SCROLL TO CONTINUE WITH CONTENT
"Bom Surabaya, Prabowo Sebut Ada yang Ingin Indonesia Gaduh","Minggu, 13 Mei 2018 18:20 WIB",https://www.cnnindonesia.com/nasional/20180513181532-32-297837/bom-surabaya-prabowo-sebut-ada-yang-ingin-indonesia-gaduh,ADVERTISEMENT SCROLL TO CONTINUE WITH CONTENT
Polisi Amankan 16 Orang Diduga Perusak Polsek Bayah di Banten,"Minggu, 13 Mei 2018 12:43 WIB",https://www.cnnindonesia.com/nasional/20180513115304-12-297751/polisi-amankan-16-orang-diduga-perusak-polsek-bayah-di-banten,ADVERTISEMENT SCROLL TO CONTINUE WITH CONTENT
Kapolda: Penyerangan Polsek Bayah Karena Warga Salah Paham,"Minggu, 13 Mei 2018 00:52 WIB",https://www.cnnindonesia.com/nasional/20180513004407-12-297699/kapolda-penyerangan-polsek-bayah-karena-warga-salah-paham,ADVERTISEMENT SCROLL TO CONTINUE WITH CONTENT
"Sudrajat Dipuji Prabowo, Ridwan Kamil Bahas Pengangguran","Minggu, 13 Mei 2018 00:21 WIB",https://www.cnnindonesia.com/nasional/20180513001230-32-297697/sudrajat-dipuji-prabowo-ridwan-kamil-bahas-pengangguran,ADVERTISEMENT SCROLL TO CONTINUE WITH CONTENT
"Safari Politik, Ketum PAN Disebut Jajaki Tokoh Potensial 2019","Sabtu, 12 Mei 2018 21:52 WIB",https://www.cnnindonesia.com/nasional/20180512214604-32-297690/safari-politik-ketum-pan-disebut-jajaki-tokoh-potensial-2019,ADVERTISEMENT SCROLL TO CONTINUE WITH CONTENT
Polisi Telusuri Penyebab Penyerangan Polsek Bayah oleh Warga,"Sabtu, 12 Mei 2018 18:40 WIB",https://www.cnnindonesia.com/nasional/20180512182417-20-297657/polisi-telusuri-penyebab-penyerangan-polsek-bayah-oleh-warga,ADVERTISEMENT SCROLL TO CONTINUE WITH CONTENT
Fadli Zon: Cawapres Prabowo Ditentukan Setelah Pilkada,"Sabtu, 12 Mei 2018 14:25 WIB",https://www.cnnindonesia.com/nasional/20180512134856-32-297615/fadli-zon-cawapres-prabowo-ditentukan-setelah-pilkada,ADVERTISEMENT SCROLL TO CONTINUE WITH CONTENT
PM India Bakal ke Indonesia Kunjungi Proyek Investasi,"Sabtu, 12 Mei 2018 09:59 WIB",https://www.cnnindonesia.com/ekonomi/20180512082400-532-297592/pm-india-bakal-ke-indonesia-kunjungi-proyek-investasi,ADVERTISEMENT SCROLL TO CONTINUE WITH CONTENT
Gerindra: Cak Imin Belum Pernah Disimulasikan dengan Prabowo,"Sabtu, 12 Mei 2018 05:03 WIB",https://www.cnnindonesia.com/nasional/20180512043146-32-297584/gerindra-cak-imin-belum-pernah-disimulasikan-dengan-prabowo,ADVERTISEMENT SCROLL TO CONTINUE WITH CONTENT
Cak Imin Pilih Jokowi dan Singgung Prabowo di Pilpres 2019,"Sabtu, 12 Mei 2018 04:36 WIB",https://www.cnnindonesia.com/nasional/20180511190251-32-297529/cak-imin-pilih-jokowi-dan-singgung-prabowo-di-pilpres-2019,ADVERTISEMENT SCROLL TO CONTINUE WITH CONTENT
Polisi Pastikan Aksi 115 Selesai dengan Kondusif,"Jumat, 11 Mei 2018 20:23 WIB",https://www.cnnindonesia.com/nasional/20180511201320-20-297543/polisi-pastikan-aksi-115-selesai-dengan-kondusif,ADVERTISEMENT SCROLL TO CONTINUE WITH CONTENT
Fadli Sebut Kemenangan Mahathir Jadi Inspirasi Prabowo,"Jumat, 11 Mei 2018 19:22 WIB",https://www.cnnindonesia.com/nasional/20180511190837-32-297533/fadli-sebut-kemenangan-mahathir-jadi-inspirasi-prabowo,ADVERTISEMENT SCROLL TO CONTINUE WITH CONTENT
"Ada Aksi Besar 115, Polisi Bantah Jakarta Siaga 1","Jumat, 11 Mei 2018 10:46 WIB",https://www.cnnindonesia.com/nasional/20180511103015-20-297337/ada-aksi-besar-115-polisi-bantah-jakarta-siaga-1,ADVERTISEMENT SCROLL TO CONTINUE WITH CONTENT
Anggota Intel Polri Ditusuk Orang Tak Dikenal di Mako Brimob,"Jumat, 11 Mei 2018 09:27 WIB",https://www.cnnindonesia.com/nasional/20180511092213-12-297316/anggota-intel-polri-ditusuk-orang-tak-dikenal-di-mako-brimob,ADVERTISEMENT SCROLL TO CONTINUE WITH CONTENT
Simak Pemenang Naik Helikopter Gratis di Sini,Tanggal tidak ditemukan,https://www.cnnindonesia.com/gaya-hidup/20180509185225-284-297017/simak-pemenang-naik-helikopter-gratis-di-sini,ADVERTISEMENT SCROLL TO CONTINUE WITH CONTENT
Survei: Usung Gatot Jadi Capres Dongkrak Elektabilitas Partai,"Rabu, 09 Mei 2018 10:52 WIB",https://www.cnnindonesia.com/nasional/20180509075843-32-296812/survei-usung-gatot-jadi-capres-dongkrak-elektabilitas-partai,ADVERTISEMENT SCROLL TO CONTINUE WITH CONTENT
PDIP Duga Manuver Amien Rais Picu Keresahan di Internal PAN,"Rabu, 09 Mei 2018 10:05 WIB",https://www.cnnindonesia.com/nasional/20180509084252-32-296799/pdip-duga-manuver-amien-rais-picu-keresahan-di-internal-pan,ADVERTISEMENT SCROLL TO CONTINUE WITH CONTENT
Jokowi Diklaim Rugi 11 Juta Suara PKB Jika Tak Pilih Cak Imin,"Rabu, 09 Mei 2018 05:24 WIB",https://www.cnnindonesia.com/nasional/20180509051406-32-296769/jokowi-diklaim-rugi-11-juta-suara-pkb-jika-tak-pilih-cak-imin,ADVERTISEMENT SCROLL TO CONTINUE WITH CONTENT
Gerindra Sebut 13 Kandidat Siap Jadi Cawapres Prabowo,"Rabu, 09 Mei 2018 05:09 WIB",https://www.cnnindonesia.com/nasional/20180509045837-32-296768/gerindra-sebut-13-kandidat-siap-jadi-cawapres-prabowo,ADVERTISEMENT SCROLL TO CONTINUE WITH CONTENT
Jokowi: Tak Ada Kepentingan Politik pada Kebijakan Susi,"Rabu, 09 Mei 2018 04:17 WIB",https://www.cnnindonesia.com/nasional/20180508154645-32-296610/jokowi-tak-ada-kepentingan-politik-pada-kebijakan-susi,ADVERTISEMENT SCROLL TO CONTINUE WITH CONTENT
Polisi Cari Saksi Lain Usut Dugaan Persekusi di CFD,"Selasa, 08 Mei 2018 22:56 WIB",https://www.cnnindonesia.com/nasional/20180508162641-12-296623/polisi-cari-saksi-lain-usut-dugaan-persekusi-di-cfd,ADVERTISEMENT SCROLL TO CONTINUE WITH CONTENT
"Usai Pertemuan SBY-Gatot, Demokrat Belum Tentukan Dukungan","Selasa, 08 Mei 2018 22:07 WIB",https://www.cnnindonesia.com/nasional/20180508213009-32-296732/usai-pertemuan-sby-gatot-demokrat-belum-tentukan-dukungan,ADVERTISEMENT SCROLL TO CONTINUE WITH CONTENT
"PAN Ajak PKS Usung Gatot, Gerindra Anggap Cuma Wacana","Selasa, 08 Mei 2018 20:55 WIB",https://www.cnnindonesia.com/nasional/20180508204847-32-296720/pan-ajak-pks-usung-gatot-gerindra-anggap-cuma-wacana,ADVERTISEMENT SCROLL TO CONTINUE WITH CONTENT
"Cuma Makan Malam, Prabowo Tepis Bicara Cawapres dengan Sandi","Selasa, 08 Mei 2018 19:55 WIB",https://www.cnnindonesia.com/nasional/20180508193034-32-296689/cuma-makan-malam-prabowo-tepis-bicara-cawapres-dengan-sandi,ADVERTISEMENT SCROLL TO CONTINUE WITH CONTENT
Fadli Zon Minta Jokowi Nonton Film 212 Agar Tak Salah Paham,"Selasa, 08 Mei 2018 19:23 WIB",https://www.cnnindonesia.com/nasional/20180508191030-32-296687/fadli-zon-minta-jokowi-nonton-film-212-agar-tak-salah-paham,ADVERTISEMENT SCROLL TO CONTINUE WITH CONTENT
Rekayasa Metodologi di Balik Anomali Survei Pilpres 2019,"Selasa, 08 Mei 2018 18:25 WIB",https://www.cnnindonesia.com/nasional/20180508124738-32-296559/rekayasa-metodologi-di-balik-anomali-survei-pilpres-2019,ADVERTISEMENT SCROLL TO CONTINUE WITH CONTENT
"Soal Cawapres, Hidayat Nur Wahid Minta Anies Setia Pimpin DKI","Selasa, 08 Mei 2018 18:21 WIB",https://www.cnnindonesia.com/nasional/20180508172140-32-296643/soal-cawapres-hidayat-nur-wahid-minta-anies-setia-pimpin-dki,ADVERTISEMENT SCROLL TO CONTINUE WITH CONTENT
LSI Denny JA: PDIP Tertinggi Karena Dianggap Dekat Jokowi,"Selasa, 08 Mei 2018 17:46 WIB",https://www.cnnindonesia.com/nasional/20180508170039-32-296639/lsi-denny-ja-pdip-tertinggi-karena-dianggap-dekat-jokowi,ADVERTISEMENT SCROLL TO CONTINUE WITH CONTENT
Prabowo dan Syahrini Nonton Bareng Film 212 The Power Of Love,"Selasa, 08 Mei 2018 17:42 WIB",https://www.cnnindonesia.com/nasional/20180508172925-32-296646/prabowo-dan-syahrini-nonton-bareng-film-212-the-power-of-love,ADVERTISEMENT SCROLL TO CONTINUE WITH CONTENT
"Dilaporkan ke Polisi, Prasetyo Sebut Pelapor Dompleng Tenar","Selasa, 08 Mei 2018 16:07 WIB",https://www.cnnindonesia.com/nasional/20180508141036-12-296568/dilaporkan-ke-polisi-prasetyo-sebut-pelapor-dompleng-tenar,ADVERTISEMENT SCROLL TO CONTINUE WITH CONTENT
JK Bantah Bahas Anies Dampingi Prabowo saat Bertemu Sandi,"Selasa, 08 Mei 2018 15:59 WIB",https://www.cnnindonesia.com/nasional/20180508155549-32-296611/jk-bantah-bahas-anies-dampingi-prabowo-saat-bertemu-sandi,ADVERTISEMENT SCROLL TO CONTINUE WITH CONTENT
"Temui Jokowi Usai Pensiun, Gatot Ucapkan Terima Kasih","Selasa, 08 Mei 2018 14:02 WIB",https://www.cnnindonesia.com/nasional/20180508134348-32-296560/temui-jokowi-usai-pensiun-gatot-ucapkan-terima-kasih,ADVERTISEMENT SCROLL TO CONTINUE WITH CONTENT
Sandiaga Klaim PAN Bakal Gabung Sekber Gerindra-PKS,"Selasa, 08 Mei 2018 13:33 WIB",https://www.cnnindonesia.com/nasional/20180508124932-32-296550/sandiaga-klaim-pan-bakal-gabung-sekber-gerindra-pks,ADVERTISEMENT SCROLL TO CONTINUE WITH CONTENT
"Bertemu Zulkifli Hasan, Gatot Klaim Tak Bahas Koalisi Pilpres","Selasa, 08 Mei 2018 12:57 WIB",https://www.cnnindonesia.com/nasional/20180508123047-32-296545/bertemu-zulkifli-hasan-gatot-klaim-tak-bahas-koalisi-pilpres,ADVERTISEMENT SCROLL TO CONTINUE WITH CONTENT
"Relawan Pilpres, Antara Perjuangan dan Uang","Selasa, 08 Mei 2018 06:34 WIB",https://www.cnnindonesia.com/nasional/20180507214158-32-296417/relawan-pilpres-antara-perjuangan-dan-uang,ADVERTISEMENT SCROLL TO CONTINUE WITH CONTENT
Sandiaga Laporkan Keinginan PKS ke Prabowo,"Senin, 07 Mei 2018 23:56 WIB",https://www.cnnindonesia.com/nasional/20180507235614-32-296423/sandiaga-laporkan-keinginan-pks-ke-prabowo,ADVERTISEMENT SCROLL TO CONTINUE WITH CONTENT
ACTA: Kepulangan Rizieq Tergantung Kelanjutan Kasus Hukum,"Senin, 07 Mei 2018 22:25 WIB",https://www.cnnindonesia.com/nasional/20180507192639-32-296390/acta-kepulangan-rizieq-tergantung-kelanjutan-kasus-hukum,ADVERTISEMENT SCROLL TO CONTINUE WITH CONTENT
"Temui Prabowo, Sandi Sampaikan Hasil Diskusi dengan JK","Senin, 07 Mei 2018 20:35 WIB",https://www.cnnindonesia.com/nasional/20180507202422-20-296405/temui-prabowo-sandi-sampaikan-hasil-diskusi-dengan-jk,ADVERTISEMENT SCROLL TO CONTINUE WITH CONTENT
"Bukan Jokowi, ACTA Sebut Lawan Prabowo Adalah Aparat","Senin, 07 Mei 2018 19:27 WIB",https://www.cnnindonesia.com/nasional/20180507190722-32-296386/bukan-jokowi-acta-sebut-lawan-prabowo-adalah-aparat,ADVERTISEMENT SCROLL TO CONTINUE WITH CONTENT
"Berkelakar, Sandi Bolehkan Kaus #2019PrabowoPresiden di CFD","Senin, 07 Mei 2018 18:21 WIB",https://www.cnnindonesia.com/nasional/20180507180531-32-296368/berkelakar-sandi-bolehkan-kaus-2019prabowopresiden-di-cfd,ADVERTISEMENT SCROLL TO CONTINUE WITH CONTENT
Survei INES Sebut Elektabilitas Gerindra Paling Tinggi,"Minggu, 06 Mei 2018 22:10 WIB",https://www.cnnindonesia.com/nasional/20180506173431-32-296098/survei-ines-sebut-elektabilitas-gerindra-paling-tinggi,ADVERTISEMENT SCROLL TO CONTINUE WITH CONTENT
Gerindra: Sandiaga Minta Pendapat JK soal Duet Prabowo-Anies,"Minggu, 06 Mei 2018 20:08 WIB",https://www.cnnindonesia.com/nasional/20180506194834-32-296110/gerindra-sandiaga-minta-pendapat-jk-soal-duet-prabowo-anies,ADVERTISEMENT SCROLL TO CONTINUE WITH CONTENT
Manuver PKS dan Tenggat Prabowo Tentukan Cawapres,"Minggu, 06 Mei 2018 19:00 WIB",https://www.cnnindonesia.com/nasional/20180505124308-32-295913/manuver-pks-dan-tenggat-prabowo-tentukan-cawapres,ADVERTISEMENT SCROLL TO CONTINUE WITH CONTENT
Menteri Susi Jadi Cawapres Prabowo Paling Populer di Gerindra,"Minggu, 06 Mei 2018 16:28 WIB",https://www.cnnindonesia.com/nasional/20180506160459-32-296087/menteri-susi-jadi-cawapres-prabowo-paling-populer-di-gerindra,ADVERTISEMENT SCROLL TO CONTINUE WITH CONTENT
Survei INES: Prabowo Kalahkan Jokowi Jika Pilpres Hari ini,"Minggu, 06 Mei 2018 15:50 WIB",https://www.cnnindonesia.com/nasional/20180506151229-32-296080/survei-ines-prabowo-kalahkan-jokowi-jika-pilpres-hari-ini,ADVERTISEMENT SCROLL TO CONTINUE WITH CONTENT
Gerakan #2019GantiPresiden Masih Mungkin Dukung Jokowi,"Minggu, 06 Mei 2018 15:17 WIB",https://www.cnnindonesia.com/nasional/20180506140425-32-296061/gerakan-2019gantipresiden-masih-mungkin-dukung-jokowi,ADVERTISEMENT SCROLL TO CONTINUE WITH CONTENT
"Tanggapi Dugaan Intimidasi di CFD, PDIP Singgung Obor Rakyat","Sabtu, 05 Mei 2018 20:39 WIB",https://www.cnnindonesia.com/nasional/20180504212654-32-295856/tanggapi-dugaan-intimidasi-di-cfd-pdip-singgung-obor-rakyat,ADVERTISEMENT SCROLL TO CONTINUE WITH CONTENT
Sandi 'Goda' Susi Cocok Jadi Cawapres Prabowo,"Sabtu, 05 Mei 2018 10:24 WIB",https://www.cnnindonesia.com/nasional/20180505101134-32-295897/sandi-goda-susi-cocok-jadi-cawapres-prabowo,ADVERTISEMENT SCROLL TO CONTINUE WITH CONTENT
PKS Minta PAN Legawa Jika Tak Dapat Posisi Cawapres Prabowo,"Jumat, 04 Mei 2018 23:53 WIB",https://www.cnnindonesia.com/nasional/20180504150458-32-295734/pks-minta-pan-legawa-jika-tak-dapat-posisi-cawapres-prabowo,ADVERTISEMENT SCROLL TO CONTINUE WITH CONTENT
PKS: Secara Teori Poros Ketiga Mungkin Terbentuk,"Jumat, 04 Mei 2018 21:20 WIB",https://www.cnnindonesia.com/nasional/20180504201151-32-295841/pks-secara-teori-poros-ketiga-mungkin-terbentuk,ADVERTISEMENT SCROLL TO CONTINUE WITH CONTENT
"Bantah Ultimatum Prabowo, PKS Hanya Tunjukkan Sikap Politik","Jumat, 04 Mei 2018 18:15 WIB",https://www.cnnindonesia.com/nasional/20180504163403-32-295764/bantah-ultimatum-prabowo-pks-hanya-tunjukkan-sikap-politik,ADVERTISEMENT SCROLL TO CONTINUE WITH CONTENT
Prabowo soal Survei Capres: Tergantung Siapa yang Bayar,"Jumat, 04 Mei 2018 16:58 WIB",https://www.cnnindonesia.com/nasional/20180504142638-32-295731/prabowo-soal-survei-capres-tergantung-siapa-yang-bayar,ADVERTISEMENT SCROLL TO CONTINUE WITH CONTENT
Prabowo dan Rachmawati Ziarah ke Makam Bung Karno,"Jumat, 04 Mei 2018 14:33 WIB",https://www.cnnindonesia.com/nasional/20180504140140-32-295711/prabowo-dan-rachmawati-ziarah-ke-makam-bung-karno,ADVERTISEMENT SCROLL TO CONTINUE WITH CONTENT
"Soal #2019GantiPresiden, PDIP Enggan Urusi Rumah Tangga Orang","Jumat, 04 Mei 2018 14:05 WIB",https://www.cnnindonesia.com/nasional/20180504134349-32-295704/soal-2019gantipresiden-pdip-enggan-urusi-rumah-tangga-orang,ADVERTISEMENT SCROLL TO CONTINUE WITH CONTENT
Presiden PKS Sebut KSPI Tak Bisa Dilepaskan dari Politik,"Jumat, 04 Mei 2018 11:57 WIB",https://www.cnnindonesia.com/nasional/20180502143129-32-295135/presiden-pks-sebut-kspi-tak-bisa-dilepaskan-dari-politik,ADVERTISEMENT SCROLL TO CONTINUE WITH CONTENT
OJK Pastikan Permodalan 15 Bank Sistemik Aman,"Jumat, 04 Mei 2018 10:12 WIB",https://www.cnnindonesia.com/ekonomi/20180504100322-78-295616/ojk-pastikan-permodalan-15-bank-sistemik-aman,ADVERTISEMENT SCROLL TO CONTINUE WITH CONTENT
Survei Indikator Unggulkan AHY dan Anies Jadi Cawapres,"Jumat, 04 Mei 2018 04:50 WIB",https://www.cnnindonesia.com/nasional/20180503220130-32-295562/survei-indikator-unggulkan-ahy-dan-anies-jadi-cawapres,ADVERTISEMENT SCROLL TO CONTINUE WITH CONTENT
Fadli Zon Sebut Tak Ada Kontrak Politik Gerindra dan KSPI,"Jumat, 04 Mei 2018 03:50 WIB",https://www.cnnindonesia.com/nasional/20180504003752-32-295571/fadli-zon-sebut-tak-ada-kontrak-politik-gerindra-dan-kspi,ADVERTISEMENT SCROLL TO CONTINUE WITH CONTENT
Gerindra Tak Persoalkan PKS Bertemu SBY Bahas Poros Ketiga,"Kamis, 03 Mei 2018 23:52 WIB",https://www.cnnindonesia.com/nasional/20180503215120-32-295557/gerindra-tak-persoalkan-pks-bertemu-sby-bahas-poros-ketiga,ADVERTISEMENT SCROLL TO CONTINUE WITH CONTENT
Sandiaga Goda Titiek Soeharto soal Jadi Ibu Negara,"Kamis, 03 Mei 2018 20:34 WIB",https://www.cnnindonesia.com/nasional/20180503175417-20-295519/sandiaga-goda-titiek-soeharto-soal-jadi-ibu-negara,ADVERTISEMENT SCROLL TO CONTINUE WITH CONTENT
Deklarasi #2019GantiPresiden Diklaim Bukan Gerakan Politik,"Kamis, 03 Mei 2018 19:52 WIB",https://www.cnnindonesia.com/nasional/20180503182913-20-295516/deklarasi-2019gantipresiden-diklaim-bukan-gerakan-politik,ADVERTISEMENT SCROLL TO CONTINUE WITH CONTENT
"Survei Indikator: Jokowi 60,6 Persen, Prabowo 29 Persen","Kamis, 03 Mei 2018 17:30 WIB",https://www.cnnindonesia.com/nasional/20180503172132-32-295483/survei-indikator-jokowi-606-persen-prabowo-29-persen,ADVERTISEMENT SCROLL TO CONTINUE WITH CONTENT
Bimbang Prabowo Diburu Waktu Pilih Cawapres dari 9 Kader PKS,"Kamis, 03 Mei 2018 10:21 WIB",https://www.cnnindonesia.com/nasional/20180503094245-32-295319/bimbang-prabowo-diburu-waktu-pilih-cawapres-dari-9-kader-pks,ADVERTISEMENT SCROLL TO CONTINUE WITH CONTENT
May Day di Yogya dan Geliat Para Penolak Bandara Kulon Progo,"Kamis, 03 Mei 2018 08:53 WIB",https://www.cnnindonesia.com/nasional/20180503070415-20-295302/may-day-di-yogya-dan-geliat-para-penolak-bandara-kulon-progo,ADVERTISEMENT SCROLL TO CONTINUE WITH CONTENT
OSO Sindir Jatah Menteri dan Kontrak Politik KSPI-Prabowo,"Rabu, 02 Mei 2018 20:24 WIB",https://www.cnnindonesia.com/nasional/20180502192003-32-295224/oso-sindir-jatah-menteri-dan-kontrak-politik-kspi-prabowo,ADVERTISEMENT SCROLL TO CONTINUE WITH CONTENT
PKS Akan Serius Membicarakan Poros Ketiga dengan SBY,"Rabu, 02 Mei 2018 18:57 WIB",https://www.cnnindonesia.com/nasional/20180502162239-32-295168/pks-akan-serius-membicarakan-poros-ketiga-dengan-sby,ADVERTISEMENT SCROLL TO CONTINUE WITH CONTENT
"Gelar Rakornas Bahas Capres 2019, PA 212 Undang Gerindra-PKS","Rabu, 02 Mei 2018 18:19 WIB",https://www.cnnindonesia.com/nasional/20180502175702-32-295185/gelar-rakornas-bahas-capres-2019-pa-212-undang-gerindra-pks,ADVERTISEMENT SCROLL TO CONTINUE WITH CONTENT
Golkar: Dukungan KSPI ke Prabowo Bukan Aspirasi Tunggal Buruh,"Rabu, 02 Mei 2018 17:21 WIB",https://www.cnnindonesia.com/nasional/20180502142236-32-295122/golkar-dukungan-kspi-ke-prabowo-bukan-aspirasi-tunggal-buruh,ADVERTISEMENT SCROLL TO CONTINUE WITH CONTENT
"KSPI Dukung Prabowo, Zulhas Sebut Buruh Gerakan Politik","Rabu, 02 Mei 2018 16:59 WIB",https://www.cnnindonesia.com/nasional/20180502135230-32-295109/kspi-dukung-prabowo-zulhas-sebut-buruh-gerakan-politik,ADVERTISEMENT SCROLL TO CONTINUE WITH CONTENT
Bawaslu Anggap Prabowo Tak Curi Start Kampanye saat May Day,"Rabu, 02 Mei 2018 15:26 WIB",https://www.cnnindonesia.com/nasional/20180502150058-32-295146/bawaslu-anggap-prabowo-tak-curi-start-kampanye-saat-may-day,ADVERTISEMENT SCROLL TO CONTINUE WITH CONTENT
PKS Beri Tenggat Prabowo Tentukan Cawapres sebelum Puasa,"Rabu, 02 Mei 2018 12:02 WIB",https://www.cnnindonesia.com/nasional/20180502115359-32-295068/pks-beri-tenggat-prabowo-tentukan-cawapres-sebelum-puasa,ADVERTISEMENT SCROLL TO CONTINUE WITH CONTENT
Palagan Akhir Prabowo dan Pertaruhan Janji di Hadapan Buruh,"Rabu, 02 Mei 2018 09:43 WIB",https://www.cnnindonesia.com/nasional/20180502090243-32-295011/palagan-akhir-prabowo-dan-pertaruhan-janji-di-hadapan-buruh,ADVERTISEMENT SCROLL TO CONTINUE WITH CONTENT
"Soal TKA, Prabowo Singgung Tembok Perbatasan Donald Trump","Rabu, 02 Mei 2018 07:28 WIB",https://www.cnnindonesia.com/nasional/20180502064949-32-294994/soal-tka-prabowo-singgung-tembok-perbatasan-donald-trump,ADVERTISEMENT SCROLL TO CONTINUE WITH CONTENT
Presiden KSPI Tegaskan Aksi Buruh Tidak Didanai Prabowo,"Selasa, 01 Mei 2018 21:28 WIB",https://www.cnnindonesia.com/nasional/20180501200527-32-294960/presiden-kspi-tegaskan-aksi-buruh-tidak-didanai-prabowo,ADVERTISEMENT SCROLL TO CONTINUE WITH CONTENT
"Beda dengan KSPI, KSPSI Tetap Dukung Jokowi","Selasa, 01 Mei 2018 20:52 WIB",https://www.cnnindonesia.com/nasional/20180501204711-32-294961/beda-dengan-kspi-kspsi-tetap-dukung-jokowi,ADVERTISEMENT SCROLL TO CONTINUE WITH CONTENT
"Cerita Prabowo Kembali Jadi Capres, Padahal Ingin Pensiun","Selasa, 01 Mei 2018 20:10 WIB",https://www.cnnindonesia.com/nasional/20180501185424-32-294954/cerita-prabowo-kembali-jadi-capres-padahal-ingin-pensiun,ADVERTISEMENT SCROLL TO CONTINUE WITH CONTENT
Prabowo Akan Hentikan Sistem Outsourcing Bila Jadi Presiden,"Selasa, 01 Mei 2018 16:18 WIB",https://www.cnnindonesia.com/nasional/20180501161249-32-294925/prabowo-akan-hentikan-sistem-outsourcing-bila-jadi-presiden,ADVERTISEMENT SCROLL TO CONTINUE WITH CONTENT
"Tanda Tangani Kontrak Politik, Prabowo Resmi Didukung KSPI","Selasa, 01 Mei 2018 16:09 WIB",https://www.cnnindonesia.com/nasional/20180501155755-32-294922/tanda-tangani-kontrak-politik-prabowo-resmi-didukung-kspi,ADVERTISEMENT SCROLL TO CONTINUE WITH CONTENT
"Mengaku Sempat Merinding, Prabowo Ikut Joget dengan Buruh","Selasa, 01 Mei 2018 15:41 WIB",https://www.cnnindonesia.com/nasional/20180501153257-32-294920/mengaku-sempat-merinding-prabowo-ikut-joget-dengan-buruh,ADVERTISEMENT SCROLL TO CONTINUE WITH CONTENT
"Datang ke Istora, Prabowo Disambut Pekik Ribuan Buruh","Selasa, 01 Mei 2018 15:24 WIB",https://www.cnnindonesia.com/nasional/20180501150802-20-294914/datang-ke-istora-prabowo-disambut-pekik-ribuan-buruh,ADVERTISEMENT SCROLL TO CONTINUE WITH CONTENT
Rieke Ingin May Day Bertema #2019GantiHonorerJadiPNS,"Selasa, 01 Mei 2018 12:17 WIB",https://www.cnnindonesia.com/nasional/20180501114553-20-294863/rieke-ingin-may-day-bertema-2019gantihonorerjadipns,ADVERTISEMENT SCROLL TO CONTINUE WITH CONTENT
"Beda dari KSPI, Buruh Transportasi Ingin Jokowi Dua Periode","Selasa, 01 Mei 2018 12:17 WIB",https://www.cnnindonesia.com/nasional/20180501121146-20-294874/beda-dari-kspi-buruh-transportasi-ingin-jokowi-dua-periode,ADVERTISEMENT SCROLL TO CONTINUE WITH CONTENT
'Syarat' Ikut Pilpres dari Sandi bagi Zulhas: Bisa Lari 19 Km,"Selasa, 01 Mei 2018 11:58 WIB",https://www.cnnindonesia.com/nasional/20180501113031-32-294862/syarat-ikut-pilpres-dari-sandi-bagi-zulhas-bisa-lari-19-km,ADVERTISEMENT SCROLL TO CONTINUE WITH CONTENT
"Dukung Prabowo, KSPI Minta Said Iqbal Jadi Menaker","Selasa, 01 Mei 2018 11:12 WIB",https://www.cnnindonesia.com/nasional/20180501110239-32-294856/dukung-prabowo-kspi-minta-said-iqbal-jadi-menaker,ADVERTISEMENT SCROLL TO CONTINUE WITH CONTENT
"KSPI Akan Deklarasi Capres, GBK Izinkan Penggunaan Istora","Selasa, 01 Mei 2018 09:09 WIB",https://www.cnnindonesia.com/nasional/20180501084639-32-294825/kspi-akan-deklarasi-capres-gbk-izinkan-penggunaan-istora,ADVERTISEMENT SCROLL TO CONTINUE WITH CONTENT
Serikat Pekerja Dinilai Perlu Dilibatkan Awasi Pekerja Asing,"Selasa, 01 Mei 2018 05:55 WIB",https://www.cnnindonesia.com/nasional/20180430201130-20-294774/serikat-pekerja-dinilai-perlu-dilibatkan-awasi-pekerja-asing,ADVERTISEMENT SCROLL TO CONTINUE WITH CONTENT
"Sepakati PKS, Gerindra Sebut Sekretariat Bersama Belum Resmi","Selasa, 01 Mei 2018 02:18 WIB",https://www.cnnindonesia.com/nasional/20180501001055-32-294805/sepakati-pks-gerindra-sebut-sekretariat-bersama-belum-resmi,ADVERTISEMENT SCROLL TO CONTINUE WITH CONTENT
PKS Sebut Pembentukan Sekber dengan Gerindra Belum Resmi,"Senin, 30 Apr 2018 17:16 WIB",https://www.cnnindonesia.com/nasional/20180430163956-32-294723/pks-sebut-pembentukan-sekber-dengan-gerindra-belum-resmi,ADVERTISEMENT SCROLL TO CONTINUE WITH CONTENT
Fadli Zon soal PSI Lapor Polisi: Nanti Memercik Muka Sendiri,"Senin, 30 Apr 2018 14:06 WIB",https://www.cnnindonesia.com/nasional/20180430133433-32-294674/fadli-zon-soal-psi-lapor-polisi-nanti-memercik-muka-sendiri,ADVERTISEMENT SCROLL TO CONTINUE WITH CONTENT
Gerindra Sambut Dukungan KSPI untuk Prabowo,"Senin, 30 Apr 2018 12:57 WIB",https://www.cnnindonesia.com/nasional/20180430125050-32-294648/gerindra-sambut-dukungan-kspi-untuk-prabowo,ADVERTISEMENT SCROLL TO CONTINUE WITH CONTENT
"Tak Antiasing, Prabowo Minta Utamakan Pekerja Dalam Negeri","Senin, 30 Apr 2018 06:24 WIB",https://www.cnnindonesia.com/nasional/20180430033005-32-294558/tak-antiasing-prabowo-minta-utamakan-pekerja-dalam-negeri,ADVERTISEMENT SCROLL TO CONTINUE WITH CONTENT
KSPI Putuskan Dukung Prabowo-Rizal Ramli di Pilpres 2019,"Minggu, 29 Apr 2018 21:59 WIB",https://www.cnnindonesia.com/nasional/20180429215111-32-294542/kspi-putuskan-dukung-prabowo-rizal-ramli-di-pilpres-2019,ADVERTISEMENT SCROLL TO CONTINUE WITH CONTENT
Sandiaga Klaim Sekber Gerindra-PKS Tak Bahas Cawapres,"Sabtu, 28 Apr 2018 19:08 WIB",https://www.cnnindonesia.com/nasional/20180428163708-32-294395/sandiaga-klaim-sekber-gerindra-pks-tak-bahas-cawapres,ADVERTISEMENT SCROLL TO CONTINUE WITH CONTENT
Kelakar Prabowo Sebut Amien Rais Lebih Ganteng dari Anaknya,"Sabtu, 28 Apr 2018 16:31 WIB",https://www.cnnindonesia.com/nasional/20180428161813-32-294367/kelakar-prabowo-sebut-amien-rais-lebih-ganteng-dari-anaknya,ADVERTISEMENT SCROLL TO CONTINUE WITH CONTENT
Hanafi Rais Beri Sinyal PAN Merapat ke Gerindra,"Sabtu, 28 Apr 2018 03:55 WIB",https://www.cnnindonesia.com/nasional/20180428034850-32-294279/hanafi-rais-beri-sinyal-pan-merapat-ke-gerindra,ADVERTISEMENT SCROLL TO CONTINUE WITH CONTENT
"Sohibul Tak Hadir ke Sekber, PKS Klaim Cuma Masalah Teknis","Sabtu, 28 Apr 2018 03:22 WIB",https://www.cnnindonesia.com/nasional/20180428031634-32-294278/sohibul-tak-hadir-ke-sekber-pks-klaim-cuma-masalah-teknis,ADVERTISEMENT SCROLL TO CONTINUE WITH CONTENT
Sandiaga Sebut Sekber Gerindra-PKS untuk Tampung Aspirasi,"Sabtu, 28 Apr 2018 02:25 WIB",https://www.cnnindonesia.com/nasional/20180428021836-32-294276/sandiaga-sebut-sekber-gerindra-pks-untuk-tampung-aspirasi,ADVERTISEMENT SCROLL TO CONTINUE WITH CONTENT
Prabowo Sebut Tengah Persiapkan Tongkat Estafet Regenerasi,"Jumat, 27 Apr 2018 22:39 WIB",https://www.cnnindonesia.com/nasional/20180427223211-32-294271/prabowo-sebut-tengah-persiapkan-tongkat-estafet-regenerasi,ADVERTISEMENT SCROLL TO CONTINUE WITH CONTENT
Prabowo Nostalgia Rumah yang Dijadikan Sekber Gerindra-PKS,"Jumat, 27 Apr 2018 21:55 WIB",https://www.cnnindonesia.com/nasional/20180427214614-32-294266/prabowo-nostalgia-rumah-yang-dijadikan-sekber-gerindra-pks,ADVERTISEMENT SCROLL TO CONTINUE WITH CONTENT
Prabowo Hadiri Peresmian Sekber Pemenangan Gerindra-PKS,"Jumat, 27 Apr 2018 20:01 WIB",https://www.cnnindonesia.com/nasional/20180427195648-32-294251/prabowo-hadiri-peresmian-sekber-pemenangan-gerindra-pks,ADVERTISEMENT SCROLL TO CONTINUE WITH CONTENT
Fadli Zon: Sekber Gerindra-PKS Inisiatif Kader Akar Rumput,"Jumat, 27 Apr 2018 18:30 WIB",https://www.cnnindonesia.com/nasional/20180427180753-32-294213/fadli-zon-sekber-gerindra-pks-inisiatif-kader-akar-rumput,ADVERTISEMENT SCROLL TO CONTINUE WITH CONTENT
Amien Rais Dicap Nyinyir Soal Nawasengsara,"Jumat, 27 Apr 2018 14:41 WIB",https://www.cnnindonesia.com/nasional/20180427140404-32-294109/amien-rais-dicap-nyinyir-soal-nawasengsara,ADVERTISEMENT SCROLL TO CONTINUE WITH CONTENT
Amien Rais Sebut Nawacita Jokowi Jadi Nawasengsara,"Jumat, 27 Apr 2018 07:32 WIB",https://www.cnnindonesia.com/nasional/20180427064619-32-293995/amien-rais-sebut-nawacita-jokowi-jadi-nawasengsara,ADVERTISEMENT SCROLL TO CONTINUE WITH CONTENT
Politikus PDIP Tak Bicara Cawapres dengan Prabowo,"Jumat, 27 Apr 2018 05:36 WIB",https://www.cnnindonesia.com/nasional/20180426195300-32-293914/politikus-pdip-tak-bicara-cawapres-dengan-prabowo,ADVERTISEMENT SCROLL TO CONTINUE WITH CONTENT
PDIP Sanggah Pertemuan Jokowi-PKS Bentuk Kepanikan,"Kamis, 26 Apr 2018 21:26 WIB",https://www.cnnindonesia.com/nasional/20180426211440-32-293960/pdip-sanggah-pertemuan-jokowi-pks-bentuk-kepanikan,ADVERTISEMENT SCROLL TO CONTINUE WITH CONTENT
Fadli Zon Yakin Alumni 212 Tetap Dukung Prabowo,"Kamis, 26 Apr 2018 20:45 WIB",https://www.cnnindonesia.com/nasional/20180426203015-32-293948/fadli-zon-yakin-alumni-212-tetap-dukung-prabowo,ADVERTISEMENT SCROLL TO CONTINUE WITH CONTENT
Gerindra dan PKS Resmikan Sekber Pemenangan Prabowo Besok,"Kamis, 26 Apr 2018 19:27 WIB",https://www.cnnindonesia.com/nasional/20180426191214-32-293896/gerindra-dan-pks-resmikan-sekber-pemenangan-prabowo-besok,ADVERTISEMENT SCROLL TO CONTINUE WITH CONTENT
"Puji Gatot, Amien Rais Tetap Prediksi Jokowi Lawan Prabowo","Kamis, 26 Apr 2018 17:43 WIB",https://www.cnnindonesia.com/nasional/20180426172448-32-293856/puji-gatot-amien-rais-tetap-prediksi-jokowi-lawan-prabowo,ADVERTISEMENT SCROLL TO CONTINUE WITH CONTENT
Fadli Zon dan Amien Rais Berembuk Cari Penantang Jokowi,"Kamis, 26 Apr 2018 17:20 WIB",https://www.cnnindonesia.com/nasional/20180426170219-32-293841/fadli-zon-dan-amien-rais-berembuk-cari-penantang-jokowi,ADVERTISEMENT SCROLL TO CONTINUE WITH CONTENT
Amien Rais Sebut Zulkifli Hasan Sandiwara Dukung Jokowi,"Kamis, 26 Apr 2018 14:58 WIB",https://www.cnnindonesia.com/nasional/20180426145446-32-293778/amien-rais-sebut-zulkifli-hasan-sandiwara-dukung-jokowi,ADVERTISEMENT SCROLL TO CONTINUE WITH CONTENT
Gerindra Belum Pastikan Aher Jadi Calon Pendamping Prabowo,"Kamis, 26 Apr 2018 12:05 WIB",https://www.cnnindonesia.com/nasional/20180426113520-32-293711/gerindra-belum-pastikan-aher-jadi-calon-pendamping-prabowo,ADVERTISEMENT SCROLL TO CONTINUE WITH CONTENT
"Amien Sebut Elektabilitas Jokowi Turun, PAN Singgung Ahok","Kamis, 26 Apr 2018 02:26 WIB",https://www.cnnindonesia.com/nasional/20180425204404-32-293604/amien-sebut-elektabilitas-jokowi-turun-pan-singgung-ahok,ADVERTISEMENT SCROLL TO CONTINUE WITH CONTENT
Gatot Punya Cara Tingkatkan Elektabilitas: Saya Ikhtiar,"Rabu, 25 Apr 2018 22:03 WIB",https://www.cnnindonesia.com/nasional/20180425215618-32-293619/gatot-punya-cara-tingkatkan-elektabilitas-saya-ikhtiar,ADVERTISEMENT SCROLL TO CONTINUE WITH CONTENT
Gatot Nurmantyo soal Maju Pilpres: Ini Belum Final,"Rabu, 25 Apr 2018 20:51 WIB",https://www.cnnindonesia.com/nasional/20180425203309-32-293602/gatot-nurmantyo-soal-maju-pilpres-ini-belum-final,ADVERTISEMENT SCROLL TO CONTINUE WITH CONTENT
Jokowi Akui Bicarakan Pilpres dengan PKS,"Rabu, 25 Apr 2018 20:45 WIB",https://www.cnnindonesia.com/nasional/20180425190618-32-293566/jokowi-akui-bicarakan-pilpres-dengan-pks,ADVERTISEMENT SCROLL TO CONTINUE WITH CONTENT
Jokowi Buka Peluang Gandeng Prabowo di Pilpres 2019,"Rabu, 25 Apr 2018 20:38 WIB",https://www.cnnindonesia.com/nasional/20180425183703-32-293561/jokowi-buka-peluang-gandeng-prabowo-di-pilpres-2019,ADVERTISEMENT SCROLL TO CONTINUE WITH CONTENT
"Soal 'Kitab Suci Fiksi', LBH Minta Polisi Belajar Kasus Ahok","Rabu, 25 Apr 2018 19:58 WIB",https://www.cnnindonesia.com/nasional/20180425171545-12-293534/soal-kitab-suci-fiksi-lbh-minta-polisi-belajar-kasus-ahok,ADVERTISEMENT SCROLL TO CONTINUE WITH CONTENT
"Fadli Zon: Jokowi-Prabowo Tidak Cocok, Orientasinya Berbeda","Rabu, 25 Apr 2018 19:21 WIB",https://www.cnnindonesia.com/nasional/20180425190126-32-293565/fadli-zon-jokowi-prabowo-tidak-cocok-orientasinya-berbeda,ADVERTISEMENT SCROLL TO CONTINUE WITH CONTENT
Arah Suara Buruh di 2019 dan Perpecahan Serikat Pekerja,"Rabu, 25 Apr 2018 10:04 WIB",https://www.cnnindonesia.com/nasional/20180425081625-32-293331/arah-suara-buruh-di-2019-dan-perpecahan-serikat-pekerja,ADVERTISEMENT SCROLL TO CONTINUE WITH CONTENT
Amien Rais Sebut Cawapres Prabowo Masih Teka-teki,"Rabu, 25 Apr 2018 00:54 WIB",https://www.cnnindonesia.com/nasional/20180425004932-32-293304/amien-rais-sebut-cawapres-prabowo-masih-teka-teki,ADVERTISEMENT SCROLL TO CONTINUE WITH CONTENT
Amien Rais Anggap Mustahil Poros Ketiga,"Selasa, 24 Apr 2018 20:15 WIB",https://www.cnnindonesia.com/nasional/20180424195303-32-293251/amien-rais-anggap-mustahil-poros-ketiga,ADVERTISEMENT SCROLL TO CONTINUE WITH CONTENT
Gerindra Buka Pintu Jika Gatot Ingin Jadi Kader,"Selasa, 24 Apr 2018 19:35 WIB",https://www.cnnindonesia.com/nasional/20180424185325-32-293233/gerindra-buka-pintu-jika-gatot-ingin-jadi-kader,ADVERTISEMENT SCROLL TO CONTINUE WITH CONTENT
Amien Rais Tunjuk Foto Jokowi: Elektabilitasnya 'Going Down',"Selasa, 24 Apr 2018 16:33 WIB",https://www.cnnindonesia.com/nasional/20180424162241-20-293170/amien-rais-tunjuk-foto-jokowi-elektabilitasnya-going-down,ADVERTISEMENT SCROLL TO CONTINUE WITH CONTENT
"Tepis Amien Rais, PAN Klaim Masih Buka Pintu Bagi Jokowi","Selasa, 24 Apr 2018 16:10 WIB",https://www.cnnindonesia.com/nasional/20180424140230-12-293108/tepis-amien-rais-pan-klaim-masih-buka-pintu-bagi-jokowi,ADVERTISEMENT SCROLL TO CONTINUE WITH CONTENT
"May Day, Buruh Deklarasi Capres, Prabowo Jadi Unggulan","Selasa, 24 Apr 2018 14:45 WIB",https://www.cnnindonesia.com/nasional/20180424141828-20-293111/may-day-buruh-deklarasi-capres-prabowo-jadi-unggulan,ADVERTISEMENT SCROLL TO CONTINUE WITH CONTENT
Makna Menanjaknya Elektabilitas Jokowi di Mata Politisi PDIP,"Selasa, 24 Apr 2018 05:23 WIB",https://www.cnnindonesia.com/nasional/20180423192502-32-292961/makna-menanjaknya-elektabilitas-jokowi-di-mata-politisi-pdip,ADVERTISEMENT SCROLL TO CONTINUE WITH CONTENT
PPP Sebut Posisi Jokowi di Pilpres Belum Aman,"Selasa, 24 Apr 2018 04:42 WIB",https://www.cnnindonesia.com/nasional/20180423141551-32-292855/ppp-sebut-posisi-jokowi-di-pilpres-belum-aman,ADVERTISEMENT SCROLL TO CONTINUE WITH CONTENT
"Sepakat SBY, Fahri Sebut Banyak Janji Tak Dipenuhi Jokowi","Senin, 23 Apr 2018 14:43 WIB",https://www.cnnindonesia.com/nasional/20180423142330-32-292857/sepakat-sby-fahri-sebut-banyak-janji-tak-dipenuhi-jokowi,ADVERTISEMENT SCROLL TO CONTINUE WITH CONTENT
"Elektabilitas Dicap Merosot, Prabowo Tetap Andalan Gerindra","Senin, 23 Apr 2018 13:52 WIB",https://www.cnnindonesia.com/nasional/20180423132947-32-292841/elektabilitas-dicap-merosot-prabowo-tetap-andalan-gerindra,ADVERTISEMENT SCROLL TO CONTINUE WITH CONTENT
Senyum Jokowi dan Tak Ingin Direcoki Elektabilitas Tinggi,"Senin, 23 Apr 2018 12:17 WIB",https://www.cnnindonesia.com/nasional/20180423115557-32-292806/senyum-jokowi-dan-tak-ingin-direcoki-elektabilitas-tinggi,ADVERTISEMENT SCROLL TO CONTINUE WITH CONTENT
"Pancaroba, Hujan Lebat Akan Guyur Wilayah Indonesia","Senin, 23 Apr 2018 09:52 WIB",https://www.cnnindonesia.com/nasional/20180423085807-20-292745/pancaroba-hujan-lebat-akan-guyur-wilayah-indonesia,ADVERTISEMENT SCROLL TO CONTINUE WITH CONTENT
SBY: Insya Allah Ada Pemimpin Baru 2019,"Senin, 23 Apr 2018 08:08 WIB",https://www.cnnindonesia.com/nasional/20180423065350-32-292730/sby-insya-allah-ada-pemimpin-baru-2019,ADVERTISEMENT SCROLL TO CONTINUE WITH CONTENT
Fahri Hamzah Tantang Elite Parpol Bikin 4 Poros di Pilpres,"Senin, 23 Apr 2018 06:11 WIB",https://www.cnnindonesia.com/nasional/20180422191938-32-292680/fahri-hamzah-tantang-elite-parpol-bikin-4-poros-di-pilpres,ADVERTISEMENT SCROLL TO CONTINUE WITH CONTENT
Habiburokhman Minta Romahurmuziy Fokus Urus PPP,"Senin, 23 Apr 2018 02:08 WIB",https://www.cnnindonesia.com/nasional/20180422211928-32-292687/habiburokhman-minta-romahurmuziy-fokus-urus-ppp,ADVERTISEMENT SCROLL TO CONTINUE WITH CONTENT
Mahfud MD Yakin Prabowo Enggan Memilihnya Kembali Jadi Timses,"Minggu, 22 Apr 2018 22:49 WIB",https://www.cnnindonesia.com/nasional/20180422221035-32-292692/mahfud-md-yakin-prabowo-enggan-memilihnya-kembali-jadi-timses,ADVERTISEMENT SCROLL TO CONTINUE WITH CONTENT
Mahfud MD Ramal Anies Baswedan Calon Kuat Pendamping Prabowo,"Minggu, 22 Apr 2018 20:03 WIB",https://www.cnnindonesia.com/nasional/20180422193617-32-292681/mahfud-md-ramal-anies-baswedan-calon-kuat-pendamping-prabowo,ADVERTISEMENT SCROLL TO CONTINUE WITH CONTENT
Relawan Dorong Gatot Tempel Gerindra Agar Bisa Terjun Pilpres,"Minggu, 22 Apr 2018 16:52 WIB",https://www.cnnindonesia.com/nasional/20180422163802-32-292649/relawan-dorong-gatot-tempel-gerindra-agar-bisa-terjun-pilpres,ADVERTISEMENT SCROLL TO CONTINUE WITH CONTENT
"Roy Suryo, Teguran SBY, dan Wacana Poros Ketiga","Minggu, 22 Apr 2018 15:38 WIB",https://www.cnnindonesia.com/nasional/20180422152443-32-292641/roy-suryo-teguran-sby-dan-wacana-poros-ketiga,ADVERTISEMENT SCROLL TO CONTINUE WITH CONTENT
Gerindra Ingatkan PKS Masih Ada Anies dan Gatot untuk Prabowo,"Minggu, 22 Apr 2018 05:26 WIB",https://www.cnnindonesia.com/nasional/20180421163705-32-292509/gerindra-ingatkan-pks-masih-ada-anies-dan-gatot-untuk-prabowo,ADVERTISEMENT SCROLL TO CONTINUE WITH CONTENT
Demokrat Ramal Pendukung Jokowi Pecah Gabung Poros Ketiga,"Sabtu, 21 Apr 2018 19:39 WIB",https://www.cnnindonesia.com/nasional/20180421152356-32-292492/demokrat-ramal-pendukung-jokowi-pecah-gabung-poros-ketiga,ADVERTISEMENT SCROLL TO CONTINUE WITH CONTENT
Prabowo Sindir PPP Ketinggalan Informasi soal Pencapresan,"Sabtu, 21 Apr 2018 18:05 WIB",https://www.cnnindonesia.com/nasional/20180421165048-32-292510/prabowo-sindir-ppp-ketinggalan-informasi-soal-pencapresan,ADVERTISEMENT SCROLL TO CONTINUE WITH CONTENT
Presiden PKS Buka Kemungkinan Usung Capres Selain Prabowo,"Sabtu, 21 Apr 2018 17:35 WIB",https://www.cnnindonesia.com/nasional/20180421161347-32-292506/presiden-pks-buka-kemungkinan-usung-capres-selain-prabowo,ADVERTISEMENT SCROLL TO CONTINUE WITH CONTENT
PKS Usul Susunan Menteri Poros Prabowo Keluar Sebelum Pilpres,"Sabtu, 21 Apr 2018 17:15 WIB",https://www.cnnindonesia.com/nasional/20180421144907-32-292487/pks-usul-susunan-menteri-poros-prabowo-keluar-sebelum-pilpres,ADVERTISEMENT SCROLL TO CONTINUE WITH CONTENT
"Jokowi Capres Tunggal, Ada Parpol Terancam Tak Ikut Pemilu","Sabtu, 21 Apr 2018 15:53 WIB",https://www.cnnindonesia.com/nasional/20180421123316-32-292472/jokowi-capres-tunggal-ada-parpol-terancam-tak-ikut-pemilu,ADVERTISEMENT SCROLL TO CONTINUE WITH CONTENT
Prabowo Subianto Akui Kader Gerindra Kalah Militan dengan PKS,"Sabtu, 21 Apr 2018 13:47 WIB",https://www.cnnindonesia.com/nasional/20180421132325-32-292476/prabowo-subianto-akui-kader-gerindra-kalah-militan-dengan-pks,ADVERTISEMENT SCROLL TO CONTINUE WITH CONTENT
Prabowo Subianto Mengaku Takut Disuntik,"Sabtu, 21 Apr 2018 12:38 WIB",https://www.cnnindonesia.com/nasional/20180421122246-32-292470/prabowo-subianto-mengaku-takut-disuntik,ADVERTISEMENT SCROLL TO CONTINUE WITH CONTENT
"Rayakan Milad, Petinggi PKS Bersepeda dengan Prabowo","Sabtu, 21 Apr 2018 11:44 WIB",https://www.cnnindonesia.com/nasional/20180421113721-32-292463/rayakan-milad-petinggi-pks-bersepeda-dengan-prabowo,ADVERTISEMENT SCROLL TO CONTINUE WITH CONTENT
Persoalan Gatot Rebut Tiket Pilpres dan Bayang-bayang Prabowo,"Sabtu, 21 Apr 2018 09:27 WIB",https://www.cnnindonesia.com/nasional/20180420182253-32-292386/persoalan-gatot-rebut-tiket-pilpres-dan-bayang-bayang-prabowo,ADVERTISEMENT SCROLL TO CONTINUE WITH CONTENT
Rachmawati Yakin Jokowi Akan Bertarung dengan Prabowo,"Sabtu, 21 Apr 2018 00:04 WIB",https://www.cnnindonesia.com/nasional/20180420235824-32-292438/rachmawati-yakin-jokowi-akan-bertarung-dengan-prabowo,ADVERTISEMENT SCROLL TO CONTINUE WITH CONTENT
Sandiaga Ungkap Isi Pembicaraan dengan Romahurmuziy,"Jumat, 20 Apr 2018 23:14 WIB",https://www.cnnindonesia.com/nasional/20180420220934-32-292437/sandiaga-ungkap-isi-pembicaraan-dengan-romahurmuziy,ADVERTISEMENT SCROLL TO CONTINUE WITH CONTENT
"Bertemu Demokrat, PKS Sebut Ide Poros Ketiga Bagus","Jumat, 20 Apr 2018 21:40 WIB",https://www.cnnindonesia.com/nasional/20180420205612-32-292424/bertemu-demokrat-pks-sebut-ide-poros-ketiga-bagus,ADVERTISEMENT SCROLL TO CONTINUE WITH CONTENT
Gerindra Tak Khawatirkan Rencana Pertemuan SBY-Sohibul Iman,"Jumat, 20 Apr 2018 17:28 WIB",https://www.cnnindonesia.com/nasional/20180420161724-32-292332/gerindra-tak-khawatirkan-rencana-pertemuan-sby-sohibul-iman,ADVERTISEMENT SCROLL TO CONTINUE WITH CONTENT
"Romi-Sandi Bertemu, PPP Tetap Setia Dukung Jokowi","Jumat, 20 Apr 2018 15:20 WIB",https://www.cnnindonesia.com/nasional/20180420142749-32-292258/romi-sandi-bertemu-ppp-tetap-setia-dukung-jokowi,ADVERTISEMENT SCROLL TO CONTINUE WITH CONTENT
PPP Sebut Sandi Lontarkan Opsi Prabowo 'King Maker' pada Romi,"Jumat, 20 Apr 2018 14:35 WIB",https://www.cnnindonesia.com/nasional/20180420135307-32-292251/ppp-sebut-sandi-lontarkan-opsi-prabowo-king-maker-pada-romi,ADVERTISEMENT SCROLL TO CONTINUE WITH CONTENT
Amien Sebut Jokowi Otoriter dan Lebih Militer dari Prabowo,"Jumat, 20 Apr 2018 13:02 WIB",https://www.cnnindonesia.com/nasional/20180420104328-32-292181/amien-sebut-jokowi-otoriter-dan-lebih-militer-dari-prabowo,ADVERTISEMENT SCROLL TO CONTINUE WITH CONTENT
Kenangan Mondo Gascaro dan Romantisme 'April',Tanggal tidak ditemukan,https://www.cnnindonesia.com/hiburan/20180420124902-227-292209/kenangan-mondo-gascaro-dan-romantisme-april,ADVERTISEMENT SCROLL TO CONTINUE WITH CONTENT
Amien Rais Anggap Mustahil Prabowo Beri Tiket Capres 2019,"Jumat, 20 Apr 2018 09:20 WIB",https://www.cnnindonesia.com/nasional/20180420081431-32-292165/amien-rais-anggap-mustahil-prabowo-beri-tiket-capres-2019,ADVERTISEMENT SCROLL TO CONTINUE WITH CONTENT
"Bukan Kader Partai, Gatot Nurmantyo Dinilai Sulit Jadi Capres","Jumat, 20 Apr 2018 05:06 WIB",https://www.cnnindonesia.com/nasional/20180419223635-32-292127/bukan-kader-partai-gatot-nurmantyo-dinilai-sulit-jadi-capres,ADVERTISEMENT SCROLL TO CONTINUE WITH CONTENT
Fahri Hamzah: Kemungkinan Jokowi Kalah Masih Tinggi,"Jumat, 20 Apr 2018 04:14 WIB",https://www.cnnindonesia.com/nasional/20180419171354-32-292047/fahri-hamzah-kemungkinan-jokowi-kalah-masih-tinggi,ADVERTISEMENT SCROLL TO CONTINUE WITH CONTENT
PKS Tak Rela Jika Anies Baswedan Jadi Cawapres Prabowo,"Jumat, 20 Apr 2018 02:40 WIB",https://www.cnnindonesia.com/nasional/20180419215019-32-292122/pks-tak-rela-jika-anies-baswedan-jadi-cawapres-prabowo,ADVERTISEMENT SCROLL TO CONTINUE WITH CONTENT
"AHY Terpopuler Jadi Cawapres Jokowi, Anies Cawapres Prabowo","Jumat, 20 Apr 2018 00:46 WIB",https://www.cnnindonesia.com/nasional/20180419203431-32-292105/ahy-terpopuler-jadi-cawapres-jokowi-anies-cawapres-prabowo,ADVERTISEMENT SCROLL TO CONTINUE WITH CONTENT
Pertemuan Gerindra-PKS Tak Bahas Capres-Cawapres,"Kamis, 19 Apr 2018 23:45 WIB",https://www.cnnindonesia.com/nasional/20180419234059-32-292147/pertemuan-gerindra-pks-tak-bahas-capres-cawapres,ADVERTISEMENT SCROLL TO CONTINUE WITH CONTENT
Gerindra Jajaki Koalisi dengan PPP,"Kamis, 19 Apr 2018 22:34 WIB",https://www.cnnindonesia.com/nasional/20180419222737-32-292126/gerindra-jajaki-koalisi-dengan-ppp,ADVERTISEMENT SCROLL TO CONTINUE WITH CONTENT
PKS Minta Prabowo Segera Deklarasi Capres dan Cawapres,"Kamis, 19 Apr 2018 21:11 WIB",https://www.cnnindonesia.com/nasional/20180419191830-32-292097/pks-minta-prabowo-segera-deklarasi-capres-dan-cawapres,ADVERTISEMENT SCROLL TO CONTINUE WITH CONTENT
Gerindra dan PKS Bahas Format Pilpres 2019 Malam Ini,"Kamis, 19 Apr 2018 18:45 WIB",https://www.cnnindonesia.com/nasional/20180419183111-32-292075/gerindra-dan-pks-bahas-format-pilpres-2019-malam-ini,ADVERTISEMENT SCROLL TO CONTINUE WITH CONTENT
Wiranto Bungkam Soal Wacana Demokrat Ikut Dukung Jokowi,"Kamis, 19 Apr 2018 18:19 WIB",https://www.cnnindonesia.com/nasional/20180419125230-32-291956/wiranto-bungkam-soal-wacana-demokrat-ikut-dukung-jokowi,ADVERTISEMENT SCROLL TO CONTINUE WITH CONTENT
"Satu Pesawat dengan Jokowi, Cak Imin Klaim Bahas soal Pilpres","Kamis, 19 Apr 2018 14:45 WIB",https://www.cnnindonesia.com/nasional/20180419142728-32-291995/satu-pesawat-dengan-jokowi-cak-imin-klaim-bahas-soal-pilpres,ADVERTISEMENT SCROLL TO CONTINUE WITH CONTENT
Mahfud MD Prediksi Jokowi Lawan Gatot di Pilpres 2019,"Kamis, 19 Apr 2018 13:34 WIB",https://www.cnnindonesia.com/nasional/20180419130626-32-291960/mahfud-md-prediksi-jokowi-lawan-gatot-di-pilpres-2019,ADVERTISEMENT SCROLL TO CONTINUE WITH CONTENT
"Bocor Data Facebook, Strategi Donald Trump, dan Pilpres 2019","Kamis, 19 Apr 2018 13:11 WIB",https://www.cnnindonesia.com/nasional/20180419121109-32-291945/bocor-data-facebook-strategi-donald-trump-dan-pilpres-2019,ADVERTISEMENT SCROLL TO CONTINUE WITH CONTENT
Sandiaga Sebut PAN Ajukan Zulkifli Jadi Cawapres Prabowo,"Kamis, 19 Apr 2018 09:22 WIB",https://www.cnnindonesia.com/nasional/20180419083939-32-291898/sandiaga-sebut-pan-ajukan-zulkifli-jadi-cawapres-prabowo,ADVERTISEMENT SCROLL TO CONTINUE WITH CONTENT
PDIP Tak Yakin Gerindra Usung Prabowo di Pilpres 2019,"Kamis, 19 Apr 2018 05:31 WIB",https://www.cnnindonesia.com/nasional/20180418192127-32-291815/pdip-tak-yakin-gerindra-usung-prabowo-di-pilpres-2019,ADVERTISEMENT SCROLL TO CONTINUE WITH CONTENT
Wiranto Sebut Safari Politik Tak Terkait Paslon Pilpres 2019,"Kamis, 19 Apr 2018 04:03 WIB",https://www.cnnindonesia.com/nasional/20180418203513-32-291829/wiranto-sebut-safari-politik-tak-terkait-paslon-pilpres-2019,ADVERTISEMENT SCROLL TO CONTINUE WITH CONTENT
Gatot Dituntut Lepaskan Label Alumni 212 Jika Jadi Capres,"Rabu, 18 Apr 2018 21:38 WIB",https://www.cnnindonesia.com/nasional/20180418201231-32-291827/gatot-dituntut-lepaskan-label-alumni-212-jika-jadi-capres,ADVERTISEMENT SCROLL TO CONTINUE WITH CONTENT
Fadli Zon Akui Ada Surat Perjanjian Cawapres Gerindra-PKS,"Rabu, 18 Apr 2018 19:27 WIB",https://www.cnnindonesia.com/nasional/20180418182513-32-291802/fadli-zon-akui-ada-surat-perjanjian-cawapres-gerindra-pks,ADVERTISEMENT SCROLL TO CONTINUE WITH CONTENT
"Ungkit Indonesia 2030, Wiranto Sindir Pemimpin Pesimistis","Rabu, 18 Apr 2018 13:52 WIB",https://www.cnnindonesia.com/nasional/20180418122045-32-291668/ungkit-indonesia-2030-wiranto-sindir-pemimpin-pesimistis,ADVERTISEMENT SCROLL TO CONTINUE WITH CONTENT
"Poros Ketiga Butuh Keajaiban, PAN Wacanakan Koalisi Nasional","Rabu, 18 Apr 2018 11:03 WIB",https://www.cnnindonesia.com/nasional/20180418103028-32-291630/poros-ketiga-butuh-keajaiban-pan-wacanakan-koalisi-nasional,ADVERTISEMENT SCROLL TO CONTINUE WITH CONTENT
Fahri Hamzah 'Ajari' Sohibul Iman Cara Dekati Prabowo,"Rabu, 18 Apr 2018 07:54 WIB",https://www.cnnindonesia.com/nasional/20180417203433-32-291536/fahri-hamzah-ajari-sohibul-iman-cara-dekati-prabowo,ADVERTISEMENT SCROLL TO CONTINUE WITH CONTENT
Waketum Gerindra Sebut Ada Partai Hijau Akan Gabung Prabowo,"Selasa, 17 Apr 2018 20:56 WIB",https://www.cnnindonesia.com/nasional/20180417202652-32-291533/waketum-gerindra-sebut-ada-partai-hijau-akan-gabung-prabowo,ADVERTISEMENT SCROLL TO CONTINUE WITH CONTENT
"Setahun Jelang Pilpres, SBY Berharap Hukum Rimba Tak Berlaku","Selasa, 17 Apr 2018 18:19 WIB",https://www.cnnindonesia.com/nasional/20180417173550-32-291488/setahun-jelang-pilpres-sby-berharap-hukum-rimba-tak-berlaku,ADVERTISEMENT SCROLL TO CONTINUE WITH CONTENT
