Judul,Tanggal,Link,Isi Berita
KPU: 2.249 TPS Tak Bisa Lakukan Pemungutan Suara Pemilu 2019,"Rabu, 17 Apr 2019 23:57 WIB",https://www.cnnindonesia.com/nasional/20190417234033-32-387468/kpu-2249-tps-tak-bisa-lakukan-pemungutan-suara-pemilu-2019,ADVERTISEMENT SCROLL TO CONTINUE WITH CONTENT
Prabowo Menang Telak di Wilayah Kediaman Ustaz Abdul Somad,"Rabu, 17 Apr 2019 23:02 WIB",https://www.cnnindonesia.com/nasional/20190417215954-32-387448/prabowo-menang-telak-di-wilayah-kediaman-ustaz-abdul-somad,ADVERTISEMENT SCROLL TO CONTINUE WITH CONTENT
Jokowi Raih 82 Persen di Belgia-Luksemburg,"Rabu, 17 Apr 2019 22:47 WIB",https://www.cnnindonesia.com/internasional/20190417223704-134-387455/jokowi-raih-82-persen-di-belgia-luksemburg,ADVERTISEMENT SCROLL TO CONTINUE WITH CONTENT
Hasil Quick Count 4 Lembaga di Atas 95 Persen: Jokowi Unggul,"Rabu, 17 Apr 2019 22:29 WIB",https://www.cnnindonesia.com/nasional/20190417221247-32-387450/hasil-quick-count-4-lembaga-di-atas-95-persen-jokowi-unggul,ADVERTISEMENT SCROLL TO CONTINUE WITH CONTENT
"Simpang Siur Quick Count, AHY Minta Publik Tunggu Hasil KPU","Rabu, 17 Apr 2019 22:29 WIB",https://www.cnnindonesia.com/nasional/20190417220047-32-387447/simpang-siur-quick-count-ahy-minta-publik-tunggu-hasil-kpu,ADVERTISEMENT SCROLL TO CONTINUE WITH CONTENT
TKN soal Tudingan Pemilu Curang: Kami Tak Pernah Ancam KPU,"Rabu, 17 Apr 2019 22:16 WIB",https://www.cnnindonesia.com/nasional/20190417201034-32-387403/tkn-soal-tudingan-pemilu-curang-kami-tak-pernah-ancam-kpu,ADVERTISEMENT SCROLL TO CONTINUE WITH CONTENT
"Kertanegara Bergemuruh, Pendukung Teriak 'Prabowo Presiden'","Rabu, 17 Apr 2019 22:03 WIB",https://www.cnnindonesia.com/nasional/20190417215031-32-387443/kertanegara-bergemuruh-pendukung-teriak-prabowo-presiden,ADVERTISEMENT SCROLL TO CONTINUE WITH CONTENT
"Buru Pelaku Hoaks Server, Polisi Gerebek Dua Rumah di Bekasi","Rabu, 17 Apr 2019 21:56 WIB",https://www.cnnindonesia.com/nasional/20190417195743-12-387396/buru-pelaku-hoaks-server-polisi-gerebek-dua-rumah-di-bekasi,ADVERTISEMENT SCROLL TO CONTINUE WITH CONTENT
TKN Yakin Tak Ada Mobilisasi Massa Prabowo Usai Quick Count,"Rabu, 17 Apr 2019 21:51 WIB",https://www.cnnindonesia.com/nasional/20190417194445-32-387401/tkn-yakin-tak-ada-mobilisasi-massa-prabowo-usai-quick-count,ADVERTISEMENT SCROLL TO CONTINUE WITH CONTENT
"Real Count KPU 0,008 Persen: Prabowo 58, Jokowi 41 Persen","Rabu, 17 Apr 2019 21:47 WIB",https://www.cnnindonesia.com/nasional/20190417212324-32-387438/real-count-kpu-0008-persen-prabowo-58-jokowi-41-persen,ADVERTISEMENT SCROLL TO CONTINUE WITH CONTENT
Ma'ruf Gelar Syukuran Kelancaran Pemilu 2019,"Rabu, 17 Apr 2019 21:22 WIB",https://www.cnnindonesia.com/nasional/20190417210144-32-387426/maruf-gelar-syukuran-kelancaran-pemilu-2019,ADVERTISEMENT SCROLL TO CONTINUE WITH CONTENT
Denny JA: Dukungan Abdul Somad ke Prabowo Too Little Too Late,"Rabu, 17 Apr 2019 21:11 WIB",https://www.cnnindonesia.com/nasional/20190417201336-32-387415/denny-ja-dukungan-abdul-somad-ke-prabowo-too-little-too-late,ADVERTISEMENT SCROLL TO CONTINUE WITH CONTENT
TKN: Kami Juga Punya Bukti Surat Suara Sudah Dicoblos 02,"Rabu, 17 Apr 2019 21:11 WIB",https://www.cnnindonesia.com/nasional/20190417205922-32-387421/tkn-kami-juga-punya-bukti-surat-suara-sudah-dicoblos-02,ADVERTISEMENT SCROLL TO CONTINUE WITH CONTENT
Jokowi-Ma'ruf Amin Kuasai Hitung Suara Pemilu 2019 di Libanon,"Rabu, 17 Apr 2019 21:08 WIB",https://www.cnnindonesia.com/internasional/20190417210013-120-387423/jokowi-maruf-amin-kuasai-hitung-suara-pemilu-2019-di-libanon,ADVERTISEMENT SCROLL TO CONTINUE WITH CONTENT
Pendukung Jokowi-Ma'ruf Berpesta di Rumah Aspirasi,"Rabu, 17 Apr 2019 21:01 WIB",https://www.cnnindonesia.com/nasional/20190417202502-32-387411/pendukung-jokowi-maruf-berpesta-di-rumah-aspirasi,ADVERTISEMENT SCROLL TO CONTINUE WITH CONTENT
Prabowo Takluk Dari Jokowi Dalam Hitung Suara di Vietnam,"Rabu, 17 Apr 2019 20:37 WIB",https://www.cnnindonesia.com/internasional/20190417202745-106-387412/prabowo-takluk-dari-jokowi-dalam-hitung-suara-di-vietnam,ADVERTISEMENT SCROLL TO CONTINUE WITH CONTENT
"Keok di Hasil Quick Count, PSI Mengaku Kalah di Pemilu 2019","Rabu, 17 Apr 2019 20:26 WIB",https://www.cnnindonesia.com/nasional/20190417201037-32-387405/keok-di-hasil-quick-count-psi-mengaku-kalah-di-pemilu-2019,ADVERTISEMENT SCROLL TO CONTINUE WITH CONTENT
Jokowi-Ma'ruf Amin Unggul Dalam Hitung Suara di Timor Leste,"Rabu, 17 Apr 2019 20:18 WIB",https://www.cnnindonesia.com/internasional/20190417200715-106-387404/jokowi-maruf-amin-unggul-dalam-hitung-suara-di-timor-leste,ADVERTISEMENT SCROLL TO CONTINUE WITH CONTENT
Prabowo Menangkan Pemungutan Suara di 'Markas ISIS',"Rabu, 17 Apr 2019 20:04 WIB",https://www.cnnindonesia.com/internasional/20190417195540-120-387397/prabowo-menangkan-pemungutan-suara-di-markas-isis,ADVERTISEMENT SCROLL TO CONTINUE WITH CONTENT
Megawati Berharap Jokowi Bisa Jadi Presiden Lagi,"Rabu, 17 Apr 2019 20:02 WIB",https://www.cnnindonesia.com/nasional/20190417194518-32-387391/megawati-berharap-jokowi-bisa-jadi-presiden-lagi,ADVERTISEMENT SCROLL TO CONTINUE WITH CONTENT
TKN Sebut Sudah 'Ramal' Jokowi Menang Quick Count,"Rabu, 17 Apr 2019 19:58 WIB",https://www.cnnindonesia.com/nasional/20190417195141-32-387395/tkn-sebut-sudah-ramal-jokowi-menang-quick-count,ADVERTISEMENT SCROLL TO CONTINUE WITH CONTENT
Jokowi Raih 100 Persen Suara di Sejumlah TPS Boyolali,"Rabu, 17 Apr 2019 19:51 WIB",https://www.cnnindonesia.com/nasional/20190417193401-32-387390/jokowi-raih-100-persen-suara-di-sejumlah-tps-boyolali,ADVERTISEMENT SCROLL TO CONTINUE WITH CONTENT
"Pesta Kemenangan, Pendukung Jokowi Tak Peduli Klaim Prabowo","Rabu, 17 Apr 2019 19:47 WIB",https://www.cnnindonesia.com/nasional/20190417193136-32-387388/pesta-kemenangan-pendukung-jokowi-tak-peduli-klaim-prabowo,ADVERTISEMENT SCROLL TO CONTINUE WITH CONTENT
Ragam Tudingan Prabowo Usai Kalah Quick Count Pilpres 2019,"Rabu, 17 Apr 2019 19:26 WIB",https://www.cnnindonesia.com/nasional/20190417190637-32-387384/ragam-tudingan-prabowo-usai-kalah-quick-count-pilpres-2019,ADVERTISEMENT SCROLL TO CONTINUE WITH CONTENT
Megawati Puji Pidato 'Kemenangan' Prabowo soal Quick Count,"Rabu, 17 Apr 2019 19:18 WIB",https://www.cnnindonesia.com/nasional/20190417185730-32-387381/megawati-puji-pidato-kemenangan-prabowo-soal-quick-count,ADVERTISEMENT SCROLL TO CONTINUE WITH CONTENT
"Quick Count Puskaptis: Jokowi Unggul 0,44 Persen dari Prabowo","Rabu, 17 Apr 2019 19:04 WIB",https://www.cnnindonesia.com/nasional/20190417183817-32-387375/quick-count-puskaptis-jokowi-unggul-044-persen-dari-prabowo,ADVERTISEMENT SCROLL TO CONTINUE WITH CONTENT
Prabowo-Sandi Menang Telak di Rutan Kebonwaru Bandung,"Rabu, 17 Apr 2019 18:57 WIB",https://www.cnnindonesia.com/nasional/20190417184443-32-387374/prabowo-sandi-menang-telak-di-rutan-kebonwaru-bandung,ADVERTISEMENT SCROLL TO CONTINUE WITH CONTENT
Hasil Quick Count 5 Lembaga di Atas 75 Persen: Jokowi Unggul,"Rabu, 17 Apr 2019 18:50 WIB",https://www.cnnindonesia.com/nasional/20190417183337-32-387372/hasil-quick-count-5-lembaga-di-atas-75-persen-jokowi-unggul,ADVERTISEMENT SCROLL TO CONTINUE WITH CONTENT
Litbang Kompas Klaim Hitung Cepat Cerminkan Kondisi Riil,"Rabu, 17 Apr 2019 18:40 WIB",https://www.cnnindonesia.com/nasional/20190417182550-32-387369/litbang-kompas-klaim-hitung-cepat-cerminkan-kondisi-riil,ADVERTISEMENT SCROLL TO CONTINUE WITH CONTENT
Narasi Baru dari Kertanegara: Jangan Percaya Quick Count,"Rabu, 17 Apr 2019 18:33 WIB",https://www.cnnindonesia.com/nasional/20190417175125-32-387343/narasi-baru-dari-kertanegara-jangan-percaya-quick-count,ADVERTISEMENT SCROLL TO CONTINUE WITH CONTENT
Kubu Jokowi Tak Khawatir Klaim Prabowo: 2014 juga Begitu,"Rabu, 17 Apr 2019 18:27 WIB",https://www.cnnindonesia.com/nasional/20190417181224-32-387353/kubu-jokowi-tak-khawatir-klaim-prabowo-2014-juga-begitu,ADVERTISEMENT SCROLL TO CONTINUE WITH CONTENT
Senyum Tipis 'Kemenangan' Jokowi di Djakarta Theater,"Rabu, 17 Apr 2019 18:17 WIB",https://www.cnnindonesia.com/nasional/20190417180325-32-387350/senyum-tipis-kemenangan-jokowi-di-djakarta-theater,ADVERTISEMENT SCROLL TO CONTINUE WITH CONTENT
Beda Sikap Jokowi dan Prabowo soal Hasil Quick Count Pilpres,"Rabu, 17 Apr 2019 18:13 WIB",https://www.cnnindonesia.com/nasional/20190417175002-32-387346/beda-sikap-jokowi-dan-prabowo-soal-hasil-quick-count-pilpres,ADVERTISEMENT SCROLL TO CONTINUE WITH CONTENT
Lembaga Survei Tantang Prabowo Buka Data Exit Poll,"Rabu, 17 Apr 2019 18:04 WIB",https://www.cnnindonesia.com/nasional/20190417175605-32-387345/lembaga-survei-tantang-prabowo-buka-data-exit-poll,ADVERTISEMENT SCROLL TO CONTINUE WITH CONTENT
Hasto soal Quick Count: Rakyat Tak Termakan Politik Hitam,"Rabu, 17 Apr 2019 17:53 WIB",https://www.cnnindonesia.com/nasional/20190417164817-32-387306/hasto-soal-quick-count-rakyat-tak-termakan-politik-hitam,ADVERTISEMENT SCROLL TO CONTINUE WITH CONTENT
Pasar Modal Respons Positif Hasil Hitung Cepat Pilpres,"Rabu, 17 Apr 2019 17:51 WIB",https://www.cnnindonesia.com/ekonomi/20190417174430-92-387341/pasar-modal-respons-positif-hasil-hitung-cepat-pilpres,ADVERTISEMENT SCROLL TO CONTINUE WITH CONTENT
Jokowi Gagal Gerus Suara Prabowo di Jawa Barat,"Rabu, 17 Apr 2019 17:49 WIB",https://www.cnnindonesia.com/nasional/20190417174341-32-387340/jokowi-gagal-gerus-suara-prabowo-di-jawa-barat,ADVERTISEMENT SCROLL TO CONTINUE WITH CONTENT
Prabowo Unggul di TPS LP Tanjung Gusta di Medan,"Rabu, 17 Apr 2019 17:39 WIB",https://www.cnnindonesia.com/nasional/20190417173256-32-387330/prabowo-unggul-di-tps-lp-tanjung-gusta-di-medan,ADVERTISEMENT SCROLL TO CONTINUE WITH CONTENT
Jokowi-Ma'ruf Unggul di Rutan Dhani Mendekam,"Rabu, 17 Apr 2019 17:37 WIB",https://www.cnnindonesia.com/nasional/20190417172230-32-387329/jokowi-maruf-unggul-di-rutan-dhani-mendekam,ADVERTISEMENT SCROLL TO CONTINUE WITH CONTENT
Jokowi-Ma'ruf Unggul di Pemungutan Suara Selandia Baru,"Rabu, 17 Apr 2019 17:27 WIB",https://www.cnnindonesia.com/internasional/20190417172004-113-387320/jokowi-maruf-unggul-di-pemungutan-suara-selandia-baru,ADVERTISEMENT SCROLL TO CONTINUE WITH CONTENT
"Quick Count Indo Barometer 73 Persen: Jokowi 53,48 Persen","Rabu, 17 Apr 2019 17:19 WIB",https://www.cnnindonesia.com/nasional/20190417171222-32-387317/quick-count-indo-barometer-73-persen-jokowi-5348-persen,ADVERTISEMENT SCROLL TO CONTINUE WITH CONTENT
Pidato Jokowi soal Quick Count: Tunggu Hasil KPU,"Rabu, 17 Apr 2019 17:11 WIB",https://www.cnnindonesia.com/nasional/20190417164715-32-387312/pidato-jokowi-soal-quick-count-tunggu-hasil-kpu,ADVERTISEMENT SCROLL TO CONTINUE WITH CONTENT
"Quick Count Kedai Kopi 65,50 Persen: Jokowi 51,8 Persen","Rabu, 17 Apr 2019 17:08 WIB",https://www.cnnindonesia.com/nasional/20190417170833-32-387316/quick-count-kedai-kopi-6550-persen-jokowi-518-persen,ADVERTISEMENT SCROLL TO CONTINUE WITH CONTENT
Ma'ruf Amin Tanggapi Quick Count: Kami Sudah Menduga Menang,"Rabu, 17 Apr 2019 16:57 WIB",https://www.cnnindonesia.com/nasional/20190417164732-32-387305/maruf-amin-tanggapi-quick-count-kami-sudah-menduga-menang,ADVERTISEMENT SCROLL TO CONTINUE WITH CONTENT
Jokowi Pantau Hitung Cepat di Djakarta Theater,"Rabu, 17 Apr 2019 16:53 WIB",https://www.cnnindonesia.com/nasional/20190417163832-32-387304/jokowi-pantau-hitung-cepat-di-djakarta-theater,ADVERTISEMENT SCROLL TO CONTINUE WITH CONTENT
"Hasil Pemilu di China, Jokowi-Ma'ruf Unggul Sementara","Rabu, 17 Apr 2019 16:50 WIB",https://www.cnnindonesia.com/internasional/20190417163557-113-387303/hasil-pemilu-di-china-jokowi-maruf-unggul-sementara,ADVERTISEMENT SCROLL TO CONTINUE WITH CONTENT
Jokowi-Ma'ruf Menang Telak di TPS Amien Rais,"Rabu, 17 Apr 2019 16:45 WIB",https://www.cnnindonesia.com/nasional/20190417163602-32-387299/jokowi-maruf-menang-telak-di-tps-amien-rais,ADVERTISEMENT SCROLL TO CONTINUE WITH CONTENT
"Quick Count LSI Denny JA 84,55 Persen: Jokowi 54,89 Persen","Rabu, 17 Apr 2019 16:44 WIB",https://www.cnnindonesia.com/nasional/20190417163953-32-387301/quick-count-lsi-denny-ja-8455-persen-jokowi-5489-persen,ADVERTISEMENT SCROLL TO CONTINUE WITH CONTENT
Quick Count Indo Barometer 62 Persen: Jokowi 52 Persen,"Rabu, 17 Apr 2019 16:41 WIB",https://www.cnnindonesia.com/nasional/20190417163056-32-387300/quick-count-indo-barometer-62-persen-jokowi-52-persen,ADVERTISEMENT SCROLL TO CONTINUE WITH CONTENT
"Quick Count Median 41,93 Persen Suara: Jokowi 54,65 Persen","Rabu, 17 Apr 2019 16:39 WIB",https://www.cnnindonesia.com/nasional/20190417163152-32-387297/quick-count-median-4193-persen-suara-jokowi-5465-persen,ADVERTISEMENT SCROLL TO CONTINUE WITH CONTENT
Takbir dan Lagu Kemenangan Bergema di Rumah Prabowo,"Rabu, 17 Apr 2019 16:31 WIB",https://www.cnnindonesia.com/nasional/20190417160030-32-387283/takbir-dan-lagu-kemenangan-bergema-di-rumah-prabowo,ADVERTISEMENT SCROLL TO CONTINUE WITH CONTENT
Jokowi-Ma'ruf Unggul di TPS Keluarga Cendana,"Rabu, 17 Apr 2019 16:31 WIB",https://www.cnnindonesia.com/nasional/20190417162324-32-387294/jokowi-maruf-unggul-di-tps-keluarga-cendana,ADVERTISEMENT SCROLL TO CONTINUE WITH CONTENT
"Quick Count Kompas 60,6 Persen: Jokowi Unggul 54,8 Persen","Rabu, 17 Apr 2019 16:29 WIB",https://www.cnnindonesia.com/nasional/20190417155337-32-387292/quick-count-kompas-606-persen-jokowi-unggul-548-persen,ADVERTISEMENT SCROLL TO CONTINUE WITH CONTENT
"Exit Poll LSI Denny JA: Jokowi 56, Prabowo 43 Persen","Rabu, 17 Apr 2019 16:13 WIB",https://www.cnnindonesia.com/nasional/20190417160458-32-387282/exit-poll-lsi-denny-ja-jokowi-56-prabowo-43-persen,ADVERTISEMENT SCROLL TO CONTINUE WITH CONTENT
Jokowi Unggul di 2 TPS Penjara Koruptor Lapas Sukamiskin,"Rabu, 17 Apr 2019 16:11 WIB",https://www.cnnindonesia.com/nasional/20190417154309-32-387275/jokowi-unggul-di-2-tps-penjara-koruptor-lapas-sukamiskin,ADVERTISEMENT SCROLL TO CONTINUE WITH CONTENT
"Anggap Pemilu 2019 Masih Bemasalah, TKN Minta KPU Evaluasi","Rabu, 17 Apr 2019 16:06 WIB",https://www.cnnindonesia.com/nasional/20190417155755-32-387279/anggap-pemilu-2019-masih-bemasalah-tkn-minta-kpu-evaluasi,ADVERTISEMENT SCROLL TO CONTINUE WITH CONTENT
"Quick Count Indo Barometer 51,00 Persen: Jokowi 53,49 Persen","Rabu, 17 Apr 2019 16:04 WIB",https://www.cnnindonesia.com/nasional/20190417145509-32-387277/quick-count-indo-barometer-5100-persen-jokowi-5349-persen,ADVERTISEMENT SCROLL TO CONTINUE WITH CONTENT
Jokowi Menang 11 Suara di TPS Depan Rumah Megawati,"Rabu, 17 Apr 2019 15:54 WIB",https://www.cnnindonesia.com/nasional/20190417152342-32-387263/jokowi-menang-11-suara-di-tps-depan-rumah-megawati,ADVERTISEMENT SCROLL TO CONTINUE WITH CONTENT
"Quick Count LSI Denny JA 74,65 Persen: Jokowi 54,61 Persen","Rabu, 17 Apr 2019 15:53 WIB",https://www.cnnindonesia.com/nasional/20190417145559-32-387269/quick-count-lsi-denny-ja-7465-persen-jokowi-5461-persen,ADVERTISEMENT SCROLL TO CONTINUE WITH CONTENT
"Live Quick Count Pilpres 2019, Tonton di Sini","Rabu, 17 Apr 2019 15:48 WIB",https://www.cnnindonesia.com/nasional/20190417144448-32-387236/live-quick-count-pilpres-2019-tonton-di-sini,ADVERTISEMENT SCROLL TO CONTINUE WITH CONTENT
Prabowo Kalahkan Jokowi di TPS AHY,"Rabu, 17 Apr 2019 15:45 WIB",https://www.cnnindonesia.com/nasional/20190417144725-32-387234/prabowo-kalahkan-jokowi-di-tps-ahy,ADVERTISEMENT SCROLL TO CONTINUE WITH CONTENT
"Quick Count Litbang Kompas 50,75 Persen: Jokowi 55,04 Persen","Rabu, 17 Apr 2019 15:42 WIB",https://www.cnnindonesia.com/nasional/20190417145557-32-387261/quick-count-litbang-kompas-5075-persen-jokowi-5504-persen,ADVERTISEMENT SCROLL TO CONTINUE WITH CONTENT
"Quick Count Kedai Kopi 35 Persen: Jokowi 54,17 Persen","Rabu, 17 Apr 2019 15:42 WIB",https://www.cnnindonesia.com/nasional/20190417153500-32-387264/quick-count-kedai-kopi-35-persen-jokowi-5417-persen,ADVERTISEMENT SCROLL TO CONTINUE WITH CONTENT
BPN soal Kalah di Markas FPI: Mungkin Banyak Pendukung Jokowi,"Rabu, 17 Apr 2019 15:41 WIB",https://www.cnnindonesia.com/nasional/20190417152921-32-387260/bpn-soal-kalah-di-markas-fpi-mungkin-banyak-pendukung-jokowi,ADVERTISEMENT SCROLL TO CONTINUE WITH CONTENT
"Quick Count Indo Barometer 41,75 Persen: Jokowi 53,6 Persen","Rabu, 17 Apr 2019 15:35 WIB",https://www.cnnindonesia.com/nasional/20190417145555-32-387258/quick-count-indo-barometer-4175-persen-jokowi-536-persen,ADVERTISEMENT SCROLL TO CONTINUE WITH CONTENT
"Hasil Exit Poll BPN, Prabowo Unggul 55,4 Persen dari Jokowi","Rabu, 17 Apr 2019 15:30 WIB",https://www.cnnindonesia.com/nasional/20190417151340-32-387254/hasil-exit-poll-bpn-prabowo-unggul-554-persen-dari-jokowi,ADVERTISEMENT SCROLL TO CONTINUE WITH CONTENT
Jokowi Menang Telak di Dua TPS Depan Rumah Anies,"Rabu, 17 Apr 2019 15:28 WIB",https://www.cnnindonesia.com/nasional/20190417151901-32-387252/jokowi-menang-telak-di-dua-tps-depan-rumah-anies,ADVERTISEMENT SCROLL TO CONTINUE WITH CONTENT
Jokowi Unggul Jauh dari Prabowo di TPS Sendiri,"Rabu, 17 Apr 2019 15:21 WIB",https://www.cnnindonesia.com/nasional/20190417144243-32-387250/jokowi-unggul-jauh-dari-prabowo-di-tps-sendiri,ADVERTISEMENT SCROLL TO CONTINUE WITH CONTENT
Jokowi-Ma'ruf Unggul Telak di 'Kandang' Sandiaga,"Rabu, 17 Apr 2019 15:18 WIB",https://www.cnnindonesia.com/nasional/20190417143726-32-387230/jokowi-maruf-unggul-telak-di-kandang-sandiaga,ADVERTISEMENT SCROLL TO CONTINUE WITH CONTENT
"Quick Count CSIS 60,3 Persen: Jokowi 56,5 Prabowo 43,5 Persen","Rabu, 17 Apr 2019 15:14 WIB",https://www.cnnindonesia.com/nasional/20190417150554-32-387248/quick-count-csis-603-persen-jokowi-565-prabowo-435-persen,ADVERTISEMENT SCROLL TO CONTINUE WITH CONTENT
"Pemilu Terkendali, Luhut Optimistis Jokowi-Ma'ruf Menang","Rabu, 17 Apr 2019 15:14 WIB",https://www.cnnindonesia.com/nasional/20190417150507-32-387246/pemilu-terkendali-luhut-optimistis-jokowi-maruf-menang,ADVERTISEMENT SCROLL TO CONTINUE WITH CONTENT
Jokowi-Ma'ruf Kalahkan Prabowo-Sandi di TPS JK,"Rabu, 17 Apr 2019 15:13 WIB",https://www.cnnindonesia.com/nasional/20190417150545-32-387245/jokowi-maruf-kalahkan-prabowo-sandi-di-tps-jk,ADVERTISEMENT SCROLL TO CONTINUE WITH CONTENT
#JokoWinElection VS #TheVictoryofPrabowo Menggema,"Rabu, 17 Apr 2019 15:13 WIB",https://www.cnnindonesia.com/teknologi/20190417145801-192-387247/jokowinelection-vs-thevictoryofprabowo-menggema,ADVERTISEMENT SCROLL TO CONTINUE WITH CONTENT
"Quick Count Kompas 37,85 Persen Suara: Jokowi 55,37 Persen","Rabu, 17 Apr 2019 15:12 WIB",https://www.cnnindonesia.com/nasional/20190417145450-32-387244/quick-count-kompas-3785-persen-suara-jokowi-5537-persen,ADVERTISEMENT SCROLL TO CONTINUE WITH CONTENT
Mega Bertolak ke Istana Temui Jokowi,"Rabu, 17 Apr 2019 15:07 WIB",https://www.cnnindonesia.com/nasional/20190417150159-32-387242/mega-bertolak-ke-istana-temui-jokowi,ADVERTISEMENT SCROLL TO CONTINUE WITH CONTENT
Todd Ferre Jadi Bintang Dadakan di TPS Kampung Sereh Sentani,"Rabu, 17 Apr 2019 14:53 WIB",https://www.cnnindonesia.com/olahraga/20190417140458-142-387204/todd-ferre-jadi-bintang-dadakan-di-tps-kampung-sereh-sentani,ADVERTISEMENT SCROLL TO CONTINUE WITH CONTENT
Jokowi Unggul 3 Suara dari Prabowo di TPS Ma'ruf Amin,"Rabu, 17 Apr 2019 14:48 WIB",https://www.cnnindonesia.com/nasional/20190417143228-32-387216/jokowi-unggul-3-suara-dari-prabowo-di-tps-maruf-amin,ADVERTISEMENT SCROLL TO CONTINUE WITH CONTENT
Erick Thohir dan Pramono Anung Sambangi Kediaman Mega,"Rabu, 17 Apr 2019 14:43 WIB",https://www.cnnindonesia.com/nasional/20190417131008-32-387169/erick-thohir-dan-pramono-anung-sambangi-kediaman-mega,ADVERTISEMENT SCROLL TO CONTINUE WITH CONTENT
Jokowi Menang di Markas FPI dan Keluarga Rizieq Shihab,"Rabu, 17 Apr 2019 14:36 WIB",https://www.cnnindonesia.com/nasional/20190417142337-32-387210/jokowi-menang-di-markas-fpi-dan-keluarga-rizieq-shihab,ADVERTISEMENT SCROLL TO CONTINUE WITH CONTENT
Chairul Tanjung dan Istri Gunakan Hak Pilih di TPS Gondangdia,"Rabu, 17 Apr 2019 13:32 WIB",https://www.cnnindonesia.com/nasional/20190417131212-32-387170/chairul-tanjung-dan-istri-gunakan-hak-pilih-di-tps-gondangdia,ADVERTISEMENT SCROLL TO CONTINUE WITH CONTENT
Sorak-sorai dan Selawat Iringi Ma'ruf Amin Usai Mencoblos,"Rabu, 17 Apr 2019 13:24 WIB",https://www.cnnindonesia.com/nasional/20190417130611-32-387172/sorak-sorai-dan-selawat-iringi-maruf-amin-usai-mencoblos,ADVERTISEMENT SCROLL TO CONTINUE WITH CONTENT
Bowo Sidik Acungkan Jempol usaiNyoblosdi Rutan KPK,"Rabu, 17 Apr 2019 13:20 WIB",https://www.cnnindonesia.com/nasional/20190417131037-32-387168/bowo-sidik-acungkan-jempol-usai-nyoblos-di-rutan-kpk,ADVERTISEMENT SCROLL TO CONTINUE WITH CONTENT
Prabowo Tak Bisa Jamin Pemilu Damai jika Terjadi Kecurangan,"Rabu, 17 Apr 2019 12:59 WIB",https://www.cnnindonesia.com/nasional/20190417124702-32-387158/prabowo-tak-bisa-jamin-pemilu-damai-jika-terjadi-kecurangan,ADVERTISEMENT SCROLL TO CONTINUE WITH CONTENT
Ma'ruf Amin Akui Pemilu 2019 Pencoblosan Paling Nikmat,"Rabu, 17 Apr 2019 12:25 WIB",https://www.cnnindonesia.com/nasional/20190417120346-32-387127/maruf-amin-akui-pemilu-2019-pencoblosan-paling-nikmat,ADVERTISEMENT SCROLL TO CONTINUE WITH CONTENT
"Megawati: Saya Pernah Ikut Pilpres, KalahNdakRibut","Rabu, 17 Apr 2019 12:05 WIB",https://www.cnnindonesia.com/nasional/20190417112709-32-387121/megawati-saya-pernah-ikut-pilpres-kalah-ndak-ribut,ADVERTISEMENT SCROLL TO CONTINUE WITH CONTENT
Jokowi dan Iriana Makan Siang Bersama Usai 'Nyoblos',"Rabu, 17 Apr 2019 11:17 WIB",https://www.cnnindonesia.com/nasional/20190417110412-32-387095/jokowi-dan-iriana-makan-siang-bersama-usai-nyoblos,ADVERTISEMENT SCROLL TO CONTINUE WITH CONTENT
Luhut Mengaku Tak Pernah Terpikir Jokowi Kalah di Pilpres,"Rabu, 17 Apr 2019 11:07 WIB",https://www.cnnindonesia.com/nasional/20190417102110-32-387081/luhut-mengaku-tak-pernah-terpikir-jokowi-kalah-di-pilpres,ADVERTISEMENT SCROLL TO CONTINUE WITH CONTENT
"Berbaju Putih, Jokowi Plong Usai Mencoblos Pemilu 2019","Rabu, 17 Apr 2019 10:49 WIB",https://www.cnnindonesia.com/nasional/20190417102543-32-387084/berbaju-putih-jokowi-plong-usai-mencoblos-pemilu-2019,ADVERTISEMENT SCROLL TO CONTINUE WITH CONTENT
Ma'ruf Amin dan Istri Kompak Putih-putih Saat Nyoblos,"Rabu, 17 Apr 2019 10:14 WIB",https://www.cnnindonesia.com/nasional/20190417094109-32-387075/maruf-amin-dan-istri-kompak-putih-putih-saat-nyoblos,ADVERTISEMENT SCROLL TO CONTINUE WITH CONTENT
Ratna Sarumpaet Akan Nyoblos di Polda Metro Jaya,"Rabu, 17 Apr 2019 09:23 WIB",https://www.cnnindonesia.com/nasional/20190416202207-32-386958/ratna-sarumpaet-akan-nyoblos-di-polda-metro-jaya,ADVERTISEMENT SCROLL TO CONTINUE WITH CONTENT
"Live Streaming Pilpres dan Pileg 2019, Tonton di Sini","Rabu, 17 Apr 2019 08:50 WIB",https://www.cnnindonesia.com/nasional/20190417083625-32-387048/live-streaming-pilpres-dan-pileg-2019-tonton-di-sini,ADVERTISEMENT SCROLL TO CONTINUE WITH CONTENT
"Tunggu Hasil Pemilu, Ma'ruf Tanpa Beban dan Pilih Istirahat","Rabu, 17 Apr 2019 08:48 WIB",https://www.cnnindonesia.com/nasional/20190417083752-32-387049/tunggu-hasil-pemilu-maruf-tanpa-beban-dan-pilih-istirahat,ADVERTISEMENT SCROLL TO CONTINUE WITH CONTENT
"Ma'ruf: Kalau Tidak ke TPS, Euforia Itu Tak Ada Gunanya","Rabu, 17 Apr 2019 08:26 WIB",https://www.cnnindonesia.com/nasional/20190417081619-32-387041/maruf-kalau-tidak-ke-tps-euforia-itu-tak-ada-gunanya,ADVERTISEMENT SCROLL TO CONTINUE WITH CONTENT
Ma'ruf Amin Olahraga Sepeda Statis Sebelum Nyoblos Pemilu,"Rabu, 17 Apr 2019 07:48 WIB",https://www.cnnindonesia.com/nasional/20190417073307-32-387036/maruf-amin-olahraga-sepeda-statis-sebelum-nyoblos-pemilu,ADVERTISEMENT SCROLL TO CONTINUE WITH CONTENT
Google Rayakan Pemilu 2019 dengan Doodle,"Rabu, 17 Apr 2019 06:51 WIB",https://www.cnnindonesia.com/teknologi/20190417063438-192-387023/google-rayakan-pemilu-2019-dengan-doodle,ADVERTISEMENT SCROLL TO CONTINUE WITH CONTENT
"Jokowi Nyoblos di Belakang Istana, Prabowo di Bojong Koneng","Rabu, 17 Apr 2019 06:12 WIB",https://www.cnnindonesia.com/nasional/20190416191305-32-386930/jokowi-nyoblos-di-belakang-istana-prabowo-di-bojong-koneng,ADVERTISEMENT SCROLL TO CONTINUE WITH CONTENT
"Megawati Nyoblos di Kebagusan, Ma'ruf Amin di Koja","Rabu, 17 Apr 2019 05:55 WIB",https://www.cnnindonesia.com/nasional/20190416201642-32-386960/megawati-nyoblos-di-kebagusan-maruf-amin-di-koja,ADVERTISEMENT SCROLL TO CONTINUE WITH CONTENT
Bangsa Indonesia Sambut Gelaran Pemilu 2019 Hari Ini,"Rabu, 17 Apr 2019 05:09 WIB",https://www.cnnindonesia.com/nasional/20190416192657-32-386933/bangsa-indonesia-sambut-gelaran-pemilu-2019-hari-ini,ADVERTISEMENT SCROLL TO CONTINUE WITH CONTENT
LBH Jakarta: Kedua Capres Punya Catatan Buruk soal HAM,"Rabu, 17 Apr 2019 04:37 WIB",https://www.cnnindonesia.com/nasional/20190416205841-32-386971/lbh-jakarta-kedua-capres-punya-catatan-buruk-soal-ham,ADVERTISEMENT SCROLL TO CONTINUE WITH CONTENT
"Surat Tercoblos, KPU Laporkan Dua Anak Buah Rusdi Kirana","Rabu, 17 Apr 2019 01:15 WIB",https://www.cnnindonesia.com/nasional/20190417005509-32-386996/surat-tercoblos-kpu-laporkan-dua-anak-buah-rusdi-kirana,ADVERTISEMENT SCROLL TO CONTINUE WITH CONTENT
"Ralat Tudingan, Hasto Sebut Oknum Bawaslu yang Berpihak","Selasa, 16 Apr 2019 23:45 WIB",https://www.cnnindonesia.com/nasional/20190416230930-20-386986/ralat-tudingan-hasto-sebut-oknum-bawaslu-yang-berpihak,ADVERTISEMENT SCROLL TO CONTINUE WITH CONTENT
Mengintip Persiapan di TPS Tempat Ma'ruf dan Sandi Mencoblos,"Selasa, 16 Apr 2019 19:56 WIB",https://www.cnnindonesia.com/nasional/20190416180845-32-386901/mengintip-persiapan-di-tps-tempat-maruf-dan-sandi-mencoblos,ADVERTISEMENT SCROLL TO CONTINUE WITH CONTENT
PDIP Sebut Ada Anggota KPU Tak Netral di Pemilu 2019,"Selasa, 16 Apr 2019 18:43 WIB",https://www.cnnindonesia.com/nasional/20190416182214-32-386905/pdip-sebut-ada-anggota-kpu-tak-netral-di-pemilu-2019,ADVERTISEMENT SCROLL TO CONTINUE WITH CONTENT
"Suara Golput, Suara Rakyat","Selasa, 16 Apr 2019 17:57 WIB",https://www.cnnindonesia.com/nasional/20190416080753-32-386715/suara-golput-suara-rakyat,"Mathew mendekat ke penonton lalu mengambil mikrofon sambil membawa gitar elektrik. Dia menyatakan sikap politiknya,golputPilpres 2019. Vokalis kelompok musik The Stocker ini membuka penampilannya dengan orasi. Poster besar bergambar telapak tangan dengan tulisan 'Saya Golput' menempel di dinding panggung.""Seumur hidup gua enggak pernah memilih untuk pemilu. Seumur hidup,"" ujarnya saat acara Temu KeluWarga Golput di Gedung YLBHI, Jakarta Pusat, Sabtu (13/4).Namun bukan berarti Mathew tak pernah mencoblos surat suara. Dia mengaku pernah sekali datang ke tempat pemungutan suara saat Pemilu 1999. Itu pun karena terpaksa. Ketua RT menjemputnya di rumah ketika dia sedang tidur.""Datang ke TPSnyoblos, tapi dibikin jadi golput, enggaknyoblossiapa-siapa jadinya. Datang karena enggak enak sama pak RT doang, keluarga gua enggak enak. Jadi kayak paksaan,"" kata pria yang akrab disapa Jaws. Musisi punk ini merasa sia-sia memberikan hak pilihnya pada pemilu. Sistem politik yang ada selama ini dinilai hanya menguntungkan pemerintah dan korporasi. Dia tak mau menggantungkan hidup pada sistem semacam itu.""Gua sendiri lahir diskena(komunitas) punk, sudah enggak percaya dari awal karena apapun sistem yang dijalani itu pasti banyak enggak sesuainya,"" ujarnya.Mathew menyatakan tak akan datang ke bilik suara pada hari pencoblosan 17 April besok. Dia masa bodoh hak pilihnya hilang atau disalahgunakan orang lain. Menurutnya pemilu sudah tak penting lagi.""Penyalahgunaan enggak cuma di pemilu doang. Penyalahgunaan ada di semua lini di Indonesia,"" katanya sambil tertawa getir. Malam itu, The Stocker membawakan lagunya berjudulKenyataan Bagai Belati. ""Kenyataannya kita disuruh pilih 01 atau 02. Kenyataan bagai belati,"" ujar Jaws langsung disambung melodi gitar mengawali lagu.Di tempat berbeda, Marto punya cara lain mengekspresikan sikap golput. Dia merusak surat suara sah yang didapat via pos dari Panitia Pemilihan Luar Negeri (PPLN). Marto sedang berada di luar negeri saat pemilu digelar tahun ini. ADVERTISEMENT SCROLL TO CONTINUE WITH CONTENT Seniman grafis ini mencoret-coret surat suara Pilpres 2019 dengan huruf kapital A dalam lingkaran. Lambang anarkisme yang dia sebut sebagai anarkonesia, meniban foto dua pasangan capres dan cawapres, Joko Widodo-Ma'ruf Amin serta Prabowo Subianto-Sandiaga Uno.Karyanya itu diunggah ke akun Twitter pribadinya pada 22 Maret lalu. Di atas foto itu dibubuhi tagar #GwANTIPRESIDEN2019.Marto menyimpan surat suara pilpres yang sudah dicoret-coret untuk kenangan. Surat suara itu ditukar dengan gambar kartun buatannya, kemudian dikirim kembali ke kantor Kedutaan Besar.""Gue golputer pertama yang sudah merusak danpostingsurat suara,"" kata Marto kepadaCNNIndonesia.commelalui pesan singkat.Marto menilai Jokowi dan Prabowo sama-sama memiliki rekam jejak yang buruk. Jokowi dinilai tak pernah menepati janji untuk menyelesaikan kasus pelanggaran HAM, selain menggandeng orang-orang bermasalah dalam kabinet. Sementara Prabowo dianggap terlibat kasus pelanggaran HAM berat masa lalu. ""Keduanya busuk dan yang utama saya anarkis,"" tegasnya.Marto pernah menulis artikel berjudul 'Anarkisme dan Golput'. Di dalamnya dia menyebut pemilu sebagai pesta oligarki. Sementara anarkisme sebagai ideologi yang menolak kekuasaan, pengikutnya tak tertarik dengan tabiat pemujaan kepada junjungan. Jargonnya, No Master, No Hero. Karena itu, Marto ogah memilih pemimpin dan wakil di parlemen.Namun pada Pilpres 2014, Marto mengaku memilih Jokowi. Alasannya untuk mencegah Prabowo menjadi presiden karena dianggap mengerikan. Meski begitu, dia sudah memprediksi kekuasaan akan tetap berjalan korup.""2014 ketakutan membuat gue murtad sedikit (sebagai anarkis). Hanya surat suara legislatif yang gue rusak,"" ujarnya. Kecewa Jokowi, Menolak PrabowoKamis (21/3) sore, mobil berpelat RI 1 yang mengantar Presiden Joko Widodo bersiap keluar dari Istana Negara, Jakarta. Di seberang Istana, barisan massa Aksi Kamisan sudah berhadapan-hadapan dengan pasukan Brimob.Seorang orator mengarahkan peserta aksi ke titik terdekat perlintasan. Mobil presiden melaju buru-buru dikawal Paspampres saat melintas di depan massa aksi. Jokowi bergegas menghadiri acara deklarasi dukungan pengusaha untuk Pilpres 2019.Sementara, puluhan orang peserta aksi terus mengacungkan kepalan tangan ke arah mobil yang ditumpangi Jokowi. Di balik barikade kawat berduri, mereka lantang berteriak, ""Hidup Korban! Jangan Diam! Lawan!"" hingga rombongan presiden tak terlihat lagi. Aksi diam ke-578 itu mengusung tema ""1998 Bersisa Pilu, Tragedi Hanya Jadi Isu Pemilu"". Para pemuda, mahasiswa, buruh, aktivis HAM, hingga keluarga korban Tragedi 1965 dan kerusuhan 1998 terlibat aksi di dalamnya. Termasuk Maria Katarina Sumarsih, orang tua Wawan -mahasiswa yang tewas ditembak peluru tajam tentara saat Tragedi Semanggi 1998.Perempuan 66 tahun itu masih mengingat jelas ketika dirinya ikut mengampanyekan Jokowi sebagai calon presiden pada Pilpres 2014. Dia bersama keluarga korban lainnya mendukung Jokowi mengalahkan rivalnya, Prabowo Subianto, mantan Danjen Kopassus yang diduga terlibat kasus penculikan aktivis 1998.Sumarsih kala itu terpincut dengan Nawacita. Di dalamnya, Jokowi berkomitmen menyelesaikan kasus-kasus pelanggaran HAM berat masa lalu, termasuk Tragedi Semanggi 1998 yang merenggut nyawa putra Sumarsih.""Saat itu kami keluarga korban milih Pak Jokowi, termasuk saya kampanye, 'Ayo pilih Jokowi!' Saya benar-benar kampanye,"" kenang Sumarsih. Rabu malam, 9 Juli 2014, hasil hitung cepat sementara sejumlah lembaga survei menyatakan Jokowi mengungguli Prabowo di pilpres. Sumarsih sempat berpikir untuk berhenti Aksi Kamisan keesokan hari.Komitmen Jokowi untuk menghapus impunitas ketika itu, kata Sumarsih, sejalan dengan yang apa diperjuangkan dalam Aksi Kamisan. ""Saya mau berhenti (Kamisan),"" ujarnya.Namun, sejumlah aktivis '98 yang berkumpul di rumah Sumarsih menyarankan untuk tidak berhenti Kamisan. Jokowi belum tentu mewujudkan komitmennya, begitu pesan yang ditangkap Sumarsih.""Kenyataannya benar. Visi, misi dan program aksi yang dikenal dengan Nawacita itu akhirnya menjadi duka cita, khususnya bagi kami keluarga korban,"" ujar Sumarsih. Dia kecewa ketika Jokowi mengangkat beberapa mantan jenderal yang dianggap punya rekam jejak buruk pada kasus pelanggaran HAM berat masa lalu. Salah satunya eks Menhankam Pangab Wiranto yang kini menjabat Menko Polhukam.Sumarsih menilai penegakan hukum di Indonesia tidak berjalan. Sebab kasus para terduga pelaku pelanggaran HAM berat masa lalu tak kunjung diadili.""Kalau misalnya Wiranto salah, ya diadili. Prabowo salah, ya diadili. Kalau mereka tidak bersalah dan maunyapresmungkin kita akan mendukung, tapi pengadilan itu harus jalan dulu,"" ujarnya.Sumarsih bersama keluarga korban lainnya pernah bertemu Jokowi di Istana untuk membicarakan kasus pelanggaran HAM, pada 31 Mei 2018. Namun pertemuan itu tak menemui titik temu.Semua perlakuan negara itu mendorong Sumarsih bersikap golput pada Pilpres 2019. Dia kecewa pada Jokowi dan tak sudi memilih Prabowo. Dia menilai kedua capres tidak ada kemauan untuk menyelesaikan pelanggaran HAM berat.""Kalau saya golput bukan bodoh, justru orang cerdas. Kalau seperti ini terus enggak ada penyelesaian secara masif, selamanya akan terjadi kekerasan negara,"" kata Sumarsih di akhir Aksi Kamisan kala itu.(Bersambung ke halaman berikutnya... ""Kerja Kolektif Kubu Golput Pasca-Pemilu"")[Gambas:Video CNN] Sepekan kemudian, Lini Zurlia mengikuti Aksi Kamisan yang sama. Dia mengunggah fotonya berlatar belakang Istana Negara di akun Twitter pribadinya @Lini_ZQ. Di foto itu, Lini memegang stiker berwarna putih bergambar telapak tangan dengan tulisan ""Saya Golput"" di bawahnya. Dia mencuit ""#SayaGolput Kamu?"".Atas cuitan itu, warganet beramai-ramai menghujat dan menyerangnya. Bahkan ada pula yang cenderung mengintimidasi. Lini tak menyangka reaksi publik begitu berlebihan menghadapi perbedaan pilihan sikap politik seseorang.Dia merasa sangat terganggu dengan makian yang merendahkan identitas perempuan. Akibat serangan itu, kata Lini, perhatian publik teralihkan. Fokus pesannya tak lagi soal golput sebagai sebuah protes, tapi berubah menjadi perundungan.""Aku akhirnya berkesimpulan kita ini belum benar-benar siap pada apa yang disebut perbedaan, termasuk sikap politik,"" kata Lini saat ditemui di Gedung YLBHI, Jakarta. Sehari sebelumnya, Wiranto menyebut orang yang mengajak bersikap golput sebagai pengacau pemilu karena mengancam hak dan kewajiban orang lain. Bahkan Wiranto menyatakan kelompok golput bisa diancam hukuman pidana.""Kalau UU Terorisme tidak bisa, undang-undang lain masih bisa. Ada UU ITE, UU KUHP bisa,"" kata Wiranto di Jakarta, Rabu (27/4).Pegiat golput sekaligus pengacara publik, Alghiffari Aqsa, menilai keberadaan golput saat ini dianggap mengganggu kekuasaan oleh peserta pemilu karena mempengaruhi kekuatan politik masyarakat. Tidak hanya pemerintah yang bereaksi atas keberadaan golput, tapi pihak oposisi dan sejumlah tokoh nasional ikut berkomentar menyerang mereka yang memilih golput.""Ini cara-cara yang menurut saya justru tidak mendidik di saat pemerintah sedang mengkampanyekan anti-hoax dan prinsip-prinsip penyebaran informasi yang berhati-hati,"" kata Alghif saat ditemui di kantornya di kawasan Sudirman, Jakarta Pusat. Di Indramayu, Jawa Barat, masyarakat yang menolak PLTU mengikuti kegiatan diskusi dan nonton bareng filmSexy Killers, Kamis (11/4). Namun panitia menerima intimidasi dari Panitia Pengawas Pemilu (Panwaslu) dan polisi setempat.Salah satu produser, Didit Haryo, mengatakan alasan Panwaslu meminta acara nobar dihentikan karena film tersebut menyinggung dua pasangan capres-cawapres 2019 dan berpotensi memicu kebencian publik.""Di tengah film diputar, Panwaslu merasa keberatan dengan film tersebut karena menyinggung kandidat yang sedang berkompetisi di pilpres, dia meminta film itu segera disudahi,"" kata Didit yang saat itu berada di lokasi.SutradaraSexy Killers, Dandhy Laksono, mengatakan film itu dibuat sama sekali tak terkait urusan pilpres maupun pandangan politik pribadinya yang memilih golput. Menurutnya isu sumberdaya energi yang disoroti dalam film itu lebih besar daripada sekadar urusan pilpres.Saat diunggah di Youtube, film itu tembus 1 juta penonton dalam waktu 36 jam. Sebelumnya,Sexy Killersjuga ditonton di 476 titik dengan model nonton bareng dan diskusi film.Film buatannya itu memang diluncurkan jelang pilpres. Namun, Dandhy tak peduli orang lain menyimpulkan bahwa film ini terkait kampanye terselubung golput.""Kalaupun ini benar terkait golput atau ada kampanye terselubung golput,ngapainharus terselubung, secara terang-terangan juga bisa.WongJokowi dan Prabowo bisa kampanye terang-terangan, masa golput enggak boleh kampanye terang-terangan. Tapi kan film ini melampaui itu,"" kata Dandhy kepadaCNNIndonesia.com, Senin (15/4). Agenda Golput: Ubah Sistem""Pemilihan Umum telah menipu kita, seluruh rakyat dipaksa gembira...""Penggalan lagu Mars Pemilu yang liriknya digubah ulang itu dinyanyikan serentak oleh para peserta aksi dari kelompok buruh dan mahasiswa di depan kantor Komisi Pemilihan Umum, Jakarta Pusat, Selasa (2/4). Aksi yang mengusung tema ""Golput Juga Pilihan, Bangun Partai Massa Rakyat"" itu digelar oleh Komite Politik Alternatif.Akbar Rewako, Pengurus Nasional Sentral Gerakan Buruh Nasional yang mengikuti aksi tersebut mengatakan pihaknya mengusung tiga tuntutan utama dalam unjuk rasa.Pertama, dia menegaskan golput adalah pilihan politik masyarakat yang dilindungi undang-undang.Kedua, pihaknya menuntut pemerintah dan dan DPR RI untuk merevisi UU Pemilu dan UU Parpol. Akbar mengatakan kedua undang-undang itu memberatkan kekuatan politik yang lahir dari kepentingan masyarakat. Dia menilai UU Pemilu yang ada saat ini hanya memungkinkan bagi partai pemilik modal besar. Beberapa syaratnya yaitu harus memiliki kepengurusan di 100 persen provinsi, 75 persen kabupaten/kota, dan 50 persen kecamatan, serta memiliki sekretariat.""Secara formal itu berat bagi rakyat yang ingin mendirikan partai politiknya sendiri, baik itu buruh, petani,"" katanya.Pasal 222 UU Pemilu yang mengatur syarat ambang batas pencalonan presiden dan wakil presiden (presidential threshold) beberapa kali digugat ke Mahkamah Konstitusi. Pasal itu dianggap menghilangkan esensi pilpres. Selain itu undang-undang itu juga tak memberi kesempatan bagi calon independen.Tuntutan ketiga, seruan membangun kekuatan politik rakyat melalui partai politik. Akbar mengatakan pihaknya tidak bisa berharap dengan partai yang ada saat ini.""14 partai yang ada bagi kami tidak membawa kepentingan masyarakat. Ketika buruh di PHK, tidak ada partai satu pun yang membela kepentingan buruh, bahkan mereka lebih memihak kepentingan pengusaha,"" katanya. Nuy Lestari, Ketua Umum Serikat Mahasiswa Indonesia, yang ikut aksi tersebut menilai pemilu kali ini hanya sekadar ajang formalitas dari para peserta pemilu. Karena itu, golput menjadi pilihan yang rasional.""Ini suara rakyat yang sudah muak dengan stagnasi situasi politik yang hanya dipegang segelintir orang yang itu-itu saja,"" kata Nuy.Pihaknya membuka Posko Golput di sejumlah kampus di Jakarta untuk berbagi ruang soal problem demokrasi hari ini. Dia mengatakan pihak kampus sendiri cukup anti terhadap mahasiswa yang bersikap golput.""Tapi kami meyakinkan dalam posko itu kami rasionalisasi kepada mahasiswa, dosen, maupun pihak kampus, bahwa golput hari ini cukup realistis,"" ujarnya. Di tempat lain, salah satu pegiat golput, Galeshka ikut mendeklarasikan diri sebagai bagian gerakan protes atas sistem politik melalui golput. Menurutnya, masyarakat sudah harus mampu melampaui pilpres dan berpikir kembali sebagai pemilik kedaulatan.Dia menilai kontestasi elektoral kali ini begitu memecah belah perspektif publik hingga memunculkan berbagai penganiayaan hanya karena perbedaan pilihan politik. Situasi ini dianggap sudah tidak kondusif.""Kalau kita mendambakan perubahan, yang harus dibangun adalah posisi kedaulatan sesama warga negara alih-alih menyerahkannya ke tangan orang-orang yang kongkalikong di belakang sesuatu ini untuk kepentingan mereka sendiri,"" kata Galeshka saat ditemui di Gedung YLBHI, Jakarta.Akhir pekan lalu, dia bersama puluhan orang lainnya membacakan sebuah maklumat berjudul ""Memilih untuk Tidak Memilih"". Dalam maklumat itu, pihaknya juga menyampaikan Kertas Putih Golongan Putih 2019 berisi sepuluh agenda perjuangan rakyat usai pemilu.""Oleh karena itu, kami rakyat Indonesia yang memiliki hak pilih, dengan ini menyatakan memilih untuk tidak memilih. Pilihan ini adalah hak yang dijamin oleh konstitusi. Siapa pun yang akan terpilih, kami tetap terus berjuang untuk mengembalikan kedaulatan rakyat."" Demikian bunyi penutup maklumat tersebut. KPU sendiri menyatakan keputusan seseorang memilih golput adalah hak setiap warga negara Indonesia yang diatur undang-undang. Pasal 23 UU Nomor 39 Tahun 2019 menjamin setiap warga negara menentukan hak politiknya.Meski demikian, KPU meminta warga untuk tidak golput karena pemilu saat ini dianggap lebih demokratis dibandingkan masa Orde Baru. Komisioner KPU Viryan Aziz mengingatkan orang yang memilih golput akan rugi karena tak ikut menentukan pemimpin bangsa.""Nasib kita nanti ditentukan oleh mereka. Sekarang nasib mereka ditentukan oleh kita, setelah pemilu selama 5 tahun nasib kita ditentukan mereka,"" ucapnya. Pemilu 2019 dilaksanakan pada 17 April 2019. Untuk pertama kali, Indonesia menggelar pemilihan DPR, DPRD, DPD, serta Presiden dan Wakil Presiden secara serentak.Tercatat ada 190.770.329 pemilih di dalam negeri dan 2.058.191 pemilih di luar negeri. KPU menargetkan partisipasi pemilih sebanyak 77,5 persen.Golput hanya pilihan politik alternatif masyarakat di antara pilihan yang ditawarkan partai politik. Pekerjaan besar pasca-pemilu menanti warga yang ingin mewujudkan perubahan sistem politik yang lebih berpihak pada masyarakat.[Gambas:Video CNN]"
"Menaklukkan Jawa, Menguasai Indonesia di Pemilu","Selasa, 16 Apr 2019 17:35 WIB",https://www.cnnindonesia.com/nasional/20190412163120-32-385766/menaklukkan-jawa-menguasai-indonesia-di-pemilu,ADVERTISEMENT SCROLL TO CONTINUE WITH CONTENT
Rekomendasi Bawaslu: Copot Wakil Dubes di Malaysia dari PPLN,"Selasa, 16 Apr 2019 17:11 WIB",https://www.cnnindonesia.com/nasional/20190416164142-32-386876/rekomendasi-bawaslu-copot-wakil-dubes-di-malaysia-dari-ppln,ADVERTISEMENT SCROLL TO CONTINUE WITH CONTENT
Jokowi Bakal 'Nyoblos' di TPS 008 Kelurahan Gambir,"Selasa, 16 Apr 2019 14:27 WIB",https://www.cnnindonesia.com/nasional/20190416141224-32-386815/jokowi-bakal-nyoblos-di-tps-008-kelurahan-gambir,ADVERTISEMENT SCROLL TO CONTINUE WITH CONTENT
Toyota Harap Presiden Terpilih Pro Produksi Lokal,"Selasa, 16 Apr 2019 12:46 WIB",https://www.cnnindonesia.com/otomotif/20190416120551-579-386760/toyota-harap-presiden-terpilih-pro-produksi-lokal,ADVERTISEMENT SCROLL TO CONTINUE WITH CONTENT ADVERTISEMENT SCROLL TO CONTINUE WITH CONTENT
"Jelang Pilpres, Investor Asing Tarik Dana Rp232,85 Miliar","Selasa, 16 Apr 2019 12:20 WIB",https://www.cnnindonesia.com/ekonomi/20190416121217-92-386762/jelang-pilpres-investor-asing-tarik-dana-rp23285-miliar,ADVERTISEMENT SCROLL TO CONTINUE WITH CONTENT
Indra Sjafri: Semoga Indonesia Diberi Pemimpin Terbaik,"Selasa, 16 Apr 2019 12:04 WIB",https://www.cnnindonesia.com/olahraga/20190416112813-147-386754/indra-sjafri-semoga-indonesia-diberi-pemimpin-terbaik,ADVERTISEMENT SCROLL TO CONTINUE WITH CONTENT
Status Petahana dan Bekal 'Mewah' Jokowi Kalahkan Prabowo,"Selasa, 16 Apr 2019 09:05 WIB",https://www.cnnindonesia.com/nasional/20190411175709-32-385465/status-petahana-dan-bekal-mewah-jokowi-kalahkan-prabowo,ADVERTISEMENT SCROLL TO CONTINUE WITH CONTENT
Syarat Capres dan Caleg Gugat Hasil Pemilu 2019 ke MK,"Selasa, 16 Apr 2019 08:26 WIB",https://www.cnnindonesia.com/nasional/20190415200057-32-386645/syarat-capres-dan-caleg-gugat-hasil-pemilu-2019-ke-mk,ADVERTISEMENT SCROLL TO CONTINUE WITH CONTENT
Mengenal Lima Jenis Surat Suara Pemilu 2019,"Selasa, 16 Apr 2019 07:53 WIB",https://www.cnnindonesia.com/nasional/20190416073456-32-386706/mengenal-lima-jenis-surat-suara-pemilu-2019,ADVERTISEMENT SCROLL TO CONTINUE WITH CONTENT
Liputan 6 Dicatut soal Hoaks Hasil Pemilu Luar Negeri,"Selasa, 16 Apr 2019 07:40 WIB",https://www.cnnindonesia.com/nasional/20190416071016-32-386691/liputan-6-dicatut-soal-hoaks-hasil-pemilu-luar-negeri,ADVERTISEMENT SCROLL TO CONTINUE WITH CONTENT
Hasil Investigasi Surat Tercoblos Jokowi Diumumkan Hari Ini,"Selasa, 16 Apr 2019 06:18 WIB",https://www.cnnindonesia.com/nasional/20190416054130-32-386686/hasil-investigasi-surat-tercoblos-jokowi-diumumkan-hari-ini,ADVERTISEMENT SCROLL TO CONTINUE WITH CONTENT
TKN Minta KPU Ungkap Otak Kriminal Surat Suara Tercoblos,"Senin, 15 Apr 2019 23:15 WIB",https://www.cnnindonesia.com/nasional/20190415210402-32-386654/tkn-minta-kpu-ungkap-otak-kriminal-surat-suara-tercoblos,ADVERTISEMENT SCROLL TO CONTINUE WITH CONTENT
"Mahfud MD Cegah Golput: Kita Memilih Manusia, Bukan Malaikat","Senin, 15 Apr 2019 19:40 WIB",https://www.cnnindonesia.com/nasional/20190415172129-32-386629/mahfud-md-cegah-golput-kita-memilih-manusia-bukan-malaikat,ADVERTISEMENT SCROLL TO CONTINUE WITH CONTENT
Kisruh Pemilu Luar Negeri Jadi Sorotan Tim Jokowi dan Prabowo,"Senin, 15 Apr 2019 19:26 WIB",https://www.cnnindonesia.com/nasional/20190415185118-32-386630/kisruh-pemilu-luar-negeri-jadi-sorotan-tim-jokowi-dan-prabowo,ADVERTISEMENT SCROLL TO CONTINUE WITH CONTENT
Tim Jokowi dan Prabowo Saling Atur Strategi Kawal TPS,"Senin, 15 Apr 2019 19:09 WIB",https://www.cnnindonesia.com/nasional/20190415181117-32-386602/tim-jokowi-dan-prabowo-saling-atur-strategi-kawal-tps,ADVERTISEMENT SCROLL TO CONTINUE WITH CONTENT
Bawaslu Temui Polisi Malaysia Bahas Surat Jokowi Tercoblos,"Senin, 15 Apr 2019 16:41 WIB",https://www.cnnindonesia.com/nasional/20190415161219-32-386540/bawaslu-temui-polisi-malaysia-bahas-surat-jokowi-tercoblos,ADVERTISEMENT SCROLL TO CONTINUE WITH CONTENT
Janji 'Surga' Ekonomi Jokowi VS Prabowo,"Senin, 15 Apr 2019 12:56 WIB",https://www.cnnindonesia.com/ekonomi/20190414184828-535-386331/janji-surga-ekonomi-jokowi-vs-prabowo,
"Isi Masa Tenang, Ma'ruf Amin Santai dan Main dengan Cucu","Senin, 15 Apr 2019 11:24 WIB",https://www.cnnindonesia.com/nasional/20190415105540-32-386433/isi-masa-tenang-maruf-amin-santai-dan-main-dengan-cucu,ADVERTISEMENT SCROLL TO CONTINUE WITH CONTENT
Nasib Ekonomi Jika Jokowi-Ma'ruf Amin Terpilih Pilpres,"Senin, 15 Apr 2019 09:20 WIB",https://www.cnnindonesia.com/ekonomi/20190413184951-532-386051/nasib-ekonomi-jika-jokowi-maruf-amin-terpilih-pilpres,ADVERTISEMENT SCROLL TO CONTINUE WITH CONTENT
IHSG Berpotensi Bangkit Menanti Rilis Data Neraca Dagang,"Senin, 15 Apr 2019 08:16 WIB",https://www.cnnindonesia.com/ekonomi/20190415081113-92-386401/ihsg-berpotensi-bangkit-menanti-rilis-data-neraca-dagang,ADVERTISEMENT SCROLL TO CONTINUE WITH CONTENT
TKN Nilai Gerakan Subuh Putihkan TPS Berlebihan dan Bahaya,"Senin, 15 Apr 2019 08:04 WIB",https://www.cnnindonesia.com/nasional/20190414171335-32-386301/tkn-nilai-gerakan-subuh-putihkan-tps-berlebihan-dan-bahaya,ADVERTISEMENT SCROLL TO CONTINUE WITH CONTENT
"Pencoblosan di Luar Negeri Kacau, KPU Tunggu Laporan Panwaslu","Senin, 15 Apr 2019 07:00 WIB",https://www.cnnindonesia.com/nasional/20190414210038-32-386348/pencoblosan-di-luar-negeri-kacau-kpu-tunggu-laporan-panwaslu,ADVERTISEMENT SCROLL TO CONTINUE WITH CONTENT
"Pengajian Jelang Pemilu 2019, Ma'aruf Bicara Usaha dan Nasib","Minggu, 14 Apr 2019 22:30 WIB",https://www.cnnindonesia.com/nasional/20190414222555-32-386353/pengajian-jelang-pemilu-2019-maaruf-bicara-usaha-dan-nasib,ADVERTISEMENT SCROLL TO CONTINUE WITH CONTENT
KPU Ragukan Keaslian Surat yang Sempat Tercoblos di Malaysia,"Minggu, 14 Apr 2019 20:56 WIB",https://www.cnnindonesia.com/nasional/20190414203953-32-386345/kpu-ragukan-keaslian-surat-yang-sempat-tercoblos-di-malaysia,ADVERTISEMENT SCROLL TO CONTINUE WITH CONTENT
Surat yang Sempat Tercoblos di Malaysia Kini Dianggap Sampah,"Minggu, 14 Apr 2019 19:37 WIB",https://www.cnnindonesia.com/nasional/20190414190816-32-386333/surat-yang-sempat-tercoblos-di-malaysia-kini-dianggap-sampah,ADVERTISEMENT SCROLL TO CONTINUE WITH CONTENT
TKN Soal WO Demokrat: Prabowo Bagian Inti Orba yang Merusak,"Minggu, 14 Apr 2019 14:52 WIB",https://www.cnnindonesia.com/nasional/20190414140819-32-386243/tkn-soal-wo-demokrat-prabowo-bagian-inti-orba-yang-merusak,ADVERTISEMENT SCROLL TO CONTINUE WITH CONTENT
Sosok Ibu Nurjanah Versi Sandi Masih Menuai Perdebatan,"Minggu, 14 Apr 2019 14:01 WIB",https://www.cnnindonesia.com/nasional/20190414132312-32-386238/sosok-ibu-nurjanah-versi-sandi-masih-menuai-perdebatan,ADVERTISEMENT SCROLL TO CONTINUE WITH CONTENT
Debat Terakhir Penentu Sikap Pemilih Labil di Pilpres 2019,"Minggu, 14 Apr 2019 13:12 WIB",https://www.cnnindonesia.com/nasional/20190414120858-32-386221/debat-terakhir-penentu-sikap-pemilih-labil-di-pilpres-2019,ADVERTISEMENT SCROLL TO CONTINUE WITH CONTENT
"WO Saat Debat Pilpres, TKN Nilai Demokrat Ragukan Prabowo","Minggu, 14 Apr 2019 11:48 WIB",https://www.cnnindonesia.com/nasional/20190414111249-32-386213/wo-saat-debat-pilpres-tkn-nilai-demokrat-ragukan-prabowo,ADVERTISEMENT SCROLL TO CONTINUE WITH CONTENT
Prabowo Kembali Akui Bagian dari Satu Persen Elite yang Kaya,"Minggu, 14 Apr 2019 05:56 WIB",https://www.cnnindonesia.com/nasional/20190413235937-32-386155/prabowo-kembali-akui-bagian-dari-satu-persen-elite-yang-kaya,ADVERTISEMENT SCROLL TO CONTINUE WITH CONTENT
Selawatan Santri Muda Pengiring Jokowi-Ma'ruf Setiap Debat,"Minggu, 14 Apr 2019 04:19 WIB",https://www.cnnindonesia.com/nasional/20190413235314-32-386157/selawatan-santri-muda-pengiring-jokowi-maruf-setiap-debat,ADVERTISEMENT SCROLL TO CONTINUE WITH CONTENT
"Masa Tenang, Ma'ruf Ingin Habiskan Waktu dengan Keluarga","Minggu, 14 Apr 2019 03:40 WIB",https://www.cnnindonesia.com/nasional/20190414001009-32-386159/masa-tenang-maruf-ingin-habiskan-waktu-dengan-keluarga,ADVERTISEMENT SCROLL TO CONTINUE WITH CONTENT
Golkar Sebut Prabowo Pesimistis dan Lebih 'Old School',"Minggu, 14 Apr 2019 03:10 WIB",https://www.cnnindonesia.com/nasional/20190414030235-32-386173/golkar-sebut-prabowo-pesimistis-dan-lebih-old-school,ADVERTISEMENT SCROLL TO CONTINUE WITH CONTENT
Jokowi Dapat Serban-Tasbih dari Mbah Moen dan Habib Luthfi,"Minggu, 14 Apr 2019 00:30 WIB",https://www.cnnindonesia.com/nasional/20190413185833-32-386052/jokowi-dapat-serban-tasbih-dari-mbah-moen-dan-habib-luthfi,ADVERTISEMENT SCROLL TO CONTINUE WITH CONTENT
"Usai Debat Terakhir, Jokowi dan Sandiaga Sama-sama Umrah","Minggu, 14 Apr 2019 00:03 WIB",https://www.cnnindonesia.com/nasional/20190413232829-32-386137/usai-debat-terakhir-jokowi-dan-sandiaga-sama-sama-umrah,ADVERTISEMENT SCROLL TO CONTINUE WITH CONTENT
Demokrat Kritik Prabowo Salahkan Presiden Sebelum Jokowi,"Sabtu, 13 Apr 2019 22:52 WIB",https://www.cnnindonesia.com/nasional/20190413223315-32-386119/demokrat-kritik-prabowo-salahkan-presiden-sebelum-jokowi,ADVERTISEMENT SCROLL TO CONTINUE WITH CONTENT
"Prabowo Sindir Presiden Sebelum Jokowi, Petinggi Demokrat WO","Sabtu, 13 Apr 2019 22:15 WIB",https://www.cnnindonesia.com/nasional/20190413215716-32-386111/prabowo-sindir-presiden-sebelum-jokowi-petinggi-demokrat-wo,ADVERTISEMENT SCROLL TO CONTINUE WITH CONTENT
Ma'ruf Kenalkan Istilah 'Dewi' dan 'Dedi' di Debat Terakhir,"Sabtu, 13 Apr 2019 21:17 WIB",https://www.cnnindonesia.com/nasional/20190413205645-32-386095/maruf-kenalkan-istilah-dewi-dan-dedi-di-debat-terakhir,ADVERTISEMENT SCROLL TO CONTINUE WITH CONTENT
"Afgan Bawa 'Indonesia Raya', Netizen 'Salah Fokus'",Tanggal tidak ditemukan,https://www.cnnindonesia.com/hiburan/20190413202903-227-386085/afgan-bawa-indonesia-raya-netizen-salah-fokus,ADVERTISEMENT SCROLL TO CONTINUE WITH CONTENT
Cek Fakta Debat Terakhir Pilpres 2019,Tanggal tidak ditemukan,https://www.cnnindonesia.com/nasional/20190413170121-527-386023/cek-fakta-debat-terakhir-pilpres-2019,
"Masa Tenang, Prabowo-Sandi Disebut Banyak Berdoa di Masjid","Sabtu, 13 Apr 2019 20:09 WIB",https://www.cnnindonesia.com/nasional/20190413195525-32-386084/masa-tenang-prabowo-sandi-disebut-banyak-berdoa-di-masjid,ADVERTISEMENT SCROLL TO CONTINUE WITH CONTENT
"Didampingi Iriana, Jokowi Tiba di Lokasi Debat Terakhir","Sabtu, 13 Apr 2019 19:58 WIB",https://www.cnnindonesia.com/nasional/20190413194447-32-386081/didampingi-iriana-jokowi-tiba-di-lokasi-debat-terakhir,ADVERTISEMENT SCROLL TO CONTINUE WITH CONTENT
Kubu 02 Klaim Terima Laporan Kecurangan di Belanda dan Arab,"Sabtu, 13 Apr 2019 19:51 WIB",https://www.cnnindonesia.com/nasional/20190413191156-32-386059/kubu-02-klaim-terima-laporan-kecurangan-di-belanda-dan-arab,ADVERTISEMENT SCROLL TO CONTINUE WITH CONTENT
Sandiaga Soal Persiapan Debat Terakhir: 'OK and Smooth',"Sabtu, 13 Apr 2019 19:45 WIB",https://www.cnnindonesia.com/nasional/20190413193900-32-386080/sandiaga-soal-persiapan-debat-terakhir-ok-and-smooth,ADVERTISEMENT SCROLL TO CONTINUE WITH CONTENT
Live Report: Debat Capres Kelima Pilpres 2019,Tanggal tidak ditemukan,https://www.cnnindonesia.com/nasional/20190413190556-32-386056/live-report-debat-capres-kelima-pilpres-2019,
Faisal Basri Resmi Dukung Jokowi-Ma'ruf Amin,"Sabtu, 13 Apr 2019 19:04 WIB",https://www.cnnindonesia.com/ekonomi/20190413185723-532-386050/faisal-basri-resmi-dukung-jokowi-maruf-amin,ADVERTISEMENT SCROLL TO CONTINUE WITH CONTENT
BPN Anggap Sebagian Lembaga Survei 'Tim Hore' Kubu Sebelah,"Sabtu, 13 Apr 2019 18:53 WIB",https://www.cnnindonesia.com/nasional/20190413183353-32-386046/bpn-anggap-sebagian-lembaga-survei-tim-hore-kubu-sebelah,ADVERTISEMENT SCROLL TO CONTINUE WITH CONTENT
"Live Streaming Debat Terakhir Pilpres 2019, Tonton di Sini","Sabtu, 13 Apr 2019 18:33 WIB",https://www.cnnindonesia.com/nasional/20190413143423-32-385992/live-streaming-debat-terakhir-pilpres-2019-tonton-di-sini,ADVERTISEMENT SCROLL TO CONTINUE WITH CONTENT
Saat Jokowi Bikin Slank Selawatan di Atas Panggung,Tanggal tidak ditemukan,https://www.cnnindonesia.com/hiburan/20190413182149-227-386045/saat-jokowi-bikin-slank-selawatan-di-atas-panggung,ADVERTISEMENT SCROLL TO CONTINUE WITH CONTENT
Jokowi Ucapkan Terima Kasih kepada Ketum Parpol Pendukung,"Sabtu, 13 Apr 2019 18:23 WIB",https://www.cnnindonesia.com/nasional/20190413175825-32-386041/jokowi-ucapkan-terima-kasih-kepada-ketum-parpol-pendukung,ADVERTISEMENT SCROLL TO CONTINUE WITH CONTENT
"Naik Kereta Kencana, Jokowi-Ma'ruf Bagi-bagi Kaus di GBK","Sabtu, 13 Apr 2019 18:04 WIB",https://www.cnnindonesia.com/nasional/20190413174552-32-386038/naik-kereta-kencana-jokowi-maruf-bagi-bagi-kaus-di-gbk,ADVERTISEMENT SCROLL TO CONTINUE WITH CONTENT
Krisdayanti Promosi Diri Sendiri di Kampanye Akbar Jokowi,Tanggal tidak ditemukan,https://www.cnnindonesia.com/hiburan/20190413174743-234-386037/krisdayanti-promosi-diri-sendiri-di-kampanye-akbar-jokowi,ADVERTISEMENT SCROLL TO CONTINUE WITH CONTENT
"Indo Barometer: Tren 2014 dan 2019 Mirip, 02 Sulit Menang","Sabtu, 13 Apr 2019 17:24 WIB",https://www.cnnindonesia.com/nasional/20190413164309-32-386020/indo-barometer-tren-2014-dan-2019-mirip-02-sulit-menang,ADVERTISEMENT SCROLL TO CONTINUE WITH CONTENT
Yusuf Mansur Pimpin Selawatan di Kampanye Akbar Jokowi-Ma'ruf,"Sabtu, 13 Apr 2019 16:51 WIB",https://www.cnnindonesia.com/nasional/20190413162156-32-386017/yusuf-mansur-pimpin-selawatan-di-kampanye-akbar-jokowi-maruf,ADVERTISEMENT SCROLL TO CONTINUE WITH CONTENT
'Captain America' Muncul di Kampanye Akbar Jokowi,Tanggal tidak ditemukan,https://www.cnnindonesia.com/hiburan/20190413162250-241-386016/captain-america-muncul-di-kampanye-akbar-jokowi,ADVERTISEMENT SCROLL TO CONTINUE WITH CONTENT
Slank Buat Pendukung Jokowi Berjingkrak di GBK,Tanggal tidak ditemukan,https://www.cnnindonesia.com/hiburan/20190413155914-227-386011/slank-buat-pendukung-jokowi-berjingkrak-di-gbk,ADVERTISEMENT SCROLL TO CONTINUE WITH CONTENT
Seleb Caleg Promosi Jokowi di Konser Putih Bersatu,Tanggal tidak ditemukan,https://www.cnnindonesia.com/hiburan/20190413154524-234-386005/seleb-caleg-promosi-jokowi-di-konser-putih-bersatu,ADVERTISEMENT SCROLL TO CONTINUE WITH CONTENT
Massa Jokowi-Ma'ruf Sempat Luber Hingga Jalan Sudirman,"Sabtu, 13 Apr 2019 15:49 WIB",https://www.cnnindonesia.com/nasional/20190413151951-20-385999/massa-jokowi-maruf-sempat-luber-hingga-jalan-sudirman,ADVERTISEMENT SCROLL TO CONTINUE WITH CONTENT
"AHY Sebut Pemilu 2019 Tak Untungkan Demokrat, Incar 2024","Sabtu, 13 Apr 2019 15:46 WIB",https://www.cnnindonesia.com/nasional/20190413153217-32-386001/ahy-sebut-pemilu-2019-tak-untungkan-demokrat-incar-2024,ADVERTISEMENT SCROLL TO CONTINUE WITH CONTENT
#KonserPutihBerSATU JadiTrending TopicDunia,"Sabtu, 13 Apr 2019 15:38 WIB",https://www.cnnindonesia.com/teknologi/20190413131440-185-385965/konserputihbersatu-jadi-trending-topic-dunia,ADVERTISEMENT SCROLL TO CONTINUE WITH CONTENT
"Jokowi Tiba di Stadion Utama GBK, Puncak Kampanye Akbar 2019","Sabtu, 13 Apr 2019 15:33 WIB",https://www.cnnindonesia.com/nasional/20190413151130-32-386002/jokowi-tiba-di-stadion-utama-gbk-puncak-kampanye-akbar-2019,ADVERTISEMENT SCROLL TO CONTINUE WITH CONTENT
'Satu Sah' dan 'Tak Ada Sandi' Saat Kampanye Jokowi di GBK,"Sabtu, 13 Apr 2019 15:11 WIB",https://www.cnnindonesia.com/nasional/20190413144732-32-385998/satu-sah-dan-tak-ada-sandi-saat-kampanye-jokowi-di-gbk,ADVERTISEMENT SCROLL TO CONTINUE WITH CONTENT
Dua Survei Prediksi Jokowi-Ma'ruf Jadi Pemenang Pilpres 2019,"Sabtu, 13 Apr 2019 14:59 WIB",https://www.cnnindonesia.com/nasional/20190413144840-32-385996/dua-survei-prediksi-jokowi-maruf-jadi-pemenang-pilpres-2019,ADVERTISEMENT SCROLL TO CONTINUE WITH CONTENT
"Cak Lontong: Lupakan Perduaan, Berduaan Ditemani Setan",Tanggal tidak ditemukan,https://www.cnnindonesia.com/hiburan/20190413144401-234-385994/cak-lontong-lupakan-perduaan-berduaan-ditemani-setan,ADVERTISEMENT SCROLL TO CONTINUE WITH CONTENT
Petugas Damkar Semprot Air ke Tengah Massa Jokowi di GBK,"Sabtu, 13 Apr 2019 14:52 WIB",https://www.cnnindonesia.com/nasional/20190413142005-32-385993/petugas-damkar-semprot-air-ke-tengah-massa-jokowi-di-gbk,ADVERTISEMENT SCROLL TO CONTINUE WITH CONTENT
Sosok 'Sukarno' Hadir di Kampanye Akbar Jokowi-Ma'ruf di GBK,"Sabtu, 13 Apr 2019 14:28 WIB",https://www.cnnindonesia.com/nasional/20190413140850-32-385979/sosok-sukarno-hadir-di-kampanye-akbar-jokowi-maruf-di-gbk,ADVERTISEMENT SCROLL TO CONTINUE WITH CONTENT
Puluhan Reog Ponorogo Ikut Kampanye Akbar Jokowi di GBK,"Sabtu, 13 Apr 2019 14:13 WIB",https://www.cnnindonesia.com/nasional/20190413140024-32-385971/puluhan-reog-ponorogo-ikut-kampanye-akbar-jokowi-di-gbk,ADVERTISEMENT SCROLL TO CONTINUE WITH CONTENT
Pasutri dari Cikampek Cari 'Cuan' di Kampanye Akbar Jokowi,"Sabtu, 13 Apr 2019 14:07 WIB",https://www.cnnindonesia.com/nasional/20190413133717-32-385969/pasutri-dari-cikampek-cari-cuan-di-kampanye-akbar-jokowi,ADVERTISEMENT SCROLL TO CONTINUE WITH CONTENT
Charta Politika: Prabowo Kalahkan Jokowi di DKI dan Banten,"Sabtu, 13 Apr 2019 14:04 WIB",https://www.cnnindonesia.com/nasional/20190413133819-32-385968/charta-politika-prabowo-kalahkan-jokowi-di-dki-dan-banten,ADVERTISEMENT SCROLL TO CONTINUE WITH CONTENT
Jadwal Debat Terakhir di Pilpres 2019,"Sabtu, 13 Apr 2019 14:03 WIB",https://www.cnnindonesia.com/nasional/20190413134950-37-385967/jadwal-debat-terakhir-di-pilpres-2019,ADVERTISEMENT SCROLL TO CONTINUE WITH CONTENT
"Stadion GBK Penuh, Massa Jokowi Masih Tertahan di Luar","Sabtu, 13 Apr 2019 13:49 WIB",https://www.cnnindonesia.com/nasional/20190413132902-32-385964/stadion-gbk-penuh-massa-jokowi-masih-tertahan-di-luar,ADVERTISEMENT SCROLL TO CONTINUE WITH CONTENT
Reuni Slankers di Konser Putih Jokowi di GBK,"Sabtu, 13 Apr 2019 13:19 WIB",https://www.cnnindonesia.com/nasional/20190413130124-32-385952/reuni-slankers-di-konser-putih-jokowi-di-gbk,ADVERTISEMENT SCROLL TO CONTINUE WITH CONTENT
Pendukung Jokowi Ajak Anak-anak ke Lokasi Kampanye Akbar,"Sabtu, 13 Apr 2019 13:01 WIB",https://www.cnnindonesia.com/nasional/20190413122800-32-385951/pendukung-jokowi-ajak-anak-anak-ke-lokasi-kampanye-akbar,ADVERTISEMENT SCROLL TO CONTINUE WITH CONTENT
Adu Kaya Jokowi vs Prabowo: Bisa Bangun Istana Mobil,"Sabtu, 13 Apr 2019 12:47 WIB",https://www.cnnindonesia.com/otomotif/20190412192519-579-385850/adu-kaya-jokowi-vs-prabowo-bisa-bangun-istana-mobil,ADVERTISEMENT SCROLL TO CONTINUE WITH CONTENT ADVERTISEMENT SCROLL TO CONTINUE WITH CONTENT
"Survei Charta Politika: Jokowi 55,7 Persen, Prabowo 38,8","Sabtu, 13 Apr 2019 12:28 WIB",https://www.cnnindonesia.com/nasional/20190413115634-32-385948/survei-charta-politika-jokowi-557-persen-prabowo-388,ADVERTISEMENT SCROLL TO CONTINUE WITH CONTENT
Konvoi dan Kemacetan Tol Dalam Kota di Kampanye Akbar Jokowi,"Sabtu, 13 Apr 2019 12:14 WIB",https://www.cnnindonesia.com/nasional/20190413114511-32-385936/konvoi-dan-kemacetan-tol-dalam-kota-di-kampanye-akbar-jokowi,ADVERTISEMENT SCROLL TO CONTINUE WITH CONTENT
'Jaran Goyang' dan 'Kereta Malam' Hibur Massa Jokowi di GBK,"Sabtu, 13 Apr 2019 11:54 WIB",https://www.cnnindonesia.com/nasional/20190413113023-32-385934/jaran-goyang-dan-kereta-malam-hibur-massa-jokowi-di-gbk,ADVERTISEMENT SCROLL TO CONTINUE WITH CONTENT
Ragam Pesan di Atribut Kampanye Jokowi: NKRI Dijaga Pancasila,"Sabtu, 13 Apr 2019 11:26 WIB",https://www.cnnindonesia.com/nasional/20190413110035-32-385932/ragam-pesan-di-atribut-kampanye-jokowi-nkri-dijaga-pancasila,ADVERTISEMENT SCROLL TO CONTINUE WITH CONTENT
Massa Jokowi-Ma'ruf Berseragam Putih Padati GBK,"Sabtu, 13 Apr 2019 10:25 WIB",https://www.cnnindonesia.com/nasional/20190413095429-32-385926/massa-jokowi-maruf-berseragam-putih-padati-gbk,ADVERTISEMENT SCROLL TO CONTINUE WITH CONTENT
"Amankan Debat, Polda Metro Jaya Terjunkan 3.000 Personel","Sabtu, 13 Apr 2019 10:07 WIB",https://www.cnnindonesia.com/nasional/20190412174542-20-385815/amankan-debat-polda-metro-jaya-terjunkan-3000-personel,ADVERTISEMENT SCROLL TO CONTINUE WITH CONTENT
"Mengenal Tomy dan Balques, Moderator Debat Terakhir","Sabtu, 13 Apr 2019 09:27 WIB",https://www.cnnindonesia.com/nasional/20190412155413-32-385735/mengenal-tomy-dan-balques-moderator-debat-terakhir,ADVERTISEMENT SCROLL TO CONTINUE WITH CONTENT
Polri Ajak PDRM Cek Surat Suara Tercoblos di Malaysia,"Sabtu, 13 Apr 2019 08:40 WIB",https://www.cnnindonesia.com/nasional/20190412202610-12-385871/polri-ajak-pdrm-cek-surat-suara-tercoblos-di-malaysia,ADVERTISEMENT SCROLL TO CONTINUE WITH CONTENT
"Jaga Kampanye Jokowi di GBK, Polisi Libatkan FBR dan Banser","Sabtu, 13 Apr 2019 05:25 WIB",https://www.cnnindonesia.com/nasional/20190412172902-20-385807/jaga-kampanye-jokowi-di-gbk-polisi-libatkan-fbr-dan-banser,ADVERTISEMENT SCROLL TO CONTINUE WITH CONTENT
LSI: Gelombang Golput Bakal Mendera Elektabilitas Jokowi,"Sabtu, 13 Apr 2019 01:15 WIB",https://www.cnnindonesia.com/nasional/20190412181532-32-385827/lsi-gelombang-golput-bakal-mendera-elektabilitas-jokowi,ADVERTISEMENT SCROLL TO CONTINUE WITH CONTENT
Jenderal di Balik Jokowi-Prabowo Dinilai Sarat Kepentingan,"Jumat, 12 Apr 2019 23:55 WIB",https://www.cnnindonesia.com/nasional/20190412182320-32-385833/jenderal-di-balik-jokowi-prabowo-dinilai-sarat-kepentingan,ADVERTISEMENT SCROLL TO CONTINUE WITH CONTENT
"Kasus Malaysia, Sandi Minta Yang Nyoblos dan Dicoblos Dihukum","Jumat, 12 Apr 2019 23:44 WIB",https://www.cnnindonesia.com/nasional/20190412135538-32-385671/kasus-malaysia-sandi-minta-yang-nyoblos-dan-dicoblos-dihukum,ADVERTISEMENT SCROLL TO CONTINUE WITH CONTENT
Erick Thohir Minta Oknum TKN Dihukum Jika Curang Pemilu 2019,"Jumat, 12 Apr 2019 21:58 WIB",https://www.cnnindonesia.com/nasional/20190412212411-32-385886/erick-thohir-minta-oknum-tkn-dihukum-jika-curang-pemilu-2019,ADVERTISEMENT SCROLL TO CONTINUE WITH CONTENT
Bawaslu Kebut Investigasi Surat Suara Tercoblos di Malaysia,"Jumat, 12 Apr 2019 21:39 WIB",https://www.cnnindonesia.com/nasional/20190412211931-32-385885/bawaslu-kebut-investigasi-surat-suara-tercoblos-di-malaysia,ADVERTISEMENT SCROLL TO CONTINUE WITH CONTENT
"Punya Harta Rp5 T, Sandiaga Paling Tajir di Antara 4 Kandidat","Jumat, 12 Apr 2019 21:24 WIB",https://www.cnnindonesia.com/nasional/20190412204829-32-385882/punya-harta-rp5-t-sandiaga-paling-tajir-di-antara-4-kandidat,ADVERTISEMENT SCROLL TO CONTINUE WITH CONTENT
Survei LSI: Jokowi-Ma'ruf Dominasi Segmen Pemilih Islam,"Jumat, 12 Apr 2019 20:46 WIB",https://www.cnnindonesia.com/nasional/20190412193934-32-385859/survei-lsi-jokowi-maruf-dominasi-segmen-pemilih-islam,ADVERTISEMENT SCROLL TO CONTINUE WITH CONTENT
"Buntut Surat Suara, TKN Laporkan Ketua Panwaslu Kuala Lumpur","Jumat, 12 Apr 2019 20:02 WIB",https://www.cnnindonesia.com/nasional/20190412194412-32-385862/buntut-surat-suara-tkn-laporkan-ketua-panwaslu-kuala-lumpur,ADVERTISEMENT SCROLL TO CONTINUE WITH CONTENT
SMRC Sebut Hoaks Antek China Pengaruhi Elektabilitas Jokowi,"Jumat, 12 Apr 2019 18:55 WIB",https://www.cnnindonesia.com/nasional/20190412172042-32-385795/smrc-sebut-hoaks-antek-china-pengaruhi-elektabilitas-jokowi,ADVERTISEMENT SCROLL TO CONTINUE WITH CONTENT
"Harta Capres: Jokowi Rp50,24 Miliar, Prabowo Rp1,95 Triliun","Jumat, 12 Apr 2019 17:30 WIB",https://www.cnnindonesia.com/nasional/20190412164938-32-385787/harta-capres-jokowi-rp5024-miliar-prabowo-rp195-triliun,ADVERTISEMENT SCROLL TO CONTINUE WITH CONTENT
LSI Denny JA Sebut Suara Jokowi Bisa Lewati Rekor SBY di 2009,"Jumat, 12 Apr 2019 15:39 WIB",https://www.cnnindonesia.com/nasional/20190412152036-32-385725/lsi-denny-ja-sebut-suara-jokowi-bisa-lewati-rekor-sby-di-2009,ADVERTISEMENT SCROLL TO CONTINUE WITH CONTENT
SMRC Sebut 'Swing Voters' di Kubu Jokowi Lebih Besar,"Jumat, 12 Apr 2019 15:22 WIB",https://www.cnnindonesia.com/nasional/20190412143513-32-385691/smrc-sebut-swing-voters-di-kubu-jokowi-lebih-besar,ADVERTISEMENT SCROLL TO CONTINUE WITH CONTENT
Bawaslu Bantah Ketua Panwaslu Malaysia Relawan Prabowo,"Jumat, 12 Apr 2019 14:59 WIB",https://www.cnnindonesia.com/nasional/20190412143129-32-385690/bawaslu-bantah-ketua-panwaslu-malaysia-relawan-prabowo,ADVERTISEMENT SCROLL TO CONTINUE WITH CONTENT
Survei Populi: Jokowi-Ma'ruf Ungguli Prabowo-Sandi di Jabar,"Jumat, 12 Apr 2019 14:47 WIB",https://www.cnnindonesia.com/nasional/20190412142856-32-385695/survei-populi-jokowi-maruf-ungguli-prabowo-sandi-di-jabar,ADVERTISEMENT SCROLL TO CONTINUE WITH CONTENT
"SMRC: Selisih Elektabilitas Jokowi dan Prabowo 19,8 Persen","Jumat, 12 Apr 2019 13:59 WIB",https://www.cnnindonesia.com/nasional/20190412134939-32-385666/smrc-selisih-elektabilitas-jokowi-dan-prabowo-198-persen,ADVERTISEMENT SCROLL TO CONTINUE WITH CONTENT
"Jokowi Akui Suara di Bogor Turun, Posisi 50:50","Jumat, 12 Apr 2019 12:40 WIB",https://www.cnnindonesia.com/nasional/20190412115131-32-385635/jokowi-akui-suara-di-bogor-turun-posisi-5050,ADVERTISEMENT SCROLL TO CONTINUE WITH CONTENT
Hasil Investigasi Surat Suara di Malaysia Keluar Siang Ini,"Jumat, 12 Apr 2019 11:45 WIB",https://www.cnnindonesia.com/nasional/20190412111406-32-385627/hasil-investigasi-surat-suara-di-malaysia-keluar-siang-ini,ADVERTISEMENT SCROLL TO CONTINUE WITH CONTENT
"Akun JS Prabowo Diretas, Cuitkan soal Anak Prabowo","Jumat, 12 Apr 2019 11:28 WIB",https://www.cnnindonesia.com/nasional/20190412105525-32-385628/akun-js-prabowo-diretas-cuitkan-soal-anak-prabowo,ADVERTISEMENT SCROLL TO CONTINUE WITH CONTENT
Akses Keuangan Tak Cuma Soal Bagi-bagi Kartu,"Jumat, 12 Apr 2019 11:14 WIB",https://www.cnnindonesia.com/ekonomi/20190411184320-78-385513/akses-keuangan-tak-cuma-soal-bagi-bagi-kartu,ADVERTISEMENT SCROLL TO CONTINUE WITH CONTENT
"Tiba di Sirkuit Sentul, Jokowi Salami Para Pendukung","Jumat, 12 Apr 2019 10:55 WIB",https://www.cnnindonesia.com/nasional/20190412103759-32-385613/tiba-di-sirkuit-sentul-jokowi-salami-para-pendukung,ADVERTISEMENT SCROLL TO CONTINUE WITH CONTENT
Prabowo Bakal Umumkan Nama Calon Menteri di Pidato Kebangsaan,"Jumat, 12 Apr 2019 10:26 WIB",https://www.cnnindonesia.com/nasional/20190412090353-32-385600/prabowo-bakal-umumkan-nama-calon-menteri-di-pidato-kebangsaan,ADVERTISEMENT SCROLL TO CONTINUE WITH CONTENT
Debat Capres Dihantui Kinerja Dagang Petahana Jokowi,"Jumat, 12 Apr 2019 09:50 WIB",https://www.cnnindonesia.com/ekonomi/20190411061905-532-385189/debat-capres-dihantui-kinerja-dagang-petahana-jokowi,ADVERTISEMENT SCROLL TO CONTINUE WITH CONTENT
Surat Tercoblos di Malaysia Disebut Buntut Perang Tarif Caleg,"Jumat, 12 Apr 2019 09:40 WIB",https://www.cnnindonesia.com/nasional/20190411201504-32-385547/surat-tercoblos-di-malaysia-disebut-buntut-perang-tarif-caleg,ADVERTISEMENT SCROLL TO CONTINUE WITH CONTENT
Bius Prabowo Atasi Mobil Esemka Jelang Pilpres,"Jumat, 12 Apr 2019 09:26 WIB",https://www.cnnindonesia.com/otomotif/20190411223128-579-385571/bius-prabowo-atasi-mobil-esemka-jelang-pilpres,ADVERTISEMENT SCROLL TO CONTINUE WITH CONTENT ADVERTISEMENT SCROLL TO CONTINUE WITH CONTENT
"Jokowi Kampanye di Bogor, Prabowo Pidato di Surabaya","Jumat, 12 Apr 2019 08:00 WIB",https://www.cnnindonesia.com/nasional/20190412072706-32-385586/jokowi-kampanye-di-bogor-prabowo-pidato-di-surabaya,ADVERTISEMENT SCROLL TO CONTINUE WITH CONTENT
"Kawal Konser Putih Bersatu Jokowi, 4.953 Aparat Diterjunkan","Jumat, 12 Apr 2019 07:10 WIB",https://www.cnnindonesia.com/nasional/20190411205753-32-385554/kawal-konser-putih-bersatu-jokowi-4953-aparat-diterjunkan,ADVERTISEMENT SCROLL TO CONTINUE WITH CONTENT
"Prediksi Versi Big Data BPN: Prabowo 55,6 Persen, Jokowi 44,4","Jumat, 12 Apr 2019 06:31 WIB",https://www.cnnindonesia.com/nasional/20190411195654-32-385531/prediksi-versi-big-data-bpn-prabowo-556-persen-jokowi-444,ADVERTISEMENT SCROLL TO CONTINUE WITH CONTENT
Jokowi Ajak Masyarakat 'Jepret' Penghitungan Suara di TPS,"Jumat, 12 Apr 2019 05:01 WIB",https://www.cnnindonesia.com/nasional/20190411174417-32-385459/jokowi-ajak-masyarakat-jepret-penghitungan-suara-di-tps,ADVERTISEMENT SCROLL TO CONTINUE WITH CONTENT
Saksi: Hoaks 7 Kontainer Surat Buat Warga Tak Percaya KPU,"Jumat, 12 Apr 2019 04:55 WIB",https://www.cnnindonesia.com/nasional/20190411141343-12-385330/saksi-hoaks-7-kontainer-surat-buat-warga-tak-percaya-kpu,ADVERTISEMENT SCROLL TO CONTINUE WITH CONTENT
Lokasi Surat Suara Tercoblos di Malaysia Diberi Garis Polisi,"Jumat, 12 Apr 2019 03:33 WIB",https://www.cnnindonesia.com/internasional/20190412032820-106-385578/lokasi-surat-suara-tercoblos-di-malaysia-diberi-garis-polisi,ADVERTISEMENT SCROLL TO CONTINUE WITH CONTENT
Jokowi Sebut Isu Legalkan Perkawinan Sejenis Fitnah Murahan,"Kamis, 11 Apr 2019 22:25 WIB",https://www.cnnindonesia.com/nasional/20190411142019-32-385332/jokowi-sebut-isu-legalkan-perkawinan-sejenis-fitnah-murahan,ADVERTISEMENT SCROLL TO CONTINUE WITH CONTENT
Panwaslu Jawab Keraguan soal Surat Jokowi Tercoblos: ASLI PAK,"Kamis, 11 Apr 2019 21:38 WIB",https://www.cnnindonesia.com/nasional/20190411212615-32-385562/panwaslu-jawab-keraguan-soal-surat-jokowi-tercoblos-asli-pak,ADVERTISEMENT SCROLL TO CONTINUE WITH CONTENT
KPU-Bawaslu Cek Keaslian Surat Jokowi Tercoblos di Malaysia,"Kamis, 11 Apr 2019 21:11 WIB",https://www.cnnindonesia.com/nasional/20190411210402-32-385556/kpu-bawaslu-cek-keaslian-surat-jokowi-tercoblos-di-malaysia,ADVERTISEMENT SCROLL TO CONTINUE WITH CONTENT
TKN Malaysia Duga Pencoblos Gambar Jokowi Dibiarkan Kabur,"Kamis, 11 Apr 2019 20:40 WIB",https://www.cnnindonesia.com/nasional/20190411200820-32-385545/tkn-malaysia-duga-pencoblos-gambar-jokowi-dibiarkan-kabur,ADVERTISEMENT SCROLL TO CONTINUE WITH CONTENT
Kronologi Penemuan Surat Suara Jokowi Tercoblos di Malaysia,"Kamis, 11 Apr 2019 20:05 WIB",https://www.cnnindonesia.com/nasional/20190411195728-32-385530/kronologi-penemuan-surat-suara-jokowi-tercoblos-di-malaysia,ADVERTISEMENT SCROLL TO CONTINUE WITH CONTENT
TKN Klaim Kampanye Akbar Jokowi di GBK Tak Eksklusif,"Kamis, 11 Apr 2019 19:55 WIB",https://www.cnnindonesia.com/nasional/20190411193303-32-385523/tkn-klaim-kampanye-akbar-jokowi-di-gbk-tak-eksklusif,ADVERTISEMENT SCROLL TO CONTINUE WITH CONTENT
Tol Langit ala Ma'ruf Bikin Sentimen Negatif ke Jokowi,"Kamis, 11 Apr 2019 19:54 WIB",https://www.cnnindonesia.com/teknologi/20190411194333-185-385527/tol-langit-ala-maruf-bikin-sentimen-negatif-ke-jokowi,ADVERTISEMENT SCROLL TO CONTINUE WITH CONTENT
TKN Curiga KPU-Bawaslu Terlibat Kasus Suara Jokowi Tercoblos,"Kamis, 11 Apr 2019 19:37 WIB",https://www.cnnindonesia.com/nasional/20190411181922-32-385518/tkn-curiga-kpu-bawaslu-terlibat-kasus-suara-jokowi-tercoblos,ADVERTISEMENT SCROLL TO CONTINUE WITH CONTENT
Demokrat Akui Terlibat Investigasi Kecurangan di Malaysia,"Kamis, 11 Apr 2019 19:29 WIB",https://www.cnnindonesia.com/nasional/20190411190636-32-385514/demokrat-akui-terlibat-investigasi-kecurangan-di-malaysia,ADVERTISEMENT SCROLL TO CONTINUE WITH CONTENT
Jokowi: Pembuat Hoaks PKI dan Larangan Azan Enggak Mikir,"Kamis, 11 Apr 2019 19:22 WIB",https://www.cnnindonesia.com/nasional/20190411185147-32-385503/jokowi-pembuat-hoaks-pki-dan-larangan-azan-enggak-mikir,ADVERTISEMENT SCROLL TO CONTINUE WITH CONTENT
"Gambar Jokowi Tercoblos di Malaysia, #01MainCurang Menggema","Kamis, 11 Apr 2019 19:16 WIB",https://www.cnnindonesia.com/teknologi/20190411183956-192-385496/gambar-jokowi-tercoblos-di-malaysia-01maincurang-menggema,ADVERTISEMENT SCROLL TO CONTINUE WITH CONTENT
BPN Sebut Surat Jokowi Tercoblos di Malaysia Skandal Besar,"Kamis, 11 Apr 2019 19:06 WIB",https://www.cnnindonesia.com/nasional/20190411184412-32-385495/bpn-sebut-surat-jokowi-tercoblos-di-malaysia-skandal-besar,ADVERTISEMENT SCROLL TO CONTINUE WITH CONTENT
NasDem Siap Coret Davin Kirana Jika Curang Pemilu di Malaysia,"Kamis, 11 Apr 2019 17:59 WIB",https://www.cnnindonesia.com/nasional/20190411172935-32-385457/nasdem-siap-coret-davin-kirana-jika-curang-pemilu-di-malaysia,ADVERTISEMENT SCROLL TO CONTINUE WITH CONTENT
Gerindra Minta Rusdi Kirana Ditarik dari Malaysia,"Kamis, 11 Apr 2019 17:49 WIB",https://www.cnnindonesia.com/nasional/20190411173149-32-385454/gerindra-minta-rusdi-kirana-ditarik-dari-malaysia,ADVERTISEMENT SCROLL TO CONTINUE WITH CONTENT
Kubu Prabowo Janji Penyaluran Bansos Lewat E-KTP Mulai 2020,"Kamis, 11 Apr 2019 17:36 WIB",https://www.cnnindonesia.com/ekonomi/20190411143348-532-385358/kubu-prabowo-janji-penyaluran-bansos-lewat-e-ktp-mulai-2020,ADVERTISEMENT SCROLL TO CONTINUE WITH CONTENT
"Kertas Suara Bolong di Malaysia, Kurniawan Ingin Pemilu Sehat","Kamis, 11 Apr 2019 17:14 WIB",https://www.cnnindonesia.com/olahraga/20190411165931-142-385437/kertas-suara-bolong-di-malaysia-kurniawan-ingin-pemilu-sehat,ADVERTISEMENT SCROLL TO CONTINUE WITH CONTENT
PDIP Curigai Kubu 02 Jadi Penggerebek Gambar Jokowi Tercoblos,"Kamis, 11 Apr 2019 17:12 WIB",https://www.cnnindonesia.com/nasional/20190411165232-32-385422/pdip-curigai-kubu-02-jadi-penggerebek-gambar-jokowi-tercoblos,ADVERTISEMENT SCROLL TO CONTINUE WITH CONTENT
Polri Ikut Terjun Usut Surat Jokowi Tercoblos di Malaysia,"Kamis, 11 Apr 2019 17:06 WIB",https://www.cnnindonesia.com/nasional/20190411164620-12-385424/polri-ikut-terjun-usut-surat-jokowi-tercoblos-di-malaysia,ADVERTISEMENT SCROLL TO CONTINUE WITH CONTENT
KPU Rapat Dadakan Bahas Gambar Jokowi Tercoblos di Malaysia,"Kamis, 11 Apr 2019 16:45 WIB",https://www.cnnindonesia.com/nasional/20190411163236-32-385407/kpu-rapat-dadakan-bahas-gambar-jokowi-tercoblos-di-malaysia,ADVERTISEMENT SCROLL TO CONTINUE WITH CONTENT
Bawaslu: Kampanye Jokowi dan Prabowo Masih Libatkan Anak-anak,"Kamis, 11 Apr 2019 16:40 WIB",https://www.cnnindonesia.com/nasional/20190411141539-32-385331/bawaslu-kampanye-jokowi-dan-prabowo-masih-libatkan-anak-anak,ADVERTISEMENT SCROLL TO CONTINUE WITH CONTENT
Jokowi soal Gambar Tercoblos di Malaysia: Laporkan ke Bawaslu,"Kamis, 11 Apr 2019 16:19 WIB",https://www.cnnindonesia.com/nasional/20190411152430-32-385383/jokowi-soal-gambar-tercoblos-di-malaysia-laporkan-ke-bawaslu,ADVERTISEMENT SCROLL TO CONTINUE WITH CONTENT
"Gambar Jokowi Tercoblos, KPU Kaji Setop Pemilu di Malaysia","Kamis, 11 Apr 2019 15:27 WIB",https://www.cnnindonesia.com/nasional/20190411145209-32-385367/gambar-jokowi-tercoblos-kpu-kaji-setop-pemilu-di-malaysia,ADVERTISEMENT SCROLL TO CONTINUE WITH CONTENT
KPU Terjun Usut Dugaan Surat Tercoblos Jokowi di Malaysia,"Kamis, 11 Apr 2019 14:38 WIB",https://www.cnnindonesia.com/nasional/20190411142807-32-385336/kpu-terjun-usut-dugaan-surat-tercoblos-jokowi-di-malaysia,ADVERTISEMENT SCROLL TO CONTINUE WITH CONTENT
"Gambar Jokowi Tercoblos, Pemilu di Malaysia Diminta Setop","Kamis, 11 Apr 2019 14:09 WIB",https://www.cnnindonesia.com/nasional/20190411134903-32-385314/gambar-jokowi-tercoblos-pemilu-di-malaysia-diminta-setop,ADVERTISEMENT SCROLL TO CONTINUE WITH CONTENT
Sapa Jokowi ke Warga Sukabumi: Sampurasun dan Angkat Jari,"Kamis, 11 Apr 2019 11:31 WIB",https://www.cnnindonesia.com/nasional/20190411110704-32-385262/sapa-jokowi-ke-warga-sukabumi-sampurasun-dan-angkat-jari,ADVERTISEMENT SCROLL TO CONTINUE WITH CONTENT
Gegap Gempita Warga Sukabumi Sambut Jokowi di Arena Kampanye,"Kamis, 11 Apr 2019 10:23 WIB",https://www.cnnindonesia.com/nasional/20190411101027-32-385243/gegap-gempita-warga-sukabumi-sambut-jokowi-di-arena-kampanye,ADVERTISEMENT SCROLL TO CONTINUE WITH CONTENT
"Soal DNA Prabowo, TKN Sebut Bung Hatta Tak Pernah Gebrak Meja","Kamis, 11 Apr 2019 09:49 WIB",https://www.cnnindonesia.com/nasional/20190411090749-32-385217/soal-dna-prabowo-tkn-sebut-bung-hatta-tak-pernah-gebrak-meja,ADVERTISEMENT SCROLL TO CONTINUE WITH CONTENT
Massa Padati Kampanye Jokowi di 'Kandang Prabowo' Sukabumi,"Kamis, 11 Apr 2019 09:14 WIB",https://www.cnnindonesia.com/nasional/20190411084828-32-385208/massa-padati-kampanye-jokowi-di-kandang-prabowo-sukabumi,ADVERTISEMENT SCROLL TO CONTINUE WITH CONTENT
"Prabowo Sampaikan Simpati, Novel Tunggu Jokowi Berbicara","Kamis, 11 Apr 2019 09:03 WIB",https://www.cnnindonesia.com/nasional/20190411082858-12-385205/prabowo-sampaikan-simpati-novel-tunggu-jokowi-berbicara,ADVERTISEMENT SCROLL TO CONTINUE WITH CONTENT
Dua Tahun Teror Novel dan Peringatan Terakhir untuk Jokowi,"Kamis, 11 Apr 2019 08:40 WIB",https://www.cnnindonesia.com/nasional/20190411070724-12-385201/dua-tahun-teror-novel-dan-peringatan-terakhir-untuk-jokowi,ADVERTISEMENT SCROLL TO CONTINUE WITH CONTENT
"Jokowi-Ma'ruf Kampanye di 'Kandang' Prabowo, Sandi ke Cianjur","Kamis, 11 Apr 2019 07:04 WIB",https://www.cnnindonesia.com/nasional/20190411064654-32-385191/jokowi-maruf-kampanye-di-kandang-prabowo-sandi-ke-cianjur,ADVERTISEMENT SCROLL TO CONTINUE WITH CONTENT
Gerilya Jokowi dan Prabowo Berebut Kemenangan di Jawa Barat,"Kamis, 11 Apr 2019 06:21 WIB",https://www.cnnindonesia.com/nasional/20190410195604-32-385138/gerilya-jokowi-dan-prabowo-berebut-kemenangan-di-jawa-barat,ADVERTISEMENT SCROLL TO CONTINUE WITH CONTENT
Sandi Klaim Yusuf Mansur Sudah Jelaskan Alasan Dukung Jokowi,"Kamis, 11 Apr 2019 00:11 WIB",https://www.cnnindonesia.com/nasional/20190410234743-32-385174/sandi-klaim-yusuf-mansur-sudah-jelaskan-alasan-dukung-jokowi,ADVERTISEMENT SCROLL TO CONTINUE WITH CONTENT
"Ma'ruf Minta Tolak Politik Uang, Sandi Muncul Lewat Sulap","Rabu, 10 Apr 2019 21:49 WIB",https://www.cnnindonesia.com/nasional/20190410210955-32-385159/maruf-minta-tolak-politik-uang-sandi-muncul-lewat-sulap,ADVERTISEMENT SCROLL TO CONTINUE WITH CONTENT
Eks Ketum PAN: Saya dan Amien Rais Tak Pernah Pecah,"Rabu, 10 Apr 2019 21:30 WIB",https://www.cnnindonesia.com/nasional/20190410201952-32-385145/eks-ketum-pan-saya-dan-amien-rais-tak-pernah-pecah,ADVERTISEMENT SCROLL TO CONTINUE WITH CONTENT
Eks Ketum PAN Sebut Mayoritas Warga Muhammadiyah Pilih Jokowi,"Rabu, 10 Apr 2019 19:35 WIB",https://www.cnnindonesia.com/nasional/20190410185616-32-385085/eks-ketum-pan-sebut-mayoritas-warga-muhammadiyah-pilih-jokowi,ADVERTISEMENT SCROLL TO CONTINUE WITH CONTENT
Yusril soal Polemik dengan Rizieq: Apa yang Saya Khianati?,"Rabu, 10 Apr 2019 18:42 WIB",https://www.cnnindonesia.com/nasional/20190410182600-32-385069/yusril-soal-polemik-dengan-rizieq-apa-yang-saya-khianati,ADVERTISEMENT SCROLL TO CONTINUE WITH CONTENT
Ma'ruf Amin Tangkis Kritik Prabowo soal Ibu Pertiwi,"Rabu, 10 Apr 2019 18:09 WIB",https://www.cnnindonesia.com/nasional/20190410173535-32-385037/maruf-amin-tangkis-kritik-prabowo-soal-ibu-pertiwi,ADVERTISEMENT SCROLL TO CONTINUE WITH CONTENT
Jokowi Lebih Banyak Beriklan di TV Ketimbang Prabowo,"Rabu, 10 Apr 2019 17:37 WIB",https://www.cnnindonesia.com/nasional/20190410170958-32-385035/jokowi-lebih-banyak-beriklan-di-tv-ketimbang-prabowo,ADVERTISEMENT SCROLL TO CONTINUE WITH CONTENT
"Survei Internal Prabowo Dipertanyakan, BPN Rahasiakan Data","Rabu, 10 Apr 2019 17:01 WIB",https://www.cnnindonesia.com/nasional/20190410143222-32-384949/survei-internal-prabowo-dipertanyakan-bpn-rahasiakan-data,ADVERTISEMENT SCROLL TO CONTINUE WITH CONTENT
"Seminggu Jelang Pencoblosan, Jokowi Sebut Hoaks Masih Dipakai","Rabu, 10 Apr 2019 15:01 WIB",https://www.cnnindonesia.com/nasional/20190410144246-32-384951/seminggu-jelang-pencoblosan-jokowi-sebut-hoaks-masih-dipakai,ADVERTISEMENT SCROLL TO CONTINUE WITH CONTENT
Jokowi Sapa Pendukung di Probolinggo dengan Bahasa Madura,"Rabu, 10 Apr 2019 14:56 WIB",https://www.cnnindonesia.com/nasional/20190410142621-32-384953/jokowi-sapa-pendukung-di-probolinggo-dengan-bahasa-madura,ADVERTISEMENT SCROLL TO CONTINUE WITH CONTENT
"Yusuf Mansur Merapat, Ma'ruf Semakin Yakin Menang Pilpres","Rabu, 10 Apr 2019 14:43 WIB",https://www.cnnindonesia.com/nasional/20190410143604-32-384947/yusuf-mansur-merapat-maruf-semakin-yakin-menang-pilpres,ADVERTISEMENT SCROLL TO CONTINUE WITH CONTENT
"'Salami' Walkot, Jokowi Yakin Ubah Kedudukan di Probolinggo","Rabu, 10 Apr 2019 14:20 WIB",https://www.cnnindonesia.com/nasional/20190410135829-32-384921/salami-walkot-jokowi-yakin-ubah-kedudukan-di-probolinggo,ADVERTISEMENT SCROLL TO CONTINUE WITH CONTENT
TKN Ajak Relawan Penuhi GBK Saat Kampanye Akbar Jokowi,"Rabu, 10 Apr 2019 10:30 WIB",https://www.cnnindonesia.com/nasional/20190410091931-32-384829/tkn-ajak-relawan-penuhi-gbk-saat-kampanye-akbar-jokowi,ADVERTISEMENT SCROLL TO CONTINUE WITH CONTENT
Citra Diri Cerdas dan Jujur di Balik Ceplas-ceplos Prabowo,"Rabu, 10 Apr 2019 09:10 WIB",https://www.cnnindonesia.com/nasional/20190409213200-32-384750/citra-diri-cerdas-dan-jujur-di-balik-ceplas-ceplos-prabowo,ADVERTISEMENT SCROLL TO CONTINUE WITH CONTENT
Munarman FPI Sebut Yusuf Mansur Tak Masuk Barisan Inti 212,"Rabu, 10 Apr 2019 07:42 WIB",https://www.cnnindonesia.com/nasional/20190410065819-32-384802/munarman-fpi-sebut-yusuf-mansur-tak-masuk-barisan-inti-212,ADVERTISEMENT SCROLL TO CONTINUE WITH CONTENT
"Giliran Prabowo Kampanye di Solo, Jokowi ke Probolinggo","Rabu, 10 Apr 2019 06:50 WIB",https://www.cnnindonesia.com/nasional/20190410062611-32-384787/giliran-prabowo-kampanye-di-solo-jokowi-ke-probolinggo,ADVERTISEMENT SCROLL TO CONTINUE WITH CONTENT
"Dituding Berpihak ke KPU, Kubu 01 Bentuk Posko Kecurangan","Rabu, 10 Apr 2019 06:22 WIB",https://www.cnnindonesia.com/nasional/20190409202129-32-384734/dituding-berpihak-ke-kpu-kubu-01-bentuk-posko-kecurangan,ADVERTISEMENT SCROLL TO CONTINUE WITH CONTENT
Moeldoko Nilai Survei Internal Kubu Prabowo Subjektif,"Selasa, 09 Apr 2019 21:15 WIB",https://www.cnnindonesia.com/nasional/20190409200011-32-384728/moeldoko-nilai-survei-internal-kubu-prabowo-subjektif,ADVERTISEMENT SCROLL TO CONTINUE WITH CONTENT
Bowo Sidik soal Amplop: Yang Jelas Partai Kami Dukung 01,"Selasa, 09 Apr 2019 21:02 WIB",https://www.cnnindonesia.com/nasional/20190409200359-12-384738/bowo-sidik-soal-amplop-yang-jelas-partai-kami-dukung-01,ADVERTISEMENT SCROLL TO CONTINUE WITH CONTENT
"Deretan Bisnis Yusuf Mansur, Ustaz Pendukung Jokowi","Selasa, 09 Apr 2019 19:17 WIB",https://www.cnnindonesia.com/ekonomi/20190409185722-92-384713/deretan-bisnis-yusuf-mansur-ustaz-pendukung-jokowi,ADVERTISEMENT SCROLL TO CONTINUE WITH CONTENT
Moeldoko soal Massa Prabowo di GBK: Satu Juta dari Hong Kong,"Selasa, 09 Apr 2019 19:11 WIB",https://www.cnnindonesia.com/nasional/20190409185637-32-384714/moeldoko-soal-massa-prabowo-di-gbk-satu-juta-dari-hong-kong,ADVERTISEMENT SCROLL TO CONTINUE WITH CONTENT
"Yusuf Mansur: Dakwah, Sepak Bola, dan Politik Indonesia","Selasa, 09 Apr 2019 18:51 WIB",https://www.cnnindonesia.com/olahraga/20190409181728-142-384706/yusuf-mansur-dakwah-sepak-bola-dan-politik-indonesia,ADVERTISEMENT SCROLL TO CONTINUE WITH CONTENT
"Lika-liku Yusuf Mansur, dari Aksi 212 Menyeberang ke Jokowi","Selasa, 09 Apr 2019 18:35 WIB",https://www.cnnindonesia.com/nasional/20190409180129-32-384694/lika-liku-yusuf-mansur-dari-aksi-212-menyeberang-ke-jokowi,ADVERTISEMENT SCROLL TO CONTINUE WITH CONTENT
Presiden KSPSI Instruksikan Buruh Coblos Jokowi,"Selasa, 09 Apr 2019 17:37 WIB",https://www.cnnindonesia.com/nasional/20190409171740-32-384652/presiden-kspsi-instruksikan-buruh-coblos-jokowi,ADVERTISEMENT SCROLL TO CONTINUE WITH CONTENT
Survei Voxpol: Jokowi Hanya Unggul 5 Persen dari Prabowo,"Selasa, 09 Apr 2019 16:59 WIB",https://www.cnnindonesia.com/nasional/20190409164455-32-384637/survei-voxpol-jokowi-hanya-unggul-5-persen-dari-prabowo,ADVERTISEMENT SCROLL TO CONTINUE WITH CONTENT
Sorak Kubu Prabowo Tahu BUMN Undur Acara Saat Kampanye Jokowi,"Selasa, 09 Apr 2019 16:51 WIB",https://www.cnnindonesia.com/nasional/20190409162152-32-384632/sorak-kubu-prabowo-tahu-bumn-undur-acara-saat-kampanye-jokowi,ADVERTISEMENT SCROLL TO CONTINUE WITH CONTENT
"Pengeroyokan Anggota TNI, Aparat Sita Syal Kepala Banteng","Selasa, 09 Apr 2019 16:24 WIB",https://www.cnnindonesia.com/nasional/20190409154320-12-384603/pengeroyokan-anggota-tni-aparat-sita-syal-kepala-banteng,ADVERTISEMENT SCROLL TO CONTINUE WITH CONTENT
Jokowi:FeelingSaya 60 Persen Bisa Dicapai di Jabar,"Selasa, 09 Apr 2019 13:54 WIB",https://www.cnnindonesia.com/nasional/20190409130255-32-384549/jokowi-feeling-saya-60-persen-bisa-dicapai-di-jabar,ADVERTISEMENT SCROLL TO CONTINUE WITH CONTENT
"Kampanye Jokowi, Buruh Ramaikan Bandung Warga Solo Antusias","Selasa, 09 Apr 2019 12:34 WIB",https://www.cnnindonesia.com/nasional/20190409121712-32-384535/kampanye-jokowi-buruh-ramaikan-bandung-warga-solo-antusias,ADVERTISEMENT SCROLL TO CONTINUE WITH CONTENT
"Kampanye Jokowi di Karawang, Panitia Sebar Caping Merah-Putih","Selasa, 09 Apr 2019 12:26 WIB",https://www.cnnindonesia.com/nasional/20190409113053-32-384517/kampanye-jokowi-di-karawang-panitia-sebar-caping-merah-putih,ADVERTISEMENT SCROLL TO CONTINUE WITH CONTENT
"Tegas Dukung Jokowi, Yusuf Mansur Sebut Islam Indonesia Wangi","Selasa, 09 Apr 2019 11:58 WIB",https://www.cnnindonesia.com/nasional/20190409111741-32-384512/tegas-dukung-jokowi-yusuf-mansur-sebut-islam-indonesia-wangi,ADVERTISEMENT SCROLL TO CONTINUE WITH CONTENT
"Bentrok dengan Kampanye Jokowi, BUMN Undur Perayaan HUT","Selasa, 09 Apr 2019 10:58 WIB",https://www.cnnindonesia.com/ekonomi/20190409102119-92-384491/bentrok-dengan-kampanye-jokowi-bumn-undur-perayaan-hut,ADVERTISEMENT SCROLL TO CONTINUE WITH CONTENT
Kereta Kencana Jokowi-Ma'ruf Kendaraan Khas Indonesia,"Selasa, 09 Apr 2019 10:29 WIB",https://www.cnnindonesia.com/otomotif/20190409095240-579-384477/kereta-kencana-jokowi-maruf-kendaraan-khas-indonesia,ADVERTISEMENT SCROLL TO CONTINUE WITH CONTENT ADVERTISEMENT SCROLL TO CONTINUE WITH CONTENT
"Jokowi Kampanye di Kampung Halaman, Prabowo di Palembang","Selasa, 09 Apr 2019 07:14 WIB",https://www.cnnindonesia.com/nasional/20190409065814-32-384456/jokowi-kampanye-di-kampung-halaman-prabowo-di-palembang,ADVERTISEMENT SCROLL TO CONTINUE WITH CONTENT
Survei Internal Dibuka untuk Lawan Opini Prabowo Terus Kalah,"Selasa, 09 Apr 2019 06:08 WIB",https://www.cnnindonesia.com/nasional/20190408210946-32-384419/survei-internal-dibuka-untuk-lawan-opini-prabowo-terus-kalah,ADVERTISEMENT SCROLL TO CONTINUE WITH CONTENT
Walkot Semarang Ajak Relawan Tangkap Pelaku Serangan Fajar,"Selasa, 09 Apr 2019 02:02 WIB",https://www.cnnindonesia.com/nasional/20190409015452-32-384441/walkot-semarang-ajak-relawan-tangkap-pelaku-serangan-fajar,ADVERTISEMENT SCROLL TO CONTINUE WITH CONTENT
Survei Puskaptis: Prabowo-Sandi Kuasai Lima Wilayah di Jawa,"Senin, 08 Apr 2019 23:33 WIB",https://www.cnnindonesia.com/nasional/20190408162656-32-384323/survei-puskaptis-prabowo-sandi-kuasai-lima-wilayah-di-jawa,ADVERTISEMENT SCROLL TO CONTINUE WITH CONTENT
"Ma'ruf Amin: Coblos Satu Saja, Kalau Dua Tidak Sah","Senin, 08 Apr 2019 20:59 WIB",https://www.cnnindonesia.com/nasional/20190408205009-32-384411/maruf-amin-coblos-satu-saja-kalau-dua-tidak-sah,ADVERTISEMENT SCROLL TO CONTINUE WITH CONTENT
Ma'ruf Ungkap Jasa Jokowi Perlakukan Ulama dalam Politik,"Senin, 08 Apr 2019 19:46 WIB",https://www.cnnindonesia.com/nasional/20190408192213-32-384391/maruf-ungkap-jasa-jokowi-perlakukan-ulama-dalam-politik,ADVERTISEMENT SCROLL TO CONTINUE WITH CONTENT
"Jadi Korban Bentrok FPI-PDIP, Bawaslu Berencana Lapor Polisi","Senin, 08 Apr 2019 18:39 WIB",https://www.cnnindonesia.com/nasional/20190408181318-20-384355/jadi-korban-bentrok-fpi-pdip-bawaslu-berencana-lapor-polisi,ADVERTISEMENT SCROLL TO CONTINUE WITH CONTENT
"Survei Internal BPN: Prabowo 62 Persen, Jokowi 38 Persen","Senin, 08 Apr 2019 18:24 WIB",https://www.cnnindonesia.com/nasional/20190408180907-32-384354/survei-internal-bpn-prabowo-62-persen-jokowi-38-persen,ADVERTISEMENT SCROLL TO CONTINUE WITH CONTENT
Ma'ruf Nilai Hasil Survei Puskaptis Salahi Pandangan Umum,"Senin, 08 Apr 2019 18:11 WIB",https://www.cnnindonesia.com/nasional/20190408171944-32-384353/maruf-nilai-hasil-survei-puskaptis-salahi-pandangan-umum,ADVERTISEMENT SCROLL TO CONTINUE WITH CONTENT
Akun @ekowBoy Disebut Sebar Hoaks Server KPU Kemauan Sendiri,"Senin, 08 Apr 2019 17:58 WIB",https://www.cnnindonesia.com/nasional/20190408173913-12-384338/akun-ekowboy-disebut-sebar-hoaks-server-kpu-kemauan-sendiri,ADVERTISEMENT SCROLL TO CONTINUE WITH CONTENT
"Prabowo Tinggalkan Orasi Rizieq, Kubu 02 Klaim Sesuai Jadwal","Senin, 08 Apr 2019 17:10 WIB",https://www.cnnindonesia.com/nasional/20190408161944-32-384309/prabowo-tinggalkan-orasi-rizieq-kubu-02-klaim-sesuai-jadwal,ADVERTISEMENT SCROLL TO CONTINUE WITH CONTENT
"Membelot Dukung Prabowo, Ketua Golkar Wonosobo Resmi Dipecat","Senin, 08 Apr 2019 17:01 WIB",https://www.cnnindonesia.com/nasional/20190408163936-32-384318/membelot-dukung-prabowo-ketua-golkar-wonosobo-resmi-dipecat,ADVERTISEMENT SCROLL TO CONTINUE WITH CONTENT
Surat SBY dan Jubah Politik Islam Prabowo,"Senin, 08 Apr 2019 16:49 WIB",https://www.cnnindonesia.com/nasional/20190408113714-32-384221/surat-sby-dan-jubah-politik-islam-prabowo,ADVERTISEMENT SCROLL TO CONTINUE WITH CONTENT
Massa Diduga Pro Jokowi Aniaya Anggota TNI,"Senin, 08 Apr 2019 16:10 WIB",https://www.cnnindonesia.com/nasional/20190408155534-12-384299/massa-diduga-pro-jokowi-aniaya-anggota-tni,ADVERTISEMENT SCROLL TO CONTINUE WITH CONTENT
Polisi Masih Buru Pembuat Hoaks 'Server Menangkan Jokowi',"Senin, 08 Apr 2019 15:55 WIB",https://www.cnnindonesia.com/nasional/20190408154428-12-384298/polisi-masih-buru-pembuat-hoaks-server-menangkan-jokowi,ADVERTISEMENT SCROLL TO CONTINUE WITH CONTENT
Survei Puskaptis: Prabowo Unggul Tipis dari Jokowi,"Senin, 08 Apr 2019 15:36 WIB",https://www.cnnindonesia.com/nasional/20190408151553-32-384292/survei-puskaptis-prabowo-unggul-tipis-dari-jokowi,ADVERTISEMENT SCROLL TO CONTINUE WITH CONTENT
TKN Sebut Bahasa Prabowo Bodoh Umpamakan Kondisi Ibu Pertiwi,"Senin, 08 Apr 2019 14:24 WIB",https://www.cnnindonesia.com/nasional/20190408135231-32-384252/tkn-sebut-bahasa-prabowo-bodoh-umpamakan-kondisi-ibu-pertiwi,ADVERTISEMENT SCROLL TO CONTINUE WITH CONTENT
Warga Solo Siap Jalan Kaki ke Kampanye Akbar Jokowi,"Senin, 08 Apr 2019 14:07 WIB",https://www.cnnindonesia.com/nasional/20190408134201-32-384249/warga-solo-siap-jalan-kaki-ke-kampanye-akbar-jokowi,ADVERTISEMENT SCROLL TO CONTINUE WITH CONTENT
"Bakal Inklusif, TKN Jokowi Ajak Demokrat Gabung di GBK","Senin, 08 Apr 2019 12:27 WIB",https://www.cnnindonesia.com/nasional/20190408113423-32-384216/bakal-inklusif-tkn-jokowi-ajak-demokrat-gabung-di-gbk,ADVERTISEMENT SCROLL TO CONTINUE WITH CONTENT
Kubu Jokowi Klaim Bisa Kalahkan Jumlah Massa Prabowo di GBK,"Senin, 08 Apr 2019 11:43 WIB",https://www.cnnindonesia.com/nasional/20190408110910-32-384212/kubu-jokowi-klaim-bisa-kalahkan-jumlah-massa-prabowo-di-gbk,ADVERTISEMENT SCROLL TO CONTINUE WITH CONTENT
Kronologi Bentrok Simpatisan PDIP dengan FPI Yogyakarta,"Senin, 08 Apr 2019 09:07 WIB",https://www.cnnindonesia.com/nasional/20190408084702-12-384170/kronologi-bentrok-simpatisan-pdip-dengan-fpi-yogyakarta,ADVERTISEMENT SCROLL TO CONTINUE WITH CONTENT
"Jokowi Kampanye di Kupang, Prabowo di Yogyakarta","Senin, 08 Apr 2019 06:34 WIB",https://www.cnnindonesia.com/nasional/20190408062440-32-384156/jokowi-kampanye-di-kupang-prabowo-di-yogyakarta,ADVERTISEMENT SCROLL TO CONTINUE WITH CONTENT
Isu Perempuan di Tengah 'Jualan' Emak-emak dan Ibu Bangsa,"Senin, 08 Apr 2019 05:45 WIB",https://www.cnnindonesia.com/nasional/20190407145615-32-384063/isu-perempuan-di-tengah-jualan-emak-emak-dan-ibu-bangsa,ADVERTISEMENT SCROLL TO CONTINUE WITH CONTENT
Jokowi soal Pilpres Dituding Curang: Jangan Cuma Ngomong,"Senin, 08 Apr 2019 00:54 WIB",https://www.cnnindonesia.com/nasional/20190408004502-32-384143/jokowi-soal-pilpres-dituding-curang-jangan-cuma-ngomong,ADVERTISEMENT SCROLL TO CONTINUE WITH CONTENT
"Kampanye Bareng Jokowi, Ma'ruf Doakan Indonesia Tidak Punah","Minggu, 07 Apr 2019 21:25 WIB",https://www.cnnindonesia.com/nasional/20190407182002-32-384095/kampanye-bareng-jokowi-maruf-doakan-indonesia-tidak-punah,ADVERTISEMENT SCROLL TO CONTINUE WITH CONTENT
Jokowi Pakai Sapu Alumni PL Bersihkan Hoaks hingga Korupsi,"Minggu, 07 Apr 2019 20:23 WIB",https://www.cnnindonesia.com/nasional/20190407194116-32-384118/jokowi-pakai-sapu-alumni-pl-bersihkan-hoaks-hingga-korupsi,ADVERTISEMENT SCROLL TO CONTINUE WITH CONTENT
Saat Jokowi Berhadapan dengan 'Jokowi' di Arena Kampanye,"Minggu, 07 Apr 2019 18:47 WIB",https://www.cnnindonesia.com/nasional/20190407183224-32-384096/saat-jokowi-berhadapan-dengan-jokowi-di-arena-kampanye,ADVERTISEMENT SCROLL TO CONTINUE WITH CONTENT
"Kompak Putih-putih, Jokowi-Ma'ruf Diarak Kereta Kencana Solo","Minggu, 07 Apr 2019 17:15 WIB",https://www.cnnindonesia.com/nasional/20190407165823-32-384086/kompak-putih-putih-jokowi-maruf-diarak-kereta-kencana-solo,ADVERTISEMENT SCROLL TO CONTINUE WITH CONTENT
Ma'ruf Jawab Prabowo soal Kartu Jokowi: Bukan untuk Dimakan,"Minggu, 07 Apr 2019 16:44 WIB",https://www.cnnindonesia.com/nasional/20190407153841-32-384077/maruf-jawab-prabowo-soal-kartu-jokowi-bukan-untuk-dimakan,ADVERTISEMENT SCROLL TO CONTINUE WITH CONTENT
Yenny Wahid Kritik Aksi Sandi Kibarkan Bendera NU di Kampanye,"Minggu, 07 Apr 2019 16:20 WIB",https://www.cnnindonesia.com/nasional/20190407150013-32-384064/yenny-wahid-kritik-aksi-sandi-kibarkan-bendera-nu-di-kampanye,ADVERTISEMENT SCROLL TO CONTINUE WITH CONTENT
Perang Tagar di Twitter Warnai Kampanye Prabowo dan Jokowi,"Minggu, 07 Apr 2019 15:53 WIB",https://www.cnnindonesia.com/teknologi/20190407153339-192-384079/perang-tagar-di-twitter-warnai-kampanye-prabowo-dan-jokowi,ADVERTISEMENT SCROLL TO CONTINUE WITH CONTENT
Debus Banten Warnai Kampanye Jokowi-Ma'ruf di Tangerang,"Minggu, 07 Apr 2019 15:46 WIB",https://www.cnnindonesia.com/nasional/20190407150852-32-384065/debus-banten-warnai-kampanye-jokowi-maruf-di-tangerang,ADVERTISEMENT SCROLL TO CONTINUE WITH CONTENT
Yusril Tuduh FPI-PKS Buang Bendera PBB di Kampanye Prabowo,"Minggu, 07 Apr 2019 15:24 WIB",https://www.cnnindonesia.com/nasional/20190407151306-32-384067/yusril-tuduh-fpi-pks-buang-bendera-pbb-di-kampanye-prabowo,ADVERTISEMENT SCROLL TO CONTINUE WITH CONTENT
Iriana Ajak Istri Pensiunan TNI-Polri Pakai Baju Putih ke TPS,"Minggu, 07 Apr 2019 14:46 WIB",https://www.cnnindonesia.com/nasional/20190407131540-32-384050/iriana-ajak-istri-pensiunan-tni-polri-pakai-baju-putih-ke-tps,ADVERTISEMENT SCROLL TO CONTINUE WITH CONTENT
Jokowi-Ma'ruf Kampanye ala Karnaval di Kota Tangerang,"Minggu, 07 Apr 2019 14:34 WIB",https://www.cnnindonesia.com/nasional/20190407141733-32-384055/jokowi-maruf-kampanye-ala-karnaval-di-kota-tangerang,ADVERTISEMENT SCROLL TO CONTINUE WITH CONTENT
"Yenny Wahid: Paslon 01 Ulama, Paslon 02 Ubaru","Minggu, 07 Apr 2019 13:46 WIB",https://www.cnnindonesia.com/nasional/20190407132040-32-384047/yenny-wahid-paslon-01-ulama-paslon-02-ubaru,ADVERTISEMENT SCROLL TO CONTINUE WITH CONTENT
Gus Irfan soal Bendera Sandi: PBNU Gunakan NU Itu Lebih Parah,"Sabtu, 06 Apr 2019 17:57 WIB",https://www.cnnindonesia.com/nasional/20190406171058-32-383938/gus-irfan-soal-bendera-sandi-pbnu-gunakan-nu-itu-lebih-parah,ADVERTISEMENT SCROLL TO CONTINUE WITH CONTENT
Mendagri Sebut Hoaks Server KPU Disetel Tak Masuk Akal,"Sabtu, 06 Apr 2019 13:45 WIB",https://www.cnnindonesia.com/nasional/20190406131718-32-383891/mendagri-sebut-hoaks-server-kpu-disetel-tak-masuk-akal,ADVERTISEMENT SCROLL TO CONTINUE WITH CONTENT
Jokowi Janji Datang Kembali ke Asahan Kalau Menang 70 Persen,"Sabtu, 06 Apr 2019 12:43 WIB",https://www.cnnindonesia.com/nasional/20190406122758-32-383871/jokowi-janji-datang-kembali-ke-asahan-kalau-menang-70-persen,ADVERTISEMENT SCROLL TO CONTINUE WITH CONTENT
Ma'ruf Soal Prabowo Menang 25 Persen: Lihat Saja Hasil Survei,"Sabtu, 06 Apr 2019 10:55 WIB",https://www.cnnindonesia.com/nasional/20190406104758-32-383864/maruf-soal-prabowo-menang-25-persen-lihat-saja-hasil-survei,ADVERTISEMENT SCROLL TO CONTINUE WITH CONTENT
"Jokowi Ingin Rebut Jabar, Kubu Prabowo Ingatkan Hasil Pilkada","Sabtu, 06 Apr 2019 09:49 WIB",https://www.cnnindonesia.com/nasional/20190405185254-32-383795/jokowi-ingin-rebut-jabar-kubu-prabowo-ingatkan-hasil-pilkada,ADVERTISEMENT SCROLL TO CONTINUE WITH CONTENT
Kubu 01 Klaim Unggul di Jabar: Mustahil Tanpa Doa Saudara,"Sabtu, 06 Apr 2019 05:24 WIB",https://www.cnnindonesia.com/nasional/20190405165456-32-383752/kubu-01-klaim-unggul-di-jabar-mustahil-tanpa-doa-saudara,ADVERTISEMENT SCROLL TO CONTINUE WITH CONTENT
Ma'ruf Anggap Hoaks Pemicu Jokowi-JK Kalah di Jabar,"Sabtu, 06 Apr 2019 04:25 WIB",https://www.cnnindonesia.com/nasional/20190405175819-32-383788/maruf-anggap-hoaks-pemicu-jokowi-jk-kalah-di-jabar,ADVERTISEMENT SCROLL TO CONTINUE WITH CONTENT
"Pendukung Militan, Jokowi Targetkan 65 Persen di Indramayu","Sabtu, 06 Apr 2019 03:28 WIB",https://www.cnnindonesia.com/nasional/20190405175659-32-383775/pendukung-militan-jokowi-targetkan-65-persen-di-indramayu,ADVERTISEMENT SCROLL TO CONTINUE WITH CONTENT
"Berkat Menantu, Jokowi Harap Raup 65 Persen Suara di Sumut","Jumat, 05 Apr 2019 23:05 WIB",https://www.cnnindonesia.com/nasional/20190405225443-32-383840/berkat-menantu-jokowi-harap-raup-65-persen-suara-di-sumut,ADVERTISEMENT SCROLL TO CONTINUE WITH CONTENT
Strategi Maruf di Jabar: Door to Door dan Man to Man Marking,"Jumat, 05 Apr 2019 19:27 WIB",https://www.cnnindonesia.com/nasional/20190405171353-32-383766/strategi-maruf-di-jabar-door-to-door-dan-man-to-man-marking,ADVERTISEMENT SCROLL TO CONTINUE WITH CONTENT
"Pemilu 2019 Telan Rp25 Triliun, TKN Minta Warga Jangan Golput","Jumat, 05 Apr 2019 18:58 WIB",https://www.cnnindonesia.com/nasional/20190405130500-32-383670/pemilu-2019-telan-rp25-triliun-tkn-minta-warga-jangan-golput,ADVERTISEMENT SCROLL TO CONTINUE WITH CONTENT
PA 212 Sebut Penangkapan Aktivis 212 Politis,"Jumat, 05 Apr 2019 17:29 WIB",https://www.cnnindonesia.com/nasional/20190405160639-32-383741/pa-212-sebut-penangkapan-aktivis-212-politis,ADVERTISEMENT SCROLL TO CONTINUE WITH CONTENT
Anies soal Video 'Ahok Sumber Konflik': Sudah Lewat Itu,"Jumat, 05 Apr 2019 16:45 WIB",https://www.cnnindonesia.com/nasional/20190405140626-32-383697/anies-soal-video-ahok-sumber-konflik-sudah-lewat-itu,ADVERTISEMENT SCROLL TO CONTINUE WITH CONTENT
"Target Menang Banyak di Cirebon, Jokowi Ingin Jabar Dikuasai","Jumat, 05 Apr 2019 16:04 WIB",https://www.cnnindonesia.com/nasional/20190405132750-32-383685/target-menang-banyak-di-cirebon-jokowi-ingin-jabar-dikuasai,ADVERTISEMENT SCROLL TO CONTINUE WITH CONTENT
"Kampanye, Cerita Ibu dan Rengekan Anak Ingin Lihat Jokowi","Jumat, 05 Apr 2019 15:45 WIB",https://www.cnnindonesia.com/nasional/20190405144016-32-383711/kampanye-cerita-ibu-dan-rengekan-anak-ingin-lihat-jokowi,ADVERTISEMENT SCROLL TO CONTINUE WITH CONTENT
Luhut Dilaporkan ke Bawaslu soal Beri Amplop ke Kiai,"Jumat, 05 Apr 2019 14:57 WIB",https://www.cnnindonesia.com/nasional/20190405144454-32-383704/luhut-dilaporkan-ke-bawaslu-soal-beri-amplop-ke-kiai,ADVERTISEMENT SCROLL TO CONTINUE WITH CONTENT
Polisi Dalami Laporan KPU soal Hoaks Server Menangkan Jokowi,"Jumat, 05 Apr 2019 14:42 WIB",https://www.cnnindonesia.com/nasional/20190405141238-32-383695/polisi-dalami-laporan-kpu-soal-hoaks-server-menangkan-jokowi,ADVERTISEMENT SCROLL TO CONTINUE WITH CONTENT
"Ma'ruf Tanya Kontribusi Penghujat, Sandi Janji Lumbung Pangan","Jumat, 05 Apr 2019 14:32 WIB",https://www.cnnindonesia.com/nasional/20190405141125-32-383692/maruf-tanya-kontribusi-penghujat-sandi-janji-lumbung-pangan,ADVERTISEMENT SCROLL TO CONTINUE WITH CONTENT
Ma'ruf: Hoaks Server KPU Kambing Hitam Kekalahan,"Jumat, 05 Apr 2019 14:17 WIB",https://www.cnnindonesia.com/nasional/20190405111039-32-383618/maruf-hoaks-server-kpu-kambing-hitam-kekalahan,ADVERTISEMENT SCROLL TO CONTINUE WITH CONTENT
"Ma'ruf Pakai 'Hoodie', Sandi Lari di Tepi Pantai Balikpapan","Jumat, 05 Apr 2019 13:35 WIB",https://www.cnnindonesia.com/nasional/20190405131818-32-383673/maruf-pakai-hoodie-sandi-lari-di-tepi-pantai-balikpapan,ADVERTISEMENT SCROLL TO CONTINUE WITH CONTENT
"Kampanye di Indramayu, Jokowi Bakal Pamer Capaian Pertanian","Jumat, 05 Apr 2019 11:58 WIB",https://www.cnnindonesia.com/nasional/20190405113215-32-383623/kampanye-di-indramayu-jokowi-bakal-pamer-capaian-pertanian,ADVERTISEMENT SCROLL TO CONTINUE WITH CONTENT
TKN Andalkan Kerja Sama Partai Menangkan Jokowi di Jawa Barat,"Jumat, 05 Apr 2019 10:36 WIB",https://www.cnnindonesia.com/nasional/20190405093641-32-383601/tkn-andalkan-kerja-sama-partai-menangkan-jokowi-di-jawa-barat,ADVERTISEMENT SCROLL TO CONTINUE WITH CONTENT
Membuntuti Safari Politik Jokowi di Tanah 'Ngapak',"Jumat, 05 Apr 2019 06:57 WIB",https://www.cnnindonesia.com/nasional/20190404214946-32-383559/membuntuti-safari-politik-jokowi-di-tanah-ngapak,ADVERTISEMENT SCROLL TO CONTINUE WITH CONTENT
Thoyib 'Ngalap' Berkah Cium Tangan Kiai di Kampanye Ma'ruf,"Jumat, 05 Apr 2019 06:26 WIB",https://www.cnnindonesia.com/nasional/20190404211526-32-383555/thoyib-ngalap-berkah-cium-tangan-kiai-di-kampanye-maruf,ADVERTISEMENT SCROLL TO CONTINUE WITH CONTENT
Megawati Tegaskan Perubahan Tak BIsa Terjadi dalam Sehari,"Jumat, 05 Apr 2019 01:51 WIB",https://www.cnnindonesia.com/nasional/20190405014254-32-383568/megawati-tegaskan-perubahan-tak-bisa-terjadi-dalam-sehari,ADVERTISEMENT SCROLL TO CONTINUE WITH CONTENT
Pengamat Nilai Elektabilitas Jokowi dan Prabowo Sudah Mentok,"Jumat, 05 Apr 2019 01:37 WIB",https://www.cnnindonesia.com/nasional/20190404201852-32-383533/pengamat-nilai-elektabilitas-jokowi-dan-prabowo-sudah-mentok,ADVERTISEMENT SCROLL TO CONTINUE WITH CONTENT
Ma'ruf Janjikan Tol Cigatas Rampung Bila Terpilih di Pilpres,"Jumat, 05 Apr 2019 01:12 WIB",https://www.cnnindonesia.com/nasional/20190405010226-32-383567/maruf-janjikan-tol-cigatas-rampung-bila-terpilih-di-pilpres,ADVERTISEMENT SCROLL TO CONTINUE WITH CONTENT
KPU Polisikan Akun Penyebar 'Hoaks Server Menangkan Jokowi',"Kamis, 04 Apr 2019 23:46 WIB",https://www.cnnindonesia.com/nasional/20190404234209-12-383564/kpu-polisikan-akun-penyebar-hoaks-server-menangkan-jokowi,ADVERTISEMENT SCROLL TO CONTINUE WITH CONTENT
"Megawati: Jangan Tergiur Barang Baru, yang Lama Pun Istimewa","Kamis, 04 Apr 2019 23:34 WIB",https://www.cnnindonesia.com/nasional/20190404215805-32-383558/megawati-jangan-tergiur-barang-baru-yang-lama-pun-istimewa,ADVERTISEMENT SCROLL TO CONTINUE WITH CONTENT
"Kampanye di Garut, Ma'ruf Klaim Keturunan Prabu Siliwangi","Kamis, 04 Apr 2019 22:38 WIB",https://www.cnnindonesia.com/nasional/20190404221027-32-383560/kampanye-di-garut-maruf-klaim-keturunan-prabu-siliwangi,ADVERTISEMENT SCROLL TO CONTINUE WITH CONTENT
Bagus Bawana Didakwa Buat Onar 7 Kontainer Hoax Surat Suara,"Kamis, 04 Apr 2019 20:16 WIB",https://www.cnnindonesia.com/nasional/20190404192023-12-383518/bagus-bawana-didakwa-buat-onar-7-kontainer-hoax-surat-suara,ADVERTISEMENT SCROLL TO CONTINUE WITH CONTENT
"Jokowi Kampanye Mandi Hujan: Basah Kuyup, Semangat Tak Kuncup","Kamis, 04 Apr 2019 20:07 WIB",https://www.cnnindonesia.com/nasional/20190404194312-32-383523/jokowi-kampanye-mandi-hujan-basah-kuyup-semangat-tak-kuncup,ADVERTISEMENT SCROLL TO CONTINUE WITH CONTENT
Mantan Atlet Tuntut Kemajuan Olahraga di Tangan Jokowi-Ma'ruf,"Kamis, 04 Apr 2019 19:53 WIB",https://www.cnnindonesia.com/olahraga/20190404182548-178-383503/mantan-atlet-tuntut-kemajuan-olahraga-di-tangan-jokowi-maruf,ADVERTISEMENT SCROLL TO CONTINUE WITH CONTENT
Jokowi soal Survei Didukung FPI: Alhamdulillah,"Kamis, 04 Apr 2019 19:46 WIB",https://www.cnnindonesia.com/nasional/20190404192302-32-383520/jokowi-soal-survei-didukung-fpi-alhamdulillah,ADVERTISEMENT SCROLL TO CONTINUE WITH CONTENT
Campur Tangan Pindad Menambah Pro Kontra Mobil Esemka,"Kamis, 04 Apr 2019 19:05 WIB",https://www.cnnindonesia.com/otomotif/20190404172549-579-383475/campur-tangan-pindad-menambah-pro-kontra-mobil-esemka,ADVERTISEMENT SCROLL TO CONTINUE WITH CONTENT ADVERTISEMENT SCROLL TO CONTINUE WITH CONTENT
Amplop Luhut Disebut untuk Bantu Kiai Berobat,"Kamis, 04 Apr 2019 18:42 WIB",https://www.cnnindonesia.com/nasional/20190404182542-20-383502/amplop-luhut-disebut-untuk-bantu-kiai-berobat,ADVERTISEMENT SCROLL TO CONTINUE WITH CONTENT
Polda Jatim Dalami Dugaan Ma'ruf Amin Diadang di Pamekasan,"Kamis, 04 Apr 2019 18:39 WIB",https://www.cnnindonesia.com/nasional/20190404170211-12-383474/polda-jatim-dalami-dugaan-maruf-amin-diadang-di-pamekasan,ADVERTISEMENT SCROLL TO CONTINUE WITH CONTENT
"Hujan-hujanan, Jokowi Optimistis Raup 75 Persen di Tegal","Kamis, 04 Apr 2019 18:19 WIB",https://www.cnnindonesia.com/nasional/20190404172728-32-383478/hujan-hujanan-jokowi-optimistis-raup-75-persen-di-tegal,ADVERTISEMENT SCROLL TO CONTINUE WITH CONTENT
Sejumlah Legenda Olahraga Bersatu Dukung Jokowi-Ma'ruf,"Kamis, 04 Apr 2019 16:22 WIB",https://www.cnnindonesia.com/olahraga/20190404161658-178-383427/sejumlah-legenda-olahraga-bersatu-dukung-jokowi-maruf,ADVERTISEMENT SCROLL TO CONTINUE WITH CONTENT
"Didukung Pesantren Kampung, Ma'ruf Yakin Bisa Kuasai Garut","Kamis, 04 Apr 2019 16:17 WIB",https://www.cnnindonesia.com/nasional/20190404150025-32-383422/didukung-pesantren-kampung-maruf-yakin-bisa-kuasai-garut,ADVERTISEMENT SCROLL TO CONTINUE WITH CONTENT
"Video 'Habisi Ahok' Viral, Ma'ruf Yakin Ahokers Tetap Jokowi","Kamis, 04 Apr 2019 14:55 WIB",https://www.cnnindonesia.com/nasional/20190404140702-32-383405/video-habisi-ahok-viral-maruf-yakin-ahokers-tetap-jokowi,ADVERTISEMENT SCROLL TO CONTINUE WITH CONTENT
KPK Koordinasi dengan Bawaslu Usut Cap Jempol Bowo Sidik,"Kamis, 04 Apr 2019 14:16 WIB",https://www.cnnindonesia.com/nasional/20190404133708-12-383396/kpk-koordinasi-dengan-bawaslu-usut-cap-jempol-bowo-sidik,ADVERTISEMENT SCROLL TO CONTINUE WITH CONTENT
Ma'ruf Amin Klarifikasi soal Video 'Ahok Harus Kita Habisi',"Kamis, 04 Apr 2019 13:08 WIB",https://www.cnnindonesia.com/nasional/20190404124356-32-383358/maruf-amin-klarifikasi-soal-video-ahok-harus-kita-habisi,ADVERTISEMENT SCROLL TO CONTINUE WITH CONTENT
"Puan: Sudah Banyak yang Dilakukan Pak Jokowi, Percaya Enggak?","Kamis, 04 Apr 2019 12:26 WIB",https://www.cnnindonesia.com/nasional/20190404120713-32-383349/puan-sudah-banyak-yang-dilakukan-pak-jokowi-percaya-enggak,ADVERTISEMENT SCROLL TO CONTINUE WITH CONTENT
Jokowi: Jangan Sampai Tetangga Belok Pilihan Gara-gara Hoaks,"Kamis, 04 Apr 2019 12:02 WIB",https://www.cnnindonesia.com/nasional/20190404114602-32-383343/jokowi-jangan-sampai-tetangga-belok-pilihan-gara-gara-hoaks,ADVERTISEMENT SCROLL TO CONTINUE WITH CONTENT
Tim Jokowi Sebut Tempel Amplop Kiai Inisiatif Luhut Pribadi,"Kamis, 04 Apr 2019 11:12 WIB",https://www.cnnindonesia.com/nasional/20190404104055-32-383310/tim-jokowi-sebut-tempel-amplop-kiai-inisiatif-luhut-pribadi,ADVERTISEMENT SCROLL TO CONTINUE WITH CONTENT
"Jokowi Kampanye di Banyumas, Prabowo Batal ke Aceh","Kamis, 04 Apr 2019 07:16 WIB",https://www.cnnindonesia.com/nasional/20190404065129-32-383258/jokowi-kampanye-di-banyumas-prabowo-batal-ke-aceh,ADVERTISEMENT SCROLL TO CONTINUE WITH CONTENT
Novel Bamukmin soal Yusril: Belum Tentu Rizieq yang Jawab WA,"Kamis, 04 Apr 2019 07:03 WIB",https://www.cnnindonesia.com/nasional/20190404052129-32-383251/novel-bamukmin-soal-yusril-belum-tentu-rizieq-yang-jawab-wa,ADVERTISEMENT SCROLL TO CONTINUE WITH CONTENT
Hasto Sindir Elektabilitas Prabowo yang Tak Naik Signifikan,"Kamis, 04 Apr 2019 06:41 WIB",https://www.cnnindonesia.com/nasional/20190404062418-32-383253/hasto-sindir-elektabilitas-prabowo-yang-tak-naik-signifikan,ADVERTISEMENT SCROLL TO CONTINUE WITH CONTENT
Demokrat: Jokowi-Ma'ruf Bisa Jatuh Akibat 'Gol Bunuh Diri',"Kamis, 04 Apr 2019 05:42 WIB",https://www.cnnindonesia.com/nasional/20190403201843-32-383216/demokrat-jokowi-maruf-bisa-jatuh-akibat-gol-bunuh-diri,ADVERTISEMENT SCROLL TO CONTINUE WITH CONTENT
Jokowi: Kadang-Kadang Masyarakat Melebihi Politikus,"Rabu, 03 Apr 2019 23:53 WIB",https://www.cnnindonesia.com/nasional/20190403234224-32-383234/jokowi-kadang-kadang-masyarakat-melebihi-politikus,ADVERTISEMENT SCROLL TO CONTINUE WITH CONTENT
Hasto: Rakyat Tak Mau Berjudi Pilih Pemimpin Emosional,"Rabu, 03 Apr 2019 23:07 WIB",https://www.cnnindonesia.com/nasional/20190403230205-32-383232/hasto-rakyat-tak-mau-berjudi-pilih-pemimpin-emosional,ADVERTISEMENT SCROLL TO CONTINUE WITH CONTENT
Survei Indikator: Pemilih Kubu 01 Lebih Solid Dibanding 02,"Rabu, 03 Apr 2019 22:09 WIB",https://www.cnnindonesia.com/nasional/20190403205910-32-383225/survei-indikator-pemilih-kubu-01-lebih-solid-dibanding-02,ADVERTISEMENT SCROLL TO CONTINUE WITH CONTENT
"Jelang Kampanye Akbar, PDIP Safari Politik ke Indramayu","Rabu, 03 Apr 2019 21:16 WIB",https://www.cnnindonesia.com/nasional/20190403210402-32-383226/jelang-kampanye-akbar-pdip-safari-politik-ke-indramayu,ADVERTISEMENT SCROLL TO CONTINUE WITH CONTENT
"Soal Dukungan, Sandiaga Sebut Pengusaha Suka Cari Aman","Rabu, 03 Apr 2019 20:18 WIB",https://www.cnnindonesia.com/nasional/20190403200241-32-383215/soal-dukungan-sandiaga-sebut-pengusaha-suka-cari-aman,ADVERTISEMENT SCROLL TO CONTINUE WITH CONTENT
"Soal Kecurangan Pemilu, TKN Sindir Kader Gerindra di DPR","Rabu, 03 Apr 2019 19:39 WIB",https://www.cnnindonesia.com/nasional/20190403162033-32-383186/soal-kecurangan-pemilu-tkn-sindir-kader-gerindra-di-dpr,ADVERTISEMENT SCROLL TO CONTINUE WITH CONTENT
Survei Indikator: Basis Jokowi-Ma'ruf Tak Sampai 50 Persen,"Rabu, 03 Apr 2019 17:36 WIB",https://www.cnnindonesia.com/nasional/20190403163158-32-383192/survei-indikator-basis-jokowi-maruf-tak-sampai-50-persen,ADVERTISEMENT SCROLL TO CONTINUE WITH CONTENT
Curhat Ma'ruf Jadi Kiai 'Jarum Super' Selama Kampanye Pilpres,"Rabu, 03 Apr 2019 16:50 WIB",https://www.cnnindonesia.com/nasional/20190403160447-32-383191/curhat-maruf-jadi-kiai-jarum-super-selama-kampanye-pilpres,ADVERTISEMENT SCROLL TO CONTINUE WITH CONTENT
Tim Jokowi Duga Pengadangan Ma'ruf di Madura Direncanakan,"Rabu, 03 Apr 2019 16:26 WIB",https://www.cnnindonesia.com/nasional/20190403151114-32-383185/tim-jokowi-duga-pengadangan-maruf-di-madura-direncanakan,ADVERTISEMENT SCROLL TO CONTINUE WITH CONTENT
"Survei Indikator: Jokowi Masih Unggul, Undecided Voters Turun","Rabu, 03 Apr 2019 16:05 WIB",https://www.cnnindonesia.com/nasional/20190403152111-32-383181/survei-indikator-jokowi-masih-unggul-undecided-voters-turun,ADVERTISEMENT SCROLL TO CONTINUE WITH CONTENT
Ma'ruf Amin Janji Teruskan Pembangunan Tol Sampai ke Sukabumi,"Rabu, 03 Apr 2019 14:56 WIB",https://www.cnnindonesia.com/nasional/20190403143318-32-383176/maruf-amin-janji-teruskan-pembangunan-tol-sampai-ke-sukabumi,ADVERTISEMENT SCROLL TO CONTINUE WITH CONTENT
"Respons Hasil Survei, Ma'ruf Genjot Perolehan Suara di Jabar","Rabu, 03 Apr 2019 14:16 WIB",https://www.cnnindonesia.com/nasional/20190403132743-32-383162/respons-hasil-survei-maruf-genjot-perolehan-suara-di-jabar,ADVERTISEMENT SCROLL TO CONTINUE WITH CONTENT
"Azan Zuhur, Ma'ruf Hentikan Pidato Sejenak Sebelum Mengakhiri","Rabu, 03 Apr 2019 13:54 WIB",https://www.cnnindonesia.com/nasional/20190403133609-32-383160/azan-zuhur-maruf-hentikan-pidato-sejenak-sebelum-mengakhiri,ADVERTISEMENT SCROLL TO CONTINUE WITH CONTENT
"Tiba di 'Kandang' Prabowo Sukabumi, Ma'ruf Disambut Drum Band","Rabu, 03 Apr 2019 12:12 WIB",https://www.cnnindonesia.com/nasional/20190403114913-32-383139/tiba-di-kandang-prabowo-sukabumi-maruf-disambut-drum-band,ADVERTISEMENT SCROLL TO CONTINUE WITH CONTENT
"Sandi Ikut Isra Mi'raj di Bogor, Ma'ruf ke Daerah Pertempuran","Rabu, 03 Apr 2019 11:23 WIB",https://www.cnnindonesia.com/nasional/20190403103533-32-383134/sandi-ikut-isra-miraj-di-bogor-maruf-ke-daerah-pertempuran,ADVERTISEMENT SCROLL TO CONTINUE WITH CONTENT
Kenapa Tak Ada Pembahasan Olahraga di Debat Capres?,"Rabu, 03 Apr 2019 08:45 WIB",https://www.cnnindonesia.com/olahraga/20190402140932-178-382890/kenapa-tak-ada-pembahasan-olahraga-di-debat-capres,ADVERTISEMENT SCROLL TO CONTINUE WITH CONTENT
KPU Perbanyak Panelis dari Indonesia Timur saat Debat Kelima,"Rabu, 03 Apr 2019 08:15 WIB",https://www.cnnindonesia.com/nasional/20190402203037-32-383045/kpu-perbanyak-panelis-dari-indonesia-timur-saat-debat-kelima,ADVERTISEMENT SCROLL TO CONTINUE WITH CONTENT
Mendagri Nilai Masa Kampanye Memakan Waktu Terlalu Panjang,"Rabu, 03 Apr 2019 05:02 WIB",https://www.cnnindonesia.com/nasional/20190402203644-32-383043/mendagri-nilai-masa-kampanye-memakan-waktu-terlalu-panjang,ADVERTISEMENT SCROLL TO CONTINUE WITH CONTENT
Survei: Jokowi-Ma'ruf Unggul di Kalangan Pemilih Muhammadiyah,"Rabu, 03 Apr 2019 04:44 WIB",https://www.cnnindonesia.com/nasional/20190403035315-32-383088/survei-jokowi-maruf-unggul-di-kalangan-pemilih-muhammadiyah,ADVERTISEMENT SCROLL TO CONTINUE WITH CONTENT
Jokowi Prediksi Semburan Isu untuk Gerus Suara Makin Marak,"Selasa, 02 Apr 2019 23:43 WIB",https://www.cnnindonesia.com/nasional/20190402232650-32-383076/jokowi-prediksi-semburan-isu-untuk-gerus-suara-makin-marak,ADVERTISEMENT SCROLL TO CONTINUE WITH CONTENT
"FPI: Survei Denny JA Lucu, Jangan-jangan di Planet Mars","Selasa, 02 Apr 2019 21:43 WIB",https://www.cnnindonesia.com/nasional/20190402204249-32-383050/fpi-survei-denny-ja-lucu-jangan-jangan-di-planet-mars,ADVERTISEMENT SCROLL TO CONTINUE WITH CONTENT
"Orasi di Palembang, Jokowi Sindir Pihak yang Remehkan TNI","Selasa, 02 Apr 2019 20:54 WIB",https://www.cnnindonesia.com/nasional/20190402182317-32-383021/orasi-di-palembang-jokowi-sindir-pihak-yang-remehkan-tni,ADVERTISEMENT SCROLL TO CONTINUE WITH CONTENT
KPU Imbau Jokowi-Prabowo Tak Kampanye Akbar Saat Isra Mi'raj,"Selasa, 02 Apr 2019 20:24 WIB",https://www.cnnindonesia.com/nasional/20190402194951-32-383018/kpu-imbau-jokowi-prabowo-tak-kampanye-akbar-saat-isra-miraj,ADVERTISEMENT SCROLL TO CONTINUE WITH CONTENT
"LSI Denny JA: FPI ke Prabowo Tak Mutlak, Terbelah ke Jokowi","Selasa, 02 Apr 2019 19:39 WIB",https://www.cnnindonesia.com/nasional/20190402185427-32-383011/lsi-denny-ja-fpi-ke-prabowo-tak-mutlak-terbelah-ke-jokowi,ADVERTISEMENT SCROLL TO CONTINUE WITH CONTENT
KontraS Sebut Tiap Kubu Sumbang Purnawirawan dengan Kasus HAM,"Selasa, 02 Apr 2019 16:50 WIB",https://www.cnnindonesia.com/nasional/20190402140739-32-382891/kontras-sebut-tiap-kubu-sumbang-purnawirawan-dengan-kasus-ham,ADVERTISEMENT SCROLL TO CONTINUE WITH CONTENT
"Kampanye di NTB, Ma'ruf Banggakan Paslon Nasionalis-Religius","Selasa, 02 Apr 2019 16:32 WIB",https://www.cnnindonesia.com/nasional/20190402134657-32-382887/kampanye-di-ntb-maruf-banggakan-paslon-nasionalis-religius,ADVERTISEMENT SCROLL TO CONTINUE WITH CONTENT
Indo Barometer: Golput Kunci Gagalkan Kemenangan Jokowi,"Selasa, 02 Apr 2019 16:24 WIB",https://www.cnnindonesia.com/nasional/20190402145457-32-382904/indo-barometer-golput-kunci-gagalkan-kemenangan-jokowi,ADVERTISEMENT SCROLL TO CONTINUE WITH CONTENT
"Jatah Menteri, TKN Nilai Hashim Lebih Berkuasa di Gerindra","Selasa, 02 Apr 2019 15:40 WIB",https://www.cnnindonesia.com/nasional/20190402145047-32-382929/jatah-menteri-tkn-nilai-hashim-lebih-berkuasa-di-gerindra,ADVERTISEMENT SCROLL TO CONTINUE WITH CONTENT
Survei LSI Denny JA Sebut Tren Elektabilitas Prabowo Naik,"Selasa, 02 Apr 2019 15:33 WIB",https://www.cnnindonesia.com/nasional/20190402151445-32-382931/survei-lsi-denny-ja-sebut-tren-elektabilitas-prabowo-naik,ADVERTISEMENT SCROLL TO CONTINUE WITH CONTENT
"Survei Indo Barometer: Jokowi 50,8 Persen, Prabowo 32 Persen","Selasa, 02 Apr 2019 14:49 WIB",https://www.cnnindonesia.com/nasional/20190402140520-32-382889/survei-indo-barometer-jokowi-508-persen-prabowo-32-persen,ADVERTISEMENT SCROLL TO CONTINUE WITH CONTENT
Jurkam Jokowi: Jatah Menteri Prabowo Hanya Ilusi Politik,"Selasa, 02 Apr 2019 11:48 WIB",https://www.cnnindonesia.com/nasional/20190402113349-32-382813/jurkam-jokowi-jatah-menteri-prabowo-hanya-ilusi-politik,ADVERTISEMENT SCROLL TO CONTINUE WITH CONTENT
TKN Imbau Rizieq Shihab Tak Sebar Syak Wasangka soal Jokowi,"Selasa, 02 Apr 2019 10:20 WIB",https://www.cnnindonesia.com/nasional/20190402092935-32-382773/tkn-imbau-rizieq-shihab-tak-sebar-syak-wasangka-soal-jokowi,ADVERTISEMENT SCROLL TO CONTINUE WITH CONTENT
PDIP Sebut Ucapan Rizieq Soal Suap TPS di Arab Saudi Fitnah,"Selasa, 02 Apr 2019 09:01 WIB",https://www.cnnindonesia.com/nasional/20190402075904-32-382746/pdip-sebut-ucapan-rizieq-soal-suap-tps-di-arab-saudi-fitnah,ADVERTISEMENT SCROLL TO CONTINUE WITH CONTENT
Klarifikasi Eks Kapolsek Tak Ampuh Kembalikan Citra Polri,"Selasa, 02 Apr 2019 07:51 WIB",https://www.cnnindonesia.com/nasional/20190402064404-12-382730/klarifikasi-eks-kapolsek-tak-ampuh-kembalikan-citra-polri,ADVERTISEMENT SCROLL TO CONTINUE WITH CONTENT
Rombongan Ma'ruf Amin Diadang Massa di Pamekasan,"Selasa, 02 Apr 2019 00:31 WIB",https://www.cnnindonesia.com/nasional/20190402002255-32-382711/rombongan-maruf-amin-diadang-massa-di-pamekasan,ADVERTISEMENT SCROLL TO CONTINUE WITH CONTENT
TKN Sindir Emosi Prabowo di Debat Capres,"Selasa, 02 Apr 2019 00:11 WIB",https://www.cnnindonesia.com/nasional/20190402000358-32-382710/tkn-sindir-emosi-prabowo-di-debat-capres,ADVERTISEMENT SCROLL TO CONTINUE WITH CONTENT
"BPN Pertanyakan KPU soal Perbaikan 17,5 Juta DPT Bermasalah","Senin, 01 Apr 2019 23:48 WIB",https://www.cnnindonesia.com/nasional/20190401234051-32-382709/bpn-pertanyakan-kpu-soal-perbaikan-175-juta-dpt-bermasalah,ADVERTISEMENT SCROLL TO CONTINUE WITH CONTENT
Haris Azhar soal Eks Kapolsek Cabut Pernyataan: Ada Apa Ini?,"Senin, 01 Apr 2019 21:17 WIB",https://www.cnnindonesia.com/nasional/20190401204341-32-382682/haris-azhar-soal-eks-kapolsek-cabut-pernyataan-ada-apa-ini,ADVERTISEMENT SCROLL TO CONTINUE WITH CONTENT
Polda Jabar Bantah Mutasi Sulman Aziz karena Dukung Prabowo,"Senin, 01 Apr 2019 21:01 WIB",https://www.cnnindonesia.com/nasional/20190401200907-32-382676/polda-jabar-bantah-mutasi-sulman-aziz-karena-dukung-prabowo,ADVERTISEMENT SCROLL TO CONTINUE WITH CONTENT
BPN Duga Eks Kapolsek Cabut Pernyataan karena Ditegur Atasan,"Senin, 01 Apr 2019 20:32 WIB",https://www.cnnindonesia.com/nasional/20190401200604-32-382672/bpn-duga-eks-kapolsek-cabut-pernyataan-karena-ditegur-atasan,ADVERTISEMENT SCROLL TO CONTINUE WITH CONTENT
"Mengaku Diminta Dukung Capres, Sulman Kini Sebut Polri Netral","Senin, 01 Apr 2019 20:12 WIB",https://www.cnnindonesia.com/nasional/20190401192005-32-382666/mengaku-diminta-dukung-capres-sulman-kini-sebut-polri-netral,ADVERTISEMENT SCROLL TO CONTINUE WITH CONTENT
Eks Kapolsek Mengaku Emosi saat Sebut Diarahkan Dukung Jokowi,"Senin, 01 Apr 2019 19:10 WIB",https://www.cnnindonesia.com/nasional/20190401184126-32-382658/eks-kapolsek-mengaku-emosi-saat-sebut-diarahkan-dukung-jokowi,ADVERTISEMENT SCROLL TO CONTINUE WITH CONTENT
Jokowi Target Menang Mutlak 85 Persen di Papua,"Senin, 01 Apr 2019 19:03 WIB",https://www.cnnindonesia.com/nasional/20190401185223-32-382657/jokowi-target-menang-mutlak-85-persen-di-papua,ADVERTISEMENT SCROLL TO CONTINUE WITH CONTENT
Prabowo Optimistis Rebut 'Kandang Banteng' dari Jokowi,"Senin, 01 Apr 2019 18:30 WIB",https://www.cnnindonesia.com/nasional/20190401161356-32-382604/prabowo-optimistis-rebut-kandang-banteng-dari-jokowi,ADVERTISEMENT SCROLL TO CONTINUE WITH CONTENT
Eks Kapolsek Cabut Pernyataan soal Diarahkan Dukung Jokowi,"Senin, 01 Apr 2019 17:57 WIB",https://www.cnnindonesia.com/nasional/20190401174146-32-382623/eks-kapolsek-cabut-pernyataan-soal-diarahkan-dukung-jokowi,ADVERTISEMENT SCROLL TO CONTINUE WITH CONTENT
Kapolres Garut Diperiksa Malam-malam soal Dukungan ke Jokowi,"Senin, 01 Apr 2019 17:20 WIB",https://www.cnnindonesia.com/nasional/20190401170803-32-382619/kapolres-garut-diperiksa-malam-malam-soal-dukungan-ke-jokowi,ADVERTISEMENT SCROLL TO CONTINUE WITH CONTENT
Bawaslu Klarifikasi Pengakuan Eks Kapolsek soal Dukung Jokowi,"Senin, 01 Apr 2019 16:31 WIB",https://www.cnnindonesia.com/nasional/20190401153637-32-382598/bawaslu-klarifikasi-pengakuan-eks-kapolsek-soal-dukung-jokowi,ADVERTISEMENT SCROLL TO CONTINUE WITH CONTENT
Rizieq: Menlu Perintahkan Staf KBRI Saudi Menangkan Jokowi,"Senin, 01 Apr 2019 16:23 WIB",https://www.cnnindonesia.com/nasional/20190401153707-32-382600/rizieq-menlu-perintahkan-staf-kbri-saudi-menangkan-jokowi,ADVERTISEMENT SCROLL TO CONTINUE WITH CONTENT
Kemlu Bantah Video Rizieq soal Arahan Menlu Menangkan Jokowi,"Senin, 01 Apr 2019 14:25 WIB",https://www.cnnindonesia.com/internasional/20190401140649-106-382574/kemlu-bantah-video-rizieq-soal-arahan-menlu-menangkan-jokowi,ADVERTISEMENT SCROLL TO CONTINUE WITH CONTENT
DPR Minta Mabes Polri Selidiki Isu Kapolsek Dukung Jokowi,"Senin, 01 Apr 2019 14:01 WIB",https://www.cnnindonesia.com/nasional/20190401134340-32-382560/dpr-minta-mabes-polri-selidiki-isu-kapolsek-dukung-jokowi,ADVERTISEMENT SCROLL TO CONTINUE WITH CONTENT
Ombudsman Duga Ada Malaadministrasi Kapolsek Dukung Jokowi,"Senin, 01 Apr 2019 13:39 WIB",https://www.cnnindonesia.com/nasional/20190401130726-32-382555/ombudsman-duga-ada-malaadministrasi-kapolsek-dukung-jokowi,ADVERTISEMENT SCROLL TO CONTINUE WITH CONTENT
Polri Tak Mau Komentar soal Kapolsek Dikerahkan Dukung Jokowi,"Senin, 01 Apr 2019 13:24 WIB",https://www.cnnindonesia.com/nasional/20190401125345-32-382553/polri-tak-mau-komentar-soal-kapolsek-dikerahkan-dukung-jokowi,ADVERTISEMENT SCROLL TO CONTINUE WITH CONTENT
Tim Jokowi Bantah Minta Bantuan Polisi untuk Galang Dukungan,"Senin, 01 Apr 2019 12:03 WIB",https://www.cnnindonesia.com/nasional/20190401112151-32-382520/tim-jokowi-bantah-minta-bantuan-polisi-untuk-galang-dukungan,ADVERTISEMENT SCROLL TO CONTINUE WITH CONTENT
"Eks Kapolsek Buka-bukaan, Pengamat Duga Ada Motif Sakit Hati","Senin, 01 Apr 2019 09:25 WIB",https://www.cnnindonesia.com/nasional/20190401085659-32-382434/eks-kapolsek-buka-bukaan-pengamat-duga-ada-motif-sakit-hati,ADVERTISEMENT SCROLL TO CONTINUE WITH CONTENT
"Jokowi Kampanye di Papua Barat, Prabowo di 'Kandang Banteng'","Senin, 01 Apr 2019 07:06 WIB",https://www.cnnindonesia.com/nasional/20190401065415-32-382417/jokowi-kampanye-di-papua-barat-prabowo-di-kandang-banteng,ADVERTISEMENT SCROLL TO CONTINUE WITH CONTENT
Demokrat: Prabowo Harus Sikapi Skandal Polisi Rusak Demokrasi,"Senin, 01 Apr 2019 06:33 WIB",https://www.cnnindonesia.com/nasional/20190401062824-32-382413/demokrat-prabowo-harus-sikapi-skandal-polisi-rusak-demokrasi,ADVERTISEMENT SCROLL TO CONTINUE WITH CONTENT
Walkot Semarang Janjikan 75 Persen Suara untuk Jokowi-Ma'ruf,"Senin, 01 Apr 2019 02:12 WIB",https://www.cnnindonesia.com/nasional/20190331212229-32-382387/walkot-semarang-janjikan-75-persen-suara-untuk-jokowi-maruf,ADVERTISEMENT SCROLL TO CONTINUE WITH CONTENT
Kapolres Garut Buka Suara soal Isu Galang Dukungan ke Jokowi,"Minggu, 31 Mar 2019 22:58 WIB",https://www.cnnindonesia.com/nasional/20190331225255-20-382394/kapolres-garut-buka-suara-soal-isu-galang-dukungan-ke-jokowi,ADVERTISEMENT SCROLL TO CONTINUE WITH CONTENT
Andi Widjajanto Klaim Jokowi Lebih Paham TNI daripada Prabowo,"Minggu, 31 Mar 2019 22:24 WIB",https://www.cnnindonesia.com/nasional/20190331134321-32-382274/andi-widjajanto-klaim-jokowi-lebih-paham-tni-daripada-prabowo,ADVERTISEMENT SCROLL TO CONTINUE WITH CONTENT
Ma'ruf Yakin KPU Netral: Kalau Curang Dikutuk oleh Bangsa Ini,"Minggu, 31 Mar 2019 19:27 WIB",https://www.cnnindonesia.com/nasional/20190331143957-32-382278/maruf-yakin-kpu-netral-kalau-curang-dikutuk-oleh-bangsa-ini,ADVERTISEMENT SCROLL TO CONTINUE WITH CONTENT
Eks Kapolsek: Jangan Jadikan Kami Alat Merebut Kekuasaan,"Minggu, 31 Mar 2019 18:27 WIB",https://www.cnnindonesia.com/nasional/20190331180519-32-382331/eks-kapolsek-jangan-jadikan-kami-alat-merebut-kekuasaan,ADVERTISEMENT SCROLL TO CONTINUE WITH CONTENT
"Pengakuan Eks Kapolsek, Diancam hingga Dituduh Dukung Prabowo","Minggu, 31 Mar 2019 18:18 WIB",https://www.cnnindonesia.com/nasional/20190331180127-32-382328/pengakuan-eks-kapolsek-diancam-hingga-dituduh-dukung-prabowo,ADVERTISEMENT SCROLL TO CONTINUE WITH CONTENT
Polda Jabar Bantah Pengakuan Kapolsek Galang Dukungan Jokowi,"Minggu, 31 Mar 2019 18:01 WIB",https://www.cnnindonesia.com/nasional/20190331175200-32-382326/polda-jabar-bantah-pengakuan-kapolsek-galang-dukungan-jokowi,ADVERTISEMENT SCROLL TO CONTINUE WITH CONTENT
Eks Kapolsek: 27 Tahun jadi Polisi Baru Kali Ini Berpihak,"Minggu, 31 Mar 2019 17:30 WIB",https://www.cnnindonesia.com/nasional/20190331165519-32-382317/eks-kapolsek-27-tahun-jadi-polisi-baru-kali-ini-berpihak,ADVERTISEMENT SCROLL TO CONTINUE WITH CONTENT
Kapolsek Mengaku Diarahkan Kapolres Galang Dukungan ke Jokowi,"Minggu, 31 Mar 2019 17:01 WIB",https://www.cnnindonesia.com/nasional/20190331164443-32-382305/kapolsek-mengaku-diarahkan-kapolres-galang-dukungan-ke-jokowi,ADVERTISEMENT SCROLL TO CONTINUE WITH CONTENT
Zulhas Sebut Jawa Timur adalah Kunci Kemenangan Prabowo-Sandi,"Minggu, 31 Mar 2019 16:35 WIB",https://www.cnnindonesia.com/nasional/20190331160038-32-382303/zulhas-sebut-jawa-timur-adalah-kunci-kemenangan-prabowo-sandi,ADVERTISEMENT SCROLL TO CONTINUE WITH CONTENT
Ma'ruf Amin Patok Target Menang 60 Persen di DKI Jakarta,"Minggu, 31 Mar 2019 15:41 WIB",https://www.cnnindonesia.com/nasional/20190331152903-32-382285/maruf-amin-patok-target-menang-60-persen-di-dki-jakarta,ADVERTISEMENT SCROLL TO CONTINUE WITH CONTENT
Ma'ruf Amin: Pertahanan Kita Belum Super,"Minggu, 31 Mar 2019 13:14 WIB",https://www.cnnindonesia.com/nasional/20190331125503-32-382246/maruf-amin-pertahanan-kita-belum-super,ADVERTISEMENT SCROLL TO CONTINUE WITH CONTENT
Salah Taktik Jokowi dan Narasi Usang Prabowo,"Minggu, 31 Mar 2019 12:07 WIB",https://www.cnnindonesia.com/nasional/20190331015059-32-382183/salah-taktik-jokowi-dan-narasi-usang-prabowo,ADVERTISEMENT SCROLL TO CONTINUE WITH CONTENT
"Survei: Jokowi Lebih Tenang, Prabowo Terlalu Emosional","Minggu, 31 Mar 2019 10:27 WIB",https://www.cnnindonesia.com/nasional/20190331095001-32-382211/survei-jokowi-lebih-tenang-prabowo-terlalu-emosional,ADVERTISEMENT SCROLL TO CONTINUE WITH CONTENT
"Probowo Kritik Jual Beli Jabatan, TKN Sindir soal La Nyalla","Minggu, 31 Mar 2019 09:26 WIB",https://www.cnnindonesia.com/nasional/20190331085521-32-382209/probowo-kritik-jual-beli-jabatan-tkn-sindir-soal-la-nyalla,ADVERTISEMENT SCROLL TO CONTINUE WITH CONTENT
Luhut Imbau Pilih 01 atau 02 tapi Tidak Berdasarkan Hoaks,"Minggu, 31 Mar 2019 08:25 WIB",https://www.cnnindonesia.com/nasional/20190331074826-32-382207/luhut-imbau-pilih-01-atau-02-tapi-tidak-berdasarkan-hoaks,ADVERTISEMENT SCROLL TO CONTINUE WITH CONTENT
"Moeldoko: Jokowi Diteriaki Saja Tak Dengar, Apalagi Dibisiki","Minggu, 31 Mar 2019 04:28 WIB",https://www.cnnindonesia.com/nasional/20190331015730-32-382184/moeldoko-jokowi-diteriaki-saja-tak-dengar-apalagi-dibisiki,ADVERTISEMENT SCROLL TO CONTINUE WITH CONTENT
Sandiaga Apresiasi Pernyataan Penutup Dua Capres dalam Debat,"Minggu, 31 Mar 2019 02:49 WIB",https://www.cnnindonesia.com/nasional/20190331023900-32-382186/sandiaga-apresiasi-pernyataan-penutup-dua-capres-dalam-debat,ADVERTISEMENT SCROLL TO CONTINUE WITH CONTENT
Nihil Kampanye di Pernyataan Penutup Debat Jokowi - Prabowo,"Sabtu, 30 Mar 2019 23:12 WIB",https://www.cnnindonesia.com/nasional/20190330230448-32-382146/nihil-kampanye-di-pernyataan-penutup-debat-jokowi-prabowo,ADVERTISEMENT SCROLL TO CONTINUE WITH CONTENT
"Debat Berakhir, Jokowi dan Prabowo Janji Jaga Persahabatan","Sabtu, 30 Mar 2019 23:01 WIB",https://www.cnnindonesia.com/nasional/20190330224606-32-382144/debat-berakhir-jokowi-dan-prabowo-janji-jaga-persahabatan,ADVERTISEMENT SCROLL TO CONTINUE WITH CONTENT
Ma'ruf Amin: Pendukung Khilafah Ada di SebelahSono,"Sabtu, 30 Mar 2019 19:34 WIB",https://www.cnnindonesia.com/nasional/20190330192330-32-382049/maruf-amin-pendukung-khilafah-ada-di-sebelah-sono,ADVERTISEMENT SCROLL TO CONTINUE WITH CONTENT
Mardani 'Bela' Jokowi Soal Amplop Jempol Serangan Fajar,"Sabtu, 30 Mar 2019 19:16 WIB",https://www.cnnindonesia.com/nasional/20190330133149-32-381980/mardani-bela-jokowi-soal-amplop-jempol-serangan-fajar,ADVERTISEMENT SCROLL TO CONTINUE WITH CONTENT
Erick: Thanos dan Winter is Coming Bukti Jokowi Dikenal Dunia,"Sabtu, 30 Mar 2019 19:02 WIB",https://www.cnnindonesia.com/nasional/20190330183213-32-382045/erick-thanos-dan-winter-is-coming-bukti-jokowi-dikenal-dunia,ADVERTISEMENT SCROLL TO CONTINUE WITH CONTENT
"Jelang Debat, Ruhut Sebut 1.000 Jenderal Dukung Jokowi","Sabtu, 30 Mar 2019 18:17 WIB",https://www.cnnindonesia.com/nasional/20190330174126-32-382038/jelang-debat-ruhut-sebut-1000-jenderal-dukung-jokowi,ADVERTISEMENT SCROLL TO CONTINUE WITH CONTENT
Ma'ruf Amin: NKRI Harga Mati untuk Santri,"Sabtu, 30 Mar 2019 18:10 WIB",https://www.cnnindonesia.com/nasional/20190330170140-20-382034/maruf-amin-nkri-harga-mati-untuk-santri,ADVERTISEMENT SCROLL TO CONTINUE WITH CONTENT
"Pilih Jempol Bukan Telunjuk, Tim Jokowi Dituding Anti Tauhid","Sabtu, 30 Mar 2019 18:04 WIB",https://www.cnnindonesia.com/nasional/20190330141738-32-381987/pilih-jempol-bukan-telunjuk-tim-jokowi-dituding-anti-tauhid,ADVERTISEMENT SCROLL TO CONTINUE WITH CONTENT
Rizal Ramli Sebut UU ITE Lebih Kejam dari Pasal Era Kolonial,"Sabtu, 30 Mar 2019 17:54 WIB",https://www.cnnindonesia.com/nasional/20190330163710-12-382027/rizal-ramli-sebut-uu-ite-lebih-kejam-dari-pasal-era-kolonial,ADVERTISEMENT SCROLL TO CONTINUE WITH CONTENT
"Jelang Debat, Ma'ruf Sebut Jokowi Sudah Kuasai Masalah","Sabtu, 30 Mar 2019 17:27 WIB",https://www.cnnindonesia.com/nasional/20190330171713-32-382032/jelang-debat-maruf-sebut-jokowi-sudah-kuasai-masalah,ADVERTISEMENT SCROLL TO CONTINUE WITH CONTENT
Ma'ruf Amin Sebut Ajakan Prabowo Lebaran di TPS Tak Tepat,"Sabtu, 30 Mar 2019 16:47 WIB",https://www.cnnindonesia.com/nasional/20190330130616-32-381981/maruf-amin-sebut-ajakan-prabowo-lebaran-di-tps-tak-tepat,ADVERTISEMENT SCROLL TO CONTINUE WITH CONTENT
Luhut soal Prabowo Pamer Calon Menteri: Suka-suka Mereka,"Sabtu, 30 Mar 2019 15:23 WIB",https://www.cnnindonesia.com/nasional/20190330092656-32-381954/luhut-soal-prabowo-pamer-calon-menteri-suka-suka-mereka,ADVERTISEMENT SCROLL TO CONTINUE WITH CONTENT
Jadwal Debat Capres Keempat Pilpres 2019: Jokowi vs Prabowo,"Sabtu, 30 Mar 2019 15:21 WIB",https://www.cnnindonesia.com/nasional/20190330151408-37-381995/jadwal-debat-capres-keempat-pilpres-2019-jokowi-vs-prabowo,ADVERTISEMENT SCROLL TO CONTINUE WITH CONTENT
Ma'ruf Amin Dukung Putusan MK soal Suket untuk Kurangi Golput,"Sabtu, 30 Mar 2019 15:12 WIB",https://www.cnnindonesia.com/nasional/20190330125445-32-381983/maruf-amin-dukung-putusan-mk-soal-suket-untuk-kurangi-golput,ADVERTISEMENT SCROLL TO CONTINUE WITH CONTENT
Meneropong Peran RI di Dunia Lewat Debat Pilpres,"Sabtu, 30 Mar 2019 14:11 WIB",https://www.cnnindonesia.com/internasional/20190329172951-106-381850/meneropong-peran-ri-di-dunia-lewat-debat-pilpres,ADVERTISEMENT SCROLL TO CONTINUE WITH CONTENT
Strategi Pasukan Digital Pasangan Capres-Cawapres,"Sabtu, 30 Mar 2019 13:35 WIB",https://www.cnnindonesia.com/teknologi/20190330125843-192-381977/strategi-pasukan-digital-pasangan-capres-cawapres,ADVERTISEMENT SCROLL TO CONTINUE WITH CONTENT
Ma'ruf Amin Ajak Maudy Koesnaedi dan Olga Lydia Sarapan,"Sabtu, 30 Mar 2019 11:06 WIB",https://www.cnnindonesia.com/nasional/20190330105856-20-381959/maruf-amin-ajak-maudy-koesnaedi-dan-olga-lydia-sarapan,ADVERTISEMENT SCROLL TO CONTINUE WITH CONTENT
"PKS Akan Tagih Janji Prabowo, PDIP Tekankan Politik Putih","Sabtu, 30 Mar 2019 04:43 WIB",https://www.cnnindonesia.com/nasional/20190329201614-32-381899/pks-akan-tagih-janji-prabowo-pdip-tekankan-politik-putih,ADVERTISEMENT SCROLL TO CONTINUE WITH CONTENT
Ma'ruf Amin Yakin Jokowi Dominasi Debat Capres Keempat,"Sabtu, 30 Mar 2019 03:19 WIB",https://www.cnnindonesia.com/nasional/20190329222226-32-381929/maruf-amin-yakin-jokowi-dominasi-debat-capres-keempat,ADVERTISEMENT SCROLL TO CONTINUE WITH CONTENT
Ma'ruf Amin Minta Emak-emak Tak Berantem karena Pilpres,"Sabtu, 30 Mar 2019 01:09 WIB",https://www.cnnindonesia.com/nasional/20190330003721-32-381933/maruf-amin-minta-emak-emak-tak-berantem-karena-pilpres,ADVERTISEMENT SCROLL TO CONTINUE WITH CONTENT
Prabowo Soal Larang Tahlil dan Dukung Radikalisme: Itu Fitnah,"Jumat, 29 Mar 2019 23:28 WIB",https://www.cnnindonesia.com/nasional/20190329183721-32-381872/prabowo-soal-larang-tahlil-dan-dukung-radikalisme-itu-fitnah,ADVERTISEMENT SCROLL TO CONTINUE WITH CONTENT
Erick Thohir Tak Mau Jadi Menteri Walau Jokowi Terpilih Lagi,"Jumat, 29 Mar 2019 22:16 WIB",https://www.cnnindonesia.com/nasional/20190329220038-32-381926/erick-thohir-tak-mau-jadi-menteri-walau-jokowi-terpilih-lagi,ADVERTISEMENT SCROLL TO CONTINUE WITH CONTENT
Prabowo Sindir Politikus Lupa Balas Budi Usai Jadi Wali Kota,"Jumat, 29 Mar 2019 22:00 WIB",https://www.cnnindonesia.com/nasional/20190329213539-32-381918/prabowo-sindir-politikus-lupa-balas-budi-usai-jadi-wali-kota,ADVERTISEMENT SCROLL TO CONTINUE WITH CONTENT
Sandiaga Tidak Akan Dampingi Prabowo di Debat Capres Keempat,"Jumat, 29 Mar 2019 21:37 WIB",https://www.cnnindonesia.com/nasional/20190329203659-32-381902/sandiaga-tidak-akan-dampingi-prabowo-di-debat-capres-keempat,ADVERTISEMENT SCROLL TO CONTINUE WITH CONTENT
Ma'ruf Amin dan Erick Thohir Sindir Calon Menteri Prabowo,"Jumat, 29 Mar 2019 21:17 WIB",https://www.cnnindonesia.com/nasional/20190329204603-32-381910/maruf-amin-dan-erick-thohir-sindir-calon-menteri-prabowo,ADVERTISEMENT SCROLL TO CONTINUE WITH CONTENT
KPU Sebut Hoaks Jadi Strategi Kampanye Tim Jokowi dan Prabowo,"Jumat, 29 Mar 2019 19:40 WIB",https://www.cnnindonesia.com/nasional/20190329190049-32-381880/kpu-sebut-hoaks-jadi-strategi-kampanye-tim-jokowi-dan-prabowo,ADVERTISEMENT SCROLL TO CONTINUE WITH CONTENT
Polri Usut Isu Grup Whatsapp Kerahkan Kapolsek Dukung Jokowi,"Jumat, 29 Mar 2019 19:29 WIB",https://www.cnnindonesia.com/nasional/20190329180713-12-381869/polri-usut-isu-grup-whatsapp-kerahkan-kapolsek-dukung-jokowi,ADVERTISEMENT SCROLL TO CONTINUE WITH CONTENT
"Ma'ruf: Indonesia Bukan Dinosaurus, Tidak Akan Punah","Jumat, 29 Mar 2019 19:12 WIB",https://www.cnnindonesia.com/nasional/20190329185346-32-381875/maruf-indonesia-bukan-dinosaurus-tidak-akan-punah,ADVERTISEMENT SCROLL TO CONTINUE WITH CONTENT
Golkar Klaim Serangan Fajar Bowo Sidik Tak Terkait Tim Jokowi,"Jumat, 29 Mar 2019 19:00 WIB",https://www.cnnindonesia.com/nasional/20190329175358-32-381873/golkar-klaim-serangan-fajar-bowo-sidik-tak-terkait-tim-jokowi,ADVERTISEMENT SCROLL TO CONTINUE WITH CONTENT
"Gunakan Bahasa Arab, Prabowo Sapa Stasiun TV Al Jazeera","Jumat, 29 Mar 2019 17:14 WIB",https://www.cnnindonesia.com/nasional/20190329164734-32-381837/gunakan-bahasa-arab-prabowo-sapa-stasiun-tv-al-jazeera,ADVERTISEMENT SCROLL TO CONTINUE WITH CONTENT
Ma'ruf Amin Ibaratkan Ulama Seperti Daun Salam dalam Masakan,"Jumat, 29 Mar 2019 15:51 WIB",https://www.cnnindonesia.com/nasional/20190329141328-32-381791/maruf-amin-ibaratkan-ulama-seperti-daun-salam-dalam-masakan,ADVERTISEMENT SCROLL TO CONTINUE WITH CONTENT
Caleg Gerindra Andre Rosiade Laporkan Metro TV ke Dewan Pers,"Jumat, 29 Mar 2019 14:23 WIB",https://www.cnnindonesia.com/nasional/20190329135143-32-381777/caleg-gerindra-andre-rosiade-laporkan-metro-tv-ke-dewan-pers,ADVERTISEMENT SCROLL TO CONTINUE WITH CONTENT
Jokowi Tak Gelar Simulasi Jelang Debat Lawan Prabowo,"Jumat, 29 Mar 2019 13:50 WIB",https://www.cnnindonesia.com/nasional/20190329132253-32-381763/jokowi-tak-gelar-simulasi-jelang-debat-lawan-prabowo,ADVERTISEMENT SCROLL TO CONTINUE WITH CONTENT
"Didukung Mahasiswa Palembang, Ma'ruf Janjikan Pembangunan SDM","Jumat, 29 Mar 2019 13:38 WIB",https://www.cnnindonesia.com/nasional/20190329130354-32-381764/didukung-mahasiswa-palembang-maruf-janjikan-pembangunan-sdm,ADVERTISEMENT SCROLL TO CONTINUE WITH CONTENT
Dahnil Sindir KPK yang Enggan Buka Amplop Serangan Fajar Bowo,"Jumat, 29 Mar 2019 12:32 WIB",https://www.cnnindonesia.com/nasional/20190329114955-12-381738/dahnil-sindir-kpk-yang-enggan-buka-amplop-serangan-fajar-bowo,ADVERTISEMENT SCROLL TO CONTINUE WITH CONTENT
KPK Sebut Tak Ada Cap Jempol di Amplop 'Serangan Fajar' Bowo,"Jumat, 29 Mar 2019 11:55 WIB",https://www.cnnindonesia.com/nasional/20190329113518-12-381731/kpk-sebut-tak-ada-cap-jempol-di-amplop-serangan-fajar-bowo,ADVERTISEMENT SCROLL TO CONTINUE WITH CONTENT
TKN Tuding Prabowo Lakukan Politik Dagang Sapi soal Menteri,"Jumat, 29 Mar 2019 09:55 WIB",https://www.cnnindonesia.com/nasional/20190329081704-32-381701/tkn-tuding-prabowo-lakukan-politik-dagang-sapi-soal-menteri,ADVERTISEMENT SCROLL TO CONTINUE WITH CONTENT
"Jokowi Persiapan Debat, Prabowo Kampanye di Karawang-Cibinong","Jumat, 29 Mar 2019 07:37 WIB",https://www.cnnindonesia.com/nasional/20190329070509-32-381671/jokowi-persiapan-debat-prabowo-kampanye-di-karawang-cibinong,ADVERTISEMENT SCROLL TO CONTINUE WITH CONTENT
CSIS: Jokowi Ungguli Prabowo di Jawa Barat-Banten dan Jakarta,"Kamis, 28 Mar 2019 21:26 WIB",https://www.cnnindonesia.com/nasional/20190328201912-32-381619/csis-jokowi-ungguli-prabowo-di-jawa-barat-banten-dan-jakarta,ADVERTISEMENT SCROLL TO CONTINUE WITH CONTENT
Bawaslu Kaji Dugaan Aksi Putih di TPS Langgar Asas Rahasia,"Kamis, 28 Mar 2019 20:00 WIB",https://www.cnnindonesia.com/nasional/20190328193753-32-381599/bawaslu-kaji-dugaan-aksi-putih-di-tps-langgar-asas-rahasia,ADVERTISEMENT SCROLL TO CONTINUE WITH CONTENT
Survei CSIS: Mayoritas Lulusan SD dan SMP Pilih Jokowi-Ma'ruf,"Kamis, 28 Mar 2019 17:04 WIB",https://www.cnnindonesia.com/nasional/20190328135710-32-381482/survei-csis-mayoritas-lulusan-sd-dan-smp-pilih-jokowi-maruf,ADVERTISEMENT SCROLL TO CONTINUE WITH CONTENT
Peneliti: Netizen 'Serang' Janji Jokowi di 3 Bulan Terakhir,"Kamis, 28 Mar 2019 16:47 WIB",https://www.cnnindonesia.com/teknologi/20190328163619-192-381510/peneliti-netizen-serang-janji-jokowi-di-3-bulan-terakhir,ADVERTISEMENT SCROLL TO CONTINUE WITH CONTENT
"Survei CSIS: Jokowi-Ma'ruf Unggul 18,1 Persen dari Prabowo","Kamis, 28 Mar 2019 12:30 WIB",https://www.cnnindonesia.com/nasional/20190328121645-32-381408/survei-csis-jokowi-maruf-unggul-181-persen-dari-prabowo,ADVERTISEMENT SCROLL TO CONTINUE WITH CONTENT
TKN Respons Rocky Gerung soal Sebut Jokowi Bikin Hoaks Esemka,"Kamis, 28 Mar 2019 10:22 WIB",https://www.cnnindonesia.com/nasional/20190328094359-32-381370/tkn-respons-rocky-gerung-soal-sebut-jokowi-bikin-hoaks-esemka,ADVERTISEMENT SCROLL TO CONTINUE WITH CONTENT
"Prabowo Gelar Kampanye Akbar di GBK 7 April, Jokowi 13 April","Kamis, 28 Mar 2019 09:36 WIB",https://www.cnnindonesia.com/nasional/20190327210500-32-381296/prabowo-gelar-kampanye-akbar-di-gbk-7-april-jokowi-13-april,ADVERTISEMENT SCROLL TO CONTINUE WITH CONTENT
"Respons Wiranto, KPU Sebut Golput Tak Perlu Kena UU Teroris","Kamis, 28 Mar 2019 09:04 WIB",https://www.cnnindonesia.com/nasional/20190328083912-32-381357/respons-wiranto-kpu-sebut-golput-tak-perlu-kena-uu-teroris,ADVERTISEMENT SCROLL TO CONTINUE WITH CONTENT
TKN Sebut Jokowi Siap Debat soal Ideologi dan Penguatannya,"Kamis, 28 Mar 2019 08:35 WIB",https://www.cnnindonesia.com/nasional/20190328073124-32-381342/tkn-sebut-jokowi-siap-debat-soal-ideologi-dan-penguatannya,ADVERTISEMENT SCROLL TO CONTINUE WITH CONTENT
"Jokowi di Balikpapan, Prabowo 'Duet' dengan AHY di Bandung","Kamis, 28 Mar 2019 06:34 WIB",https://www.cnnindonesia.com/nasional/20190328061528-32-381333/jokowi-di-balikpapan-prabowo-duet-dengan-ahy-di-bandung,ADVERTISEMENT SCROLL TO CONTINUE WITH CONTENT
Tim Kampaye Laporkan Penyebar Fitnah Jokowi ke Polda Jabar,"Kamis, 28 Mar 2019 05:45 WIB",https://www.cnnindonesia.com/nasional/20190327212710-32-381316/tim-kampaye-laporkan-penyebar-fitnah-jokowi-ke-polda-jabar,ADVERTISEMENT SCROLL TO CONTINUE WITH CONTENT
Tim Jokowi Nilai Mustahil Polri Data Kekuatan Dukungan Capres,"Kamis, 28 Mar 2019 04:23 WIB",https://www.cnnindonesia.com/nasional/20190327211943-32-381301/tim-jokowi-nilai-mustahil-polri-data-kekuatan-dukungan-capres,ADVERTISEMENT SCROLL TO CONTINUE WITH CONTENT
Jadwal Debat Capres Keempat di Pilpres 2019,"Rabu, 27 Mar 2019 20:52 WIB",https://www.cnnindonesia.com/nasional/20190327203256-37-381291/jadwal-debat-capres-keempat-di-pilpres-2019,ADVERTISEMENT SCROLL TO CONTINUE WITH CONTENT
"Jokowi Sebut Jas Pakaian Eropa, BPN Singgung PP Pakaian Resmi","Rabu, 27 Mar 2019 19:44 WIB",https://www.cnnindonesia.com/nasional/20190327191140-32-381260/jokowi-sebut-jas-pakaian-eropa-bpn-singgung-pp-pakaian-resmi,ADVERTISEMENT SCROLL TO CONTINUE WITH CONTENT
Ambisi Jokowi di Balik Usaha Menekan Golput Pilpres 2019,"Rabu, 27 Mar 2019 18:46 WIB",https://www.cnnindonesia.com/nasional/20190327162301-32-381188/ambisi-jokowi-di-balik-usaha-menekan-golput-pilpres-2019,ADVERTISEMENT SCROLL TO CONTINUE WITH CONTENT
"MUI: Tak Ada Kata Haram Golput, Tapi Wajib Memilih","Rabu, 27 Mar 2019 18:35 WIB",https://www.cnnindonesia.com/nasional/20190327172754-32-381240/mui-tak-ada-kata-haram-golput-tapi-wajib-memilih,ADVERTISEMENT SCROLL TO CONTINUE WITH CONTENT
Rocky Sebut Jokowi Terancam UU Terorisme soal Hoaks Esemka,"Rabu, 27 Mar 2019 18:23 WIB",https://www.cnnindonesia.com/nasional/20190327133310-32-381149/rocky-sebut-jokowi-terancam-uu-terorisme-soal-hoaks-esemka,ADVERTISEMENT SCROLL TO CONTINUE WITH CONTENT
KPU Persilakan Aksi Putihkan TPS Asal Tak Berkampanye,"Rabu, 27 Mar 2019 17:43 WIB",https://www.cnnindonesia.com/nasional/20190327163242-32-381190/kpu-persilakan-aksi-putihkan-tps-asal-tak-berkampanye,ADVERTISEMENT SCROLL TO CONTINUE WITH CONTENT
TKN Klaim Jokowi Sudah Dijuluki 'Si Putih' Sejak 2014,"Rabu, 27 Mar 2019 15:25 WIB",https://www.cnnindonesia.com/nasional/20190327142004-32-381150/tkn-klaim-jokowi-sudah-dijuluki-si-putih-sejak-2014,ADVERTISEMENT SCROLL TO CONTINUE WITH CONTENT
Wiranto Sebut Jokowi Bukan Dewa yang Bisa Larang Azan,"Rabu, 27 Mar 2019 15:17 WIB",https://www.cnnindonesia.com/nasional/20190327144119-32-381157/wiranto-sebut-jokowi-bukan-dewa-yang-bisa-larang-azan,ADVERTISEMENT SCROLL TO CONTINUE WITH CONTENT
Polisi: Aksi Putih Intimidasi Pemilih untuk Tak ke TPS,"Rabu, 27 Mar 2019 14:57 WIB",https://www.cnnindonesia.com/nasional/20190327132345-32-381131/polisi-aksi-putih-intimidasi-pemilih-untuk-tak-ke-tps,ADVERTISEMENT SCROLL TO CONTINUE WITH CONTENT
Seruan Baju Putih dan Upaya Jokowi Merebut Suara Muslim,"Rabu, 27 Mar 2019 14:23 WIB",https://www.cnnindonesia.com/nasional/20190327135146-32-381139/seruan-baju-putih-dan-upaya-jokowi-merebut-suara-muslim,ADVERTISEMENT SCROLL TO CONTINUE WITH CONTENT
Fadli Zon Sebut Metodologi Lembaga Survei di Indonesia Kuno,"Rabu, 27 Mar 2019 13:16 WIB",https://www.cnnindonesia.com/nasional/20190327113351-32-381081/fadli-zon-sebut-metodologi-lembaga-survei-di-indonesia-kuno,ADVERTISEMENT SCROLL TO CONTINUE WITH CONTENT
TKN Nilai Pernyataan Amien Rais soal Genderuwo Imajinatif,"Rabu, 27 Mar 2019 13:07 WIB",https://www.cnnindonesia.com/nasional/20190327125226-32-381122/tkn-nilai-pernyataan-amien-rais-soal-genderuwo-imajinatif,ADVERTISEMENT SCROLL TO CONTINUE WITH CONTENT
Jurkamnas BPN soal Putihkan TPS: Jokowi Jiplak dan Miskin Ide,"Rabu, 27 Mar 2019 11:25 WIB",https://www.cnnindonesia.com/nasional/20190327110358-32-381064/jurkamnas-bpn-soal-putihkan-tps-jokowi-jiplak-dan-miskin-ide,ADVERTISEMENT SCROLL TO CONTINUE WITH CONTENT
BPN Prabowo Sebut Survei Sejumlah Lembaga Patut Dicurigai,"Rabu, 27 Mar 2019 08:22 WIB",https://www.cnnindonesia.com/nasional/20190327080848-32-381006/bpn-prabowo-sebut-survei-sejumlah-lembaga-patut-dicurigai,ADVERTISEMENT SCROLL TO CONTINUE WITH CONTENT
"Jokowi Kampanye ke Kalimantan, Sandiaga Terbang ke Papua","Rabu, 27 Mar 2019 07:48 WIB",https://www.cnnindonesia.com/nasional/20190327073325-32-381003/jokowi-kampanye-ke-kalimantan-sandiaga-terbang-ke-papua,ADVERTISEMENT SCROLL TO CONTINUE WITH CONTENT
Ideologi Bapakisme Jokowi di Iklan Kampanye Pilpres 2019,"Rabu, 27 Mar 2019 06:31 WIB",https://www.cnnindonesia.com/nasional/20190326174230-32-380895/ideologi-bapakisme-jokowi-di-iklan-kampanye-pilpres-2019,ADVERTISEMENT SCROLL TO CONTINUE WITH CONTENT
JK Yakin Menteri Ikut Jokowi Kampanye Tak Ganggu Kinerja,"Rabu, 27 Mar 2019 04:45 WIB",https://www.cnnindonesia.com/nasional/20190326173739-32-380889/jk-yakin-menteri-ikut-jokowi-kampanye-tak-ganggu-kinerja,ADVERTISEMENT SCROLL TO CONTINUE WITH CONTENT
Mendagri Minta Pemda Ajak Warga Supaya Tak 'Golput',"Rabu, 27 Mar 2019 04:08 WIB",https://www.cnnindonesia.com/nasional/20190326133213-32-380772/mendagri-minta-pemda-ajak-warga-supaya-tak-golput,ADVERTISEMENT SCROLL TO CONTINUE WITH CONTENT
"Ungkit Fatwa MUI, Ma'ruf Sebut Ada yang Ingin Golput Marak","Selasa, 26 Mar 2019 21:47 WIB",https://www.cnnindonesia.com/nasional/20190326205947-32-380966/ungkit-fatwa-mui-maruf-sebut-ada-yang-ingin-golput-marak,ADVERTISEMENT SCROLL TO CONTINUE WITH CONTENT
"Prabowo: Kalau Difitnah, Kita Joget Saja","Selasa, 26 Mar 2019 19:08 WIB",https://www.cnnindonesia.com/nasional/20190326184347-32-380918/prabowo-kalau-difitnah-kita-joget-saja,ADVERTISEMENT SCROLL TO CONTINUE WITH CONTENT
Yenny Wahid: Karakter Jokowi Ingatkan Saya pada Gus Dur,"Selasa, 26 Mar 2019 19:03 WIB",https://www.cnnindonesia.com/nasional/20190326184420-32-380919/yenny-wahid-karakter-jokowi-ingatkan-saya-pada-gus-dur,ADVERTISEMENT SCROLL TO CONTINUE WITH CONTENT
Bendera Tauhid di Kampanye Prabowo Dicap Langgar UU Pemilu,"Selasa, 26 Mar 2019 17:09 WIB",https://www.cnnindonesia.com/nasional/20190326165306-32-380881/bendera-tauhid-di-kampanye-prabowo-dicap-langgar-uu-pemilu,ADVERTISEMENT SCROLL TO CONTINUE WITH CONTENT
JK Ingatkan Jokowi Tak Buat Kesalahan Jelang Pencoblosan,"Selasa, 26 Mar 2019 16:59 WIB",https://www.cnnindonesia.com/nasional/20190326155141-32-380853/jk-ingatkan-jokowi-tak-buat-kesalahan-jelang-pencoblosan,ADVERTISEMENT SCROLL TO CONTINUE WITH CONTENT
Menteri Desa Langgar Aturan Kampanye Bareng Jokowi,"Selasa, 26 Mar 2019 16:40 WIB",https://www.cnnindonesia.com/nasional/20190326162614-32-380866/menteri-desa-langgar-aturan-kampanye-bareng-jokowi,ADVERTISEMENT SCROLL TO CONTINUE WITH CONTENT
Suharso Gantikan Romi Jabat Dewan Penasihat TKN Jokowi,"Selasa, 26 Mar 2019 16:22 WIB",https://www.cnnindonesia.com/nasional/20190326152349-32-380839/suharso-gantikan-romi-jabat-dewan-penasihat-tkn-jokowi,ADVERTISEMENT SCROLL TO CONTINUE WITH CONTENT
"JK: Kalau Erwin Minta Izin Dukung Prabowo, Saya Tidak Kasih","Selasa, 26 Mar 2019 15:03 WIB",https://www.cnnindonesia.com/nasional/20190326144319-32-380808/jk-kalau-erwin-minta-izin-dukung-prabowo-saya-tidak-kasih,ADVERTISEMENT SCROLL TO CONTINUE WITH CONTENT
Kominfo Akan Blokir Iklan Politik Saat Masa Tenang Pemilu,"Selasa, 26 Mar 2019 13:17 WIB",https://www.cnnindonesia.com/teknologi/20190325203213-185-380600/kominfo-akan-blokir-iklan-politik-saat-masa-tenang-pemilu,ADVERTISEMENT SCROLL TO CONTINUE WITH CONTENT
Jokowi: Kita Semua ke TPS Berbondong-bondong Berbaju Putih,"Selasa, 26 Mar 2019 12:30 WIB",https://www.cnnindonesia.com/nasional/20190326115359-32-380742/jokowi-kita-semua-ke-tps-berbondong-bondong-berbaju-putih,ADVERTISEMENT SCROLL TO CONTINUE WITH CONTENT
Jokowi 'Ngopi' di Warung Usai Berkampanye di Malang,"Selasa, 26 Mar 2019 11:54 WIB",https://www.cnnindonesia.com/nasional/20190326113608-32-380734/jokowi-ngopi-di-warung-usai-berkampanye-di-malang,ADVERTISEMENT SCROLL TO CONTINUE WITH CONTENT
PKS Klaim HTI Tak Mungkin Terlibat Kampanye Prabowo,"Selasa, 26 Mar 2019 11:41 WIB",https://www.cnnindonesia.com/nasional/20190326111423-32-380722/pks-klaim-hti-tak-mungkin-terlibat-kampanye-prabowo,ADVERTISEMENT SCROLL TO CONTINUE WITH CONTENT
TKN soal Indonesia Timur Dilupakan: Prabowo Cuma Bisa Ngomong,"Selasa, 26 Mar 2019 10:24 WIB",https://www.cnnindonesia.com/nasional/20190326100235-32-380690/tkn-soal-indonesia-timur-dilupakan-prabowo-cuma-bisa-ngomong,ADVERTISEMENT SCROLL TO CONTINUE WITH CONTENT
"Siapapun Pemenang Pilpres, Moeldoko Optimistis Ekonomi Stabil","Selasa, 26 Mar 2019 09:33 WIB",https://www.cnnindonesia.com/nasional/20190326090835-32-380680/siapapun-pemenang-pilpres-moeldoko-optimistis-ekonomi-stabil,ADVERTISEMENT SCROLL TO CONTINUE WITH CONTENT
"Sandi Cium Aura Kemenangan, Ma'ruf Sebut Jangan Takut ke TPS","Selasa, 26 Mar 2019 08:27 WIB",https://www.cnnindonesia.com/nasional/20190326072916-32-380659/sandi-cium-aura-kemenangan-maruf-sebut-jangan-takut-ke-tps,ADVERTISEMENT SCROLL TO CONTINUE WITH CONTENT
"Jokowi Kampanye di Aceh dan Riau, Prabowo ke Bali dan Lombok","Selasa, 26 Mar 2019 07:06 WIB",https://www.cnnindonesia.com/nasional/20190326065330-32-380653/jokowi-kampanye-di-aceh-dan-riau-prabowo-ke-bali-dan-lombok,ADVERTISEMENT SCROLL TO CONTINUE WITH CONTENT
"Meski Diprotes BPN, Metro TV Tetap Jadi Penyelenggara Debat","Selasa, 26 Mar 2019 06:30 WIB",https://www.cnnindonesia.com/nasional/20190325201440-32-380604/meski-diprotes-bpn-metro-tv-tetap-jadi-penyelenggara-debat,ADVERTISEMENT SCROLL TO CONTINUE WITH CONTENT
Jokowi Targetkan Bisa Dapat 70 Persen Suara di Malang,"Selasa, 26 Mar 2019 05:59 WIB",https://www.cnnindonesia.com/nasional/20190325225638-32-380636/jokowi-targetkan-bisa-dapat-70-persen-suara-di-malang,ADVERTISEMENT SCROLL TO CONTINUE WITH CONTENT
Jokowi-Ma'ruf Gunakan Teknik Hologram untuk Kampanye,"Selasa, 26 Mar 2019 05:50 WIB",https://www.cnnindonesia.com/nasional/20190326011919-32-380641/jokowi-maruf-gunakan-teknik-hologram-untuk-kampanye,ADVERTISEMENT SCROLL TO CONTINUE WITH CONTENT
Fadli Sebut Menteri Kampanye Jokowi Picu Konflik Kepentingan,"Selasa, 26 Mar 2019 04:00 WIB",https://www.cnnindonesia.com/nasional/20190325190535-32-380572/fadli-sebut-menteri-kampanye-jokowi-picu-konflik-kepentingan,ADVERTISEMENT SCROLL TO CONTINUE WITH CONTENT
Erick Thohir Sebut Jokowi Presiden Peduli Industri Kreatif,"Selasa, 26 Mar 2019 02:33 WIB",https://www.cnnindonesia.com/nasional/20190326014501-32-380642/erick-thohir-sebut-jokowi-presiden-peduli-industri-kreatif,ADVERTISEMENT SCROLL TO CONTINUE WITH CONTENT
Sandi Tak Mau Tanggapi Isu Kubu Jokowi yang Memecah Belah,"Selasa, 26 Mar 2019 00:21 WIB",https://www.cnnindonesia.com/nasional/20190325210820-32-380617/sandi-tak-mau-tanggapi-isu-kubu-jokowi-yang-memecah-belah,ADVERTISEMENT SCROLL TO CONTINUE WITH CONTENT
"Survei: Prabowo Unggul di Sumatra, Jokowi di Seluruh Wilayah","Senin, 25 Mar 2019 22:24 WIB",https://www.cnnindonesia.com/nasional/20190325183031-32-380554/survei-prabowo-unggul-di-sumatra-jokowi-di-seluruh-wilayah,ADVERTISEMENT SCROLL TO CONTINUE WITH CONTENT
Kominfo Larang Iklan Kampanye di Medsos pada Masa Tenang,"Senin, 25 Mar 2019 20:28 WIB",https://www.cnnindonesia.com/teknologi/20190325200134-185-380577/kominfo-larang-iklan-kampanye-di-medsos-pada-masa-tenang,ADVERTISEMENT SCROLL TO CONTINUE WITH CONTENT
Jokowi: Kita Lawan Hoaks Bersama-sama,"Senin, 25 Mar 2019 20:26 WIB",https://www.cnnindonesia.com/nasional/20190325191550-32-380561/jokowi-kita-lawan-hoaks-bersama-sama,ADVERTISEMENT SCROLL TO CONTINUE WITH CONTENT
Survei Ungkap AlasanUndecided VotersTak Pilih Jokowi,"Senin, 25 Mar 2019 18:10 WIB",https://www.cnnindonesia.com/nasional/20190325165522-32-380512/survei-ungkap-alasan-undecided-voters-tak-pilih-jokowi,ADVERTISEMENT SCROLL TO CONTINUE WITH CONTENT
"Elektabilitas Jokowi Tergerus, TKN Akui Agresivitas Prabowo","Senin, 25 Mar 2019 17:45 WIB",https://www.cnnindonesia.com/nasional/20190325161057-32-380510/elektabilitas-jokowi-tergerus-tkn-akui-agresivitas-prabowo,ADVERTISEMENT SCROLL TO CONTINUE WITH CONTENT
Jokowi: Jangan Sampai Ada Perubahan yang Disebabkan Hoaks,"Senin, 25 Mar 2019 15:26 WIB",https://www.cnnindonesia.com/nasional/20190325142711-32-380445/jokowi-jangan-sampai-ada-perubahan-yang-disebabkan-hoaks,ADVERTISEMENT SCROLL TO CONTINUE WITH CONTENT
Survei: Elektabilitas Prabowo-Sandi Meningkat Lebih Tinggi,"Senin, 25 Mar 2019 15:17 WIB",https://www.cnnindonesia.com/nasional/20190325144717-32-380454/survei-elektabilitas-prabowo-sandi-meningkat-lebih-tinggi,ADVERTISEMENT SCROLL TO CONTINUE WITH CONTENT
TKN Pastikan Jokowi Ambil Cuti saat Kampanye Pilpres 2019,"Senin, 25 Mar 2019 14:52 WIB",https://www.cnnindonesia.com/nasional/20190325132615-32-380420/tkn-pastikan-jokowi-ambil-cuti-saat-kampanye-pilpres-2019,ADVERTISEMENT SCROLL TO CONTINUE WITH CONTENT
Kampanye Jokowi di Banyuwangi: Jatuh Bangun Itu Biasa,"Senin, 25 Mar 2019 12:41 WIB",https://www.cnnindonesia.com/nasional/20190325122734-32-380390/kampanye-jokowi-di-banyuwangi-jatuh-bangun-itu-biasa,ADVERTISEMENT SCROLL TO CONTINUE WITH CONTENT
"Jokowi Berkampanye di Banyuwangi-Jember, Prabowo ke Merauke","Senin, 25 Mar 2019 10:13 WIB",https://www.cnnindonesia.com/nasional/20190325100321-32-380328/jokowi-berkampanye-di-banyuwangi-jember-prabowo-ke-merauke,ADVERTISEMENT SCROLL TO CONTINUE WITH CONTENT
Genderang Adu Kuat Jokowi-Prabowo Raup Suara di Basis Lawan,"Senin, 25 Mar 2019 07:12 WIB",https://www.cnnindonesia.com/nasional/20190325063415-32-380286/genderang-adu-kuat-jokowi-prabowo-raup-suara-di-basis-lawan,ADVERTISEMENT SCROLL TO CONTINUE WITH CONTENT
"Akun Twitter Haikal Hassan Dibajak, Prabowo Disebut Minum Bir","Senin, 25 Mar 2019 07:05 WIB",https://www.cnnindonesia.com/nasional/20190325064703-32-380284/akun-twitter-haikal-hassan-dibajak-prabowo-disebut-minum-bir,ADVERTISEMENT SCROLL TO CONTINUE WITH CONTENT
"Kampanye di Serang, Jokowi Puji Ma'ruf Bisa Jelaskan Unicorn","Senin, 25 Mar 2019 00:14 WIB",https://www.cnnindonesia.com/nasional/20190324211343-32-380259/kampanye-di-serang-jokowi-puji-maruf-bisa-jelaskan-unicorn,ADVERTISEMENT SCROLL TO CONTINUE WITH CONTENT
Elektabilitas Jokowi Diklaim Tergerus Akibat Migrasi Pemilih,"Minggu, 24 Mar 2019 21:33 WIB",https://www.cnnindonesia.com/nasional/20190324202148-32-380252/elektabilitas-jokowi-diklaim-tergerus-akibat-migrasi-pemilih,ADVERTISEMENT SCROLL TO CONTINUE WITH CONTENT
Jokowi Ajak Warga Coblos Paslon Berbaju Putih di Surat Suara,"Minggu, 24 Mar 2019 17:25 WIB",https://www.cnnindonesia.com/nasional/20190324171346-32-380212/jokowi-ajak-warga-coblos-paslon-berbaju-putih-di-surat-suara,ADVERTISEMENT SCROLL TO CONTINUE WITH CONTENT
Kampanye Jokowi-Ma'ruf Dibuka dengan Lagu Indonesia Raya,"Minggu, 24 Mar 2019 16:49 WIB",https://www.cnnindonesia.com/nasional/20190324163831-32-380208/kampanye-jokowi-maruf-dibuka-dengan-lagu-indonesia-raya,ADVERTISEMENT SCROLL TO CONTINUE WITH CONTENT
TKN Ungkap Alasan Pilih Banten untuk Kampanye Perdana Jokowi,"Minggu, 24 Mar 2019 13:05 WIB",https://www.cnnindonesia.com/nasional/20190323145835-32-380032/tkn-ungkap-alasan-pilih-banten-untuk-kampanye-perdana-jokowi,ADVERTISEMENT SCROLL TO CONTINUE WITH CONTENT
"Jokowi Kampanye Terbuka Perdana di Banten, Prabowo di Manado","Minggu, 24 Mar 2019 07:04 WIB",https://www.cnnindonesia.com/nasional/20190324064313-32-380121/jokowi-kampanye-terbuka-perdana-di-banten-prabowo-di-manado,ADVERTISEMENT SCROLL TO CONTINUE WITH CONTENT
Mendagri Minta Bawaslu Jaga Pemilu 2019 dari Racun Demokrasi,"Minggu, 24 Mar 2019 03:43 WIB",https://www.cnnindonesia.com/nasional/20190323141524-32-380012/mendagri-minta-bawaslu-jaga-pemilu-2019-dari-racun-demokrasi,ADVERTISEMENT SCROLL TO CONTINUE WITH CONTENT
Prabowo dan Sandi Disebut Kampanye Bareng Hanya di Empat Kota,"Minggu, 24 Mar 2019 00:57 WIB",https://www.cnnindonesia.com/nasional/20190324002709-32-380110/prabowo-dan-sandi-disebut-kampanye-bareng-hanya-di-empat-kota,ADVERTISEMENT SCROLL TO CONTINUE WITH CONTENT
Bawaslu Tak Masalah Anak-Anak Diajak Kampanye,"Minggu, 24 Mar 2019 00:09 WIB",https://www.cnnindonesia.com/nasional/20190323175900-32-380058/bawaslu-tak-masalah-anak-anak-diajak-kampanye,ADVERTISEMENT SCROLL TO CONTINUE WITH CONTENT
BPN Tak Cemas Jokowi Kerahkan Menteri di Kampanye Terbuka,"Sabtu, 23 Mar 2019 21:04 WIB",https://www.cnnindonesia.com/nasional/20190323204826-32-380096/bpn-tak-cemas-jokowi-kerahkan-menteri-di-kampanye-terbuka,ADVERTISEMENT SCROLL TO CONTINUE WITH CONTENT
"Jokowi: Ajak Teman ke TPS, Jangan Ada Satu Pun Golput","Sabtu, 23 Mar 2019 19:02 WIB",https://www.cnnindonesia.com/nasional/20190323183619-32-380072/jokowi-ajak-teman-ke-tps-jangan-ada-satu-pun-golput,ADVERTISEMENT SCROLL TO CONTINUE WITH CONTENT
TKN Sebut Menteri Non-Parpol Ikut Bantu Kampanye Jokowi,"Sabtu, 23 Mar 2019 17:00 WIB",https://www.cnnindonesia.com/nasional/20190323162316-32-380051/tkn-sebut-menteri-non-parpol-ikut-bantu-kampanye-jokowi,ADVERTISEMENT SCROLL TO CONTINUE WITH CONTENT
Bawaslu Tegaskan Tak Boleh Kampanye di Medsos di Masa Tenang,"Sabtu, 23 Mar 2019 16:45 WIB",https://www.cnnindonesia.com/nasional/20190323162307-32-380046/bawaslu-tegaskan-tak-boleh-kampanye-di-medsos-di-masa-tenang,ADVERTISEMENT SCROLL TO CONTINUE WITH CONTENT
"TKN Siapkan 5.320 Jurkam, Menteri dan Ulama Ikut Kampanye","Sabtu, 23 Mar 2019 16:18 WIB",https://www.cnnindonesia.com/nasional/20190323142307-32-380023/tkn-siapkan-5320-jurkam-menteri-dan-ulama-ikut-kampanye,ADVERTISEMENT SCROLL TO CONTINUE WITH CONTENT
Bawaslu Akan Undang Pelapor Ma'ruf untuk Klarifikasi Aduan,"Sabtu, 23 Mar 2019 15:50 WIB",https://www.cnnindonesia.com/nasional/20190323143841-32-380026/bawaslu-akan-undang-pelapor-maruf-untuk-klarifikasi-aduan,ADVERTISEMENT SCROLL TO CONTINUE WITH CONTENT
Jokowi-Ma'ruf Amin Awali Kampanye Terbuka di Banten,"Sabtu, 23 Mar 2019 15:04 WIB",https://www.cnnindonesia.com/nasional/20190323135454-32-380001/jokowi-maruf-amin-awali-kampanye-terbuka-di-banten,ADVERTISEMENT SCROLL TO CONTINUE WITH CONTENT
"Deklarasi Komitmen, Peserta Diimbau Tak Berpolitik Identitas","Sabtu, 23 Mar 2019 11:46 WIB",https://www.cnnindonesia.com/nasional/20190323113452-32-379968/deklarasi-komitmen-peserta-diimbau-tak-berpolitik-identitas,ADVERTISEMENT SCROLL TO CONTINUE WITH CONTENT
TKN Optimistis 'Undecided Voters' Bakal Pilih Jokowi,"Sabtu, 23 Mar 2019 08:42 WIB",https://www.cnnindonesia.com/nasional/20190322144453-32-379764/tkn-optimistis-undecided-voters-bakal-pilih-jokowi,ADVERTISEMENT SCROLL TO CONTINUE WITH CONTENT
"Survei Kompas, TKN Sindir Sandi Tak Selaras dengan Prabowo","Jumat, 22 Mar 2019 21:23 WIB",https://www.cnnindonesia.com/nasional/20190322205536-32-379917/survei-kompas-tkn-sindir-sandi-tak-selaras-dengan-prabowo,ADVERTISEMENT SCROLL TO CONTINUE WITH CONTENT
TKN Jokowi Minta Kubu Prabowo Lapor Dewan Pers soal Metro TV,"Jumat, 22 Mar 2019 21:05 WIB",https://www.cnnindonesia.com/nasional/20190322171502-32-379842/tkn-jokowi-minta-kubu-prabowo-lapor-dewan-pers-soal-metro-tv,ADVERTISEMENT SCROLL TO CONTINUE WITH CONTENT
Wakil Direktur Relawan Jokowi-Ma'ruf Meninggal Dunia,"Jumat, 22 Mar 2019 20:11 WIB",https://www.cnnindonesia.com/nasional/20190322195737-20-379893/wakil-direktur-relawan-jokowi-maruf-meninggal-dunia,ADVERTISEMENT SCROLL TO CONTINUE WITH CONTENT
KPU Minta Arahan KPI soal Penyelenggara Debat Keempat Pilpres,"Jumat, 22 Mar 2019 19:15 WIB",https://www.cnnindonesia.com/nasional/20190322184849-32-379871/kpu-minta-arahan-kpi-soal-penyelenggara-debat-keempat-pilpres,ADVERTISEMENT SCROLL TO CONTINUE WITH CONTENT
Ngabalin Bantah Diusir Mahasiswa: Saya Pulang dengan Tenang,"Jumat, 22 Mar 2019 18:10 WIB",https://www.cnnindonesia.com/nasional/20190322175450-32-379851/ngabalin-bantah-diusir-mahasiswa-saya-pulang-dengan-tenang,ADVERTISEMENT SCROLL TO CONTINUE WITH CONTENT
Survei Litbang Kompas: Sandiaga Uno Kalahkan Ma'ruf Amin,"Jumat, 22 Mar 2019 17:19 WIB",https://www.cnnindonesia.com/nasional/20190322165443-32-379836/survei-litbang-kompas-sandiaga-uno-kalahkan-maruf-amin,ADVERTISEMENT SCROLL TO CONTINUE WITH CONTENT
"Jokowi Awali Kampanye di Tangerang, Berakhir di Jakarta","Jumat, 22 Mar 2019 15:03 WIB",https://www.cnnindonesia.com/nasional/20190322142533-32-379749/jokowi-awali-kampanye-di-tangerang-berakhir-di-jakarta,ADVERTISEMENT SCROLL TO CONTINUE WITH CONTENT
Prabowo: Aku Ikut Seminar Ekonomi Paling Lama di Dunia,"Jumat, 22 Mar 2019 14:39 WIB",https://www.cnnindonesia.com/nasional/20190322112451-32-379695/prabowo-aku-ikut-seminar-ekonomi-paling-lama-di-dunia,ADVERTISEMENT SCROLL TO CONTINUE WITH CONTENT
Ma'ruf soal Laporan di Bawaslu: Apa Salah Saya?,"Jumat, 22 Mar 2019 14:29 WIB",https://www.cnnindonesia.com/nasional/20190322102133-32-379655/maruf-soal-laporan-di-bawaslu-apa-salah-saya,ADVERTISEMENT SCROLL TO CONTINUE WITH CONTENT
"Prabowo Bahas Kabinet, Tunjuk Erwin Aksa dan Rizal Ramli","Jumat, 22 Mar 2019 14:13 WIB",https://www.cnnindonesia.com/nasional/20190322120027-32-379704/prabowo-bahas-kabinet-tunjuk-erwin-aksa-dan-rizal-ramli,ADVERTISEMENT SCROLL TO CONTINUE WITH CONTENT
Erwin Aksa Ungkap Reaksi JK saat Tahu Dukung Prabowo-Sandi,"Jumat, 22 Mar 2019 11:27 WIB",https://www.cnnindonesia.com/nasional/20190322111555-32-379687/erwin-aksa-ungkap-reaksi-jk-saat-tahu-dukung-prabowo-sandi,ADVERTISEMENT SCROLL TO CONTINUE WITH CONTENT
Adu Kuat Dukungan Pengusaha Kubu Jokowi dan Prabowo,"Jumat, 22 Mar 2019 08:16 WIB",https://www.cnnindonesia.com/nasional/20190322075305-32-379628/adu-kuat-dukungan-pengusaha-kubu-jokowi-dan-prabowo,ADVERTISEMENT SCROLL TO CONTINUE WITH CONTENT
"Kampanye Prabowo, Mulai dari Makassar Berakhir di Tangerang","Jumat, 22 Mar 2019 07:06 WIB",https://www.cnnindonesia.com/nasional/20190321214844-32-379593/kampanye-prabowo-mulai-dari-makassar-berakhir-di-tangerang,ADVERTISEMENT SCROLL TO CONTINUE WITH CONTENT
"Sandi Kaji Outsourcing, Ma'ruf Singgung Infrastruktur","Jumat, 22 Mar 2019 05:55 WIB",https://www.cnnindonesia.com/nasional/20190321161708-32-379467/sandi-kaji-outsourcing-maruf-singgung-infrastruktur,ADVERTISEMENT SCROLL TO CONTINUE WITH CONTENT
KPU Tak Larang Capres Bawa Catatan dan Alat Bantu,"Jumat, 22 Mar 2019 04:50 WIB",https://www.cnnindonesia.com/nasional/20190321215348-32-379594/kpu-tak-larang-capres-bawa-catatan-dan-alat-bantu,ADVERTISEMENT SCROLL TO CONTINUE WITH CONTENT
Jokowi Minta Pengusaha Tak Pilih Pemimpin yang Coba-coba,"Kamis, 21 Mar 2019 21:38 WIB",https://www.cnnindonesia.com/nasional/20190321210447-32-379583/jokowi-minta-pengusaha-tak-pilih-pemimpin-yang-coba-coba,ADVERTISEMENT SCROLL TO CONTINUE WITH CONTENT
Indo Barometer: Elektabilitas Jokowi-Ma'ruf Unggul 21 Persen,"Kamis, 21 Mar 2019 21:10 WIB",https://www.cnnindonesia.com/nasional/20190321200708-32-379572/indo-barometer-elektabilitas-jokowi-maruf-unggul-21-persen,ADVERTISEMENT SCROLL TO CONTINUE WITH CONTENT
TKN soal NU Jadi Fosil: Tak Ada Pidana yang Bisa Jerat Ma'ruf,"Kamis, 21 Mar 2019 20:01 WIB",https://www.cnnindonesia.com/nasional/20190321192032-32-379552/tkn-soal-nu-jadi-fosil-tak-ada-pidana-yang-bisa-jerat-maruf,ADVERTISEMENT SCROLL TO CONTINUE WITH CONTENT
"Survei Kompas, BPN Prabowo Sebut Jokowi Sudah 'Game Over'","Kamis, 21 Mar 2019 19:42 WIB",https://www.cnnindonesia.com/nasional/20190321185912-32-379547/survei-kompas-bpn-prabowo-sebut-jokowi-sudah-game-over,ADVERTISEMENT SCROLL TO CONTINUE WITH CONTENT
Kubu Prabowo Keberatan Metro TV Penyelenggara Debat Capres,"Kamis, 21 Mar 2019 19:06 WIB",https://www.cnnindonesia.com/nasional/20190321190000-32-379543/kubu-prabowo-keberatan-metro-tv-penyelenggara-debat-capres,ADVERTISEMENT SCROLL TO CONTINUE WITH CONTENT
"Dinilai Biarkan Hoaks, Ma'ruf Amin Dilaporkan ke Bawaslu","Kamis, 21 Mar 2019 18:01 WIB",https://www.cnnindonesia.com/nasional/20190321174823-32-379515/dinilai-biarkan-hoaks-maruf-amin-dilaporkan-ke-bawaslu,ADVERTISEMENT SCROLL TO CONTINUE WITH CONTENT
BPN Prabowo Minta Said Aqil Tak Lakukan Kampanye Hitam,"Kamis, 21 Mar 2019 16:26 WIB",https://www.cnnindonesia.com/nasional/20190321155924-32-379468/bpn-prabowo-minta-said-aqil-tak-lakukan-kampanye-hitam,ADVERTISEMENT SCROLL TO CONTINUE WITH CONTENT
PDIP dan Koalisi Berupaya Turunkan Elektabilitas Gerindra,"Kamis, 21 Mar 2019 15:22 WIB",https://www.cnnindonesia.com/nasional/20190321141043-32-379438/pdip-dan-koalisi-berupaya-turunkan-elektabilitas-gerindra,ADVERTISEMENT SCROLL TO CONTINUE WITH CONTENT
"Penyebar Hoaks Dianggap Teroris, DPR Nilai Wiranto Berlebihan","Kamis, 21 Mar 2019 13:47 WIB",https://www.cnnindonesia.com/nasional/20190321131248-32-379417/penyebar-hoaks-dianggap-teroris-dpr-nilai-wiranto-berlebihan,ADVERTISEMENT SCROLL TO CONTINUE WITH CONTENT
Dialog Said Aqil dan Najwa soal Kelompok Radikal di Kubu 02,"Kamis, 21 Mar 2019 13:20 WIB",https://www.cnnindonesia.com/nasional/20190321124944-32-379398/dialog-said-aqil-dan-najwa-soal-kelompok-radikal-di-kubu-02,ADVERTISEMENT SCROLL TO CONTINUE WITH CONTENT
Cucu Pendiri NU Sebut Pelaporan Said Aqil untuk Pelajaran,"Kamis, 21 Mar 2019 12:34 WIB",https://www.cnnindonesia.com/nasional/20190321114836-32-379370/cucu-pendiri-nu-sebut-pelaporan-said-aqil-untuk-pelajaran,ADVERTISEMENT SCROLL TO CONTINUE WITH CONTENT
Cerita 30 Menit Mukernas Antarkan Suharso Monoarfa Pimpin PPP,"Kamis, 21 Mar 2019 11:50 WIB",https://www.cnnindonesia.com/nasional/20190321111713-32-379356/cerita-30-menit-mukernas-antarkan-suharso-monoarfa-pimpin-ppp,ADVERTISEMENT SCROLL TO CONTINUE WITH CONTENT
"Kampanye Perdana di Sragen, Sandi Belum Kantongi Izin","Kamis, 21 Mar 2019 10:58 WIB",https://www.cnnindonesia.com/nasional/20190321094911-32-379337/kampanye-perdana-di-sragen-sandi-belum-kantongi-izin,ADVERTISEMENT SCROLL TO CONTINUE WITH CONTENT
Sandi soal NU Bakal Jadi Fosil: Semua itu Fitnah,"Kamis, 21 Mar 2019 10:41 WIB",https://www.cnnindonesia.com/nasional/20190321102404-32-379343/sandi-soal-nu-bakal-jadi-fosil-semua-itu-fitnah,ADVERTISEMENT SCROLL TO CONTINUE WITH CONTENT
"Manuver Erwin Aksa, Politik Lawas Golkar Cari Aman di Pilpres","Kamis, 21 Mar 2019 07:57 WIB",https://www.cnnindonesia.com/nasional/20190321065358-32-379306/manuver-erwin-aksa-politik-lawas-golkar-cari-aman-di-pilpres,ADVERTISEMENT SCROLL TO CONTINUE WITH CONTENT
Rizieq Shihab Serukan Perlawanan Jika Ada Kecurangan Pemilu,"Kamis, 21 Mar 2019 07:35 WIB",https://www.cnnindonesia.com/nasional/20190321063908-32-379302/rizieq-shihab-serukan-perlawanan-jika-ada-kecurangan-pemilu,ADVERTISEMENT SCROLL TO CONTINUE WITH CONTENT
Jokowi Sebut Hasil Survei Kompas Jadi Bahan Evaluasi,"Kamis, 21 Mar 2019 06:34 WIB",https://www.cnnindonesia.com/nasional/20190320203032-32-379251/jokowi-sebut-hasil-survei-kompas-jadi-bahan-evaluasi,ADVERTISEMENT SCROLL TO CONTINUE WITH CONTENT
Pengamat: Gagasan Ma'ruf Lebih Konkret dari Sandi Dalam Debat,"Kamis, 21 Mar 2019 05:29 WIB",https://www.cnnindonesia.com/nasional/20190321011144-32-379285/pengamat-gagasan-maruf-lebih-konkret-dari-sandi-dalam-debat,ADVERTISEMENT SCROLL TO CONTINUE WITH CONTENT
"Ma'ruf Yakin Kuasai Bengkulu, Sandi Terharu oleh Erwin Aksa","Kamis, 21 Mar 2019 05:14 WIB",https://www.cnnindonesia.com/nasional/20190320154422-32-379098/maruf-yakin-kuasai-bengkulu-sandi-terharu-oleh-erwin-aksa,ADVERTISEMENT SCROLL TO CONTINUE WITH CONTENT
Pengamat: Hasil Survei Jangan Jadi Acuan Akhir Pemilu,"Kamis, 21 Mar 2019 02:38 WIB",https://www.cnnindonesia.com/nasional/20190321010046-32-379284/pengamat-hasil-survei-jangan-jadi-acuan-akhir-pemilu,ADVERTISEMENT SCROLL TO CONTINUE WITH CONTENT
Bawaslu Tentukan Kasus Salam Satu Jari Mendes pada 26 Maret,"Rabu, 20 Mar 2019 21:41 WIB",https://www.cnnindonesia.com/nasional/20190320211931-32-379264/bawaslu-tentukan-kasus-salam-satu-jari-mendes-pada-26-maret,ADVERTISEMENT SCROLL TO CONTINUE WITH CONTENT
"Jokowi ke Kader PDIP: Tak Ada Rapat Lagi, Langsung Kerja","Rabu, 20 Mar 2019 21:02 WIB",https://www.cnnindonesia.com/nasional/20190320205229-32-379255/jokowi-ke-kader-pdip-tak-ada-rapat-lagi-langsung-kerja,ADVERTISEMENT SCROLL TO CONTINUE WITH CONTENT
"TKN Sebut Kasus Romi Berefek ke Alat Kampanye, Bukan Jokowi","Rabu, 20 Mar 2019 20:45 WIB",https://www.cnnindonesia.com/nasional/20190320194435-32-379240/tkn-sebut-kasus-romi-berefek-ke-alat-kampanye-bukan-jokowi,ADVERTISEMENT SCROLL TO CONTINUE WITH CONTENT
"Survei Internal, BPN Klaim Prabowo vs Jokowi Nyaris Imbang","Rabu, 20 Mar 2019 19:30 WIB",https://www.cnnindonesia.com/nasional/20190320182648-32-379202/survei-internal-bpn-klaim-prabowo-vs-jokowi-nyaris-imbang,ADVERTISEMENT SCROLL TO CONTINUE WITH CONTENT
"Prabowo-Sandi Besuk Dhani, BPN Tanya Kapan Jokowi Jenguk Romi","Rabu, 20 Mar 2019 19:10 WIB",https://www.cnnindonesia.com/nasional/20190320183529-32-379217/prabowo-sandi-besuk-dhani-bpn-tanya-kapan-jokowi-jenguk-romi,ADVERTISEMENT SCROLL TO CONTINUE WITH CONTENT
Geser Strategi Nasional & Bukti Tumpul Revolusi Mental Jokowi,"Rabu, 20 Mar 2019 17:51 WIB",https://www.cnnindonesia.com/nasional/20190320105401-32-378965/geser-strategi-nasional-bukti-tumpul-revolusi-mental-jokowi,ADVERTISEMENT SCROLL TO CONTINUE WITH CONTENT
BPN Akan Laporkan Video soal NU Jadi Fosil jika Ma'ruf Kalah,"Rabu, 20 Mar 2019 17:23 WIB",https://www.cnnindonesia.com/nasional/20190320170743-32-379150/bpn-akan-laporkan-video-soal-nu-jadi-fosil-jika-maruf-kalah,ADVERTISEMENT SCROLL TO CONTINUE WITH CONTENT
Posisi Romi di TKN Jokowi Digantikan oleh Wakil Ketum PPP,"Rabu, 20 Mar 2019 17:09 WIB",https://www.cnnindonesia.com/nasional/20190320162317-32-379131/posisi-romi-di-tkn-jokowi-digantikan-oleh-wakil-ketum-ppp,ADVERTISEMENT SCROLL TO CONTINUE WITH CONTENT
PPP Akan Terima Islah Kubu Humphrey asal Dukung Jokowi-Ma'ruf,"Rabu, 20 Mar 2019 16:35 WIB",https://www.cnnindonesia.com/nasional/20190320154640-32-379111/ppp-akan-terima-islah-kubu-humphrey-asal-dukung-jokowi-maruf,ADVERTISEMENT SCROLL TO CONTINUE WITH CONTENT
Fadli Zon Tak Ambil Pusing Jokowi Ungguli Prabowo di Survei,"Rabu, 20 Mar 2019 16:17 WIB",https://www.cnnindonesia.com/nasional/20190320141623-32-379067/fadli-zon-tak-ambil-pusing-jokowi-ungguli-prabowo-di-survei,ADVERTISEMENT SCROLL TO CONTINUE WITH CONTENT
TKN Soal Survei Kompas: Selisih Jokowi-Prabowo Cukup Besar,"Rabu, 20 Mar 2019 15:01 WIB",https://www.cnnindonesia.com/nasional/20190320143204-32-379076/tkn-soal-survei-kompas-selisih-jokowi-prabowo-cukup-besar,ADVERTISEMENT SCROLL TO CONTINUE WITH CONTENT
Sandiaga: Survei Kompas Mirip Hasil Survei Internal Prabowo,"Rabu, 20 Mar 2019 11:44 WIB",https://www.cnnindonesia.com/nasional/20190320112810-32-378975/sandiaga-survei-kompas-mirip-hasil-survei-internal-prabowo,ADVERTISEMENT SCROLL TO CONTINUE WITH CONTENT
Survei Kompas: Prabowo Unggul di Kalangan Pemilih Pemula,"Rabu, 20 Mar 2019 10:45 WIB",https://www.cnnindonesia.com/nasional/20190320102533-32-378952/survei-kompas-prabowo-unggul-di-kalangan-pemilih-pemula,ADVERTISEMENT SCROLL TO CONTINUE WITH CONTENT
"Survei Kompas: Jarak Jokowi-Prabowo Menipis Jadi 11,8 Persen","Rabu, 20 Mar 2019 10:17 WIB",https://www.cnnindonesia.com/nasional/20190320100436-32-378944/survei-kompas-jarak-jokowi-prabowo-menipis-jadi-118-persen,ADVERTISEMENT SCROLL TO CONTINUE WITH CONTENT
"Viral Surat Timses Jokowi Minta Konsumsi, TKD Jatim Bantah","Rabu, 20 Mar 2019 07:44 WIB",https://www.cnnindonesia.com/nasional/20190320073240-32-378906/viral-surat-timses-jokowi-minta-konsumsi-tkd-jatim-bantah,ADVERTISEMENT SCROLL TO CONTINUE WITH CONTENT
Muhammadiyah Angkat Suara soal NU Jadi Fosil Jika Ma'ruf Keok,"Rabu, 20 Mar 2019 06:52 WIB",https://www.cnnindonesia.com/nasional/20190319195508-32-378858/muhammadiyah-angkat-suara-soal-nu-jadi-fosil-jika-maruf-keok,ADVERTISEMENT SCROLL TO CONTINUE WITH CONTENT
TKN Nilai Janji Sandi soal Pengganti UN Bukan Solusi,"Rabu, 20 Mar 2019 05:25 WIB",https://www.cnnindonesia.com/nasional/20190319102507-32-378610/tkn-nilai-janji-sandi-soal-pengganti-un-bukan-solusi,ADVERTISEMENT SCROLL TO CONTINUE WITH CONTENT
"Jika Terpilih, Ma'ruf Janji Kembalikan Uang Kerugian Korupsi","Rabu, 20 Mar 2019 03:20 WIB",https://www.cnnindonesia.com/nasional/20190320031420-32-378894/jika-terpilih-maruf-janji-kembalikan-uang-kerugian-korupsi,ADVERTISEMENT SCROLL TO CONTINUE WITH CONTENT
BPN Sebut Sandi Ungguli Ma'ruf Amin dari Segala Aspek,"Selasa, 19 Mar 2019 23:32 WIB",https://www.cnnindonesia.com/nasional/20190319230035-32-378887/bpn-sebut-sandi-ungguli-maruf-amin-dari-segala-aspek,ADVERTISEMENT SCROLL TO CONTINUE WITH CONTENT
BPN Ragu Polisi Usut Kasus NU Jadi Fosil Jika Ma'ruf Kalah,"Selasa, 19 Mar 2019 21:57 WIB",https://www.cnnindonesia.com/nasional/20190319202602-32-378866/bpn-ragu-polisi-usut-kasus-nu-jadi-fosil-jika-maruf-kalah,ADVERTISEMENT SCROLL TO CONTINUE WITH CONTENT
Golkar Tunjuk Rizal Mallarangeng Ganti Hajriyanto Jadi Korbid,"Selasa, 19 Mar 2019 20:31 WIB",https://www.cnnindonesia.com/nasional/20190319201811-32-378859/golkar-tunjuk-rizal-mallarangeng-ganti-hajriyanto-jadi-korbid,ADVERTISEMENT SCROLL TO CONTINUE WITH CONTENT
TKN Bandingkan Sandi dengan Soeharto soal Janji Sumbang Gaji,"Selasa, 19 Mar 2019 19:18 WIB",https://www.cnnindonesia.com/nasional/20190319185219-32-378830/tkn-bandingkan-sandi-dengan-soeharto-soal-janji-sumbang-gaji,ADVERTISEMENT SCROLL TO CONTINUE WITH CONTENT
"Militansi Tinggi, Golput Pemilih Islam Pro Prabowo Kecil","Selasa, 19 Mar 2019 17:18 WIB",https://www.cnnindonesia.com/nasional/20190319163915-32-378788/militansi-tinggi-golput-pemilih-islam-pro-prabowo-kecil,ADVERTISEMENT SCROLL TO CONTINUE WITH CONTENT
"Soal Kartu Multiguna, Pengamat Nilai E-KTP Perlu Pengamanan","Selasa, 19 Mar 2019 17:15 WIB",https://www.cnnindonesia.com/teknologi/20190319161230-185-378754/soal-kartu-multiguna-pengamat-nilai-e-ktp-perlu-pengamanan,ADVERTISEMENT SCROLL TO CONTINUE WITH CONTENT
LSI: Jokowi Paling Rugi bila Emak-emak dan Wong Cilik Golput,"Selasa, 19 Mar 2019 16:41 WIB",https://www.cnnindonesia.com/nasional/20190319162129-32-378757/lsi-jokowi-paling-rugi-bila-emak-emak-dan-wong-cilik-golput,ADVERTISEMENT SCROLL TO CONTINUE WITH CONTENT
Cucu Hasyim Asyari Angkat Suara Soal NU Menjadi 'Fosil',"Selasa, 19 Mar 2019 16:23 WIB",https://www.cnnindonesia.com/nasional/20190319160937-32-378753/cucu-hasyim-asyari-angkat-suara-soal-nu-menjadi-fosil,ADVERTISEMENT SCROLL TO CONTINUE WITH CONTENT
Faktor Risiko dan Pumping Sebabkan Terhambatnya ASI,Tanggal tidak ditemukan,https://www.cnnindonesia.com/gaya-hidup/20190319100656-255-378591/faktor-risiko-dan-pumping-sebabkan-terhambatnya-asi,ADVERTISEMENT SCROLL TO CONTINUE WITH CONTENT
Golkar Sebut Dukungan Erwin Aksa ke Prabowo Tak Berpengaruh,"Selasa, 19 Mar 2019 14:11 WIB",https://www.cnnindonesia.com/nasional/20190319133939-32-378706/golkar-sebut-dukungan-erwin-aksa-ke-prabowo-tak-berpengaruh,ADVERTISEMENT SCROLL TO CONTINUE WITH CONTENT
TKN Klaim Jokowi Sudah Hapus UN sebagai Syarat Kelulusan,"Selasa, 19 Mar 2019 12:53 WIB",https://www.cnnindonesia.com/nasional/20190319111848-32-378624/tkn-klaim-jokowi-sudah-hapus-un-sebagai-syarat-kelulusan,ADVERTISEMENT SCROLL TO CONTINUE WITH CONTENT
PBNU Sebut Kelompok Penggempur NU Sudah Merambah Musala,"Selasa, 19 Mar 2019 11:52 WIB",https://www.cnnindonesia.com/nasional/20190319110318-32-378615/pbnu-sebut-kelompok-penggempur-nu-sudah-merambah-musala,ADVERTISEMENT SCROLL TO CONTINUE WITH CONTENT
Erwin Aksa Pilih Nonaktif dari Golkar Demi Prabowo-Sandi,"Selasa, 19 Mar 2019 11:15 WIB",https://www.cnnindonesia.com/nasional/20190319105326-32-378614/erwin-aksa-pilih-nonaktif-dari-golkar-demi-prabowo-sandi,ADVERTISEMENT SCROLL TO CONTINUE WITH CONTENT
Polisi Tunggu Bawaslu Usut Video di Acara Doa untuk Ma'ruf,"Selasa, 19 Mar 2019 11:09 WIB",https://www.cnnindonesia.com/nasional/20190319104359-32-378612/polisi-tunggu-bawaslu-usut-video-di-acara-doa-untuk-maruf,ADVERTISEMENT SCROLL TO CONTINUE WITH CONTENT
Survei Percakapan di Medsos: Ma'ruf Amin Ungguli Sandiaga,"Selasa, 19 Mar 2019 10:55 WIB",https://www.cnnindonesia.com/nasional/20190319095233-32-378588/survei-percakapan-di-medsos-maruf-amin-ungguli-sandiaga,ADVERTISEMENT SCROLL TO CONTINUE WITH CONTENT
Tim Prabowo Sebut Ma'ruf Membiarkan Hoaks di Kubu Jokowi,"Selasa, 19 Mar 2019 10:31 WIB",https://www.cnnindonesia.com/nasional/20190319091625-32-378586/tim-prabowo-sebut-maruf-membiarkan-hoaks-di-kubu-jokowi,ADVERTISEMENT SCROLL TO CONTINUE WITH CONTENT
Ekonom Sebut Ma'ruf-Sandi Tak Beri Solusi Masalah Kesehatan,"Selasa, 19 Mar 2019 10:15 WIB",https://www.cnnindonesia.com/ekonomi/20190318185147-78-378476/ekonom-sebut-maruf-sandi-tak-beri-solusi-masalah-kesehatan,ADVERTISEMENT SCROLL TO CONTINUE WITH CONTENT
Bawaslu Usut Video soal Tak Ada Lagi Tahlil Jika Ma'ruf Kalah,"Selasa, 19 Mar 2019 10:02 WIB",https://www.cnnindonesia.com/nasional/20190319084724-32-378563/bawaslu-usut-video-soal-tak-ada-lagi-tahlil-jika-maruf-kalah,ADVERTISEMENT SCROLL TO CONTINUE WITH CONTENT
BPN Kecam Acara Doa untuk Ma'ruf yang Diduga Memuat Fitnah,"Selasa, 19 Mar 2019 09:44 WIB",https://www.cnnindonesia.com/nasional/20190319080954-32-378553/bpn-kecam-acara-doa-untuk-maruf-yang-diduga-memuat-fitnah,ADVERTISEMENT SCROLL TO CONTINUE WITH CONTENT
"Di Depan Ma'ruf, Ulama Resah NU Jadi Fosil Jika Jokowi Kalah","Selasa, 19 Mar 2019 09:15 WIB",https://www.cnnindonesia.com/nasional/20190319090242-32-378565/di-depan-maruf-ulama-resah-nu-jadi-fosil-jika-jokowi-kalah,ADVERTISEMENT SCROLL TO CONTINUE WITH CONTENT
"Ekonom: UMKM dan Start Up Harus Naik Kelas, Bukan Cuma Lahir","Selasa, 19 Mar 2019 09:05 WIB",https://www.cnnindonesia.com/ekonomi/20190319081421-92-378561/ekonom-umkm-dan-start-up-harus-naik-kelas-bukan-cuma-lahir,ADVERTISEMENT SCROLL TO CONTINUE WITH CONTENT
Strategi Jokowi Bangun SDM dan Menguapnya Revolusi Mental,"Selasa, 19 Mar 2019 07:45 WIB",https://www.cnnindonesia.com/nasional/20190319071038-32-378549/strategi-jokowi-bangun-sdm-dan-menguapnya-revolusi-mental,ADVERTISEMENT SCROLL TO CONTINUE WITH CONTENT
"Lelang Koleksi Jokowi, TKN Bantah Kehabisan Dana Kampanye","Selasa, 19 Mar 2019 07:12 WIB",https://www.cnnindonesia.com/nasional/20190319065858-32-378546/lelang-koleksi-jokowi-tkn-bantah-kehabisan-dana-kampanye,ADVERTISEMENT SCROLL TO CONTINUE WITH CONTENT
KPU Gelar Rapat Evaluasi Debat Cawapres,"Selasa, 19 Mar 2019 06:31 WIB",https://www.cnnindonesia.com/nasional/20190318193849-32-378483/kpu-gelar-rapat-evaluasi-debat-cawapres,ADVERTISEMENT SCROLL TO CONTINUE WITH CONTENT
BPN Sebut Sandi Alami Puncak Gemilang di Debat Ketiga Pilpres,"Senin, 18 Mar 2019 23:18 WIB",https://www.cnnindonesia.com/nasional/20190318225915-32-378522/bpn-sebut-sandi-alami-puncak-gemilang-di-debat-ketiga-pilpres,ADVERTISEMENT SCROLL TO CONTINUE WITH CONTENT
Erwin Aksa Terancam Sanksi Golkar Karena Dukung Prabowo-Sandi,"Senin, 18 Mar 2019 21:50 WIB",https://www.cnnindonesia.com/nasional/20190318211625-32-378510/erwin-aksa-terancam-sanksi-golkar-karena-dukung-prabowo-sandi,ADVERTISEMENT SCROLL TO CONTINUE WITH CONTENT
Rudiantara: Ma'ruf Soal 3.500 Startup Hingga 2024 Realistis,"Senin, 18 Mar 2019 20:30 WIB",https://www.cnnindonesia.com/teknologi/20190318135301-185-378332/rudiantara-maruf-soal-3500-startup-hingga-2024-realistis,ADVERTISEMENT SCROLL TO CONTINUE WITH CONTENT
"Debat Cawapres, TKN Jokowi Sebut Sarung dan Peci Kalahkan Jas","Senin, 18 Mar 2019 20:13 WIB",https://www.cnnindonesia.com/nasional/20190318160156-32-378409/debat-cawapres-tkn-jokowi-sebut-sarung-dan-peci-kalahkan-jas,ADVERTISEMENT SCROLL TO CONTINUE WITH CONTENT
Menkominfo Artikan Istilah 'Tol Langit' ala Ma'ruf Amin,"Senin, 18 Mar 2019 18:21 WIB",https://www.cnnindonesia.com/teknologi/20190318181248-185-378443/menkominfo-artikan-istilah-tol-langit-ala-maruf-amin,ADVERTISEMENT SCROLL TO CONTINUE WITH CONTENT
Timses Jokowi Serahkan ke PPP Soal Nasib Romi di TKN,"Senin, 18 Mar 2019 17:38 WIB",https://www.cnnindonesia.com/nasional/20190318170522-32-378418/timses-jokowi-serahkan-ke-ppp-soal-nasib-romi-di-tkn,ADVERTISEMENT SCROLL TO CONTINUE WITH CONTENT
'Link and Match' Jangan Sekadar Lengkapi Mesin Ekonomi,"Senin, 18 Mar 2019 17:37 WIB",https://www.cnnindonesia.com/ekonomi/20190318144550-92-378420/link-and-match-jangan-sekadar-lengkapi-mesin-ekonomi,ADVERTISEMENT SCROLL TO CONTINUE WITH CONTENT
"Galang Dana, Jokowi akan Lelang Motor dan Gitar di Surabaya","Senin, 18 Mar 2019 17:27 WIB",https://www.cnnindonesia.com/nasional/20190318165453-32-378417/galang-dana-jokowi-akan-lelang-motor-dan-gitar-di-surabaya,ADVERTISEMENT SCROLL TO CONTINUE WITH CONTENT
Sandi Sebut e-KTP Sangat Mudah Gantikan Kartu Sakti Jokowi,"Senin, 18 Mar 2019 17:11 WIB",https://www.cnnindonesia.com/nasional/20190318101120-32-378274/sandi-sebut-e-ktp-sangat-mudah-gantikan-kartu-sakti-jokowi,ADVERTISEMENT SCROLL TO CONTINUE WITH CONTENT
Badan Riset Nasional ala Ma'ruf Tak Cukup Obati Masalah,"Senin, 18 Mar 2019 14:45 WIB",https://www.cnnindonesia.com/nasional/20190318142605-32-378366/badan-riset-nasional-ala-maruf-tak-cukup-obati-masalah,ADVERTISEMENT SCROLL TO CONTINUE WITH CONTENT
FBR Puji Jokowi Pajang Tari Topeng Betawi di Uang Rp100 Ribu,"Senin, 18 Mar 2019 14:31 WIB",https://www.cnnindonesia.com/nasional/20190318132702-32-378306/fbr-puji-jokowi-pajang-tari-topeng-betawi-di-uang-rp100-ribu,ADVERTISEMENT SCROLL TO CONTINUE WITH CONTENT
Dana Abadi Riset yang Disinggung Ma'ruf Sudah Masuk APBN 2019,"Senin, 18 Mar 2019 13:51 WIB",https://www.cnnindonesia.com/nasional/20190318130807-32-378326/dana-abadi-riset-yang-disinggung-maruf-sudah-masuk-apbn-2019,ADVERTISEMENT SCROLL TO CONTINUE WITH CONTENT
"Bamsoet Nilai Ma'ruf Unggul Debat, Sandi Kalah Jam Terbang","Senin, 18 Mar 2019 13:40 WIB",https://www.cnnindonesia.com/nasional/20190318120756-32-378284/bamsoet-nilai-maruf-unggul-debat-sandi-kalah-jam-terbang,ADVERTISEMENT SCROLL TO CONTINUE WITH CONTENT
YLKI Sangsi Cawapres Lekas Bereskan Defisit BPJS Kesehatan,"Senin, 18 Mar 2019 13:36 WIB",https://www.cnnindonesia.com/ekonomi/20190318124555-78-378299/ylki-sangsi-cawapres-lekas-bereskan-defisit-bpjs-kesehatan,ADVERTISEMENT SCROLL TO CONTINUE WITH CONTENT
"10 Years Challenge, Siasat Komunikasi Ma'ruf dengan Milenial","Senin, 18 Mar 2019 12:34 WIB",https://www.cnnindonesia.com/nasional/20190318122317-32-378291/10-years-challenge-siasat-komunikasi-maruf-dengan-milenial,ADVERTISEMENT SCROLL TO CONTINUE WITH CONTENT
Ihwal Lapangan Kerja yang Disebut Sandi Diberikan ke Asing,"Senin, 18 Mar 2019 12:16 WIB",https://www.cnnindonesia.com/ekonomi/20190318120900-92-378285/ihwal-lapangan-kerja-yang-disebut-sandi-diberikan-ke-asing,ADVERTISEMENT SCROLL TO CONTINUE WITH CONTENT
'Menangkap' Infrastruktur Langit Kebanggaan Ma'ruf Amin,"Senin, 18 Mar 2019 10:16 WIB",https://www.cnnindonesia.com/ekonomi/20190318091944-92-378241/menangkap-infrastruktur-langit-kebanggaan-maruf-amin,ADVERTISEMENT SCROLL TO CONTINUE WITH CONTENT
"Takut Salah Paham, Ferdinand Hapus Cuit Infrastruktur Langit","Senin, 18 Mar 2019 10:03 WIB",https://www.cnnindonesia.com/nasional/20190318094419-32-378243/takut-salah-paham-ferdinand-hapus-cuit-infrastruktur-langit,ADVERTISEMENT SCROLL TO CONTINUE WITH CONTENT
Rocky Gerung Kaget Ma'ruf Lebih Percaya Diri daripada Sandi,"Senin, 18 Mar 2019 08:24 WIB",https://www.cnnindonesia.com/nasional/20190318072709-32-378227/rocky-gerung-kaget-maruf-lebih-percaya-diri-daripada-sandi,ADVERTISEMENT SCROLL TO CONTINUE WITH CONTENT
Ma'ruf Respons Sandi: KTP Belum Bisa Jawab Semua Masalah,"Senin, 18 Mar 2019 08:12 WIB",https://www.cnnindonesia.com/nasional/20190318074858-32-378224/maruf-respons-sandi-ktp-belum-bisa-jawab-semua-masalah,ADVERTISEMENT SCROLL TO CONTINUE WITH CONTENT
BPN Klaim Sandiaga Unggul 4-1 Atas Ma'ruf di Debat Cawapres,"Senin, 18 Mar 2019 07:32 WIB",https://www.cnnindonesia.com/nasional/20190318070443-32-378206/bpn-klaim-sandiaga-unggul-4-1-atas-maruf-di-debat-cawapres,ADVERTISEMENT SCROLL TO CONTINUE WITH CONTENT
"#10YearsChallenge, Upaya Ma'ruf Saingi Gimik Sandiaga","Senin, 18 Mar 2019 07:15 WIB",https://www.cnnindonesia.com/nasional/20190318063305-32-378205/10yearschallenge-upaya-maruf-saingi-gimik-sandiaga,ADVERTISEMENT SCROLL TO CONTINUE WITH CONTENT
HNW Sebut Keberadaan UN Hadirkan Konflik Antar-Guru,"Senin, 18 Mar 2019 07:07 WIB",https://www.cnnindonesia.com/nasional/20190318063112-32-378204/hnw-sebut-keberadaan-un-hadirkan-konflik-antar-guru,ADVERTISEMENT SCROLL TO CONTINUE WITH CONTENT
Menakar Mimpi Prabowo-Sandi Menghapus Ujian Nasional,"Senin, 18 Mar 2019 06:54 WIB",https://www.cnnindonesia.com/nasional/20190317224759-32-378163/menakar-mimpi-prabowo-sandi-menghapus-ujian-nasional,ADVERTISEMENT SCROLL TO CONTINUE WITH CONTENT
"Ma'ruf Mirip Khotbah Jum'at, Sandi Lebih Eksploratif","Senin, 18 Mar 2019 06:46 WIB",https://www.cnnindonesia.com/ekonomi/20190318010009-532-378190/maruf-mirip-khotbah-jumat-sandi-lebih-eksploratif,ADVERTISEMENT SCROLL TO CONTINUE WITH CONTENT
"Debat Cawapres Ma'ruf-Sandi: Terlalu Santun, Minim Substansi","Senin, 18 Mar 2019 06:31 WIB",https://www.cnnindonesia.com/nasional/20190318015309-32-378192/debat-cawapres-maruf-sandi-terlalu-santun-minim-substansi,ADVERTISEMENT SCROLL TO CONTINUE WITH CONTENT
Debat Ma'ruf-Sandi: Drama Kiai-Santri yang Telat Panas,"Senin, 18 Mar 2019 06:01 WIB",https://www.cnnindonesia.com/nasional/20190318021201-32-378195/debat-maruf-sandi-drama-kiai-santri-yang-telat-panas,ADVERTISEMENT SCROLL TO CONTINUE WITH CONTENT
Sandiaga Berharap Debat Ketiga Yakinkan Masyarakat Memilihnya,"Senin, 18 Mar 2019 05:11 WIB",https://www.cnnindonesia.com/nasional/20190318021831-32-378194/sandiaga-berharap-debat-ketiga-yakinkan-masyarakat-memilihnya,ADVERTISEMENT SCROLL TO CONTINUE WITH CONTENT
Ma'ruf Amin Sebut Sudah Maksimal di Debat Cawapres,"Senin, 18 Mar 2019 04:01 WIB",https://www.cnnindonesia.com/nasional/20190318021128-32-378193/maruf-amin-sebut-sudah-maksimal-di-debat-cawapres,ADVERTISEMENT SCROLL TO CONTINUE WITH CONTENT
TKN: Sandi Necis Tapi Tidak Pahami Persoalan,"Senin, 18 Mar 2019 02:05 WIB",https://www.cnnindonesia.com/nasional/20190318015523-32-378191/tkn-sandi-necis-tapi-tidak-pahami-persoalan,ADVERTISEMENT SCROLL TO CONTINUE WITH CONTENT
"Performa Ma'ruf Melebihi Dugaan Saat Debat, Sandiaga Terukur","Senin, 18 Mar 2019 01:19 WIB",https://www.cnnindonesia.com/nasional/20190318010947-32-378188/performa-maruf-melebihi-dugaan-saat-debat-sandiaga-terukur,ADVERTISEMENT SCROLL TO CONTINUE WITH CONTENT
"Debat Ketiga, Ma'ruf Amin Disebut Makin Dibicarakan di Medsos","Minggu, 17 Mar 2019 23:54 WIB",https://www.cnnindonesia.com/teknologi/20190317234905-192-378184/debat-ketiga-maruf-amin-disebut-makin-dibicarakan-di-medsos,ADVERTISEMENT SCROLL TO CONTINUE WITH CONTENT
"Penutup Debat, Ma'ruf Sebut Bakal Geser Strategi Nasional","Minggu, 17 Mar 2019 23:45 WIB",https://www.cnnindonesia.com/nasional/20190317233549-32-378181/penutup-debat-maruf-sebut-bakal-geser-strategi-nasional,ADVERTISEMENT SCROLL TO CONTINUE WITH CONTENT
Ferdinand Sindir Infrastruktur Langit Buat Menuju ke Akhirat,"Minggu, 17 Mar 2019 23:27 WIB",https://www.cnnindonesia.com/nasional/20190317230645-32-378167/ferdinand-sindir-infrastruktur-langit-buat-menuju-ke-akhirat,ADVERTISEMENT SCROLL TO CONTINUE WITH CONTENT
"Kalau Terpilih, Ma'ruf Janji 3.500 Startup Baru Sampai 2024","Minggu, 17 Mar 2019 23:21 WIB",https://www.cnnindonesia.com/ekonomi/20190317224334-92-378165/kalau-terpilih-maruf-janji-3500-startup-baru-sampai-2024,ADVERTISEMENT SCROLL TO CONTINUE WITH CONTENT
"Ma'ruf Sibuk Baca Sontekan, Sandi Buat Catatan","Minggu, 17 Mar 2019 23:16 WIB",https://www.cnnindonesia.com/nasional/20190317221621-32-378160/maruf-sibuk-baca-sontekan-sandi-buat-catatan,ADVERTISEMENT SCROLL TO CONTINUE WITH CONTENT
"Mengenal Stunting, Isu Kesehatan yang Didebatkan Ma'ruf-Sandi",Tanggal tidak ditemukan,https://www.cnnindonesia.com/gaya-hidup/20190317224636-255-378158/mengenal-stunting-isu-kesehatan-yang-didebatkan-maruf-sandi,ADVERTISEMENT SCROLL TO CONTINUE WITH CONTENT
Iwan Fals soal Debat Cawapres: Pintar-pintar Ya,Tanggal tidak ditemukan,https://www.cnnindonesia.com/hiburan/20190317224601-234-378156/iwan-fals-soal-debat-cawapres-pintar-pintar-ya,ADVERTISEMENT SCROLL TO CONTINUE WITH CONTENT
Adu Visi Kebudayan Ma'ruf Amin - Sandiaga di Debat Cawapres,"Minggu, 17 Mar 2019 22:35 WIB",https://www.cnnindonesia.com/nasional/20190317215332-32-378142/adu-visi-kebudayan-maruf-amin-sandiaga-di-debat-cawapres,ADVERTISEMENT SCROLL TO CONTINUE WITH CONTENT
Ma'ruf Amin 'Ceramahi' Sandiaga Soal Tenaga Kerja Asing,"Minggu, 17 Mar 2019 22:22 WIB",https://www.cnnindonesia.com/ekonomi/20190317215334-92-378146/maruf-amin-ceramahi-sandiaga-soal-tenaga-kerja-asing,ADVERTISEMENT SCROLL TO CONTINUE WITH CONTENT
"Debat Cawapres, Ma'ruf Banggakan Infrastruktur Langit Jokowi","Minggu, 17 Mar 2019 21:46 WIB",https://www.cnnindonesia.com/ekonomi/20190317212439-92-378137/debat-cawapres-maruf-banggakan-infrastruktur-langit-jokowi,ADVERTISEMENT SCROLL TO CONTINUE WITH CONTENT
TKN Sebut Penampilan Ma'ruf Amin Saat Debat di Luar Dugaan,"Minggu, 17 Mar 2019 21:37 WIB",https://www.cnnindonesia.com/nasional/20190317185509-32-378133/tkn-sebut-penampilan-maruf-amin-saat-debat-di-luar-dugaan,ADVERTISEMENT SCROLL TO CONTINUE WITH CONTENT
Sandiaga: Saya Pernah Jadi Pengangguran,"Minggu, 17 Mar 2019 21:36 WIB",https://www.cnnindonesia.com/nasional/20190317212218-32-378132/sandiaga-saya-pernah-jadi-pengangguran,ADVERTISEMENT SCROLL TO CONTINUE WITH CONTENT
"Jangkau 215 juta Orang, Ma'ruf Pamer Program Kesehatan Jokowi","Minggu, 17 Mar 2019 21:19 WIB",https://www.cnnindonesia.com/ekonomi/20190317205612-78-378124/jangkau-215-juta-orang-maruf-pamer-program-kesehatan-jokowi,ADVERTISEMENT SCROLL TO CONTINUE WITH CONTENT
"Sandi Setia Pakai Infused Water, Ma'ruf Tak Lepas dari Sarung","Minggu, 17 Mar 2019 21:11 WIB",https://www.cnnindonesia.com/nasional/20190317204143-32-378120/sandi-setia-pakai-infused-water-maruf-tak-lepas-dari-sarung,ADVERTISEMENT SCROLL TO CONTINUE WITH CONTENT
Tas Mencurigakan di Rumah Aspirasi Jokowi Berisi Pakaian,"Minggu, 17 Mar 2019 21:04 WIB",https://www.cnnindonesia.com/nasional/20190317205529-20-378121/tas-mencurigakan-di-rumah-aspirasi-jokowi-berisi-pakaian,ADVERTISEMENT SCROLL TO CONTINUE WITH CONTENT
"Tinggalkan Debat, Jokowi Hanya Antar Ma'ruf ke Panggung","Minggu, 17 Mar 2019 20:59 WIB",https://www.cnnindonesia.com/nasional/20190317203104-32-378115/tinggalkan-debat-jokowi-hanya-antar-maruf-ke-panggung,ADVERTISEMENT SCROLL TO CONTINUE WITH CONTENT
Polisi Selidiki Benda Mencurigakan di Rumah Aspirasi Jokowi,"Minggu, 17 Mar 2019 20:52 WIB",https://www.cnnindonesia.com/nasional/20190317204400-20-378118/polisi-selidiki-benda-mencurigakan-di-rumah-aspirasi-jokowi,ADVERTISEMENT SCROLL TO CONTINUE WITH CONTENT
Ma'ruf Amin Pamer Tiga Kartu dalam Visi Misi Debat Cawapres,"Minggu, 17 Mar 2019 20:41 WIB",https://www.cnnindonesia.com/nasional/20190317202057-32-378116/maruf-amin-pamer-tiga-kartu-dalam-visi-misi-debat-cawapres,ADVERTISEMENT SCROLL TO CONTINUE WITH CONTENT
Jokowi ke Ratusan Kepala Daerah: Kalau Kalah Jangan Gede-gede,"Minggu, 17 Mar 2019 20:41 WIB",https://www.cnnindonesia.com/nasional/20190317201011-32-378107/jokowi-ke-ratusan-kepala-daerah-kalau-kalah-jangan-gede-gede,ADVERTISEMENT SCROLL TO CONTINUE WITH CONTENT
Petinggi BPN Prabowo hingga Menteri Jokowi di Lokasi Debat,"Minggu, 17 Mar 2019 20:38 WIB",https://www.cnnindonesia.com/nasional/20190317202252-32-378113/petinggi-bpn-prabowo-hingga-menteri-jokowi-di-lokasi-debat,ADVERTISEMENT SCROLL TO CONTINUE WITH CONTENT
Sandi 'Sesumbar' Atasi Defisit BPJS Kesehatan dalam 200 Hari,"Minggu, 17 Mar 2019 20:38 WIB",https://www.cnnindonesia.com/ekonomi/20190317185439-78-378114/sandi-sesumbar-atasi-defisit-bpjs-kesehatan-dalam-200-hari,ADVERTISEMENT SCROLL TO CONTINUE WITH CONTENT
Prabowo Pesan 'Be Yourself' ke Sandi Hadapi Debat Cawapres,"Minggu, 17 Mar 2019 20:06 WIB",https://www.cnnindonesia.com/nasional/20190317194654-32-378101/prabowo-pesan-be-yourself-ke-sandi-hadapi-debat-cawapres,ADVERTISEMENT SCROLL TO CONTINUE WITH CONTENT
TKN Yakin Ma'ruf Amin Akan Ungguli Sandi di Debat Cawapres,"Minggu, 17 Mar 2019 20:03 WIB",https://www.cnnindonesia.com/nasional/20190317193958-32-378100/tkn-yakin-maruf-amin-akan-ungguli-sandi-di-debat-cawapres,ADVERTISEMENT SCROLL TO CONTINUE WITH CONTENT
Cek Fakta Debat Cawapres 2019,Tanggal tidak ditemukan,https://www.cnnindonesia.com/nasional/20190317190204-527-378085/cek-fakta-debat-cawapres-2019,
Jokowi Beri Arahan pada Kepala Daerah dan Pimpinan DPRD,"Minggu, 17 Mar 2019 19:50 WIB",https://www.cnnindonesia.com/nasional/20190317192033-32-378092/jokowi-beri-arahan-pada-kepala-daerah-dan-pimpinan-dprd,ADVERTISEMENT SCROLL TO CONTINUE WITH CONTENT
Jokowi ke Sopir Truk: Saya Lari ke Sini Demi Para Pengemudi,"Minggu, 17 Mar 2019 19:47 WIB",https://www.cnnindonesia.com/nasional/20190317193253-32-378098/jokowi-ke-sopir-truk-saya-lari-ke-sini-demi-para-pengemudi,ADVERTISEMENT SCROLL TO CONTINUE WITH CONTENT
"Pendukung Kubu 01 Selawatan, Kubu 02 Teriakkan Yel","Minggu, 17 Mar 2019 19:36 WIB",https://www.cnnindonesia.com/nasional/20190317192810-32-378095/pendukung-kubu-01-selawatan-kubu-02-teriakkan-yel,ADVERTISEMENT SCROLL TO CONTINUE WITH CONTENT
Erick Thohir Sebut Ma'ruf akan Maksimal di Debat Cawapres,"Minggu, 17 Mar 2019 19:30 WIB",https://www.cnnindonesia.com/nasional/20190317191901-32-378094/erick-thohir-sebut-maruf-akan-maksimal-di-debat-cawapres,ADVERTISEMENT SCROLL TO CONTINUE WITH CONTENT
Habib Teriak di Areal Debat Cawapres: Siapa Tahu Ada Bro Romi,"Minggu, 17 Mar 2019 19:27 WIB",https://www.cnnindonesia.com/nasional/20190317191015-32-378091/habib-teriak-di-areal-debat-cawapres-siapa-tahu-ada-bro-romi,ADVERTISEMENT SCROLL TO CONTINUE WITH CONTENT
Live Report: Debat Cawapres 2019,Tanggal tidak ditemukan,https://www.cnnindonesia.com/nasional/20190317191909-32-378089/live-report-debat-cawapres-2019,
Jokowi Saksikan Langsung Debat Cawapres Ma'ruf Lawan Sandi,"Minggu, 17 Mar 2019 18:46 WIB",https://www.cnnindonesia.com/nasional/20190317183008-32-378078/jokowi-saksikan-langsung-debat-cawapres-maruf-lawan-sandi,ADVERTISEMENT SCROLL TO CONTINUE WITH CONTENT
Sandi akan Kritik Jokowi yang Belok dari Revolusi Mental,"Minggu, 17 Mar 2019 18:29 WIB",https://www.cnnindonesia.com/nasional/20190317180539-32-378074/sandi-akan-kritik-jokowi-yang-belok-dari-revolusi-mental,ADVERTISEMENT SCROLL TO CONTINUE WITH CONTENT
"GBK Ditutup untuk Umum, 4.447 Aparat Kawal Debat Cawapres","Minggu, 17 Mar 2019 18:20 WIB",https://www.cnnindonesia.com/nasional/20190317175212-20-378073/gbk-ditutup-untuk-umum-4447-aparat-kawal-debat-cawapres,ADVERTISEMENT SCROLL TO CONTINUE WITH CONTENT
Survei SMRC: Jarak Jokowi dan Prabowo Makin Melebar,"Minggu, 17 Mar 2019 18:15 WIB",https://www.cnnindonesia.com/nasional/20190317171934-32-378052/survei-smrc-jarak-jokowi-dan-prabowo-makin-melebar,ADVERTISEMENT SCROLL TO CONTINUE WITH CONTENT
"Live Streaming Debat Cawapres Ma'ruf vs Sandi, Simak di Sini","Minggu, 17 Mar 2019 17:57 WIB",https://www.cnnindonesia.com/nasional/20190317164008-32-378043/live-streaming-debat-cawapres-maruf-vs-sandi-simak-di-sini,ADVERTISEMENT SCROLL TO CONTINUE WITH CONTENT
Jadwal Debat Cawapres di Pilpres 2019: Ma'ruf vs Sandiaga,"Minggu, 17 Mar 2019 17:49 WIB",https://www.cnnindonesia.com/nasional/20190317174406-37-378060/jadwal-debat-cawapres-di-pilpres-2019-maruf-vs-sandiaga,ADVERTISEMENT SCROLL TO CONTINUE WITH CONTENT
"Pesawat Telat, Prabowo Batal Lepas Sandi ke Arena Debat","Minggu, 17 Mar 2019 17:47 WIB",https://www.cnnindonesia.com/nasional/20190317173323-32-378057/pesawat-telat-prabowo-batal-lepas-sandi-ke-arena-debat,ADVERTISEMENT SCROLL TO CONTINUE WITH CONTENT
"H-30 Pilpres 2019, TKN Jokowi-Ma'ruf Kumpulkan Kepala Daerah","Minggu, 17 Mar 2019 17:14 WIB",https://www.cnnindonesia.com/nasional/20190317163134-32-378033/h-30-pilpres-2019-tkn-jokowi-maruf-kumpulkan-kepala-daerah,ADVERTISEMENT SCROLL TO CONTINUE WITH CONTENT
Prabowo Dipastikan Tak Dampingi Sandi dalam Debat Pilpres,"Minggu, 17 Mar 2019 17:07 WIB",https://www.cnnindonesia.com/nasional/20190317164139-32-378044/prabowo-dipastikan-tak-dampingi-sandi-dalam-debat-pilpres,ADVERTISEMENT SCROLL TO CONTINUE WITH CONTENT
Jelang Debat Sandi-Ma'ruf dan Sindiran Tingkat Tinggi,"Minggu, 17 Mar 2019 16:52 WIB",https://www.cnnindonesia.com/nasional/20190317031855-32-377921/jelang-debat-sandi-maruf-dan-sindiran-tingkat-tinggi,ADVERTISEMENT SCROLL TO CONTINUE WITH CONTENT
Beradu Manis Sikap Kiai Ma'ruf dan Santri Sandiaga,"Minggu, 17 Mar 2019 16:47 WIB",https://www.cnnindonesia.com/nasional/20190317034559-32-377922/beradu-manis-sikap-kiai-maruf-dan-santri-sandiaga,ADVERTISEMENT SCROLL TO CONTINUE WITH CONTENT
"Debat Cawapres, Pertarungan Gaet Pemilih Galau","Minggu, 17 Mar 2019 16:30 WIB",https://www.cnnindonesia.com/nasional/20190315132539-32-377563/debat-cawapres-pertarungan-gaet-pemilih-galau,ADVERTISEMENT SCROLL TO CONTINUE WITH CONTENT
Pakaian Ma'ruf dan Beban Sandi di Debat Cawapres,"Minggu, 17 Mar 2019 16:24 WIB",https://www.cnnindonesia.com/nasional/20190315210016-32-377750/pakaian-maruf-dan-beban-sandi-di-debat-cawapres,ADVERTISEMENT SCROLL TO CONTINUE WITH CONTENT
"Stunting dan Defisit BPJS, Isu Penting Debat Cawapres","Minggu, 17 Mar 2019 15:56 WIB",https://www.cnnindonesia.com/nasional/20190314182849-32-377359/stunting-dan-defisit-bpjs-isu-penting-debat-cawapres,ADVERTISEMENT SCROLL TO CONTINUE WITH CONTENT
"Isu Tenaga Kerja Asing, Amunisi Sandi Serang Ma'ruf","Minggu, 17 Mar 2019 15:28 WIB",https://www.cnnindonesia.com/nasional/20190315181047-32-377701/isu-tenaga-kerja-asing-amunisi-sandi-serang-maruf,ADVERTISEMENT SCROLL TO CONTINUE WITH CONTENT
"Revolusi Mental, Bola Panas untuk Ma'ruf di Debat Cawapres","Minggu, 17 Mar 2019 14:25 WIB",https://www.cnnindonesia.com/nasional/20190315215050-32-377771/revolusi-mental-bola-panas-untuk-maruf-di-debat-cawapres,ADVERTISEMENT SCROLL TO CONTINUE WITH CONTENT
"Jelang Debat Cawapres, Ma'ruf Habiskan Waktu Bersama Keluarga","Minggu, 17 Mar 2019 14:22 WIB",https://www.cnnindonesia.com/nasional/20190317141514-32-378006/jelang-debat-cawapres-maruf-habiskan-waktu-bersama-keluarga,ADVERTISEMENT SCROLL TO CONTINUE WITH CONTENT
Karakter Siswa dan Kesejahteraan Guru Menanti Diulas di Debat,"Minggu, 17 Mar 2019 14:12 WIB",https://www.cnnindonesia.com/nasional/20190314170915-32-377336/karakter-siswa-dan-kesejahteraan-guru-menanti-diulas-di-debat,ADVERTISEMENT SCROLL TO CONTINUE WITH CONTENT
KPU Sebut Panelis Serahkan Daftar Pertanyaan Debat Sore Ini,"Minggu, 17 Mar 2019 13:56 WIB",https://www.cnnindonesia.com/nasional/20190317134204-32-378003/kpu-sebut-panelis-serahkan-daftar-pertanyaan-debat-sore-ini,ADVERTISEMENT SCROLL TO CONTINUE WITH CONTENT
"Putri Ayuningtyas, dari Debat Pilgub Jateng ke Debat Cawapres","Minggu, 17 Mar 2019 13:12 WIB",https://www.cnnindonesia.com/nasional/20190314133743-32-377216/putri-ayuningtyas-dari-debat-pilgub-jateng-ke-debat-cawapres,ADVERTISEMENT SCROLL TO CONTINUE WITH CONTENT
"Alfito Deannova, Moderator Debat Cawapres yang Mantan Akuntan","Minggu, 17 Mar 2019 12:40 WIB",https://www.cnnindonesia.com/nasional/20190314125216-32-377202/alfito-deannova-moderator-debat-cawapres-yang-mantan-akuntan,ADVERTISEMENT SCROLL TO CONTINUE WITH CONTENT
"Jelang Debat Cawapres, Ratusan Ulama Doakan Ma'ruf Amin","Minggu, 17 Mar 2019 12:38 WIB",https://www.cnnindonesia.com/nasional/20190317112951-32-377978/jelang-debat-cawapres-ratusan-ulama-doakan-maruf-amin,ADVERTISEMENT SCROLL TO CONTINUE WITH CONTENT
Empat 'Senjata' Sandi dan Wibawa Ma'ruf jadi 'Tolak Bala',"Minggu, 17 Mar 2019 11:30 WIB",https://www.cnnindonesia.com/ekonomi/20190317055532-532-377950/empat-senjata-sandi-dan-wibawa-maruf-jadi-tolak-bala,ADVERTISEMENT SCROLL TO CONTINUE WITH CONTENT
"Debat Cawapres, Sandi Diprediksi Sandiwara Jadi Santri Ma'ruf","Minggu, 17 Mar 2019 10:06 WIB",https://www.cnnindonesia.com/nasional/20190317090516-32-377953/debat-cawapres-sandi-diprediksi-sandiwara-jadi-santri-maruf,ADVERTISEMENT SCROLL TO CONTINUE WITH CONTENT
Ma'ruf Amin Akan Sisipkan Ayat Alquran Saat Debat Cawapres,"Minggu, 17 Mar 2019 08:38 WIB",https://www.cnnindonesia.com/nasional/20190317083038-32-377951/maruf-amin-akan-sisipkan-ayat-alquran-saat-debat-cawapres,ADVERTISEMENT SCROLL TO CONTINUE WITH CONTENT
Debat Cawapres Malam Ini: Hal-hal yang Penting Diketahui,"Minggu, 17 Mar 2019 06:55 WIB",https://www.cnnindonesia.com/nasional/20190316225841-37-377899/debat-cawapres-malam-ini-hal-hal-yang-penting-diketahui,ADVERTISEMENT SCROLL TO CONTINUE WITH CONTENT
"Romi Ditangkap KPK, TKN Beri Solidaritas untuk PPP","Sabtu, 16 Mar 2019 22:23 WIB",https://www.cnnindonesia.com/nasional/20190316183131-32-377867/romi-ditangkap-kpk-tkn-beri-solidaritas-untuk-ppp,ADVERTISEMENT SCROLL TO CONTINUE WITH CONTENT
Partai Kakbah dalam Pusaran Korupsi Ketua Umum,"Sabtu, 16 Mar 2019 16:36 WIB",https://www.cnnindonesia.com/nasional/20190315170607-32-377658/partai-kakbah-dalam-pusaran-korupsi-ketua-umum,ADVERTISEMENT SCROLL TO CONTINUE WITH CONTENT
KPU Gladi Bersih Debat Ma'ruf Amin - Sandiaga Uno,"Sabtu, 16 Mar 2019 12:31 WIB",https://www.cnnindonesia.com/nasional/20190315210319-32-377751/kpu-gladi-bersih-debat-maruf-amin-sandiaga-uno,ADVERTISEMENT SCROLL TO CONTINUE WITH CONTENT
"Romi, Mimpi Kiai Hingga Lobi Jokowi Pinang Ma'ruf Amin","Sabtu, 16 Mar 2019 10:36 WIB",https://www.cnnindonesia.com/nasional/20190315133651-32-377560/romi-mimpi-kiai-hingga-lobi-jokowi-pinang-maruf-amin,ADVERTISEMENT SCROLL TO CONTINUE WITH CONTENT
Penangkapan Romi Dinilai Bakal Bikin TKN Jokowi-Ma'ruf Repot,"Sabtu, 16 Mar 2019 05:24 WIB",https://www.cnnindonesia.com/nasional/20190316032057-32-377783/penangkapan-romi-dinilai-bakal-bikin-tkn-jokowi-maruf-repot,ADVERTISEMENT SCROLL TO CONTINUE WITH CONTENT
"Amankan Debat Ketiga, Polda Terjunkan 5.000 Personel Gabungan","Sabtu, 16 Mar 2019 01:49 WIB",https://www.cnnindonesia.com/nasional/20190315161717-20-377626/amankan-debat-ketiga-polda-terjunkan-5000-personel-gabungan,ADVERTISEMENT SCROLL TO CONTINUE WITH CONTENT
TKN: OTT Romi Sumbang Persepsi Positif untuk Jokowi,"Sabtu, 16 Mar 2019 00:38 WIB",https://www.cnnindonesia.com/nasional/20190315232544-32-377777/tkn-ott-romi-sumbang-persepsi-positif-untuk-jokowi,ADVERTISEMENT SCROLL TO CONTINUE WITH CONTENT
Survei Alvara: Jokowi Unggul Tipis di Kalangan Pemilih Muda,"Jumat, 15 Mar 2019 20:14 WIB",https://www.cnnindonesia.com/nasional/20190315200350-32-377733/survei-alvara-jokowi-unggul-tipis-di-kalangan-pemilih-muda,ADVERTISEMENT SCROLL TO CONTINUE WITH CONTENT
Ma'ruf dan Sandi Kutuk Penembakan di Selandia Baru,"Jumat, 15 Mar 2019 19:46 WIB",https://www.cnnindonesia.com/nasional/20190315190307-32-377729/maruf-dan-sandi-kutuk-penembakan-di-selandia-baru,ADVERTISEMENT SCROLL TO CONTINUE WITH CONTENT
INFOGRAFIS: Ketimpangan Ekonomi RI dari Masa ke Masa,"Jumat, 15 Mar 2019 17:55 WIB",https://www.cnnindonesia.com/ekonomi/20190314163248-535-377295/infografis-ketimpangan-ekonomi-ri-dari-masa-ke-masa,
"Romi Ditangkap di Depan Posko Jokowi, Ketua TKD Jatim Kalem","Jumat, 15 Mar 2019 17:50 WIB",https://www.cnnindonesia.com/nasional/20190315173329-32-377662/romi-ditangkap-di-depan-posko-jokowi-ketua-tkd-jatim-kalem,ADVERTISEMENT SCROLL TO CONTINUE WITH CONTENT
"Survei: Kaum Muda Banyak Golput, 'Undecided Voters' Naik","Jumat, 15 Mar 2019 17:34 WIB",https://www.cnnindonesia.com/nasional/20190315142034-32-377581/survei-kaum-muda-banyak-golput-undecided-voters-naik,ADVERTISEMENT SCROLL TO CONTINUE WITH CONTENT
Ma'ruf Minta Penangkapan Romi Tak Dikaitkan Pilpres,"Jumat, 15 Mar 2019 16:50 WIB",https://www.cnnindonesia.com/nasional/20190315163053-32-377631/maruf-minta-penangkapan-romi-tak-dikaitkan-pilpres,ADVERTISEMENT SCROLL TO CONTINUE WITH CONTENT
Survei Alvara: Prabowo-Sandi Kuasai Sumatera,"Jumat, 15 Mar 2019 16:24 WIB",https://www.cnnindonesia.com/nasional/20190315140733-32-377601/survei-alvara-prabowo-sandi-kuasai-sumatera,ADVERTISEMENT SCROLL TO CONTINUE WITH CONTENT
TKN Bakal Sanksi Romi Jika Terbukti Bersalah,"Jumat, 15 Mar 2019 15:50 WIB",https://www.cnnindonesia.com/nasional/20190315151441-32-377603/tkn-bakal-sanksi-romi-jika-terbukti-bersalah,ADVERTISEMENT SCROLL TO CONTINUE WITH CONTENT
Dilema Anggaran Jumbo Pendidikan Minim Hasil,"Jumat, 15 Mar 2019 14:54 WIB",https://www.cnnindonesia.com/ekonomi/20190313204741-532-377038/dilema-anggaran-jumbo-pendidikan-minim-hasil,ADVERTISEMENT SCROLL TO CONTINUE WITH CONTENT
Ketua PPP Romi Suka SUV Jepang dan 'Motor Bebek' Legendaris,"Jumat, 15 Mar 2019 14:35 WIB",https://www.cnnindonesia.com/otomotif/20190315143145-579-377582/ketua-ppp-romi-suka-suv-jepang-dan-motor-bebek-legendaris,ADVERTISEMENT SCROLL TO CONTINUE WITH CONTENT ADVERTISEMENT SCROLL TO CONTINUE WITH CONTENT
"Jelang Debat, Puan Maharani Sambangi Kediaman Ma'ruf Amin","Jumat, 15 Mar 2019 14:23 WIB",https://www.cnnindonesia.com/nasional/20190315141800-32-377576/jelang-debat-puan-maharani-sambangi-kediaman-maruf-amin,ADVERTISEMENT SCROLL TO CONTINUE WITH CONTENT
Erick Thohir Yakin Kabar OTT Romi Tak Gerus Suara Jokowi,"Jumat, 15 Mar 2019 13:01 WIB",https://www.cnnindonesia.com/nasional/20190315125012-32-377545/erick-thohir-yakin-kabar-ott-romi-tak-gerus-suara-jokowi,ADVERTISEMENT SCROLL TO CONTINUE WITH CONTENT
Ma'ruf Amin Sudah Dengar Kabar Penangkapan Ketum PPP Romi,"Jumat, 15 Mar 2019 12:43 WIB",https://www.cnnindonesia.com/nasional/20190315122706-32-377540/maruf-amin-sudah-dengar-kabar-penangkapan-ketum-ppp-romi,ADVERTISEMENT SCROLL TO CONTINUE WITH CONTENT
TKN soal Kabar OTT Romi: Praduga Tak Bersalah Harus Dijaga,"Jumat, 15 Mar 2019 12:00 WIB",https://www.cnnindonesia.com/nasional/20190315114815-32-377520/tkn-soal-kabar-ott-romi-praduga-tak-bersalah-harus-dijaga,ADVERTISEMENT SCROLL TO CONTINUE WITH CONTENT
INFOGRAFIS: Data Peserta BPJS Kesehatan dari Tahun ke Tahun,"Jumat, 15 Mar 2019 11:57 WIB",https://www.cnnindonesia.com/ekonomi/20190313171811-81-376965/infografis-data-peserta-bpjs-kesehatan-dari-tahun-ke-tahun,
Warisan Penyakit BPJS Jokowi dan Janji 'Surga' Prabowo,"Jumat, 15 Mar 2019 11:29 WIB",https://www.cnnindonesia.com/ekonomi/20190314202432-78-377396/warisan-penyakit-bpjs-jokowi-dan-janji-surga-prabowo,ADVERTISEMENT SCROLL TO CONTINUE WITH CONTENT
Elite Parpol Pendukung Prabowo Rapat Agenda Rebut Kemenangan,"Jumat, 15 Mar 2019 10:30 WIB",https://www.cnnindonesia.com/nasional/20190315082644-32-377443/elite-parpol-pendukung-prabowo-rapat-agenda-rebut-kemenangan,ADVERTISEMENT SCROLL TO CONTINUE WITH CONTENT
"Jelang Debat, Sandiaga Fokus Pembangunan Indonesia Sehat","Jumat, 15 Mar 2019 09:43 WIB",https://www.cnnindonesia.com/nasional/20190315082938-32-377444/jelang-debat-sandiaga-fokus-pembangunan-indonesia-sehat,ADVERTISEMENT SCROLL TO CONTINUE WITH CONTENT
Buih Isu Tenaga Kerja di Debat Ma'ruf vs Sandi,"Jumat, 15 Mar 2019 09:08 WIB",https://www.cnnindonesia.com/ekonomi/20190314170859-92-377331/buih-isu-tenaga-kerja-di-debat-maruf-vs-sandi,ADVERTISEMENT SCROLL TO CONTINUE WITH CONTENT
"Agar Debat Cawapres Imbang, Ma'ruf Diminta Copot 'Jaket' Kiai","Jumat, 15 Mar 2019 06:42 WIB",https://www.cnnindonesia.com/nasional/20190314191126-32-377379/agar-debat-cawapres-imbang-maruf-diminta-copot-jaket-kiai,ADVERTISEMENT SCROLL TO CONTINUE WITH CONTENT
Prabowo Apresiasi KPU: Kita Hasilkan Demokrasi yang Sejuk,"Jumat, 15 Mar 2019 01:40 WIB",https://www.cnnindonesia.com/nasional/20190314225918-32-377414/prabowo-apresiasi-kpu-kita-hasilkan-demokrasi-yang-sejuk,ADVERTISEMENT SCROLL TO CONTINUE WITH CONTENT
Debat Cawapres Dinilai Cuma Ajang Olok-olok Antarpendukung,"Jumat, 15 Mar 2019 00:12 WIB",https://www.cnnindonesia.com/nasional/20190314171212-32-377330/debat-cawapres-dinilai-cuma-ajang-olok-olok-antarpendukung,ADVERTISEMENT SCROLL TO CONTINUE WITH CONTENT
"Pengamanan Debat Pilpres, Polda Tunggu Informasi Detail KPU","Kamis, 14 Mar 2019 23:38 WIB",https://www.cnnindonesia.com/nasional/20190314223518-20-377410/pengamanan-debat-pilpres-polda-tunggu-informasi-detail-kpu,ADVERTISEMENT SCROLL TO CONTINUE WITH CONTENT
"Diminta Ganti Gaya, Sandiaga Akan Tampil Biasa di Debat","Kamis, 14 Mar 2019 22:57 WIB",https://www.cnnindonesia.com/nasional/20190314210709-32-377404/diminta-ganti-gaya-sandiaga-akan-tampil-biasa-di-debat,ADVERTISEMENT SCROLL TO CONTINUE WITH CONTENT
Tim Kampanye Jokowi-Ma'ruf Minta PSI Tak Bikin Gaduh,"Kamis, 14 Mar 2019 21:05 WIB",https://www.cnnindonesia.com/nasional/20190314202252-32-377390/tim-kampanye-jokowi-maruf-minta-psi-tak-bikin-gaduh,ADVERTISEMENT SCROLL TO CONTINUE WITH CONTENT
Info Live Streaming Debat Cawapres 2019 Ma'ruf vs Sandiaga,"Kamis, 14 Mar 2019 19:12 WIB",https://www.cnnindonesia.com/nasional/20190314165224-37-377313/info-live-streaming-debat-cawapres-2019-maruf-vs-sandiaga,ADVERTISEMENT SCROLL TO CONTINUE WITH CONTENT
TKN Anggap Isu Pelanggaran HAM Prabowo Bukan Topik Utama,"Kamis, 14 Mar 2019 19:00 WIB",https://www.cnnindonesia.com/nasional/20190314162333-32-377292/tkn-anggap-isu-pelanggaran-ham-prabowo-bukan-topik-utama,ADVERTISEMENT SCROLL TO CONTINUE WITH CONTENT
"Kader PBB Tewas Dipanah, Yusril Duga Ada Motif Politik","Kamis, 14 Mar 2019 17:51 WIB",https://www.cnnindonesia.com/nasional/20190314174110-12-377335/kader-pbb-tewas-dipanah-yusril-duga-ada-motif-politik,ADVERTISEMENT SCROLL TO CONTINUE WITH CONTENT
Jadwal Debat Cawapres Ma'ruf vs Sandiaga di Pilpres 2019,"Kamis, 14 Mar 2019 17:43 WIB",https://www.cnnindonesia.com/nasional/20190314165854-37-377315/jadwal-debat-cawapres-maruf-vs-sandiaga-di-pilpres-2019,ADVERTISEMENT SCROLL TO CONTINUE WITH CONTENT
TKN Respons Bahar Smith: Jokowi Tak Pernah Intervensi Hukum,"Kamis, 14 Mar 2019 17:32 WIB",https://www.cnnindonesia.com/nasional/20190314162142-20-377301/tkn-respons-bahar-smith-jokowi-tak-pernah-intervensi-hukum,ADVERTISEMENT SCROLL TO CONTINUE WITH CONTENT
TKN Jokowi Minta Pendukung Tak Datang ke Arena Debat Cawapres,"Kamis, 14 Mar 2019 15:06 WIB",https://www.cnnindonesia.com/nasional/20190314141549-32-377243/tkn-jokowi-minta-pendukung-tak-datang-ke-arena-debat-cawapres,ADVERTISEMENT SCROLL TO CONTINUE WITH CONTENT
Debat Ma'ruf Vs Sandi Dikawal 6 Anggota Komite Damai,"Kamis, 14 Mar 2019 14:27 WIB",https://www.cnnindonesia.com/nasional/20190314140812-32-377240/debat-maruf-vs-sandi-dikawal-6-anggota-komite-damai,ADVERTISEMENT SCROLL TO CONTINUE WITH CONTENT
Golkar Sindir PSI: Fokus Saja pada Pemenangan Jokowi,"Kamis, 14 Mar 2019 14:09 WIB",https://www.cnnindonesia.com/nasional/20190314130724-32-377211/golkar-sindir-psi-fokus-saja-pada-pemenangan-jokowi,ADVERTISEMENT SCROLL TO CONTINUE WITH CONTENT
TKN Sebut Ma'ruf Siapkan Dalil saat Debat Lawan Sandi,"Kamis, 14 Mar 2019 14:05 WIB",https://www.cnnindonesia.com/nasional/20190314125903-32-377219/tkn-sebut-maruf-siapkan-dalil-saat-debat-lawan-sandi,ADVERTISEMENT SCROLL TO CONTINUE WITH CONTENT
KPU Ajak Jokowi-Prabowo Nonton 'Suara April' di Bioskop,"Kamis, 14 Mar 2019 12:10 WIB",https://www.cnnindonesia.com/nasional/20190314115016-32-377170/kpu-ajak-jokowi-prabowo-nonton-suara-april-di-bioskop,ADVERTISEMENT SCROLL TO CONTINUE WITH CONTENT
Kemendagri Usut Kasus 15 Camat Dukung 01 jika Ada Rekomendasi,"Kamis, 14 Mar 2019 11:51 WIB",https://www.cnnindonesia.com/nasional/20190314111001-20-377155/kemendagri-usut-kasus-15-camat-dukung-01-jika-ada-rekomendasi,ADVERTISEMENT SCROLL TO CONTINUE WITH CONTENT
BPN Sebut Sandi Bakal Tawarkan Solusi di Debat Cawapres,"Kamis, 14 Mar 2019 10:48 WIB",https://www.cnnindonesia.com/nasional/20190314100536-32-377126/bpn-sebut-sandi-bakal-tawarkan-solusi-di-debat-cawapres,ADVERTISEMENT SCROLL TO CONTINUE WITH CONTENT
BPN Prabowo: Keluarga Korban Aktivis Dimanfaatkan Tim Jokowi,"Kamis, 14 Mar 2019 10:32 WIB",https://www.cnnindonesia.com/nasional/20190314092830-32-377133/bpn-prabowo-keluarga-korban-aktivis-dimanfaatkan-tim-jokowi,ADVERTISEMENT SCROLL TO CONTINUE WITH CONTENT
TKD Jokowi Jatim Sebut Ceramah Ustaz di Banyuwangi Fitnah,"Kamis, 14 Mar 2019 07:27 WIB",https://www.cnnindonesia.com/nasional/20190314070906-32-377081/tkd-jokowi-jatim-sebut-ceramah-ustaz-di-banyuwangi-fitnah,ADVERTISEMENT SCROLL TO CONTINUE WITH CONTENT
Polda Metro Tunggu Info Intelijen untuk Pengamanan Debat,"Kamis, 14 Mar 2019 06:23 WIB",https://www.cnnindonesia.com/nasional/20190313202958-20-377022/polda-metro-tunggu-info-intelijen-untuk-pengamanan-debat,ADVERTISEMENT SCROLL TO CONTINUE WITH CONTENT
TKN Bantah Amien Rais: Elektabilitas Jokowi Tinggi di Desa,"Rabu, 13 Mar 2019 20:36 WIB",https://www.cnnindonesia.com/nasional/20190313194737-32-377018/tkn-bantah-amien-rais-elektabilitas-jokowi-tinggi-di-desa,ADVERTISEMENT SCROLL TO CONTINUE WITH CONTENT
Tim Jokowi Tempuh Hukum Jika Tengku Zulkarnain Tak Minta Maaf,"Rabu, 13 Mar 2019 20:29 WIB",https://www.cnnindonesia.com/nasional/20190313194525-32-377012/tim-jokowi-tempuh-hukum-jika-tengku-zulkarnain-tak-minta-maaf,ADVERTISEMENT SCROLL TO CONTINUE WITH CONTENT
Dua Caleg PBB Resmi Mundur Karena Partai Tak Dukung Rizieq,"Rabu, 13 Mar 2019 18:58 WIB",https://www.cnnindonesia.com/nasional/20190313183209-32-376997/dua-caleg-pbb-resmi-mundur-karena-partai-tak-dukung-rizieq,ADVERTISEMENT SCROLL TO CONTINUE WITH CONTENT
"Survei: Mayoritas Ormas Islam Dukung Jokowi, Kecuali FPI","Rabu, 13 Mar 2019 18:47 WIB",https://www.cnnindonesia.com/nasional/20190313183621-32-376993/survei-mayoritas-ormas-islam-dukung-jokowi-kecuali-fpi,ADVERTISEMENT SCROLL TO CONTINUE WITH CONTENT
Jokowi Tanya Ma'ruf soal Persiapan Debat Lawan Sandiaga,"Rabu, 13 Mar 2019 16:36 WIB",https://www.cnnindonesia.com/nasional/20190313161247-32-376928/jokowi-tanya-maruf-soal-persiapan-debat-lawan-sandiaga,ADVERTISEMENT SCROLL TO CONTINUE WITH CONTENT
Jurkam Prabowo Tak Tahu Chep Hernawan Eks Donatur ISIS,"Rabu, 13 Mar 2019 15:44 WIB",https://www.cnnindonesia.com/nasional/20190313152013-32-376907/jurkam-prabowo-tak-tahu-chep-hernawan-eks-donatur-isis,ADVERTISEMENT SCROLL TO CONTINUE WITH CONTENT
Fahri Sebut Manuver Agum Jurus Kepepet Jokowi yang Mau Kalah,"Rabu, 13 Mar 2019 13:59 WIB",https://www.cnnindonesia.com/nasional/20190313124024-32-376847/fahri-sebut-manuver-agum-jurus-kepepet-jokowi-yang-mau-kalah,ADVERTISEMENT SCROLL TO CONTINUE WITH CONTENT
Amien Rais Tuding Timses Jokowi Bagi-bagi Uang di Desa,"Rabu, 13 Mar 2019 10:49 WIB",https://www.cnnindonesia.com/nasional/20190313095843-32-376775/amien-rais-tuding-timses-jokowi-bagi-bagi-uang-di-desa,ADVERTISEMENT SCROLL TO CONTINUE WITH CONTENT
TKN Yakin Sandi Tak Akan Serang Ma'ruf Habis-habisan di Debat,"Rabu, 13 Mar 2019 06:37 WIB",https://www.cnnindonesia.com/nasional/20190312203645-32-376681/tkn-yakin-sandi-tak-akan-serang-maruf-habis-habisan-di-debat,ADVERTISEMENT SCROLL TO CONTINUE WITH CONTENT
Kubu Jokowi Menolak Dikaitkan dengan 'Nyanyian' Agum Gumelar,"Rabu, 13 Mar 2019 06:15 WIB",https://www.cnnindonesia.com/nasional/20190312175414-32-376606/kubu-jokowi-menolak-dikaitkan-dengan-nyanyian-agum-gumelar,ADVERTISEMENT SCROLL TO CONTINUE WITH CONTENT
Panitia Konser Ahmad Dhani: Jokowi-Ma'ruf Boleh Hadir,"Rabu, 13 Mar 2019 06:01 WIB",https://www.cnnindonesia.com/nasional/20190312201417-20-376682/panitia-konser-ahmad-dhani-jokowi-maruf-boleh-hadir,ADVERTISEMENT SCROLL TO CONTINUE WITH CONTENT
Koalisi Sipil Ingatkan Kasus Novel Tak Dibawa ke Politik,"Rabu, 13 Mar 2019 05:37 WIB",https://www.cnnindonesia.com/nasional/20190312204713-32-376695/koalisi-sipil-ingatkan-kasus-novel-tak-dibawa-ke-politik,ADVERTISEMENT SCROLL TO CONTINUE WITH CONTENT
TKN Curigai Upaya Delegitimasi KPU,"Rabu, 13 Mar 2019 05:17 WIB",https://www.cnnindonesia.com/nasional/20190313022328-32-376723/tkn-curigai-upaya-delegitimasi-kpu,ADVERTISEMENT SCROLL TO CONTINUE WITH CONTENT
TKN Sebut Kartu Prakerja Khusus untuk Usia Produktif,"Rabu, 13 Mar 2019 04:50 WIB",https://www.cnnindonesia.com/nasional/20190313013929-32-376721/tkn-sebut-kartu-prakerja-khusus-untuk-usia-produktif,ADVERTISEMENT SCROLL TO CONTINUE WITH CONTENT
Agung Harap Golkar Genjot Perolehan Suara untuk Kursi DPR,"Rabu, 13 Mar 2019 04:02 WIB",https://www.cnnindonesia.com/nasional/20190312205317-32-376687/agung-harap-golkar-genjot-perolehan-suara-untuk-kursi-dpr,ADVERTISEMENT SCROLL TO CONTINUE WITH CONTENT
Ma'ruf Amin Bertemu Jokowi di Istana,"Selasa, 12 Mar 2019 21:19 WIB",https://www.cnnindonesia.com/nasional/20190312211231-32-376697/maruf-amin-bertemu-jokowi-di-istana,ADVERTISEMENT SCROLL TO CONTINUE WITH CONTENT
Bawaslu Setop Kasus 15 Camat Makassar Deklarasi Dukung Jokowi,"Selasa, 12 Mar 2019 20:30 WIB",https://www.cnnindonesia.com/nasional/20190312202425-32-376677/bawaslu-setop-kasus-15-camat-makassar-deklarasi-dukung-jokowi,ADVERTISEMENT SCROLL TO CONTINUE WITH CONTENT
BPN Duga Timses Jokowi Giring Warga Jateng Tak Nonton Debat,"Selasa, 12 Mar 2019 20:24 WIB",https://www.cnnindonesia.com/nasional/20190312193256-32-376672/bpn-duga-timses-jokowi-giring-warga-jateng-tak-nonton-debat,ADVERTISEMENT SCROLL TO CONTINUE WITH CONTENT
TKN Minta Amien Tak Sebar Hoaks Jokowi 'Presiden Pengembang',"Selasa, 12 Mar 2019 20:15 WIB",https://www.cnnindonesia.com/nasional/20190312200624-32-376675/tkn-minta-amien-tak-sebar-hoaks-jokowi-presiden-pengembang,ADVERTISEMENT SCROLL TO CONTINUE WITH CONTENT
"Jelang Debat Cawapres, Ma'ruf Berlatih Atur Waktu Bicara","Selasa, 12 Mar 2019 19:09 WIB",https://www.cnnindonesia.com/nasional/20190312185842-32-376630/jelang-debat-cawapres-maruf-berlatih-atur-waktu-bicara,ADVERTISEMENT SCROLL TO CONTINUE WITH CONTENT
TKN Nilai Tim Prabowo Takut soal Cuti Jokowi dan Manuver Agum,"Selasa, 12 Mar 2019 17:24 WIB",https://www.cnnindonesia.com/nasional/20190312163115-32-376588/tkn-nilai-tim-prabowo-takut-soal-cuti-jokowi-dan-manuver-agum,ADVERTISEMENT SCROLL TO CONTINUE WITH CONTENT
Pesan Ratna Sarumpaet ke Sandi untuk Debat:Good Luck,"Selasa, 12 Mar 2019 16:42 WIB",https://www.cnnindonesia.com/nasional/20190312163207-32-376585/pesan-ratna-sarumpaet-ke-sandi-untuk-debat-good-luck,ADVERTISEMENT SCROLL TO CONTINUE WITH CONTENT
Empat Rektor Ditunjuk Jadi Panelis Debat Cawapres,"Selasa, 12 Mar 2019 15:41 WIB",https://www.cnnindonesia.com/nasional/20190312133220-32-376487/empat-rektor-ditunjuk-jadi-panelis-debat-cawapres,ADVERTISEMENT SCROLL TO CONTINUE WITH CONTENT
Survei Internal BPN Klaim Prabowo-Sandi Kuasai Jawa,"Selasa, 12 Mar 2019 14:32 WIB",https://www.cnnindonesia.com/nasional/20190312140713-32-376498/survei-internal-bpn-klaim-prabowo-sandi-kuasai-jawa,ADVERTISEMENT SCROLL TO CONTINUE WITH CONTENT
Bamsoet Sebut DPR Ingin Partisipasi Pemilih 80 Persen,"Selasa, 12 Mar 2019 05:25 WIB",https://www.cnnindonesia.com/nasional/20190311140040-32-376181/bamsoet-sebut-dpr-ingin-partisipasi-pemilih-80-persen,ADVERTISEMENT SCROLL TO CONTINUE WITH CONTENT
"Siap Debat, Ma'ruf Disebut Bakal Pertajam Program Jokowi","Selasa, 12 Mar 2019 02:15 WIB",https://www.cnnindonesia.com/nasional/20190311225727-32-376353/siap-debat-maruf-disebut-bakal-pertajam-program-jokowi,ADVERTISEMENT SCROLL TO CONTINUE WITH CONTENT
Sandiaga Uno Sungkan Sikut Ma'ruf Amin di Debat Cawapres,"Senin, 11 Mar 2019 22:03 WIB",https://www.cnnindonesia.com/nasional/20190311194733-32-376319/sandiaga-uno-sungkan-sikut-maruf-amin-di-debat-cawapres,ADVERTISEMENT SCROLL TO CONTINUE WITH CONTENT
"Jelang Debat, Sandiaga Soroti Polemik Defisit BPJS Kesehatan","Senin, 11 Mar 2019 21:17 WIB",https://www.cnnindonesia.com/nasional/20190311210030-32-376332/jelang-debat-sandiaga-soroti-polemik-defisit-bpjs-kesehatan,ADVERTISEMENT SCROLL TO CONTINUE WITH CONTENT
"Jelang Debat Cawapres, Ma'ruf Amin Disebut Paham Data BPJS","Senin, 11 Mar 2019 20:56 WIB",https://www.cnnindonesia.com/nasional/20190311180100-32-376259/jelang-debat-cawapres-maruf-amin-disebut-paham-data-bpjs,ADVERTISEMENT SCROLL TO CONTINUE WITH CONTENT
Doa Sandiaga untuk Ma'ruf Amin yang Ultah ke-76,"Senin, 11 Mar 2019 19:57 WIB",https://www.cnnindonesia.com/nasional/20190311193927-32-376310/doa-sandiaga-untuk-maruf-amin-yang-ultah-ke-76,ADVERTISEMENT SCROLL TO CONTINUE WITH CONTENT
BPN: Manuver Politik Musiman Agum Gumelar Tanda Jokowi Panik,"Senin, 11 Mar 2019 18:19 WIB",https://www.cnnindonesia.com/nasional/20190311164119-32-376256/bpn-manuver-politik-musiman-agum-gumelar-tanda-jokowi-panik,ADVERTISEMENT SCROLL TO CONTINUE WITH CONTENT
Rektor Unhas dan Unsyiah Masuk Tim Panelis Debat Cawapres,"Senin, 11 Mar 2019 18:08 WIB",https://www.cnnindonesia.com/nasional/20190311175904-32-376257/rektor-unhas-dan-unsyiah-masuk-tim-panelis-debat-cawapres,ADVERTISEMENT SCROLL TO CONTINUE WITH CONTENT
BPN: Survei Internal Prabowo Unggul 54 Persen dari Jokowi,"Senin, 11 Mar 2019 15:09 WIB",https://www.cnnindonesia.com/nasional/20190311142859-32-376196/bpn-survei-internal-prabowo-unggul-54-persen-dari-jokowi,ADVERTISEMENT SCROLL TO CONTINUE WITH CONTENT
Ma'ruf Amin Ulang Tahun ke-76: Selalu Sayang Keluarga,"Senin, 11 Mar 2019 11:08 WIB",https://www.cnnindonesia.com/nasional/20190311105607-20-376120/maruf-amin-ulang-tahun-ke-76-selalu-sayang-keluarga,ADVERTISEMENT SCROLL TO CONTINUE WITH CONTENT
"Cegah TKN dan BPN Ribut, KPU Bentuk Komite Awasi Debat Ketiga","Senin, 11 Mar 2019 10:16 WIB",https://www.cnnindonesia.com/nasional/20190311094656-32-376112/cegah-tkn-dan-bpn-ribut-kpu-bentuk-komite-awasi-debat-ketiga,ADVERTISEMENT SCROLL TO CONTINUE WITH CONTENT
FBR: Jokowi Lebih Betawi daripada Orang Betawi,"Senin, 11 Mar 2019 05:32 WIB",https://www.cnnindonesia.com/nasional/20190311053209-32-376056/fbr-jokowi-lebih-betawi-daripada-orang-betawi,ADVERTISEMENT SCROLL TO CONTINUE WITH CONTENT
Sandiaga: Cinta Membuat Generasi Milenial Bandung Kreatif,"Senin, 11 Mar 2019 03:42 WIB",https://www.cnnindonesia.com/nasional/20190311032006-32-376041/sandiaga-cinta-membuat-generasi-milenial-bandung-kreatif,ADVERTISEMENT SCROLL TO CONTINUE WITH CONTENT
Jokowi Berambisi Luncurkan KIP Kuliah dan Kartu Prapekerja,"Senin, 11 Mar 2019 03:15 WIB",https://www.cnnindonesia.com/nasional/20190311030952-32-376040/jokowi-berambisi-luncurkan-kip-kuliah-dan-kartu-prapekerja,ADVERTISEMENT SCROLL TO CONTINUE WITH CONTENT
Survei: Pendukung Prabowo Banyak yang Tak Percaya kepada KPU,"Minggu, 10 Mar 2019 16:29 WIB",https://www.cnnindonesia.com/nasional/20190310160238-32-375977/survei-pendukung-prabowo-banyak-yang-tak-percaya-kepada-kpu,ADVERTISEMENT SCROLL TO CONTINUE WITH CONTENT
"Jokowi: Hasil Survei di Jabar Sudah Menang, Tapi Tipis Banget","Minggu, 10 Mar 2019 15:06 WIB",https://www.cnnindonesia.com/nasional/20190310150125-32-375958/jokowi-hasil-survei-di-jabar-sudah-menang-tapi-tipis-banget,ADVERTISEMENT SCROLL TO CONTINUE WITH CONTENT
"Jokowi: Kelola Indonesia Tak Mudah, Butuh Orang Berpengalaman","Minggu, 10 Mar 2019 14:18 WIB",https://www.cnnindonesia.com/nasional/20190310133547-32-375943/jokowi-kelola-indonesia-tak-mudah-butuh-orang-berpengalaman,ADVERTISEMENT SCROLL TO CONTINUE WITH CONTENT
Jokowi Ajak Alumni Jabar Ngahiji Bertempur Lawan Hoaks,"Minggu, 10 Mar 2019 13:50 WIB",https://www.cnnindonesia.com/nasional/20190310132918-32-375937/jokowi-ajak-alumni-jabar-ngahiji-bertempur-lawan-hoaks,ADVERTISEMENT SCROLL TO CONTINUE WITH CONTENT
Relawan Prabowo Serbu Daerah Terpencil Gaet Pemilih Galau,"Minggu, 10 Mar 2019 05:53 WIB",https://www.cnnindonesia.com/nasional/20190310053938-32-375888/relawan-prabowo-serbu-daerah-terpencil-gaet-pemilih-galau,ADVERTISEMENT SCROLL TO CONTINUE WITH CONTENT
Moeldoko Klaim Pakde Karwo dan Gus Ipul Mendukung Jokowi-Amin,"Minggu, 10 Mar 2019 03:24 WIB",https://www.cnnindonesia.com/nasional/20190310031714-32-375882/moeldoko-klaim-pakde-karwo-dan-gus-ipul-mendukung-jokowi-amin,ADVERTISEMENT SCROLL TO CONTINUE WITH CONTENT
BPN: Prabowo-Sandi Akan Evaluasi BPJS Kesehatan Jika Terpilih,"Minggu, 10 Mar 2019 03:11 WIB",https://www.cnnindonesia.com/nasional/20190309163256-32-375808/bpn-prabowo-sandi-akan-evaluasi-bpjs-kesehatan-jika-terpilih,ADVERTISEMENT SCROLL TO CONTINUE WITH CONTENT
"Ada yang Percaya Hoaks, Jokowi Sebut Suaranya Anjlok 8 Persen","Sabtu, 09 Mar 2019 23:27 WIB",https://www.cnnindonesia.com/nasional/20190309231046-32-375870/ada-yang-percaya-hoaks-jokowi-sebut-suaranya-anjlok-8-persen,ADVERTISEMENT SCROLL TO CONTINUE WITH CONTENT
Ma'ruf Amin Klaim Prabowo-Sandi Sudah Kalah di Jawa Barat,"Sabtu, 09 Mar 2019 22:03 WIB",https://www.cnnindonesia.com/nasional/20190309211014-32-375863/maruf-amin-klaim-prabowo-sandi-sudah-kalah-di-jawa-barat,ADVERTISEMENT SCROLL TO CONTINUE WITH CONTENT
"Soal Wanprestasi, TKN Sebut Prabowo Pemimpin Ingkar Janji","Sabtu, 09 Mar 2019 21:05 WIB",https://www.cnnindonesia.com/nasional/20190309203431-32-375862/soal-wanprestasi-tkn-sebut-prabowo-pemimpin-ingkar-janji,ADVERTISEMENT SCROLL TO CONTINUE WITH CONTENT
"Beredar Foto Kondom Jokowi-Ma'ruf, TKN Ambil Langkah Hukum","Sabtu, 09 Mar 2019 19:39 WIB",https://www.cnnindonesia.com/nasional/20190309192720-32-375854/beredar-foto-kondom-jokowi-maruf-tkn-ambil-langkah-hukum,ADVERTISEMENT SCROLL TO CONTINUE WITH CONTENT
"Balas Kritik Soal Elite, TKN Sindir Prabowo Tak Punya Program","Sabtu, 09 Mar 2019 19:05 WIB",https://www.cnnindonesia.com/nasional/20190309181726-32-375847/balas-kritik-soal-elite-tkn-sindir-prabowo-tak-punya-program,ADVERTISEMENT SCROLL TO CONTINUE WITH CONTENT
Mantan Menkes Sebut Jokowi-Ma'ruf Lebih Siap Debat Kesehatan,"Sabtu, 09 Mar 2019 18:51 WIB",https://www.cnnindonesia.com/nasional/20190309180811-32-375833/mantan-menkes-sebut-jokowi-maruf-lebih-siap-debat-kesehatan,ADVERTISEMENT SCROLL TO CONTINUE WITH CONTENT
"Kecewa pada Sandiaga, FBR Arahkan Dukungan ke Jokowi","Sabtu, 09 Mar 2019 18:08 WIB",https://www.cnnindonesia.com/nasional/20190309173537-32-375832/kecewa-pada-sandiaga-fbr-arahkan-dukungan-ke-jokowi,ADVERTISEMENT SCROLL TO CONTINUE WITH CONTENT
Alumni Sriwijaya Bersatu Deklarasi Dukungan untuk Jokowi,"Sabtu, 09 Mar 2019 17:48 WIB",https://www.cnnindonesia.com/nasional/20190309173859-32-375826/alumni-sriwijaya-bersatu-deklarasi-dukungan-untuk-jokowi,ADVERTISEMENT SCROLL TO CONTINUE WITH CONTENT
"TKN Fokus Kurangi Angka Stunting, BPN Akan Evaluasi BPJS","Sabtu, 09 Mar 2019 16:10 WIB",https://www.cnnindonesia.com/nasional/20190309154215-32-375805/tkn-fokus-kurangi-angka-stunting-bpn-akan-evaluasi-bpjs,ADVERTISEMENT SCROLL TO CONTINUE WITH CONTENT
TKN Minta Bawaslu dan KPU Terapkan Regulasi Tegas soal Hoaks,"Sabtu, 09 Mar 2019 10:35 WIB",https://www.cnnindonesia.com/nasional/20190309102720-32-375744/tkn-minta-bawaslu-dan-kpu-terapkan-regulasi-tegas-soal-hoaks,ADVERTISEMENT SCROLL TO CONTINUE WITH CONTENT
"Merasa Ada Arus Kuat, Prabowo Yakin Survei Bayaran Bisa Gagal","Jumat, 08 Mar 2019 20:56 WIB",https://www.cnnindonesia.com/nasional/20190308201014-32-375682/merasa-ada-arus-kuat-prabowo-yakin-survei-bayaran-bisa-gagal,ADVERTISEMENT SCROLL TO CONTINUE WITH CONTENT
BPN Sebut Janji Kartu Jokowi Gombal dan Palsu,"Jumat, 08 Mar 2019 20:19 WIB",https://www.cnnindonesia.com/nasional/20190308154907-32-375603/bpn-sebut-janji-kartu-jokowi-gombal-dan-palsu,ADVERTISEMENT SCROLL TO CONTINUE WITH CONTENT
TKN Yakin Kartu Indonesia Prakerja Tak Tambah Utang Negara,"Jumat, 08 Mar 2019 16:09 WIB",https://www.cnnindonesia.com/nasional/20190308142614-32-375561/tkn-yakin-kartu-indonesia-prakerja-tak-tambah-utang-negara,ADVERTISEMENT SCROLL TO CONTINUE WITH CONTENT
Asa Kecil Warga Kampung Nelayan Cilincing di Pemilu 2019,"Kamis, 07 Mar 2019 13:01 WIB",https://www.cnnindonesia.com/nasional/20190306144755-32-375092/asa-kecil-warga-kampung-nelayan-cilincing-di-pemilu-2019,ADVERTISEMENT SCROLL TO CONTINUE WITH CONTENT
Kubu Jokowi Tanggapi Dingin Hasil Survei PolMark,"Rabu, 06 Mar 2019 21:31 WIB",https://www.cnnindonesia.com/nasional/20190306201706-32-375162/kubu-jokowi-tanggapi-dingin-hasil-survei-polmark,ADVERTISEMENT SCROLL TO CONTINUE WITH CONTENT
Moeldoko Akui Jokowi Belum Kuasai Suara Riau dan Sumbar,"Rabu, 06 Mar 2019 21:01 WIB",https://www.cnnindonesia.com/nasional/20190306203128-32-375167/moeldoko-akui-jokowi-belum-kuasai-suara-riau-dan-sumbar,ADVERTISEMENT SCROLL TO CONTINUE WITH CONTENT
"KPU: Prabowo Kampanye di Zona A, Jokowi Zona B","Rabu, 06 Mar 2019 19:00 WIB",https://www.cnnindonesia.com/nasional/20190306175532-32-375104/kpu-prabowo-kampanye-di-zona-a-jokowi-zona-b,ADVERTISEMENT SCROLL TO CONTINUE WITH CONTENT
"Jaga Elektabilitas Positif Jokowi, TKN Waspada Serangan Hoaks","Rabu, 06 Mar 2019 17:28 WIB",https://www.cnnindonesia.com/nasional/20190306161900-32-375081/jaga-elektabilitas-positif-jokowi-tkn-waspada-serangan-hoaks,ADVERTISEMENT SCROLL TO CONTINUE WITH CONTENT
Fahri Sebut Survei LSI Denny JA Tendensius dan Berbahaya,"Rabu, 06 Mar 2019 16:56 WIB",https://www.cnnindonesia.com/nasional/20190306162105-32-375076/fahri-sebut-survei-lsi-denny-ja-tendensius-dan-berbahaya,ADVERTISEMENT SCROLL TO CONTINUE WITH CONTENT
Moeldoko: Isu Jokowi Hapus Pelajaran Agama Kampanye Sesat,"Rabu, 06 Mar 2019 14:46 WIB",https://www.cnnindonesia.com/nasional/20190306142658-32-375031/moeldoko-isu-jokowi-hapus-pelajaran-agama-kampanye-sesat,ADVERTISEMENT SCROLL TO CONTINUE WITH CONTENT
Ma'ruf Amin Usul Biro Haji Harus Bersertifikat Syariah,"Rabu, 06 Mar 2019 13:40 WIB",https://www.cnnindonesia.com/nasional/20190306125316-20-374992/maruf-amin-usul-biro-haji-harus-bersertifikat-syariah,ADVERTISEMENT SCROLL TO CONTINUE WITH CONTENT
Jawara Betawi Dukung Jokowi karena Ma'ruf Pendekar Silat,"Rabu, 06 Mar 2019 12:32 WIB",https://www.cnnindonesia.com/nasional/20190306121928-32-374973/jawara-betawi-dukung-jokowi-karena-maruf-pendekar-silat,ADVERTISEMENT SCROLL TO CONTINUE WITH CONTENT
Ma'ruf Amin: Sekelas Andi Arief Kok Masih Terjerat Narkoba,"Rabu, 06 Mar 2019 11:01 WIB",https://www.cnnindonesia.com/nasional/20190306103010-32-374932/maruf-amin-sekelas-andi-arief-kok-masih-terjerat-narkoba,ADVERTISEMENT SCROLL TO CONTINUE WITH CONTENT
"Jokowi Diunggulkan 10 Lembaga Survei, Prabowo Masih Mengekor","Rabu, 06 Mar 2019 09:39 WIB",https://www.cnnindonesia.com/nasional/20190306080712-32-374904/jokowi-diunggulkan-10-lembaga-survei-prabowo-masih-mengekor,ADVERTISEMENT SCROLL TO CONTINUE WITH CONTENT
Survei: Capres Bersih Lebih Diminati dari yang Taat Ibadah,"Rabu, 06 Mar 2019 09:11 WIB",https://www.cnnindonesia.com/nasional/20190306082335-32-374895/survei-capres-bersih-lebih-diminati-dari-yang-taat-ibadah,ADVERTISEMENT SCROLL TO CONTINUE WITH CONTENT
Polmark: Gap Jokowi-Prabowo Menipis di Kalangan Menengah-Atas,"Rabu, 06 Mar 2019 08:45 WIB",https://www.cnnindonesia.com/nasional/20190306081549-32-374893/polmark-gap-jokowi-prabowo-menipis-di-kalangan-menengah-atas,ADVERTISEMENT SCROLL TO CONTINUE WITH CONTENT
LSI: Prabowo Unggul di Pemilih yang Ingin Indonesia bak Arab,"Rabu, 06 Mar 2019 08:33 WIB",https://www.cnnindonesia.com/nasional/20190306073831-32-374889/lsi-prabowo-unggul-di-pemilih-yang-ingin-indonesia-bak-arab,ADVERTISEMENT SCROLL TO CONTINUE WITH CONTENT
"Survei PolMark: Elektabilitas 40 Persen, Jokowi Belum Aman","Rabu, 06 Mar 2019 06:50 WIB",https://www.cnnindonesia.com/nasional/20190305212414-32-374856/survei-polmark-elektabilitas-40-persen-jokowi-belum-aman,ADVERTISEMENT SCROLL TO CONTINUE WITH CONTENT
WNI di Eropa Gelar Deklarasi Dukung Jokowi-Ma'ruf,"Rabu, 06 Mar 2019 02:25 WIB",https://www.cnnindonesia.com/nasional/20190306021150-20-374863/wni-di-eropa-gelar-deklarasi-dukung-jokowi-maruf,ADVERTISEMENT SCROLL TO CONTINUE WITH CONTENT
Ulama Aceh Berharap Jokowi Kembali Memimpin Indonesia,"Rabu, 06 Mar 2019 00:55 WIB",https://www.cnnindonesia.com/nasional/20190305161311-32-374696/ulama-aceh-berharap-jokowi-kembali-memimpin-indonesia,ADVERTISEMENT SCROLL TO CONTINUE WITH CONTENT
JK Sebut Butuh Anggaran Besar untuk Kartu Prakerja Jokowi,"Rabu, 06 Mar 2019 00:31 WIB",https://www.cnnindonesia.com/nasional/20190305174312-32-374759/jk-sebut-butuh-anggaran-besar-untuk-kartu-prakerja-jokowi,ADVERTISEMENT SCROLL TO CONTINUE WITH CONTENT
Ma'ruf Amin Klaim Kemenangan Semakin Dekat,"Selasa, 05 Mar 2019 23:53 WIB",https://www.cnnindonesia.com/nasional/20190305234402-32-374860/maruf-amin-klaim-kemenangan-semakin-dekat,ADVERTISEMENT SCROLL TO CONTINUE WITH CONTENT
TKN Sindir Andi Arief: Konsumsi Narkoba Pikirannya Tak Sehat,"Selasa, 05 Mar 2019 22:28 WIB",https://www.cnnindonesia.com/nasional/20190305201248-32-374820/tkn-sindir-andi-arief-konsumsi-narkoba-pikirannya-tak-sehat,ADVERTISEMENT SCROLL TO CONTINUE WITH CONTENT
Moeldoko: Kartu Prakerja Hanya Dipegang Sementara,"Selasa, 05 Mar 2019 21:13 WIB",https://www.cnnindonesia.com/nasional/20190305202544-32-374822/moeldoko-kartu-prakerja-hanya-dipegang-sementara,ADVERTISEMENT SCROLL TO CONTINUE WITH CONTENT
LSI Catat Jokowi Dapat Lonjakan Suara dari Pemilih Non-Muslim,"Selasa, 05 Mar 2019 20:12 WIB",https://www.cnnindonesia.com/nasional/20190305182634-32-374784/lsi-catat-jokowi-dapat-lonjakan-suara-dari-pemilih-non-muslim,ADVERTISEMENT SCROLL TO CONTINUE WITH CONTENT
"LSI: Jokowi Unggul di Pemilih NU, Prabowo di Kalangan FPI","Selasa, 05 Mar 2019 18:01 WIB",https://www.cnnindonesia.com/nasional/20190305161315-32-374743/lsi-jokowi-unggul-di-pemilih-nu-prabowo-di-kalangan-fpi,ADVERTISEMENT SCROLL TO CONTINUE WITH CONTENT
"TKN Jokowi Raup Dana Kampanye Rp130 M, Terbanyak dari Swasta","Selasa, 05 Mar 2019 14:41 WIB",https://www.cnnindonesia.com/nasional/20190305140948-32-374647/tkn-jokowi-raup-dana-kampanye-rp130-m-terbanyak-dari-swasta,ADVERTISEMENT SCROLL TO CONTINUE WITH CONTENT
Tofa Lemon Bongkar Kepanikan Ulin Yusron soal Prabowo,"Selasa, 05 Mar 2019 06:56 WIB",https://www.cnnindonesia.com/nasional/20190304202351-32-374488/tofa-lemon-bongkar-kepanikan-ulin-yusron-soal-prabowo,ADVERTISEMENT SCROLL TO CONTINUE WITH CONTENT
TKN soal Andi Arief: Bukti Keseriusan Pemerintah Jokowi,"Senin, 04 Mar 2019 23:31 WIB",https://www.cnnindonesia.com/nasional/20190304185131-32-374461/tkn-soal-andi-arief-bukti-keseriusan-pemerintah-jokowi,ADVERTISEMENT SCROLL TO CONTINUE WITH CONTENT
Bawaslu Periksa Yasin Limpo soal 15 Camat Deklarasi Dukung 01,"Senin, 04 Mar 2019 21:36 WIB",https://www.cnnindonesia.com/nasional/20190304205802-20-374491/bawaslu-periksa-yasin-limpo-soal-15-camat-deklarasi-dukung-01,ADVERTISEMENT SCROLL TO CONTINUE WITH CONTENT
Hoaks Pro LGBT Disebut Jadi Sandungan Jokowi di Jabar,"Senin, 04 Mar 2019 20:04 WIB",https://www.cnnindonesia.com/nasional/20190304194831-32-374478/hoaks-pro-lgbt-disebut-jadi-sandungan-jokowi-di-jabar,ADVERTISEMENT SCROLL TO CONTINUE WITH CONTENT
BPN Prihatin Jokowi Unggul di Lembaga Survei Australia,"Senin, 04 Mar 2019 19:48 WIB",https://www.cnnindonesia.com/nasional/20190304183321-32-374453/bpn-prihatin-jokowi-unggul-di-lembaga-survei-australia,ADVERTISEMENT SCROLL TO CONTINUE WITH CONTENT
TKN Minta Kasus Narkoba Andi Arief Tak Dikaitkan Politik,"Senin, 04 Mar 2019 17:35 WIB",https://www.cnnindonesia.com/nasional/20190304163520-32-374423/tkn-minta-kasus-narkoba-andi-arief-tak-dikaitkan-politik,ADVERTISEMENT SCROLL TO CONTINUE WITH CONTENT
"Andi Arief Narkoba, TKN Sindir Hoaks 7 Kontainer Kertas Suara","Senin, 04 Mar 2019 16:33 WIB",https://www.cnnindonesia.com/nasional/20190304162004-32-374417/andi-arief-narkoba-tkn-sindir-hoaks-7-kontainer-kertas-suara,ADVERTISEMENT SCROLL TO CONTINUE WITH CONTENT
HNW Respons Roy Morgan: Survei Itu Kerap Keliru,"Senin, 04 Mar 2019 12:12 WIB",https://www.cnnindonesia.com/nasional/20190304115400-32-374332/hnw-respons-roy-morgan-survei-itu-kerap-keliru,ADVERTISEMENT SCROLL TO CONTINUE WITH CONTENT
Jokowi Wacanakan Kebijakan Bersarung Sehari,"Minggu, 03 Mar 2019 19:27 WIB",https://www.cnnindonesia.com/nasional/20190303191148-32-374225/jokowi-wacanakan-kebijakan-bersarung-sehari,ADVERTISEMENT SCROLL TO CONTINUE WITH CONTENT
"Tak Kenal Uno Pendukung Jokowi, Sandi Enggan Buat Tandingan","Minggu, 03 Mar 2019 14:57 WIB",https://www.cnnindonesia.com/nasional/20190303142124-32-374144/tak-kenal-uno-pendukung-jokowi-sandi-enggan-buat-tandingan,ADVERTISEMENT SCROLL TO CONTINUE WITH CONTENT
Hasto soal Bahasa Inggris Capres: Cinta Laura Saja Presiden,"Minggu, 03 Mar 2019 14:20 WIB",https://www.cnnindonesia.com/nasional/20190303133112-32-374142/hasto-soal-bahasa-inggris-capres-cinta-laura-saja-presiden,ADVERTISEMENT SCROLL TO CONTINUE WITH CONTENT
Ma'ruf Amin: Jangan Ada Hoaks di Antara Kita,"Minggu, 03 Mar 2019 14:12 WIB",https://www.cnnindonesia.com/nasional/20190303134927-32-374141/maruf-amin-jangan-ada-hoaks-di-antara-kita,ADVERTISEMENT SCROLL TO CONTINUE WITH CONTENT
Hasto Yakin PDIP Cetak Sejarah pada Pemilu 2019,"Minggu, 03 Mar 2019 12:26 WIB",https://www.cnnindonesia.com/nasional/20190303120942-32-374117/hasto-yakin-pdip-cetak-sejarah-pada-pemilu-2019,ADVERTISEMENT SCROLL TO CONTINUE WITH CONTENT
TKN Sebut Ponpes Buntet Tolak Sandi Sebagai Respons Isu Hoaks,"Minggu, 03 Mar 2019 07:30 WIB",https://www.cnnindonesia.com/nasional/20190303005845-32-374087/tkn-sebut-ponpes-buntet-tolak-sandi-sebagai-respons-isu-hoaks,ADVERTISEMENT SCROLL TO CONTINUE WITH CONTENT
Hasto Soal Audit IT KPU: Jangan Bangun Opini karena Mau Kalah,"Minggu, 03 Mar 2019 04:36 WIB",https://www.cnnindonesia.com/nasional/20190302230118-32-374083/hasto-soal-audit-it-kpu-jangan-bangun-opini-karena-mau-kalah,ADVERTISEMENT SCROLL TO CONTINUE WITH CONTENT
Ma'ruf Amin Sebut Sudah Siap Hadapi Debat Cawapres,"Minggu, 03 Mar 2019 03:53 WIB",https://www.cnnindonesia.com/nasional/20190302193324-32-374046/maruf-amin-sebut-sudah-siap-hadapi-debat-cawapres,ADVERTISEMENT SCROLL TO CONTINUE WITH CONTENT
"Pasca Pidato AHY, Ma'ruf Anggap Didukung Demokrat","Sabtu, 02 Mar 2019 21:41 WIB",https://www.cnnindonesia.com/nasional/20190302161152-32-374012/pasca-pidato-ahy-maruf-anggap-didukung-demokrat,ADVERTISEMENT SCROLL TO CONTINUE WITH CONTENT
Ma'ruf Sambangi Karawang Redam Hoaks Emak-emak PEPES,"Sabtu, 02 Mar 2019 17:31 WIB",https://www.cnnindonesia.com/nasional/20190302171941-32-374024/maruf-sambangi-karawang-redam-hoaks-emak-emak-pepes,ADVERTISEMENT SCROLL TO CONTINUE WITH CONTENT
Kampanye Emak-emak PEPES Dinilai Ancam Keutuhan Bangsa,"Sabtu, 02 Mar 2019 16:06 WIB",https://www.cnnindonesia.com/nasional/20190302153422-32-374010/kampanye-emak-emak-pepes-dinilai-ancam-keutuhan-bangsa,ADVERTISEMENT SCROLL TO CONTINUE WITH CONTENT
"Soal Audit IT, Amien Rais Dinilai Tak Paham Cara Hitung Suara","Sabtu, 02 Mar 2019 12:45 WIB",https://www.cnnindonesia.com/nasional/20190302115516-32-373970/soal-audit-it-amien-rais-dinilai-tak-paham-cara-hitung-suara,ADVERTISEMENT SCROLL TO CONTINUE WITH CONTENT
Hasto: Pidato Politik AHY Tanda Aspirasi Demokrat Tersumbat,"Sabtu, 02 Mar 2019 12:10 WIB",https://www.cnnindonesia.com/nasional/20190302115825-32-373966/hasto-pidato-politik-ahy-tanda-aspirasi-demokrat-tersumbat,ADVERTISEMENT SCROLL TO CONTINUE WITH CONTENT
"Dukung Jokowi, Ulama NU di Lampung Buat Gerakan 'Sate Jokowi'","Sabtu, 02 Mar 2019 10:35 WIB",https://www.cnnindonesia.com/nasional/20190302103256-20-373952/dukung-jokowi-ulama-nu-di-lampung-buat-gerakan-sate-jokowi,ADVERTISEMENT SCROLL TO CONTINUE WITH CONTENT
TKN Sebut Dukungan Keluarga Uno Bukti Jokowi Pemimpin Baik,"Sabtu, 02 Mar 2019 04:30 WIB",https://www.cnnindonesia.com/nasional/20190301201435-32-373930/tkn-sebut-dukungan-keluarga-uno-bukti-jokowi-pemimpin-baik,ADVERTISEMENT SCROLL TO CONTINUE WITH CONTENT
PDIP: Jokowi Punya Kredo Tanah untuk Rakyat,"Sabtu, 02 Mar 2019 03:43 WIB",https://www.cnnindonesia.com/nasional/20190302030932-32-373944/pdip-jokowi-punya-kredo-tanah-untuk-rakyat,ADVERTISEMENT SCROLL TO CONTINUE WITH CONTENT
"Target PDIP di Lampung, Jokowi Raih 60 Persen di 3 Kabupaten","Sabtu, 02 Mar 2019 00:56 WIB",https://www.cnnindonesia.com/nasional/20190302004406-32-373941/target-pdip-di-lampung-jokowi-raih-60-persen-di-3-kabupaten,ADVERTISEMENT SCROLL TO CONTINUE WITH CONTENT
PDIP Yakin Jokowi Lebih Mudah Berkonsolidasi Jika Menang,"Jumat, 01 Mar 2019 22:36 WIB",https://www.cnnindonesia.com/nasional/20190301135656-32-373753/pdip-yakin-jokowi-lebih-mudah-berkonsolidasi-jika-menang,ADVERTISEMENT SCROLL TO CONTINUE WITH CONTENT
"Ponpes Buntet Cirebon Tolak Sandiaga, Sebut demi Kemaslahatan","Jumat, 01 Mar 2019 21:40 WIB",https://www.cnnindonesia.com/nasional/20190301212430-32-373932/ponpes-buntet-cirebon-tolak-sandiaga-sebut-demi-kemaslahatan,ADVERTISEMENT SCROLL TO CONTINUE WITH CONTENT
Rudiantara Puji Ma'ruf Soal 'Tol Langit' Bantu Unicorn Baru,"Jumat, 01 Mar 2019 20:10 WIB",https://www.cnnindonesia.com/teknologi/20190301193419-185-373901/rudiantara-puji-maruf-soal-tol-langit-bantu-unicorn-baru,ADVERTISEMENT SCROLL TO CONTINUE WITH CONTENT
BPN: Dukungan Keluarga Uno ke Jokowi Tak Berpengaruh,"Jumat, 01 Mar 2019 18:03 WIB",https://www.cnnindonesia.com/nasional/20190301173158-32-373870/bpn-dukungan-keluarga-uno-ke-jokowi-tak-berpengaruh,ADVERTISEMENT SCROLL TO CONTINUE WITH CONTENT
Jokowi: Saya Akan Cuti Total Jika Peraturan Mengharuskan,"Jumat, 01 Mar 2019 17:21 WIB",https://www.cnnindonesia.com/nasional/20190301165332-32-373856/jokowi-saya-akan-cuti-total-jika-peraturan-mengharuskan,ADVERTISEMENT SCROLL TO CONTINUE WITH CONTENT
"Bantah Prabowo, TKN Sebut Asian Games 2018 Datangkan Devisa","Jumat, 01 Mar 2019 17:03 WIB",https://www.cnnindonesia.com/nasional/20190301162709-32-373839/bantah-prabowo-tkn-sebut-asian-games-2018-datangkan-devisa,ADVERTISEMENT SCROLL TO CONTINUE WITH CONTENT
"'Pembawa Pesan' Jokowi: Salah Alamat, Ditolak Kubu Prabowo","Jumat, 01 Mar 2019 16:43 WIB",https://www.cnnindonesia.com/nasional/20190301140616-32-373776/pembawa-pesan-jokowi-salah-alamat-ditolak-kubu-prabowo,ADVERTISEMENT SCROLL TO CONTINUE WITH CONTENT
Ma'ruf Amin Klaim Perolehan Suara di Jawa Barat Terus Naik,"Jumat, 01 Mar 2019 15:31 WIB",https://www.cnnindonesia.com/nasional/20190301141234-32-373781/maruf-amin-klaim-perolehan-suara-di-jawa-barat-terus-naik,ADVERTISEMENT SCROLL TO CONTINUE WITH CONTENT
"Mulai Kerumuni KPU, Massa Aksi Apel FUI Janji Tidak Kampanye","Jumat, 01 Mar 2019 14:28 WIB",https://www.cnnindonesia.com/nasional/20190301140756-20-373758/mulai-kerumuni-kpu-massa-aksi-apel-fui-janji-tidak-kampanye,ADVERTISEMENT SCROLL TO CONTINUE WITH CONTENT
PDIP Safari ke Lampung Perkokoh Dukungan Jokowi-Ma'ruf,"Jumat, 01 Mar 2019 13:44 WIB",https://www.cnnindonesia.com/nasional/20190301093208-32-373663/pdip-safari-ke-lampung-perkokoh-dukungan-jokowi-maruf,ADVERTISEMENT SCROLL TO CONTINUE WITH CONTENT
Jokowi: Logikanya Keluarga Uno Itu Dukungnya ke Pak Sandi,"Jumat, 01 Mar 2019 13:23 WIB",https://www.cnnindonesia.com/nasional/20190301130118-32-373743/jokowi-logikanya-keluarga-uno-itu-dukungnya-ke-pak-sandi,ADVERTISEMENT SCROLL TO CONTINUE WITH CONTENT
Jokowi Tanggapi Hoaks: Cawapres Ketua MUI Kok Azan Tak Boleh,"Jumat, 01 Mar 2019 11:40 WIB",https://www.cnnindonesia.com/nasional/20190301113027-32-373699/jokowi-tanggapi-hoaks-cawapres-ketua-mui-kok-azan-tak-boleh,ADVERTISEMENT SCROLL TO CONTINUE WITH CONTENT
"Jokowi-Prabowo Selisih 20 Persen, PDIP Sindir Capres Retorik","Jumat, 01 Mar 2019 11:12 WIB",https://www.cnnindonesia.com/nasional/20190301094648-32-373670/jokowi-prabowo-selisih-20-persen-pdip-sindir-capres-retorik,ADVERTISEMENT SCROLL TO CONTINUE WITH CONTENT
Keluarga Uno Gorontalo Deklarasi Dukung Jokowi,"Jumat, 01 Mar 2019 10:56 WIB",https://www.cnnindonesia.com/nasional/20190301104848-32-373681/keluarga-uno-gorontalo-deklarasi-dukung-jokowi,ADVERTISEMENT SCROLL TO CONTINUE WITH CONTENT
TKN Duga Demo FUI untuk Delegitimasi Penyelenggara Pemilu,"Jumat, 01 Mar 2019 09:55 WIB",https://www.cnnindonesia.com/nasional/20190301093840-32-373664/tkn-duga-demo-fui-untuk-delegitimasi-penyelenggara-pemilu,ADVERTISEMENT SCROLL TO CONTINUE WITH CONTENT
Pengamat Nilai Jokowi dan Prabowo Tak Percaya Diri di Pilpres,"Jumat, 01 Mar 2019 09:24 WIB",https://www.cnnindonesia.com/nasional/20190301082941-32-373653/pengamat-nilai-jokowi-dan-prabowo-tak-percaya-diri-di-pilpres,ADVERTISEMENT SCROLL TO CONTINUE WITH CONTENT
Kekalahan Ahok di DKI dan Kans Menang Jokowi di Pilpres 2019,"Jumat, 01 Mar 2019 08:11 WIB",https://www.cnnindonesia.com/nasional/20190301073124-32-373649/kekalahan-ahok-di-dki-dan-kans-menang-jokowi-di-pilpres-2019,ADVERTISEMENT SCROLL TO CONTINUE WITH CONTENT
Kadin Imbau Pengusaha Tak Golput pada Pilpres 2019,"Jumat, 01 Mar 2019 05:55 WIB",https://www.cnnindonesia.com/ekonomi/20190228174954-92-373562/kadin-imbau-pengusaha-tak-golput-pada-pilpres-2019,ADVERTISEMENT SCROLL TO CONTINUE WITH CONTENT
"Pembakaran APK Jokowi di Madura, Kubu Prabowo Dinilai Panik","Jumat, 01 Mar 2019 04:44 WIB",https://www.cnnindonesia.com/nasional/20190301042551-32-373640/pembakaran-apk-jokowi-di-madura-kubu-prabowo-dinilai-panik,ADVERTISEMENT SCROLL TO CONTINUE WITH CONTENT
"Survei: Jokowi Lebih Berwawasan, Sandi Representasi Anak Muda","Kamis, 28 Feb 2019 20:56 WIB",https://www.cnnindonesia.com/nasional/20190228201845-32-373605/survei-jokowi-lebih-berwawasan-sandi-representasi-anak-muda,ADVERTISEMENT SCROLL TO CONTINUE WITH CONTENT
"Soal Profesi Tentara, TKN Sindir Prabowo Tak Tuntas di TNI","Kamis, 28 Feb 2019 19:43 WIB",https://www.cnnindonesia.com/nasional/20190228193255-32-373592/soal-profesi-tentara-tkn-sindir-prabowo-tak-tuntas-di-tni,ADVERTISEMENT SCROLL TO CONTINUE WITH CONTENT
Cyrus Network: Jokowi Masih Unggul 20 Persen dari Prabowo,"Kamis, 28 Feb 2019 19:14 WIB",https://www.cnnindonesia.com/nasional/20190228184651-32-373584/cyrus-network-jokowi-masih-unggul-20-persen-dari-prabowo,ADVERTISEMENT SCROLL TO CONTINUE WITH CONTENT
Bawaslu Sebut Bingkisan 'Pembawa Pesan' Bukan Pelanggaran,"Kamis, 28 Feb 2019 19:12 WIB",https://www.cnnindonesia.com/nasional/20190228184113-32-373574/bawaslu-sebut-bingkisan-pembawa-pesan-bukan-pelanggaran,ADVERTISEMENT SCROLL TO CONTINUE WITH CONTENT
HNW Desak Bawaslu Usut Indikasi Politik Uang 'Pembawa Pesan',"Kamis, 28 Feb 2019 16:59 WIB",https://www.cnnindonesia.com/nasional/20190228164008-32-373538/hnw-desak-bawaslu-usut-indikasi-politik-uang-pembawa-pesan,ADVERTISEMENT SCROLL TO CONTINUE WITH CONTENT
Jokowi Minta Kapolri Tangkap Penyebar Hoaks Pintu ke Pintu,"Kamis, 28 Feb 2019 16:40 WIB",https://www.cnnindonesia.com/nasional/20190228160520-32-373523/jokowi-minta-kapolri-tangkap-penyebar-hoaks-pintu-ke-pintu,ADVERTISEMENT SCROLL TO CONTINUE WITH CONTENT
TKN Akui Limpahkan Kampanye 'Door to Door' ke Pembawa Pesan,"Kamis, 28 Feb 2019 16:14 WIB",https://www.cnnindonesia.com/nasional/20190228154120-32-373501/tkn-akui-limpahkan-kampanye-door-to-door-ke-pembawa-pesan,ADVERTISEMENT SCROLL TO CONTINUE WITH CONTENT
Gaduh Dugaan Penyusup di Balik Kasus Emak-emak Karawang,"Kamis, 28 Feb 2019 16:01 WIB",https://www.cnnindonesia.com/nasional/20190228140935-32-373457/gaduh-dugaan-penyusup-di-balik-kasus-emak-emak-karawang,ADVERTISEMENT SCROLL TO CONTINUE WITH CONTENT
Anies Sebut Sandi Banyak Tanya Pendidikan Jelang Debat,"Kamis, 28 Feb 2019 12:51 WIB",https://www.cnnindonesia.com/nasional/20190228110550-32-373398/anies-sebut-sandi-banyak-tanya-pendidikan-jelang-debat,ADVERTISEMENT SCROLL TO CONTINUE WITH CONTENT
Pengamat: Publik Lelah dengan Isu Wowo vs Wiwi,"Kamis, 28 Feb 2019 11:16 WIB",https://www.cnnindonesia.com/nasional/20190228064439-32-373313/pengamat-publik-lelah-dengan-isu-wowo-vs-wiwi,ADVERTISEMENT SCROLL TO CONTINUE WITH CONTENT
"Kecewa Jokowi, Warga Kampung Akuarium Tolak 'Pembawa Pesan'","Kamis, 28 Feb 2019 10:52 WIB",https://www.cnnindonesia.com/nasional/20190227182805-32-373235/kecewa-jokowi-warga-kampung-akuarium-tolak-pembawa-pesan,ADVERTISEMENT SCROLL TO CONTINUE WITH CONTENT
JK: Jokowi Tak Punya Pikiran Otoriter,"Kamis, 28 Feb 2019 10:37 WIB",https://www.cnnindonesia.com/nasional/20190228101044-32-373350/jk-jokowi-tak-punya-pikiran-otoriter,ADVERTISEMENT SCROLL TO CONTINUE WITH CONTENT
BPN Duga Ricuh Acara Prabowo di Yogyakarta Dipicu Provokator,"Kamis, 28 Feb 2019 09:47 WIB",https://www.cnnindonesia.com/nasional/20190228090331-32-373326/bpn-duga-ricuh-acara-prabowo-di-yogyakarta-dipicu-provokator,ADVERTISEMENT SCROLL TO CONTINUE WITH CONTENT
"Jejak Hoaks Ratna, Bohongi Prabowo Hingga Pengaruh Setan","Kamis, 28 Feb 2019 09:17 WIB",https://www.cnnindonesia.com/nasional/20190228080327-12-373324/jejak-hoaks-ratna-bohongi-prabowo-hingga-pengaruh-setan,ADVERTISEMENT SCROLL TO CONTINUE WITH CONTENT
TKN Tak Ingin Ubah Karakter Ma'ruf pada Debat Cawapres,"Kamis, 28 Feb 2019 03:19 WIB",https://www.cnnindonesia.com/nasional/20190228023153-32-373295/tkn-tak-ingin-ubah-karakter-maruf-pada-debat-cawapres,ADVERTISEMENT SCROLL TO CONTINUE WITH CONTENT
BPN Nilai Istilah 'Perang Total' Bukti Kubu Jokowi Tertekan,"Kamis, 28 Feb 2019 00:39 WIB",https://www.cnnindonesia.com/nasional/20190228002139-32-373291/bpn-nilai-istilah-perang-total-bukti-kubu-jokowi-tertekan,ADVERTISEMENT SCROLL TO CONTINUE WITH CONTENT
"Disinggung BPN, Erick Thohir Klaim Lahannya Bersih dan Halal","Rabu, 27 Feb 2019 23:50 WIB",https://www.cnnindonesia.com/nasional/20190227232915-32-373287/disinggung-bpn-erick-thohir-klaim-lahannya-bersih-dan-halal,ADVERTISEMENT SCROLL TO CONTINUE WITH CONTENT
"Soal Tahanan, TKN Sebut Prabowo Tak Paham Pemisahan Kekuasaan","Rabu, 27 Feb 2019 22:56 WIB",https://www.cnnindonesia.com/nasional/20190227190250-32-373242/soal-tahanan-tkn-sebut-prabowo-tak-paham-pemisahan-kekuasaan,ADVERTISEMENT SCROLL TO CONTINUE WITH CONTENT
PPP Sebut Dukungan Gus Wafi ke Prabowo Permalukan Mbah Moen,"Rabu, 27 Feb 2019 21:28 WIB",https://www.cnnindonesia.com/nasional/20190227210320-32-373270/ppp-sebut-dukungan-gus-wafi-ke-prabowo-permalukan-mbah-moen,ADVERTISEMENT SCROLL TO CONTINUE WITH CONTENT
Kapolres Sleman Sebut Massa Ngotot Masuk Ruang Prabowo Pidato,"Rabu, 27 Feb 2019 19:27 WIB",https://www.cnnindonesia.com/nasional/20190227190943-32-373240/kapolres-sleman-sebut-massa-ngotot-masuk-ruang-prabowo-pidato,ADVERTISEMENT SCROLL TO CONTINUE WITH CONTENT
"Acara Prabowo di Yogyakarta Ricuh, Polisi Lepaskan Tembakan","Rabu, 27 Feb 2019 18:49 WIB",https://www.cnnindonesia.com/nasional/20190227182703-20-373226/acara-prabowo-di-yogyakarta-ricuh-polisi-lepaskan-tembakan,ADVERTISEMENT SCROLL TO CONTINUE WITH CONTENT
Kegaduhan Politik dan Militansi Salah Arah Emak-emak,"Rabu, 27 Feb 2019 17:22 WIB",https://www.cnnindonesia.com/nasional/20190227132450-32-373087/kegaduhan-politik-dan-militansi-salah-arah-emak-emak,ADVERTISEMENT SCROLL TO CONTINUE WITH CONTENT
Jokowi Minta Warga NU Lawan Kampanye Hitam Larangan Azan,"Rabu, 27 Feb 2019 16:50 WIB",https://www.cnnindonesia.com/nasional/20190227155058-32-373157/jokowi-minta-warga-nu-lawan-kampanye-hitam-larangan-azan,ADVERTISEMENT SCROLL TO CONTINUE WITH CONTENT
OSO Klaim Jokowi Tak Pernah Kampanye di Hari Kerja,"Rabu, 27 Feb 2019 16:18 WIB",https://www.cnnindonesia.com/nasional/20190227152301-32-373152/oso-klaim-jokowi-tak-pernah-kampanye-di-hari-kerja,ADVERTISEMENT SCROLL TO CONTINUE WITH CONTENT
TKN Sebut Kubu Prabowo Fitnah soal Penyusup di Relawan PEPES,"Rabu, 27 Feb 2019 14:56 WIB",https://www.cnnindonesia.com/nasional/20190227143849-32-373116/tkn-sebut-kubu-prabowo-fitnah-soal-penyusup-di-relawan-pepes,ADVERTISEMENT SCROLL TO CONTINUE WITH CONTENT
Sandiaga Minta Masukan Anies Hadapi Debat Lawan Ma'ruf Amin,"Rabu, 27 Feb 2019 14:46 WIB",https://www.cnnindonesia.com/nasional/20190227132802-32-373105/sandiaga-minta-masukan-anies-hadapi-debat-lawan-maruf-amin,ADVERTISEMENT SCROLL TO CONTINUE WITH CONTENT
"Buka Munas Ulama NU, Jokowi-Ma'ruf Kompak Sarungan","Rabu, 27 Feb 2019 14:03 WIB",https://www.cnnindonesia.com/nasional/20190227133934-20-373095/buka-munas-ulama-nu-jokowi-maruf-kompak-sarungan,ADVERTISEMENT SCROLL TO CONTINUE WITH CONTENT
Mahfud Dukung Polisi Tindak Emak-emak di Karawang,"Rabu, 27 Feb 2019 13:08 WIB",https://www.cnnindonesia.com/nasional/20190227124304-20-373072/mahfud-dukung-polisi-tindak-emak-emak-di-karawang,ADVERTISEMENT SCROLL TO CONTINUE WITH CONTENT
TKN Bantah Kartu KIP Kuliah untuk Dulang Suara Milenial,"Rabu, 27 Feb 2019 09:27 WIB",https://www.cnnindonesia.com/nasional/20190227084709-32-372969/tkn-bantah-kartu-kip-kuliah-untuk-dulang-suara-milenial,ADVERTISEMENT SCROLL TO CONTINUE WITH CONTENT
"Kampanye Hitam, Perusak Demokrasi dan Pembidik Pemilih Galau","Rabu, 27 Feb 2019 06:53 WIB",https://www.cnnindonesia.com/nasional/20190226162906-32-372779/kampanye-hitam-perusak-demokrasi-dan-pembidik-pemilih-galau,ADVERTISEMENT SCROLL TO CONTINUE WITH CONTENT
PPP Serukan Perang Infanteri Dua Bulan Jelang Pencoblosan,"Rabu, 27 Feb 2019 05:35 WIB",https://www.cnnindonesia.com/nasional/20190227052640-32-372944/ppp-serukan-perang-infanteri-dua-bulan-jelang-pencoblosan,ADVERTISEMENT SCROLL TO CONTINUE WITH CONTENT
BPN Tunggu Ketegasan Bawaslu soal Deklarasi Kepala Daerah,"Rabu, 27 Feb 2019 04:20 WIB",https://www.cnnindonesia.com/nasional/20190226200403-32-372867/bpn-tunggu-ketegasan-bawaslu-soal-deklarasi-kepala-daerah,ADVERTISEMENT SCROLL TO CONTINUE WITH CONTENT
Tim Prabowo Klaim Tak Perintahkan PEPES Sebar Kampanye Hitam,"Rabu, 27 Feb 2019 03:31 WIB",https://www.cnnindonesia.com/nasional/20190227024006-32-372936/tim-prabowo-klaim-tak-perintahkan-pepes-sebar-kampanye-hitam,ADVERTISEMENT SCROLL TO CONTINUE WITH CONTENT
"TKN Sebut yang Paham Orang Susah, Pemimpin yang Pernah Susah","Rabu, 27 Feb 2019 01:30 WIB",https://www.cnnindonesia.com/nasional/20190227001756-32-372928/tkn-sebut-yang-paham-orang-susah-pemimpin-yang-pernah-susah,ADVERTISEMENT SCROLL TO CONTINUE WITH CONTENT
KPU Hapus Pertanyaan Berbentuk Video di Debat Cawapres 2019,"Selasa, 26 Feb 2019 22:01 WIB",https://www.cnnindonesia.com/nasional/20190226214859-32-372900/kpu-hapus-pertanyaan-berbentuk-video-di-debat-cawapres-2019,ADVERTISEMENT SCROLL TO CONTINUE WITH CONTENT
Din Syamsuddin Kritik Perang Total dan Fanatisme Pilpres 2019,"Selasa, 26 Feb 2019 21:35 WIB",https://www.cnnindonesia.com/nasional/20190226210912-32-372897/din-syamsuddin-kritik-perang-total-dan-fanatisme-pilpres-2019,ADVERTISEMENT SCROLL TO CONTINUE WITH CONTENT
"Dianggap Kampanye Jokowi, Jubir TKN Arif Disoraki Emak-emak","Selasa, 26 Feb 2019 20:34 WIB",https://www.cnnindonesia.com/nasional/20190226201519-20-372872/dianggap-kampanye-jokowi-jubir-tkn-arif-disoraki-emak-emak,ADVERTISEMENT SCROLL TO CONTINUE WITH CONTENT
"Soal Ajakan Sumpah Pocong Wiranto, BPN Sebut Tim Jokowi Stres","Selasa, 26 Feb 2019 18:00 WIB",https://www.cnnindonesia.com/nasional/20190226174010-32-372810/soal-ajakan-sumpah-pocong-wiranto-bpn-sebut-tim-jokowi-stres,ADVERTISEMENT SCROLL TO CONTINUE WITH CONTENT
Surat Dhani untuk Menhan: Apakah Saya Korban 'Perang Total'?,"Selasa, 26 Feb 2019 17:59 WIB",https://www.cnnindonesia.com/nasional/20190226174728-12-372806/surat-dhani-untuk-menhan-apakah-saya-korban-perang-total,ADVERTISEMENT SCROLL TO CONTINUE WITH CONTENT
Moeldoko Duga Kampanye Emak-emak di Karawang Atas Instruksi,"Selasa, 26 Feb 2019 17:30 WIB",https://www.cnnindonesia.com/nasional/20190226171610-32-372793/moeldoko-duga-kampanye-emak-emak-di-karawang-atas-instruksi,ADVERTISEMENT SCROLL TO CONTINUE WITH CONTENT
"Bela Ganjar, JK Sebut Gubernur dan Bupati Tak Mesti Netral","Selasa, 26 Feb 2019 17:09 WIB",https://www.cnnindonesia.com/nasional/20190226165755-32-372778/bela-ganjar-jk-sebut-gubernur-dan-bupati-tak-mesti-netral,ADVERTISEMENT SCROLL TO CONTINUE WITH CONTENT
"Emak-emak Tersangka, BPN Pertanyakan Kasus Viktor Laiskodat","Selasa, 26 Feb 2019 16:55 WIB",https://www.cnnindonesia.com/nasional/20190226163447-32-372775/emak-emak-tersangka-bpn-pertanyakan-kasus-viktor-laiskodat,ADVERTISEMENT SCROLL TO CONTINUE WITH CONTENT
Wakil Walkot Semarang: Petugas Partai Wajib Dukung Jokowi,"Selasa, 26 Feb 2019 16:50 WIB",https://www.cnnindonesia.com/nasional/20190226160126-32-372770/wakil-walkot-semarang-petugas-partai-wajib-dukung-jokowi,ADVERTISEMENT SCROLL TO CONTINUE WITH CONTENT
"JK: Wakilnya Kan Kiai Ma'ruf Amin, Bagaimana Bisa Larang Azan","Selasa, 26 Feb 2019 16:03 WIB",https://www.cnnindonesia.com/nasional/20190226154934-32-372757/jk-wakilnya-kan-kiai-maruf-amin-bagaimana-bisa-larang-azan,ADVERTISEMENT SCROLL TO CONTINUE WITH CONTENT
Pengamat LIPI Sarankan Jokowi Minta Maaf soal Data Keliru,"Selasa, 26 Feb 2019 14:19 WIB",https://www.cnnindonesia.com/nasional/20190226132836-32-372716/pengamat-lipi-sarankan-jokowi-minta-maaf-soal-data-keliru,ADVERTISEMENT SCROLL TO CONTINUE WITH CONTENT
Tjahjo Sebut Tak Berwenang Panggil Kepala Daerah soal Pilpres,"Selasa, 26 Feb 2019 13:04 WIB",https://www.cnnindonesia.com/nasional/20190226122934-32-372678/tjahjo-sebut-tak-berwenang-panggil-kepala-daerah-soal-pilpres,ADVERTISEMENT SCROLL TO CONTINUE WITH CONTENT
Ma'ruf Minta Aktor Intelektual di Balik Emak-emak Diusut,"Selasa, 26 Feb 2019 12:49 WIB",https://www.cnnindonesia.com/nasional/20190226121653-32-372677/maruf-minta-aktor-intelektual-di-balik-emak-emak-diusut,ADVERTISEMENT SCROLL TO CONTINUE WITH CONTENT
Budiman Sebut Penggunaan Emak-emak Mirip Strategi Teroris,"Selasa, 26 Feb 2019 11:48 WIB",https://www.cnnindonesia.com/nasional/20190226110113-32-372646/budiman-sebut-penggunaan-emak-emak-mirip-strategi-teroris,ADVERTISEMENT SCROLL TO CONTINUE WITH CONTENT
Eks Kombatan GAM Beda Suara soal Lahan Prabowo di Aceh,"Selasa, 26 Feb 2019 11:26 WIB",https://www.cnnindonesia.com/nasional/20190226092746-32-372626/eks-kombatan-gam-beda-suara-soal-lahan-prabowo-di-aceh,ADVERTISEMENT SCROLL TO CONTINUE WITH CONTENT
Polisi Jelaskan Peran Emak-Emak Tersangka Kampanye Hitam,"Selasa, 26 Feb 2019 11:17 WIB",https://www.cnnindonesia.com/nasional/20190226110523-12-372643/polisi-jelaskan-peran-emak-emak-tersangka-kampanye-hitam,ADVERTISEMENT SCROLL TO CONTINUE WITH CONTENT
"Jadi Tersangka, Tiga Emak-Emak di Karawang Langsung Ditahan","Selasa, 26 Feb 2019 10:36 WIB",https://www.cnnindonesia.com/nasional/20190226101409-12-372632/jadi-tersangka-tiga-emak-emak-di-karawang-langsung-ditahan,ADVERTISEMENT SCROLL TO CONTINUE WITH CONTENT
Ketum PEPES Bantah Emak-emak Ditangkap di Karawang Anggotanya,"Selasa, 26 Feb 2019 08:46 WIB",https://www.cnnindonesia.com/nasional/20190226081313-32-372617/ketum-pepes-bantah-emak-emak-ditangkap-di-karawang-anggotanya,ADVERTISEMENT SCROLL TO CONTINUE WITH CONTENT
TKN Sindir Konsistensi Prabowo soal Pengembalian Lahan,"Selasa, 26 Feb 2019 07:16 WIB",https://www.cnnindonesia.com/nasional/20190226064322-32-372610/tkn-sindir-konsistensi-prabowo-soal-pengembalian-lahan,ADVERTISEMENT SCROLL TO CONTINUE WITH CONTENT
BPN Minta Polisi Tangkap Relawan Jokowi yang Fitnah Prabowo,"Selasa, 26 Feb 2019 03:47 WIB",https://www.cnnindonesia.com/nasional/20190226032859-32-372604/bpn-minta-polisi-tangkap-relawan-jokowi-yang-fitnah-prabowo,ADVERTISEMENT SCROLL TO CONTINUE WITH CONTENT
"Polisi Sigap Tangkap Pepes, Tim Prabowo Nilai Tak Adil","Senin, 25 Feb 2019 23:24 WIB",https://www.cnnindonesia.com/nasional/20190225230130-32-372591/polisi-sigap-tangkap-pepes-tim-prabowo-nilai-tak-adil,ADVERTISEMENT SCROLL TO CONTINUE WITH CONTENT
TKN Tak Sepakat Bawaslu Jateng Anggap Ganjar Tak Netral,"Senin, 25 Feb 2019 21:49 WIB",https://www.cnnindonesia.com/nasional/20190225213712-32-372579/tkn-tak-sepakat-bawaslu-jateng-anggap-ganjar-tak-netral,ADVERTISEMENT SCROLL TO CONTINUE WITH CONTENT
Garuda Laporkan KPU ke Bawaslu soal Kursi di Debat Capres,"Senin, 25 Feb 2019 21:13 WIB",https://www.cnnindonesia.com/nasional/20190225204728-32-372570/garuda-laporkan-kpu-ke-bawaslu-soal-kursi-di-debat-capres,ADVERTISEMENT SCROLL TO CONTINUE WITH CONTENT
TKN Minta Polisi Ungkap Aktor Intelektual Aksi Kampanye PEPES,"Senin, 25 Feb 2019 21:01 WIB",https://www.cnnindonesia.com/nasional/20190225202630-32-372563/tkn-minta-polisi-ungkap-aktor-intelektual-aksi-kampanye-pepes,ADVERTISEMENT SCROLL TO CONTINUE WITH CONTENT
Mendagri Persilakan Bawaslu Usut 15 Camat Deklarasi Dukung 01,"Senin, 25 Feb 2019 18:52 WIB",https://www.cnnindonesia.com/nasional/20190225180804-32-372521/mendagri-persilakan-bawaslu-usut-15-camat-deklarasi-dukung-01,ADVERTISEMENT SCROLL TO CONTINUE WITH CONTENT
Ketua PEPES Blakblakan soal Emak-emak Kampanye Hitam Jokowi,"Senin, 25 Feb 2019 17:02 WIB",https://www.cnnindonesia.com/nasional/20190225161242-32-372489/ketua-pepes-blakblakan-soal-emak-emak-kampanye-hitam-jokowi,ADVERTISEMENT SCROLL TO CONTINUE WITH CONTENT
Tim Jokowi Duga Kampanye Hitam ala PEPES Sistematis,"Senin, 25 Feb 2019 14:41 WIB",https://www.cnnindonesia.com/nasional/20190225140120-32-372432/tim-jokowi-duga-kampanye-hitam-ala-pepes-sistematis,ADVERTISEMENT SCROLL TO CONTINUE WITH CONTENT
"Bandingkan dengan Anies, Tjahjo Yakin Ganjar dkk Taat Aturan","Senin, 25 Feb 2019 13:56 WIB",https://www.cnnindonesia.com/nasional/20190225133623-32-372423/bandingkan-dengan-anies-tjahjo-yakin-ganjar-dkk-taat-aturan,ADVERTISEMENT SCROLL TO CONTINUE WITH CONTENT
Tiga Wanita Diamankan soal 'Jokowi Menang Nikah Sejenis Sah',"Senin, 25 Feb 2019 10:09 WIB",https://www.cnnindonesia.com/nasional/20190225100158-12-372322/tiga-wanita-diamankan-soal-jokowi-menang-nikah-sejenis-sah,ADVERTISEMENT SCROLL TO CONTINUE WITH CONTENT
"Divonis Langgar Netralitas, Ganjar Sebut Bawaslu 'Offside'","Senin, 25 Feb 2019 09:00 WIB",https://www.cnnindonesia.com/nasional/20190225082137-32-372283/divonis-langgar-netralitas-ganjar-sebut-bawaslu-offside,ADVERTISEMENT SCROLL TO CONTINUE WITH CONTENT
Jokowi Janji Naikkan Dana Abadi Pendidikan Jadi Rp100 Triliun,"Minggu, 24 Feb 2019 23:47 WIB",https://www.cnnindonesia.com/nasional/20190224225614-32-372233/jokowi-janji-naikkan-dana-abadi-pendidikan-jadi-rp100-triliun,ADVERTISEMENT SCROLL TO CONTINUE WITH CONTENT
"Wiranto Ibaratkan Indonesia Bus, Jokowi Sopir Berpengalaman","Minggu, 24 Feb 2019 22:25 WIB",https://www.cnnindonesia.com/nasional/20190224220547-32-372231/wiranto-ibaratkan-indonesia-bus-jokowi-sopir-berpengalaman,ADVERTISEMENT SCROLL TO CONTINUE WITH CONTENT
Ma'ruf: Jokowi Bangun 'Tol Langit' Bantu Startup Jadi Unicorn,"Minggu, 24 Feb 2019 22:05 WIB",https://www.cnnindonesia.com/nasional/20190224212554-32-372230/maruf-jokowi-bangun-tol-langit-bantu-startup-jadi-unicorn,ADVERTISEMENT SCROLL TO CONTINUE WITH CONTENT
Ridwan Kamil Berpantun: Indonesia Kuat Jika 01 Pemimpinnya,"Minggu, 24 Feb 2019 21:25 WIB",https://www.cnnindonesia.com/nasional/20190224211502-32-372228/ridwan-kamil-berpantun-indonesia-kuat-jika-01-pemimpinnya,ADVERTISEMENT SCROLL TO CONTINUE WITH CONTENT
Wiranto: Makanya Hati-hati dengan Doa,"Minggu, 24 Feb 2019 20:00 WIB",https://www.cnnindonesia.com/nasional/20190224191446-32-372216/wiranto-makanya-hati-hati-dengan-doa,ADVERTISEMENT SCROLL TO CONTINUE WITH CONTENT
"Munajat 212 Dikritik, MUI DKI Minta Jangan Perkeruh Suasana","Minggu, 24 Feb 2019 19:49 WIB",https://www.cnnindonesia.com/nasional/20190224192814-32-372215/munajat-212-dikritik-mui-dki-minta-jangan-perkeruh-suasana,ADVERTISEMENT SCROLL TO CONTINUE WITH CONTENT
TKN Klaim 24 Menteri dan 20 Gubernur Hadir di Konvensi Rakyat,"Minggu, 24 Feb 2019 18:51 WIB",https://www.cnnindonesia.com/nasional/20190224183448-32-372207/tkn-klaim-24-menteri-dan-20-gubernur-hadir-di-konvensi-rakyat,ADVERTISEMENT SCROLL TO CONTINUE WITH CONTENT
Ada 'Kuda Unicorn' di Konvensi Rakyat Jokowi-Ma'ruf,"Minggu, 24 Feb 2019 18:41 WIB",https://www.cnnindonesia.com/nasional/20190224180949-32-372206/ada-kuda-unicorn-di-konvensi-rakyat-jokowi-maruf,ADVERTISEMENT SCROLL TO CONTINUE WITH CONTENT
Ma'ruf Amin Sebut Doa Neno Warisman Tak Bakal Manjur,"Minggu, 24 Feb 2019 18:01 WIB",https://www.cnnindonesia.com/nasional/20190224173129-32-372194/maruf-amin-sebut-doa-neno-warisman-tak-bakal-manjur,ADVERTISEMENT SCROLL TO CONTINUE WITH CONTENT
"Sebelum Pidato, Jokowi Ajak Jan Ethes Main di Kebun Raya","Minggu, 24 Feb 2019 17:50 WIB",https://www.cnnindonesia.com/nasional/20190224174358-32-372197/sebelum-pidato-jokowi-ajak-jan-ethes-main-di-kebun-raya,ADVERTISEMENT SCROLL TO CONTINUE WITH CONTENT
"Pidato Jokowi, Relawan hingga Anak-anak 'Putihkan' SICC","Minggu, 24 Feb 2019 17:23 WIB",https://www.cnnindonesia.com/nasional/20190224171052-32-372192/pidato-jokowi-relawan-hingga-anak-anak-putihkan-sicc,ADVERTISEMENT SCROLL TO CONTINUE WITH CONTENT
"Berhijab Merah, Ribuan Ibu-ibu Deklarasi Dukung Jokowi-Ma'ruf","Minggu, 24 Feb 2019 16:06 WIB",https://www.cnnindonesia.com/nasional/20190224153603-32-372186/berhijab-merah-ribuan-ibu-ibu-deklarasi-dukung-jokowi-maruf,ADVERTISEMENT SCROLL TO CONTINUE WITH CONTENT
Kubu #2019GantiPresiden Sebut Puisi Neno Ekspresi Seorang Ibu,"Minggu, 24 Feb 2019 15:32 WIB",https://www.cnnindonesia.com/nasional/20190224151510-32-372184/kubu-2019gantipresiden-sebut-puisi-neno-ekspresi-seorang-ibu,ADVERTISEMENT SCROLL TO CONTINUE WITH CONTENT
"Ma'ruf Amin: Saya Kan Orang 212, Kok Tidak Diundang Munajat","Minggu, 24 Feb 2019 15:03 WIB",https://www.cnnindonesia.com/nasional/20190224143729-32-372180/maruf-amin-saya-kan-orang-212-kok-tidak-diundang-munajat,ADVERTISEMENT SCROLL TO CONTINUE WITH CONTENT
Ma'ruf Amin: Jawa Barat Paling Kuat Hoaksnya,"Minggu, 24 Feb 2019 14:01 WIB",https://www.cnnindonesia.com/nasional/20190224132907-32-372170/maruf-amin-jawa-barat-paling-kuat-hoaksnya,ADVERTISEMENT SCROLL TO CONTINUE WITH CONTENT
"BPN: Jangan Khawatir Ma'ruf, Sandi Bakal Sopan","Minggu, 24 Feb 2019 05:51 WIB",https://www.cnnindonesia.com/nasional/20190224012134-32-372134/bpn-jangan-khawatir-maruf-sandi-bakal-sopan,ADVERTISEMENT SCROLL TO CONTINUE WITH CONTENT
Erick Thohir Sebut Pidato Kebangsaan Jokowi Tak Tiru Prabowo,"Minggu, 24 Feb 2019 05:23 WIB",https://www.cnnindonesia.com/nasional/20190224032232-32-372141/erick-thohir-sebut-pidato-kebangsaan-jokowi-tak-tiru-prabowo,ADVERTISEMENT SCROLL TO CONTINUE WITH CONTENT
TKN: Doa Neno Contoh Agama Jadi Kedok Kepentingan Politik,"Sabtu, 23 Feb 2019 21:59 WIB",https://www.cnnindonesia.com/nasional/20190223213953-32-372122/tkn-doa-neno-contoh-agama-jadi-kedok-kepentingan-politik,ADVERTISEMENT SCROLL TO CONTINUE WITH CONTENT
Erick Thohir Segera Laporkan Malam Munajat 212 ke Bawaslu,"Sabtu, 23 Feb 2019 19:51 WIB",https://www.cnnindonesia.com/nasional/20190223183409-32-372092/erick-thohir-segera-laporkan-malam-munajat-212-ke-bawaslu,ADVERTISEMENT SCROLL TO CONTINUE WITH CONTENT
BPN: Neno Penggal Doa Perang Badar Nabi Muhammad Tak Masalah,"Sabtu, 23 Feb 2019 16:32 WIB",https://www.cnnindonesia.com/nasional/20190223154732-32-372067/bpn-neno-penggal-doa-perang-badar-nabi-muhammad-tak-masalah,ADVERTISEMENT SCROLL TO CONTINUE WITH CONTENT
Ma'ruf Kritik Puisi Neno: Sama Saja Anggap Jokowi Kafir,"Sabtu, 23 Feb 2019 12:03 WIB",https://www.cnnindonesia.com/nasional/20190223114413-32-372010/maruf-kritik-puisi-neno-sama-saja-anggap-jokowi-kafir,ADVERTISEMENT SCROLL TO CONTINUE WITH CONTENT
PBNU Kritik Keras Puisi Neno 'Tak Ada Lagi Menyembah Allah',"Sabtu, 23 Feb 2019 10:57 WIB",https://www.cnnindonesia.com/nasional/20190223102738-20-372006/pbnu-kritik-keras-puisi-neno-tak-ada-lagi-menyembah-allah,ADVERTISEMENT SCROLL TO CONTINUE WITH CONTENT
Novel Bamukmin Disebut Batal Mundur dari PBB,"Sabtu, 23 Feb 2019 06:12 WIB",https://www.cnnindonesia.com/nasional/20190223054008-32-371988/novel-bamukmin-disebut-batal-mundur-dari-pbb,ADVERTISEMENT SCROLL TO CONTINUE WITH CONTENT
TKN Anggap Teriakan Nama Jokowi oleh Kades Bukan Kampanye,"Jumat, 22 Feb 2019 23:59 WIB",https://www.cnnindonesia.com/nasional/20190222224438-32-371981/tkn-anggap-teriakan-nama-jokowi-oleh-kades-bukan-kampanye,ADVERTISEMENT SCROLL TO CONTINUE WITH CONTENT
TKN Tunggu Bawaslu Usut Dugaan Kampanye Munajat 212,"Jumat, 22 Feb 2019 22:38 WIB",https://www.cnnindonesia.com/nasional/20190222222159-32-371980/tkn-tunggu-bawaslu-usut-dugaan-kampanye-munajat-212,ADVERTISEMENT SCROLL TO CONTINUE WITH CONTENT
Dewan Pers: Berita 'Ahok Gantikan Ma'ruf' Langgar Kode Etik,"Jumat, 22 Feb 2019 19:57 WIB",https://www.cnnindonesia.com/nasional/20190222194255-20-371944/dewan-pers-berita-ahok-gantikan-maruf-langgar-kode-etik,ADVERTISEMENT SCROLL TO CONTINUE WITH CONTENT
TKN Selidiki Izin Anies Baswedan Untuk Acara Munajat 212,"Jumat, 22 Feb 2019 19:22 WIB",https://www.cnnindonesia.com/nasional/20190222191254-32-371936/tkn-selidiki-izin-anies-baswedan-untuk-acara-munajat-212,ADVERTISEMENT SCROLL TO CONTINUE WITH CONTENT
"'Coblos Satu Saja', TKN Bantah Menristek Kampanyekan Jokowi","Jumat, 22 Feb 2019 19:17 WIB",https://www.cnnindonesia.com/nasional/20190222185148-32-371928/coblos-satu-saja-tkn-bantah-menristek-kampanyekan-jokowi,ADVERTISEMENT SCROLL TO CONTINUE WITH CONTENT
"Jurkam Jokowi soal Massa Munajat 212: Lo Lagi, Lo Lagi","Jumat, 22 Feb 2019 16:57 WIB",https://www.cnnindonesia.com/nasional/20190222162133-32-371854/jurkam-jokowi-soal-massa-munajat-212-lo-lagi-lo-lagi,ADVERTISEMENT SCROLL TO CONTINUE WITH CONTENT
Jokowi Bakal Pidato Gagasan Politik dalam Konvensi Rakyat,"Jumat, 22 Feb 2019 16:38 WIB",https://www.cnnindonesia.com/nasional/20190222141851-32-371809/jokowi-bakal-pidato-gagasan-politik-dalam-konvensi-rakyat,ADVERTISEMENT SCROLL TO CONTINUE WITH CONTENT
Ma'ruf Anggap Debat Cawapres Bukan Hal Luar Biasa,"Jumat, 22 Feb 2019 15:12 WIB",https://www.cnnindonesia.com/nasional/20190222133009-32-371789/maruf-anggap-debat-cawapres-bukan-hal-luar-biasa,ADVERTISEMENT SCROLL TO CONTINUE WITH CONTENT
Ma'ruf Amin soal Munajat 212: Jangan Politisasi MUI,"Jumat, 22 Feb 2019 14:19 WIB",https://www.cnnindonesia.com/nasional/20190222130314-32-371783/maruf-amin-soal-munajat-212-jangan-politisasi-mui,ADVERTISEMENT SCROLL TO CONTINUE WITH CONTENT
Bawaslu Kaji Dugaan Pelanggaran Pemilu di Malam Munajat 212,"Jumat, 22 Feb 2019 13:11 WIB",https://www.cnnindonesia.com/nasional/20190222112928-32-371753/bawaslu-kaji-dugaan-pelanggaran-pemilu-di-malam-munajat-212,ADVERTISEMENT SCROLL TO CONTINUE WITH CONTENT
Menggugat Debat Capres Tanpa Serangan dan Ketakutan Moderator,"Jumat, 22 Feb 2019 07:44 WIB",https://www.cnnindonesia.com/nasional/20190221205052-32-371653/menggugat-debat-capres-tanpa-serangan-dan-ketakutan-moderator,ADVERTISEMENT SCROLL TO CONTINUE WITH CONTENT
PAN Respons Lahan Amien Rais: Hasto Tendensius ke Tokoh Islam,"Kamis, 21 Feb 2019 20:31 WIB",https://www.cnnindonesia.com/nasional/20190221183437-32-371568/pan-respons-lahan-amien-rais-hasto-tendensius-ke-tokoh-islam,ADVERTISEMENT SCROLL TO CONTINUE WITH CONTENT
TKN Tuding Sudirman Cari Sensasi soal Jokowi dan Bos Freeport,"Kamis, 21 Feb 2019 20:23 WIB",https://www.cnnindonesia.com/nasional/20190221192110-32-371580/tkn-tuding-sudirman-cari-sensasi-soal-jokowi-dan-bos-freeport,ADVERTISEMENT SCROLL TO CONTINUE WITH CONTENT
Fadli Zon Minta Menteri Jokowi Tak Diundang Nonton Debat,"Kamis, 21 Feb 2019 20:11 WIB",https://www.cnnindonesia.com/nasional/20190221194510-32-371627/fadli-zon-minta-menteri-jokowi-tak-diundang-nonton-debat,ADVERTISEMENT SCROLL TO CONTINUE WITH CONTENT
Ma'ruf Amin Sindir Ahmad Dhani: Dia Tahu Apa Tentang NU?,"Kamis, 21 Feb 2019 19:56 WIB",https://www.cnnindonesia.com/nasional/20190221192824-20-371586/maruf-amin-sindir-ahmad-dhani-dia-tahu-apa-tentang-nu,ADVERTISEMENT SCROLL TO CONTINUE WITH CONTENT
Jurkam Jokowi Sebut Prabowo Mirip Kritikus di Panggung Debat,"Kamis, 21 Feb 2019 19:40 WIB",https://www.cnnindonesia.com/nasional/20190221190838-32-371578/jurkam-jokowi-sebut-prabowo-mirip-kritikus-di-panggung-debat,ADVERTISEMENT SCROLL TO CONTINUE WITH CONTENT
TKN Tantang Prabowo Bongkar Kebohongan Jokowi di Debat Capres,"Kamis, 21 Feb 2019 18:09 WIB",https://www.cnnindonesia.com/nasional/20190221175312-32-371552/tkn-tantang-prabowo-bongkar-kebohongan-jokowi-di-debat-capres,ADVERTISEMENT SCROLL TO CONTINUE WITH CONTENT
PKS: Lahan Erick Thohir Jauh Lebih Banyak dari Prabowo,"Kamis, 21 Feb 2019 17:10 WIB",https://www.cnnindonesia.com/nasional/20190221165341-32-371531/pks-lahan-erick-thohir-jauh-lebih-banyak-dari-prabowo,ADVERTISEMENT SCROLL TO CONTINUE WITH CONTENT
Partai Garuda Kecewa Dapat Kursi Dekat Paslon di Debat Capres,"Kamis, 21 Feb 2019 15:44 WIB",https://www.cnnindonesia.com/nasional/20190221153323-32-371487/partai-garuda-kecewa-dapat-kursi-dekat-paslon-di-debat-capres,ADVERTISEMENT SCROLL TO CONTINUE WITH CONTENT
"Putri Ma'ruf Amin Jenguk Bu Ani, Bawa Salam dari Abah","Kamis, 21 Feb 2019 08:26 WIB",https://www.cnnindonesia.com/nasional/20190221075544-20-371275/putri-maruf-amin-jenguk-bu-ani-bawa-salam-dari-abah,ADVERTISEMENT SCROLL TO CONTINUE WITH CONTENT
Hasto Sebut 'Nyanyian' Sudirman Said Bentuk Kekecewaan,"Kamis, 21 Feb 2019 06:42 WIB",https://www.cnnindonesia.com/nasional/20190221062448-32-371268/hasto-sebut-nyanyian-sudirman-said-bentuk-kekecewaan,ADVERTISEMENT SCROLL TO CONTINUE WITH CONTENT
Luhut soal Kritik JK: Hubungan Wapres-Presiden Sangat Baik,"Kamis, 21 Feb 2019 06:05 WIB",https://www.cnnindonesia.com/nasional/20190220201533-32-371220/luhut-soal-kritik-jk-hubungan-wapres-presiden-sangat-baik,ADVERTISEMENT SCROLL TO CONTINUE WITH CONTENT
TKN Sebut Seruan 'Dana Desa Jokowi' Mendagri Bukan Kampanye,"Rabu, 20 Feb 2019 22:36 WIB",https://www.cnnindonesia.com/nasional/20190220221631-32-371246/tkn-sebut-seruan-dana-desa-jokowi-mendagri-bukan-kampanye,ADVERTISEMENT SCROLL TO CONTINUE WITH CONTENT
Jokowi Beri Pembekalan Tertutup 700 Saksi Pilpres 2019,"Rabu, 20 Feb 2019 20:18 WIB",https://www.cnnindonesia.com/nasional/20190220194938-32-371205/jokowi-beri-pembekalan-tertutup-700-saksi-pilpres-2019,ADVERTISEMENT SCROLL TO CONTINUE WITH CONTENT
Erick Thohir Pimpin Polling Ketua Umum PSSI,"Rabu, 20 Feb 2019 20:18 WIB",https://www.cnnindonesia.com/olahraga/20190220181105-142-371173/erick-thohir-pimpin-polling-ketua-umum-pssi,ADVERTISEMENT SCROLL TO CONTINUE WITH CONTENT
TKN: Kampanye Jokowi-Ahok di DKI Banyak Untungkan Prabowo,"Rabu, 20 Feb 2019 19:30 WIB",https://www.cnnindonesia.com/nasional/20190220175615-32-371175/tkn-kampanye-jokowi-ahok-di-dki-banyak-untungkan-prabowo,ADVERTISEMENT SCROLL TO CONTINUE WITH CONTENT
"Tuding Jokowi Curang, Djoko Santoso Dilaporkan ke Bawaslu","Rabu, 20 Feb 2019 19:14 WIB",https://www.cnnindonesia.com/nasional/20190220184143-32-371185/tuding-jokowi-curang-djoko-santoso-dilaporkan-ke-bawaslu,ADVERTISEMENT SCROLL TO CONTINUE WITH CONTENT
PAN Jamin Sandiaga Tak Serang Ma'ruf Amin di Debat Pilpres,"Rabu, 20 Feb 2019 18:49 WIB",https://www.cnnindonesia.com/nasional/20190220182645-32-371183/pan-jamin-sandiaga-tak-serang-maruf-amin-di-debat-pilpres,ADVERTISEMENT SCROLL TO CONTINUE WITH CONTENT
KPU Usul Pakar Bisa Langsung Bertanya ke Cawapres saat Debat,"Rabu, 20 Feb 2019 18:05 WIB",https://www.cnnindonesia.com/nasional/20190220173233-32-371161/kpu-usul-pakar-bisa-langsung-bertanya-ke-cawapres-saat-debat,ADVERTISEMENT SCROLL TO CONTINUE WITH CONTENT
Menaker Ajak Kiai Doakan Jokowi Terus Memimpin Indonesia,"Rabu, 20 Feb 2019 16:12 WIB",https://www.cnnindonesia.com/nasional/20190220160608-32-371117/menaker-ajak-kiai-doakan-jokowi-terus-memimpin-indonesia,ADVERTISEMENT SCROLL TO CONTINUE WITH CONTENT
PDIP Sebut Sentilan Lahan Prabowo Bikin Amien Rais Mati Kutu,"Rabu, 20 Feb 2019 15:42 WIB",https://www.cnnindonesia.com/nasional/20190220143853-32-371094/pdip-sebut-sentilan-lahan-prabowo-bikin-amien-rais-mati-kutu,ADVERTISEMENT SCROLL TO CONTINUE WITH CONTENT
KPU Usul Alfito dan Putri Ayuningtyas Moderator Debat Ketiga,"Rabu, 20 Feb 2019 15:21 WIB",https://www.cnnindonesia.com/nasional/20190220140421-32-371072/kpu-usul-alfito-dan-putri-ayuningtyas-moderator-debat-ketiga,ADVERTISEMENT SCROLL TO CONTINUE WITH CONTENT
KPU Tetapkan Debat Pemungkas Pilpres 2019 Digelar 9 April,"Rabu, 20 Feb 2019 15:15 WIB",https://www.cnnindonesia.com/nasional/20190220143334-32-371096/kpu-tetapkan-debat-pemungkas-pilpres-2019-digelar-9-april,ADVERTISEMENT SCROLL TO CONTINUE WITH CONTENT
TKN Sebut Jokowi Punya Utang Tuntaskan Kasus HAM Berat,"Rabu, 20 Feb 2019 13:04 WIB",https://www.cnnindonesia.com/nasional/20190220113259-32-370992/tkn-sebut-jokowi-punya-utang-tuntaskan-kasus-ham-berat,ADVERTISEMENT SCROLL TO CONTINUE WITH CONTENT
TKN soal Dendam Politik ke Dhani: Jangan Sebar Info Sesat,"Rabu, 20 Feb 2019 10:02 WIB",https://www.cnnindonesia.com/nasional/20190220092832-32-370937/tkn-soal-dendam-politik-ke-dhani-jangan-sebar-info-sesat,ADVERTISEMENT SCROLL TO CONTINUE WITH CONTENT
Raffi Ahmad-Nagita Slavina Bikin Vlog bersama Ma'ruf Amin,Tanggal tidak ditemukan,https://www.cnnindonesia.com/hiburan/20190220054157-234-370895/raffi-ahmad-nagita-slavina-bikin-vlog-bersama-maruf-amin,ADVERTISEMENT SCROLL TO CONTINUE WITH CONTENT
PKS: Politisasi Agama? Agamis Tapi untuk Kepentingan Politik,"Selasa, 19 Feb 2019 23:08 WIB",https://www.cnnindonesia.com/nasional/20190219204756-32-370855/pks-politisasi-agama-agamis-tapi-untuk-kepentingan-politik,ADVERTISEMENT SCROLL TO CONTINUE WITH CONTENT
TKN Sebut Jokowi Tak Serang Prabowo Cuma Beri Contoh Lahan,"Selasa, 19 Feb 2019 19:53 WIB",https://www.cnnindonesia.com/nasional/20190219172642-32-370775/tkn-sebut-jokowi-tak-serang-prabowo-cuma-beri-contoh-lahan,ADVERTISEMENT SCROLL TO CONTINUE WITH CONTENT
Lagu 'Meraih Kemenangan' Via Vallen untuk Jokowi,Tanggal tidak ditemukan,https://www.cnnindonesia.com/hiburan/20190219183439-227-370805/lagu-meraih-kemenangan-via-vallen-untuk-jokowi,ADVERTISEMENT SCROLL TO CONTINUE WITH CONTENT
Moeldoko: Tim Prabowo Tak Cerdas Tanggapi Jokowi di Debat,"Selasa, 19 Feb 2019 17:55 WIB",https://www.cnnindonesia.com/nasional/20190219170416-32-370760/moeldoko-tim-prabowo-tak-cerdas-tanggapi-jokowi-di-debat,ADVERTISEMENT SCROLL TO CONTINUE WITH CONTENT
Ketua KPU Bingung Usulan Sandi Minta Debat Tanpa Panelis,"Selasa, 19 Feb 2019 17:12 WIB",https://www.cnnindonesia.com/nasional/20190219165907-32-370755/ketua-kpu-bingung-usulan-sandi-minta-debat-tanpa-panelis,ADVERTISEMENT SCROLL TO CONTINUE WITH CONTENT
"Kritik Proyek Tak Efisien, JK Minta Konsultan Berpikir Jernih","Selasa, 19 Feb 2019 16:22 WIB",https://www.cnnindonesia.com/nasional/20190219160730-32-370733/kritik-proyek-tak-efisien-jk-minta-konsultan-berpikir-jernih,ADVERTISEMENT SCROLL TO CONTINUE WITH CONTENT
TKN: Jokowi Tak Pernah Bekerja di Perusahaan Milik Prabowo,"Selasa, 19 Feb 2019 14:29 WIB",https://www.cnnindonesia.com/nasional/20190219134913-32-370670/tkn-jokowi-tak-pernah-bekerja-di-perusahaan-milik-prabowo,ADVERTISEMENT SCROLL TO CONTINUE WITH CONTENT
Ma'ruf Ajak Sandiaga Jaga Sopan Santun saat Debat Cawapres,"Selasa, 19 Feb 2019 13:21 WIB",https://www.cnnindonesia.com/nasional/20190219130839-32-370651/maruf-ajak-sandiaga-jaga-sopan-santun-saat-debat-cawapres,ADVERTISEMENT SCROLL TO CONTINUE WITH CONTENT
"Ajak PIlih Jokowi di Acara Polisi, Koster Diadukan ke Bawaslu","Selasa, 19 Feb 2019 10:47 WIB",https://www.cnnindonesia.com/nasional/20190219100554-32-370591/ajak-pilih-jokowi-di-acara-polisi-koster-diadukan-ke-bawaslu,ADVERTISEMENT SCROLL TO CONTINUE WITH CONTENT
Jokowi Diduga Pernah Kerja di Firma yang Kini Milik Prabowo,"Selasa, 19 Feb 2019 09:31 WIB",https://www.cnnindonesia.com/nasional/20190218215050-32-370536/jokowi-diduga-pernah-kerja-di-firma-yang-kini-milik-prabowo,ADVERTISEMENT SCROLL TO CONTINUE WITH CONTENT
Sandi Ingin Pertanyaan Panelis Dihapus Saat Debat Ketiga,"Selasa, 19 Feb 2019 02:21 WIB",https://www.cnnindonesia.com/nasional/20190218180010-32-370451/sandi-ingin-pertanyaan-panelis-dihapus-saat-debat-ketiga,ADVERTISEMENT SCROLL TO CONTINUE WITH CONTENT
"Usai Ricuh di Debat Pilpres, Ferdinand Cium Tangan Luhut","Senin, 18 Feb 2019 21:36 WIB",https://www.cnnindonesia.com/nasional/20190218204015-32-370515/usai-ricuh-di-debat-pilpres-ferdinand-cium-tangan-luhut,ADVERTISEMENT SCROLL TO CONTINUE WITH CONTENT
BPN soal Isu Earpiece: Publik Cenderung Tak Percaya Jokowi,"Senin, 18 Feb 2019 21:20 WIB",https://www.cnnindonesia.com/nasional/20190218191824-32-370485/bpn-soal-isu-earpiece-publik-cenderung-tak-percaya-jokowi,ADVERTISEMENT SCROLL TO CONTINUE WITH CONTENT
Perekam Video di Rumah Adik Wagub Sumut Kabur ke Luar Negeri,"Senin, 18 Feb 2019 20:15 WIB",https://www.cnnindonesia.com/nasional/20190218194936-12-370498/perekam-video-di-rumah-adik-wagub-sumut-kabur-ke-luar-negeri,ADVERTISEMENT SCROLL TO CONTINUE WITH CONTENT
"Belum Punya Bukti, Fadli Zon Duga Materi Debat Capres Bocor","Senin, 18 Feb 2019 19:28 WIB",https://www.cnnindonesia.com/nasional/20190218184043-32-370468/belum-punya-bukti-fadli-zon-duga-materi-debat-capres-bocor,ADVERTISEMENT SCROLL TO CONTINUE WITH CONTENT
Luhut Pasang Badan untuk Jokowi saat Ricuh Jeda Debat,"Senin, 18 Feb 2019 19:14 WIB",https://www.cnnindonesia.com/nasional/20190218184429-32-370471/luhut-pasang-badan-untuk-jokowi-saat-ricuh-jeda-debat,ADVERTISEMENT SCROLL TO CONTINUE WITH CONTENT
"Dituduh Curang, TKN Sebut Djoksan Tutupi Kelemahan Prabowo","Senin, 18 Feb 2019 18:43 WIB",https://www.cnnindonesia.com/nasional/20190218174058-32-370443/dituduh-curang-tkn-sebut-djoksan-tutupi-kelemahan-prabowo,ADVERTISEMENT SCROLL TO CONTINUE WITH CONTENT
"Debat Kedua, TKN Klaim Jokowi Kuasai Masalah dan Konkret","Senin, 18 Feb 2019 18:26 WIB",https://www.cnnindonesia.com/nasional/20190218165407-32-370423/debat-kedua-tkn-klaim-jokowi-kuasai-masalah-dan-konkret,ADVERTISEMENT SCROLL TO CONTINUE WITH CONTENT
Protes Keras BPN soal Tanah Prabowo Picu Kericuhan di Debat,"Senin, 18 Feb 2019 17:40 WIB",https://www.cnnindonesia.com/nasional/20190218164406-32-370433/protes-keras-bpn-soal-tanah-prabowo-picu-kericuhan-di-debat,ADVERTISEMENT SCROLL TO CONTINUE WITH CONTENT
FBR Tegaskan Belum Tentukan Dukungan ke Capres,"Senin, 18 Feb 2019 17:20 WIB",https://www.cnnindonesia.com/nasional/20190218162905-32-370413/fbr-tegaskan-belum-tentukan-dukungan-ke-capres,ADVERTISEMENT SCROLL TO CONTINUE WITH CONTENT
"Imbas Kasus Ahok, Elektabilitas Jokowi-Ma'ruf di DKI Rendah","Senin, 18 Feb 2019 14:23 WIB",https://www.cnnindonesia.com/nasional/20190218135429-32-370330/imbas-kasus-ahok-elektabilitas-jokowi-maruf-di-dki-rendah,ADVERTISEMENT SCROLL TO CONTINUE WITH CONTENT
TKN: Isu Earpiece Jokowi Permainan Politik Kambing Hitam BPN,"Senin, 18 Feb 2019 14:11 WIB",https://www.cnnindonesia.com/nasional/20190218135133-32-370321/tkn-isu-earpiece-jokowi-permainan-politik-kambing-hitam-bpn,ADVERTISEMENT SCROLL TO CONTINUE WITH CONTENT
"Ledakan Saat Debat, Polisi Periksa Relawan Jokowi-Ma'ruf","Senin, 18 Feb 2019 13:12 WIB",https://www.cnnindonesia.com/nasional/20190218124959-12-370305/ledakan-saat-debat-polisi-periksa-relawan-jokowi-maruf,ADVERTISEMENT SCROLL TO CONTINUE WITH CONTENT
Jokowi Sebut Penggunaan Earpiece dan Pulpen di Debat Fitnah,"Senin, 18 Feb 2019 12:55 WIB",https://www.cnnindonesia.com/nasional/20190218121203-32-370280/jokowi-sebut-penggunaan-earpiece-dan-pulpen-di-debat-fitnah,ADVERTISEMENT SCROLL TO CONTINUE WITH CONTENT
Erick Thohir: Indonesia Butuh Pemimpin yang Beri Arah Jelas,"Senin, 18 Feb 2019 09:01 WIB",https://www.cnnindonesia.com/nasional/20190218084632-32-370227/erick-thohir-indonesia-butuh-pemimpin-yang-beri-arah-jelas,ADVERTISEMENT SCROLL TO CONTINUE WITH CONTENT
JK: Jokowi Lebih Unggul dari Prabowo dalam Debat Capres 2019,"Senin, 18 Feb 2019 01:58 WIB",https://www.cnnindonesia.com/nasional/20190218011551-32-370199/jk-jokowi-lebih-unggul-dari-prabowo-dalam-debat-capres-2019,ADVERTISEMENT SCROLL TO CONTINUE WITH CONTENT
TKN: Prabowo Terjebak Menyerang Jokowi Tanpa Kajian,"Minggu, 17 Feb 2019 23:55 WIB",https://www.cnnindonesia.com/nasional/20190217233123-32-370173/tkn-prabowo-terjebak-menyerang-jokowi-tanpa-kajian,ADVERTISEMENT SCROLL TO CONTINUE WITH CONTENT
"Ma'ruf soal Debat Kedua: Prabowo Baik, Jokowi Lebih Baik","Minggu, 17 Feb 2019 23:46 WIB",https://www.cnnindonesia.com/nasional/20190217233816-32-370172/maruf-soal-debat-kedua-prabowo-baik-jokowi-lebih-baik,ADVERTISEMENT SCROLL TO CONTINUE WITH CONTENT
"Ada Ledakan di Senayan, Jokowi Batal Temui Pendukung","Minggu, 17 Feb 2019 23:32 WIB",https://www.cnnindonesia.com/nasional/20190217231238-32-370171/ada-ledakan-di-senayan-jokowi-batal-temui-pendukung,ADVERTISEMENT SCROLL TO CONTINUE WITH CONTENT
Pendukung Jokowi Soraki Prabowo saat Jawab Tayangan Video,"Minggu, 17 Feb 2019 21:51 WIB",https://www.cnnindonesia.com/nasional/20190217215135-32-370144/pendukung-jokowi-soraki-prabowo-saat-jawab-tayangan-video,ADVERTISEMENT SCROLL TO CONTINUE WITH CONTENT
"Terdengar Ledakan, Pendukung Jokowi Tinggalkan Lokasi Nonbar","Minggu, 17 Feb 2019 21:14 WIB",https://www.cnnindonesia.com/nasional/20190217210335-20-370113/terdengar-ledakan-pendukung-jokowi-tinggalkan-lokasi-nonbar,ADVERTISEMENT SCROLL TO CONTINUE WITH CONTENT
"Jokowi, Cucu Kedua dan Dukungan Keluarga Jelang Debat","Minggu, 17 Feb 2019 20:12 WIB",https://www.cnnindonesia.com/nasional/20190217200102-32-370091/jokowi-cucu-kedua-dan-dukungan-keluarga-jelang-debat,ADVERTISEMENT SCROLL TO CONTINUE WITH CONTENT
TKN: Tema Debat Capres Kedua Sudah 4 Tahun Dijalankan Jokowi,"Minggu, 17 Feb 2019 19:11 WIB",https://www.cnnindonesia.com/nasional/20190217184740-32-370054/tkn-tema-debat-capres-kedua-sudah-4-tahun-dijalankan-jokowi,ADVERTISEMENT SCROLL TO CONTINUE WITH CONTENT
Jokowi AkanAll Outdan 'Sersan' di Debat Kedua Capres,"Minggu, 17 Feb 2019 19:05 WIB",https://www.cnnindonesia.com/nasional/20190217185432-32-370071/jokowi-akan-all-out-dan-sersan-di-debat-kedua-capres,ADVERTISEMENT SCROLL TO CONTINUE WITH CONTENT
FBR Jakbar Dukung Jokowi karena Dinilai Lebih Peduli Betawi,"Minggu, 17 Feb 2019 18:55 WIB",https://www.cnnindonesia.com/nasional/20190217183746-32-370052/fbr-jakbar-dukung-jokowi-karena-dinilai-lebih-peduli-betawi,ADVERTISEMENT SCROLL TO CONTINUE WITH CONTENT
"Live Streaming Debat Capres Kedua Pilpres 2019, Simak di Sini","Minggu, 17 Feb 2019 18:33 WIB",https://www.cnnindonesia.com/nasional/20190217151422-32-369999/live-streaming-debat-capres-kedua-pilpres-2019-simak-di-sini,ADVERTISEMENT SCROLL TO CONTINUE WITH CONTENT
TKN Yakin Jokowi Cetak 6-0 di Debat Capres Kedua,"Minggu, 17 Feb 2019 17:11 WIB",https://www.cnnindonesia.com/nasional/20190217165532-32-370032/tkn-yakin-jokowi-cetak-6-0-di-debat-capres-kedua,ADVERTISEMENT SCROLL TO CONTINUE WITH CONTENT
2.981 Personel Gabungan Amankan Debat Capres Kedua,"Minggu, 17 Feb 2019 16:27 WIB",https://www.cnnindonesia.com/nasional/20190217161735-20-370022/2981-personel-gabungan-amankan-debat-capres-kedua,ADVERTISEMENT SCROLL TO CONTINUE WITH CONTENT
TKN: Debat Kedua Jadi Panggung Melihat Watak Dasar Pemimpin,"Minggu, 17 Feb 2019 16:14 WIB",https://www.cnnindonesia.com/nasional/20190217155844-32-370017/tkn-debat-kedua-jadi-panggung-melihat-watak-dasar-pemimpin,ADVERTISEMENT SCROLL TO CONTINUE WITH CONTENT
Debat Pilpres: Jokowi dan Prabowo Diprediksi Enggak 'Ngegas',"Minggu, 17 Feb 2019 15:48 WIB",https://www.cnnindonesia.com/nasional/20190216204659-32-369909/debat-pilpres-jokowi-dan-prabowo-diprediksi-enggak-ngegas,ADVERTISEMENT SCROLL TO CONTINUE WITH CONTENT
Iwan Fals Soal Energi dan Pangan: Alhamdulillah Lah,Tanggal tidak ditemukan,https://www.cnnindonesia.com/hiburan/20190217152100-234-370015/iwan-fals-soal-energi-dan-pangan-alhamdulillah-lah,ADVERTISEMENT SCROLL TO CONTINUE WITH CONTENT
Jadwal Debat Capres Kedua Jokowi vs Prabowo di Pilpres 2019,"Minggu, 17 Feb 2019 15:09 WIB",https://www.cnnindonesia.com/nasional/20190217143549-37-369993/jadwal-debat-capres-kedua-jokowi-vs-prabowo-di-pilpres-2019,ADVERTISEMENT SCROLL TO CONTINUE WITH CONTENT
Ma'ruf Amin soal Debat Jokowi: Beliau Lebih Tahu Dari Saya,"Minggu, 17 Feb 2019 14:30 WIB",https://www.cnnindonesia.com/nasional/20190217131115-32-369983/maruf-amin-soal-debat-jokowi-beliau-lebih-tahu-dari-saya,ADVERTISEMENT SCROLL TO CONTINUE WITH CONTENT
"Sidang Tanwir Berakhir, Muhammadiyah Netral di Pilpres 2019","Minggu, 17 Feb 2019 14:20 WIB",https://www.cnnindonesia.com/nasional/20190217140905-32-369987/sidang-tanwir-berakhir-muhammadiyah-netral-di-pilpres-2019,ADVERTISEMENT SCROLL TO CONTINUE WITH CONTENT
Sandi Masih 'Galau' Ikut Nobar atau Dampingi Prabowo di Debat,"Minggu, 17 Feb 2019 14:11 WIB",https://www.cnnindonesia.com/nasional/20190217101903-32-369961/sandi-masih-galau-ikut-nobar-atau-dampingi-prabowo-di-debat,ADVERTISEMENT SCROLL TO CONTINUE WITH CONTENT
Debat Capres Kedua: Bedah Visi Lingkungan Hidup ala Jokowi,"Minggu, 17 Feb 2019 12:30 WIB",https://www.cnnindonesia.com/nasional/20190215145753-32-369616/debat-capres-kedua-bedah-visi-lingkungan-hidup-ala-jokowi,ADVERTISEMENT SCROLL TO CONTINUE WITH CONTENT
"Debat Capres, Senjata Mematikan Jokowi dan Titik Lemahnya","Minggu, 17 Feb 2019 11:27 WIB",https://www.cnnindonesia.com/ekonomi/20190215201105-532-369750/debat-capres-senjata-mematikan-jokowi-dan-titik-lemahnya,ADVERTISEMENT SCROLL TO CONTINUE WITH CONTENT
"Debat Capres, Pukulan Impor Prabowo dan Jurus Proyek Jokowi","Minggu, 17 Feb 2019 10:04 WIB",https://www.cnnindonesia.com/ekonomi/20190216113806-532-369823/debat-capres-pukulan-impor-prabowo-dan-jurus-proyek-jokowi,ADVERTISEMENT SCROLL TO CONTINUE WITH CONTENT
"Iringi Mulainya Debat, TKN Mainkan 2008 Angklung","Minggu, 17 Feb 2019 08:06 WIB",https://www.cnnindonesia.com/nasional/20190217194950-32-370089/iringi-mulainya-debat-tkn-mainkan-2008-angklung,ADVERTISEMENT SCROLL TO CONTINUE WITH CONTENT
Jokowi Siap 'Pamer' Capaian dan Data di Debat Pilpres 2019,"Sabtu, 16 Feb 2019 23:41 WIB",https://www.cnnindonesia.com/nasional/20190216225613-32-369925/jokowi-siap-pamer-capaian-dan-data-di-debat-pilpres-2019,ADVERTISEMENT SCROLL TO CONTINUE WITH CONTENT
"Janji Jokowi Jika Terpilih, Reformasi Perizinan dan Pajak","Sabtu, 16 Feb 2019 18:58 WIB",https://www.cnnindonesia.com/ekonomi/20190216071126-532-369781/janji-jokowi-jika-terpilih-reformasi-perizinan-dan-pajak,ADVERTISEMENT SCROLL TO CONTINUE WITH CONTENT
Hasto Prediksi Ahmad Dhani dan Fadli Zon jadi Menteri Prabowo,"Sabtu, 16 Feb 2019 17:08 WIB",https://www.cnnindonesia.com/nasional/20190216164524-32-369880/hasto-prediksi-ahmad-dhani-dan-fadli-zon-jadi-menteri-prabowo,ADVERTISEMENT SCROLL TO CONTINUE WITH CONTENT
Jokowi Soal Ahok Ganti Ma'ruf Amin: Jangan Fitnah,"Sabtu, 16 Feb 2019 16:58 WIB",https://www.cnnindonesia.com/nasional/20190216163603-32-369879/jokowi-soal-ahok-ganti-maruf-amin-jangan-fitnah,ADVERTISEMENT SCROLL TO CONTINUE WITH CONTENT
Jokowi dan Prabowo Akan Tiba Bersamaan di Lokasi Debat Kedua,"Sabtu, 16 Feb 2019 04:50 WIB",https://www.cnnindonesia.com/nasional/20190215190415-32-369719/jokowi-dan-prabowo-akan-tiba-bersamaan-di-lokasi-debat-kedua,ADVERTISEMENT SCROLL TO CONTINUE WITH CONTENT
Sandiaga Unggah Video Diadang Warga yang Teriak 'Jokowi',"Jumat, 15 Feb 2019 21:33 WIB",https://www.cnnindonesia.com/nasional/20190215211037-32-369753/sandiaga-unggah-video-diadang-warga-yang-teriak-jokowi,ADVERTISEMENT SCROLL TO CONTINUE WITH CONTENT
"#Uninstalljokowi Mendunia, TKN Sebut Ulah Kubu Lain","Jumat, 15 Feb 2019 19:40 WIB",https://www.cnnindonesia.com/nasional/20190215184518-32-369716/uninstalljokowi-mendunia-tkn-sebut-ulah-kubu-lain,ADVERTISEMENT SCROLL TO CONTINUE WITH CONTENT
Dewan Pers Segera Panggil Indopos soal 'Ahok Gantikan Ma'ruf',"Jumat, 15 Feb 2019 18:08 WIB",https://www.cnnindonesia.com/nasional/20190215173711-32-369687/dewan-pers-segera-panggil-indopos-soal-ahok-gantikan-maruf,ADVERTISEMENT SCROLL TO CONTINUE WITH CONTENT
TKN Kerahkan Beberapa Kepala Daerah di Debat Kedua Capres,"Jumat, 15 Feb 2019 16:54 WIB",https://www.cnnindonesia.com/nasional/20190215163139-32-369646/tkn-kerahkan-beberapa-kepala-daerah-di-debat-kedua-capres,ADVERTISEMENT SCROLL TO CONTINUE WITH CONTENT
TKN Adukan Indopos ke Dewan Pers soal 'Ahok Gantikan Ma'ruf',"Jumat, 15 Feb 2019 16:44 WIB",https://www.cnnindonesia.com/nasional/20190215163444-12-369647/tkn-adukan-indopos-ke-dewan-pers-soal-ahok-gantikan-maruf,ADVERTISEMENT SCROLL TO CONTINUE WITH CONTENT
"Soal Bukalapak, Tim Jokowi Sebut Bukti Militansi Makin Kuat","Jumat, 15 Feb 2019 16:37 WIB",https://www.cnnindonesia.com/nasional/20190215160042-32-369636/soal-bukalapak-tim-jokowi-sebut-bukti-militansi-makin-kuat,ADVERTISEMENT SCROLL TO CONTINUE WITH CONTENT
Jurus BUMN Bangkrut ala Prabowo Serang 'Pertahanan' Jokowi,"Jumat, 15 Feb 2019 15:01 WIB",https://www.cnnindonesia.com/ekonomi/20190214141135-92-369346/jurus-bumn-bangkrut-ala-prabowo-serang-pertahanan-jokowi,ADVERTISEMENT SCROLL TO CONTINUE WITH CONTENT
Kutukan Raja Sawit di Era SBY hingga Jokowi,"Jumat, 15 Feb 2019 10:01 WIB",https://www.cnnindonesia.com/ekonomi/20190212204542-92-368682/kutukan-raja-sawit-di-era-sby-hingga-jokowi,ADVERTISEMENT SCROLL TO CONTINUE WITH CONTENT
TKN Klaim Impor Bagian Dari Program Kedaulatan Pangan,"Jumat, 15 Feb 2019 00:35 WIB",https://www.cnnindonesia.com/nasional/20190215003026-32-369458/tkn-klaim-impor-bagian-dari-program-kedaulatan-pangan,ADVERTISEMENT SCROLL TO CONTINUE WITH CONTENT
Strategi Perang Total Diterapkan Kubu Jokowi di Zona 'Merah',"Kamis, 14 Feb 2019 19:22 WIB",https://www.cnnindonesia.com/nasional/20190214185145-32-369396/strategi-perang-total-diterapkan-kubu-jokowi-di-zona-merah,ADVERTISEMENT SCROLL TO CONTINUE WITH CONTENT
"Cak Imin Klaim 98 % Warga NU Pilih Jokowi, Jabar Dikuasai","Kamis, 14 Feb 2019 18:16 WIB",https://www.cnnindonesia.com/nasional/20190214170602-32-369366/cak-imin-klaim-98-warga-nu-pilih-jokowi-jabar-dikuasai,ADVERTISEMENT SCROLL TO CONTINUE WITH CONTENT
PKS: Dulu Banyak yang Tanya Prabowo Jumatan di Mana,"Kamis, 14 Feb 2019 17:55 WIB",https://www.cnnindonesia.com/nasional/20190214174253-32-369374/pks-dulu-banyak-yang-tanya-prabowo-jumatan-di-mana,ADVERTISEMENT SCROLL TO CONTINUE WITH CONTENT
Lingkaran Istana Beri Masukan Jokowi Debat Lawan Prabowo,"Kamis, 14 Feb 2019 17:32 WIB",https://www.cnnindonesia.com/nasional/20190214161244-32-369345/lingkaran-istana-beri-masukan-jokowi-debat-lawan-prabowo,ADVERTISEMENT SCROLL TO CONTINUE WITH CONTENT
TKN Duga Prabowo Jumatan di Masjid Kauman Bukan untuk Ibadah,"Kamis, 14 Feb 2019 16:37 WIB",https://www.cnnindonesia.com/nasional/20190214160953-32-369341/tkn-duga-prabowo-jumatan-di-masjid-kauman-bukan-untuk-ibadah,ADVERTISEMENT SCROLL TO CONTINUE WITH CONTENT
BPN Tantang Lembaga Survei Unggulkan Jokowi Buka Data Mentah,"Kamis, 14 Feb 2019 14:30 WIB",https://www.cnnindonesia.com/nasional/20190214140205-32-369274/bpn-tantang-lembaga-survei-unggulkan-jokowi-buka-data-mentah,ADVERTISEMENT SCROLL TO CONTINUE WITH CONTENT
Ma'ruf Doakan Ani Yudhoyono: Mudah-Mudahan Diberi Kesehatan,"Kamis, 14 Feb 2019 10:10 WIB",https://www.cnnindonesia.com/nasional/20190214095342-20-369161/maruf-doakan-ani-yudhoyono-mudah-mudahan-diberi-kesehatan,ADVERTISEMENT SCROLL TO CONTINUE WITH CONTENT
"Debat Kedua: Jokowi Akan Fokus Infrastruktur, Prabowo Pangan","Kamis, 14 Feb 2019 09:35 WIB",https://www.cnnindonesia.com/nasional/20190214072356-32-369117/debat-kedua-jokowi-akan-fokus-infrastruktur-prabowo-pangan,ADVERTISEMENT SCROLL TO CONTINUE WITH CONTENT
"Ingin Unggul 70 Persen, Alasan Jokowi Terapkan 'Perang Total'","Kamis, 14 Feb 2019 08:08 WIB",https://www.cnnindonesia.com/nasional/20190214065712-32-369114/ingin-unggul-70-persen-alasan-jokowi-terapkan-perang-total,ADVERTISEMENT SCROLL TO CONTINUE WITH CONTENT
"Slamet Maarif Tersangka, Bawaslu Bantah Pilih Kasih ke Jokowi","Kamis, 14 Feb 2019 07:48 WIB",https://www.cnnindonesia.com/nasional/20190213181426-32-369004/slamet-maarif-tersangka-bawaslu-bantah-pilih-kasih-ke-jokowi,ADVERTISEMENT SCROLL TO CONTINUE WITH CONTENT
TKN Nilai Prabowo Menang 63 Persen Ibarat Mimpi di Pagi Hari,"Kamis, 14 Feb 2019 07:23 WIB",https://www.cnnindonesia.com/nasional/20190214063730-32-369110/tkn-nilai-prabowo-menang-63-persen-ibarat-mimpi-di-pagi-hari,ADVERTISEMENT SCROLL TO CONTINUE WITH CONTENT
Koalisi Masyarakat Kecewa Visi Capres Bidang Energi Normatif,"Kamis, 14 Feb 2019 05:40 WIB",https://www.cnnindonesia.com/ekonomi/20190213152059-85-368917/koalisi-masyarakat-kecewa-visi-capres-bidang-energi-normatif,ADVERTISEMENT SCROLL TO CONTINUE WITH CONTENT
"Inisiasi Kepala Daerah Dukung Jokowi, Ganjar Siap ke Bawaslu","Kamis, 14 Feb 2019 03:30 WIB",https://www.cnnindonesia.com/nasional/20190213205911-32-369066/inisiasi-kepala-daerah-dukung-jokowi-ganjar-siap-ke-bawaslu,ADVERTISEMENT SCROLL TO CONTINUE WITH CONTENT
Dewan Adat Nasional Dukung Jokowi-Ma'ruf,"Kamis, 14 Feb 2019 02:37 WIB",https://www.cnnindonesia.com/nasional/20190213230309-32-369085/dewan-adat-nasional-dukung-jokowi-maruf,ADVERTISEMENT SCROLL TO CONTINUE WITH CONTENT
BPN Sebut Argumen Capaian Ekonomi Jokowi Mudah Dipatahkan,"Rabu, 13 Feb 2019 23:05 WIB",https://www.cnnindonesia.com/ekonomi/20190213204101-532-369059/bpn-sebut-argumen-capaian-ekonomi-jokowi-mudah-dipatahkan,ADVERTISEMENT SCROLL TO CONTINUE WITH CONTENT
TKN Jokowi Terapkan Perang Total Dua Bulan Jelang Pencoblosan,"Rabu, 13 Feb 2019 22:20 WIB",https://www.cnnindonesia.com/nasional/20190213211708-32-369071/tkn-jokowi-terapkan-perang-total-dua-bulan-jelang-pencoblosan,ADVERTISEMENT SCROLL TO CONTINUE WITH CONTENT
Erick Thohir Ungkap Alasan Tak Butuh Ahok Masuk TKN Jokowi,"Rabu, 13 Feb 2019 21:11 WIB",https://www.cnnindonesia.com/nasional/20190213171103-32-368979/erick-thohir-ungkap-alasan-tak-butuh-ahok-masuk-tkn-jokowi,ADVERTISEMENT SCROLL TO CONTINUE WITH CONTENT
Bawaslu Akan Panggil Ridwan Kamil Terkait Kampanye Jokowi,"Rabu, 13 Feb 2019 20:56 WIB",https://www.cnnindonesia.com/nasional/20190213195024-32-369040/bawaslu-akan-panggil-ridwan-kamil-terkait-kampanye-jokowi,ADVERTISEMENT SCROLL TO CONTINUE WITH CONTENT
Yusuf Mansur Klarifikasi Unggahan TGB soal Jokowi,"Rabu, 13 Feb 2019 20:12 WIB",https://www.cnnindonesia.com/nasional/20190213193855-32-369033/yusuf-mansur-klarifikasi-unggahan-tgb-soal-jokowi,ADVERTISEMENT SCROLL TO CONTINUE WITH CONTENT
Sandiaga KebalBullySejak Bersekolah di Pangudi Luhur,"Rabu, 13 Feb 2019 18:11 WIB",https://www.cnnindonesia.com/nasional/20190213172129-32-368984/sandiaga-kebal-bully-sejak-bersekolah-di-pangudi-luhur,ADVERTISEMENT SCROLL TO CONTINUE WITH CONTENT
Yusuf Mansur Respons Isu Dukung Jokowi: So Far Saya Pendakwah,"Rabu, 13 Feb 2019 16:41 WIB",https://www.cnnindonesia.com/nasional/20190213154045-32-368952/yusuf-mansur-respons-isu-dukung-jokowi-so-far-saya-pendakwah,ADVERTISEMENT SCROLL TO CONTINUE WITH CONTENT
"Tak Masuk TKN Jokowi, Ahok Fokus Kejar Mimpi di Luar Negeri","Rabu, 13 Feb 2019 16:22 WIB",https://www.cnnindonesia.com/nasional/20190213155859-32-368953/tak-masuk-tkn-jokowi-ahok-fokus-kejar-mimpi-di-luar-negeri,ADVERTISEMENT SCROLL TO CONTINUE WITH CONTENT
Cerita Rudiantara Perangi Hoaks Bersama Ma'ruf Amin,"Rabu, 13 Feb 2019 15:37 WIB",https://www.cnnindonesia.com/teknologi/20190213143010-192-368901/cerita-rudiantara-perangi-hoaks-bersama-maruf-amin,ADVERTISEMENT SCROLL TO CONTINUE WITH CONTENT
Ma'ruf Amin Janji Kembangkan Fintech Syariah,"Rabu, 13 Feb 2019 14:41 WIB",https://www.cnnindonesia.com/ekonomi/20190213115438-78-368828/maruf-amin-janji-kembangkan-fintech-syariah,ADVERTISEMENT SCROLL TO CONTINUE WITH CONTENT
Mahfud Sebut Puisi Fadli Secara Etika Penistaan ke Mbah Moen,"Rabu, 13 Feb 2019 14:15 WIB",https://www.cnnindonesia.com/nasional/20190213135055-32-368881/mahfud-sebut-puisi-fadli-secara-etika-penistaan-ke-mbah-moen,ADVERTISEMENT SCROLL TO CONTINUE WITH CONTENT
Tim Jokowi Sebut Komik Doraemon Beri Inspirasi Atur Politisi,"Rabu, 13 Feb 2019 13:48 WIB",https://www.cnnindonesia.com/nasional/20190213133333-32-368872/tim-jokowi-sebut-komik-doraemon-beri-inspirasi-atur-politisi,ADVERTISEMENT SCROLL TO CONTINUE WITH CONTENT
Ma'ruf Amin Dukung Saran JK Tolak Ahok Gabung Tim Jokowi,"Rabu, 13 Feb 2019 13:32 WIB",https://www.cnnindonesia.com/nasional/20190213130559-32-368862/maruf-amin-dukung-saran-jk-tolak-ahok-gabung-tim-jokowi,ADVERTISEMENT SCROLL TO CONTINUE WITH CONTENT
OSO Respons JK: Ahok Sudah Gabung Dukung Jokowi-Ma'ruf,"Rabu, 13 Feb 2019 12:44 WIB",https://www.cnnindonesia.com/nasional/20190213115959-32-368836/oso-respons-jk-ahok-sudah-gabung-dukung-jokowi-maruf,ADVERTISEMENT SCROLL TO CONTINUE WITH CONTENT
"Ibu Diminta Tak Urus Politik, Sandi Ungkit Kartini-Fatmawati","Rabu, 13 Feb 2019 11:29 WIB",https://www.cnnindonesia.com/nasional/20190213110920-32-368802/ibu-diminta-tak-urus-politik-sandi-ungkit-kartini-fatmawati,ADVERTISEMENT SCROLL TO CONTINUE WITH CONTENT
Sandiaga soal Tuduhan 'Anak Mami': Masa Anak Tetangga,"Rabu, 13 Feb 2019 10:46 WIB",https://www.cnnindonesia.com/nasional/20190213102222-32-368787/sandiaga-soal-tuduhan-anak-mami-masa-anak-tetangga,ADVERTISEMENT SCROLL TO CONTINUE WITH CONTENT
Hobi Baca Komik Doraemon Disebut Tanda Jokowi Hidup Bahagia,"Rabu, 13 Feb 2019 10:33 WIB",https://www.cnnindonesia.com/nasional/20190213102344-32-368789/hobi-baca-komik-doraemon-disebut-tanda-jokowi-hidup-bahagia,ADVERTISEMENT SCROLL TO CONTINUE WITH CONTENT
Emil Bantah Bicara Pilpres dengan Ma'ruf: Hanya Lepas Rindu,"Rabu, 13 Feb 2019 05:40 WIB",https://www.cnnindonesia.com/nasional/20190212165442-32-368580/emil-bantah-bicara-pilpres-dengan-maruf-hanya-lepas-rindu,ADVERTISEMENT SCROLL TO CONTINUE WITH CONTENT
Yenny Wahid Nilai Fadli Rugi Tak Minta Maaf Sindir Mbah Moen,"Selasa, 12 Feb 2019 23:12 WIB",https://www.cnnindonesia.com/nasional/20190212231257-32-368703/yenny-wahid-nilai-fadli-rugi-tak-minta-maaf-sindir-mbah-moen,ADVERTISEMENT SCROLL TO CONTINUE WITH CONTENT
Fadli Diminta Benahi DPR daripada Sindir Jokowi Baca Doraemon,"Selasa, 12 Feb 2019 20:33 WIB",https://www.cnnindonesia.com/nasional/20190212195852-32-368662/fadli-diminta-benahi-dpr-daripada-sindir-jokowi-baca-doraemon,ADVERTISEMENT SCROLL TO CONTINUE WITH CONTENT
Ridwan Kamil Bantah Kampanyekan Jokowi di Rapat Terbuka,"Selasa, 12 Feb 2019 19:01 WIB",https://www.cnnindonesia.com/nasional/20190212183757-32-368631/ridwan-kamil-bantah-kampanyekan-jokowi-di-rapat-terbuka,ADVERTISEMENT SCROLL TO CONTINUE WITH CONTENT
"Soal Jokowi Baca Doraemon, TKN Sebut Kerja Fadli Cuma Nyinyir","Selasa, 12 Feb 2019 18:44 WIB",https://www.cnnindonesia.com/nasional/20190212174451-32-368618/soal-jokowi-baca-doraemon-tkn-sebut-kerja-fadli-cuma-nyinyir,ADVERTISEMENT SCROLL TO CONTINUE WITH CONTENT
TKN Jokowi Minta PSI Tak Suuzan Curigai Muchdi Pr Kuda Troya,"Selasa, 12 Feb 2019 18:33 WIB",https://www.cnnindonesia.com/nasional/20190212182315-32-368624/tkn-jokowi-minta-psi-tak-suuzan-curigai-muchdi-pr-kuda-troya,ADVERTISEMENT SCROLL TO CONTINUE WITH CONTENT
"Efek Kasus Penistaan Agama, JK Larang Ahok Gabung TKN","Selasa, 12 Feb 2019 18:02 WIB",https://www.cnnindonesia.com/nasional/20190212173455-32-368607/efek-kasus-penistaan-agama-jk-larang-ahok-gabung-tkn,ADVERTISEMENT SCROLL TO CONTINUE WITH CONTENT
PDIP Targetkan Jokowi-Ma'ruf Menang 80 Persen di Solo,"Selasa, 12 Feb 2019 17:26 WIB",https://www.cnnindonesia.com/nasional/20190212143303-32-368526/pdip-targetkan-jokowi-maruf-menang-80-persen-di-solo,ADVERTISEMENT SCROLL TO CONTINUE WITH CONTENT
Gubernur Jabar Ridwan Kamil Temui Ma'ruf Amin,"Selasa, 12 Feb 2019 16:51 WIB",https://www.cnnindonesia.com/nasional/20190212164230-20-368572/gubernur-jabar-ridwan-kamil-temui-maruf-amin,ADVERTISEMENT SCROLL TO CONTINUE WITH CONTENT
Ridwan Kamil Dilaporkan ke Bawaslu karena Kampanyekan Jokowi,"Selasa, 12 Feb 2019 16:39 WIB",https://www.cnnindonesia.com/nasional/20190212160706-32-368565/ridwan-kamil-dilaporkan-ke-bawaslu-karena-kampanyekan-jokowi,ADVERTISEMENT SCROLL TO CONTINUE WITH CONTENT
Potensi Blunder Jerat Hukum Para Pendulang Suara Prabowo,"Selasa, 12 Feb 2019 16:17 WIB",https://www.cnnindonesia.com/nasional/20190212141820-32-368528/potensi-blunder-jerat-hukum-para-pendulang-suara-prabowo,ADVERTISEMENT SCROLL TO CONTINUE WITH CONTENT
Fadli Zon Sebut Lembaga Survei Kerap Salah Pantas Harakiri,"Selasa, 12 Feb 2019 14:18 WIB",https://www.cnnindonesia.com/nasional/20190212140053-32-368499/fadli-zon-sebut-lembaga-survei-kerap-salah-pantas-harakiri,ADVERTISEMENT SCROLL TO CONTINUE WITH CONTENT
Tim Jokowi Minta Sandiaga Uno Tak Libatkan Ibu Urus Politik,"Selasa, 12 Feb 2019 11:49 WIB",https://www.cnnindonesia.com/nasional/20190212111100-32-368445/tim-jokowi-minta-sandiaga-uno-tak-libatkan-ibu-urus-politik,ADVERTISEMENT SCROLL TO CONTINUE WITH CONTENT
Kemendagri Tak Masalahkan 'Jangan Pakai Tol' Walkot Semarang,"Selasa, 12 Feb 2019 10:18 WIB",https://www.cnnindonesia.com/nasional/20190212095339-20-368427/kemendagri-tak-masalahkan-jangan-pakai-tol-walkot-semarang,ADVERTISEMENT SCROLL TO CONTINUE WITH CONTENT
"Jaket Merah Ahok, Rekonsiliasi di Balik Pemenangan Jokowi","Selasa, 12 Feb 2019 07:29 WIB",https://www.cnnindonesia.com/nasional/20190212065850-32-368384/jaket-merah-ahok-rekonsiliasi-di-balik-pemenangan-jokowi,ADVERTISEMENT SCROLL TO CONTINUE WITH CONTENT
Soal Debat Kedua Jokowi Tak Banyak Komentar,"Senin, 11 Feb 2019 22:43 WIB",https://www.cnnindonesia.com/nasional/20190211221637-32-368359/soal-debat-kedua-jokowi-tak-banyak-komentar,ADVERTISEMENT SCROLL TO CONTINUE WITH CONTENT
Lelang Lukisan untuk Dana Kampanye Jokowi,"Senin, 11 Feb 2019 18:58 WIB",https://www.cnnindonesia.com/nasional/20190211185009-32-368300/lelang-lukisan-untuk-dana-kampanye-jokowi,ADVERTISEMENT SCROLL TO CONTINUE WITH CONTENT
Bawaslu Kaji Laporan KPAI Soal Pelibatan Jan Ethes di Politik,"Senin, 11 Feb 2019 18:43 WIB",https://www.cnnindonesia.com/nasional/20190211172756-32-368279/bawaslu-kaji-laporan-kpai-soal-pelibatan-jan-ethes-di-politik,ADVERTISEMENT SCROLL TO CONTINUE WITH CONTENT
Gerindra: Hukum Rezim Jokowi Jadi Alat Gerus Suara Prabowo,"Senin, 11 Feb 2019 15:24 WIB",https://www.cnnindonesia.com/nasional/20190211142004-32-368189/gerindra-hukum-rezim-jokowi-jadi-alat-gerus-suara-prabowo,ADVERTISEMENT SCROLL TO CONTINUE WITH CONTENT
"Muchdi PR Dukung Jokowi, Timses Tak Urusan dengan Kasus Munir","Senin, 11 Feb 2019 15:05 WIB",https://www.cnnindonesia.com/nasional/20190211141524-32-368186/muchdi-pr-dukung-jokowi-timses-tak-urusan-dengan-kasus-munir,ADVERTISEMENT SCROLL TO CONTINUE WITH CONTENT
Ma'ruf Amin Sebut Muchdi PR Ikut Hati Nurani Dukung Paslon 01,"Senin, 11 Feb 2019 12:17 WIB",https://www.cnnindonesia.com/nasional/20190211112527-32-368077/maruf-amin-sebut-muchdi-pr-ikut-hati-nurani-dukung-paslon-01,ADVERTISEMENT SCROLL TO CONTINUE WITH CONTENT
"Pose Dua Jari Saat Jokowi Pidato, Tiga Orang Diamankan","Senin, 11 Feb 2019 10:22 WIB",https://www.cnnindonesia.com/nasional/20190211095938-32-368015/pose-dua-jari-saat-jokowi-pidato-tiga-orang-diamankan,ADVERTISEMENT SCROLL TO CONTINUE WITH CONTENT
TKN Jokowi soal Dukungan Muchdi PR: Penting untuk Kami Terima,"Senin, 11 Feb 2019 10:02 WIB",https://www.cnnindonesia.com/nasional/20190211093830-32-368012/tkn-jokowi-soal-dukungan-muchdi-pr-penting-untuk-kami-terima,ADVERTISEMENT SCROLL TO CONTINUE WITH CONTENT
TKN Akui Sentimen Agama Ganggu Suara Jokowi di Sumatera,"Senin, 11 Feb 2019 08:43 WIB",https://www.cnnindonesia.com/nasional/20190211082739-32-367997/tkn-akui-sentimen-agama-ganggu-suara-jokowi-di-sumatera,ADVERTISEMENT SCROLL TO CONTINUE WITH CONTENT
"Seribu Purnawirawan Mendukung, Jokowi Singgung Anggaran TNI","Senin, 11 Feb 2019 03:12 WIB",https://www.cnnindonesia.com/nasional/20190211024812-32-367970/seribu-purnawirawan-mendukung-jokowi-singgung-anggaran-tni,ADVERTISEMENT SCROLL TO CONTINUE WITH CONTENT
Partai Berkarya: Dukungan Muchdi PR ke Jokowi Sikap Pribadi,"Senin, 11 Feb 2019 01:59 WIB",https://www.cnnindonesia.com/nasional/20190211014029-32-367969/partai-berkarya-dukungan-muchdi-pr-ke-jokowi-sikap-pribadi,ADVERTISEMENT SCROLL TO CONTINUE WITH CONTENT
Petinggi Partai Berkarya Muchdi PR Dukung Jokowi-Ma'ruf,"Minggu, 10 Feb 2019 22:15 WIB",https://www.cnnindonesia.com/nasional/20190210220727-32-367959/petinggi-partai-berkarya-muchdi-pr-dukung-jokowi-maruf,ADVERTISEMENT SCROLL TO CONTINUE WITH CONTENT
KPAI Duga Ada Upaya Menarik Jan Ethes ke Politik Jokowi,"Minggu, 10 Feb 2019 20:54 WIB",https://www.cnnindonesia.com/nasional/20190210202327-32-367951/kpai-duga-ada-upaya-menarik-jan-ethes-ke-politik-jokowi,ADVERTISEMENT SCROLL TO CONTINUE WITH CONTENT
"Silaturahmi Purnawirawan, Jokowi Disambut Yel NKRI Harga Mati","Minggu, 10 Feb 2019 19:21 WIB",https://www.cnnindonesia.com/nasional/20190210190927-32-367938/silaturahmi-purnawirawan-jokowi-disambut-yel-nkri-harga-mati,ADVERTISEMENT SCROLL TO CONTINUE WITH CONTENT
Survei CRC: Elektabilitas Prabowo di Sumatera Kalahkan Jokowi,"Minggu, 10 Feb 2019 18:46 WIB",https://www.cnnindonesia.com/nasional/20190210180403-32-367933/survei-crc-elektabilitas-prabowo-di-sumatera-kalahkan-jokowi,ADVERTISEMENT SCROLL TO CONTINUE WITH CONTENT
Jokowi Terima Dukungan dari Alumni SMA se-Jakarta,"Minggu, 10 Feb 2019 16:47 WIB",https://www.cnnindonesia.com/nasional/20190210163236-32-367914/jokowi-terima-dukungan-dari-alumni-sma-se-jakarta,ADVERTISEMENT SCROLL TO CONTINUE WITH CONTENT
Seribu Purnawirawan TNI/Polri Deklarasi Dukungan untuk Jokowi,"Minggu, 10 Feb 2019 14:25 WIB",https://www.cnnindonesia.com/nasional/20190210140751-32-367891/seribu-purnawirawan-tni-polri-deklarasi-dukungan-untuk-jokowi,ADVERTISEMENT SCROLL TO CONTINUE WITH CONTENT
"Ahok Gabung ke PDIP, Sandi Ucapkan Selamat","Minggu, 10 Feb 2019 12:20 WIB",https://www.cnnindonesia.com/nasional/20190210121404-32-367868/ahok-gabung-ke-pdip-sandi-ucapkan-selamat,ADVERTISEMENT SCROLL TO CONTINUE WITH CONTENT
Sandiaga Akui Akan Sulit Lawan Ma'ruf Amin di Debat Cawapres,"Minggu, 10 Feb 2019 11:13 WIB",https://www.cnnindonesia.com/nasional/20190210104244-32-367860/sandiaga-akui-akan-sulit-lawan-maruf-amin-di-debat-cawapres,ADVERTISEMENT SCROLL TO CONTINUE WITH CONTENT
Tim Jokowi Minta Prabowo Introspeksi soal Anggaran Bocor,"Minggu, 10 Feb 2019 08:38 WIB",https://www.cnnindonesia.com/nasional/20190209194226-32-367780/tim-jokowi-minta-prabowo-introspeksi-soal-anggaran-bocor,ADVERTISEMENT SCROLL TO CONTINUE WITH CONTENT
Hasto Sebut Ahok Anggota Biasa di PDIP dan Bukan Jurkam,"Minggu, 10 Feb 2019 07:28 WIB",https://www.cnnindonesia.com/nasional/20190210070522-32-367831/hasto-sebut-ahok-anggota-biasa-di-pdip-dan-bukan-jurkam,ADVERTISEMENT SCROLL TO CONTINUE WITH CONTENT
TKN Khawatir Prabowo Gagal Fokus di Debat Kedua Pilpres,"Minggu, 10 Feb 2019 06:59 WIB",https://www.cnnindonesia.com/nasional/20190210063729-32-367830/tkn-khawatir-prabowo-gagal-fokus-di-debat-kedua-pilpres,ADVERTISEMENT SCROLL TO CONTINUE WITH CONTENT
"NasDem Yakin Raih 100 Kursi DPR, Terbanyak dari Luar Jawa","Minggu, 10 Feb 2019 06:14 WIB",https://www.cnnindonesia.com/nasional/20190210053428-32-367828/nasdem-yakin-raih-100-kursi-dpr-terbanyak-dari-luar-jawa,ADVERTISEMENT SCROLL TO CONTINUE WITH CONTENT
TKN Berharap Dukungan Alumni Dongkrak Elektabilitas Jokowi,"Minggu, 10 Feb 2019 03:36 WIB",https://www.cnnindonesia.com/nasional/20190209203438-32-367786/tkn-berharap-dukungan-alumni-dongkrak-elektabilitas-jokowi,ADVERTISEMENT SCROLL TO CONTINUE WITH CONTENT
Alumni IKJ Dukung Jokowi Karena Rajin Nonton Konser Metal,"Sabtu, 09 Feb 2019 21:37 WIB",https://www.cnnindonesia.com/nasional/20190209211002-32-367794/alumni-ikj-dukung-jokowi-karena-rajin-nonton-konser-metal,ADVERTISEMENT SCROLL TO CONTINUE WITH CONTENT
Ma'ruf Belum Berencana Bertemu Ahok Usai Gabung PDIP,"Sabtu, 09 Feb 2019 21:15 WIB",https://www.cnnindonesia.com/nasional/20190209175814-32-367757/maruf-belum-berencana-bertemu-ahok-usai-gabung-pdip,ADVERTISEMENT SCROLL TO CONTINUE WITH CONTENT
Erick Thohir Yakin Ahok Tambah Elektabilitas Jokowi,"Sabtu, 09 Feb 2019 19:55 WIB",https://www.cnnindonesia.com/nasional/20190209184316-32-367762/erick-thohir-yakin-ahok-tambah-elektabilitas-jokowi,ADVERTISEMENT SCROLL TO CONTINUE WITH CONTENT
"Dukung Jokowi, Alumni Trisakti Soraki Soeharto dan Prabowo","Sabtu, 09 Feb 2019 18:05 WIB",https://www.cnnindonesia.com/nasional/20190209173013-32-367753/dukung-jokowi-alumni-trisakti-soraki-soeharto-dan-prabowo,ADVERTISEMENT SCROLL TO CONTINUE WITH CONTENT
"Didukung Alumni Mesir, Ma'ruf Sebut Pilpres Sudah Selesai","Sabtu, 09 Feb 2019 16:51 WIB",https://www.cnnindonesia.com/nasional/20190209162144-32-367749/didukung-alumni-mesir-maruf-sebut-pilpres-sudah-selesai,ADVERTISEMENT SCROLL TO CONTINUE WITH CONTENT
TGB Jelaskan Alasan Unggah Kesaksian Yusuf Mansur soal Jokowi,"Sabtu, 09 Feb 2019 15:11 WIB",https://www.cnnindonesia.com/nasional/20190209150559-32-367742/tgb-jelaskan-alasan-unggah-kesaksian-yusuf-mansur-soal-jokowi,ADVERTISEMENT SCROLL TO CONTINUE WITH CONTENT
"Alumni IKJ, Trisakti, dan Jaringan Mesir Dukung Jokowi","Sabtu, 09 Feb 2019 14:42 WIB",https://www.cnnindonesia.com/nasional/20190209143547-32-367739/alumni-ikj-trisakti-dan-jaringan-mesir-dukung-jokowi,ADVERTISEMENT SCROLL TO CONTINUE WITH CONTENT
Jokowi dan Prabowo Saling Berebut Suara di 'Kandang' Lawan,"Sabtu, 09 Feb 2019 13:41 WIB",https://www.cnnindonesia.com/nasional/20190209132710-32-367730/jokowi-dan-prabowo-saling-berebut-suara-di-kandang-lawan,ADVERTISEMENT SCROLL TO CONTINUE WITH CONTENT
Timses Jokowi Pakai Taktik Kadar Keislaman untuk Rebut Jabar,"Sabtu, 09 Feb 2019 09:35 WIB",https://www.cnnindonesia.com/nasional/20190209085216-32-367678/timses-jokowi-pakai-taktik-kadar-keislaman-untuk-rebut-jabar,ADVERTISEMENT SCROLL TO CONTINUE WITH CONTENT
Alumni SMA PL Sayangkan Pendukung Jokowi Sudutkan Sandi,"Sabtu, 09 Feb 2019 08:28 WIB",https://www.cnnindonesia.com/nasional/20190208210229-32-367630/alumni-sma-pl-sayangkan-pendukung-jokowi-sudutkan-sandi,ADVERTISEMENT SCROLL TO CONTINUE WITH CONTENT
Dua Orang Tua Korban Tragedi Trisakti Deklarasi Dukung Jokowi,"Sabtu, 09 Feb 2019 05:57 WIB",https://www.cnnindonesia.com/nasional/20190208164520-32-367543/dua-orang-tua-korban-tragedi-trisakti-deklarasi-dukung-jokowi,ADVERTISEMENT SCROLL TO CONTINUE WITH CONTENT
Kubu Jokowi Sebut Kasus HAM Tak Pernah Kedaluwarsa,"Sabtu, 09 Feb 2019 00:41 WIB",https://www.cnnindonesia.com/nasional/20190209002937-32-367652/kubu-jokowi-sebut-kasus-ham-tak-pernah-kedaluwarsa,ADVERTISEMENT SCROLL TO CONTINUE WITH CONTENT
BPN Yakin Elektabilitas Jokowi di Jawa Tengah Turun 4 Persen,"Jumat, 08 Feb 2019 21:28 WIB",https://www.cnnindonesia.com/nasional/20190208204910-32-367626/bpn-yakin-elektabilitas-jokowi-di-jawa-tengah-turun-4-persen,ADVERTISEMENT SCROLL TO CONTINUE WITH CONTENT
Strategi Semburan Fitnah Dinilai Akan Gagal di Pilpres 2019,"Jumat, 08 Feb 2019 21:11 WIB",https://www.cnnindonesia.com/nasional/20190208205335-32-367624/strategi-semburan-fitnah-dinilai-akan-gagal-di-pilpres-2019,ADVERTISEMENT SCROLL TO CONTINUE WITH CONTENT
Moeldoko Bantah TKN Mobilisasi Alumni Sekolah Dukung Jokowi,"Jumat, 08 Feb 2019 20:26 WIB",https://www.cnnindonesia.com/nasional/20190208195913-32-367605/moeldoko-bantah-tkn-mobilisasi-alumni-sekolah-dukung-jokowi,ADVERTISEMENT SCROLL TO CONTINUE WITH CONTENT
Sandiaga Klaim Petani Jawa Tengah Kecewa Impor di Waktu Panen,"Jumat, 08 Feb 2019 20:05 WIB",https://www.cnnindonesia.com/nasional/20190208190234-32-367600/sandiaga-klaim-petani-jawa-tengah-kecewa-impor-di-waktu-panen,ADVERTISEMENT SCROLL TO CONTINUE WITH CONTENT
"Jadi Kader PDIP, Ahok Resmi Dukung Jokowi di Pilpres 2019","Jumat, 08 Feb 2019 18:00 WIB",https://www.cnnindonesia.com/nasional/20190208174933-32-367559/jadi-kader-pdip-ahok-resmi-dukung-jokowi-di-pilpres-2019,ADVERTISEMENT SCROLL TO CONTINUE WITH CONTENT
"BPN Prabowo Rapat di Solo, PDIP Klaim Jateng Militan Jokowi","Jumat, 08 Feb 2019 17:41 WIB",https://www.cnnindonesia.com/nasional/20190208170652-32-367553/bpn-prabowo-rapat-di-solo-pdip-klaim-jateng-militan-jokowi,ADVERTISEMENT SCROLL TO CONTINUE WITH CONTENT
Habis Alumni 212 Terbitlah Alumni Sekolah,"Jumat, 08 Feb 2019 17:05 WIB",https://www.cnnindonesia.com/nasional/20190208160723-32-367531/habis-alumni-212-terbitlah-alumni-sekolah,ADVERTISEMENT SCROLL TO CONTINUE WITH CONTENT
"Naikkan Popularitas di Medsos, Tim Jokowi Fokus Bikin Meme","Jumat, 08 Feb 2019 16:23 WIB",https://www.cnnindonesia.com/nasional/20190208142140-32-367486/naikkan-popularitas-di-medsos-tim-jokowi-fokus-bikin-meme,ADVERTISEMENT SCROLL TO CONTINUE WITH CONTENT
PDIP Klaim Jokowi-Ma'ruf Kuasai Jawa Barat di Pilpres 2019,"Jumat, 08 Feb 2019 15:56 WIB",https://www.cnnindonesia.com/nasional/20190208135113-32-367482/pdip-klaim-jokowi-maruf-kuasai-jawa-barat-di-pilpres-2019,ADVERTISEMENT SCROLL TO CONTINUE WITH CONTENT
TGB: Pilpres 2019 Bukan Perang Badar atau Armageddon,"Jumat, 08 Feb 2019 05:11 WIB",https://www.cnnindonesia.com/nasional/20190207161719-32-367217/tgb-pilpres-2019-bukan-perang-badar-atau-armageddon,ADVERTISEMENT SCROLL TO CONTINUE WITH CONTENT
Jokowi Minta Gunakan Hak Pilih Meski Akui Golput Pilihan,"Jumat, 08 Feb 2019 03:41 WIB",https://www.cnnindonesia.com/nasional/20190207144011-32-367175/jokowi-minta-gunakan-hak-pilih-meski-akui-golput-pilihan,ADVERTISEMENT SCROLL TO CONTINUE WITH CONTENT
PDIP Sebut Jabar Masih Rentan Hoaks Komunisme Jelang Pilpres,"Jumat, 08 Feb 2019 00:07 WIB",https://www.cnnindonesia.com/nasional/20190207235709-32-367357/pdip-sebut-jabar-masih-rentan-hoaks-komunisme-jelang-pilpres,ADVERTISEMENT SCROLL TO CONTINUE WITH CONTENT
BPN soal Konsultan Politik Asing: Jokowi Maling Teriak Maling,"Kamis, 07 Feb 2019 23:39 WIB",https://www.cnnindonesia.com/nasional/20190207143058-32-367173/bpn-soal-konsultan-politik-asing-jokowi-maling-teriak-maling,ADVERTISEMENT SCROLL TO CONTINUE WITH CONTENT
TKN Yakin Elektabilitas Jokowi di Kalangan Muslim Meningkat,"Kamis, 07 Feb 2019 20:27 WIB",https://www.cnnindonesia.com/nasional/20190207202052-32-367322/tkn-yakin-elektabilitas-jokowi-di-kalangan-muslim-meningkat,ADVERTISEMENT SCROLL TO CONTINUE WITH CONTENT
Survei LSI: Prabowo-Sandi Unggul di Pemilih Terpelajar,"Kamis, 07 Feb 2019 19:37 WIB",https://www.cnnindonesia.com/nasional/20190207190900-32-367297/survei-lsi-prabowo-sandi-unggul-di-pemilih-terpelajar,ADVERTISEMENT SCROLL TO CONTINUE WITH CONTENT
Tim Prabowo Minta Jokowi Lapor Sendiri Bocor Rp500 T ke KPK,"Kamis, 07 Feb 2019 19:18 WIB",https://www.cnnindonesia.com/nasional/20190207180933-32-367296/tim-prabowo-minta-jokowi-lapor-sendiri-bocor-rp500-t-ke-kpk,ADVERTISEMENT SCROLL TO CONTINUE WITH CONTENT
Isu Negatif Netizen soal Jokowi: Ahmad Dhani hingga Mbah Moen,"Kamis, 07 Feb 2019 18:47 WIB",https://www.cnnindonesia.com/nasional/20190207171415-32-367240/isu-negatif-netizen-soal-jokowi-ahmad-dhani-hingga-mbah-moen,ADVERTISEMENT SCROLL TO CONTINUE WITH CONTENT
"Jokowi Dituding Kriminalisasi Ulama, TGB Ungkit Rizieq","Kamis, 07 Feb 2019 18:30 WIB",https://www.cnnindonesia.com/nasional/20190207180507-32-367274/jokowi-dituding-kriminalisasi-ulama-tgb-ungkit-rizieq,ADVERTISEMENT SCROLL TO CONTINUE WITH CONTENT
Mbah Moen dan Pengaruhnya di Kancah Politik Indonesia,"Kamis, 07 Feb 2019 16:40 WIB",https://www.cnnindonesia.com/nasional/20190207102825-32-367055/mbah-moen-dan-pengaruhnya-di-kancah-politik-indonesia,ADVERTISEMENT SCROLL TO CONTINUE WITH CONTENT
Survei: Tren Dukungan Pemilih Muslim ke Jokowi-Ma'ruf Turun,"Kamis, 07 Feb 2019 16:25 WIB",https://www.cnnindonesia.com/nasional/20190207155854-32-367209/survei-tren-dukungan-pemilih-muslim-ke-jokowi-maruf-turun,ADVERTISEMENT SCROLL TO CONTINUE WITH CONTENT
Ikatan Alumni SMA PL Tegaskan Tak Dukung Jokowi atau Prabowo,"Kamis, 07 Feb 2019 13:09 WIB",https://www.cnnindonesia.com/nasional/20190207125338-32-367135/ikatan-alumni-sma-pl-tegaskan-tak-dukung-jokowi-atau-prabowo,ADVERTISEMENT SCROLL TO CONTINUE WITH CONTENT
BPN Mafhum Dilema Rosan Roeslani Gaet Alumni PL Dukung Jokowi,"Kamis, 07 Feb 2019 10:31 WIB",https://www.cnnindonesia.com/nasional/20190207092645-32-367051/bpn-mafhum-dilema-rosan-roeslani-gaet-alumni-pl-dukung-jokowi,ADVERTISEMENT SCROLL TO CONTINUE WITH CONTENT
PDIP Invasi Lumbung Suara Prabowo di Jawa Barat,"Kamis, 07 Feb 2019 10:02 WIB",https://www.cnnindonesia.com/nasional/20190207094326-32-367048/pdip-invasi-lumbung-suara-prabowo-di-jawa-barat,ADVERTISEMENT SCROLL TO CONTINUE WITH CONTENT
Ma'ruf Amin Gerilya Politik di Kandang Prabowo Sumatra Barat,"Kamis, 07 Feb 2019 07:30 WIB",https://www.cnnindonesia.com/nasional/20190207064701-32-367019/maruf-amin-gerilya-politik-di-kandang-prabowo-sumatra-barat,ADVERTISEMENT SCROLL TO CONTINUE WITH CONTENT
"Dukung Jokowi-Ma'ruf Amin, Alumni PL Soraki Sandiaga","Rabu, 06 Feb 2019 22:43 WIB",https://www.cnnindonesia.com/nasional/20190206222540-32-367000/dukung-jokowi-maruf-amin-alumni-pl-soraki-sandiaga,ADVERTISEMENT SCROLL TO CONTINUE WITH CONTENT
Alumni Pangudi Luhur Deklarasi Dukung Jokowi-Ma'ruf Amin,"Rabu, 06 Feb 2019 22:22 WIB",https://www.cnnindonesia.com/nasional/20190206221424-32-366997/alumni-pangudi-luhur-deklarasi-dukung-jokowi-maruf-amin,ADVERTISEMENT SCROLL TO CONTINUE WITH CONTENT
JK Klaim Tak Ada Praktik Nepotisme di Era Jokowi,"Rabu, 06 Feb 2019 21:34 WIB",https://www.cnnindonesia.com/nasional/20190206180009-32-366915/jk-klaim-tak-ada-praktik-nepotisme-di-era-jokowi,ADVERTISEMENT SCROLL TO CONTINUE WITH CONTENT
JK Bela Jokowi soal Prapaganda Rusia Kubu Prabowo,"Rabu, 06 Feb 2019 21:17 WIB",https://www.cnnindonesia.com/nasional/20190206162724-32-366869/jk-bela-jokowi-soal-prapaganda-rusia-kubu-prabowo,ADVERTISEMENT SCROLL TO CONTINUE WITH CONTENT
TKN Tuding Indikasi Kuat Prabowo Kembali Ditangani Rob Allyn,"Rabu, 06 Feb 2019 20:00 WIB",https://www.cnnindonesia.com/nasional/20190206175349-32-366918/tkn-tuding-indikasi-kuat-prabowo-kembali-ditangani-rob-allyn,ADVERTISEMENT SCROLL TO CONTINUE WITH CONTENT
BPN Soal Konsultan Asing di 2009: Kan Duet Sama Bu Mega,"Rabu, 06 Feb 2019 19:31 WIB",https://www.cnnindonesia.com/nasional/20190206174348-32-366912/bpn-soal-konsultan-asing-di-2009-kan-duet-sama-bu-mega,ADVERTISEMENT SCROLL TO CONTINUE WITH CONTENT
Panelis Debat Diikat Pakta Integritas Kerahasiaan Pertanyaan,"Rabu, 06 Feb 2019 17:33 WIB",https://www.cnnindonesia.com/nasional/20190206161559-32-366858/panelis-debat-diikat-pakta-integritas-kerahasiaan-pertanyaan,ADVERTISEMENT SCROLL TO CONTINUE WITH CONTENT
JK soal Serangan ke Prabowo: Jokowi Hanya Membalas,"Rabu, 06 Feb 2019 17:12 WIB",https://www.cnnindonesia.com/nasional/20190206164524-32-366884/jk-soal-serangan-ke-prabowo-jokowi-hanya-membalas,ADVERTISEMENT SCROLL TO CONTINUE WITH CONTENT
TKN Nilai Puisi Fadli Zon Bikin Warga NU Menjauh dari Prabowo,"Rabu, 06 Feb 2019 14:05 WIB",https://www.cnnindonesia.com/nasional/20190206134956-32-366815/tkn-nilai-puisi-fadli-zon-bikin-warga-nu-menjauh-dari-prabowo,ADVERTISEMENT SCROLL TO CONTINUE WITH CONTENT
Alarm Blunder Narasi untuk Jokowi,"Rabu, 06 Feb 2019 09:05 WIB",https://www.cnnindonesia.com/nasional/20190206081440-32-366704/alarm-blunder-narasi-untuk-jokowi,ADVERTISEMENT SCROLL TO CONTINUE WITH CONTENT
Erick Thohir: Sudah Selayaknya Kami Ofensif,"Rabu, 06 Feb 2019 08:46 WIB",https://www.cnnindonesia.com/nasional/20190206073820-32-366706/erick-thohir-sudah-selayaknya-kami-ofensif,ADVERTISEMENT SCROLL TO CONTINUE WITH CONTENT
Tim Cakra 19 Ungkap Propaganda Rusia yang Dimaksud Jokowi,"Rabu, 06 Feb 2019 06:41 WIB",https://www.cnnindonesia.com/nasional/20190205171432-32-366639/tim-cakra-19-ungkap-propaganda-rusia-yang-dimaksud-jokowi,ADVERTISEMENT SCROLL TO CONTINUE WITH CONTENT
Ma'ruf Soal Indonesia Punah: Memangnya Dinosaurus?,"Rabu, 06 Feb 2019 01:47 WIB",https://www.cnnindonesia.com/nasional/20190205151950-32-366608/maruf-soal-indonesia-punah-memangnya-dinosaurus,ADVERTISEMENT SCROLL TO CONTINUE WITH CONTENT
Ma'ruf Amin Sindir Beda Penyambutan Pesantren kepada Prabowo,"Selasa, 05 Feb 2019 17:41 WIB",https://www.cnnindonesia.com/nasional/20190205153628-32-366613/maruf-amin-sindir-beda-penyambutan-pesantren-kepada-prabowo,ADVERTISEMENT SCROLL TO CONTINUE WITH CONTENT
TKN Sebut Prabowo-Sandi Mainkan Drama Baru soal Bojong Koneng,"Selasa, 05 Feb 2019 17:27 WIB",https://www.cnnindonesia.com/nasional/20190205143010-32-366595/tkn-sebut-prabowo-sandi-mainkan-drama-baru-soal-bojong-koneng,ADVERTISEMENT SCROLL TO CONTINUE WITH CONTENT
TKN Pastikan Jokowi Ofensif Selama Kubu Prabowo Tebar Hoaks,"Selasa, 05 Feb 2019 03:53 WIB",https://www.cnnindonesia.com/nasional/20190204211102-32-366504/tkn-pastikan-jokowi-ofensif-selama-kubu-prabowo-tebar-hoaks,ADVERTISEMENT SCROLL TO CONTINUE WITH CONTENT
"BPN Sebut Prabowo Menang Pilpres, Jokowi Akan Jadi Wantimpres","Senin, 04 Feb 2019 20:40 WIB",https://www.cnnindonesia.com/nasional/20190204202553-32-366481/bpn-sebut-prabowo-menang-pilpres-jokowi-akan-jadi-wantimpres,ADVERTISEMENT SCROLL TO CONTINUE WITH CONTENT
"TKN: 'Propaganda Rusia' Bukan Merujuk Negara, tapi Konsultan","Senin, 04 Feb 2019 16:42 WIB",https://www.cnnindonesia.com/nasional/20190204155333-32-366398/tkn-propaganda-rusia-bukan-merujuk-negara-tapi-konsultan,ADVERTISEMENT SCROLL TO CONTINUE WITH CONTENT
Demokrat Sebut Jokowi Permalukan RI soal 'Propaganda Rusia',"Senin, 04 Feb 2019 16:32 WIB",https://www.cnnindonesia.com/nasional/20190204155632-32-366378/demokrat-sebut-jokowi-permalukan-ri-soal-propaganda-rusia,ADVERTISEMENT SCROLL TO CONTINUE WITH CONTENT
"Jika Menang, Ma'ruf Ingin Ada Menteri Pendidikan Pesantren","Senin, 04 Feb 2019 13:36 WIB",https://www.cnnindonesia.com/nasional/20190204131826-32-366299/jika-menang-maruf-ingin-ada-menteri-pendidikan-pesantren,ADVERTISEMENT SCROLL TO CONTINUE WITH CONTENT
"Tim Jokowi soal Indonesia Barokah: Bukan Hoaks, Tapi Fakta","Senin, 04 Feb 2019 07:31 WIB",https://www.cnnindonesia.com/nasional/20190204070839-32-366178/tim-jokowi-soal-indonesia-barokah-bukan-hoaks-tapi-fakta,ADVERTISEMENT SCROLL TO CONTINUE WITH CONTENT
Ma'ruf Amin Safari ke Pesantren di Semarang dan Kendal,"Senin, 04 Feb 2019 07:03 WIB",https://www.cnnindonesia.com/nasional/20190204063728-32-366175/maruf-amin-safari-ke-pesantren-di-semarang-dan-kendal,ADVERTISEMENT SCROLL TO CONTINUE WITH CONTENT
Demokrat Bolehkan Kepala Daerah Dukung Jokowi Jika Terpaksa,"Senin, 04 Feb 2019 06:32 WIB",https://www.cnnindonesia.com/nasional/20190204062125-32-366173/demokrat-bolehkan-kepala-daerah-dukung-jokowi-jika-terpaksa,ADVERTISEMENT SCROLL TO CONTINUE WITH CONTENT
"Gaet Milenial, Alumni SMA Se-Jakarta Akan Deklarasi untuk 01","Senin, 04 Feb 2019 04:05 WIB",https://www.cnnindonesia.com/nasional/20190204034113-32-366157/gaet-milenial-alumni-sma-se-jakarta-akan-deklarasi-untuk-01,ADVERTISEMENT SCROLL TO CONTINUE WITH CONTENT
Soekarwo: Presiden Belum Putuskan Waktu Pelantikan Khofifah,"Senin, 04 Feb 2019 00:50 WIB",https://www.cnnindonesia.com/nasional/20190204004329-32-366149/soekarwo-presiden-belum-putuskan-waktu-pelantikan-khofifah,ADVERTISEMENT SCROLL TO CONTINUE WITH CONTENT
"Sebut SBY Jiwa Besar, Ketua Demokrat Malut Dukung Jokowi","Minggu, 03 Feb 2019 20:53 WIB",https://www.cnnindonesia.com/nasional/20190203200506-32-366136/sebut-sby-jiwa-besar-ketua-demokrat-malut-dukung-jokowi,ADVERTISEMENT SCROLL TO CONTINUE WITH CONTENT
BPN Sebut 'Jangan Pakai Tol' Jadi Blunder Kubu Jokowi-Ma'ruf,"Minggu, 03 Feb 2019 19:30 WIB",https://www.cnnindonesia.com/nasional/20190203184011-32-366131/bpn-sebut-jangan-pakai-tol-jadi-blunder-kubu-jokowi-maruf,ADVERTISEMENT SCROLL TO CONTINUE WITH CONTENT
Sedulur Kayu dan Mebel: Kami Siap Menangkan Jokowi-Ma'ruf,"Minggu, 03 Feb 2019 16:46 WIB",https://www.cnnindonesia.com/nasional/20190203162226-32-366119/sedulur-kayu-dan-mebel-kami-siap-menangkan-jokowi-maruf,ADVERTISEMENT SCROLL TO CONTINUE WITH CONTENT
PDIP Sebut Isu Elektabilitas Turun di Jateng sebagai Motivasi,"Minggu, 03 Feb 2019 16:20 WIB",https://www.cnnindonesia.com/nasional/20190203145829-32-366100/pdip-sebut-isu-elektabilitas-turun-di-jateng-sebagai-motivasi,ADVERTISEMENT SCROLL TO CONTINUE WITH CONTENT
Jenggala Tegaskan Dukungan JK 100 Persen ke Jokowi-Ma'ruf,"Minggu, 03 Feb 2019 13:41 WIB",https://www.cnnindonesia.com/nasional/20190203132823-32-366084/jenggala-tegaskan-dukungan-jk-100-persen-ke-jokowi-maruf,ADVERTISEMENT SCROLL TO CONTINUE WITH CONTENT
"Gabung Kanisian, Dua Menteri Jokowi Ikrar Dukung Paslon 01","Minggu, 03 Feb 2019 13:28 WIB",https://www.cnnindonesia.com/nasional/20190203123936-32-366068/gabung-kanisian-dua-menteri-jokowi-ikrar-dukung-paslon-01,ADVERTISEMENT SCROLL TO CONTINUE WITH CONTENT
Koalisi Alumni Diponegoro Deklarasi Dukungan ke Jokowi-Ma'ruf,"Minggu, 03 Feb 2019 09:10 WIB",https://www.cnnindonesia.com/nasional/20190203090116-32-366046/koalisi-alumni-diponegoro-deklarasi-dukungan-ke-jokowi-maruf,ADVERTISEMENT SCROLL TO CONTINUE WITH CONTENT
TKN: 'Jangan Pakai Tol' untuk Orang Nyinyir Pembangunan Tol,"Minggu, 03 Feb 2019 08:15 WIB",https://www.cnnindonesia.com/nasional/20190203080302-32-366044/tkn-jangan-pakai-tol-untuk-orang-nyinyir-pembangunan-tol,ADVERTISEMENT SCROLL TO CONTINUE WITH CONTENT
"Jokowi di Surabaya Jancukan, di Semarang Raja Infrastruktur","Minggu, 03 Feb 2019 06:06 WIB",https://www.cnnindonesia.com/nasional/20190203052843-32-366041/jokowi-di-surabaya-jancukan-di-semarang-raja-infrastruktur,ADVERTISEMENT SCROLL TO CONTINUE WITH CONTENT
"Jokowi: Indonesia Dibandingkan Haiti, Ekonom akan Senyum","Sabtu, 02 Feb 2019 23:43 WIB",https://www.cnnindonesia.com/nasional/20190202231657-32-366024/jokowi-indonesia-dibandingkan-haiti-ekonom-akan-senyum,ADVERTISEMENT SCROLL TO CONTINUE WITH CONTENT
"Jokowi Ungkap Survei Internal, Elektabilitas di Jateng Turun","Sabtu, 02 Feb 2019 22:23 WIB",https://www.cnnindonesia.com/nasional/20190202215911-32-366022/jokowi-ungkap-survei-internal-elektabilitas-di-jateng-turun,ADVERTISEMENT SCROLL TO CONTINUE WITH CONTENT
BPN Sebut Doa Mbah Moen Pertanda Dukungan Allah untuk Prabowo,"Sabtu, 02 Feb 2019 20:39 WIB",https://www.cnnindonesia.com/nasional/20190202173637-32-365993/bpn-sebut-doa-mbah-moen-pertanda-dukungan-allah-untuk-prabowo,ADVERTISEMENT SCROLL TO CONTINUE WITH CONTENT
Wali Kota Semarang: Tak Dukung Jokowi Jangan Pakai Jalan Tol,"Sabtu, 02 Feb 2019 18:26 WIB",https://www.cnnindonesia.com/nasional/20190202180747-32-365997/wali-kota-semarang-tak-dukung-jokowi-jangan-pakai-jalan-tol,ADVERTISEMENT SCROLL TO CONTINUE WITH CONTENT
Sindiran Jokowi Minta Jan Ethes Penuhi Panggilan Bawaslu,"Sabtu, 02 Feb 2019 18:06 WIB",https://www.cnnindonesia.com/nasional/20190202173211-32-365995/sindiran-jokowi-minta-jan-ethes-penuhi-panggilan-bawaslu,ADVERTISEMENT SCROLL TO CONTINUE WITH CONTENT
TKN: Mbah Moen Tak Mungkin Dukung Prabowo di Samping Jokowi,"Sabtu, 02 Feb 2019 16:03 WIB",https://www.cnnindonesia.com/nasional/20190202153920-32-365976/tkn-mbah-moen-tak-mungkin-dukung-prabowo-di-samping-jokowi,ADVERTISEMENT SCROLL TO CONTINUE WITH CONTENT
Ma'ruf Amin Sebut Sandiaga Uno Telat soal Ekonomi Halal,"Sabtu, 02 Feb 2019 15:36 WIB",https://www.cnnindonesia.com/nasional/20190202145020-32-365972/maruf-amin-sebut-sandiaga-uno-telat-soal-ekonomi-halal,ADVERTISEMENT SCROLL TO CONTINUE WITH CONTENT
Ma'ruf: Yang Tak Percaya Jokowi Bangun Indonesia Itu Ngigau,"Sabtu, 02 Feb 2019 12:40 WIB",https://www.cnnindonesia.com/nasional/20190202122944-32-365931/maruf-yang-tak-percaya-jokowi-bangun-indonesia-itu-ngigau,ADVERTISEMENT SCROLL TO CONTINUE WITH CONTENT
Komunitas Haji Se-Indonesia Dukung Paslon Jokowi-Ma'ruf,"Sabtu, 02 Feb 2019 05:42 WIB",https://www.cnnindonesia.com/nasional/20190202040448-32-365903/komunitas-haji-se-indonesia-dukung-paslon-jokowi-maruf,ADVERTISEMENT SCROLL TO CONTINUE WITH CONTENT
Sekjen PBB Tanggapi PA 212: Kami Tak Pernah Merengek,"Sabtu, 02 Feb 2019 04:32 WIB",https://www.cnnindonesia.com/nasional/20190202013845-32-365901/sekjen-pbb-tanggapi-pa-212-kami-tak-pernah-merengek,ADVERTISEMENT SCROLL TO CONTINUE WITH CONTENT
TKN Sindir Prabowo Tak Mampu Tampilkan Narasi Terbaik,"Sabtu, 02 Feb 2019 02:37 WIB",https://www.cnnindonesia.com/nasional/20190201164758-32-365760/tkn-sindir-prabowo-tak-mampu-tampilkan-narasi-terbaik,ADVERTISEMENT SCROLL TO CONTINUE WITH CONTENT
"Sindir Prabowo, Ma'ruf Amin Sebut Utang Boleh dalam Islam","Sabtu, 02 Feb 2019 00:38 WIB",https://www.cnnindonesia.com/nasional/20190202002951-32-365898/sindir-prabowo-maruf-amin-sebut-utang-boleh-dalam-islam,ADVERTISEMENT SCROLL TO CONTINUE WITH CONTENT
Sandi Siaga Pijat Prabowo di Putaran Debat Lawan Jokowi,"Jumat, 01 Feb 2019 20:30 WIB",https://www.cnnindonesia.com/nasional/20190201195952-32-365834/sandi-siaga-pijat-prabowo-di-putaran-debat-lawan-jokowi,ADVERTISEMENT SCROLL TO CONTINUE WITH CONTENT
"Sandi Ingatkan ASN Setia pada Rakyat, Bukan Penguasa","Jumat, 01 Feb 2019 18:57 WIB",https://www.cnnindonesia.com/nasional/20190201175630-32-365798/sandi-ingatkan-asn-setia-pada-rakyat-bukan-penguasa,ADVERTISEMENT SCROLL TO CONTINUE WITH CONTENT
Tim Jokowi Sindir Prabowo Sakit karena Stres Jelang Debat,"Jumat, 01 Feb 2019 18:22 WIB",https://www.cnnindonesia.com/nasional/20190201173532-32-365791/tim-jokowi-sindir-prabowo-sakit-karena-stres-jelang-debat,ADVERTISEMENT SCROLL TO CONTINUE WITH CONTENT
Caleg Demokrat Jhoni Allen Ungkap Alasan Dukung Jokowi,"Jumat, 01 Feb 2019 18:10 WIB",https://www.cnnindonesia.com/nasional/20190201173544-32-365785/caleg-demokrat-jhoni-allen-ungkap-alasan-dukung-jokowi,ADVERTISEMENT SCROLL TO CONTINUE WITH CONTENT
Caleg Demokrat Jhoni Allen Kampanye Tempel Wajah Jokowi,"Jumat, 01 Feb 2019 16:52 WIB",https://www.cnnindonesia.com/nasional/20190201161258-32-365752/caleg-demokrat-jhoni-allen-kampanye-tempel-wajah-jokowi,ADVERTISEMENT SCROLL TO CONTINUE WITH CONTENT
PA 212: Dulu Yusril Merengek Minta Tolong Rizieq Shihab,"Jumat, 01 Feb 2019 16:27 WIB",https://www.cnnindonesia.com/nasional/20190201155858-32-365735/pa-212-dulu-yusril-merengek-minta-tolong-rizieq-shihab,ADVERTISEMENT SCROLL TO CONTINUE WITH CONTENT
Ma'ruf Amin Singgung Petunjuk Islam Agar Kekayaan Bisa Merata,"Jumat, 01 Feb 2019 15:57 WIB",https://www.cnnindonesia.com/nasional/20190201144007-32-365696/maruf-amin-singgung-petunjuk-islam-agar-kekayaan-bisa-merata,ADVERTISEMENT SCROLL TO CONTINUE WITH CONTENT
Polisi Buru Penyebar Video Penggeledahan Adik Wagub Sumut,"Jumat, 01 Feb 2019 13:39 WIB",https://www.cnnindonesia.com/nasional/20190201110323-12-365628/polisi-buru-penyebar-video-penggeledahan-adik-wagub-sumut,ADVERTISEMENT SCROLL TO CONTINUE WITH CONTENT
TKN: Blunder Prabowo di Debat Dongkrak Elektabilitas Jokowi,"Jumat, 01 Feb 2019 06:58 WIB",https://www.cnnindonesia.com/nasional/20190131181715-32-365494/tkn-blunder-prabowo-di-debat-dongkrak-elektabilitas-jokowi,ADVERTISEMENT SCROLL TO CONTINUE WITH CONTENT
Hasto PDIP: Ibu-ibu dan Arus Bawah Siap Menangkan Jokowi,"Jumat, 01 Feb 2019 04:50 WIB",https://www.cnnindonesia.com/nasional/20190131192056-32-365528/hasto-pdip-ibu-ibu-dan-arus-bawah-siap-menangkan-jokowi,ADVERTISEMENT SCROLL TO CONTINUE WITH CONTENT
Yusril Tantang Rizieq Bikin Partai: Jangan Cuma Omong Kosong,"Kamis, 31 Jan 2019 19:57 WIB",https://www.cnnindonesia.com/nasional/20190131181249-32-365493/yusril-tantang-rizieq-bikin-partai-jangan-cuma-omong-kosong,ADVERTISEMENT SCROLL TO CONTINUE WITH CONTENT
Menkominfo Sindir Pegawai Pilih 02: Yang Gaji Kamu Siapa?,"Kamis, 31 Jan 2019 19:38 WIB",https://www.cnnindonesia.com/nasional/20190131190327-32-365511/menkominfo-sindir-pegawai-pilih-02-yang-gaji-kamu-siapa,ADVERTISEMENT SCROLL TO CONTINUE WITH CONTENT
Erick Tohir Bantah Beli Saham VIVA usai Jual Inter Milan,"Kamis, 31 Jan 2019 18:40 WIB",https://www.cnnindonesia.com/ekonomi/20190131175905-92-365486/erick-tohir-bantah-beli-saham-viva-usai-jual-inter-milan,ADVERTISEMENT SCROLL TO CONTINUE WITH CONTENT
"Tanggapi Rizieq, Yusril Usir Anggota FPI dari PBB","Kamis, 31 Jan 2019 18:37 WIB",https://www.cnnindonesia.com/nasional/20190131182346-32-365495/tanggapi-rizieq-yusril-usir-anggota-fpi-dari-pbb,ADVERTISEMENT SCROLL TO CONTINUE WITH CONTENT
Ma'ruf Amin Sebut Banyak Ahli Maki-maki dan Mengkafirkan,"Kamis, 31 Jan 2019 18:23 WIB",https://www.cnnindonesia.com/nasional/20190131173904-32-365479/maruf-amin-sebut-banyak-ahli-maki-maki-dan-mengkafirkan,ADVERTISEMENT SCROLL TO CONTINUE WITH CONTENT
"Sebut Prabowo Bohong, Erick Thohir Dilaporkan ke Bawaslu","Kamis, 31 Jan 2019 17:53 WIB",https://www.cnnindonesia.com/nasional/20190131163217-32-365463/sebut-prabowo-bohong-erick-thohir-dilaporkan-ke-bawaslu,ADVERTISEMENT SCROLL TO CONTINUE WITH CONTENT
Erick Thohir Minta Prabowo Tak Gagal Fokus Debat Lawan Jokowi,"Kamis, 31 Jan 2019 17:50 WIB",https://www.cnnindonesia.com/nasional/20190131164555-32-365467/erick-thohir-minta-prabowo-tak-gagal-fokus-debat-lawan-jokowi,ADVERTISEMENT SCROLL TO CONTINUE WITH CONTENT
Jokowi Amini Doa Said Aqil agar Menang di Pilpres 2019,"Kamis, 31 Jan 2019 17:45 WIB",https://www.cnnindonesia.com/nasional/20190131170907-32-365475/jokowi-amini-doa-said-aqil-agar-menang-di-pilpres-2019,ADVERTISEMENT SCROLL TO CONTINUE WITH CONTENT
"Sibuk Pilpres, Ma'ruf Belum Berencana Temui Ahok","Kamis, 31 Jan 2019 17:14 WIB",https://www.cnnindonesia.com/nasional/20190131165004-32-365465/sibuk-pilpres-maruf-belum-berencana-temui-ahok,ADVERTISEMENT SCROLL TO CONTINUE WITH CONTENT
Ma'ruf Jamin Jokowi Tak Ulangi Kekalahan 2014 di Tangerang,"Kamis, 31 Jan 2019 14:59 WIB",https://www.cnnindonesia.com/nasional/20190131141249-32-365414/maruf-jamin-jokowi-tak-ulangi-kekalahan-2014-di-tangerang,ADVERTISEMENT SCROLL TO CONTINUE WITH CONTENT
"Survei Prabowo Kalah, LSI Denny JA Dituding BPN Timses Jokowi","Kamis, 31 Jan 2019 12:17 WIB",https://www.cnnindonesia.com/nasional/20190131113859-32-365348/survei-prabowo-kalah-lsi-denny-ja-dituding-bpn-timses-jokowi,ADVERTISEMENT SCROLL TO CONTINUE WITH CONTENT
JK Pernah Minta Jokowi Tak Sering Intip Hasil Survei Capres,"Kamis, 31 Jan 2019 11:49 WIB",https://www.cnnindonesia.com/nasional/20190131111743-32-365346/jk-pernah-minta-jokowi-tak-sering-intip-hasil-survei-capres,ADVERTISEMENT SCROLL TO CONTINUE WITH CONTENT
Ahmad Dhani Daftarkan Memori Banding ke PN Jaksel,"Kamis, 31 Jan 2019 08:28 WIB",https://www.cnnindonesia.com/nasional/20190131081626-12-365273/ahmad-dhani-daftarkan-memori-banding-ke-pn-jaksel,ADVERTISEMENT SCROLL TO CONTINUE WITH CONTENT
Airlangga Ogah Ikuti Cak Imin Singgung Jatah Kursi Menteri,"Kamis, 31 Jan 2019 02:29 WIB",https://www.cnnindonesia.com/nasional/20190130182144-32-365171/airlangga-ogah-ikuti-cak-imin-singgung-jatah-kursi-menteri,ADVERTISEMENT SCROLL TO CONTINUE WITH CONTENT
"TKN Soal Eksekusi Buni Yani: Ahok Saja Sudah, Jangan Cengeng","Rabu, 30 Jan 2019 23:11 WIB",https://www.cnnindonesia.com/nasional/20190130211653-32-365215/tkn-soal-eksekusi-buni-yani-ahok-saja-sudah-jangan-cengeng,ADVERTISEMENT SCROLL TO CONTINUE WITH CONTENT
Airlangga Sebut Jokowi-Ma'ruf Akan Kompak di Debat Mendatang,"Rabu, 30 Jan 2019 22:40 WIB",https://www.cnnindonesia.com/nasional/20190130202923-32-365199/airlangga-sebut-jokowi-maruf-akan-kompak-di-debat-mendatang,ADVERTISEMENT SCROLL TO CONTINUE WITH CONTENT
"Polemik Jan Ethes, PKS Ungkit Aturan KPU soal Pelibatan Anak","Rabu, 30 Jan 2019 18:51 WIB",https://www.cnnindonesia.com/nasional/20190130171041-32-365144/polemik-jan-ethes-pks-ungkit-aturan-kpu-soal-pelibatan-anak,ADVERTISEMENT SCROLL TO CONTINUE WITH CONTENT
"Ungkit Pidato Prabowo, Juru Parkir di Semarang Dukung Jokowi","Rabu, 30 Jan 2019 18:08 WIB",https://www.cnnindonesia.com/nasional/20190130174525-32-365157/ungkit-pidato-prabowo-juru-parkir-di-semarang-dukung-jokowi,ADVERTISEMENT SCROLL TO CONTINUE WITH CONTENT
Kubu Jokowi Sebut Tak Tahu Menahu soal Tabloid Pembawa Pesan,"Rabu, 30 Jan 2019 17:46 WIB",https://www.cnnindonesia.com/nasional/20190130171156-32-365143/kubu-jokowi-sebut-tak-tahu-menahu-soal-tabloid-pembawa-pesan,ADVERTISEMENT SCROLL TO CONTINUE WITH CONTENT
"Dominan di Kota, Pendukung Prabowo Lebih Antusias Lihat Debat","Rabu, 30 Jan 2019 16:29 WIB",https://www.cnnindonesia.com/nasional/20190130161415-32-365122/dominan-di-kota-pendukung-prabowo-lebih-antusias-lihat-debat,ADVERTISEMENT SCROLL TO CONTINUE WITH CONTENT
"Survei LSI Denny JA Usai Debat Capres, Jokowi Unggul Jauh","Rabu, 30 Jan 2019 15:43 WIB",https://www.cnnindonesia.com/nasional/20190130144516-32-365101/survei-lsi-denny-ja-usai-debat-capres-jokowi-unggul-jauh,ADVERTISEMENT SCROLL TO CONTINUE WITH CONTENT
PKS Anggap Usung Prabowo Tak Jamin Suara di Pileg Aman,"Rabu, 30 Jan 2019 14:47 WIB",https://www.cnnindonesia.com/nasional/20190130142729-32-365066/pks-anggap-usung-prabowo-tak-jamin-suara-di-pileg-aman,ADVERTISEMENT SCROLL TO CONTINUE WITH CONTENT
Skor Debat Perdana Versi LSI: Jokowi Kalahkan Prabowo 5-1,"Rabu, 30 Jan 2019 14:38 WIB",https://www.cnnindonesia.com/nasional/20190130141123-32-365063/skor-debat-perdana-versi-lsi-jokowi-kalahkan-prabowo-5-1,ADVERTISEMENT SCROLL TO CONTINUE WITH CONTENT
"Pilpres, BKPM Targetkan Investasi Tumbuh 9,84 Persen di 2019","Rabu, 30 Jan 2019 14:37 WIB",https://www.cnnindonesia.com/ekonomi/20190130131122-532-365045/pilpres-bkpm-targetkan-investasi-tumbuh-984-persen-di-2019,ADVERTISEMENT SCROLL TO CONTINUE WITH CONTENT
TKN Jokowi soal Polemik Jan Ethes: Sirik Tanda Tak Mampu,"Rabu, 30 Jan 2019 14:20 WIB",https://www.cnnindonesia.com/nasional/20190130133254-32-365052/tkn-jokowi-soal-polemik-jan-ethes-sirik-tanda-tak-mampu,ADVERTISEMENT SCROLL TO CONTINUE WITH CONTENT
Ahok Punya Rencana Mencoblos di Luar Negeri di Pemilu 2019,"Rabu, 30 Jan 2019 13:44 WIB",https://www.cnnindonesia.com/nasional/20190130132622-32-365042/ahok-punya-rencana-mencoblos-di-luar-negeri-di-pemilu-2019,ADVERTISEMENT SCROLL TO CONTINUE WITH CONTENT
TKN soal Rocky Gerung Diperiksa: Mulutnya Perlu Disekolahkan,"Rabu, 30 Jan 2019 11:36 WIB",https://www.cnnindonesia.com/nasional/20190130103602-32-364998/tkn-soal-rocky-gerung-diperiksa-mulutnya-perlu-disekolahkan,ADVERTISEMENT SCROLL TO CONTINUE WITH CONTENT
Jokowi soal Jan Ethes: Tak Boleh Ajak Main Boom Boom Car?,"Rabu, 30 Jan 2019 11:18 WIB",https://www.cnnindonesia.com/nasional/20190130104002-32-364997/jokowi-soal-jan-ethes-tak-boleh-ajak-main-boom-boom-car,ADVERTISEMENT SCROLL TO CONTINUE WITH CONTENT
TKN Sebut PBB Perkuat Basis di 4 Wilayah Tempat Jokowi Kalah,"Rabu, 30 Jan 2019 08:22 WIB",https://www.cnnindonesia.com/nasional/20190130070118-32-364928/tkn-sebut-pbb-perkuat-basis-di-4-wilayah-tempat-jokowi-kalah,ADVERTISEMENT SCROLL TO CONTINUE WITH CONTENT
TKN Ingatkan Kubu Prabowo Tak Asal Bicara soal Utang,"Rabu, 30 Jan 2019 01:15 WIB",https://www.cnnindonesia.com/nasional/20190129182825-32-364834/tkn-ingatkan-kubu-prabowo-tak-asal-bicara-soal-utang,ADVERTISEMENT SCROLL TO CONTINUE WITH CONTENT
JK Tegaskan Tabloid Indonesia Barokah Tak Terkait TKN,"Selasa, 29 Jan 2019 21:04 WIB",https://www.cnnindonesia.com/nasional/20190129200121-32-364858/jk-tegaskan-tabloid-indonesia-barokah-tak-terkait-tkn,ADVERTISEMENT SCROLL TO CONTINUE WITH CONTENT
BPN Yakin Dalang Tabloid Indonesia Barokah Petinggi TKN,"Selasa, 29 Jan 2019 20:52 WIB",https://www.cnnindonesia.com/nasional/20190129202508-32-364861/bpn-yakin-dalang-tabloid-indonesia-barokah-petinggi-tkn,ADVERTISEMENT SCROLL TO CONTINUE WITH CONTENT
PDIP dan PSI Bantah Tuduhan soal Dalang Indonesia Barokah,"Selasa, 29 Jan 2019 20:02 WIB",https://www.cnnindonesia.com/nasional/20190129175859-32-364826/pdip-dan-psi-bantah-tuduhan-soal-dalang-indonesia-barokah,ADVERTISEMENT SCROLL TO CONTINUE WITH CONTENT
Tim Jokowi Sebut Survei Puskaptis untuk Senangkan Prabowo,"Selasa, 29 Jan 2019 19:43 WIB",https://www.cnnindonesia.com/nasional/20190129191820-32-364854/tim-jokowi-sebut-survei-puskaptis-untuk-senangkan-prabowo,ADVERTISEMENT SCROLL TO CONTINUE WITH CONTENT
"Soal Jan Ethes, TKN Saran Prabowo Bawa Anak-Istri di Kampanye","Selasa, 29 Jan 2019 19:28 WIB",https://www.cnnindonesia.com/nasional/20190129185512-32-364851/soal-jan-ethes-tkn-saran-prabowo-bawa-anak-istri-di-kampanye,ADVERTISEMENT SCROLL TO CONTINUE WITH CONTENT
Puskaptis: Jokowi Tertinggal Jauh di Sumatera dan Jawa,"Selasa, 29 Jan 2019 18:46 WIB",https://www.cnnindonesia.com/nasional/20190129175556-32-364830/puskaptis-jokowi-tertinggal-jauh-di-sumatera-dan-jawa,ADVERTISEMENT SCROLL TO CONTINUE WITH CONTENT
Kubu Jokowi Minta Vonis Ahmad Dhani Tak Direspons Berlebihan,"Selasa, 29 Jan 2019 17:48 WIB",https://www.cnnindonesia.com/nasional/20190129173751-12-364808/kubu-jokowi-minta-vonis-ahmad-dhani-tak-direspons-berlebihan,ADVERTISEMENT SCROLL TO CONTINUE WITH CONTENT
Tim Jokowi Sindir Rencana Kubu Prabowo Gaet Al Ghazali,"Selasa, 29 Jan 2019 16:46 WIB",https://www.cnnindonesia.com/nasional/20190129155530-20-364764/tim-jokowi-sindir-rencana-kubu-prabowo-gaet-al-ghazali,ADVERTISEMENT SCROLL TO CONTINUE WITH CONTENT
"Temui Jokowi di Istana, Gatot Nurmantyo Masih Netral","Selasa, 29 Jan 2019 16:29 WIB",https://www.cnnindonesia.com/nasional/20190129154121-32-364767/temui-jokowi-di-istana-gatot-nurmantyo-masih-netral,ADVERTISEMENT SCROLL TO CONTINUE WITH CONTENT
Survei Puskaptis: Jokowi-Ma'ruf Ungguli Prabowo-Sandi,"Selasa, 29 Jan 2019 16:03 WIB",https://www.cnnindonesia.com/nasional/20190129154236-32-364761/survei-puskaptis-jokowi-maruf-ungguli-prabowo-sandi,ADVERTISEMENT SCROLL TO CONTINUE WITH CONTENT
Kapitra Minta Kader PBB Abaikan Maklumat Rizieq Shihab,"Selasa, 29 Jan 2019 15:24 WIB",https://www.cnnindonesia.com/nasional/20190129144233-32-364748/kapitra-minta-kader-pbb-abaikan-maklumat-rizieq-shihab,ADVERTISEMENT SCROLL TO CONTINUE WITH CONTENT
"Dikawal Empat Mobil Polisi, Ba'asyir Tiba di RSCM","Selasa, 29 Jan 2019 11:49 WIB",https://www.cnnindonesia.com/nasional/20190129114039-20-364665/dikawal-empat-mobil-polisi-baasyir-tiba-di-rscm,ADVERTISEMENT SCROLL TO CONTINUE WITH CONTENT
Abu Bakar Ba'asyir Cek Masalah Pembengkakan Kaki di RSCM,"Selasa, 29 Jan 2019 11:14 WIB",https://www.cnnindonesia.com/nasional/20190129110442-12-364652/abu-bakar-baasyir-cek-masalah-pembengkakan-kaki-di-rscm,ADVERTISEMENT SCROLL TO CONTINUE WITH CONTENT
Ipang Wahid Bersumpah Bukan Pembuat Tabloid Indonesia Barokah,"Selasa, 29 Jan 2019 10:29 WIB",https://www.cnnindonesia.com/nasional/20190129100416-32-364639/ipang-wahid-bersumpah-bukan-pembuat-tabloid-indonesia-barokah,ADVERTISEMENT SCROLL TO CONTINUE WITH CONTENT
"Ma'ruf Istigasah di Sukabumi, Sandi ke Pasar Wonogiri","Selasa, 29 Jan 2019 07:40 WIB",https://www.cnnindonesia.com/nasional/20190129063951-32-364600/maruf-istigasah-di-sukabumi-sandi-ke-pasar-wonogiri,ADVERTISEMENT SCROLL TO CONTINUE WITH CONTENT
BPN Yakin Kader PBB Diam-diam Dukung Prabowo-Sandi,"Selasa, 29 Jan 2019 06:21 WIB",https://www.cnnindonesia.com/nasional/20190128174129-32-364518/bpn-yakin-kader-pbb-diam-diam-dukung-prabowo-sandi,ADVERTISEMENT SCROLL TO CONTINUE WITH CONTENT
"Terima Dukungan Anak PKI, Kubu Prabowo Dinilai Panik","Senin, 28 Jan 2019 21:19 WIB",https://www.cnnindonesia.com/nasional/20190128202333-32-364560/terima-dukungan-anak-pki-kubu-prabowo-dinilai-panik,ADVERTISEMENT SCROLL TO CONTINUE WITH CONTENT
"Soal Jan Ethes, TKN Tuding Balik PKS Kampanye Gunakan Anak","Senin, 28 Jan 2019 20:19 WIB",https://www.cnnindonesia.com/nasional/20190128193917-32-364547/soal-jan-ethes-tkn-tuding-balik-pks-kampanye-gunakan-anak,ADVERTISEMENT SCROLL TO CONTINUE WITH CONTENT
Dewan Pers Persilakan Polisi Usut Tabloid Indonesia Barokah,"Senin, 28 Jan 2019 18:35 WIB",https://www.cnnindonesia.com/nasional/20190128181152-12-364529/dewan-pers-persilakan-polisi-usut-tabloid-indonesia-barokah,ADVERTISEMENT SCROLL TO CONTINUE WITH CONTENT
Ngabalin Sebut Andi Arief Stres soal 'Indonesia Barokah',"Senin, 28 Jan 2019 17:59 WIB",https://www.cnnindonesia.com/nasional/20190128172823-32-364511/ngabalin-sebut-andi-arief-stres-soal-indonesia-barokah,ADVERTISEMENT SCROLL TO CONTINUE WITH CONTENT
Novel Bamukmin Serukan Kader PBB Mundur Massal,"Senin, 28 Jan 2019 17:41 WIB",https://www.cnnindonesia.com/nasional/20190128172059-32-364507/novel-bamukmin-serukan-kader-pbb-mundur-massal,ADVERTISEMENT SCROLL TO CONTINUE WITH CONTENT
"Yusril Dukung Jokowi, Rizieq Minta Umat Islam Mundur dari PBB","Senin, 28 Jan 2019 17:10 WIB",https://www.cnnindonesia.com/nasional/20190128163427-32-364497/yusril-dukung-jokowi-rizieq-minta-umat-islam-mundur-dari-pbb,ADVERTISEMENT SCROLL TO CONTINUE WITH CONTENT
Jurkam Jokowi Ungkap Sandiwara Uno Jilid II di Makassar,"Senin, 28 Jan 2019 16:52 WIB",https://www.cnnindonesia.com/nasional/20190128154227-32-364481/jurkam-jokowi-ungkap-sandiwara-uno-jilid-ii-di-makassar,ADVERTISEMENT SCROLL TO CONTINUE WITH CONTENT
Moeldoko Dukung Seruan Pembakaran Tabloid Indonesia Barokah,"Senin, 28 Jan 2019 15:21 WIB",https://www.cnnindonesia.com/nasional/20190128125442-32-364386/moeldoko-dukung-seruan-pembakaran-tabloid-indonesia-barokah,ADVERTISEMENT SCROLL TO CONTINUE WITH CONTENT
"Indonesia Barokah, Propaganda untuk Pemilih Galau di Masjid","Senin, 28 Jan 2019 14:35 WIB",https://www.cnnindonesia.com/nasional/20190128131115-32-364421/indonesia-barokah-propaganda-untuk-pemilih-galau-di-masjid,ADVERTISEMENT SCROLL TO CONTINUE WITH CONTENT
TKN Sebut Ucapan Prabowo Rendahkan Seluruh Pegawai Kemenkeu,"Senin, 28 Jan 2019 14:04 WIB",https://www.cnnindonesia.com/nasional/20190128134015-32-364402/tkn-sebut-ucapan-prabowo-rendahkan-seluruh-pegawai-kemenkeu,ADVERTISEMENT SCROLL TO CONTINUE WITH CONTENT
Kontroversi Peran Jan Ethes di Balik Popularitas Jokowi,"Senin, 28 Jan 2019 13:39 WIB",https://www.cnnindonesia.com/nasional/20190128081057-32-364311/kontroversi-peran-jan-ethes-di-balik-popularitas-jokowi,ADVERTISEMENT SCROLL TO CONTINUE WITH CONTENT
"Temui Ma'ruf, Agung Laksono Bahas Strategi Kampanye di Jabar","Senin, 28 Jan 2019 13:02 WIB",https://www.cnnindonesia.com/nasional/20190128121721-32-364377/temui-maruf-agung-laksono-bahas-strategi-kampanye-di-jabar,ADVERTISEMENT SCROLL TO CONTINUE WITH CONTENT
TKN Nilai Dukungan PBB Kikis Label Anti-Islam pada Jokowi,"Senin, 28 Jan 2019 10:35 WIB",https://www.cnnindonesia.com/nasional/20190128101438-32-364337/tkn-nilai-dukungan-pbb-kikis-label-anti-islam-pada-jokowi,ADVERTISEMENT SCROLL TO CONTINUE WITH CONTENT
Forum Rektor: Alumni Dukung Paslon tak Cerminkan Sikap Kampus,"Senin, 28 Jan 2019 09:25 WIB",https://www.cnnindonesia.com/nasional/20190128084434-32-364316/forum-rektor-alumni-dukung-paslon-tak-cerminkan-sikap-kampus,ADVERTISEMENT SCROLL TO CONTINUE WITH CONTENT
Kubu Prabowo Kritik Pelibatan Jan Ethes dalam Politik Jokowi,"Senin, 28 Jan 2019 09:03 WIB",https://www.cnnindonesia.com/nasional/20190128074408-32-364301/kubu-prabowo-kritik-pelibatan-jan-ethes-dalam-politik-jokowi,ADVERTISEMENT SCROLL TO CONTINUE WITH CONTENT
Tokoh Muhammadiyah: Ucapan Said Aqil Tak Cerminkan Akal Sehat,"Senin, 28 Jan 2019 08:42 WIB",https://www.cnnindonesia.com/nasional/20190128073931-20-364300/tokoh-muhammadiyah-ucapan-said-aqil-tak-cerminkan-akal-sehat,ADVERTISEMENT SCROLL TO CONTINUE WITH CONTENT
Organisasi Alumni Kampus Swasta Tak Beri Dukungan di Pilpres,"Senin, 28 Jan 2019 07:41 WIB",https://www.cnnindonesia.com/nasional/20190128070809-32-364294/organisasi-alumni-kampus-swasta-tak-beri-dukungan-di-pilpres,ADVERTISEMENT SCROLL TO CONTINUE WITH CONTENT
"Andi Arief Duga Hasto, Ngabalin, PSI Otak 'Indonesia Barokah'","Senin, 28 Jan 2019 06:31 WIB",https://www.cnnindonesia.com/nasional/20190127165001-32-364230/andi-arief-duga-hasto-ngabalin-psi-otak-indonesia-barokah,ADVERTISEMENT SCROLL TO CONTINUE WITH CONTENT
Yusril: Jokowi-Ma'ruf Paling Bermanfaat Bagi Umat Islam,"Senin, 28 Jan 2019 06:07 WIB",https://www.cnnindonesia.com/nasional/20190128003602-32-364277/yusril-jokowi-maruf-paling-bermanfaat-bagi-umat-islam,ADVERTISEMENT SCROLL TO CONTINUE WITH CONTENT
"Wakili Jokowi, Moeldoko Dukung PBB Capai Target Pileg 2019","Senin, 28 Jan 2019 05:33 WIB",https://www.cnnindonesia.com/nasional/20190127210047-32-364265/wakili-jokowi-moeldoko-dukung-pbb-capai-target-pileg-2019,ADVERTISEMENT SCROLL TO CONTINUE WITH CONTENT
Yusril Akan Sanksi Kader yang Dukung Prabowo Atas Nama PBB,"Senin, 28 Jan 2019 01:20 WIB",https://www.cnnindonesia.com/nasional/20190128002618-32-364276/yusril-akan-sanksi-kader-yang-dukung-prabowo-atas-nama-pbb,ADVERTISEMENT SCROLL TO CONTINUE WITH CONTENT
"PBB Dukung Jokowi, Yusril Serukan Anggota Taat Keputusan","Minggu, 27 Jan 2019 20:57 WIB",https://www.cnnindonesia.com/nasional/20190127202513-32-364262/pbb-dukung-jokowi-yusril-serukan-anggota-taat-keputusan,ADVERTISEMENT SCROLL TO CONTINUE WITH CONTENT
GKR Hemas Adukan Konflik DPD dan OSO ke Ma'ruf Amin,"Minggu, 27 Jan 2019 18:00 WIB",https://www.cnnindonesia.com/nasional/20190127174553-32-364233/gkr-hemas-adukan-konflik-dpd-dan-oso-ke-maruf-amin,ADVERTISEMENT SCROLL TO CONTINUE WITH CONTENT
Alumni Universitas Andalas Deklarasi Dukung Jokowi di Pilpres,"Minggu, 27 Jan 2019 16:47 WIB",https://www.cnnindonesia.com/nasional/20190127162658-32-364224/alumni-universitas-andalas-deklarasi-dukung-jokowi-di-pilpres,ADVERTISEMENT SCROLL TO CONTINUE WITH CONTENT
Yusril soal PBB Dukung Jokowi: Suka Tak Suka Harus Dijalankan,"Minggu, 27 Jan 2019 15:18 WIB",https://www.cnnindonesia.com/nasional/20190127151151-32-364218/yusril-soal-pbb-dukung-jokowi-suka-tak-suka-harus-dijalankan,ADVERTISEMENT SCROLL TO CONTINUE WITH CONTENT
Jokowi Tertawa Dituding Prabowo Elite Indonesia Gagal,"Minggu, 27 Jan 2019 13:50 WIB",https://www.cnnindonesia.com/nasional/20190127131152-32-364180/jokowi-tertawa-dituding-prabowo-elite-indonesia-gagal,ADVERTISEMENT SCROLL TO CONTINUE WITH CONTENT
"Caleg PBB Condong ke Prabowo, Yusril Sebut DPP Dukung Jokowi","Minggu, 27 Jan 2019 13:21 WIB",https://www.cnnindonesia.com/nasional/20190127124642-32-364177/caleg-pbb-condong-ke-prabowo-yusril-sebut-dpp-dukung-jokowi,ADVERTISEMENT SCROLL TO CONTINUE WITH CONTENT
Yenny Wahid Sebut Warga dan Muslimat NU Merasa Dekat Jokowi,"Minggu, 27 Jan 2019 13:00 WIB",https://www.cnnindonesia.com/nasional/20190127115637-32-364175/yenny-wahid-sebut-warga-dan-muslimat-nu-merasa-dekat-jokowi,ADVERTISEMENT SCROLL TO CONTINUE WITH CONTENT
"Tuduh Jokowi Inkompeten, Amien Rais Dicap Penuh Syahwat Kuasa","Minggu, 27 Jan 2019 12:42 WIB",https://www.cnnindonesia.com/nasional/20190127114058-32-364173/tuduh-jokowi-inkompeten-amien-rais-dicap-penuh-syahwat-kuasa,ADVERTISEMENT SCROLL TO CONTINUE WITH CONTENT
Timses Duga 'Indonesia Barokah' Ingin Prabowo-Sandi Kalah,"Minggu, 27 Jan 2019 09:00 WIB",https://www.cnnindonesia.com/nasional/20190126104622-32-364024/timses-duga-indonesia-barokah-ingin-prabowo-sandi-kalah,ADVERTISEMENT SCROLL TO CONTINUE WITH CONTENT
Kubu Jokowi Atur Strategi Menyerang di Debat Capres Kedua,"Minggu, 27 Jan 2019 06:47 WIB",https://www.cnnindonesia.com/nasional/20190126163424-32-364091/kubu-jokowi-atur-strategi-menyerang-di-debat-capres-kedua,ADVERTISEMENT SCROLL TO CONTINUE WITH CONTENT
Prabowo Sindir Jokowi: Cawapres Saya Muda dan Fit,"Minggu, 27 Jan 2019 06:10 WIB",https://www.cnnindonesia.com/nasional/20190127013802-32-364143/prabowo-sindir-jokowi-cawapres-saya-muda-dan-fit,ADVERTISEMENT SCROLL TO CONTINUE WITH CONTENT
MS Kaban Klaim Mayoritas Kader PBB Dukung Prabowo-Sandi,"Sabtu, 26 Jan 2019 19:14 WIB",https://www.cnnindonesia.com/nasional/20190126190714-32-364115/ms-kaban-klaim-mayoritas-kader-pbb-dukung-prabowo-sandi,ADVERTISEMENT SCROLL TO CONTINUE WITH CONTENT
Kubu Jokowi soal Tabloid Indonesia Barokah: Bukan Cara Kami,"Sabtu, 26 Jan 2019 15:31 WIB",https://www.cnnindonesia.com/nasional/20190126151959-32-364077/kubu-jokowi-soal-tabloid-indonesia-barokah-bukan-cara-kami,ADVERTISEMENT SCROLL TO CONTINUE WITH CONTENT
Moeldoko Tak Ingin Jokowi Kalah seperti Hillary Clinton,"Sabtu, 26 Jan 2019 14:03 WIB",https://www.cnnindonesia.com/nasional/20190126135801-32-364061/moeldoko-tak-ingin-jokowi-kalah-seperti-hillary-clinton,ADVERTISEMENT SCROLL TO CONTINUE WITH CONTENT
Ma'ruf Amin Minta Moderator Debat Netral,"Sabtu, 26 Jan 2019 13:00 WIB",https://www.cnnindonesia.com/nasional/20190126110016-32-364025/maruf-amin-minta-moderator-debat-netral,ADVERTISEMENT SCROLL TO CONTINUE WITH CONTENT
Tabloid Indonesia Barokah Beredar di Masjid dan Ponpes Batang,"Sabtu, 26 Jan 2019 09:18 WIB",https://www.cnnindonesia.com/nasional/20190126091252-32-364020/tabloid-indonesia-barokah-beredar-di-masjid-dan-ponpes-batang,ADVERTISEMENT SCROLL TO CONTINUE WITH CONTENT
"Prestasi Tak Imbangi Elektabilitas, Jokowi Diminta Waspada","Sabtu, 26 Jan 2019 06:21 WIB",https://www.cnnindonesia.com/nasional/20190126002700-32-363994/prestasi-tak-imbangi-elektabilitas-jokowi-diminta-waspada,ADVERTISEMENT SCROLL TO CONTINUE WITH CONTENT
Fahri Khawatir Tabloid Indonesia Barokah Gembosi Jokowi,"Sabtu, 26 Jan 2019 06:00 WIB",https://www.cnnindonesia.com/nasional/20190125200639-32-363965/fahri-khawatir-tabloid-indonesia-barokah-gembosi-jokowi,ADVERTISEMENT SCROLL TO CONTINUE WITH CONTENT
Timses Jokowi Sebut Tabloid Indonesia Barokah Berisi Fakta,"Sabtu, 26 Jan 2019 05:11 WIB",https://www.cnnindonesia.com/nasional/20190126042347-32-364003/timses-jokowi-sebut-tabloid-indonesia-barokah-berisi-fakta,ADVERTISEMENT SCROLL TO CONTINUE WITH CONTENT
Ma'ruf dan Sandi Dipastikan Tetap Hadir Debat Kedua,"Sabtu, 26 Jan 2019 04:41 WIB",https://www.cnnindonesia.com/nasional/20190125191202-32-363950/maruf-dan-sandi-dipastikan-tetap-hadir-debat-kedua,ADVERTISEMENT SCROLL TO CONTINUE WITH CONTENT
TKN Minta Masyarakat Tak Diracuni Golput di Pilpres 2019,"Sabtu, 26 Jan 2019 04:10 WIB",https://www.cnnindonesia.com/nasional/20190126035942-32-364001/tkn-minta-masyarakat-tak-diracuni-golput-di-pilpres-2019,ADVERTISEMENT SCROLL TO CONTINUE WITH CONTENT
"Sama Seperti TKN, Kubu Prabowo Belum Berencana Rekrut Ahok","Jumat, 25 Jan 2019 20:17 WIB",https://www.cnnindonesia.com/nasional/20190125194210-32-363956/sama-seperti-tkn-kubu-prabowo-belum-berencana-rekrut-ahok,ADVERTISEMENT SCROLL TO CONTINUE WITH CONTENT
Romi soal Manfaat Ahok untuk Jokowi: Lebih Banyak Defisitnya,"Jumat, 25 Jan 2019 18:50 WIB",https://www.cnnindonesia.com/nasional/20190125155346-32-363864/romi-soal-manfaat-ahok-untuk-jokowi-lebih-banyak-defisitnya,ADVERTISEMENT SCROLL TO CONTINUE WITH CONTENT
"Dugaan Jokowi Curi Start Kampanye, Bawaslu Panggil Alumni UI","Jumat, 25 Jan 2019 18:38 WIB",https://www.cnnindonesia.com/nasional/20190125165303-32-363886/dugaan-jokowi-curi-start-kampanye-bawaslu-panggil-alumni-ui,ADVERTISEMENT SCROLL TO CONTINUE WITH CONTENT
Romarhumuziy Ingin Ahok Tak Dilibatkan di Tim Jokowi,"Jumat, 25 Jan 2019 16:01 WIB",https://www.cnnindonesia.com/nasional/20190125140837-32-363827/romarhumuziy-ingin-ahok-tak-dilibatkan-di-tim-jokowi,ADVERTISEMENT SCROLL TO CONTINUE WITH CONTENT
Kubu Jokowi Tak Berencana Rekrut Ahok Jadi Tim Sukses,"Jumat, 25 Jan 2019 15:15 WIB",https://www.cnnindonesia.com/nasional/20190125135817-32-363801/kubu-jokowi-tak-berencana-rekrut-ahok-jadi-tim-sukses,ADVERTISEMENT SCROLL TO CONTINUE WITH CONTENT
TKN Bela Jokowi soal Pemberian Remisi untuk Pembunuh Wartawan,"Jumat, 25 Jan 2019 14:52 WIB",https://www.cnnindonesia.com/nasional/20190125135245-12-363803/tkn-bela-jokowi-soal-pemberian-remisi-untuk-pembunuh-wartawan,ADVERTISEMENT SCROLL TO CONTINUE WITH CONTENT
Mengunci Ahok Jadi Langkah Selamatkan Jokowi-Ma'ruf,"Jumat, 25 Jan 2019 12:51 WIB",https://www.cnnindonesia.com/nasional/20190125111132-32-363739/mengunci-ahok-jadi-langkah-selamatkan-jokowi-maruf,ADVERTISEMENT SCROLL TO CONTINUE WITH CONTENT
"Safari Politik di Jambi, Sandiaga Kunjungi Pasar hingga Hipmi","Jumat, 25 Jan 2019 08:36 WIB",https://www.cnnindonesia.com/nasional/20190125080409-32-363680/safari-politik-di-jambi-sandiaga-kunjungi-pasar-hingga-hipmi,ADVERTISEMENT SCROLL TO CONTINUE WITH CONTENT
Ma'ruf Amin Safari Politik ke 'Kandang' Prabowo di Kalsel,"Jumat, 25 Jan 2019 07:55 WIB",https://www.cnnindonesia.com/nasional/20190125073318-32-363676/maruf-amin-safari-politik-ke-kandang-prabowo-di-kalsel,ADVERTISEMENT SCROLL TO CONTINUE WITH CONTENT
"Debat Capres Kedua, Jokowi Dapat Bantuan Tim Pakar","Jumat, 25 Jan 2019 07:23 WIB",https://www.cnnindonesia.com/nasional/20190124193749-32-363617/debat-capres-kedua-jokowi-dapat-bantuan-tim-pakar,ADVERTISEMENT SCROLL TO CONTINUE WITH CONTENT
"Berambisi Menang, Ma'ruf Amin Akan Kembali Kunjungi Madura","Jumat, 25 Jan 2019 04:56 WIB",https://www.cnnindonesia.com/nasional/20190125032603-32-363665/berambisi-menang-maruf-amin-akan-kembali-kunjungi-madura,ADVERTISEMENT SCROLL TO CONTINUE WITH CONTENT
Ruhut Sebut Banyak Anggota TKN Jokowi-Ma'ruf Mau Ahok Gabung,"Jumat, 25 Jan 2019 04:33 WIB",https://www.cnnindonesia.com/nasional/20190125035730-32-363666/ruhut-sebut-banyak-anggota-tkn-jokowi-maruf-mau-ahok-gabung,ADVERTISEMENT SCROLL TO CONTINUE WITH CONTENT
Erick Thohir Bungkam Soal Petisi Dukungan Ketua Umum PSSI,"Kamis, 24 Jan 2019 22:43 WIB",https://www.cnnindonesia.com/olahraga/20190124161228-142-363515/erick-thohir-bungkam-soal-petisi-dukungan-ketua-umum-pssi,ADVERTISEMENT SCROLL TO CONTINUE WITH CONTENT
Ma'ruf Amin di Jatim: NU Kalau Tak Pilih 01 Keterlaluan,"Kamis, 24 Jan 2019 20:47 WIB",https://www.cnnindonesia.com/nasional/20190124203503-32-363638/maruf-amin-di-jatim-nu-kalau-tak-pilih-01-keterlaluan,ADVERTISEMENT SCROLL TO CONTINUE WITH CONTENT
Dubes Negara Uni Eropa Bertemu TKN Klarifikasi Isu Netralitas,"Kamis, 24 Jan 2019 18:31 WIB",https://www.cnnindonesia.com/nasional/20190124182015-32-363588/dubes-negara-uni-eropa-bertemu-tkn-klarifikasi-isu-netralitas,ADVERTISEMENT SCROLL TO CONTINUE WITH CONTENT
"Belum Berkonten, Puluhan Ribu Netizen Serbu Youtube Ahok","Kamis, 24 Jan 2019 18:25 WIB",https://www.cnnindonesia.com/teknologi/20190124181925-192-363572/belum-berkonten-puluhan-ribu-netizen-serbu-youtube-ahok,ADVERTISEMENT SCROLL TO CONTINUE WITH CONTENT
PPP Anggap Wajar Kader Merapat ke Kubu Prabowo,"Kamis, 24 Jan 2019 18:21 WIB",https://www.cnnindonesia.com/nasional/20190124174416-32-363555/ppp-anggap-wajar-kader-merapat-ke-kubu-prabowo,ADVERTISEMENT SCROLL TO CONTINUE WITH CONTENT
Timses Jokowi Dicecar Bawaslu soal Acara Deklarasi Alumni UI,"Kamis, 24 Jan 2019 17:52 WIB",https://www.cnnindonesia.com/nasional/20190124173038-32-363552/timses-jokowi-dicecar-bawaslu-soal-acara-deklarasi-alumni-ui,ADVERTISEMENT SCROLL TO CONTINUE WITH CONTENT
TKN Sebut Isu Esemka Strategi Kubu Prabowo Tiru Donald Trump,"Kamis, 24 Jan 2019 17:28 WIB",https://www.cnnindonesia.com/nasional/20190124171629-32-363545/tkn-sebut-isu-esemka-strategi-kubu-prabowo-tiru-donald-trump,ADVERTISEMENT SCROLL TO CONTINUE WITH CONTENT
Ma'ruf Amin Singgung Hak Ahok untuk Bebas dari Penjara,"Kamis, 24 Jan 2019 16:38 WIB",https://www.cnnindonesia.com/nasional/20190124162311-20-363513/maruf-amin-singgung-hak-ahok-untuk-bebas-dari-penjara,ADVERTISEMENT SCROLL TO CONTINUE WITH CONTENT
TKN Optimistis Jokowi Lebih Siap Hadapi Debat Lawan Prabowo,"Kamis, 24 Jan 2019 14:44 WIB",https://www.cnnindonesia.com/nasional/20190124133613-32-363461/tkn-optimistis-jokowi-lebih-siap-hadapi-debat-lawan-prabowo,ADVERTISEMENT SCROLL TO CONTINUE WITH CONTENT
TKN Sebut Belum Ada Rencana Pertemuan Ma'ruf dengan Ahok,"Kamis, 24 Jan 2019 13:39 WIB",https://www.cnnindonesia.com/nasional/20190124132734-32-363458/tkn-sebut-belum-ada-rencana-pertemuan-maruf-dengan-ahok,ADVERTISEMENT SCROLL TO CONTINUE WITH CONTENT
Kedekatan Ahok-Jokowi dan Batu Sandungan Dukungan di Pilpres,"Kamis, 24 Jan 2019 06:30 WIB",https://www.cnnindonesia.com/nasional/20190123170650-32-363225/kedekatan-ahok-jokowi-dan-batu-sandungan-dukungan-di-pilpres,ADVERTISEMENT SCROLL TO CONTINUE WITH CONTENT
TKN: Penundaan Bebas Ba'asyir Tanda Jokowi Tak Grasa-grusu,"Kamis, 24 Jan 2019 05:49 WIB",https://www.cnnindonesia.com/nasional/20190124054121-32-363330/tkn-penundaan-bebas-baasyir-tanda-jokowi-tak-grasa-grusu,ADVERTISEMENT SCROLL TO CONTINUE WITH CONTENT
Pengacara Ba'asyir Sebut Kapasitas Yusril Penasihat Jokowi,"Kamis, 24 Jan 2019 04:52 WIB",https://www.cnnindonesia.com/nasional/20190123205134-12-363296/pengacara-baasyir-sebut-kapasitas-yusril-penasihat-jokowi,ADVERTISEMENT SCROLL TO CONTINUE WITH CONTENT
Keluh Kesah Mega: Perempuan Indonesia Tak Mau Jadi Presiden,"Rabu, 23 Jan 2019 21:50 WIB",https://www.cnnindonesia.com/nasional/20190123184122-32-363257/keluh-kesah-mega-perempuan-indonesia-tak-mau-jadi-presiden,ADVERTISEMENT SCROLL TO CONTINUE WITH CONTENT
PDIP Harap Ahok Bergabung ke Gerbong Jokowi-Ma'ruf,"Rabu, 23 Jan 2019 20:17 WIB",https://www.cnnindonesia.com/nasional/20190123194451-32-363283/pdip-harap-ahok-bergabung-ke-gerbong-jokowi-maruf,ADVERTISEMENT SCROLL TO CONTINUE WITH CONTENT
"Survei Indikator Politik: PDIP Tertinggi, PSI Paling Buncit","Rabu, 23 Jan 2019 18:50 WIB",https://www.cnnindonesia.com/nasional/20190123181242-32-363250/survei-indikator-politik-pdip-tertinggi-psi-paling-buncit,ADVERTISEMENT SCROLL TO CONTINUE WITH CONTENT
Jokowi ke Mega di Tahun Politik: Selamat Ulang Tahun ke-71+1,"Rabu, 23 Jan 2019 18:27 WIB",https://www.cnnindonesia.com/nasional/20190123180330-32-363234/jokowi-ke-mega-di-tahun-politik-selamat-ulang-tahun-ke-71-1,ADVERTISEMENT SCROLL TO CONTINUE WITH CONTENT
Cerita Warga Pilih Golput karena Jokowi Gandeng Ma'ruf Amin,"Rabu, 23 Jan 2019 18:08 WIB",https://www.cnnindonesia.com/nasional/20190123154016-32-363228/cerita-warga-pilih-golput-karena-jokowi-gandeng-maruf-amin,ADVERTISEMENT SCROLL TO CONTINUE WITH CONTENT
Survei: PPP dan Hanura Paling Banyak Terbelah ke Kubu Prabowo,"Rabu, 23 Jan 2019 17:58 WIB",https://www.cnnindonesia.com/nasional/20190123174622-32-363231/survei-ppp-dan-hanura-paling-banyak-terbelah-ke-kubu-prabowo,ADVERTISEMENT SCROLL TO CONTINUE WITH CONTENT
Kemenpora: PSSI Harus Steril dari Tokoh Politik,"Rabu, 23 Jan 2019 15:45 WIB",https://www.cnnindonesia.com/olahraga/20190123144600-142-363130/kemenpora-pssi-harus-steril-dari-tokoh-politik,ADVERTISEMENT SCROLL TO CONTINUE WITH CONTENT
Jokowi-JK Hadiri Perayaan Ulang Tahun ke-72 Megawati,"Rabu, 23 Jan 2019 15:20 WIB",https://www.cnnindonesia.com/nasional/20190123151203-32-363148/jokowi-jk-hadiri-perayaan-ulang-tahun-ke-72-megawati,ADVERTISEMENT SCROLL TO CONTINUE WITH CONTENT
Ulama Banten Minta Masyarakat Kembali Pilih Jokowi di Pilpres,"Rabu, 23 Jan 2019 14:48 WIB",https://www.cnnindonesia.com/nasional/20190123140225-32-363108/ulama-banten-minta-masyarakat-kembali-pilih-jokowi-di-pilpres,ADVERTISEMENT SCROLL TO CONTINUE WITH CONTENT
Tim Prabowo Polisikan Tabloid Indonesia Barokah,"Rabu, 23 Jan 2019 13:46 WIB",https://www.cnnindonesia.com/nasional/20190123131032-32-363098/tim-prabowo-polisikan-tabloid-indonesia-barokah,ADVERTISEMENT SCROLL TO CONTINUE WITH CONTENT
BPN soal Sabun Rp2 M: Jokowi Campurkan Negara dan Kampanye,"Rabu, 23 Jan 2019 13:44 WIB",https://www.cnnindonesia.com/nasional/20190123131546-32-363096/bpn-soal-sabun-rp2-m-jokowi-campurkan-negara-dan-kampanye,ADVERTISEMENT SCROLL TO CONTINUE WITH CONTENT
Bawaslu: Dana Kampanye Boleh Dipakai untuk Beli Sabun Rp2 M,"Rabu, 23 Jan 2019 12:07 WIB",https://www.cnnindonesia.com/nasional/20190123115434-32-363077/bawaslu-dana-kampanye-boleh-dipakai-untuk-beli-sabun-rp2-m,ADVERTISEMENT SCROLL TO CONTINUE WITH CONTENT
BPN: Prabowo Lebih Tahu Teroris dari Siapapun di Negeri Ini,"Rabu, 23 Jan 2019 11:15 WIB",https://www.cnnindonesia.com/nasional/20190123105447-32-363055/bpn-prabowo-lebih-tahu-teroris-dari-siapapun-di-negeri-ini,ADVERTISEMENT SCROLL TO CONTINUE WITH CONTENT
Menyoal Netralitas Polri atas Penegakan Hukum Tahun Politik,"Rabu, 23 Jan 2019 08:55 WIB",https://www.cnnindonesia.com/nasional/20190123075225-12-363019/menyoal-netralitas-polri-atas-penegakan-hukum-tahun-politik,ADVERTISEMENT SCROLL TO CONTINUE WITH CONTENT
Yusril: Jokowi Minta Pembebasan Ba'asyir Dimudahkan,"Rabu, 23 Jan 2019 08:17 WIB",https://www.cnnindonesia.com/nasional/20190122201515-12-362943/yusril-jokowi-minta-pembebasan-baasyir-dimudahkan,ADVERTISEMENT SCROLL TO CONTINUE WITH CONTENT
"Ma'ruf Safari di Jatim, Sandi ke Sentra Sepatu Cibaduyut","Rabu, 23 Jan 2019 07:47 WIB",https://www.cnnindonesia.com/nasional/20190123072727-32-363015/maruf-safari-di-jatim-sandi-ke-sentra-sepatu-cibaduyut,ADVERTISEMENT SCROLL TO CONTINUE WITH CONTENT
Said Aqil: 14 Ormas Islam Doakan Jokowi Menang,"Rabu, 23 Jan 2019 06:12 WIB",https://www.cnnindonesia.com/nasional/20190123033201-32-362991/said-aqil-14-ormas-islam-doakan-jokowi-menang,ADVERTISEMENT SCROLL TO CONTINUE WITH CONTENT
"BPN Sebut Skor Debat Perdana 2-1, Prabowo-Sandi Unggul","Rabu, 23 Jan 2019 04:20 WIB",https://www.cnnindonesia.com/nasional/20190122183929-32-362915/bpn-sebut-skor-debat-perdana-2-1-prabowo-sandi-unggul,ADVERTISEMENT SCROLL TO CONTINUE WITH CONTENT
TKN Anggap Janggal Kalau Ma'ruf Banyak Bicara di Debat Capres,"Rabu, 23 Jan 2019 04:10 WIB",https://www.cnnindonesia.com/nasional/20190123024459-32-362988/tkn-anggap-janggal-kalau-maruf-banyak-bicara-di-debat-capres,ADVERTISEMENT SCROLL TO CONTINUE WITH CONTENT
KPU Tegaskan Moderator Debat Dirapatkan Bersama Dua Kubu,"Rabu, 23 Jan 2019 00:36 WIB",https://www.cnnindonesia.com/nasional/20190122163611-32-362862/kpu-tegaskan-moderator-debat-dirapatkan-bersama-dua-kubu,ADVERTISEMENT SCROLL TO CONTINUE WITH CONTENT
"Jokowi Borong Sabun Rp2 Miliar, Bawaslu Akan Cek ke Lapangan","Selasa, 22 Jan 2019 21:26 WIB",https://www.cnnindonesia.com/nasional/20190122204633-32-362957/jokowi-borong-sabun-rp2-miliar-bawaslu-akan-cek-ke-lapangan,ADVERTISEMENT SCROLL TO CONTINUE WITH CONTENT
TKN Akui Gelontorkan Rp2 Miliar untuk Jokowi Borong Sabun,"Selasa, 22 Jan 2019 20:18 WIB",https://www.cnnindonesia.com/nasional/20190122194434-32-362937/tkn-akui-gelontorkan-rp2-miliar-untuk-jokowi-borong-sabun,ADVERTISEMENT SCROLL TO CONTINUE WITH CONTENT
JK Sebut Jokowi Dikritik soal Sabun Rp2 Miliar karena Pilpres,"Selasa, 22 Jan 2019 19:58 WIB",https://www.cnnindonesia.com/nasional/20190122182329-32-362909/jk-sebut-jokowi-dikritik-soal-sabun-rp2-miliar-karena-pilpres,ADVERTISEMENT SCROLL TO CONTINUE WITH CONTENT
Tim Prabowo Bantah Tolak Najwa Shihab Moderator Debat Capres,"Selasa, 22 Jan 2019 17:18 WIB",https://www.cnnindonesia.com/nasional/20190122161421-32-362854/tim-prabowo-bantah-tolak-najwa-shihab-moderator-debat-capres,ADVERTISEMENT SCROLL TO CONTINUE WITH CONTENT
"Usai Hilang, Wabup Trenggalek Ikut Istigasah Bareng Ma'ruf","Selasa, 22 Jan 2019 15:50 WIB",https://www.cnnindonesia.com/nasional/20190122151845-20-362829/usai-hilang-wabup-trenggalek-ikut-istigasah-bareng-maruf,ADVERTISEMENT SCROLL TO CONTINUE WITH CONTENT
Sejumlah Klub Liga 1 Dukung Erick Thohir Jadi Ketua Umum PSSI,"Selasa, 22 Jan 2019 15:27 WIB",https://www.cnnindonesia.com/olahraga/20190122145228-142-362821/sejumlah-klub-liga-1-dukung-erick-thohir-jadi-ketua-umum-pssi,ADVERTISEMENT SCROLL TO CONTINUE WITH CONTENT
Pengamat: Erick Thohir dan Ahok Tak Cocok Jadi Ketua PSSI,"Selasa, 22 Jan 2019 14:08 WIB",https://www.cnnindonesia.com/olahraga/20190122134958-142-362791/pengamat-erick-thohir-dan-ahok-tak-cocok-jadi-ketua-pssi,ADVERTISEMENT SCROLL TO CONTINUE WITH CONTENT
KPU Siapkan Formasi Debat Agar Cawapres Aktif,"Selasa, 22 Jan 2019 13:43 WIB",https://www.cnnindonesia.com/nasional/20190122133343-32-362777/kpu-siapkan-formasi-debat-agar-cawapres-aktif,ADVERTISEMENT SCROLL TO CONTINUE WITH CONTENT
Fadli Zon Klaim Elektabilitas Jokowi-Prabowo Selisih 4 Persen,"Selasa, 22 Jan 2019 12:18 WIB",https://www.cnnindonesia.com/nasional/20190122120128-32-362747/fadli-zon-klaim-elektabilitas-jokowi-prabowo-selisih-4-persen,ADVERTISEMENT SCROLL TO CONTINUE WITH CONTENT
Jubir TKN Curiga Survei Median untuk Bangun Framing Politik,"Selasa, 22 Jan 2019 11:30 WIB",https://www.cnnindonesia.com/nasional/20190122104458-32-362715/jubir-tkn-curiga-survei-median-untuk-bangun-framing-politik,ADVERTISEMENT SCROLL TO CONTINUE WITH CONTENT
Yusril dan Bola Liar Pembebasan Abu Bakar Ba'asyir,"Selasa, 22 Jan 2019 11:10 WIB",https://www.cnnindonesia.com/nasional/20190122102523-12-362709/yusril-dan-bola-liar-pembebasan-abu-bakar-baasyir,ADVERTISEMENT SCROLL TO CONTINUE WITH CONTENT
Ahok sang Pemicu Rentetan Aksi Bela Islam dan Nama Besar 212,"Selasa, 22 Jan 2019 09:48 WIB",https://www.cnnindonesia.com/nasional/20190115135955-32-360979/ahok-sang-pemicu-rentetan-aksi-bela-islam-dan-nama-besar-212,ADVERTISEMENT SCROLL TO CONTINUE WITH CONTENT
TKN dan BPN Usulkan Panelis Debat Bukan Kalangan Pemerintah,"Selasa, 22 Jan 2019 08:39 WIB",https://www.cnnindonesia.com/nasional/20190121202734-32-362631/tkn-dan-bpn-usulkan-panelis-debat-bukan-kalangan-pemerintah,ADVERTISEMENT SCROLL TO CONTINUE WITH CONTENT
Ma'ruf Lanjutkan Safari Politik di Wilayah 'Mataraman' Jatim,"Selasa, 22 Jan 2019 08:04 WIB",https://www.cnnindonesia.com/nasional/20190122073428-32-362684/maruf-lanjutkan-safari-politik-di-wilayah-mataraman-jatim,ADVERTISEMENT SCROLL TO CONTINUE WITH CONTENT
Tim Jokowi: Ma'ruf Lebih Jago Debat Ketimbang Sandiaga,"Senin, 21 Jan 2019 20:57 WIB",https://www.cnnindonesia.com/nasional/20190121204530-32-362633/tim-jokowi-maruf-lebih-jago-debat-ketimbang-sandiaga,ADVERTISEMENT SCROLL TO CONTINUE WITH CONTENT
Hasto: Jokowi Tak Perlu Bisikan Konsultan Asing untuk Debat,"Senin, 21 Jan 2019 20:28 WIB",https://www.cnnindonesia.com/nasional/20190121201457-32-362614/hasto-jokowi-tak-perlu-bisikan-konsultan-asing-untuk-debat,ADVERTISEMENT SCROLL TO CONTINUE WITH CONTENT
Responden Median Tak Setuju Reuni 212 Pecah Belah Bangsa,"Senin, 21 Jan 2019 19:16 WIB",https://www.cnnindonesia.com/nasional/20190121173255-32-362572/responden-median-tak-setuju-reuni-212-pecah-belah-bangsa,ADVERTISEMENT SCROLL TO CONTINUE WITH CONTENT
"TKN Siap Debat Tanpa Bocoran, BPN Minta Tanpa Contekan","Senin, 21 Jan 2019 18:21 WIB",https://www.cnnindonesia.com/nasional/20190121175612-32-362570/tkn-siap-debat-tanpa-bocoran-bpn-minta-tanpa-contekan,ADVERTISEMENT SCROLL TO CONTINUE WITH CONTENT
Median: Elektabilitas Jokowi dan Prabowo Selisih 1 Digit,"Senin, 21 Jan 2019 15:49 WIB",https://www.cnnindonesia.com/nasional/20190121141510-32-362482/median-elektabilitas-jokowi-dan-prabowo-selisih-1-digit,ADVERTISEMENT SCROLL TO CONTINUE WITH CONTENT
Politik Sabun Cuci Rp2 Miliar ala Jokowi,"Senin, 21 Jan 2019 13:01 WIB",https://www.cnnindonesia.com/nasional/20190121121310-32-362452/politik-sabun-cuci-rp2-miliar-ala-jokowi,ADVERTISEMENT SCROLL TO CONTINUE WITH CONTENT
Kronologi Pemukulan Kader PBB Saat Bahas Dukungan Pilpres,"Senin, 21 Jan 2019 11:55 WIB",https://www.cnnindonesia.com/nasional/20190121114229-20-362434/kronologi-pemukulan-kader-pbb-saat-bahas-dukungan-pilpres,ADVERTISEMENT SCROLL TO CONTINUE WITH CONTENT
Ma'ruf Amin Kunjungi Banten dan Jatim Hari Ini,"Senin, 21 Jan 2019 07:36 WIB",https://www.cnnindonesia.com/nasional/20190121071646-32-362368/maruf-amin-kunjungi-banten-dan-jatim-hari-ini,ADVERTISEMENT SCROLL TO CONTINUE WITH CONTENT
Kader PBB Dipukuli Gara-gara Status Medsos soal Yusril,"Senin, 21 Jan 2019 07:12 WIB",https://www.cnnindonesia.com/nasional/20190121070522-20-362367/kader-pbb-dipukuli-gara-gara-status-medsos-soal-yusril,ADVERTISEMENT SCROLL TO CONTINUE WITH CONTENT
Debat Capres Perdana soal HAM Dinilai Terlalu Retoris,"Senin, 21 Jan 2019 00:26 WIB",https://www.cnnindonesia.com/nasional/20190120205017-32-362330/debat-capres-perdana-soal-ham-dinilai-terlalu-retoris,ADVERTISEMENT SCROLL TO CONTINUE WITH CONTENT
Ma'ruf Nilai Australia Tak Berhak Intervensi Kasus Ba'asyir,"Minggu, 20 Jan 2019 23:26 WIB",https://www.cnnindonesia.com/nasional/20190120215132-12-362332/maruf-nilai-australia-tak-berhak-intervensi-kasus-baasyir,ADVERTISEMENT SCROLL TO CONTINUE WITH CONTENT
PDIP Respons Fadli Zon soal Jokowi Jangan Klaim Infrastruktur,"Minggu, 20 Jan 2019 19:14 WIB",https://www.cnnindonesia.com/nasional/20190120182308-32-362312/pdip-respons-fadli-zon-soal-jokowi-jangan-klaim-infrastruktur,ADVERTISEMENT SCROLL TO CONTINUE WITH CONTENT
Kubu Jokowi Target Menang Hingga 60 Persen di Bandung Raya,"Minggu, 20 Jan 2019 17:47 WIB",https://www.cnnindonesia.com/nasional/20190120151416-32-362282/kubu-jokowi-target-menang-hingga-60-persen-di-bandung-raya,ADVERTISEMENT SCROLL TO CONTINUE WITH CONTENT
Ma'ruf Sebut Petani Tak Dapat Nilai Tambah Kopi dan Cokelat,"Minggu, 20 Jan 2019 17:27 WIB",https://www.cnnindonesia.com/nasional/20190120165653-32-362297/maruf-sebut-petani-tak-dapat-nilai-tambah-kopi-dan-cokelat,ADVERTISEMENT SCROLL TO CONTINUE WITH CONTENT
Tanpa Kisi-kisi Debat Capres Dinilai Lebih Apa Adanya,"Minggu, 20 Jan 2019 15:00 WIB",https://www.cnnindonesia.com/nasional/20190120124632-32-362248/tanpa-kisi-kisi-debat-capres-dinilai-lebih-apa-adanya,ADVERTISEMENT SCROLL TO CONTINUE WITH CONTENT
Tim Jokowi Sebut MUI dan NU Ikut Gerilya di Basis Prabowo,"Minggu, 20 Jan 2019 14:43 WIB",https://www.cnnindonesia.com/nasional/20190120142401-32-362277/tim-jokowi-sebut-mui-dan-nu-ikut-gerilya-di-basis-prabowo,ADVERTISEMENT SCROLL TO CONTINUE WITH CONTENT
"Jokowi Beli Sabun Cuci Rp2 Miliar, TKN Sebut Bukan Sandiwara","Minggu, 20 Jan 2019 14:02 WIB",https://www.cnnindonesia.com/nasional/20190120135451-32-362274/jokowi-beli-sabun-cuci-rp2-miliar-tkn-sebut-bukan-sandiwara,ADVERTISEMENT SCROLL TO CONTINUE WITH CONTENT
Pengamat: Hoaks Buat Elektabilitas Prabowo-Sandi Stagnan,"Minggu, 20 Jan 2019 13:40 WIB",https://www.cnnindonesia.com/nasional/20190120111616-32-362244/pengamat-hoaks-buat-elektabilitas-prabowo-sandi-stagnan,ADVERTISEMENT SCROLL TO CONTINUE WITH CONTENT
Ma'ruf Akui Usulkan Pembebasan Ba'asyir ke Jokowi sejak 2018,"Minggu, 20 Jan 2019 11:59 WIB",https://www.cnnindonesia.com/nasional/20190120114250-12-362245/maruf-akui-usulkan-pembebasan-baasyir-ke-jokowi-sejak-2018,ADVERTISEMENT SCROLL TO CONTINUE WITH CONTENT
Skor Imbang Petahana FC vs Oposisi United di Debat Capres,"Minggu, 20 Jan 2019 09:28 WIB",https://www.cnnindonesia.com/olahraga/20190119160356-143-362157/skor-imbang-petahana-fc-vs-oposisi-united-di-debat-capres,ADVERTISEMENT SCROLL TO CONTINUE WITH CONTENT
"Saingi Sandiaga, Ma'ruf Wujudkan 'Santripreneur'","Minggu, 20 Jan 2019 06:22 WIB",https://www.cnnindonesia.com/nasional/20190119234953-32-362210/saingi-sandiaga-maruf-wujudkan-santripreneur,ADVERTISEMENT SCROLL TO CONTINUE WITH CONTENT
Ma'ruf Amin Sebut Hoaks Sama dengan Tsunami Teknologi,"Minggu, 20 Jan 2019 03:12 WIB",https://www.cnnindonesia.com/nasional/20190119180257-32-362178/maruf-amin-sebut-hoaks-sama-dengan-tsunami-teknologi,ADVERTISEMENT SCROLL TO CONTINUE WITH CONTENT
Santri Ngariung Ponpes Jabar Deklarasi Dukungan Jokowi-Ma'ruf,"Minggu, 20 Jan 2019 01:41 WIB",https://www.cnnindonesia.com/nasional/20190120011222-20-362217/santri-ngariung-ponpes-jabar-deklarasi-dukungan-jokowi-maruf,ADVERTISEMENT SCROLL TO CONTINUE WITH CONTENT
"Dukung KPU, BPN Sebut Debat Capres Hambar karena Bocoran Soal","Sabtu, 19 Jan 2019 22:40 WIB",https://www.cnnindonesia.com/nasional/20190119195444-32-362198/dukung-kpu-bpn-sebut-debat-capres-hambar-karena-bocoran-soal,ADVERTISEMENT SCROLL TO CONTINUE WITH CONTENT
"Ma'ruf: Kalau Tak Menang di Jabar, Rakyat Pasundan Malu","Sabtu, 19 Jan 2019 18:38 WIB",https://www.cnnindonesia.com/nasional/20190119151634-32-362144/maruf-kalau-tak-menang-di-jabar-rakyat-pasundan-malu,ADVERTISEMENT SCROLL TO CONTINUE WITH CONTENT
Ma'ruf Amin Disebut Pernah Usul ke Jokowi Bebaskan Ba'asyir,"Sabtu, 19 Jan 2019 16:22 WIB",https://www.cnnindonesia.com/nasional/20190119153830-12-362148/maruf-amin-disebut-pernah-usul-ke-jokowi-bebaskan-baasyir,ADVERTISEMENT SCROLL TO CONTINUE WITH CONTENT
Timses Jokowi Hormati KPU Setop Bocorkan Soal Debat Capres,"Sabtu, 19 Jan 2019 15:16 WIB",https://www.cnnindonesia.com/nasional/20190119144913-32-362140/timses-jokowi-hormati-kpu-setop-bocorkan-soal-debat-capres,ADVERTISEMENT SCROLL TO CONTINUE WITH CONTENT
BPN Prabowo dan TKN Jokowi Minta KPU Setop Bocoran Soal Debat,"Sabtu, 19 Jan 2019 13:51 WIB",https://www.cnnindonesia.com/nasional/20190119131825-32-362133/bpn-prabowo-dan-tkn-jokowi-minta-kpu-setop-bocoran-soal-debat,ADVERTISEMENT SCROLL TO CONTINUE WITH CONTENT
PDIP Klaim Aksi Joget Prabowo di Debat Untungkan Jokowi,"Sabtu, 19 Jan 2019 10:56 WIB",https://www.cnnindonesia.com/nasional/20190119103430-32-362118/pdip-klaim-aksi-joget-prabowo-di-debat-untungkan-jokowi,ADVERTISEMENT SCROLL TO CONTINUE WITH CONTENT
Komnas HAM Tunggu Para Capres Bicara Kasus HAM Berat,"Jumat, 18 Jan 2019 22:45 WIB",https://www.cnnindonesia.com/nasional/20190118181910-32-362032/komnas-ham-tunggu-para-capres-bicara-kasus-ham-berat,ADVERTISEMENT SCROLL TO CONTINUE WITH CONTENT
Kesalahan Data Prabowo Disebut Strategi Picu 'Distrust',"Jumat, 18 Jan 2019 21:26 WIB",https://www.cnnindonesia.com/nasional/20190118185059-32-362042/kesalahan-data-prabowo-disebut-strategi-picu-distrust,ADVERTISEMENT SCROLL TO CONTINUE WITH CONTENT
Mengukur Penguasaan Materi Debat Jokowi dan Prabowo,"Jumat, 18 Jan 2019 21:20 WIB",https://www.cnnindonesia.com/nasional/20190118205340-32-362077/mengukur-penguasaan-materi-debat-jokowi-dan-prabowo,ADVERTISEMENT SCROLL TO CONTINUE WITH CONTENT
Trafik Telkomsel dan XL Melonjak Saat Debat Pilpres Perdana,"Jumat, 18 Jan 2019 20:57 WIB",https://www.cnnindonesia.com/teknologi/20190118204605-213-362076/trafik-telkomsel-dan-xl-melonjak-saat-debat-pilpres-perdana,ADVERTISEMENT SCROLL TO CONTINUE WITH CONTENT
BahasaKita Bikin Perekaman Debat Capres dalam Hitungan Jam,"Jumat, 18 Jan 2019 19:59 WIB",https://www.cnnindonesia.com/teknologi/20190118145957-185-361934/bahasakita-bikin-perekaman-debat-capres-dalam-hitungan-jam,ADVERTISEMENT SCROLL TO CONTINUE WITH CONTENT
Arti Sontekan Jokowi-Ma'ruf dan Prabowo-Sandi di Debat Capres,"Jumat, 18 Jan 2019 19:57 WIB",https://www.cnnindonesia.com/nasional/20190118182945-32-362036/arti-sontekan-jokowi-maruf-dan-prabowo-sandi-di-debat-capres,ADVERTISEMENT SCROLL TO CONTINUE WITH CONTENT
Kubu Prabowo Usul Paslon Dilarang Bawa Sontekan Saat Debat,"Jumat, 18 Jan 2019 19:19 WIB",https://www.cnnindonesia.com/nasional/20190118190330-32-362045/kubu-prabowo-usul-paslon-dilarang-bawa-sontekan-saat-debat,ADVERTISEMENT SCROLL TO CONTINUE WITH CONTENT
Kubu Jokowi Minta Prabowo Buka Data Kebocoran Kekayaan Negara,"Jumat, 18 Jan 2019 18:38 WIB",https://www.cnnindonesia.com/nasional/20190118173140-32-362004/kubu-jokowi-minta-prabowo-buka-data-kebocoran-kekayaan-negara,ADVERTISEMENT SCROLL TO CONTINUE WITH CONTENT
Penjelasan BPN soal Pemimpin Penegak Hukum-nya Prabowo,"Jumat, 18 Jan 2019 18:15 WIB",https://www.cnnindonesia.com/nasional/20190118171129-32-362006/penjelasan-bpn-soal-pemimpin-penegak-hukum-nya-prabowo,ADVERTISEMENT SCROLL TO CONTINUE WITH CONTENT
Fahri Hamzah: Ma'ruf Amin Tersandera Sontekan,"Jumat, 18 Jan 2019 18:00 WIB",https://www.cnnindonesia.com/nasional/20190118171110-32-361993/fahri-hamzah-maruf-amin-tersandera-sontekan,ADVERTISEMENT SCROLL TO CONTINUE WITH CONTENT
"Usai Debat Capres Perdana, Jokowi Mengaku Puas","Jumat, 18 Jan 2019 17:28 WIB",https://www.cnnindonesia.com/nasional/20190118152257-32-361947/usai-debat-capres-perdana-jokowi-mengaku-puas,ADVERTISEMENT SCROLL TO CONTINUE WITH CONTENT
KPU Buka Peluang Ubah Format Debat Pilpres 2019,"Jumat, 18 Jan 2019 16:45 WIB",https://www.cnnindonesia.com/nasional/20190118145319-32-361929/kpu-buka-peluang-ubah-format-debat-pilpres-2019,ADVERTISEMENT SCROLL TO CONTINUE WITH CONTENT
Ratna Sarumpaet Bikin Jokowi Dominan di Media Sosial,"Jumat, 18 Jan 2019 16:32 WIB",https://www.cnnindonesia.com/teknologi/20190118152721-185-361958/ratna-sarumpaet-bikin-jokowi-dominan-di-media-sosial,ADVERTISEMENT SCROLL TO CONTINUE WITH CONTENT
TKN: Prabowo Tak Paham soal Presiden Penegak Hukum Tertinggi,"Jumat, 18 Jan 2019 15:44 WIB",https://www.cnnindonesia.com/nasional/20190118151946-32-361953/tkn-prabowo-tak-paham-soal-presiden-penegak-hukum-tertinggi,ADVERTISEMENT SCROLL TO CONTINUE WITH CONTENT
"Usai Debat Capres, Ma'ruf Terima Dukungan Aliansi Kiai Madura","Jumat, 18 Jan 2019 14:33 WIB",https://www.cnnindonesia.com/nasional/20190118140646-32-361913/usai-debat-capres-maruf-terima-dukungan-aliansi-kiai-madura,ADVERTISEMENT SCROLL TO CONTINUE WITH CONTENT
PKS Nilai Debat Pilpres 2014 Lebih Gereget,"Jumat, 18 Jan 2019 14:19 WIB",https://www.cnnindonesia.com/nasional/20190118133215-32-361906/pks-nilai-debat-pilpres-2014-lebih-gereget,ADVERTISEMENT SCROLL TO CONTINUE WITH CONTENT
"Twitter Catat 1,3 Juta Cuitan Saat #DebatPilpres2019","Jumat, 18 Jan 2019 14:01 WIB",https://www.cnnindonesia.com/teknologi/20190118134315-192-361905/twitter-catat-13-juta-cuitan-saat-debatpilpres2019,ADVERTISEMENT SCROLL TO CONTINUE WITH CONTENT
Ma'ruf Amin Ungkap Alasan Banyak Terdiam saat Debat Capres,"Jumat, 18 Jan 2019 13:17 WIB",https://www.cnnindonesia.com/nasional/20190118124928-32-361894/maruf-amin-ungkap-alasan-banyak-terdiam-saat-debat-capres,ADVERTISEMENT SCROLL TO CONTINUE WITH CONTENT
Prabowo Larang Sandi Serang Jokowi dengan Kasus Novel,"Jumat, 18 Jan 2019 12:22 WIB",https://www.cnnindonesia.com/nasional/20190118121332-32-361888/prabowo-larang-sandi-serang-jokowi-dengan-kasus-novel,ADVERTISEMENT SCROLL TO CONTINUE WITH CONTENT
Debat Perdana Capres Jadi Buah Bibir di Media Sosial,"Jumat, 18 Jan 2019 11:55 WIB",https://www.cnnindonesia.com/teknologi/20190118114200-192-361881/debat-perdana-capres-jadi-buah-bibir-di-media-sosial,ADVERTISEMENT SCROLL TO CONTINUE WITH CONTENT
Rocky Gerung: Debat Capres 'Hafalan' Tidak Layak Ditonton,"Jumat, 18 Jan 2019 11:19 WIB",https://www.cnnindonesia.com/nasional/20190118101215-32-361863/rocky-gerung-debat-capres-hafalan-tidak-layak-ditonton,ADVERTISEMENT SCROLL TO CONTINUE WITH CONTENT
Ulasan Debat Capres: 'Keheningan' Ma'ruf Amin Perlu Evaluasi,"Jumat, 18 Jan 2019 10:02 WIB",https://www.cnnindonesia.com/nasional/20190118094422-32-361856/ulasan-debat-capres-keheningan-maruf-amin-perlu-evaluasi,ADVERTISEMENT SCROLL TO CONTINUE WITH CONTENT
Mengingat Janji Tim Jokowi Tak Serang Prabowo di Debat Capres,"Jumat, 18 Jan 2019 08:57 WIB",https://www.cnnindonesia.com/nasional/20190118083713-32-361839/mengingat-janji-tim-jokowi-tak-serang-prabowo-di-debat-capres,ADVERTISEMENT SCROLL TO CONTINUE WITH CONTENT
Makna di Balik Naik-Turun Alis Jokowi dan Aksi Joget Prabowo,"Jumat, 18 Jan 2019 08:21 WIB",https://www.cnnindonesia.com/nasional/20190118075943-32-361836/makna-di-balik-naik-turun-alis-jokowi-dan-aksi-joget-prabowo,ADVERTISEMENT SCROLL TO CONTINUE WITH CONTENT
Ulasan Debat Capres: Jokowi dan Prabowo Masih Miskin Gagasan,"Jumat, 18 Jan 2019 07:03 WIB",https://www.cnnindonesia.com/nasional/20190117231800-32-361810/ulasan-debat-capres-jokowi-dan-prabowo-masih-miskin-gagasan,ADVERTISEMENT SCROLL TO CONTINUE WITH CONTENT
"Ulasan Debat Capres: Prabowo Lebih Santai, Jokowi Emosional","Jumat, 18 Jan 2019 06:44 WIB",https://www.cnnindonesia.com/nasional/20190117233958-32-361812/ulasan-debat-capres-prabowo-lebih-santai-jokowi-emosional,ADVERTISEMENT SCROLL TO CONTINUE WITH CONTENT
Tim Jokowi Sebut Prabowo Blunder soal 'Korupsi Tak Seberapa',"Jumat, 18 Jan 2019 06:00 WIB",https://www.cnnindonesia.com/nasional/20190118021132-32-361823/tim-jokowi-sebut-prabowo-blunder-soal-korupsi-tak-seberapa,ADVERTISEMENT SCROLL TO CONTINUE WITH CONTENT
BPN Prabowo Merasa Diserang Jokowi dalam Debat,"Jumat, 18 Jan 2019 05:20 WIB",https://www.cnnindonesia.com/nasional/20190118051505-32-361830/bpn-prabowo-merasa-diserang-jokowi-dalam-debat,ADVERTISEMENT SCROLL TO CONTINUE WITH CONTENT
Yenny Wahid: Ma'ruf Penyeimbang Perspektif Jokowi dalam Debat,"Jumat, 18 Jan 2019 04:02 WIB",https://www.cnnindonesia.com/nasional/20190118035704-32-361828/yenny-wahid-maruf-penyeimbang-perspektif-jokowi-dalam-debat,ADVERTISEMENT SCROLL TO CONTINUE WITH CONTENT
TKN Bakal Evaluasi Manajemen Waktu Ma'ruf Amin dalam Debat,"Jumat, 18 Jan 2019 01:18 WIB",https://www.cnnindonesia.com/nasional/20190118010925-32-361820/tkn-bakal-evaluasi-manajemen-waktu-maruf-amin-dalam-debat,ADVERTISEMENT SCROLL TO CONTINUE WITH CONTENT
Erick Thohir Sebut Jokowi Jadi Imam yang Baik dalam Debat,"Jumat, 18 Jan 2019 00:58 WIB",https://www.cnnindonesia.com/nasional/20190118005317-32-361818/erick-thohir-sebut-jokowi-jadi-imam-yang-baik-dalam-debat,ADVERTISEMENT SCROLL TO CONTINUE WITH CONTENT
TKN Akui Ma'ruf Sedikit Berbicara Sesuai Pembagian Tugas,"Jumat, 18 Jan 2019 00:50 WIB",https://www.cnnindonesia.com/nasional/20190118004436-32-361817/tkn-akui-maruf-sedikit-berbicara-sesuai-pembagian-tugas,ADVERTISEMENT SCROLL TO CONTINUE WITH CONTENT
TKN Nilai Jokowi Unggul 3-1 dari Prabowo dalam Debat Perdana,"Jumat, 18 Jan 2019 00:11 WIB",https://www.cnnindonesia.com/nasional/20190118000512-32-361815/tkn-nilai-jokowi-unggul-3-1-dari-prabowo-dalam-debat-perdana,ADVERTISEMENT SCROLL TO CONTINUE WITH CONTENT
Amien Rais: Yang Menonjol Itu Hampir Tak Ada Peran Ma'ruf,"Jumat, 18 Jan 2019 00:01 WIB",https://www.cnnindonesia.com/nasional/20190117233651-32-361814/amien-rais-yang-menonjol-itu-hampir-tak-ada-peran-maruf,ADVERTISEMENT SCROLL TO CONTINUE WITH CONTENT
Prabowo Ogah Berkomentar Usai Debat Perdana,"Kamis, 17 Jan 2019 23:56 WIB",https://www.cnnindonesia.com/nasional/20190117235114-32-361813/prabowo-ogah-berkomentar-usai-debat-perdana,ADVERTISEMENT SCROLL TO CONTINUE WITH CONTENT
TKN: JokowiUppercutPrabowo dalam Debat,"Kamis, 17 Jan 2019 23:43 WIB",https://www.cnnindonesia.com/nasional/20190117233417-32-361811/tkn-jokowi-uppercut-prabowo-dalam-debat,ADVERTISEMENT SCROLL TO CONTINUE WITH CONTENT
JK Bela Ma'ruf Amin soal 'Keheningan' di Debat Pilpres,"Kamis, 17 Jan 2019 23:26 WIB",https://www.cnnindonesia.com/nasional/20190117230908-32-361792/jk-bela-maruf-amin-soal-keheningan-di-debat-pilpres,ADVERTISEMENT SCROLL TO CONTINUE WITH CONTENT
OSO Sebut Ma'ruf Hebat Bisa Tahan Diri dalam Debat,"Kamis, 17 Jan 2019 23:23 WIB",https://www.cnnindonesia.com/nasional/20190117231058-32-361793/oso-sebut-maruf-hebat-bisa-tahan-diri-dalam-debat,ADVERTISEMENT SCROLL TO CONTINUE WITH CONTENT
Ragam Makna Aksi Cium Tangan Seperti Sandi-Ma'ruf,Tanggal tidak ditemukan,https://www.cnnindonesia.com/gaya-hidup/20190117230308-284-361790/ragam-makna-aksi-cium-tangan-seperti-sandi-maruf,ADVERTISEMENT SCROLL TO CONTINUE WITH CONTENT
Debat Capres HAM dan Terorisme Dinilai Normatif dan Main Aman,"Kamis, 17 Jan 2019 22:48 WIB",https://www.cnnindonesia.com/nasional/20190117221348-32-361780/debat-capres-ham-dan-terorisme-dinilai-normatif-dan-main-aman,ADVERTISEMENT SCROLL TO CONTINUE WITH CONTENT
Keheningan Ma'ruf Amin di Debat Pilpres 2019 Gelitik Netizen,"Kamis, 17 Jan 2019 22:38 WIB",https://www.cnnindonesia.com/teknologi/20190117223303-192-361784/keheningan-maruf-amin-di-debat-pilpres-2019-gelitik-netizen,ADVERTISEMENT SCROLL TO CONTINUE WITH CONTENT
Jokowi dan Prabowo Dinilai Tak Punya Visi Baru soal Korupsi,"Kamis, 17 Jan 2019 22:15 WIB",https://www.cnnindonesia.com/nasional/20190117214942-32-361773/jokowi-dan-prabowo-dinilai-tak-punya-visi-baru-soal-korupsi,ADVERTISEMENT SCROLL TO CONTINUE WITH CONTENT
"Di Sela Debat Capres, Pendukung Prabowo-Sandi Jualan Atribut","Kamis, 17 Jan 2019 22:12 WIB",https://www.cnnindonesia.com/nasional/20190117220343-20-361775/di-sela-debat-capres-pendukung-prabowo-sandi-jualan-atribut,ADVERTISEMENT SCROLL TO CONTINUE WITH CONTENT
Pendukung Prabowo-Sandi Heran Ma'ruf Hanya Diam saat Debat,"Kamis, 17 Jan 2019 21:53 WIB",https://www.cnnindonesia.com/nasional/20190117214723-20-361771/pendukung-prabowo-sandi-heran-maruf-hanya-diam-saat-debat,ADVERTISEMENT SCROLL TO CONTINUE WITH CONTENT
Cek Fakta Debat Capres Perdana 2019,Tanggal tidak ditemukan,https://www.cnnindonesia.com/nasional/20190117213641-527-361766/cek-fakta-debat-capres-perdana-2019,
Prabowo Sebut Gaji Rp8 Juta Gubernur Tidak Realistis,"Kamis, 17 Jan 2019 21:36 WIB",https://www.cnnindonesia.com/nasional/20190117211611-32-361763/prabowo-sebut-gaji-rp8-juta-gubernur-tidak-realistis,ADVERTISEMENT SCROLL TO CONTINUE WITH CONTENT
'Rumah Aspirasi' Soraki Prabowo saat Jawab soal HAM di Debat,"Kamis, 17 Jan 2019 21:27 WIB",https://www.cnnindonesia.com/nasional/20190117211518-20-361759/rumah-aspirasi-soraki-prabowo-saat-jawab-soal-ham-di-debat,ADVERTISEMENT SCROLL TO CONTINUE WITH CONTENT
Pendukung Saling Sorak Saat Nobar di Luar Area Debat Capres,"Kamis, 17 Jan 2019 21:20 WIB",https://www.cnnindonesia.com/nasional/20190117210934-32-361758/pendukung-saling-sorak-saat-nobar-di-luar-area-debat-capres,ADVERTISEMENT SCROLL TO CONTINUE WITH CONTENT
Pendukung Kedua Paslon Sepakat Sportif di Debat Perdana 2019,"Kamis, 17 Jan 2019 20:57 WIB",https://www.cnnindonesia.com/nasional/20190117203445-32-361747/pendukung-kedua-paslon-sepakat-sportif-di-debat-perdana-2019,ADVERTISEMENT SCROLL TO CONTINUE WITH CONTENT
Jokowi Sindir Prabowo soal Ratna Sarumpaet di Debat Capres,"Kamis, 17 Jan 2019 20:56 WIB",https://www.cnnindonesia.com/nasional/20190117204408-32-361751/jokowi-sindir-prabowo-soal-ratna-sarumpaet-di-debat-capres,ADVERTISEMENT SCROLL TO CONTINUE WITH CONTENT
Pramono Unggah Foto Megawati Bareng Prabowo-Sandi di Debat,"Kamis, 17 Jan 2019 20:51 WIB",https://www.cnnindonesia.com/nasional/20190117203544-32-361749/pramono-unggah-foto-megawati-bareng-prabowo-sandi-di-debat,ADVERTISEMENT SCROLL TO CONTINUE WITH CONTENT
Cerita tentang Peci Si Simbol Bangsa dalam Debat Pilpres,Tanggal tidak ditemukan,https://www.cnnindonesia.com/gaya-hidup/20190117193902-277-361727/cerita-tentang-peci-si-simbol-bangsa-dalam-debat-pilpres,ADVERTISEMENT SCROLL TO CONTINUE WITH CONTENT
"Debat Pilpres, Jokowi Ungkap Kesulitan Tuntaskan Kasus HAM","Kamis, 17 Jan 2019 20:28 WIB",https://www.cnnindonesia.com/nasional/20190117201030-32-361741/debat-pilpres-jokowi-ungkap-kesulitan-tuntaskan-kasus-ham,ADVERTISEMENT SCROLL TO CONTINUE WITH CONTENT
"Jelang Debat Capres, Relawan Prabowo-Sandi Padati Markas BPN","Kamis, 17 Jan 2019 20:21 WIB",https://www.cnnindonesia.com/nasional/20190117201248-32-361737/jelang-debat-capres-relawan-prabowo-sandi-padati-markas-bpn,ADVERTISEMENT SCROLL TO CONTINUE WITH CONTENT
"Tanpa Beban di Debat, Jokowi-Ma'ruf Diklaim Bebas Kasus HAM","Kamis, 17 Jan 2019 20:12 WIB",https://www.cnnindonesia.com/nasional/20190117194515-32-361722/tanpa-beban-di-debat-jokowi-maruf-diklaim-bebas-kasus-ham,ADVERTISEMENT SCROLL TO CONTINUE WITH CONTENT
Jokowi Diprediksi Bisa Unggul di Debat Capres Perdana,"Kamis, 17 Jan 2019 20:07 WIB",https://www.cnnindonesia.com/nasional/20190117195041-32-361729/jokowi-diprediksi-bisa-unggul-di-debat-capres-perdana,ADVERTISEMENT SCROLL TO CONTINUE WITH CONTENT
Jokowi Gunakan Fakta dan Data Penting untuk Debat Perdana,"Kamis, 17 Jan 2019 20:02 WIB",https://www.cnnindonesia.com/nasional/20190117194942-32-361728/jokowi-gunakan-fakta-dan-data-penting-untuk-debat-perdana,ADVERTISEMENT SCROLL TO CONTINUE WITH CONTENT
Bamsoet Harap Debat Capres 2019 Tak Bahas HAM Per Kasus,"Kamis, 17 Jan 2019 19:51 WIB",https://www.cnnindonesia.com/nasional/20190117184520-32-361687/bamsoet-harap-debat-capres-2019-tak-bahas-ham-per-kasus,ADVERTISEMENT SCROLL TO CONTINUE WITH CONTENT
JK soal Debat Capres Perdana: Habis Debat Kita Ketawa-tawa,"Kamis, 17 Jan 2019 19:46 WIB",https://www.cnnindonesia.com/nasional/20190117193512-32-361717/jk-soal-debat-capres-perdana-habis-debat-kita-ketawa-tawa,ADVERTISEMENT SCROLL TO CONTINUE WITH CONTENT
"Tiba di Lokasi Debat Bersama Jokowi, Ma'ruf Kenakan Sarung","Kamis, 17 Jan 2019 19:45 WIB",https://www.cnnindonesia.com/nasional/20190117193836-32-361718/tiba-di-lokasi-debat-bersama-jokowi-maruf-kenakan-sarung,ADVERTISEMENT SCROLL TO CONTINUE WITH CONTENT
Live Report: Debat Capres Perdana Pilpres 2019,Tanggal tidak ditemukan,https://www.cnnindonesia.com/ekonomi/20190117184341-532-361710/live-report-debat-capres-perdana-pilpres-2019,
Prediksi Debat Capres 2019: Hambar Isu HAM Panas di Korupsi,"Kamis, 17 Jan 2019 19:13 WIB",https://www.cnnindonesia.com/nasional/20190117184613-32-361686/prediksi-debat-capres-2019-hambar-isu-ham-panas-di-korupsi,ADVERTISEMENT SCROLL TO CONTINUE WITH CONTENT
Jokowi- Ma'ruf Menyatakan Siap Debat dengan Prabowo,"Kamis, 17 Jan 2019 19:11 WIB",https://www.cnnindonesia.com/nasional/20190117191854-32-361711/jokowi-maruf-menyatakan-siap-debat-dengan-prabowo,ADVERTISEMENT SCROLL TO CONTINUE WITH CONTENT
Tina Talisa Sebut Ma'ruf Akan Beri Kejutan di Debat Capres,"Kamis, 17 Jan 2019 19:01 WIB",https://www.cnnindonesia.com/nasional/20190117184115-32-361684/tina-talisa-sebut-maruf-akan-beri-kejutan-di-debat-capres,ADVERTISEMENT SCROLL TO CONTINUE WITH CONTENT
Live Streaming Debat Capres Perdana di Pilpres 2019,"Kamis, 17 Jan 2019 18:58 WIB",https://www.cnnindonesia.com/nasional/20190117174159-32-361655/live-streaming-debat-capres-perdana-di-pilpres-2019,ADVERTISEMENT SCROLL TO CONTINUE WITH CONTENT
Asal-usul dan Sejarah Panjang Setelan Jas,Tanggal tidak ditemukan,https://www.cnnindonesia.com/gaya-hidup/20190117114447-277-361490/asal-usul-dan-sejarah-panjang-setelan-jas,ADVERTISEMENT SCROLL TO CONTINUE WITH CONTENT
INFOGRAFIS: Gaya Busana Ikonik Capres Cawapres Indonesia,"Kamis, 17 Jan 2019 18:54 WIB",https://www.cnnindonesia.com/gaya-hidup/20190117175555-280-361661/infografis-gaya-busana-ikonik-capres-cawapres-indonesia,
"Debat Capres, Timses Sebut Kasus Novel Tak Halangi Jokowi","Kamis, 17 Jan 2019 18:33 WIB",https://www.cnnindonesia.com/nasional/20190117181058-32-361678/debat-capres-timses-sebut-kasus-novel-tak-halangi-jokowi,ADVERTISEMENT SCROLL TO CONTINUE WITH CONTENT
"Yel 'Prabowo Siapa yang Punya' Riuh, Kubu Jokowi Masih Sepi","Kamis, 17 Jan 2019 18:12 WIB",https://www.cnnindonesia.com/nasional/20190117175939-32-361673/yel-prabowo-siapa-yang-punya-riuh-kubu-jokowi-masih-sepi,ADVERTISEMENT SCROLL TO CONTINUE WITH CONTENT
Jokowi-Ma'ruf Salat Magrib di Istana Jelang Debat Capres,"Kamis, 17 Jan 2019 18:07 WIB",https://www.cnnindonesia.com/nasional/20190117175741-32-361672/jokowi-maruf-salat-magrib-di-istana-jelang-debat-capres,ADVERTISEMENT SCROLL TO CONTINUE WITH CONTENT
Ahok soal Pilpres 2019: Saya Imbau Ahokers Jangan Golput,"Kamis, 17 Jan 2019 17:51 WIB",https://www.cnnindonesia.com/nasional/20190117172237-32-361653/ahok-soal-pilpres-2019-saya-imbau-ahokers-jangan-golput,ADVERTISEMENT SCROLL TO CONTINUE WITH CONTENT
AHY Gantikan SBY Hadiri Debat Perdana Capres 2019,"Kamis, 17 Jan 2019 17:41 WIB",https://www.cnnindonesia.com/nasional/20190117172519-32-361652/ahy-gantikan-sby-hadiri-debat-perdana-capres-2019,ADVERTISEMENT SCROLL TO CONTINUE WITH CONTENT
"Jelang Debat Capres, Eks Seskab Sambangi Rumah Ma'ruf Amin","Kamis, 17 Jan 2019 17:10 WIB",https://www.cnnindonesia.com/nasional/20190117165334-32-361629/jelang-debat-capres-eks-seskab-sambangi-rumah-maruf-amin,ADVERTISEMENT SCROLL TO CONTINUE WITH CONTENT
"Jelang Debat Capres 2019, Rupiah 'Keok' 64 Poin","Kamis, 17 Jan 2019 16:55 WIB",https://www.cnnindonesia.com/ekonomi/20190117164624-78-361626/jelang-debat-capres-2019-rupiah-keok-64-poin,ADVERTISEMENT SCROLL TO CONTINUE WITH CONTENT
Prabowo-Sandi Dijadwalkan Tiba Lebih Awal dari Jokowi-Ma'ruf,"Kamis, 17 Jan 2019 16:50 WIB",https://www.cnnindonesia.com/nasional/20190117163347-32-361624/prabowo-sandi-dijadwalkan-tiba-lebih-awal-dari-jokowi-maruf,ADVERTISEMENT SCROLL TO CONTINUE WITH CONTENT
Cek Fakta Debat Capres Perdana di CNNIndonesia.com,"Kamis, 17 Jan 2019 16:37 WIB",https://www.cnnindonesia.com/nasional/20190117160724-32-361610/cek-fakta-debat-capres-perdana-di-cnnindonesiacom,ADVERTISEMENT SCROLL TO CONTINUE WITH CONTENT
"Debat Capres, TKN Klaim Jokowi-Ma'ruf Tak Punya Beban HAM","Kamis, 17 Jan 2019 16:10 WIB",https://www.cnnindonesia.com/nasional/20190117145211-32-361586/debat-capres-tkn-klaim-jokowi-maruf-tak-punya-beban-ham,ADVERTISEMENT SCROLL TO CONTINUE WITH CONTENT
Sandiaga Jelang Debat Perdana: Alhamdulillah Tidur Saya Cukup,"Kamis, 17 Jan 2019 15:44 WIB",https://www.cnnindonesia.com/nasional/20190117152725-32-361588/sandiaga-jelang-debat-perdana-alhamdulillah-tidur-saya-cukup,ADVERTISEMENT SCROLL TO CONTINUE WITH CONTENT
Buruh Migran Harap Debat Capres Bahas Perlindungan TKI,"Kamis, 17 Jan 2019 15:17 WIB",https://www.cnnindonesia.com/internasional/20190117123850-106-361518/buruh-migran-harap-debat-capres-bahas-perlindungan-tki,ADVERTISEMENT SCROLL TO CONTINUE WITH CONTENT
Sandi Puasa dan Minta Restu Orang Tua Hadapi Debat Capres,"Kamis, 17 Jan 2019 15:11 WIB",https://www.cnnindonesia.com/nasional/20190117143741-32-361560/sandi-puasa-dan-minta-restu-orang-tua-hadapi-debat-capres,ADVERTISEMENT SCROLL TO CONTINUE WITH CONTENT
Atlet Penyatu Jokowi-Prabowo: Bismillah Sebelum Debat Capres,"Kamis, 17 Jan 2019 14:42 WIB",https://www.cnnindonesia.com/olahraga/20190117142146-178-361557/atlet-penyatu-jokowi-prabowo-bismillah-sebelum-debat-capres,ADVERTISEMENT SCROLL TO CONTINUE WITH CONTENT
"TKN Bawa Seniman ke Arena Debat Capres, BPN Ajak Emak-Emak","Kamis, 17 Jan 2019 14:37 WIB",https://www.cnnindonesia.com/nasional/20190117140435-32-361547/tkn-bawa-seniman-ke-arena-debat-capres-bpn-ajak-emak-emak,ADVERTISEMENT SCROLL TO CONTINUE WITH CONTENT
Menanti Kejutan Sang Penantang di Debat Capres Perdana 2019,"Kamis, 17 Jan 2019 14:09 WIB",https://www.cnnindonesia.com/nasional/20190117134645-32-361540/menanti-kejutan-sang-penantang-di-debat-capres-perdana-2019,ADVERTISEMENT SCROLL TO CONTINUE WITH CONTENT
TKN: Jokowi-Maruf Akan Jaga Kehormatan Prabowo-Sandi di Debat,"Kamis, 17 Jan 2019 13:36 WIB",https://www.cnnindonesia.com/nasional/20190117131355-32-361536/tkn-jokowi-maruf-akan-jaga-kehormatan-prabowo-sandi-di-debat,ADVERTISEMENT SCROLL TO CONTINUE WITH CONTENT
"Debat Pilpres 2019, Komisi X DPR Soroti Suap di Olahraga","Kamis, 17 Jan 2019 13:06 WIB",https://www.cnnindonesia.com/olahraga/20190117114442-178-361491/debat-pilpres-2019-komisi-x-dpr-soroti-suap-di-olahraga,ADVERTISEMENT SCROLL TO CONTINUE WITH CONTENT
"Jelang Debat Capres, Pengamanan Sekitar Bidakara Diperketat","Kamis, 17 Jan 2019 11:49 WIB",https://www.cnnindonesia.com/nasional/20190117112559-32-361483/jelang-debat-capres-pengamanan-sekitar-bidakara-diperketat,ADVERTISEMENT SCROLL TO CONTINUE WITH CONTENT
Persiapan 'Mantul' Jokowi Jelang Debat Capres Perdana 2019,"Kamis, 17 Jan 2019 11:35 WIB",https://www.cnnindonesia.com/nasional/20190117110952-32-361480/persiapan-mantul-jokowi-jelang-debat-capres-perdana-2019,ADVERTISEMENT SCROLL TO CONTINUE WITH CONTENT
Kominfo Pantau Hoaks Jelang Debat Capres Perdana 2019,"Kamis, 17 Jan 2019 11:30 WIB",https://www.cnnindonesia.com/teknologi/20190117104433-192-361477/kominfo-pantau-hoaks-jelang-debat-capres-perdana-2019,ADVERTISEMENT SCROLL TO CONTINUE WITH CONTENT
Riuh Debat Capres Perdana yang Sampai pada Diaspora RI,"Kamis, 17 Jan 2019 11:14 WIB",https://www.cnnindonesia.com/internasional/20190117104119-106-361478/riuh-debat-capres-perdana-yang-sampai-pada-diaspora-ri,ADVERTISEMENT SCROLL TO CONTINUE WITH CONTENT
Pemain Timnas Indonesia U-22 Netral Bahas Debat Capres 2019,"Kamis, 17 Jan 2019 10:48 WIB",https://www.cnnindonesia.com/olahraga/20190117102417-142-361473/pemain-timnas-indonesia-u-22-netral-bahas-debat-capres-2019,ADVERTISEMENT SCROLL TO CONTINUE WITH CONTENT
Adu Gimik Jokowi dan Prabowo Jelang Debat Capres Perdana 2019,"Kamis, 17 Jan 2019 10:35 WIB",https://www.cnnindonesia.com/nasional/20190117093153-32-361463/adu-gimik-jokowi-dan-prabowo-jelang-debat-capres-perdana-2019,ADVERTISEMENT SCROLL TO CONTINUE WITH CONTENT
Debat Capres Perdana: Visi-Misi Jokowi-Ma'ruf soal HAM,"Kamis, 17 Jan 2019 10:26 WIB",https://www.cnnindonesia.com/nasional/20190116194008-35-361361/debat-capres-perdana-visi-misi-jokowi-maruf-soal-ham,
Debat Capres Perdana: Visi-Misi Jokowi-Ma'ruf soal Korupsi,"Kamis, 17 Jan 2019 10:09 WIB",https://www.cnnindonesia.com/nasional/20190116195032-35-361364/debat-capres-perdana-visi-misi-jokowi-maruf-soal-korupsi,
Debat Capres Perdana: Visi-Misi Jokowi-Ma'ruf soal Hukum,"Kamis, 17 Jan 2019 09:51 WIB",https://www.cnnindonesia.com/nasional/20190116194530-35-361363/debat-capres-perdana-visi-misi-jokowi-maruf-soal-hukum,
Rara Sekar Ingin Debat Capres Sajikan Pemikiran Ideologis,Tanggal tidak ditemukan,https://www.cnnindonesia.com/hiburan/20190116154830-234-361275/rara-sekar-ingin-debat-capres-sajikan-pemikiran-ideologis,ADVERTISEMENT SCROLL TO CONTINUE WITH CONTENT
Debat Capres Perdana 2019: Hal-hal yang Perlu Diketahui,"Kamis, 17 Jan 2019 06:56 WIB",https://www.cnnindonesia.com/nasional/20190116221148-32-361419/debat-capres-perdana-2019-hal-hal-yang-perlu-diketahui,ADVERTISEMENT SCROLL TO CONTINUE WITH CONTENT
"Berkaca 2014, Jokowi-Ma'ruf Fokus Kerek Suara di 10 Provinsi","Kamis, 17 Jan 2019 05:11 WIB",https://www.cnnindonesia.com/nasional/20190116175939-32-361324/berkaca-2014-jokowi-maruf-fokus-kerek-suara-di-10-provinsi,ADVERTISEMENT SCROLL TO CONTINUE WITH CONTENT
"Survei: Loyalis Dominan, Kesalahan Capres Tak Ubah Pilihan","Kamis, 17 Jan 2019 02:45 WIB",https://www.cnnindonesia.com/nasional/20190116174648-32-361329/survei-loyalis-dominan-kesalahan-capres-tak-ubah-pilihan,ADVERTISEMENT SCROLL TO CONTINUE WITH CONTENT
Yusril Klaim Jokowi Tak Punya Catatan Buruk di Tema Debat,"Kamis, 17 Jan 2019 01:51 WIB",https://www.cnnindonesia.com/nasional/20190117013959-32-361430/yusril-klaim-jokowi-tak-punya-catatan-buruk-di-tema-debat,ADVERTISEMENT SCROLL TO CONTINUE WITH CONTENT
Yenny Wahid Klaim Suara Jokowi-Ma'ruf Naik di Jawa Barat,"Kamis, 17 Jan 2019 01:35 WIB",https://www.cnnindonesia.com/nasional/20190116212228-32-361417/yenny-wahid-klaim-suara-jokowi-maruf-naik-di-jawa-barat,ADVERTISEMENT SCROLL TO CONTINUE WITH CONTENT
Timses Sebut Jokowi Siap Hadapi Serangan Prabowo dalam Debat,"Kamis, 17 Jan 2019 01:07 WIB",https://www.cnnindonesia.com/nasional/20190117010045-32-361428/timses-sebut-jokowi-siap-hadapi-serangan-prabowo-dalam-debat,ADVERTISEMENT SCROLL TO CONTINUE WITH CONTENT
Jokowi soal Persiapan Debat Capres: Mantul,"Rabu, 16 Jan 2019 22:42 WIB",https://www.cnnindonesia.com/nasional/20190116223236-32-361422/jokowi-soal-persiapan-debat-capres-mantul,ADVERTISEMENT SCROLL TO CONTINUE WITH CONTENT
Jokowi-Ma'ruf Diajari Kekompakan di Simulasi Debat Capres,"Rabu, 16 Jan 2019 21:47 WIB",https://www.cnnindonesia.com/nasional/20190116202237-32-361391/jokowi-maruf-diajari-kekompakan-di-simulasi-debat-capres,ADVERTISEMENT SCROLL TO CONTINUE WITH CONTENT
Ma'ruf Amin Diprediksi Jadi Eksekutor Isu HAM bagi Prabowo,"Rabu, 16 Jan 2019 21:08 WIB",https://www.cnnindonesia.com/nasional/20190116205552-20-361406/maruf-amin-diprediksi-jadi-eksekutor-isu-ham-bagi-prabowo,ADVERTISEMENT SCROLL TO CONTINUE WITH CONTENT
Ma'ruf Klaim Kasus HAM Bisa Selesai jika Jokowi Presiden Lagi,"Rabu, 16 Jan 2019 20:43 WIB",https://www.cnnindonesia.com/nasional/20190116192035-32-361366/maruf-klaim-kasus-ham-bisa-selesai-jika-jokowi-presiden-lagi,ADVERTISEMENT SCROLL TO CONTINUE WITH CONTENT
TKN: Jokowi Tak Akan Serang Personal Prabowo di Debat Capres,"Rabu, 16 Jan 2019 20:11 WIB",https://www.cnnindonesia.com/nasional/20190116184630-32-361351/tkn-jokowi-tak-akan-serang-personal-prabowo-di-debat-capres,ADVERTISEMENT SCROLL TO CONTINUE WITH CONTENT
Jokowi-Ma'ruf Tiba di Djakarta Theater Simulasi Debat Capres,"Rabu, 16 Jan 2019 19:46 WIB",https://www.cnnindonesia.com/nasional/20190116193613-32-361362/jokowi-maruf-tiba-di-djakarta-theater-simulasi-debat-capres,ADVERTISEMENT SCROLL TO CONTINUE WITH CONTENT
Prediksi Isu HAM yang Akan Dibicarakan dalam Debat Capres,"Rabu, 16 Jan 2019 19:41 WIB",https://www.cnnindonesia.com/nasional/20190116192457-32-361358/prediksi-isu-ham-yang-akan-dibicarakan-dalam-debat-capres,ADVERTISEMENT SCROLL TO CONTINUE WITH CONTENT
Sandi Sebut Tak Akan Menyerang Jokowi-Ma'ruf di Debat Perdana,"Rabu, 16 Jan 2019 19:39 WIB",https://www.cnnindonesia.com/nasional/20190116160954-32-361309/sandi-sebut-tak-akan-menyerang-jokowi-maruf-di-debat-perdana,ADVERTISEMENT SCROLL TO CONTINUE WITH CONTENT
"Jokowi Dikabarkan Simulasi Debat Capres, Aparat Berjaga","Rabu, 16 Jan 2019 19:10 WIB",https://www.cnnindonesia.com/nasional/20190116185551-32-361349/jokowi-dikabarkan-simulasi-debat-capres-aparat-berjaga,ADVERTISEMENT SCROLL TO CONTINUE WITH CONTENT
"Bagi Peran Debat Capres 2019, Ma'ruf Lebih Sedikit Bicara","Rabu, 16 Jan 2019 18:58 WIB",https://www.cnnindonesia.com/nasional/20190116175052-32-361328/bagi-peran-debat-capres-2019-maruf-lebih-sedikit-bicara,ADVERTISEMENT SCROLL TO CONTINUE WITH CONTENT
Info Live Streaming Debat Capres Perdana di Pilpres 2019,"Rabu, 16 Jan 2019 18:32 WIB",https://www.cnnindonesia.com/nasional/20190116181914-32-361337/info-live-streaming-debat-capres-perdana-di-pilpres-2019,ADVERTISEMENT SCROLL TO CONTINUE WITH CONTENT
"Jelang Debat Capres, Ma'ruf Amin Dilatih Manajemen Bicara","Rabu, 16 Jan 2019 18:27 WIB",https://www.cnnindonesia.com/nasional/20190116164615-32-361307/jelang-debat-capres-maruf-amin-dilatih-manajemen-bicara,ADVERTISEMENT SCROLL TO CONTINUE WITH CONTENT
Prabowo-Sandi Simulasi Debat Perdana di Hambalang,"Rabu, 16 Jan 2019 18:15 WIB",https://www.cnnindonesia.com/nasional/20190116174629-32-361331/prabowo-sandi-simulasi-debat-perdana-di-hambalang,ADVERTISEMENT SCROLL TO CONTINUE WITH CONTENT
"Survei: Ma'ruf Amin Cuma Sumbang 0,2 Persen Suara ke Jokowi","Rabu, 16 Jan 2019 17:27 WIB",https://www.cnnindonesia.com/nasional/20190116170144-32-361311/survei-maruf-amin-cuma-sumbang-02-persen-suara-ke-jokowi,ADVERTISEMENT SCROLL TO CONTINUE WITH CONTENT
Jokowi-Ma'ruf Diklaim Tak Akan Menyerang di Debat Perdana,"Rabu, 16 Jan 2019 17:06 WIB",https://www.cnnindonesia.com/nasional/20190116155224-32-361279/jokowi-maruf-diklaim-tak-akan-menyerang-di-debat-perdana,ADVERTISEMENT SCROLL TO CONTINUE WITH CONTENT
Jadwal Debat Capres-Cawapres Perdana di Pilpres 2019,"Rabu, 16 Jan 2019 16:54 WIB",https://www.cnnindonesia.com/nasional/20190116124937-32-361214/jadwal-debat-capres-cawapres-perdana-di-pilpres-2019,ADVERTISEMENT SCROLL TO CONTINUE WITH CONTENT
"Datangi KPU, Usul Tes Baca Alquran Ikatan Dai Aceh Ditolak","Rabu, 16 Jan 2019 16:14 WIB",https://www.cnnindonesia.com/nasional/20190116140540-32-361254/datangi-kpu-usul-tes-baca-alquran-ikatan-dai-aceh-ditolak,ADVERTISEMENT SCROLL TO CONTINUE WITH CONTENT
"Soal Jokowi Bisa Diadili, TKN Sebut Amien Pakai Jurus Mabuk","Rabu, 16 Jan 2019 15:52 WIB",https://www.cnnindonesia.com/nasional/20190116152648-32-361273/soal-jokowi-bisa-diadili-tkn-sebut-amien-pakai-jurus-mabuk,ADVERTISEMENT SCROLL TO CONTINUE WITH CONTENT
"Debat Capres 2019, Sandi Soroti Pelabelan Islam dan Terorisme","Rabu, 16 Jan 2019 14:58 WIB",https://www.cnnindonesia.com/nasional/20190116134535-32-361255/debat-capres-2019-sandi-soroti-pelabelan-islam-dan-terorisme,ADVERTISEMENT SCROLL TO CONTINUE WITH CONTENT
Hasto: Jokowi-Maruf Pakai Baju Rakyat Tak Mahal di Debat,"Rabu, 16 Jan 2019 13:52 WIB",https://www.cnnindonesia.com/nasional/20190116134409-32-361230/hasto-jokowi-maruf-pakai-baju-rakyat-tak-mahal-di-debat,ADVERTISEMENT SCROLL TO CONTINUE WITH CONTENT
Jokowi Siapkan Data Hukum dan HAM untuk Debat Capres 2019,"Rabu, 16 Jan 2019 13:28 WIB",https://www.cnnindonesia.com/nasional/20190116122747-32-361215/jokowi-siapkan-data-hukum-dan-ham-untuk-debat-capres-2019,ADVERTISEMENT SCROLL TO CONTINUE WITH CONTENT
"Debat Capres, Tim Jokowi Prediksi Prabowo Umbar Ketakutan","Rabu, 16 Jan 2019 11:59 WIB",https://www.cnnindonesia.com/nasional/20190116111727-32-361200/debat-capres-tim-jokowi-prediksi-prabowo-umbar-ketakutan,ADVERTISEMENT SCROLL TO CONTINUE WITH CONTENT
"Jelang Debat Capres 2019, Prabowo-Sandi Minta Masukan Pakar","Rabu, 16 Jan 2019 10:49 WIB",https://www.cnnindonesia.com/nasional/20190116103130-32-361171/jelang-debat-capres-2019-prabowo-sandi-minta-masukan-pakar,ADVERTISEMENT SCROLL TO CONTINUE WITH CONTENT
Yusril Ungkap Alasan Masuk Tim Pakar Debat Capres Jokowi,"Rabu, 16 Jan 2019 10:38 WIB",https://www.cnnindonesia.com/nasional/20190116102240-32-361169/yusril-ungkap-alasan-masuk-tim-pakar-debat-capres-jokowi,ADVERTISEMENT SCROLL TO CONTINUE WITH CONTENT
"Respons Pidato Prabowo, Politikus NasDem Jamin Polri Netral","Rabu, 16 Jan 2019 10:06 WIB",https://www.cnnindonesia.com/nasional/20190116094713-32-361153/respons-pidato-prabowo-politikus-nasdem-jamin-polri-netral,ADVERTISEMENT SCROLL TO CONTINUE WITH CONTENT
KPU Akan Bagikan Kipas Bergambar Prabowo-Jokowi di Debat,"Rabu, 16 Jan 2019 05:55 WIB",https://www.cnnindonesia.com/nasional/20190115180005-32-361041/kpu-akan-bagikan-kipas-bergambar-prabowo-jokowi-di-debat,ADVERTISEMENT SCROLL TO CONTINUE WITH CONTENT
Rizal Ramli Ingatkan Kecurangan Pilpres Picu 'People Power,"Rabu, 16 Jan 2019 05:35 WIB",https://www.cnnindonesia.com/nasional/20190115141601-32-360983/rizal-ramli-ingatkan-kecurangan-pilpres-picu-people-power,ADVERTISEMENT SCROLL TO CONTINUE WITH CONTENT
"Survei Jatim: Jokowi Unggul di Matraman, Lemah di Madura","Rabu, 16 Jan 2019 05:25 WIB",https://www.cnnindonesia.com/nasional/20190116052020-32-361123/survei-jatim-jokowi-unggul-di-matraman-lemah-di-madura,ADVERTISEMENT SCROLL TO CONTINUE WITH CONTENT
Sandiaga Mengaku Tak Tahu soal Lagu Jogja Istimewa,"Selasa, 15 Jan 2019 21:04 WIB",https://www.cnnindonesia.com/nasional/20190115184113-32-361059/sandiaga-mengaku-tak-tahu-soal-lagu-jogja-istimewa,ADVERTISEMENT SCROLL TO CONTINUE WITH CONTENT
BPN: Pidato Prabowo Jawaban Ketidakmampuan Jokowi Urus Negara,"Selasa, 15 Jan 2019 20:49 WIB",https://www.cnnindonesia.com/nasional/20190115164514-32-361030/bpn-pidato-prabowo-jawaban-ketidakmampuan-jokowi-urus-negara,ADVERTISEMENT SCROLL TO CONTINUE WITH CONTENT
Yusril Masuk Tim Jokowi-Ma'ruf di Debat Pilpres,"Selasa, 15 Jan 2019 20:36 WIB",https://www.cnnindonesia.com/nasional/20190115202003-32-361083/yusril-masuk-tim-jokowi-maruf-di-debat-pilpres,ADVERTISEMENT SCROLL TO CONTINUE WITH CONTENT
Ngabalin Sebut Prabowo Pakai Data Bohong di Pidato Kebangsaan,"Selasa, 15 Jan 2019 19:34 WIB",https://www.cnnindonesia.com/nasional/20190115185323-32-361066/ngabalin-sebut-prabowo-pakai-data-bohong-di-pidato-kebangsaan,ADVERTISEMENT SCROLL TO CONTINUE WITH CONTENT
TKN Pertimbangkan Jokowi Pidato Kebangsaan Seperti Prabowo,"Selasa, 15 Jan 2019 19:07 WIB",https://www.cnnindonesia.com/nasional/20190115184744-32-361060/tkn-pertimbangkan-jokowi-pidato-kebangsaan-seperti-prabowo,ADVERTISEMENT SCROLL TO CONTINUE WITH CONTENT
"'Jogja Istimewa' di Acara Prabowo, Kill the DJ Lapor Polisi","Selasa, 15 Jan 2019 18:49 WIB",https://www.cnnindonesia.com/nasional/20190115182406-12-361049/jogja-istimewa-di-acara-prabowo-kill-the-dj-lapor-polisi,ADVERTISEMENT SCROLL TO CONTINUE WITH CONTENT
TKN Tuding Pidato Prabowo Jiplak Program Jokowi,"Selasa, 15 Jan 2019 18:28 WIB",https://www.cnnindonesia.com/nasional/20190115134023-32-360973/tkn-tuding-pidato-prabowo-jiplak-program-jokowi,ADVERTISEMENT SCROLL TO CONTINUE WITH CONTENT
Jurkam Jokowi: Pidato Retorik Prabowo Tak Jabarkan Solusi,"Selasa, 15 Jan 2019 06:44 WIB",https://www.cnnindonesia.com/nasional/20190115062307-32-360817/jurkam-jokowi-pidato-retorik-prabowo-tak-jabarkan-solusi,ADVERTISEMENT SCROLL TO CONTINUE WITH CONTENT
KPU Sediakan Layar Lebar di Bidakara Saat Debat Pilpres,"Selasa, 15 Jan 2019 02:02 WIB",https://www.cnnindonesia.com/nasional/20190114135713-32-360655/kpu-sediakan-layar-lebar-di-bidakara-saat-debat-pilpres,ADVERTISEMENT SCROLL TO CONTINUE WITH CONTENT
"Survei Y Publica: Elektabilitas Jokowi Stagnan, Prabowo Naik","Senin, 14 Jan 2019 23:17 WIB",https://www.cnnindonesia.com/nasional/20190114204459-32-360774/survei-y-publica-elektabilitas-jokowi-stagnan-prabowo-naik,ADVERTISEMENT SCROLL TO CONTINUE WITH CONTENT
"TKN Nilai Pidato Prabowo Daur Ulang Isu Lama, Tak Ada Solusi","Senin, 14 Jan 2019 21:42 WIB",https://www.cnnindonesia.com/nasional/20190114213532-32-360790/tkn-nilai-pidato-prabowo-daur-ulang-isu-lama-tak-ada-solusi,ADVERTISEMENT SCROLL TO CONTINUE WITH CONTENT
"Acungkan Satu Jari, Gubernur Sulsel Bantah Dukung Jokowi","Senin, 14 Jan 2019 19:42 WIB",https://www.cnnindonesia.com/nasional/20190114191830-32-360745/acungkan-satu-jari-gubernur-sulsel-bantah-dukung-jokowi,ADVERTISEMENT SCROLL TO CONTINUE WITH CONTENT
TKN Anggap Pemaparan Visi-Misi Jokowi di TV Bukan Kampanye,"Senin, 14 Jan 2019 18:34 WIB",https://www.cnnindonesia.com/nasional/20190114180820-32-360724/tkn-anggap-pemaparan-visi-misi-jokowi-di-tv-bukan-kampanye,ADVERTISEMENT SCROLL TO CONTINUE WITH CONTENT
ILUNI Imbau Alumni Tak Pakai Simbol UI dalam Politik Praktis,"Senin, 14 Jan 2019 17:48 WIB",https://www.cnnindonesia.com/nasional/20190114172442-32-360715/iluni-imbau-alumni-tak-pakai-simbol-ui-dalam-politik-praktis,ADVERTISEMENT SCROLL TO CONTINUE WITH CONTENT
TKN Jokowi Respons Ancaman Prabowo Mundur jika Pemilu Curang,"Senin, 14 Jan 2019 17:38 WIB",https://www.cnnindonesia.com/nasional/20190114170003-32-360714/tkn-jokowi-respons-ancaman-prabowo-mundur-jika-pemilu-curang,ADVERTISEMENT SCROLL TO CONTINUE WITH CONTENT
"Didatangi Dai Aceh, Jokowi-Ma'ruf Siap Tes Baca Alquran","Senin, 14 Jan 2019 16:55 WIB",https://www.cnnindonesia.com/nasional/20190114163524-32-360698/didatangi-dai-aceh-jokowi-maruf-siap-tes-baca-alquran,ADVERTISEMENT SCROLL TO CONTINUE WITH CONTENT
JK Ingatkan Alumni Universitas Jaga Independensi Almamater,"Senin, 14 Jan 2019 14:05 WIB",https://www.cnnindonesia.com/nasional/20190114132817-32-360640/jk-ingatkan-alumni-universitas-jaga-independensi-almamater,ADVERTISEMENT SCROLL TO CONTINUE WITH CONTENT
Alumni UI Terganggu Deklarasi Dukung Jokowi,"Senin, 14 Jan 2019 09:22 WIB",https://www.cnnindonesia.com/nasional/20190114084835-32-360557/alumni-ui-terganggu-deklarasi-dukung-jokowi,ADVERTISEMENT SCROLL TO CONTINUE WITH CONTENT
"Paparkan Visi Mandiri, Jokowi Pamer Capaian dan Eksekusi","Senin, 14 Jan 2019 05:45 WIB",https://www.cnnindonesia.com/nasional/20190114054529-32-360533/paparkan-visi-mandiri-jokowi-pamer-capaian-dan-eksekusi,ADVERTISEMENT SCROLL TO CONTINUE WITH CONTENT
"Tagih Respons Tes Baca Alquran, Dai Aceh Akan Datangi Timses","Senin, 14 Jan 2019 02:25 WIB",https://www.cnnindonesia.com/nasional/20190114021139-32-360526/tagih-respons-tes-baca-alquran-dai-aceh-akan-datangi-timses,ADVERTISEMENT SCROLL TO CONTINUE WITH CONTENT
Jokowi-Ma'ruf dan Prabowo-Sandi Dinilai Tak Serius Soal Hukum,"Minggu, 13 Jan 2019 22:36 WIB",https://www.cnnindonesia.com/nasional/20190113222546-32-360513/jokowi-maruf-dan-prabowo-sandi-dinilai-tak-serius-soal-hukum,ADVERTISEMENT SCROLL TO CONTINUE WITH CONTENT
Eks-Kapten Timnas Indonesia Jumpa Ma'ruf Amin Bahas Laga Amal,"Minggu, 13 Jan 2019 20:30 WIB",https://www.cnnindonesia.com/olahraga/20190113195955-142-360505/eks-kapten-timnas-indonesia-jumpa-maruf-amin-bahas-laga-amal,ADVERTISEMENT SCROLL TO CONTINUE WITH CONTENT
GK Pengusaha Deklarasi Dukungan untuk Jokowi-Ma'ruf,"Minggu, 13 Jan 2019 17:36 WIB",https://www.cnnindonesia.com/nasional/20190113162842-32-360472/gk-pengusaha-deklarasi-dukungan-untuk-jokowi-maruf,ADVERTISEMENT SCROLL TO CONTINUE WITH CONTENT
Tim Prabowo Ungkap Kisi-kisi Pertanyaan Debat Perdana Pilpres,"Minggu, 13 Jan 2019 15:26 WIB",https://www.cnnindonesia.com/nasional/20190113145416-32-360463/tim-prabowo-ungkap-kisi-kisi-pertanyaan-debat-perdana-pilpres,ADVERTISEMENT SCROLL TO CONTINUE WITH CONTENT
"Soal Pemimpin Berpengalaman, BPN Bandingkan Jokowi dengan SBY","Minggu, 13 Jan 2019 14:33 WIB",https://www.cnnindonesia.com/nasional/20190113134353-32-360459/soal-pemimpin-berpengalaman-bpn-bandingkan-jokowi-dengan-sby,ADVERTISEMENT SCROLL TO CONTINUE WITH CONTENT
BPN Akan Turunkan Foto Gatot di Baliho Prabowo-Sandi,"Minggu, 13 Jan 2019 13:35 WIB",https://www.cnnindonesia.com/nasional/20190113130740-32-360451/bpn-akan-turunkan-foto-gatot-di-baliho-prabowo-sandi,ADVERTISEMENT SCROLL TO CONTINUE WITH CONTENT
TKN Jokowi-Ma'aruf Imbau soal Satgas Novel Tak Dipolitisasi,"Minggu, 13 Jan 2019 08:05 WIB",https://www.cnnindonesia.com/nasional/20190113183559-12-360499/tkn-jokowi-maaruf-imbau-soal-satgas-novel-tak-dipolitisasi,ADVERTISEMENT SCROLL TO CONTINUE WITH CONTENT
Jokowi Soal RI Punah: Jangan Ada Pesimis di Antara Kita,"Sabtu, 12 Jan 2019 22:09 WIB",https://www.cnnindonesia.com/nasional/20190112201149-32-360389/jokowi-soal-ri-punah-jangan-ada-pesimis-di-antara-kita,ADVERTISEMENT SCROLL TO CONTINUE WITH CONTENT
TKN Tuding Kelompok Radikal Lingkari Kubu Prabowo-Sandiaga,"Sabtu, 12 Jan 2019 21:08 WIB",https://www.cnnindonesia.com/nasional/20190112195214-32-360387/tkn-tuding-kelompok-radikal-lingkari-kubu-prabowo-sandiaga,ADVERTISEMENT SCROLL TO CONTINUE WITH CONTENT
Ma'ruf Balas Kritik Amien Rais soal Revolusi Mental Jokowi,"Sabtu, 12 Jan 2019 18:29 WIB",https://www.cnnindonesia.com/nasional/20190112182432-32-360378/maruf-balas-kritik-amien-rais-soal-revolusi-mental-jokowi,ADVERTISEMENT SCROLL TO CONTINUE WITH CONTENT
Alumni UI Suarakan Dukungan Jokowi di Kawasan GBK,"Sabtu, 12 Jan 2019 16:29 WIB",https://www.cnnindonesia.com/nasional/20190112160927-32-360365/alumni-ui-suarakan-dukungan-jokowi-di-kawasan-gbk,ADVERTISEMENT SCROLL TO CONTINUE WITH CONTENT
Ma'ruf Targetkan Suara 70 Persen di Kandang Prabowo,"Sabtu, 12 Jan 2019 15:09 WIB",https://www.cnnindonesia.com/nasional/20190112133907-32-360356/maruf-targetkan-suara-70-persen-di-kandang-prabowo,ADVERTISEMENT SCROLL TO CONTINUE WITH CONTENT
Ma'ruf Minta Polisi Proses Ketua Relawan Prabowo Kasus Hoaks,"Sabtu, 12 Jan 2019 13:16 WIB",https://www.cnnindonesia.com/nasional/20190112123558-32-360339/maruf-minta-polisi-proses-ketua-relawan-prabowo-kasus-hoaks,ADVERTISEMENT SCROLL TO CONTINUE WITH CONTENT
Ma'ruf Tuding Ada Dajal Pembohong Ciptakan 'Tsunami' Hoaks,"Sabtu, 12 Jan 2019 11:42 WIB",https://www.cnnindonesia.com/nasional/20190112112631-32-360333/maruf-tuding-ada-dajal-pembohong-ciptakan-tsunami-hoaks,ADVERTISEMENT SCROLL TO CONTINUE WITH CONTENT
TKN: Pengusaha Sumbang Dana karena Ingin Jokowi Menang,"Sabtu, 12 Jan 2019 10:56 WIB",https://www.cnnindonesia.com/nasional/20190111210407-32-360301/tkn-pengusaha-sumbang-dana-karena-ingin-jokowi-menang,ADVERTISEMENT SCROLL TO CONTINUE WITH CONTENT
"Di 'Kandang' Prabowo, Ma'ruf Amin Disambut Selawat dan Hadrah","Sabtu, 12 Jan 2019 09:27 WIB",https://www.cnnindonesia.com/nasional/20190112091958-32-360328/di-kandang-prabowo-maruf-amin-disambut-selawat-dan-hadrah,ADVERTISEMENT SCROLL TO CONTINUE WITH CONTENT
"Tanggapi GP Ansor, Tim Jokowi Klaim Tak Ada Kelompok Radikal","Sabtu, 12 Jan 2019 07:23 WIB",https://www.cnnindonesia.com/nasional/20190111203949-32-360299/tanggapi-gp-ansor-tim-jokowi-klaim-tak-ada-kelompok-radikal,ADVERTISEMENT SCROLL TO CONTINUE WITH CONTENT
Ma'ruf Amin Nyatakan NU Sepenuh Hati Dukung Jokowi di Pilpres,"Jumat, 11 Jan 2019 21:44 WIB",https://www.cnnindonesia.com/nasional/20190111205510-32-360302/maruf-amin-nyatakan-nu-sepenuh-hati-dukung-jokowi-di-pilpres,ADVERTISEMENT SCROLL TO CONTINUE WITH CONTENT
"Bocoran Debat KPU, Tim Jokowi Sebut Banyak Pertanyaan Menarik","Jumat, 11 Jan 2019 20:02 WIB",https://www.cnnindonesia.com/nasional/20190111194711-32-360273/bocoran-debat-kpu-tim-jokowi-sebut-banyak-pertanyaan-menarik,ADVERTISEMENT SCROLL TO CONTINUE WITH CONTENT
Moeldoko: Kasus Air Keras Novel Bukan Pelanggaran HAM Berat,"Jumat, 11 Jan 2019 18:38 WIB",https://www.cnnindonesia.com/nasional/20190111183238-12-360256/moeldoko-kasus-air-keras-novel-bukan-pelanggaran-ham-berat,ADVERTISEMENT SCROLL TO CONTINUE WITH CONTENT
Jusuf Kalla Jadi Mentor Debat Jokowi dan Ma'ruf Amin,"Jumat, 11 Jan 2019 17:46 WIB",https://www.cnnindonesia.com/nasional/20190111173640-32-360229/jusuf-kalla-jadi-mentor-debat-jokowi-dan-maruf-amin,ADVERTISEMENT SCROLL TO CONTINUE WITH CONTENT
Erick Thohir Latih Ma'ruf Amin: Debat Beda dengan Ceramah,"Jumat, 11 Jan 2019 17:12 WIB",https://www.cnnindonesia.com/nasional/20190111170213-32-360210/erick-thohir-latih-maruf-amin-debat-beda-dengan-ceramah,ADVERTISEMENT SCROLL TO CONTINUE WITH CONTENT
"Jelang Debat, Jokowi Disebut Tak Punya Persiapan Khusus","Jumat, 11 Jan 2019 15:47 WIB",https://www.cnnindonesia.com/nasional/20190111141616-32-360162/jelang-debat-jokowi-disebut-tak-punya-persiapan-khusus,ADVERTISEMENT SCROLL TO CONTINUE WITH CONTENT
KPU Resmi Serahkan 20 Daftar Pertanyaan Debat Perdana Pilpres,"Jumat, 11 Jan 2019 15:17 WIB",https://www.cnnindonesia.com/nasional/20190111150951-32-360181/kpu-resmi-serahkan-20-daftar-pertanyaan-debat-perdana-pilpres,ADVERTISEMENT SCROLL TO CONTINUE WITH CONTENT
Rakornas PDIP Lahirkan 12 Poin Rekomendasi Eksternal,"Jumat, 11 Jan 2019 14:23 WIB",https://www.cnnindonesia.com/nasional/20190111132706-32-360159/rakornas-pdip-lahirkan-12-poin-rekomendasi-eksternal,ADVERTISEMENT SCROLL TO CONTINUE WITH CONTENT
Agnez Mo Bertemu Jokowi Bahas Mimpi Anak Muda Hingga Hoaks,"Jumat, 11 Jan 2019 13:51 WIB",https://www.cnnindonesia.com/nasional/20190111134158-20-360149/agnez-mo-bertemu-jokowi-bahas-mimpi-anak-muda-hingga-hoaks,ADVERTISEMENT SCROLL TO CONTINUE WITH CONTENT
GP Ansor Sebut Kelompok Radikal Menginduk ke Satu Capres,"Jumat, 11 Jan 2019 12:40 WIB",https://www.cnnindonesia.com/nasional/20190111113352-32-360124/gp-ansor-sebut-kelompok-radikal-menginduk-ke-satu-capres,ADVERTISEMENT SCROLL TO CONTINUE WITH CONTENT
Gus Yaqut dan Pengurus Ansor Temui Jokowi di Istana,"Jumat, 11 Jan 2019 10:24 WIB",https://www.cnnindonesia.com/nasional/20190111101311-20-360094/gus-yaqut-dan-pengurus-ansor-temui-jokowi-di-istana,ADVERTISEMENT SCROLL TO CONTINUE WITH CONTENT
TKN Tuding Visi Misi Baru Prabowo-Sandi Jiplak Jokowi-Ma'ruf,"Jumat, 11 Jan 2019 10:05 WIB",https://www.cnnindonesia.com/nasional/20190111095410-32-360091/tkn-tuding-visi-misi-baru-prabowo-sandi-jiplak-jokowi-maruf,ADVERTISEMENT SCROLL TO CONTINUE WITH CONTENT
Kubu Jokowi Curiga Ada Aktor Intelektual Hoaks Surat Suara,"Jumat, 11 Jan 2019 06:56 WIB",https://www.cnnindonesia.com/nasional/20190110165117-32-359959/kubu-jokowi-curiga-ada-aktor-intelektual-hoaks-surat-suara,ADVERTISEMENT SCROLL TO CONTINUE WITH CONTENT
"HUT PDIP, Jokowi Serukan Gotong Royong Bumikan Pancasila","Kamis, 10 Jan 2019 23:24 WIB",https://www.cnnindonesia.com/nasional/20190110135455-32-359894/hut-pdip-jokowi-serukan-gotong-royong-bumikan-pancasila,ADVERTISEMENT SCROLL TO CONTINUE WITH CONTENT
Ma'ruf Soal Warga Percaya Jokowi PKI dan Anti-Islam: Oon Ente,"Kamis, 10 Jan 2019 21:08 WIB",https://www.cnnindonesia.com/nasional/20190110203012-32-360036/maruf-soal-warga-percaya-jokowi-pki-dan-anti-islam-oon-ente,ADVERTISEMENT SCROLL TO CONTINUE WITH CONTENT
Ira Koesno Ingin Debat Pilpres Panas Tapi Tak Meledak-ledak,"Kamis, 10 Jan 2019 19:29 WIB",https://www.cnnindonesia.com/nasional/20190110192038-32-360015/ira-koesno-ingin-debat-pilpres-panas-tapi-tak-meledak-ledak,ADVERTISEMENT SCROLL TO CONTINUE WITH CONTENT
PDIP Belum Terima Surat Permohonan Ahok Jadi Kader,"Kamis, 10 Jan 2019 18:36 WIB",https://www.cnnindonesia.com/nasional/20190110171920-32-359972/pdip-belum-terima-surat-permohonan-ahok-jadi-kader,ADVERTISEMENT SCROLL TO CONTINUE WITH CONTENT
"Tak Bahas Kasus HAM, Debat Capres Dicap Cuma Seremoni","Kamis, 10 Jan 2019 18:30 WIB",https://www.cnnindonesia.com/nasional/20190110155736-32-359939/tak-bahas-kasus-ham-debat-capres-dicap-cuma-seremoni,ADVERTISEMENT SCROLL TO CONTINUE WITH CONTENT
Kubu Jokowi Seret Obor Rakyat ke Ranah Hukum Bila Fitnah Lagi,"Kamis, 10 Jan 2019 18:10 WIB",https://www.cnnindonesia.com/nasional/20190110180348-32-359988/kubu-jokowi-seret-obor-rakyat-ke-ranah-hukum-bila-fitnah-lagi,ADVERTISEMENT SCROLL TO CONTINUE WITH CONTENT
Kemenhub Tak Peduli Rilis Regulasi Ojol Sebelum Pilpres 2019,"Kamis, 10 Jan 2019 17:49 WIB",https://www.cnnindonesia.com/otomotif/20190110171413-579-359966/kemenhub-tak-peduli-rilis-regulasi-ojol-sebelum-pilpres-2019,ADVERTISEMENT SCROLL TO CONTINUE WITH CONTENT ADVERTISEMENT SCROLL TO CONTINUE WITH CONTENT
Timses Jokowi Sibuk Bimbing Ma'ruf Amin Hadapi Debat Pilpres,"Kamis, 10 Jan 2019 17:47 WIB",https://www.cnnindonesia.com/nasional/20190110163901-32-359958/timses-jokowi-sibuk-bimbing-maruf-amin-hadapi-debat-pilpres,ADVERTISEMENT SCROLL TO CONTINUE WITH CONTENT
PDIP Minta Maaf Kadernya Soraki Zulkifli Hasan di HUT ke-46,"Kamis, 10 Jan 2019 17:44 WIB",https://www.cnnindonesia.com/nasional/20190110154508-32-359929/pdip-minta-maaf-kadernya-soraki-zulkifli-hasan-di-hut-ke-46,ADVERTISEMENT SCROLL TO CONTINUE WITH CONTENT
"Jokowi soal Setop Pidato Sesaat: Ada Azan, Masa Enggak Dengar","Kamis, 10 Jan 2019 17:24 WIB",https://www.cnnindonesia.com/nasional/20190110165543-20-359960/jokowi-soal-setop-pidato-sesaat-ada-azan-masa-enggak-dengar,ADVERTISEMENT SCROLL TO CONTINUE WITH CONTENT
Lika-liku Buzzer 'Ideologis' di Era SBY hingga Jokowi,"Kamis, 10 Jan 2019 16:42 WIB",https://www.cnnindonesia.com/teknologi/20190110155024-185-359916/lika-liku-buzzer-ideologis-di-era-sby-hingga-jokowi,ADVERTISEMENT SCROLL TO CONTINUE WITH CONTENT
Bawaslu Jabar Dalami Dugaan Pelanggaran Pose Satu Jari RK,"Kamis, 10 Jan 2019 16:37 WIB",https://www.cnnindonesia.com/nasional/20190110162308-32-359947/bawaslu-jabar-dalami-dugaan-pelanggaran-pose-satu-jari-rk,ADVERTISEMENT SCROLL TO CONTINUE WITH CONTENT
Tim Jokowi Respons ICW soal Suntikan Dana Perkumpulan Golfer,"Kamis, 10 Jan 2019 16:18 WIB",https://www.cnnindonesia.com/nasional/20190110160258-32-359936/tim-jokowi-respons-icw-soal-suntikan-dana-perkumpulan-golfer,ADVERTISEMENT SCROLL TO CONTINUE WITH CONTENT
"Zulhas Disoraki, PAN Anggap PDIP Tak Terima Tamu dengan Baik","Kamis, 10 Jan 2019 15:45 WIB",https://www.cnnindonesia.com/nasional/20190110144621-32-359907/zulhas-disoraki-pan-anggap-pdip-tak-terima-tamu-dengan-baik,ADVERTISEMENT SCROLL TO CONTINUE WITH CONTENT
"Pidato di HUT PDIP, Jokowi Diam saat Azan Zuhur","Kamis, 10 Jan 2019 12:59 WIB",https://www.cnnindonesia.com/nasional/20190110120821-32-359859/pidato-di-hut-pdip-jokowi-diam-saat-azan-zuhur,ADVERTISEMENT SCROLL TO CONTINUE WITH CONTENT
Ketua MPR Zulkifli Hasan Disoraki Kader PDIP di HUT ke-46,"Kamis, 10 Jan 2019 11:46 WIB",https://www.cnnindonesia.com/nasional/20190110113155-32-359827/ketua-mpr-zulkifli-hasan-disoraki-kader-pdip-di-hut-ke-46,ADVERTISEMENT SCROLL TO CONTINUE WITH CONTENT
"Berkemeja Merah, Jokowi Hadiri HUT PDIP ke-46","Kamis, 10 Jan 2019 11:14 WIB",https://www.cnnindonesia.com/nasional/20190110104958-32-359806/berkemeja-merah-jokowi-hadiri-hut-pdip-ke-46,ADVERTISEMENT SCROLL TO CONTINUE WITH CONTENT
Fanatisme Barisan Buzzer dan Hoaks Jelang Pilpres 2019,"Kamis, 10 Jan 2019 11:10 WIB",https://www.cnnindonesia.com/teknologi/20190109011847-185-359430/fanatisme-barisan-buzzer-dan-hoaks-jelang-pilpres-2019,ADVERTISEMENT SCROLL TO CONTINUE WITH CONTENT
"Rayakan HUT ke-46, PDIP Bertekad Menangkan Jokowi-Ma'ruf","Kamis, 10 Jan 2019 11:02 WIB",https://www.cnnindonesia.com/nasional/20190110104725-32-359803/rayakan-hut-ke-46-pdip-bertekad-menangkan-jokowi-maruf,ADVERTISEMENT SCROLL TO CONTINUE WITH CONTENT
"Drama Wisnu Wardhana, Palsukan KTP hingga Tabrak Motor Jaksa","Kamis, 10 Jan 2019 09:42 WIB",https://www.cnnindonesia.com/nasional/20190110092508-12-359791/drama-wisnu-wardhana-palsukan-ktp-hingga-tabrak-motor-jaksa,ADVERTISEMENT SCROLL TO CONTINUE WITH CONTENT
Sengkarut Pertanyaan untuk Para Paslon dalam Debat Pilpres,"Kamis, 10 Jan 2019 09:23 WIB",https://www.cnnindonesia.com/nasional/20190110075631-32-359785/sengkarut-pertanyaan-untuk-para-paslon-dalam-debat-pilpres,ADVERTISEMENT SCROLL TO CONTINUE WITH CONTENT
Adu Kasak-Kusuk Citra Jokowi dan Prabowo di Media Sosial,"Kamis, 10 Jan 2019 08:33 WIB",https://www.cnnindonesia.com/teknologi/20190109175018-185-359665/adu-kasak-kusuk-citra-jokowi-dan-prabowo-di-media-sosial,ADVERTISEMENT SCROLL TO CONTINUE WITH CONTENT
Arifin Ilham Lanjutkan Pengobatan ke Penang Malaysia,"Kamis, 10 Jan 2019 07:00 WIB",https://www.cnnindonesia.com/nasional/20190110064932-20-359776/arifin-ilham-lanjutkan-pengobatan-ke-penang-malaysia,ADVERTISEMENT SCROLL TO CONTINUE WITH CONTENT
Tim Jokowi HarapObor RakyatBelajar dari Pilpres 2014,"Kamis, 10 Jan 2019 06:43 WIB",https://www.cnnindonesia.com/nasional/20190109194510-32-359705/tim-jokowi-harap-obor-rakyat-belajar-dari-pilpres-2014,ADVERTISEMENT SCROLL TO CONTINUE WITH CONTENT
ICW: Dana Kampenye Pilpres 2019 Jauh di Bawah Pilkada DKI,"Kamis, 10 Jan 2019 04:41 WIB",https://www.cnnindonesia.com/nasional/20190109193619-32-359693/icw-dana-kampenye-pilpres-2019-jauh-di-bawah-pilkada-dki,ADVERTISEMENT SCROLL TO CONTINUE WITH CONTENT
ICW Curiga atas Sumbangan Dana Golfer kepada Jokowi-Ma'ruf,"Rabu, 09 Jan 2019 21:29 WIB",https://www.cnnindonesia.com/nasional/20190109203849-32-359715/icw-curiga-atas-sumbangan-dana-golfer-kepada-jokowi-maruf,ADVERTISEMENT SCROLL TO CONTINUE WITH CONTENT
Ridwan Kamil Dilaporkan ke Bawaslu Soal Pose Satu Jari,"Rabu, 09 Jan 2019 20:10 WIB",https://www.cnnindonesia.com/nasional/20190109195525-32-359697/ridwan-kamil-dilaporkan-ke-bawaslu-soal-pose-satu-jari,ADVERTISEMENT SCROLL TO CONTINUE WITH CONTENT
"Dijenguk Prabowo, Arifin Ilham Tunjukkan Video Berkuda","Rabu, 09 Jan 2019 19:36 WIB",https://www.cnnindonesia.com/nasional/20190109175916-20-359672/dijenguk-prabowo-arifin-ilham-tunjukkan-video-berkuda,ADVERTISEMENT SCROLL TO CONTINUE WITH CONTENT
"Jokowi: Tak Ada Masalah dengan Anies, Setiap Hari Guyon","Rabu, 09 Jan 2019 17:11 WIB",https://www.cnnindonesia.com/nasional/20190109170040-32-359649/jokowi-tak-ada-masalah-dengan-anies-setiap-hari-guyon,ADVERTISEMENT SCROLL TO CONTINUE WITH CONTENT
Tim Jokowi Sebut Kubu Prabowo Hilang Akal Sehat Lewat Hoaks,"Rabu, 09 Jan 2019 16:15 WIB",https://www.cnnindonesia.com/nasional/20190109133956-32-359550/tim-jokowi-sebut-kubu-prabowo-hilang-akal-sehat-lewat-hoaks,ADVERTISEMENT SCROLL TO CONTINUE WITH CONTENT
Fadli Zon Sebut BPN Prabowo-Sandi Jadi Target Hoaks Kontainer,"Rabu, 09 Jan 2019 13:19 WIB",https://www.cnnindonesia.com/nasional/20190109123523-32-359537/fadli-zon-sebut-bpn-prabowo-sandi-jadi-target-hoaks-kontainer,ADVERTISEMENT SCROLL TO CONTINUE WITH CONTENT
TKN Yakin Serangan Hoaks Tak Pengaruhi Elektabilitas Jokowi,"Rabu, 09 Jan 2019 13:05 WIB",https://www.cnnindonesia.com/nasional/20190109112144-32-359516/tkn-yakin-serangan-hoaks-tak-pengaruhi-elektabilitas-jokowi,ADVERTISEMENT SCROLL TO CONTINUE WITH CONTENT
Kontroversi PSI dan Potensi 'Duri Dalam Daging',"Rabu, 09 Jan 2019 11:20 WIB",https://www.cnnindonesia.com/nasional/20190109104037-32-359488/kontroversi-psi-dan-potensi-duri-dalam-daging,ADVERTISEMENT SCROLL TO CONTINUE WITH CONTENT
Jokowi Jenguk dan Doakan Arifin Ilham Lekas Sembuh,"Rabu, 09 Jan 2019 10:15 WIB",https://www.cnnindonesia.com/nasional/20190109100000-20-359478/jokowi-jenguk-dan-doakan-arifin-ilham-lekas-sembuh,ADVERTISEMENT SCROLL TO CONTINUE WITH CONTENT
MUI Imbau Pengurus Bersikap Netral di Pilpres 2019,"Rabu, 09 Jan 2019 08:44 WIB",https://www.cnnindonesia.com/nasional/20190109083253-32-359457/mui-imbau-pengurus-bersikap-netral-di-pilpres-2019,ADVERTISEMENT SCROLL TO CONTINUE WITH CONTENT
"Soal Hoaks, BPN Duga Ketua Relawan Prabowo Terlalu Semangat","Rabu, 09 Jan 2019 06:54 WIB",https://www.cnnindonesia.com/nasional/20190109063322-32-359442/soal-hoaks-bpn-duga-ketua-relawan-prabowo-terlalu-semangat,ADVERTISEMENT SCROLL TO CONTINUE WITH CONTENT
"Persiapan Debat, Ma'ruf Amin akan Dimentori Tim Pakar","Rabu, 09 Jan 2019 05:53 WIB",https://www.cnnindonesia.com/nasional/20190109012500-32-359432/persiapan-debat-maruf-amin-akan-dimentori-tim-pakar,ADVERTISEMENT SCROLL TO CONTINUE WITH CONTENT
Moeldoko Klaim Tak Ada Pelanggaran HAM Berat di Era Jokowi,"Rabu, 09 Jan 2019 01:21 WIB",https://www.cnnindonesia.com/nasional/20190108211825-32-359411/moeldoko-klaim-tak-ada-pelanggaran-ham-berat-di-era-jokowi,ADVERTISEMENT SCROLL TO CONTINUE WITH CONTENT
"Sebut Dikejami via Verbal, Andi Arief Akan Lapor Polisi Lagi","Rabu, 09 Jan 2019 00:29 WIB",https://www.cnnindonesia.com/nasional/20190108191640-32-359382/sebut-dikejami-via-verbal-andi-arief-akan-lapor-polisi-lagi,ADVERTISEMENT SCROLL TO CONTINUE WITH CONTENT
RK Atur Pertemuan dengan Dedi Mulyadi Bahas Pilpres Kamis Ini,"Selasa, 08 Jan 2019 23:27 WIB",https://www.cnnindonesia.com/nasional/20190108170803-32-359344/rk-atur-pertemuan-dengan-dedi-mulyadi-bahas-pilpres-kamis-ini,ADVERTISEMENT SCROLL TO CONTINUE WITH CONTENT
KPU Jawab Kekhawatiran JK soal Kualitas Debat,"Selasa, 08 Jan 2019 21:57 WIB",https://www.cnnindonesia.com/nasional/20190108211923-32-359412/kpu-jawab-kekhawatiran-jk-soal-kualitas-debat,ADVERTISEMENT SCROLL TO CONTINUE WITH CONTENT
Ridwan Kamil Bantah Pose Satu Jari Terkait Kampanye Pilpres,"Selasa, 08 Jan 2019 21:16 WIB",https://www.cnnindonesia.com/nasional/20190108204945-32-359407/ridwan-kamil-bantah-pose-satu-jari-terkait-kampanye-pilpres,ADVERTISEMENT SCROLL TO CONTINUE WITH CONTENT
"SBY Turun Gunung, BPN Yakin Prabowo Bakal Salip Jokowi","Selasa, 08 Jan 2019 20:47 WIB",https://www.cnnindonesia.com/nasional/20190108202217-32-359397/sby-turun-gunung-bpn-yakin-prabowo-bakal-salip-jokowi,ADVERTISEMENT SCROLL TO CONTINUE WITH CONTENT
Tim Prabowo Bantah Minta KPU Bocorkan Soal Debat Capres,"Selasa, 08 Jan 2019 19:23 WIB",https://www.cnnindonesia.com/nasional/20190108180828-32-359375/tim-prabowo-bantah-minta-kpu-bocorkan-soal-debat-capres,ADVERTISEMENT SCROLL TO CONTINUE WITH CONTENT
Pengurus The Jakmania Pecat Anggota yang ke Rumah Ma'ruf Amin,"Selasa, 08 Jan 2019 18:05 WIB",https://www.cnnindonesia.com/olahraga/20190108161758-142-359330/pengurus-the-jakmania-pecat-anggota-yang-ke-rumah-maruf-amin,ADVERTISEMENT SCROLL TO CONTINUE WITH CONTENT
KPU Terinspirasi Nurhadi 'Dildo' untuk Sosialisasi Pemilu,"Selasa, 08 Jan 2019 17:42 WIB",https://www.cnnindonesia.com/nasional/20190108170324-32-359346/kpu-terinspirasi-nurhadi-dildo-untuk-sosialisasi-pemilu,ADVERTISEMENT SCROLL TO CONTINUE WITH CONTENT
Habiburokhman: Debat Perdana Akan Berat untuk Jokowi,"Selasa, 08 Jan 2019 17:27 WIB",https://www.cnnindonesia.com/nasional/20190108165227-32-359338/habiburokhman-debat-perdana-akan-berat-untuk-jokowi,ADVERTISEMENT SCROLL TO CONTINUE WITH CONTENT
JK: Kedua Paslon Tak Pernah Sampaikan Visi Misi,"Selasa, 08 Jan 2019 17:19 WIB",https://www.cnnindonesia.com/nasional/20190108171057-32-359345/jk-kedua-paslon-tak-pernah-sampaikan-visi-misi,ADVERTISEMENT SCROLL TO CONTINUE WITH CONTENT
Timses Jokowi: Visi Misi Prabowo-Sandi Seperti Tong Kosong,"Selasa, 08 Jan 2019 15:06 WIB",https://www.cnnindonesia.com/nasional/20190108143646-32-359288/timses-jokowi-visi-misi-prabowo-sandi-seperti-tong-kosong,ADVERTISEMENT SCROLL TO CONTINUE WITH CONTENT
"Soal Debat Dibocorkan, JK Sebut Sama Saja Timses yang Jawab","Selasa, 08 Jan 2019 14:46 WIB",https://www.cnnindonesia.com/nasional/20190108141613-32-359282/soal-debat-dibocorkan-jk-sebut-sama-saja-timses-yang-jawab,ADVERTISEMENT SCROLL TO CONTINUE WITH CONTENT
Tim Jokowi Klaim Unggul 5-0 dari Kubu Prabowo,"Selasa, 08 Jan 2019 14:23 WIB",https://www.cnnindonesia.com/nasional/20190108133103-32-359266/tim-jokowi-klaim-unggul-5-0-dari-kubu-prabowo,ADVERTISEMENT SCROLL TO CONTINUE WITH CONTENT
Ma'ruf Amin Jenguk Arifin Ilham di RSCM,"Selasa, 08 Jan 2019 14:20 WIB",https://www.cnnindonesia.com/nasional/20190108141127-20-359269/maruf-amin-jenguk-arifin-ilham-di-rscm,ADVERTISEMENT SCROLL TO CONTINUE WITH CONTENT
TKN Jokowi: Seruan #2019PrabowoPresiden Tak Akan Masif,"Selasa, 08 Jan 2019 13:31 WIB",https://www.cnnindonesia.com/nasional/20190108125836-32-359250/tkn-jokowi-seruan-2019prabowopresiden-tak-akan-masif,ADVERTISEMENT SCROLL TO CONTINUE WITH CONTENT
Direktur TKN Harap Andi Arief 'Gentle' Datang ke Bareskrim,"Selasa, 08 Jan 2019 13:12 WIB",https://www.cnnindonesia.com/nasional/20190108130303-32-359243/direktur-tkn-harap-andi-arief-gentle-datang-ke-bareskrim,ADVERTISEMENT SCROLL TO CONTINUE WITH CONTENT
Ma'ruf Duga Pihak Lawan Munculkan Ketidakpercayaan Pemerintah,"Selasa, 08 Jan 2019 11:04 WIB",https://www.cnnindonesia.com/nasional/20190108103446-32-359204/maruf-duga-pihak-lawan-munculkan-ketidakpercayaan-pemerintah,ADVERTISEMENT SCROLL TO CONTINUE WITH CONTENT
Barisan Gus dan Santri Deklarasi Dukung Jokowi-Ma'ruf,"Selasa, 08 Jan 2019 08:22 WIB",https://www.cnnindonesia.com/nasional/20190108074237-32-359183/barisan-gus-dan-santri-deklarasi-dukung-jokowi-maruf,ADVERTISEMENT SCROLL TO CONTINUE WITH CONTENT
"Survei PDIP, Suara Jokowi di Surabaya Masih di Bawah Target","Selasa, 08 Jan 2019 05:39 WIB",https://www.cnnindonesia.com/nasional/20190107211929-32-359140/survei-pdip-suara-jokowi-di-surabaya-masih-di-bawah-target,ADVERTISEMENT SCROLL TO CONTINUE WITH CONTENT
Tim Jokowi Akui Surati KPU Tolak BW Panelis Debat Pilpres,"Selasa, 08 Jan 2019 05:27 WIB",https://www.cnnindonesia.com/nasional/20190107202134-32-359145/tim-jokowi-akui-surati-kpu-tolak-bw-panelis-debat-pilpres,ADVERTISEMENT SCROLL TO CONTINUE WITH CONTENT
Ma'ruf Amin Yakin Petinggi PBNU Sudah Solid Beri Dukungan,"Selasa, 08 Jan 2019 04:00 WIB",https://www.cnnindonesia.com/nasional/20190107180424-32-359073/maruf-amin-yakin-petinggi-pbnu-sudah-solid-beri-dukungan,ADVERTISEMENT SCROLL TO CONTINUE WITH CONTENT
PSI Anggap Kritik PPP dan Golkar Dinamika Koalisi,"Selasa, 08 Jan 2019 03:39 WIB",https://www.cnnindonesia.com/nasional/20190107200431-32-359123/psi-anggap-kritik-ppp-dan-golkar-dinamika-koalisi,ADVERTISEMENT SCROLL TO CONTINUE WITH CONTENT
"Sosialisasi Batal, Prabowo-Sandi Dianggap Takut Hadapi Debat","Selasa, 08 Jan 2019 02:30 WIB",https://www.cnnindonesia.com/nasional/20190107174531-32-359086/sosialisasi-batal-prabowo-sandi-dianggap-takut-hadapi-debat,ADVERTISEMENT SCROLL TO CONTINUE WITH CONTENT
"Kerap Bela Pengurus Pro-Jokowi, Waketum PAN Didesak Mundur","Selasa, 08 Jan 2019 02:23 WIB",https://www.cnnindonesia.com/nasional/20190107203344-32-359127/kerap-bela-pengurus-pro-jokowi-waketum-pan-didesak-mundur,ADVERTISEMENT SCROLL TO CONTINUE WITH CONTENT
Arya Sinulingga Ajak Debat Andi Arief Soal Hoaks Surat Suara,"Selasa, 08 Jan 2019 02:12 WIB",https://www.cnnindonesia.com/nasional/20190107235922-32-359156/arya-sinulingga-ajak-debat-andi-arief-soal-hoaks-surat-suara,ADVERTISEMENT SCROLL TO CONTINUE WITH CONTENT
Kubu Jokowi Sepakat Pertanyaan Debat Pilpres Dibocorkan,"Selasa, 08 Jan 2019 00:45 WIB",https://www.cnnindonesia.com/nasional/20190107212419-32-359139/kubu-jokowi-sepakat-pertanyaan-debat-pilpres-dibocorkan,ADVERTISEMENT SCROLL TO CONTINUE WITH CONTENT
TKN dan BPN Akui Salah Komunikasi Soal Debat dan Sosialisasi,"Senin, 07 Jan 2019 23:40 WIB",https://www.cnnindonesia.com/nasional/20190107211507-32-359138/tkn-dan-bpn-akui-salah-komunikasi-soal-debat-dan-sosialisasi,ADVERTISEMENT SCROLL TO CONTINUE WITH CONTENT
BPN: Ketiadaan Pemaparan Visi-Misi Rugikan Demokrasi,"Senin, 07 Jan 2019 21:44 WIB",https://www.cnnindonesia.com/nasional/20190107191250-32-359095/bpn-ketiadaan-pemaparan-visi-misi-rugikan-demokrasi,ADVERTISEMENT SCROLL TO CONTINUE WITH CONTENT
KPU: Pemberitahuan Soal Debat Demi Martabat Capres-Cawapres,"Senin, 07 Jan 2019 20:41 WIB",https://www.cnnindonesia.com/nasional/20190107201416-32-359124/kpu-pemberitahuan-soal-debat-demi-martabat-capres-cawapres,ADVERTISEMENT SCROLL TO CONTINUE WITH CONTENT
Andi Arief Laporkan Lima Pendukung Jokowi soal Polemik Hoaks,"Senin, 07 Jan 2019 20:22 WIB",https://www.cnnindonesia.com/nasional/20190107193744-12-359117/andi-arief-laporkan-lima-pendukung-jokowi-soal-polemik-hoaks,ADVERTISEMENT SCROLL TO CONTINUE WITH CONTENT
Moeldoko Sebut Pertanyaan Debat Sebaiknya Diberi ke Moderator,"Senin, 07 Jan 2019 18:03 WIB",https://www.cnnindonesia.com/nasional/20190107165226-32-359051/moeldoko-sebut-pertanyaan-debat-sebaiknya-diberi-ke-moderator,ADVERTISEMENT SCROLL TO CONTINUE WITH CONTENT
Jokowi Minta Stabilitas Keamanan Tahun Politik Dijaga,"Senin, 07 Jan 2019 17:47 WIB",https://www.cnnindonesia.com/nasional/20190107173010-32-359062/jokowi-minta-stabilitas-keamanan-tahun-politik-dijaga,ADVERTISEMENT SCROLL TO CONTINUE WITH CONTENT
"Sosialisasi Batal, KPU Iklankan Visi Misi Jokowi dan Prabowo","Senin, 07 Jan 2019 16:52 WIB",https://www.cnnindonesia.com/nasional/20190107161542-32-359033/sosialisasi-batal-kpu-iklankan-visi-misi-jokowi-dan-prabowo,ADVERTISEMENT SCROLL TO CONTINUE WITH CONTENT
Perlawanan Satire Politik 'Dildo' ala Nurhadi-Aldo,"Senin, 07 Jan 2019 16:16 WIB",https://www.cnnindonesia.com/nasional/20190107155343-32-359032/perlawanan-satire-politik-dildo-ala-nurhadi-aldo,ADVERTISEMENT SCROLL TO CONTINUE WITH CONTENT
"Yahya Staquf Kunjungi Ma'ruf, Bahas Munas Hingga Pascapilpres","Senin, 07 Jan 2019 14:54 WIB",https://www.cnnindonesia.com/nasional/20190107144435-32-359006/yahya-staquf-kunjungi-maruf-bahas-munas-hingga-pascapilpres,ADVERTISEMENT SCROLL TO CONTINUE WITH CONTENT
Tim Prabowo-Sandi: Romahurmuziy Maling Teriak Maling,"Senin, 07 Jan 2019 14:25 WIB",https://www.cnnindonesia.com/nasional/20190107125331-32-358985/tim-prabowo-sandi-romahurmuziy-maling-teriak-maling,ADVERTISEMENT SCROLL TO CONTINUE WITH CONTENT
"PSI Balas Roem Kono, Ungkit Korupsi Pimpinan Golkar","Senin, 07 Jan 2019 10:50 WIB",https://www.cnnindonesia.com/nasional/20190107102442-32-358914/psi-balas-roem-kono-ungkit-korupsi-pimpinan-golkar,ADVERTISEMENT SCROLL TO CONTINUE WITH CONTENT
Romahurmuziy Pertanyakan Keengganan Prabowo Tes Baca Alquran,"Senin, 07 Jan 2019 10:20 WIB",https://www.cnnindonesia.com/nasional/20190107101238-32-358910/romahurmuziy-pertanyakan-keengganan-prabowo-tes-baca-alquran,ADVERTISEMENT SCROLL TO CONTINUE WITH CONTENT
Dagelan Berjudul 'Pura-pura Pemilu' Jelang Debat Pilpres,"Senin, 07 Jan 2019 09:04 WIB",https://www.cnnindonesia.com/nasional/20190107083720-32-358887/dagelan-berjudul-pura-pura-pemilu-jelang-debat-pilpres,ADVERTISEMENT SCROLL TO CONTINUE WITH CONTENT
"Walkot Bogor Acungkan Satu Jari, TKN Sebut Lawan Tak Solid","Senin, 07 Jan 2019 08:10 WIB",https://www.cnnindonesia.com/nasional/20190107071941-32-358880/walkot-bogor-acungkan-satu-jari-tkn-sebut-lawan-tak-solid,ADVERTISEMENT SCROLL TO CONTINUE WITH CONTENT
"Ma'ruf: Tak Hanya Khilafah, Kerajaan dan Republik Juga Islami","Senin, 07 Jan 2019 07:20 WIB",https://www.cnnindonesia.com/nasional/20190107062951-32-358877/maruf-tak-hanya-khilafah-kerajaan-dan-republik-juga-islami,ADVERTISEMENT SCROLL TO CONTINUE WITH CONTENT
Ma'ruf: Kemiskinan Tidak Bisa Diukur dengan Tebal Tipis Tempe,"Senin, 07 Jan 2019 06:58 WIB",https://www.cnnindonesia.com/nasional/20190107064909-32-358873/maruf-kemiskinan-tidak-bisa-diukur-dengan-tebal-tipis-tempe,ADVERTISEMENT SCROLL TO CONTINUE WITH CONTENT
Romahurmuziy: Yang Menolak UU Syariah Berhadapan dengan PPP,"Senin, 07 Jan 2019 06:35 WIB",https://www.cnnindonesia.com/nasional/20190107061226-32-358869/romahurmuziy-yang-menolak-uu-syariah-berhadapan-dengan-ppp,ADVERTISEMENT SCROLL TO CONTINUE WITH CONTENT
"Soal Sepak Bola, Ma'ruf Ingin indonesia Seperti Saat ia Muda","Senin, 07 Jan 2019 03:51 WIB",https://www.cnnindonesia.com/nasional/20190107034350-32-358850/soal-sepak-bola-maruf-ingin-indonesia-seperti-saat-ia-muda,ADVERTISEMENT SCROLL TO CONTINUE WITH CONTENT
Ma'ruf Yakin Debat Tetap Sulit Meski Pertanyaan Disiapkan,"Senin, 07 Jan 2019 01:50 WIB",https://www.cnnindonesia.com/nasional/20190106201437-32-358829/maruf-yakin-debat-tetap-sulit-meski-pertanyaan-disiapkan,ADVERTISEMENT SCROLL TO CONTINUE WITH CONTENT
Gerindra: Isu HAM Tak Muncul saat Prabowo Cawapres Megawati,"Minggu, 06 Jan 2019 19:10 WIB",https://www.cnnindonesia.com/nasional/20190106190217-32-358822/gerindra-isu-ham-tak-muncul-saat-prabowo-cawapres-megawati,ADVERTISEMENT SCROLL TO CONTINUE WITH CONTENT
M Taufik Akan Adukan KPU ke DKPP Soal Pembatalan Visi-Misi,"Minggu, 06 Jan 2019 18:30 WIB",https://www.cnnindonesia.com/nasional/20190106165110-32-358812/m-taufik-akan-adukan-kpu-ke-dkpp-soal-pembatalan-visi-misi,ADVERTISEMENT SCROLL TO CONTINUE WITH CONTENT
Tim Jokowi Persilakan Kubu Prabowo Menghafal Materi Debat,"Minggu, 06 Jan 2019 17:41 WIB",https://www.cnnindonesia.com/nasional/20190106164124-32-358813/tim-jokowi-persilakan-kubu-prabowo-menghafal-materi-debat,ADVERTISEMENT SCROLL TO CONTINUE WITH CONTENT
Daftar 6 Panelis Debat Perdana Pilpres 2019,"Minggu, 06 Jan 2019 17:05 WIB",https://www.cnnindonesia.com/nasional/20190106155615-32-358809/daftar-6-panelis-debat-perdana-pilpres-2019,ADVERTISEMENT SCROLL TO CONTINUE WITH CONTENT
Tim Prabowo Bantah Arahkan Warga Acungkan Dua Jari ke Jokowi,"Minggu, 06 Jan 2019 15:45 WIB",https://www.cnnindonesia.com/nasional/20190106153030-32-358805/tim-prabowo-bantah-arahkan-warga-acungkan-dua-jari-ke-jokowi,ADVERTISEMENT SCROLL TO CONTINUE WITH CONTENT
Viral Video Jokowi Disambut Dua Jari Berujung Polemik,"Minggu, 06 Jan 2019 14:40 WIB",https://www.cnnindonesia.com/nasional/20190106141606-32-358789/viral-video-jokowi-disambut-dua-jari-berujung-polemik,ADVERTISEMENT SCROLL TO CONTINUE WITH CONTENT
Setelan Jas dan Citra Elite ala Prabowo-Sandi di Kertas Suara,"Minggu, 06 Jan 2019 13:26 WIB",https://www.cnnindonesia.com/nasional/20190106125634-32-358780/setelan-jas-dan-citra-elite-ala-prabowo-sandi-di-kertas-suara,ADVERTISEMENT SCROLL TO CONTINUE WITH CONTENT
Arya Sinulingga Curigai Peran SBY di Balik Manuver Andi Arief,"Minggu, 06 Jan 2019 12:54 WIB",https://www.cnnindonesia.com/nasional/20190106122804-32-358775/arya-sinulingga-curigai-peran-sby-di-balik-manuver-andi-arief,ADVERTISEMENT SCROLL TO CONTINUE WITH CONTENT
"Acungkan Satu Jari, PAN Sebut Bima Setia pada Putusan Partai","Minggu, 06 Jan 2019 10:47 WIB",https://www.cnnindonesia.com/nasional/20190106103353-32-358763/acungkan-satu-jari-pan-sebut-bima-setia-pada-putusan-partai,ADVERTISEMENT SCROLL TO CONTINUE WITH CONTENT
"KPU, BPN dan TKN Sepakat Pertanyaan Diberikan Sebelum Debat","Minggu, 06 Jan 2019 09:45 WIB",https://www.cnnindonesia.com/nasional/20190106090701-32-358754/kpu-bpn-dan-tkn-sepakat-pertanyaan-diberikan-sebelum-debat,ADVERTISEMENT SCROLL TO CONTINUE WITH CONTENT
Tim Jokowi Sebut Acungan Satu Jari Bima Arya Sinyal Positif,"Minggu, 06 Jan 2019 08:46 WIB",https://www.cnnindonesia.com/nasional/20190106080650-32-358745/tim-jokowi-sebut-acungan-satu-jari-bima-arya-sinyal-positif,ADVERTISEMENT SCROLL TO CONTINUE WITH CONTENT
"BW Dicoret dari Panelis, Tim Jokowi Klaim Usulan Masyarakat","Minggu, 06 Jan 2019 08:07 WIB",https://www.cnnindonesia.com/nasional/20190106080058-32-358744/bw-dicoret-dari-panelis-tim-jokowi-klaim-usulan-masyarakat,ADVERTISEMENT SCROLL TO CONTINUE WITH CONTENT
'Satu Jari' Bima Arya saat Temani Ma'ruf Amin di Bogor,"Minggu, 06 Jan 2019 05:50 WIB",https://www.cnnindonesia.com/nasional/20190106054520-32-358741/satu-jari-bima-arya-saat-temani-maruf-amin-di-bogor,ADVERTISEMENT SCROLL TO CONTINUE WITH CONTENT
Dewan Dakwah: Keputusan Yusril Mundur Terserah PBB,"Sabtu, 05 Jan 2019 21:15 WIB",https://www.cnnindonesia.com/nasional/20190105210913-32-358711/dewan-dakwah-keputusan-yusril-mundur-terserah-pbb,ADVERTISEMENT SCROLL TO CONTINUE WITH CONTENT
"Ma'ruf Amin Petakan Lima Wilayah di Jabar, Garut Zona Merah","Sabtu, 05 Jan 2019 19:30 WIB",https://www.cnnindonesia.com/nasional/20190105173404-32-358703/maruf-amin-petakan-lima-wilayah-di-jabar-garut-zona-merah,ADVERTISEMENT SCROLL TO CONTINUE WITH CONTENT
Kubu Jokowi dan Prabowo Jelaskan Sosialisasi Visi-Misi Batal,"Sabtu, 05 Jan 2019 17:33 WIB",https://www.cnnindonesia.com/nasional/20190105162632-32-358685/kubu-jokowi-dan-prabowo-jelaskan-sosialisasi-visi-misi-batal,ADVERTISEMENT SCROLL TO CONTINUE WITH CONTENT
Polisi Tetapkan Dua Tersangka Hoaks Surat Suara Tercoblos,"Sabtu, 05 Jan 2019 14:38 WIB",https://www.cnnindonesia.com/nasional/20190105140849-12-358669/polisi-tetapkan-dua-tersangka-hoaks-surat-suara-tercoblos,ADVERTISEMENT SCROLL TO CONTINUE WITH CONTENT
KPU Resmi Batalkan Sosialisasi Visi Misi Capres-Cawapres,"Sabtu, 05 Jan 2019 11:51 WIB",https://www.cnnindonesia.com/nasional/20190105111154-32-358655/kpu-resmi-batalkan-sosialisasi-visi-misi-capres-cawapres,ADVERTISEMENT SCROLL TO CONTINUE WITH CONTENT
"Coret Dua Panelis Debat, KPU Sebut Kesepakatan TKN-BPN","Sabtu, 05 Jan 2019 10:20 WIB",https://www.cnnindonesia.com/nasional/20190105100612-32-358650/coret-dua-panelis-debat-kpu-sebut-kesepakatan-tkn-bpn,ADVERTISEMENT SCROLL TO CONTINUE WITH CONTENT
Amien Rais Soal Baju Koko Jokowi-Ma'ruf: Insyaallah Kalah,"Sabtu, 05 Jan 2019 03:29 WIB",https://www.cnnindonesia.com/nasional/20190105031230-32-358641/amien-rais-soal-baju-koko-jokowi-maruf-insyaallah-kalah,ADVERTISEMENT SCROLL TO CONTINUE WITH CONTENT
TKD Tangerang Targetkan 70 Persen Suara bagi Jokowi-Ma'ruf,"Sabtu, 05 Jan 2019 00:57 WIB",https://www.cnnindonesia.com/nasional/20190104230524-32-358635/tkd-tangerang-targetkan-70-persen-suara-bagi-jokowi-maruf,ADVERTISEMENT SCROLL TO CONTINUE WITH CONTENT
"Debat Capres, Tim Prabowo Akan Tagih Janji Jokowi soal HAM","Jumat, 04 Jan 2019 20:13 WIB",https://www.cnnindonesia.com/nasional/20190104192609-32-358605/debat-capres-tim-prabowo-akan-tagih-janji-jokowi-soal-ham,ADVERTISEMENT SCROLL TO CONTINUE WITH CONTENT
"TKN Jokowi: Bobotoh Netral, tapi Peduli Politik Indonesia","Jumat, 04 Jan 2019 19:54 WIB",https://www.cnnindonesia.com/nasional/20190104191157-32-358598/tkn-jokowi-bobotoh-netral-tapi-peduli-politik-indonesia,ADVERTISEMENT SCROLL TO CONTINUE WITH CONTENT
"Surat Suara Pemilu 2019 Dicetak, KPU Larang Peserta Komplain","Jumat, 04 Jan 2019 19:35 WIB",https://www.cnnindonesia.com/nasional/20190104185942-32-358602/surat-suara-pemilu-2019-dicetak-kpu-larang-peserta-komplain,ADVERTISEMENT SCROLL TO CONTINUE WITH CONTENT
KPK Bakal Bantu KPU Susun Materi Debat Capres,"Jumat, 04 Jan 2019 19:27 WIB",https://www.cnnindonesia.com/nasional/20190104190005-12-358594/kpk-bakal-bantu-kpu-susun-materi-debat-capres,ADVERTISEMENT SCROLL TO CONTINUE WITH CONTENT
Pendukung Jokowi Dinilai Mulai Kampanye Negatif di Medsos,"Jumat, 04 Jan 2019 19:13 WIB",https://www.cnnindonesia.com/nasional/20190104184854-32-358589/pendukung-jokowi-dinilai-mulai-kampanye-negatif-di-medsos,ADVERTISEMENT SCROLL TO CONTINUE WITH CONTENT
"Prabowo Pakai Jas di Surat Suara, BPN Ogah Eksploitasi Islam","Jumat, 04 Jan 2019 18:30 WIB",https://www.cnnindonesia.com/nasional/20190104175416-32-358579/prabowo-pakai-jas-di-surat-suara-bpn-ogah-eksploitasi-islam,ADVERTISEMENT SCROLL TO CONTINUE WITH CONTENT
Ma'ruf Prediksi Pembangunan 'Macet' Bila Jokowi Tak Terpilih,"Jumat, 04 Jan 2019 18:01 WIB",https://www.cnnindonesia.com/nasional/20190104174647-32-358569/maruf-prediksi-pembangunan-macet-bila-jokowi-tak-terpilih,ADVERTISEMENT SCROLL TO CONTINUE WITH CONTENT
TKN Bantah Foto Jokowi di Kertas Suara Kamuflase Alumni 212,"Jumat, 04 Jan 2019 17:47 WIB",https://www.cnnindonesia.com/nasional/20190104171427-32-358568/tkn-bantah-foto-jokowi-di-kertas-suara-kamuflase-alumni-212,ADVERTISEMENT SCROLL TO CONTINUE WITH CONTENT
KPK: Kami Takkan Cawe-cawe Visi Misi Capres di Debat,"Jumat, 04 Jan 2019 16:35 WIB",https://www.cnnindonesia.com/nasional/20190104160527-32-358533/kpk-kami-takkan-cawe-cawe-visi-misi-capres-di-debat,ADVERTISEMENT SCROLL TO CONTINUE WITH CONTENT
Grup 'Politik Sabana Minang' Diperiksa soal Hoaks Surat Suara,"Jumat, 04 Jan 2019 16:27 WIB",https://www.cnnindonesia.com/nasional/20190104160543-12-358536/grup-politik-sabana-minang-diperiksa-soal-hoaks-surat-suara,ADVERTISEMENT SCROLL TO CONTINUE WITH CONTENT
Demokrat: Ma'ruf Amin Bikin Sepak Bola Tercemar Politik,"Jumat, 04 Jan 2019 15:43 WIB",https://www.cnnindonesia.com/nasional/20190104113006-32-358437/demokrat-maruf-amin-bikin-sepak-bola-tercemar-politik,ADVERTISEMENT SCROLL TO CONTINUE WITH CONTENT
"Dapat Cuti Bersyarat, Pemred Obor Rakyat Bebas dari Lapas","Jumat, 04 Jan 2019 15:09 WIB",https://www.cnnindonesia.com/nasional/20190104144814-12-358506/dapat-cuti-bersyarat-pemred-obor-rakyat-bebas-dari-lapas,ADVERTISEMENT SCROLL TO CONTINUE WITH CONTENT
Ma'ruf Amin soal Debat Pilpres: Saya Biasa Berdebat di MUI,"Jumat, 04 Jan 2019 14:48 WIB",https://www.cnnindonesia.com/nasional/20190104141320-32-358500/maruf-amin-soal-debat-pilpres-saya-biasa-berdebat-di-mui,ADVERTISEMENT SCROLL TO CONTINUE WITH CONTENT
Polisi Tangkap 2 Orang Terkait Hoaks Surat Suara Tercoblos,"Jumat, 04 Jan 2019 14:30 WIB",https://www.cnnindonesia.com/nasional/20190104140157-12-358492/polisi-tangkap-2-orang-terkait-hoaks-surat-suara-tercoblos,ADVERTISEMENT SCROLL TO CONTINUE WITH CONTENT
BPN Sindir TKN: Program Prabowo-Sandi Direspons Positif,"Jumat, 04 Jan 2019 14:20 WIB",https://www.cnnindonesia.com/nasional/20190104134117-32-358483/bpn-sindir-tkn-program-prabowo-sandi-direspons-positif,ADVERTISEMENT SCROLL TO CONTINUE WITH CONTENT
Moeldoko Klaim Jokowi Lebih Siap dari Prabowo Debat soal HAM,"Jumat, 04 Jan 2019 14:13 WIB",https://www.cnnindonesia.com/nasional/20190104132021-32-358485/moeldoko-klaim-jokowi-lebih-siap-dari-prabowo-debat-soal-ham,ADVERTISEMENT SCROLL TO CONTINUE WITH CONTENT
Ma'ruf Jelaskan Filosofi Seragam Koko Putih di Surat Suara,"Jumat, 04 Jan 2019 13:23 WIB",https://www.cnnindonesia.com/nasional/20190104130537-32-358464/maruf-jelaskan-filosofi-seragam-koko-putih-di-surat-suara,ADVERTISEMENT SCROLL TO CONTINUE WITH CONTENT
Sandi Sebut Kelemahan Jokowi Tak Mau Adu Gagasan dan Program,"Jumat, 04 Jan 2019 10:40 WIB",https://www.cnnindonesia.com/nasional/20190104100437-32-358410/sandi-sebut-kelemahan-jokowi-tak-mau-adu-gagasan-dan-program,ADVERTISEMENT SCROLL TO CONTINUE WITH CONTENT
"Singgung Kubu Jokowi, BPN Ogah Politisasi Suporter Sepak Bola","Jumat, 04 Jan 2019 09:58 WIB",https://www.cnnindonesia.com/nasional/20190104085152-32-358405/singgung-kubu-jokowi-bpn-ogah-politisasi-suporter-sepak-bola,ADVERTISEMENT SCROLL TO CONTINUE WITH CONTENT
"Foto Jokowi di Surat Suara, Kamuflase Dekat dengan Alumni 212","Jumat, 04 Jan 2019 08:26 WIB",https://www.cnnindonesia.com/nasional/20190104072041-32-358381/foto-jokowi-di-surat-suara-kamuflase-dekat-dengan-alumni-212,ADVERTISEMENT SCROLL TO CONTINUE WITH CONTENT
"HUT ke-46, PDIP Undang Jokowi-Ma'ruf untuk Koordinasi Pemilu","Jumat, 04 Jan 2019 07:18 WIB",https://www.cnnindonesia.com/nasional/20190104065334-32-358361/hut-ke-46-pdip-undang-jokowi-maruf-untuk-koordinasi-pemilu,ADVERTISEMENT SCROLL TO CONTINUE WITH CONTENT
MUI Klaim Banyak Ulama Madura Dukung Jokowi-Ma'ruf,"Jumat, 04 Jan 2019 07:02 WIB",https://www.cnnindonesia.com/nasional/20190104063331-32-358357/mui-klaim-banyak-ulama-madura-dukung-jokowi-maruf,ADVERTISEMENT SCROLL TO CONTINUE WITH CONTENT
Gerindra soal Ma'ruf Amin Bobotoh: Ketua Viking Caleg Nasdem,"Jumat, 04 Jan 2019 06:41 WIB",https://www.cnnindonesia.com/nasional/20190103204137-32-358334/gerindra-soal-maruf-amin-bobotoh-ketua-viking-caleg-nasdem,ADVERTISEMENT SCROLL TO CONTINUE WITH CONTENT
MUI Bantah Usulkan Hukuman Potong Tangan untuk Koruptor,"Jumat, 04 Jan 2019 04:38 WIB",https://www.cnnindonesia.com/nasional/20190103213656-20-358341/mui-bantah-usulkan-hukuman-potong-tangan-untuk-koruptor,ADVERTISEMENT SCROLL TO CONTINUE WITH CONTENT
Sandi Sebut Pilih Foto Berpakaian Formal untuk Surat Suara,"Jumat, 04 Jan 2019 03:20 WIB",https://www.cnnindonesia.com/nasional/20190104023743-32-358351/sandi-sebut-pilih-foto-berpakaian-formal-untuk-surat-suara,ADVERTISEMENT SCROLL TO CONTINUE WITH CONTENT
"Hasto Sindir Andi Arief: Dulu Aktivis Hilang, Sekarang Cuitan","Kamis, 03 Jan 2019 23:21 WIB",https://www.cnnindonesia.com/nasional/20190103211631-32-358339/hasto-sindir-andi-arief-dulu-aktivis-hilang-sekarang-cuitan,ADVERTISEMENT SCROLL TO CONTINUE WITH CONTENT
TKN Jokowi Minta Bareskrim Usut Grup WhatsApp Andi Arief,"Kamis, 03 Jan 2019 20:24 WIB",https://www.cnnindonesia.com/nasional/20190103191216-12-358327/tkn-jokowi-minta-bareskrim-usut-grup-whatsapp-andi-arief,ADVERTISEMENT SCROLL TO CONTINUE WITH CONTENT
PBNU Sebut Banyak yang Ingin Tahu Capres Bisa Ngaji,"Kamis, 03 Jan 2019 18:40 WIB",https://www.cnnindonesia.com/nasional/20190103182817-32-358303/pbnu-sebut-banyak-yang-ingin-tahu-capres-bisa-ngaji,ADVERTISEMENT SCROLL TO CONTINUE WITH CONTENT
Kabareskrim Janji Segera Ungkap Hoaks 7 Kontainer Surat Suara,"Kamis, 03 Jan 2019 17:53 WIB",https://www.cnnindonesia.com/nasional/20190103170716-12-358289/kabareskrim-janji-segera-ungkap-hoaks-7-kontainer-surat-suara,ADVERTISEMENT SCROLL TO CONTINUE WITH CONTENT
"Munas NU, Said Aqil Pastikan Tak Perlu Pengerahan Dukung 01","Kamis, 03 Jan 2019 17:50 WIB",https://www.cnnindonesia.com/nasional/20190103173101-32-358291/munas-nu-said-aqil-pastikan-tak-perlu-pengerahan-dukung-01,ADVERTISEMENT SCROLL TO CONTINUE WITH CONTENT
KPU Laporkan Hoaks 7 Kontainer Surat Tercoblos ke Bareskrim,"Kamis, 03 Jan 2019 16:44 WIB",https://www.cnnindonesia.com/nasional/20190103154609-12-358256/kpu-laporkan-hoaks-7-kontainer-surat-tercoblos-ke-bareskrim,ADVERTISEMENT SCROLL TO CONTINUE WITH CONTENT
"TKN Pamer Foto Jokowi-Ma'ruf untuk Surat Suara, BPN Belum","Kamis, 03 Jan 2019 16:24 WIB",https://www.cnnindonesia.com/nasional/20190103160920-32-358252/tkn-pamer-foto-jokowi-maruf-untuk-surat-suara-bpn-belum,ADVERTISEMENT SCROLL TO CONTINUE WITH CONTENT
Majelis Ulama Aceh Setuju Tes Baca Alquran bagi Capres,"Kamis, 03 Jan 2019 16:18 WIB",https://www.cnnindonesia.com/nasional/20190103154055-32-358243/majelis-ulama-aceh-setuju-tes-baca-alquran-bagi-capres,ADVERTISEMENT SCROLL TO CONTINUE WITH CONTENT
Yusril Enggan Tanggapi Desakan Mundur dari Dewan Dakwah,"Kamis, 03 Jan 2019 16:05 WIB",https://www.cnnindonesia.com/nasional/20190103153016-32-358247/yusril-enggan-tanggapi-desakan-mundur-dari-dewan-dakwah,ADVERTISEMENT SCROLL TO CONTINUE WITH CONTENT
Viking Tegaskan Tidak Dukung Salah Satu Capres di Pemilu 2019,"Kamis, 03 Jan 2019 14:53 WIB",https://www.cnnindonesia.com/olahraga/20190103134453-142-358204/viking-tegaskan-tidak-dukung-salah-satu-capres-di-pemilu-2019,ADVERTISEMENT SCROLL TO CONTINUE WITH CONTENT
Timses Jokowi Minta SBY Tertibkan Andi Arief,"Kamis, 03 Jan 2019 14:48 WIB",https://www.cnnindonesia.com/nasional/20190103141017-32-358220/timses-jokowi-minta-sby-tertibkan-andi-arief,ADVERTISEMENT SCROLL TO CONTINUE WITH CONTENT
Sandi: Penyampaian Visi-Misi oleh Paslon Bukti Keseriusan,"Kamis, 03 Jan 2019 14:26 WIB",https://www.cnnindonesia.com/nasional/20190103102238-32-358136/sandi-penyampaian-visi-misi-oleh-paslon-bukti-keseriusan,ADVERTISEMENT SCROLL TO CONTINUE WITH CONTENT
Strategi Ma'ruf Amin Raup Suara di Jabar Lewat Bobotoh Persib,"Kamis, 03 Jan 2019 12:25 WIB",https://www.cnnindonesia.com/nasional/20190103120618-32-358163/strategi-maruf-amin-raup-suara-di-jabar-lewat-bobotoh-persib,ADVERTISEMENT SCROLL TO CONTINUE WITH CONTENT
"Soal Seruan Mundur dari PBB, TKN Sebut Yusril Profesional","Kamis, 03 Jan 2019 11:36 WIB",https://www.cnnindonesia.com/nasional/20190103104202-32-358138/soal-seruan-mundur-dari-pbb-tkn-sebut-yusril-profesional,ADVERTISEMENT SCROLL TO CONTINUE WITH CONTENT
"Hoaks Kertas Suara, TKN Pertimbangkan Polisikan Andi Arief","Kamis, 03 Jan 2019 09:08 WIB",https://www.cnnindonesia.com/nasional/20190103084006-32-358113/hoaks-kertas-suara-tkn-pertimbangkan-polisikan-andi-arief,ADVERTISEMENT SCROLL TO CONTINUE WITH CONTENT
KPU Minta Polisi Tangkap Penyebar Hoaks Surat Suara Tercoblos,"Kamis, 03 Jan 2019 07:08 WIB",https://www.cnnindonesia.com/nasional/20190103064236-32-358096/kpu-minta-polisi-tangkap-penyebar-hoaks-surat-suara-tercoblos,ADVERTISEMENT SCROLL TO CONTINUE WITH CONTENT
PKS soal Tes Baca Alquran: Penguji Harus Punya Ijazah,"Kamis, 03 Jan 2019 03:05 WIB",https://www.cnnindonesia.com/nasional/20190102133633-32-357953/pks-soal-tes-baca-alquran-penguji-harus-punya-ijazah,ADVERTISEMENT SCROLL TO CONTINUE WITH CONTENT
KPU Pastikan Kabar Surat Suara Tercoblos adalah Hoaks,"Kamis, 03 Jan 2019 01:04 WIB",https://www.cnnindonesia.com/nasional/20190103004828-32-358082/kpu-pastikan-kabar-surat-suara-tercoblos-adalah-hoaks,ADVERTISEMENT SCROLL TO CONTINUE WITH CONTENT
"Dana Sumbangan Kampanye Jokowi Rp55 M, Prabowo Rp56 M","Rabu, 02 Jan 2019 21:10 WIB",https://www.cnnindonesia.com/nasional/20190102205230-32-358064/dana-sumbangan-kampanye-jokowi-rp55-m-prabowo-rp56-m,ADVERTISEMENT SCROLL TO CONTINUE WITH CONTENT
Hasto: Visi Misi Sebaiknya Disampaikan Capres-Cawapres,"Rabu, 02 Jan 2019 20:51 WIB",https://www.cnnindonesia.com/nasional/20190102135646-32-357946/hasto-visi-misi-sebaiknya-disampaikan-capres-cawapres,ADVERTISEMENT SCROLL TO CONTINUE WITH CONTENT
Timses: Jokowi Tak seperti Prabowo yang Menakuti Rakyat,"Rabu, 02 Jan 2019 19:52 WIB",https://www.cnnindonesia.com/nasional/20190102182121-32-358024/timses-jokowi-tak-seperti-prabowo-yang-menakuti-rakyat,ADVERTISEMENT SCROLL TO CONTINUE WITH CONTENT
Tim Jokowi Sindir Uang Sandi: Tak Etis Bicara Sumbangan,"Rabu, 02 Jan 2019 19:36 WIB",https://www.cnnindonesia.com/nasional/20190102190306-32-358035/tim-jokowi-sindir-uang-sandi-tak-etis-bicara-sumbangan,ADVERTISEMENT SCROLL TO CONTINUE WITH CONTENT
Ma'ruf Amin Mengaku sebagai Bobotoh Persib,"Rabu, 02 Jan 2019 19:26 WIB",https://www.cnnindonesia.com/olahraga/20190102191357-142-358034/maruf-amin-mengaku-sebagai-bobotoh-persib,ADVERTISEMENT SCROLL TO CONTINUE WITH CONTENT
Kominfo Temukan 62 Hoaks Terkait Pileg dan Pilpres 2019,"Rabu, 02 Jan 2019 18:18 WIB",https://www.cnnindonesia.com/teknologi/20190102174219-192-358011/kominfo-temukan-62-hoaks-terkait-pileg-dan-pilpres-2019,ADVERTISEMENT SCROLL TO CONTINUE WITH CONTENT
"Posko Prabowo di Jateng, Ganjar Klaim Wong Cilik Tetap Solid","Rabu, 02 Jan 2019 16:52 WIB",https://www.cnnindonesia.com/nasional/20190102160707-32-357992/posko-prabowo-di-jateng-ganjar-klaim-wong-cilik-tetap-solid,ADVERTISEMENT SCROLL TO CONTINUE WITH CONTENT
"Indeks Demokrasi Turun, Tim Jokowi Sebut Kesalahan Fadli Zon","Rabu, 02 Jan 2019 16:25 WIB",https://www.cnnindonesia.com/nasional/20190102142732-32-357961/indeks-demokrasi-turun-tim-jokowi-sebut-kesalahan-fadli-zon,ADVERTISEMENT SCROLL TO CONTINUE WITH CONTENT
Ma'ruf Amin dan Rais Am PBNU Bahas Dukungan Pilpres 2019,"Rabu, 02 Jan 2019 16:20 WIB",https://www.cnnindonesia.com/nasional/20190102124700-32-357925/maruf-amin-dan-rais-am-pbnu-bahas-dukungan-pilpres-2019,ADVERTISEMENT SCROLL TO CONTINUE WITH CONTENT
Sandiaga Disebut Bohong soal Infrastruktur Tanpa Utang,"Rabu, 02 Jan 2019 15:21 WIB",https://www.cnnindonesia.com/nasional/20190102145243-32-357964/sandiaga-disebut-bohong-soal-infrastruktur-tanpa-utang,ADVERTISEMENT SCROLL TO CONTINUE WITH CONTENT
TKN Sebut Posko BPN di Solo Cuma Strategi Perang Urat Syaraf,"Rabu, 02 Jan 2019 14:37 WIB",https://www.cnnindonesia.com/nasional/20190102133332-32-357937/tkn-sebut-posko-bpn-di-solo-cuma-strategi-perang-urat-syaraf,ADVERTISEMENT SCROLL TO CONTINUE WITH CONTENT
Desakan Yusril Mundur karena Bela Jokowi Dinilai Memecah PBB,"Rabu, 02 Jan 2019 11:00 WIB",https://www.cnnindonesia.com/nasional/20190102103018-32-357866/desakan-yusril-mundur-karena-bela-jokowi-dinilai-memecah-pbb,ADVERTISEMENT SCROLL TO CONTINUE WITH CONTENT
Kubu Prabowo dan Jokowi Beda Suara Soal Sosialisasi Visi-Misi,"Rabu, 02 Jan 2019 06:56 WIB",https://www.cnnindonesia.com/nasional/20190102063239-32-357839/kubu-prabowo-dan-jokowi-beda-suara-soal-sosialisasi-visi-misi,ADVERTISEMENT SCROLL TO CONTINUE WITH CONTENT
Prabowo: 2019 Tahun Penentuan dan Kebangkitan Kembali,"Rabu, 02 Jan 2019 05:24 WIB",https://www.cnnindonesia.com/nasional/20190101165845-32-357793/prabowo-2019-tahun-penentuan-dan-kebangkitan-kembali,ADVERTISEMENT SCROLL TO CONTINUE WITH CONTENT
KPU Persilakan Ormas Gelar Acara Libatkan Paslon Pilpres 2019,"Selasa, 01 Jan 2019 07:15 WIB",https://www.cnnindonesia.com/nasional/20181231175852-32-357592/kpu-persilakan-ormas-gelar-acara-libatkan-paslon-pilpres-2019,ADVERTISEMENT SCROLL TO CONTINUE WITH CONTENT
Lily Wahid Ungkap Makna Gus Dur Sebut Prabowo Paling Ikhlas,"Selasa, 01 Jan 2019 04:25 WIB",https://www.cnnindonesia.com/nasional/20181231192548-32-357623/lily-wahid-ungkap-makna-gus-dur-sebut-prabowo-paling-ikhlas,ADVERTISEMENT SCROLL TO CONTINUE WITH CONTENT
Sandiaga Istigfar Tanggapi Ma'ruf Soal Membunuh dan Menculik,"Selasa, 01 Jan 2019 01:40 WIB",https://www.cnnindonesia.com/nasional/20190101011626-32-357668/sandiaga-istigfar-tanggapi-maruf-soal-membunuh-dan-menculik,ADVERTISEMENT SCROLL TO CONTINUE WITH CONTENT
MUI Imbau Ustaz Tak Terpengaruh Provokasi soal Pilpres,"Senin, 31 Des 2018 20:45 WIB",https://www.cnnindonesia.com/nasional/20181231201723-32-357640/mui-imbau-ustaz-tak-terpengaruh-provokasi-soal-pilpres,ADVERTISEMENT SCROLL TO CONTINUE WITH CONTENT
Sudirman Said Minta Ma'ruf Amin Jaga Tutur Kata seperti Ulama,"Senin, 31 Des 2018 20:14 WIB",https://www.cnnindonesia.com/nasional/20181231190527-32-357611/sudirman-said-minta-maruf-amin-jaga-tutur-kata-seperti-ulama,ADVERTISEMENT SCROLL TO CONTINUE WITH CONTENT
Dahnil: Sejak Awal Prabowo Tak Gunakan Politik Identitas,"Senin, 31 Des 2018 20:00 WIB",https://www.cnnindonesia.com/nasional/20181231194329-32-357626/dahnil-sejak-awal-prabowo-tak-gunakan-politik-identitas,ADVERTISEMENT SCROLL TO CONTINUE WITH CONTENT
"Beri Dukungan, Adik Gus Dur Kunjungi Ma'ruf Amin","Senin, 31 Des 2018 17:42 WIB",https://www.cnnindonesia.com/nasional/20181231170158-32-357576/beri-dukungan-adik-gus-dur-kunjungi-maruf-amin,ADVERTISEMENT SCROLL TO CONTINUE WITH CONTENT
"Jokowi 'Diserang' soal Novel, TKN Ungkit Catatan HAM Prabowo","Senin, 31 Des 2018 13:53 WIB",https://www.cnnindonesia.com/nasional/20181231125110-32-357510/jokowi-diserang-soal-novel-tkn-ungkit-catatan-ham-prabowo,ADVERTISEMENT SCROLL TO CONTINUE WITH CONTENT
KPU soal Tes Baca Alquran: Tak Diatur Undang-undang,"Senin, 31 Des 2018 13:20 WIB",https://www.cnnindonesia.com/nasional/20181231130817-32-357514/kpu-soal-tes-baca-alquran-tak-diatur-undang-undang,ADVERTISEMENT SCROLL TO CONTINUE WITH CONTENT
Posko Prabowo-Sandi di Kandang Benteng Berdiri di Karanganyar,"Senin, 31 Des 2018 09:21 WIB",https://www.cnnindonesia.com/nasional/20181231085812-32-357440/posko-prabowo-sandi-di-kandang-benteng-berdiri-di-karanganyar,ADVERTISEMENT SCROLL TO CONTINUE WITH CONTENT
Fahri Sebut Visi Misi Jokowi dan Prabowo Nir Terobosan,"Senin, 31 Des 2018 08:55 WIB",https://www.cnnindonesia.com/nasional/20181231081441-32-357427/fahri-sebut-visi-misi-jokowi-dan-prabowo-nir-terobosan,ADVERTISEMENT SCROLL TO CONTINUE WITH CONTENT
Kubu Prabowo Sebut Uji Baca Alquran Tak Perlu Dilakukan,"Senin, 31 Des 2018 06:11 WIB",https://www.cnnindonesia.com/nasional/20181230151351-32-357352/kubu-prabowo-sebut-uji-baca-alquran-tak-perlu-dilakukan,ADVERTISEMENT SCROLL TO CONTINUE WITH CONTENT
"Malam Tahun Baru, Ma'ruf Amin Klaim Biasa Baca Alquran","Minggu, 30 Des 2018 20:36 WIB",https://www.cnnindonesia.com/nasional/20181230201449-32-357387/malam-tahun-baru-maruf-amin-klaim-biasa-baca-alquran,ADVERTISEMENT SCROLL TO CONTINUE WITH CONTENT
Hasto: Tes Alquran Koreksi Pemimpin yang Pakai Isu Agama,"Minggu, 30 Des 2018 18:55 WIB",https://www.cnnindonesia.com/nasional/20181230175116-32-357367/hasto-tes-alquran-koreksi-pemimpin-yang-pakai-isu-agama,ADVERTISEMENT SCROLL TO CONTINUE WITH CONTENT
Andi Arief Minta Mata Jokowi Diberikan untuk Novel Baswedan,"Minggu, 30 Des 2018 17:47 WIB",https://www.cnnindonesia.com/nasional/20181230171348-32-357364/andi-arief-minta-mata-jokowi-diberikan-untuk-novel-baswedan,ADVERTISEMENT SCROLL TO CONTINUE WITH CONTENT
"Tim Jokowi Ragukan Bambang Widjojanto, Minta KPU Netral","Minggu, 30 Des 2018 17:12 WIB",https://www.cnnindonesia.com/nasional/20181230162829-32-357361/tim-jokowi-ragukan-bambang-widjojanto-minta-kpu-netral,ADVERTISEMENT SCROLL TO CONTINUE WITH CONTENT
Ma'ruf Amin Minta Panelis Debat Jujur dan Adil,"Minggu, 30 Des 2018 14:41 WIB",https://www.cnnindonesia.com/nasional/20181230143612-32-357347/maruf-amin-minta-panelis-debat-jujur-dan-adil,ADVERTISEMENT SCROLL TO CONTINUE WITH CONTENT
Ma'ruf Amin Siap Datang ke Aceh Tes Baca Alquran,"Minggu, 30 Des 2018 13:44 WIB",https://www.cnnindonesia.com/nasional/20181230132611-32-357341/maruf-amin-siap-datang-ke-aceh-tes-baca-alquran,ADVERTISEMENT SCROLL TO CONTINUE WITH CONTENT
Penyebar Video Cawapres Berkostum Sinterklas Memohon Maaf,"Minggu, 30 Des 2018 06:01 WIB",https://www.cnnindonesia.com/nasional/20181230054814-12-357319/penyebar-video-cawapres-berkostum-sinterklas-memohon-maaf,ADVERTISEMENT SCROLL TO CONTINUE WITH CONTENT
TKN Tegaskan Jokowi-Ma'ruf Siap Uji Baca Alquran di Aceh,"Sabtu, 29 Des 2018 19:02 WIB",https://www.cnnindonesia.com/nasional/20181229184835-32-357287/tkn-tegaskan-jokowi-maruf-siap-uji-baca-alquran-di-aceh,ADVERTISEMENT SCROLL TO CONTINUE WITH CONTENT
"BW Panelis Debat, Ma'ruf Minta Obyektif dan Tak Menyudutkan","Sabtu, 29 Des 2018 17:48 WIB",https://www.cnnindonesia.com/nasional/20181229172744-32-357282/bw-panelis-debat-maruf-minta-obyektif-dan-tak-menyudutkan,ADVERTISEMENT SCROLL TO CONTINUE WITH CONTENT
KPU Sebut Sosialisasi Visi Misi Capres-Cawapres Bisa Batal,"Sabtu, 29 Des 2018 17:25 WIB",https://www.cnnindonesia.com/nasional/20181228210547-32-357188/kpu-sebut-sosialisasi-visi-misi-capres-cawapres-bisa-batal,ADVERTISEMENT SCROLL TO CONTINUE WITH CONTENT
"Takut Lupa, Ma'ruf Tak Buru-buru Persiapkan Debat Pilpres","Sabtu, 29 Des 2018 16:46 WIB",https://www.cnnindonesia.com/nasional/20181229163612-32-357273/takut-lupa-maruf-tak-buru-buru-persiapkan-debat-pilpres,ADVERTISEMENT SCROLL TO CONTINUE WITH CONTENT
Ma'ruf Maafkan Penyebar Video Hoaks Kostum Sinterklas,"Sabtu, 29 Des 2018 14:44 WIB",https://www.cnnindonesia.com/nasional/20181229141517-12-357259/maruf-maafkan-penyebar-video-hoaks-kostum-sinterklas,ADVERTISEMENT SCROLL TO CONTINUE WITH CONTENT
Dai Aceh Undang Jokowi-Prabowo Tes Baca Alquran di Masjid,"Sabtu, 29 Des 2018 14:05 WIB",https://www.cnnindonesia.com/nasional/20181229125519-32-357248/dai-aceh-undang-jokowi-prabowo-tes-baca-alquran-di-masjid,ADVERTISEMENT SCROLL TO CONTINUE WITH CONTENT
Ma'ruf Usul Jokowi Anggarkan Rp20 T untuk Pesantren Aswaja,"Sabtu, 29 Des 2018 12:57 WIB",https://www.cnnindonesia.com/nasional/20181229123717-32-357245/maruf-usul-jokowi-anggarkan-rp20-t-untuk-pesantren-aswaja,ADVERTISEMENT SCROLL TO CONTINUE WITH CONTENT
Ma'ruf Amin: Jokowi Tak Pernah Menculik dan Membunuh Orang,"Sabtu, 29 Des 2018 12:30 WIB",https://www.cnnindonesia.com/nasional/20181229121940-32-357243/maruf-amin-jokowi-tak-pernah-menculik-dan-membunuh-orang,ADVERTISEMENT SCROLL TO CONTINUE WITH CONTENT
Ma'ruf Amin Respons Ustaz Malaysia soal Maksiat dan Tsunami,"Sabtu, 29 Des 2018 10:43 WIB",https://www.cnnindonesia.com/nasional/20181229103501-20-357236/maruf-amin-respons-ustaz-malaysia-soal-maksiat-dan-tsunami,ADVERTISEMENT SCROLL TO CONTINUE WITH CONTENT
Jokowi dan Ma'ruf Evaluasi Elektabilitas Selama Kampanye,"Sabtu, 29 Des 2018 10:07 WIB",https://www.cnnindonesia.com/nasional/20181228150817-32-357033/jokowi-dan-maruf-evaluasi-elektabilitas-selama-kampanye,ADVERTISEMENT SCROLL TO CONTINUE WITH CONTENT
Ma'ruf Amin Istigasah Bareng Ulama untuk Korban Tsunami,"Sabtu, 29 Des 2018 08:05 WIB",https://www.cnnindonesia.com/nasional/20181229074802-20-357229/maruf-amin-istigasah-bareng-ulama-untuk-korban-tsunami,ADVERTISEMENT SCROLL TO CONTINUE WITH CONTENT
"Tim Panel Debat Capres, Guru Besar UI hingga Mantan Bos KPK","Sabtu, 29 Des 2018 06:31 WIB",https://www.cnnindonesia.com/nasional/20181228201213-32-357162/tim-panel-debat-capres-guru-besar-ui-hingga-mantan-bos-kpk,ADVERTISEMENT SCROLL TO CONTINUE WITH CONTENT
Video Joget Prabowo Dihapus karena Picu Kontroversi,"Sabtu, 29 Des 2018 01:14 WIB",https://www.cnnindonesia.com/nasional/20181228135533-32-357025/video-joget-prabowo-dihapus-karena-picu-kontroversi,ADVERTISEMENT SCROLL TO CONTINUE WITH CONTENT
"Kubu Prabowo Usul Rosiana Jadi Moderator, TKN Disebut Menolak","Jumat, 28 Des 2018 19:57 WIB",https://www.cnnindonesia.com/nasional/20181228181731-32-357127/kubu-prabowo-usul-rosiana-jadi-moderator-tkn-disebut-menolak,ADVERTISEMENT SCROLL TO CONTINUE WITH CONTENT
Palagan Narasi Optimisme Jokowi vs Pesimisme Prabowo,"Jumat, 28 Des 2018 19:08 WIB",https://www.cnnindonesia.com/nasional/20181228130027-32-357036/palagan-narasi-optimisme-jokowi-vs-pesimisme-prabowo,ADVERTISEMENT SCROLL TO CONTINUE WITH CONTENT
Tim Jokowi Sebut Kubu Prabowo Khawatir Kasus Pelanggaran HAM,"Jumat, 28 Des 2018 19:07 WIB",https://www.cnnindonesia.com/nasional/20181228174040-32-357108/tim-jokowi-sebut-kubu-prabowo-khawatir-kasus-pelanggaran-ham,ADVERTISEMENT SCROLL TO CONTINUE WITH CONTENT
Penyebar Hoax Ma'ruf Sinterklas Dilimpahkan ke Polda Aceh,"Jumat, 28 Des 2018 17:22 WIB",https://www.cnnindonesia.com/nasional/20181228164233-12-357096/penyebar-hoax-maruf-sinterklas-dilimpahkan-ke-polda-aceh,ADVERTISEMENT SCROLL TO CONTINUE WITH CONTENT
Ma'ruf Amin Tegaskan Tak Ada Larangan MUI soal Ucapan Natal,"Jumat, 28 Des 2018 16:03 WIB",https://www.cnnindonesia.com/nasional/20181228155246-32-357048/maruf-amin-tegaskan-tak-ada-larangan-mui-soal-ucapan-natal,ADVERTISEMENT SCROLL TO CONTINUE WITH CONTENT
"Soal Moderator Debat, TKN Jokowi Sebut Kubu Sebelah Paranoid","Jumat, 28 Des 2018 14:08 WIB",https://www.cnnindonesia.com/nasional/20181228134327-32-357006/soal-moderator-debat-tkn-jokowi-sebut-kubu-sebelah-paranoid,ADVERTISEMENT SCROLL TO CONTINUE WITH CONTENT
Jokowi Makan Siang Bersama Ma'ruf Amin,"Jumat, 28 Des 2018 13:53 WIB",https://www.cnnindonesia.com/nasional/20181228134435-32-357008/jokowi-makan-siang-bersama-maruf-amin,ADVERTISEMENT SCROLL TO CONTINUE WITH CONTENT
Maruf Amin: Pengaturan Skor Buat Sepak Bola Indonesia Mandek,"Jumat, 28 Des 2018 13:28 WIB",https://www.cnnindonesia.com/olahraga/20181228130944-142-356999/maruf-amin-pengaturan-skor-buat-sepak-bola-indonesia-mandek,ADVERTISEMENT SCROLL TO CONTINUE WITH CONTENT
TKN Nilai Sandi Tak Paham Otda dan Infrastruktur Pedesaan,"Jumat, 28 Des 2018 13:19 WIB",https://www.cnnindonesia.com/nasional/20181228111253-32-356983/tkn-nilai-sandi-tak-paham-otda-dan-infrastruktur-pedesaan,ADVERTISEMENT SCROLL TO CONTINUE WITH CONTENT
KPU Rapat dengan TKN dan BPN Tentukan Moderator Debat Pilpres,"Jumat, 28 Des 2018 09:47 WIB",https://www.cnnindonesia.com/nasional/20181228091904-32-356946/kpu-rapat-dengan-tkn-dan-bpn-tentukan-moderator-debat-pilpres,ADVERTISEMENT SCROLL TO CONTINUE WITH CONTENT
Tim Jokowi Maklumi Aksi Poco-poco Prabowo di Malam Natal,"Jumat, 28 Des 2018 09:33 WIB",https://www.cnnindonesia.com/nasional/20181228091037-32-356941/tim-jokowi-maklumi-aksi-poco-poco-prabowo-di-malam-natal,ADVERTISEMENT SCROLL TO CONTINUE WITH CONTENT
Mengintip Pesan Politik Foto 'One Man Show' Jokowi,"Jumat, 28 Des 2018 06:14 WIB",https://www.cnnindonesia.com/nasional/20181227212734-32-356898/mengintip-pesan-politik-foto-one-man-show-jokowi,ADVERTISEMENT SCROLL TO CONTINUE WITH CONTENT
PSI Polisikan Penyebar Video Ma'ruf Amin Berbaju Sinterklas,"Jumat, 28 Des 2018 01:55 WIB",https://www.cnnindonesia.com/nasional/20181228014811-12-356908/psi-polisikan-penyebar-video-maruf-amin-berbaju-sinterklas,ADVERTISEMENT SCROLL TO CONTINUE WITH CONTENT
BPN: Ma'ruf Harus Bedakan Masalah Bangsa dengan Pesimistis,"Kamis, 27 Des 2018 20:37 WIB",https://www.cnnindonesia.com/nasional/20181227144714-32-356769/bpn-maruf-harus-bedakan-masalah-bangsa-dengan-pesimistis,ADVERTISEMENT SCROLL TO CONTINUE WITH CONTENT
TKN: Pendiri PAN Minta Amien Rais Mundur Tak Terkait Jokowi,"Kamis, 27 Des 2018 20:13 WIB",https://www.cnnindonesia.com/nasional/20181227145853-32-356770/tkn-pendiri-pan-minta-amien-rais-mundur-tak-terkait-jokowi,ADVERTISEMENT SCROLL TO CONTINUE WITH CONTENT
"Target 20 Juta Suara, Buruh KSPSI Dukung Jokowi-Ma'ruf","Kamis, 27 Des 2018 19:23 WIB",https://www.cnnindonesia.com/nasional/20181227161317-32-356798/target-20-juta-suara-buruh-kspsi-dukung-jokowi-maruf,ADVERTISEMENT SCROLL TO CONTINUE WITH CONTENT
Tahun Politik dan Tensi Panas 2019,"Kamis, 27 Des 2018 15:09 WIB",https://www.cnnindonesia.com/nasional/20181221135450-32-355501/tahun-politik-dan-tensi-panas-2019,ADVERTISEMENT SCROLL TO CONTINUE WITH CONTENT
Ma'ruf Amin Ingin Moderator Debat Pilpres Tak Sudutkan Paslon,"Kamis, 27 Des 2018 14:06 WIB",https://www.cnnindonesia.com/nasional/20181227134221-32-356746/maruf-amin-ingin-moderator-debat-pilpres-tak-sudutkan-paslon,ADVERTISEMENT SCROLL TO CONTINUE WITH CONTENT
Ma'ruf Nilai Prabowo Contoh Pemimpin yang Pesimistis,"Kamis, 27 Des 2018 11:41 WIB",https://www.cnnindonesia.com/nasional/20181227095115-32-356663/maruf-nilai-prabowo-contoh-pemimpin-yang-pesimistis,ADVERTISEMENT SCROLL TO CONTINUE WITH CONTENT
"Para Calon Moderator Debat Pilpres, dari Najwa hingga Alfito","Kamis, 27 Des 2018 11:02 WIB",https://www.cnnindonesia.com/nasional/20181227104619-32-356675/para-calon-moderator-debat-pilpres-dari-najwa-hingga-alfito,ADVERTISEMENT SCROLL TO CONTINUE WITH CONTENT
Ma'ruf Jawab Sandi: Bangun Infrastruktur Tak Bisa Simsalabim,"Kamis, 27 Des 2018 09:23 WIB",https://www.cnnindonesia.com/nasional/20181227085220-32-356649/maruf-jawab-sandi-bangun-infrastruktur-tak-bisa-simsalabim,ADVERTISEMENT SCROLL TO CONTINUE WITH CONTENT
Mubalig se-Pulau Jawa Deklarasi Dukung Jokowi-Ma'ruf,"Kamis, 27 Des 2018 08:46 WIB",https://www.cnnindonesia.com/nasional/20181227081719-32-356646/mubalig-se-pulau-jawa-deklarasi-dukung-jokowi-maruf,ADVERTISEMENT SCROLL TO CONTINUE WITH CONTENT
KPU Masih Bahas Format Sosialisasi Visi Misi Capres-Cawapres,"Kamis, 27 Des 2018 04:52 WIB",https://www.cnnindonesia.com/nasional/20181226201133-32-356584/kpu-masih-bahas-format-sosialisasi-visi-misi-capres-cawapres,ADVERTISEMENT SCROLL TO CONTINUE WITH CONTENT
Tim Jokowi Minta Prabowo Tak Hina dan Kecilkan Indonesia,"Rabu, 26 Des 2018 19:41 WIB",https://www.cnnindonesia.com/nasional/20181226183725-32-356564/tim-jokowi-minta-prabowo-tak-hina-dan-kecilkan-indonesia,ADVERTISEMENT SCROLL TO CONTINUE WITH CONTENT
"Gerindra: Prabowo Tak Rayakan Natal, Hanya Acara Keluarga","Rabu, 26 Des 2018 19:25 WIB",https://www.cnnindonesia.com/nasional/20181226190416-32-356573/gerindra-prabowo-tak-rayakan-natal-hanya-acara-keluarga,ADVERTISEMENT SCROLL TO CONTINUE WITH CONTENT
Ucapan Natal dan Upaya Genjot Elektabilitas ala Ma'ruf Amin,"Rabu, 26 Des 2018 19:08 WIB",https://www.cnnindonesia.com/nasional/20181226140434-32-356461/ucapan-natal-dan-upaya-genjot-elektabilitas-ala-maruf-amin,ADVERTISEMENT SCROLL TO CONTINUE WITH CONTENT
TKN soal Ma'ruf Ucapkan Natal: Fatwa MUI Tak Pernah Haramkan,"Rabu, 26 Des 2018 16:37 WIB",https://www.cnnindonesia.com/nasional/20181226161957-32-356513/tkn-soal-maruf-ucapkan-natal-fatwa-mui-tak-pernah-haramkan,ADVERTISEMENT SCROLL TO CONTINUE WITH CONTENT
"Tsunami Selat Sunda, Ma'ruf Ingin Anggaran Bencana Diperbesar","Rabu, 26 Des 2018 16:12 WIB",https://www.cnnindonesia.com/nasional/20181226142301-20-356470/tsunami-selat-sunda-maruf-ingin-anggaran-bencana-diperbesar,ADVERTISEMENT SCROLL TO CONTINUE WITH CONTENT
"Doakan Korban Tsunami, Ma'ruf Akan Hadiri Istigasah di Banten","Rabu, 26 Des 2018 13:56 WIB",https://www.cnnindonesia.com/nasional/20181226131943-20-356433/doakan-korban-tsunami-maruf-akan-hadiri-istigasah-di-banten,ADVERTISEMENT SCROLL TO CONTINUE WITH CONTENT
"Belum Ada Fatwa Ucapan Natal, MUI Imbau Umat Patuhi Ulama","Selasa, 25 Des 2018 21:16 WIB",https://www.cnnindonesia.com/nasional/20181225210849-20-356321/belum-ada-fatwa-ucapan-natal-mui-imbau-umat-patuhi-ulama,ADVERTISEMENT SCROLL TO CONTINUE WITH CONTENT
Eddy Soeparno Belum Terima Surat Mundur Bendum PAN,"Selasa, 25 Des 2018 18:43 WIB",https://www.cnnindonesia.com/nasional/20181225180953-32-356275/eddy-soeparno-belum-terima-surat-mundur-bendum-pan,ADVERTISEMENT SCROLL TO CONTINUE WITH CONTENT
"Polemik Ucapan Natal Ma'ruf Amin, MUI Belum Terbitkan Fatwa","Selasa, 25 Des 2018 10:43 WIB",https://www.cnnindonesia.com/nasional/20181225095718-20-356176/polemik-ucapan-natal-maruf-amin-mui-belum-terbitkan-fatwa,ADVERTISEMENT SCROLL TO CONTINUE WITH CONTENT
"Ma'ruf Doa Bersama di Banten, Sandi Temui Petani di Sulsel","Selasa, 25 Des 2018 10:19 WIB",https://www.cnnindonesia.com/nasional/20181224195402-32-356110/maruf-doa-bersama-di-banten-sandi-temui-petani-di-sulsel,ADVERTISEMENT SCROLL TO CONTINUE WITH CONTENT
Beredar Video Ma'ruf Amin Ucapkan Selamat Natal,"Selasa, 25 Des 2018 09:34 WIB",https://www.cnnindonesia.com/nasional/20181225092006-32-356164/beredar-video-maruf-amin-ucapkan-selamat-natal,ADVERTISEMENT SCROLL TO CONTINUE WITH CONTENT
Ma'ruf Yakin Unggul di Bogor-Jakarta dengan Selisih 20 Persen,"Selasa, 25 Des 2018 04:12 WIB",https://www.cnnindonesia.com/nasional/20181224170602-32-356087/maruf-yakin-unggul-di-bogor-jakarta-dengan-selisih-20-persen,ADVERTISEMENT SCROLL TO CONTINUE WITH CONTENT
Ma'ruf soal Jokowi Kader PKI: PKI Mata Lu,"Senin, 24 Des 2018 17:42 WIB",https://www.cnnindonesia.com/nasional/20181224173332-32-356094/maruf-soal-jokowi-kader-pki-pki-mata-lu,ADVERTISEMENT SCROLL TO CONTINUE WITH CONTENT
"Ma'ruf Kirim 'Remaja' ke Area Tsunami, Prabowo Pasok Dokter","Senin, 24 Des 2018 12:00 WIB",https://www.cnnindonesia.com/nasional/20181224114324-20-356006/maruf-kirim-remaja-ke-area-tsunami-prabowo-pasok-dokter,ADVERTISEMENT SCROLL TO CONTINUE WITH CONTENT
Prabowo Ucapkan Belasungkawa untuk Korban Tsunami Selat Sunda,"Minggu, 23 Des 2018 20:00 WIB",https://www.cnnindonesia.com/nasional/20181223194151-20-355939/prabowo-ucapkan-belasungkawa-untuk-korban-tsunami-selat-sunda,ADVERTISEMENT SCROLL TO CONTINUE WITH CONTENT
Ma'ruf Amin dan Sandiaga Turut Berduka Atas Tsunami Banten,"Minggu, 23 Des 2018 17:04 WIB",https://www.cnnindonesia.com/nasional/20181223134248-20-355832/maruf-amin-dan-sandiaga-turut-berduka-atas-tsunami-banten,ADVERTISEMENT SCROLL TO CONTINUE WITH CONTENT
Timses Jokowi-Ma'ruf Klaim Unggul di Banten,"Minggu, 23 Des 2018 05:44 WIB",https://www.cnnindonesia.com/nasional/20181222202352-32-355757/timses-jokowi-maruf-klaim-unggul-di-banten,ADVERTISEMENT SCROLL TO CONTINUE WITH CONTENT
JK Minta Kader Golkar Konsisten Dukung Jokowi di Pilpres 2019,"Sabtu, 22 Des 2018 21:41 WIB",https://www.cnnindonesia.com/nasional/20181222211309-32-355760/jk-minta-kader-golkar-konsisten-dukung-jokowi-di-pilpres-2019,ADVERTISEMENT SCROLL TO CONTINUE WITH CONTENT
"Tanggapi SBY, Timses Jokowi Klaim Lebih Sering Diganggu","Sabtu, 22 Des 2018 16:52 WIB",https://www.cnnindonesia.com/nasional/20181222160739-32-355736/tanggapi-sby-timses-jokowi-klaim-lebih-sering-diganggu,ADVERTISEMENT SCROLL TO CONTINUE WITH CONTENT
Menakar Efek Janji SBY pada Elektabilitas Prabowo-Sandi,"Sabtu, 22 Des 2018 15:50 WIB",https://www.cnnindonesia.com/nasional/20181222111350-32-355697/menakar-efek-janji-sby-pada-elektabilitas-prabowo-sandi,ADVERTISEMENT SCROLL TO CONTINUE WITH CONTENT
Jokowi Minta Bantuan JK Bila Terpilih Lagi Jadi Presiden,"Sabtu, 22 Des 2018 15:17 WIB",https://www.cnnindonesia.com/nasional/20181222142720-32-355728/jokowi-minta-bantuan-jk-bila-terpilih-lagi-jadi-presiden,ADVERTISEMENT SCROLL TO CONTINUE WITH CONTENT
Jokowi Targetkan Lebih dari 70 Persen Suara di Sulsel,"Sabtu, 22 Des 2018 12:07 WIB",https://www.cnnindonesia.com/nasional/20181222115313-32-355698/jokowi-targetkan-lebih-dari-70-persen-suara-di-sulsel,ADVERTISEMENT SCROLL TO CONTINUE WITH CONTENT
BPN Sebut SBY Sempat Paparkan Survei Prabowo Menang di Jatim,"Sabtu, 22 Des 2018 07:50 WIB",https://www.cnnindonesia.com/nasional/20181222073245-20-355684/bpn-sebut-sby-sempat-paparkan-survei-prabowo-menang-di-jatim,ADVERTISEMENT SCROLL TO CONTINUE WITH CONTENT
Ratusan Perempuan Banten Deklarasi untuk Jokowi-Ma'ruf,"Sabtu, 22 Des 2018 05:10 WIB",https://www.cnnindonesia.com/nasional/20181221204720-32-355631/ratusan-perempuan-banten-deklarasi-untuk-jokowi-maruf,ADVERTISEMENT SCROLL TO CONTINUE WITH CONTENT
Pengamat: Elektabilitas Jokowi Stagnan Karena Kurang Peran NU,"Jumat, 21 Des 2018 23:41 WIB",https://www.cnnindonesia.com/nasional/20181221231002-32-355663/pengamat-elektabilitas-jokowi-stagnan-karena-kurang-peran-nu,ADVERTISEMENT SCROLL TO CONTINUE WITH CONTENT
TKN Sebut Gerak Demokrat Tak Akan Signifikan Bantu Prabowo,"Jumat, 21 Des 2018 21:36 WIB",https://www.cnnindonesia.com/nasional/20181221211527-32-355647/tkn-sebut-gerak-demokrat-tak-akan-signifikan-bantu-prabowo,ADVERTISEMENT SCROLL TO CONTINUE WITH CONTENT
TKN: Akuisisi Freeport Bukti Jokowi Bukan Pro Asing,"Jumat, 21 Des 2018 20:54 WIB",https://www.cnnindonesia.com/nasional/20181221200227-32-355620/tkn-akuisisi-freeport-bukti-jokowi-bukan-pro-asing,ADVERTISEMENT SCROLL TO CONTINUE WITH CONTENT
TKN Minta SBY Ingatkan Prabowo Kurangi Kampanye Provokatif,"Jumat, 21 Des 2018 17:59 WIB",https://www.cnnindonesia.com/nasional/20181221174522-32-355585/tkn-minta-sby-ingatkan-prabowo-kurangi-kampanye-provokatif,ADVERTISEMENT SCROLL TO CONTINUE WITH CONTENT
Strategi Bertahan Disebut Picu Suara Jokowi-Ma'ruf Stagnan,"Jumat, 21 Des 2018 17:21 WIB",https://www.cnnindonesia.com/nasional/20181221163407-32-355566/strategi-bertahan-disebut-picu-suara-jokowi-maruf-stagnan,ADVERTISEMENT SCROLL TO CONTINUE WITH CONTENT
TKN Minta Prabowo-Sandi Jujur Akui Trans Jawa Prestasi Jokowi,"Jumat, 21 Des 2018 16:52 WIB",https://www.cnnindonesia.com/nasional/20181221144748-32-355519/tkn-minta-prabowo-sandi-jujur-akui-trans-jawa-prestasi-jokowi,ADVERTISEMENT SCROLL TO CONTINUE WITH CONTENT
BPN Sebut Raja Juli Badut Politik Ungkit 'Jenderal Kardus',"Jumat, 21 Des 2018 14:49 WIB",https://www.cnnindonesia.com/nasional/20181221143416-32-355513/bpn-sebut-raja-juli-badut-politik-ungkit-jenderal-kardus,ADVERTISEMENT SCROLL TO CONTINUE WITH CONTENT
Pertemuan SBY-Prabowo Akan Digelar Rutin Tiap Bulan,"Jumat, 21 Des 2018 13:43 WIB",https://www.cnnindonesia.com/nasional/20181221132946-32-355487/pertemuan-sby-prabowo-akan-digelar-rutin-tiap-bulan,ADVERTISEMENT SCROLL TO CONTINUE WITH CONTENT
TKN Beri Bantuan Hukum Erick Thohir soal 'Sandiwara' Sandiaga,"Jumat, 21 Des 2018 13:06 WIB",https://www.cnnindonesia.com/nasional/20181221125721-32-355479/tkn-beri-bantuan-hukum-erick-thohir-soal-sandiwara-sandiaga,ADVERTISEMENT SCROLL TO CONTINUE WITH CONTENT
TKN: Pertemuan SBY-Prabowo untuk Mengingat 'Jenderal Kardus',"Jumat, 21 Des 2018 12:12 WIB",https://www.cnnindonesia.com/nasional/20181221112929-32-355471/tkn-pertemuan-sby-prabowo-untuk-mengingat-jenderal-kardus,ADVERTISEMENT SCROLL TO CONTINUE WITH CONTENT
Tim Jokowi Nilai Prabowo Tak Islami Gebrak Meja Depan Ulama,"Jumat, 21 Des 2018 06:13 WIB",https://www.cnnindonesia.com/nasional/20181220190548-32-355330/tim-jokowi-nilai-prabowo-tak-islami-gebrak-meja-depan-ulama,ADVERTISEMENT SCROLL TO CONTINUE WITH CONTENT
BPN Kutip Sejarah Nusantara Bela Prabowo Soal Indonesia Punah,"Jumat, 21 Des 2018 05:45 WIB",https://www.cnnindonesia.com/nasional/20181221052741-32-355390/bpn-kutip-sejarah-nusantara-bela-prabowo-soal-indonesia-punah,ADVERTISEMENT SCROLL TO CONTINUE WITH CONTENT
PDIP Klaim Tak Gunakan Dana Bantuan APBN untuk Kampanye,"Jumat, 21 Des 2018 05:24 WIB",https://www.cnnindonesia.com/nasional/20181220164304-32-355260/pdip-klaim-tak-gunakan-dana-bantuan-apbn-untuk-kampanye,ADVERTISEMENT SCROLL TO CONTINUE WITH CONTENT
Abuya Muhtadi Minta NU-Muhammadiyah Bersatu Bantu Jokowi,"Jumat, 21 Des 2018 05:16 WIB",https://www.cnnindonesia.com/nasional/20181221040857-32-355388/abuya-muhtadi-minta-nu-muhammadiyah-bersatu-bantu-jokowi,ADVERTISEMENT SCROLL TO CONTINUE WITH CONTENT
"Anies Turun Gunung, TKN Yakin Tak Gerus Elektabilitas Jokowi","Jumat, 21 Des 2018 00:27 WIB",https://www.cnnindonesia.com/nasional/20181220234219-32-355382/anies-turun-gunung-tkn-yakin-tak-gerus-elektabilitas-jokowi,ADVERTISEMENT SCROLL TO CONTINUE WITH CONTENT
JK soal TGB Gabung Golkar: Suara di NTB Pasti Naik,"Kamis, 20 Des 2018 18:16 WIB",https://www.cnnindonesia.com/nasional/20181220162959-32-355283/jk-soal-tgb-gabung-golkar-suara-di-ntb-pasti-naik,ADVERTISEMENT SCROLL TO CONTINUE WITH CONTENT
SBY Disebut Jadi Mentor Prabowo di Debat Pilpres 2019,"Kamis, 20 Des 2018 17:07 WIB",https://www.cnnindonesia.com/nasional/20181220165051-32-355265/sby-disebut-jadi-mentor-prabowo-di-debat-pilpres-2019,ADVERTISEMENT SCROLL TO CONTINUE WITH CONTENT
Moeldoko Sebut Reuni 212 Tak 'Nendang',"Kamis, 20 Des 2018 16:59 WIB",https://www.cnnindonesia.com/nasional/20181220160104-32-355244/moeldoko-sebut-reuni-212-tak-nendang,ADVERTISEMENT SCROLL TO CONTINUE WITH CONTENT
Fungsionaris: TGB Zainul Majdi Lebih Pas dengan PKB,"Kamis, 20 Des 2018 16:11 WIB",https://www.cnnindonesia.com/nasional/20181220152342-32-355224/fungsionaris-tgb-zainul-majdi-lebih-pas-dengan-pkb,ADVERTISEMENT SCROLL TO CONTINUE WITH CONTENT
"Beda dengan Data Luhut, Ma'ruf Amin Klaim Menang di Banten","Kamis, 20 Des 2018 15:34 WIB",https://www.cnnindonesia.com/nasional/20181220144759-32-355205/beda-dengan-data-luhut-maruf-amin-klaim-menang-di-banten,ADVERTISEMENT SCROLL TO CONTINUE WITH CONTENT
TGB Zainul Majdi Dikabarkan Gabung Golkar,"Kamis, 20 Des 2018 12:06 WIB",https://www.cnnindonesia.com/nasional/20181220120006-32-355151/tgb-zainul-majdi-dikabarkan-gabung-golkar,ADVERTISEMENT SCROLL TO CONTINUE WITH CONTENT
PDIP Safari Politik di Tanah Kelahiran Ma'ruf Amin,"Kamis, 20 Des 2018 09:44 WIB",https://www.cnnindonesia.com/nasional/20181220090758-32-355110/pdip-safari-politik-di-tanah-kelahiran-maruf-amin,ADVERTISEMENT SCROLL TO CONTINUE WITH CONTENT
LSI Ungkap 5 Alasan Reuni 212 Gagal Gerus Suara Jokowi,"Kamis, 20 Des 2018 08:59 WIB",https://www.cnnindonesia.com/nasional/20181220072508-32-355083/lsi-ungkap-5-alasan-reuni-212-gagal-gerus-suara-jokowi,ADVERTISEMENT SCROLL TO CONTINUE WITH CONTENT
Thohir Klaim Jokowi Akan Teruskan Pemerataan Pembangunan,"Kamis, 20 Des 2018 05:41 WIB",https://www.cnnindonesia.com/nasional/20181219200239-32-355047/thohir-klaim-jokowi-akan-teruskan-pemerataan-pembangunan,ADVERTISEMENT SCROLL TO CONTINUE WITH CONTENT
Survei LSI: Reuni 212 Gagal Gerus Elektabilitas Jokowi-Ma'ruf,"Kamis, 20 Des 2018 01:34 WIB",https://www.cnnindonesia.com/nasional/20181220010836-32-355072/survei-lsi-reuni-212-gagal-gerus-elektabilitas-jokowi-maruf,ADVERTISEMENT SCROLL TO CONTINUE WITH CONTENT
Ma'ruf Sebut Kasus Bahar Bin Smith Bukan Kriminalisasi,"Rabu, 19 Des 2018 22:06 WIB",https://www.cnnindonesia.com/nasional/20181219211118-32-355065/maruf-sebut-kasus-bahar-bin-smith-bukan-kriminalisasi,ADVERTISEMENT SCROLL TO CONTINUE WITH CONTENT
Kubu Prabowo Tak Ingin Debat Jadi Ajang Saling Menjatuhkan,"Rabu, 19 Des 2018 19:32 WIB",https://www.cnnindonesia.com/nasional/20181219190746-32-355021/kubu-prabowo-tak-ingin-debat-jadi-ajang-saling-menjatuhkan,ADVERTISEMENT SCROLL TO CONTINUE WITH CONTENT
KPPU Sebut Praktik Usaha Tak Sehat di Daerah Marak pada 2019,"Rabu, 19 Des 2018 17:48 WIB",https://www.cnnindonesia.com/ekonomi/20181219165330-92-354993/kppu-sebut-praktik-usaha-tak-sehat-di-daerah-marak-pada-2019,ADVERTISEMENT SCROLL TO CONTINUE WITH CONTENT
Yenny Akui Jokowi Tahan Mental Ditampar Isu Antek Asing-Aseng,"Rabu, 19 Des 2018 17:33 WIB",https://www.cnnindonesia.com/nasional/20181219142257-32-354894/yenny-akui-jokowi-tahan-mental-ditampar-isu-antek-asing-aseng,ADVERTISEMENT SCROLL TO CONTINUE WITH CONTENT
"KPU Sebut Ada Lima Debat di Pilpres 2019, Dibuka oleh Isu HAM","Rabu, 19 Des 2018 17:24 WIB",https://www.cnnindonesia.com/nasional/20181219164857-32-354992/kpu-sebut-ada-lima-debat-di-pilpres-2019-dibuka-oleh-isu-ham,ADVERTISEMENT SCROLL TO CONTINUE WITH CONTENT
"Biaya Mahal, Debat Pilpres Tak Digelar di Aceh dan Papua","Rabu, 19 Des 2018 15:05 WIB",https://www.cnnindonesia.com/nasional/20181219130432-32-354839/biaya-mahal-debat-pilpres-tak-digelar-di-aceh-dan-papua,ADVERTISEMENT SCROLL TO CONTINUE WITH CONTENT
"Jokowi: Kalau Saya Anti-Ulama, Tak Mungkin Ada Hari Santri","Rabu, 19 Des 2018 12:30 WIB",https://www.cnnindonesia.com/nasional/20181219122049-32-354821/jokowi-kalau-saya-anti-ulama-tak-mungkin-ada-hari-santri,ADVERTISEMENT SCROLL TO CONTINUE WITH CONTENT
Jurkam Jokowi: Ahoker Masih Solid Dukung di Media Sosial,"Rabu, 19 Des 2018 10:48 WIB",https://www.cnnindonesia.com/nasional/20181219100723-32-354799/jurkam-jokowi-ahoker-masih-solid-dukung-di-media-sosial,ADVERTISEMENT SCROLL TO CONTINUE WITH CONTENT
"Ma'ruf Mulai Jajal Sukabumi, Sandi Ziarah Makam Sukarno","Rabu, 19 Des 2018 10:21 WIB",https://www.cnnindonesia.com/nasional/20181219100043-32-354800/maruf-mulai-jajal-sukabumi-sandi-ziarah-makam-sukarno,ADVERTISEMENT SCROLL TO CONTINUE WITH CONTENT
"Bantah Sewa 'Cyber Troops', Tim Jokowi Klaim Andalkan Relawan","Rabu, 19 Des 2018 09:41 WIB",https://www.cnnindonesia.com/nasional/20181219092508-32-354794/bantah-sewa-cyber-troops-tim-jokowi-klaim-andalkan-relawan,ADVERTISEMENT SCROLL TO CONTINUE WITH CONTENT
PDIP: Emak-emak Bingung Saat Ditanya Prestasi Prabowo,"Rabu, 19 Des 2018 07:12 WIB",https://www.cnnindonesia.com/nasional/20181219065808-32-354768/pdip-emak-emak-bingung-saat-ditanya-prestasi-prabowo,ADVERTISEMENT SCROLL TO CONTINUE WITH CONTENT
Tim Jokowi: Negara Justru Terancam Bahaya Jika Prabowo Menang,"Rabu, 19 Des 2018 06:12 WIB",https://www.cnnindonesia.com/nasional/20181218142817-32-354562/tim-jokowi-negara-justru-terancam-bahaya-jika-prabowo-menang,ADVERTISEMENT SCROLL TO CONTINUE WITH CONTENT
Ma'ruf soal Bendera Demokrat Rusak: Jangan Asal Menyimpulkan,"Rabu, 19 Des 2018 04:21 WIB",https://www.cnnindonesia.com/nasional/20181218133728-32-354541/maruf-soal-bendera-demokrat-rusak-jangan-asal-menyimpulkan,ADVERTISEMENT SCROLL TO CONTINUE WITH CONTENT
Alumni UI dan Buruh Deklarasi Dukung Jokowi-Ma'ruf di Januari,"Rabu, 19 Des 2018 02:40 WIB",https://www.cnnindonesia.com/nasional/20181218145605-32-354569/alumni-ui-dan-buruh-deklarasi-dukung-jokowi-maruf-di-januari,ADVERTISEMENT SCROLL TO CONTINUE WITH CONTENT
Ma'ruf Minta Setop Perdebatan Kotak Suara 'Kardus',"Selasa, 18 Des 2018 20:06 WIB",https://www.cnnindonesia.com/nasional/20181218132855-32-354538/maruf-minta-setop-perdebatan-kotak-suara-kardus,ADVERTISEMENT SCROLL TO CONTINUE WITH CONTENT
Ma'ruf Amin Janji 'Cuci Otak' Ulama Radikal kalau Jadi Wapres,"Selasa, 18 Des 2018 18:28 WIB",https://www.cnnindonesia.com/nasional/20181218180713-32-354644/maruf-amin-janji-cuci-otak-ulama-radikal-kalau-jadi-wapres,ADVERTISEMENT SCROLL TO CONTINUE WITH CONTENT
Kekecewaan Ahoker di Balik Keunggulan Tim Siber Prabowo,"Selasa, 18 Des 2018 17:04 WIB",https://www.cnnindonesia.com/nasional/20181218162355-32-354609/kekecewaan-ahoker-di-balik-keunggulan-tim-siber-prabowo,ADVERTISEMENT SCROLL TO CONTINUE WITH CONTENT
"Berangsur Pulih, Ma'ruf Akui Tak Sabar Terbang Jauh ke Daerah","Selasa, 18 Des 2018 14:21 WIB",https://www.cnnindonesia.com/nasional/20181218134342-32-354539/berangsur-pulih-maruf-akui-tak-sabar-terbang-jauh-ke-daerah,ADVERTISEMENT SCROLL TO CONTINUE WITH CONTENT
"Jeblok di Banten, Relawan Jokowi-Ma'ruf Siap Tumpah Darah","Selasa, 18 Des 2018 13:29 WIB",https://www.cnnindonesia.com/nasional/20181218131419-32-354534/jeblok-di-banten-relawan-jokowi-maruf-siap-tumpah-darah,ADVERTISEMENT SCROLL TO CONTINUE WITH CONTENT
"Respons Doa Anies, TKN Tegaskan Jokowi Bukan Ahok","Selasa, 18 Des 2018 12:58 WIB",https://www.cnnindonesia.com/nasional/20181218120645-32-354518/respons-doa-anies-tkn-tegaskan-jokowi-bukan-ahok,ADVERTISEMENT SCROLL TO CONTINUE WITH CONTENT
Fahri Hamzah Usul 'Negara Bisa Punah' Jadi Tema Debat Capres,"Selasa, 18 Des 2018 12:50 WIB",https://www.cnnindonesia.com/nasional/20181218122945-32-354517/fahri-hamzah-usul-negara-bisa-punah-jadi-tema-debat-capres,ADVERTISEMENT SCROLL TO CONTINUE WITH CONTENT
Ma'ruf ke Prabowo Soal Indonesia Punah: Memangnya Hewan Purba,"Selasa, 18 Des 2018 11:55 WIB",https://www.cnnindonesia.com/nasional/20181218112908-32-354508/maruf-ke-prabowo-soal-indonesia-punah-memangnya-hewan-purba,ADVERTISEMENT SCROLL TO CONTINUE WITH CONTENT
TKN Minta CalegDoor to DoorKampanye Jokowi,"Selasa, 18 Des 2018 07:30 WIB",https://www.cnnindonesia.com/nasional/20181218070133-32-354451/tkn-minta-caleg-door-to-door-kampanye-jokowi,ADVERTISEMENT SCROLL TO CONTINUE WITH CONTENT
Sandi Sebut Prestasi Lebih Penting dari Gelar Akademik,"Selasa, 18 Des 2018 05:52 WIB",https://www.cnnindonesia.com/nasional/20181218054435-32-354441/sandi-sebut-prestasi-lebih-penting-dari-gelar-akademik,ADVERTISEMENT SCROLL TO CONTINUE WITH CONTENT
Cucu Pendiri NU Tegaskan Nahdliyin Belum Tentu Pilih Jokowi,"Selasa, 18 Des 2018 03:37 WIB",https://www.cnnindonesia.com/nasional/20181218012021-20-354429/cucu-pendiri-nu-tegaskan-nahdliyin-belum-tentu-pilih-jokowi,ADVERTISEMENT SCROLL TO CONTINUE WITH CONTENT
"Koyak Suara Jokowi di Jateng, Tim Prabowo Siagakan Dua Markas","Selasa, 18 Des 2018 03:19 WIB",https://www.cnnindonesia.com/nasional/20181217211552-32-354409/koyak-suara-jokowi-di-jateng-tim-prabowo-siagakan-dua-markas,ADVERTISEMENT SCROLL TO CONTINUE WITH CONTENT
TKN Bantah Elektabilitas Jokowi-Ma'ruf Merosot,"Selasa, 18 Des 2018 00:17 WIB",https://www.cnnindonesia.com/nasional/20181218000229-32-354423/tkn-bantah-elektabilitas-jokowi-maruf-merosot,ADVERTISEMENT SCROLL TO CONTINUE WITH CONTENT
Cak Imin Maklumi Ma'ruf Belum Dongkrak Elektabilitas Jokowi,"Senin, 17 Des 2018 23:26 WIB",https://www.cnnindonesia.com/nasional/20181217183427-32-354360/cak-imin-maklumi-maruf-belum-dongkrak-elektabilitas-jokowi,ADVERTISEMENT SCROLL TO CONTINUE WITH CONTENT
JK Akui Elektabilitas Jokowi-Ma'ruf di Banten Masih Negatif,"Senin, 17 Des 2018 23:12 WIB",https://www.cnnindonesia.com/nasional/20181217224955-32-354421/jk-akui-elektabilitas-jokowi-maruf-di-banten-masih-negatif,ADVERTISEMENT SCROLL TO CONTINUE WITH CONTENT
Wiranto Sebut Oknum Demokrat dan PDIP Dalang Kasus Bendera,"Senin, 17 Des 2018 22:06 WIB",https://www.cnnindonesia.com/nasional/20181217194756-32-354388/wiranto-sebut-oknum-demokrat-dan-pdip-dalang-kasus-bendera,ADVERTISEMENT SCROLL TO CONTINUE WITH CONTENT
Jusuf Kalla Pimpin Rapat Koordinasi TKN Jokowi-Ma'ruf,"Senin, 17 Des 2018 21:34 WIB",https://www.cnnindonesia.com/nasional/20181217212518-32-354412/jusuf-kalla-pimpin-rapat-koordinasi-tkn-jokowi-maruf,ADVERTISEMENT SCROLL TO CONTINUE WITH CONTENT
"Gelar di Iklan KPU, Tim Jokowi Sindir Tim Prabowo Cek Dokumen","Senin, 17 Des 2018 20:50 WIB",https://www.cnnindonesia.com/nasional/20181217183559-32-354371/gelar-di-iklan-kpu-tim-jokowi-sindir-tim-prabowo-cek-dokumen,ADVERTISEMENT SCROLL TO CONTINUE WITH CONTENT
KPU Sebut Pencantuman Gelar Sesuai di Formulir Pendaftaran,"Senin, 17 Des 2018 20:31 WIB",https://www.cnnindonesia.com/nasional/20181217191154-32-354378/kpu-sebut-pencantuman-gelar-sesuai-di-formulir-pendaftaran,ADVERTISEMENT SCROLL TO CONTINUE WITH CONTENT
"Tahu Diri, Prabowo Akui Tak Bisa Jadi Imam Salat","Senin, 17 Des 2018 19:56 WIB",https://www.cnnindonesia.com/nasional/20181217194826-32-354386/tahu-diri-prabowo-akui-tak-bisa-jadi-imam-salat,ADVERTISEMENT SCROLL TO CONTINUE WITH CONTENT
"Bantah Paloh, TGB Belum Putuskan Masuk Partai Manapun","Senin, 17 Des 2018 19:30 WIB",https://www.cnnindonesia.com/nasional/20181217192215-32-354379/bantah-paloh-tgb-belum-putuskan-masuk-partai-manapun,ADVERTISEMENT SCROLL TO CONTINUE WITH CONTENT
Luhut Sebut Elektabilitas Turun karena Ma'ruf Absen Kampanye,"Senin, 17 Des 2018 18:54 WIB",https://www.cnnindonesia.com/nasional/20181217184301-32-354366/luhut-sebut-elektabilitas-turun-karena-maruf-absen-kampanye,ADVERTISEMENT SCROLL TO CONTINUE WITH CONTENT
Jokowi Sebut Nilai Antidiskriminasi Gus Dur Harus Diterapkan,"Senin, 17 Des 2018 17:22 WIB",https://www.cnnindonesia.com/nasional/20181217164827-32-354327/jokowi-sebut-nilai-antidiskriminasi-gus-dur-harus-diterapkan,ADVERTISEMENT SCROLL TO CONTINUE WITH CONTENT
Surya Paloh Klaim TGB Zainul Majdi Gabung NasDem,"Senin, 17 Des 2018 16:32 WIB",https://www.cnnindonesia.com/nasional/20181217162510-32-354317/surya-paloh-klaim-tgb-zainul-majdi-gabung-nasdem,ADVERTISEMENT SCROLL TO CONTINUE WITH CONTENT
Iklan KPU Diprotes Tak Cantumkan Gelar Lengkap Prabowo-Sandi,"Senin, 17 Des 2018 12:47 WIB",https://www.cnnindonesia.com/nasional/20181217124034-32-354233/iklan-kpu-diprotes-tak-cantumkan-gelar-lengkap-prabowo-sandi,ADVERTISEMENT SCROLL TO CONTINUE WITH CONTENT
"Polemik Kotak Suara Kardus, Tim Jokowi dan Prabowo Beda Suara","Senin, 17 Des 2018 10:47 WIB",https://www.cnnindonesia.com/nasional/20181217093527-32-354159/polemik-kotak-suara-kardus-tim-jokowi-dan-prabowo-beda-suara,ADVERTISEMENT SCROLL TO CONTINUE WITH CONTENT
"Bongkar Cerita Cameron, Jokowi Ingatkan Survei Bisa Meleset","Senin, 17 Des 2018 08:16 WIB",https://www.cnnindonesia.com/nasional/20181217080329-32-354145/bongkar-cerita-cameron-jokowi-ingatkan-survei-bisa-meleset,ADVERTISEMENT SCROLL TO CONTINUE WITH CONTENT
"Yusril Condong ke Jokowi, Kader PBB Dibebaskan Dukung Prabowo","Senin, 17 Des 2018 07:08 WIB",https://www.cnnindonesia.com/nasional/20181217064938-32-354135/yusril-condong-ke-jokowi-kader-pbb-dibebaskan-dukung-prabowo,ADVERTISEMENT SCROLL TO CONTINUE WITH CONTENT
Kontroversi Sandiaga dan Jalan Pintas Merebut Simpati Massa,"Senin, 17 Des 2018 06:54 WIB",https://www.cnnindonesia.com/nasional/20181216115345-32-354015/kontroversi-sandiaga-dan-jalan-pintas-merebut-simpati-massa,ADVERTISEMENT SCROLL TO CONTINUE WITH CONTENT
Andi Arief: PDIP Masih Anggap Demokrat Musuh,"Senin, 17 Des 2018 06:37 WIB",https://www.cnnindonesia.com/nasional/20181217062050-32-354122/andi-arief-pdip-masih-anggap-demokrat-musuh,ADVERTISEMENT SCROLL TO CONTINUE WITH CONTENT
Pendukung Prabowo di Medsos Diduga 'Cyber Troops',"Senin, 17 Des 2018 05:56 WIB",https://www.cnnindonesia.com/nasional/20181216203415-32-354098/pendukung-prabowo-di-medsos-diduga-cyber-troops,ADVERTISEMENT SCROLL TO CONTINUE WITH CONTENT
"Jadi Cawapres, Ma'ruf Tegaskan Tak Jadi Alat Politik Jokowi","Minggu, 16 Des 2018 19:25 WIB",https://www.cnnindonesia.com/nasional/20181216181714-32-354068/jadi-cawapres-maruf-tegaskan-tak-jadi-alat-politik-jokowi,ADVERTISEMENT SCROLL TO CONTINUE WITH CONTENT
SBY Klaim Punya Bukti Kuat Ungkap Perusak Bendera Demokrat,"Minggu, 16 Des 2018 16:38 WIB",https://www.cnnindonesia.com/nasional/20181216160222-32-354042/sby-klaim-punya-bukti-kuat-ungkap-perusak-bendera-demokrat,ADVERTISEMENT SCROLL TO CONTINUE WITH CONTENT
Erick Thohir Sesalkan Perusakan Atribut Partai Demokrat,"Minggu, 16 Des 2018 09:12 WIB",https://www.cnnindonesia.com/nasional/20181216083413-20-353996/erick-thohir-sesalkan-perusakan-atribut-partai-demokrat,ADVERTISEMENT SCROLL TO CONTINUE WITH CONTENT
Jokowi Anggap Kampanye dengan Baliho Sudah Ketinggalan Zaman,"Sabtu, 15 Des 2018 21:12 WIB",https://www.cnnindonesia.com/nasional/20181215203705-32-353962/jokowi-anggap-kampanye-dengan-baliho-sudah-ketinggalan-zaman,ADVERTISEMENT SCROLL TO CONTINUE WITH CONTENT
"Khawatir dengan Anies, NasDem Ikut Sodorkan Nama Wagub DKI","Sabtu, 15 Des 2018 19:05 WIB",https://www.cnnindonesia.com/nasional/20181215152710-32-353913/khawatir-dengan-anies-nasdem-ikut-sodorkan-nama-wagub-dki,ADVERTISEMENT SCROLL TO CONTINUE WITH CONTENT
Kubu Prabowo Minta Perusak Baliho Demokrat Ditindak,"Sabtu, 15 Des 2018 18:26 WIB",https://www.cnnindonesia.com/nasional/20181215172941-32-353928/kubu-prabowo-minta-perusak-baliho-demokrat-ditindak,ADVERTISEMENT SCROLL TO CONTINUE WITH CONTENT
"Tantangan Salat, Jurus Sia-sia Kubu Jokowi 'Jegal' Prabowo","Sabtu, 15 Des 2018 17:02 WIB",https://www.cnnindonesia.com/nasional/20181215143628-32-353897/tantangan-salat-jurus-sia-sia-kubu-jokowi-jegal-prabowo,ADVERTISEMENT SCROLL TO CONTINUE WITH CONTENT
PAN Sumsel: Yang Deklarasikan Dukung Jokowi Orang Gila,"Sabtu, 15 Des 2018 01:57 WIB",https://www.cnnindonesia.com/nasional/20181214211204-32-353820/pan-sumsel-yang-deklarasikan-dukung-jokowi-orang-gila,ADVERTISEMENT SCROLL TO CONTINUE WITH CONTENT
DPW PAN Sumsel Duga Deklarasi Dukung Jokowi Ditunggangi,"Jumat, 14 Des 2018 19:12 WIB",https://www.cnnindonesia.com/nasional/20181214185625-32-353780/dpw-pan-sumsel-duga-deklarasi-dukung-jokowi-ditunggangi,ADVERTISEMENT SCROLL TO CONTINUE WITH CONTENT
"Luruskan Isu PKI, Jokowi Sebut Ada 9 Juta Orang Percaya","Jumat, 14 Des 2018 18:49 WIB",https://www.cnnindonesia.com/nasional/20181214174736-32-353740/luruskan-isu-pki-jokowi-sebut-ada-9-juta-orang-percaya,ADVERTISEMENT SCROLL TO CONTINUE WITH CONTENT
"Jokowi ke Aceh, Kelompok Mengaku Relawan Minta Dana ke Kadis","Jumat, 14 Des 2018 16:35 WIB",https://www.cnnindonesia.com/nasional/20181214145932-20-353702/jokowi-ke-aceh-kelompok-mengaku-relawan-minta-dana-ke-kadis,ADVERTISEMENT SCROLL TO CONTINUE WITH CONTENT
Sandi Lanjutkan Gerilya di 'Kandang Banteng',"Jumat, 14 Des 2018 06:46 WIB",https://www.cnnindonesia.com/nasional/20181214063701-32-353589/sandi-lanjutkan-gerilya-di-kandang-banteng,ADVERTISEMENT SCROLL TO CONTINUE WITH CONTENT
PoliticaWave: Jokowi Ungguli Prabowo dalam Percakapan Medsos,"Jumat, 14 Des 2018 05:56 WIB",https://www.cnnindonesia.com/nasional/20181213201122-32-353533/politicawave-jokowi-ungguli-prabowo-dalam-percakapan-medsos,ADVERTISEMENT SCROLL TO CONTINUE WITH CONTENT
"Nama PAN Dicatut Dukung Jokowi, DPW Sumsel Tempuh Jalur Hukum","Jumat, 14 Des 2018 04:34 WIB",https://www.cnnindonesia.com/nasional/20181213213555-32-353564/nama-pan-dicatut-dukung-jokowi-dpw-sumsel-tempuh-jalur-hukum,ADVERTISEMENT SCROLL TO CONTINUE WITH CONTENT
Gerindra Harap La Nyalla Bawa Pergi Aura Negatif dari Timnya,"Kamis, 13 Des 2018 20:23 WIB",https://www.cnnindonesia.com/nasional/20181213195336-32-353523/gerindra-harap-la-nyalla-bawa-pergi-aura-negatif-dari-timnya,ADVERTISEMENT SCROLL TO CONTINUE WITH CONTENT
Tim Jokowi Terbuka Jika Ada Pihak yang Mau Laporkan La Nyalla,"Kamis, 13 Des 2018 19:50 WIB",https://www.cnnindonesia.com/nasional/20181213183354-32-353506/tim-jokowi-terbuka-jika-ada-pihak-yang-mau-laporkan-la-nyalla,ADVERTISEMENT SCROLL TO CONTINUE WITH CONTENT
"Erick Thohir: La Nyalla Ikhlas Minta Maaf, Persoalan Selesai","Kamis, 13 Des 2018 19:38 WIB",https://www.cnnindonesia.com/nasional/20181213190933-32-353512/erick-thohir-la-nyalla-ikhlas-minta-maaf-persoalan-selesai,ADVERTISEMENT SCROLL TO CONTINUE WITH CONTENT
Fahri Hamzah Bandingkan Nasib La Nyalla dan Ratna Sarumpaet,"Kamis, 13 Des 2018 17:28 WIB",https://www.cnnindonesia.com/nasional/20181213162727-32-353485/fahri-hamzah-bandingkan-nasib-la-nyalla-dan-ratna-sarumpaet,ADVERTISEMENT SCROLL TO CONTINUE WITH CONTENT
PDIP Berharap Pengakuan La Nyalla Bisa Setop Fitnah ke Jokowi,"Kamis, 13 Des 2018 14:54 WIB",https://www.cnnindonesia.com/nasional/20181213141037-32-353393/pdip-berharap-pengakuan-la-nyalla-bisa-setop-fitnah-ke-jokowi,ADVERTISEMENT SCROLL TO CONTINUE WITH CONTENT
PDIP soal #SandiwaraUno: Berpolitik Tak Usah 'Playing Victim',"Kamis, 13 Des 2018 14:24 WIB",https://www.cnnindonesia.com/nasional/20181213134811-32-353388/pdip-soal-sandiwarauno-berpolitik-tak-usah-playing-victim,ADVERTISEMENT SCROLL TO CONTINUE WITH CONTENT
La Nyalla Merasa Habis Manis Sepah Dibuang oleh Prabowo,"Kamis, 13 Des 2018 09:14 WIB",https://www.cnnindonesia.com/nasional/20181213075817-32-353301/la-nyalla-merasa-habis-manis-sepah-dibuang-oleh-prabowo,ADVERTISEMENT SCROLL TO CONTINUE WITH CONTENT
"Isu 31 Juta DPT Siluman, KPU Akan Bahas dengan Dua Kubu","Kamis, 13 Des 2018 07:42 WIB",https://www.cnnindonesia.com/nasional/20181212192131-32-353213/isu-31-juta-dpt-siluman-kpu-akan-bahas-dengan-dua-kubu,ADVERTISEMENT SCROLL TO CONTINUE WITH CONTENT
La Nyalla Ungkap Intrik Sebar Hoaks soal Jokowi di 2014,"Kamis, 13 Des 2018 07:14 WIB",https://www.cnnindonesia.com/nasional/20181212213201-32-353262/la-nyalla-ungkap-intrik-sebar-hoaks-soal-jokowi-di-2014,ADVERTISEMENT SCROLL TO CONTINUE WITH CONTENT
Ma'ruf Amin Klaim Dukungan NU Solid,"Kamis, 13 Des 2018 05:53 WIB",https://www.cnnindonesia.com/nasional/20181212210119-32-353250/maruf-amin-klaim-dukungan-nu-solid,ADVERTISEMENT SCROLL TO CONTINUE WITH CONTENT
Sandiaga Ingin Manfaatkan Ponpes Madura Terapkan Swasembada,"Kamis, 13 Des 2018 05:06 WIB",https://www.cnnindonesia.com/nasional/20181213021632-32-353280/sandiaga-ingin-manfaatkan-ponpes-madura-terapkan-swasembada,ADVERTISEMENT SCROLL TO CONTINUE WITH CONTENT
"Prabowo Ditantang Salat, Sandi Sebut Pemilu Soal Ekonomi","Kamis, 13 Des 2018 04:50 WIB",https://www.cnnindonesia.com/nasional/20181212170410-32-353167/prabowo-ditantang-salat-sandi-sebut-pemilu-soal-ekonomi,ADVERTISEMENT SCROLL TO CONTINUE WITH CONTENT
"Ditanya Dukungan Pilpres, Yusril Tegaskan PBB Fokus Pileg","Kamis, 13 Des 2018 01:30 WIB",https://www.cnnindonesia.com/nasional/20181213003734-32-353275/ditanya-dukungan-pilpres-yusril-tegaskan-pbb-fokus-pileg,ADVERTISEMENT SCROLL TO CONTINUE WITH CONTENT
Ma'ruf dan Sandiaga Raih Penghargaan Muslim Inspiratif,"Rabu, 12 Des 2018 23:36 WIB",https://www.cnnindonesia.com/nasional/20181212231349-20-353268/maruf-dan-sandiaga-raih-penghargaan-muslim-inspiratif,ADVERTISEMENT SCROLL TO CONTINUE WITH CONTENT
DPW PAN Sumsel: Yang Deklarasi Dukung Jokowi Bukan Kader,"Rabu, 12 Des 2018 21:10 WIB",https://www.cnnindonesia.com/nasional/20181212205851-32-353247/dpw-pan-sumsel-yang-deklarasi-dukung-jokowi-bukan-kader,ADVERTISEMENT SCROLL TO CONTINUE WITH CONTENT
Tim Jokowi Risih Lihat Sandiwara Sandi Ditolak Pedagang Pasar,"Rabu, 12 Des 2018 20:25 WIB",https://www.cnnindonesia.com/nasional/20181212194115-32-353225/tim-jokowi-risih-lihat-sandiwara-sandi-ditolak-pedagang-pasar,ADVERTISEMENT SCROLL TO CONTINUE WITH CONTENT
"Susul Kalsel, Gerbong DPW PAN Sumsel Membelot Dukung Jokowi","Rabu, 12 Des 2018 20:05 WIB",https://www.cnnindonesia.com/nasional/20181212195217-32-353220/susul-kalsel-gerbong-dpw-pan-sumsel-membelot-dukung-jokowi,ADVERTISEMENT SCROLL TO CONTINUE WITH CONTENT
Kubu Jokowi Diuntungkan Pos Pemenangan Prabowo di Jateng,"Rabu, 12 Des 2018 19:45 WIB",https://www.cnnindonesia.com/nasional/20181212190910-32-353215/kubu-jokowi-diuntungkan-pos-pemenangan-prabowo-di-jateng,ADVERTISEMENT SCROLL TO CONTINUE WITH CONTENT
Janji Ruhut Potong Kuping Jika Ahok Kalah Diungkit Gerindra,"Rabu, 12 Des 2018 19:15 WIB",https://www.cnnindonesia.com/nasional/20181212190039-32-353205/janji-ruhut-potong-kuping-jika-ahok-kalah-diungkit-gerindra,ADVERTISEMENT SCROLL TO CONTINUE WITH CONTENT
"TKN: Klarifikasi Isu PKI, La Nyalla Tebus Dosa ke Jokowi","Rabu, 12 Des 2018 19:02 WIB",https://www.cnnindonesia.com/nasional/20181212184557-32-353203/tkn-klarifikasi-isu-pki-la-nyalla-tebus-dosa-ke-jokowi,ADVERTISEMENT SCROLL TO CONTINUE WITH CONTENT
Sandi Klaim Pemusatan Kampanye di Jateng Hasil Analisanya,"Rabu, 12 Des 2018 18:54 WIB",https://www.cnnindonesia.com/nasional/20181212182810-32-353199/sandi-klaim-pemusatan-kampanye-di-jateng-hasil-analisanya,ADVERTISEMENT SCROLL TO CONTINUE WITH CONTENT
"La Nyalla dan Isu PKI, Eks Pelaku yang Kini 'Pahlawan' Jokowi","Rabu, 12 Des 2018 18:45 WIB",https://www.cnnindonesia.com/nasional/20181212181038-32-353195/la-nyalla-dan-isu-pki-eks-pelaku-yang-kini-pahlawan-jokowi,ADVERTISEMENT SCROLL TO CONTINUE WITH CONTENT
Pertaruhan Ambisi Prabowo Kuasai 'Kandang Banteng',"Rabu, 12 Des 2018 18:18 WIB",https://www.cnnindonesia.com/nasional/20181212120418-32-353138/pertaruhan-ambisi-prabowo-kuasai-kandang-banteng,ADVERTISEMENT SCROLL TO CONTINUE WITH CONTENT
Jokowi Temui Pendukung di Tengah Hujan Deras di Bogor,"Rabu, 12 Des 2018 18:08 WIB",https://www.cnnindonesia.com/nasional/20181212174956-32-353185/jokowi-temui-pendukung-di-tengah-hujan-deras-di-bogor,ADVERTISEMENT SCROLL TO CONTINUE WITH CONTENT
PAN Pertahankan Status Kader Ketua DPW yang Dukung Jokowi,"Rabu, 12 Des 2018 15:44 WIB",https://www.cnnindonesia.com/nasional/20181212132746-32-353058/pan-pertahankan-status-kader-ketua-dpw-yang-dukung-jokowi,ADVERTISEMENT SCROLL TO CONTINUE WITH CONTENT
"Ma'ruf Amin Incar Jabar, Banten dan DKI Lumbung Suara Pilpres","Rabu, 12 Des 2018 15:35 WIB",https://www.cnnindonesia.com/nasional/20181212135752-32-353066/maruf-amin-incar-jabar-banten-dan-dki-lumbung-suara-pilpres,ADVERTISEMENT SCROLL TO CONTINUE WITH CONTENT
"Yusril Mulai Condong ke Jokowi, Eks HTI Konsisten Anti-Rezim","Rabu, 12 Des 2018 13:54 WIB",https://www.cnnindonesia.com/nasional/20181212111737-32-353009/yusril-mulai-condong-ke-jokowi-eks-hti-konsisten-anti-rezim,ADVERTISEMENT SCROLL TO CONTINUE WITH CONTENT
Ma'ruf Amin Berharap Timnas Indonesia Tak Jadi Tim 'KW',"Rabu, 12 Des 2018 12:15 WIB",https://www.cnnindonesia.com/olahraga/20181212112705-142-353017/maruf-amin-berharap-timnas-indonesia-tak-jadi-tim-kw,ADVERTISEMENT SCROLL TO CONTINUE WITH CONTENT
Andi Arief Bantah La Nyalla: Prabowo Akan Menang di Madura,"Rabu, 12 Des 2018 08:18 WIB",https://www.cnnindonesia.com/nasional/20181212080405-32-352959/andi-arief-bantah-la-nyalla-prabowo-akan-menang-di-madura,ADVERTISEMENT SCROLL TO CONTINUE WITH CONTENT
PDIP Sebut Kemenangan di Pilkada DKI Tak Berefek ke Pilpres,"Rabu, 12 Des 2018 06:18 WIB",https://www.cnnindonesia.com/nasional/20181211200444-32-352889/pdip-sebut-kemenangan-di-pilkada-dki-tak-berefek-ke-pilpres,ADVERTISEMENT SCROLL TO CONTINUE WITH CONTENT
"Tak Khawatir, PKB Sebut Jateng Basis 'Merah dan Hijau'","Rabu, 12 Des 2018 03:23 WIB",https://www.cnnindonesia.com/nasional/20181211172234-32-352845/tak-khawatir-pkb-sebut-jateng-basis-merah-dan-hijau,ADVERTISEMENT SCROLL TO CONTINUE WITH CONTENT
"Fokus ke Jateng, Gerindra Yakin Menangi Pilpres di Jakarta","Rabu, 12 Des 2018 01:01 WIB",https://www.cnnindonesia.com/nasional/20181211143409-32-352757/fokus-ke-jateng-gerindra-yakin-menangi-pilpres-di-jakarta,ADVERTISEMENT SCROLL TO CONTINUE WITH CONTENT
KPK Panggil Deddy Mizwar dalam Kasus Meikarta Besok,"Selasa, 11 Des 2018 22:19 WIB",https://www.cnnindonesia.com/nasional/20181211221158-12-352908/kpk-panggil-deddy-mizwar-dalam-kasus-meikarta-besok,ADVERTISEMENT SCROLL TO CONTINUE WITH CONTENT
"Sesumbar Potong Leher, Gerindra Soroti Premanisme La Nyalla","Selasa, 11 Des 2018 20:46 WIB",https://www.cnnindonesia.com/nasional/20181211201520-32-352893/sesumbar-potong-leher-gerindra-soroti-premanisme-la-nyalla,ADVERTISEMENT SCROLL TO CONTINUE WITH CONTENT
"Tanggapi La Nyalla, Gerindra Akui Prabowo Polos soal Agama","Selasa, 11 Des 2018 19:34 WIB",https://www.cnnindonesia.com/nasional/20181211184726-32-352879/tanggapi-la-nyalla-gerindra-akui-prabowo-polos-soal-agama,ADVERTISEMENT SCROLL TO CONTINUE WITH CONTENT
La Nyalla: Potong Leher Saya Kalau Prabowo Menang di Madura,"Selasa, 11 Des 2018 15:55 WIB",https://www.cnnindonesia.com/nasional/20181211154532-32-352812/la-nyalla-potong-leher-saya-kalau-prabowo-menang-di-madura,ADVERTISEMENT SCROLL TO CONTINUE WITH CONTENT
Ma'ruf Klaim Tak Ada Kriminalisasi Ulama saat Jokowi Menjabat,"Selasa, 11 Des 2018 15:42 WIB",https://www.cnnindonesia.com/nasional/20181211141907-32-352758/maruf-klaim-tak-ada-kriminalisasi-ulama-saat-jokowi-menjabat,ADVERTISEMENT SCROLL TO CONTINUE WITH CONTENT
"La Nyalla Mengaku Sebar Isu Jokowi PKI, Kristen dan China","Selasa, 11 Des 2018 15:15 WIB",https://www.cnnindonesia.com/nasional/20181211150358-32-352778/la-nyalla-mengaku-sebar-isu-jokowi-pki-kristen-dan-china,ADVERTISEMENT SCROLL TO CONTINUE WITH CONTENT
Ma'ruf Sambut Gembira Dukungan PAN Kalsel di Pilpres 2019,"Selasa, 11 Des 2018 14:28 WIB",https://www.cnnindonesia.com/nasional/20181211134334-32-352739/maruf-sambut-gembira-dukungan-pan-kalsel-di-pilpres-2019,ADVERTISEMENT SCROLL TO CONTINUE WITH CONTENT
Ganjar Siap Hadapi Markas Prabowo-Sandi di Jateng,"Selasa, 11 Des 2018 14:11 WIB",https://www.cnnindonesia.com/nasional/20181211135402-32-352742/ganjar-siap-hadapi-markas-prabowo-sandi-di-jateng,ADVERTISEMENT SCROLL TO CONTINUE WITH CONTENT
Ma'ruf Absen Kampanye dan Potensi Dingin Mesin Politik Jokowi,"Selasa, 11 Des 2018 09:22 WIB",https://www.cnnindonesia.com/nasional/20181211071738-32-352625/maruf-absen-kampanye-dan-potensi-dingin-mesin-politik-jokowi,ADVERTISEMENT SCROLL TO CONTINUE WITH CONTENT
TKN Sebut PBB Bakal Rapatkan Dukungan untuk Jokowi-Ma'ruf,"Selasa, 11 Des 2018 07:07 WIB",https://www.cnnindonesia.com/nasional/20181210210300-32-352585/tkn-sebut-pbb-bakal-rapatkan-dukungan-untuk-jokowi-maruf,ADVERTISEMENT SCROLL TO CONTINUE WITH CONTENT
Airlangga Sebut Tak Ada Alasan Golkar Tak Dukung Jokowi,"Senin, 10 Des 2018 23:06 WIB",https://www.cnnindonesia.com/nasional/20181210211933-32-352586/airlangga-sebut-tak-ada-alasan-golkar-tak-dukung-jokowi,ADVERTISEMENT SCROLL TO CONTINUE WITH CONTENT
Jokowi Bandingkan Isu Kriminalisasi Ulama dan Kasus Gubernur,"Senin, 10 Des 2018 21:10 WIB",https://www.cnnindonesia.com/nasional/20181210202513-32-352579/jokowi-bandingkan-isu-kriminalisasi-ulama-dan-kasus-gubernur,ADVERTISEMENT SCROLL TO CONTINUE WITH CONTENT
Timses Klaim Jokowi Pikirkan Pemenuhan HAM Selama Menjabat,"Senin, 10 Des 2018 19:21 WIB",https://www.cnnindonesia.com/nasional/20181210190229-32-352553/timses-klaim-jokowi-pikirkan-pemenuhan-ham-selama-menjabat,ADVERTISEMENT SCROLL TO CONTINUE WITH CONTENT
"Demi Pileg, PAN Bebaskan Kader Dukung Jokowi di Pilpres 2019","Senin, 10 Des 2018 17:44 WIB",https://www.cnnindonesia.com/nasional/20181210160057-32-352504/demi-pileg-pan-bebaskan-kader-dukung-jokowi-di-pilpres-2019,ADVERTISEMENT SCROLL TO CONTINUE WITH CONTENT
Dhani dan Mulan Jameela Nyaleg Agar Prabowo Jadi Presiden,"Senin, 10 Des 2018 16:55 WIB",https://www.cnnindonesia.com/nasional/20181210163849-32-352515/dhani-dan-mulan-jameela-nyaleg-agar-prabowo-jadi-presiden,ADVERTISEMENT SCROLL TO CONTINUE WITH CONTENT
PAN Berhentikan Ketua DPW Kalsel karena Dukung Jokowi-Ma'ruf,"Senin, 10 Des 2018 16:24 WIB",https://www.cnnindonesia.com/nasional/20181210160843-32-352501/pan-berhentikan-ketua-dpw-kalsel-karena-dukung-jokowi-maruf,ADVERTISEMENT SCROLL TO CONTINUE WITH CONTENT
Kubu Jokowi-Ma'ruf Fokus di Daerah Minim Kader PDIP dan NU,"Senin, 10 Des 2018 15:53 WIB",https://www.cnnindonesia.com/nasional/20181210144452-32-352467/kubu-jokowi-maruf-fokus-di-daerah-minim-kader-pdip-dan-nu,ADVERTISEMENT SCROLL TO CONTINUE WITH CONTENT
Erick Thohir Sebut Ma'ruf Amin Kembali Kampanye Januari,"Senin, 10 Des 2018 15:20 WIB",https://www.cnnindonesia.com/nasional/20181210144519-32-352477/erick-thohir-sebut-maruf-amin-kembali-kampanye-januari,ADVERTISEMENT SCROLL TO CONTINUE WITH CONTENT
Erick Thohir soal PAN Kalsel Dukung Jokowi: Insyaallah Berkah,"Senin, 10 Des 2018 12:58 WIB",https://www.cnnindonesia.com/nasional/20181210121338-32-352424/erick-thohir-soal-pan-kalsel-dukung-jokowi-insyaallah-berkah,ADVERTISEMENT SCROLL TO CONTINUE WITH CONTENT
PDIP Kerahkan 'Pasukan' Khusus Lawan Prabowo-Sandi di Jateng,"Senin, 10 Des 2018 12:35 WIB",https://www.cnnindonesia.com/nasional/20181210120530-32-352422/pdip-kerahkan-pasukan-khusus-lawan-prabowo-sandi-di-jateng,ADVERTISEMENT SCROLL TO CONTINUE WITH CONTENT
"Soal Jokowi Anti-Islam, Ma'ruf Sebut Penyakit Mata Kebencian","Senin, 10 Des 2018 12:24 WIB",https://www.cnnindonesia.com/nasional/20181210113540-32-352416/soal-jokowi-anti-islam-maruf-sebut-penyakit-mata-kebencian,ADVERTISEMENT SCROLL TO CONTINUE WITH CONTENT
Goyang Kandang Banteng dan 'Psywar' Prabowo-Sandi di Pilpres,"Senin, 10 Des 2018 11:06 WIB",https://www.cnnindonesia.com/nasional/20181210100336-32-352384/goyang-kandang-banteng-dan-psywar-prabowo-sandi-di-pilpres,ADVERTISEMENT SCROLL TO CONTINUE WITH CONTENT
Ma'ruf Amin Yakin Prabowo-Sandi Gagal Goyang Jokowi di Jateng,"Senin, 10 Des 2018 09:23 WIB",https://www.cnnindonesia.com/nasional/20181210084500-32-352367/maruf-amin-yakin-prabowo-sandi-gagal-goyang-jokowi-di-jateng,ADVERTISEMENT SCROLL TO CONTINUE WITH CONTENT
Ulama NU Bekasi Tegaskan Dukungan ke Jokowi-Ma'ruf,"Senin, 10 Des 2018 08:46 WIB",https://www.cnnindonesia.com/nasional/20181210081902-32-352364/ulama-nu-bekasi-tegaskan-dukungan-ke-jokowi-maruf,ADVERTISEMENT SCROLL TO CONTINUE WITH CONTENT
"Soal Berita, Erick Bandingkan dengan Pemberitaan AG2018","Minggu, 09 Des 2018 22:13 WIB",https://www.cnnindonesia.com/nasional/20181209221333-32-352330/soal-berita-erick-bandingkan-dengan-pemberitaan-ag2018,ADVERTISEMENT SCROLL TO CONTINUE WITH CONTENT
Peran Sudirman Said Bantu Fokus Tim Prabowo Rebut Jawa Tengah,"Minggu, 09 Des 2018 20:04 WIB",https://www.cnnindonesia.com/nasional/20181209194942-32-352285/peran-sudirman-said-bantu-fokus-tim-prabowo-rebut-jawa-tengah,ADVERTISEMENT SCROLL TO CONTINUE WITH CONTENT
Jurkam Jokowi Maklumi Kegelisahan Sandiaga di Jawa Tengah,"Minggu, 09 Des 2018 16:08 WIB",https://www.cnnindonesia.com/nasional/20181209155224-32-352243/jurkam-jokowi-maklumi-kegelisahan-sandiaga-di-jawa-tengah,ADVERTISEMENT SCROLL TO CONTINUE WITH CONTENT
Warga Indonesia di Philadelpia Nyatakan Dukungan ke Jokowi,"Minggu, 09 Des 2018 15:36 WIB",https://www.cnnindonesia.com/nasional/20181209150141-32-352239/warga-indonesia-di-philadelpia-nyatakan-dukungan-ke-jokowi,ADVERTISEMENT SCROLL TO CONTINUE WITH CONTENT
Ma'ruf Ajak Santri Jelaskan soal Isu PKI ke Warga,"Sabtu, 08 Des 2018 16:43 WIB",https://www.cnnindonesia.com/nasional/20181208163647-32-352112/maruf-ajak-santri-jelaskan-soal-isu-pki-ke-warga,ADVERTISEMENT SCROLL TO CONTINUE WITH CONTENT
Ma'ruf Amin Janjikan Program 'Gus Iwan' untuk Santri,"Sabtu, 08 Des 2018 14:12 WIB",https://www.cnnindonesia.com/nasional/20181208132340-32-352092/maruf-amin-janjikan-program-gus-iwan-untuk-santri,ADVERTISEMENT SCROLL TO CONTINUE WITH CONTENT
Insiden Penembakan Dinilai Tak Pengaruhi Kampanye Jokowi,"Sabtu, 08 Des 2018 04:33 WIB",https://www.cnnindonesia.com/nasional/20181207205211-32-352012/insiden-penembakan-dinilai-tak-pengaruhi-kampanye-jokowi,ADVERTISEMENT SCROLL TO CONTINUE WITH CONTENT
"Prabowo Marah dengan Pers, Kubu Jokowi Apresiasi Wartawan","Sabtu, 08 Des 2018 03:43 WIB",https://www.cnnindonesia.com/nasional/20181207175035-32-351949/prabowo-marah-dengan-pers-kubu-jokowi-apresiasi-wartawan,ADVERTISEMENT SCROLL TO CONTINUE WITH CONTENT
Hasto: Prabowo-Sandi Tak Punya Prospek di Pilpres 2019,"Sabtu, 08 Des 2018 03:30 WIB",https://www.cnnindonesia.com/nasional/20181207211354-32-352019/hasto-prabowo-sandi-tak-punya-prospek-di-pilpres-2019,ADVERTISEMENT SCROLL TO CONTINUE WITH CONTENT
Strategi Ma'ruf Amin 'Taklukan' Wilayah Minim Suara Jokowi,"Sabtu, 08 Des 2018 02:47 WIB",https://www.cnnindonesia.com/nasional/20181208022558-32-352036/strategi-maruf-amin-taklukan-wilayah-minim-suara-jokowi,ADVERTISEMENT SCROLL TO CONTINUE WITH CONTENT
"Ma'ruf Amin: Ada yang Beritakan Saya Stroke, Itu Hoaks","Sabtu, 08 Des 2018 01:28 WIB",https://www.cnnindonesia.com/nasional/20181208010951-20-352032/maruf-amin-ada-yang-beritakan-saya-stroke-itu-hoaks,ADVERTISEMENT SCROLL TO CONTINUE WITH CONTENT
Demokrat: Kenaikan Gaji PNS Cair April buat Dongkrak Jokowi,"Jumat, 07 Des 2018 22:19 WIB",https://www.cnnindonesia.com/nasional/20181207195922-32-351987/demokrat-kenaikan-gaji-pns-cair-april-buat-dongkrak-jokowi,ADVERTISEMENT SCROLL TO CONTINUE WITH CONTENT
"Dijerat UU Etnis, Bahar bin Smith Terancam 5 Tahun Bui","Jumat, 07 Des 2018 21:54 WIB",https://www.cnnindonesia.com/nasional/20181207183210-12-351975/dijerat-uu-etnis-bahar-bin-smith-terancam-5-tahun-bui,ADVERTISEMENT SCROLL TO CONTINUE WITH CONTENT
Ma'ruf Amin : Jokowi Dekat dengan Seluruh Kelompok Islam,"Jumat, 07 Des 2018 04:46 WIB",https://www.cnnindonesia.com/nasional/20181206191509-32-351696/maruf-amin-jokowi-dekat-dengan-seluruh-kelompok-islam,ADVERTISEMENT SCROLL TO CONTINUE WITH CONTENT
Ma'ruf Amin Sindir Prabowo: Saya dengan Media Berteman,"Kamis, 06 Des 2018 22:20 WIB",https://www.cnnindonesia.com/nasional/20181206192819-32-351705/maruf-amin-sindir-prabowo-saya-dengan-media-berteman,ADVERTISEMENT SCROLL TO CONTINUE WITH CONTENT
Tim Jokowi Sebut Prabowo Tunjukkan Karakter Orba Dikte Media,"Kamis, 06 Des 2018 18:58 WIB",https://www.cnnindonesia.com/nasional/20181206162703-32-351661/tim-jokowi-sebut-prabowo-tunjukkan-karakter-orba-dikte-media,ADVERTISEMENT SCROLL TO CONTINUE WITH CONTENT
"Ma'ruf Amin: Saya Tidak Sakit, Cuma Kaki Terkilir","Kamis, 06 Des 2018 18:17 WIB",https://www.cnnindonesia.com/nasional/20181206175616-32-351679/maruf-amin-saya-tidak-sakit-cuma-kaki-terkilir,ADVERTISEMENT SCROLL TO CONTINUE WITH CONTENT
"Demokrat ke Prabowo soal Marah ke Media: Kudu Sabar, Bro","Kamis, 06 Des 2018 12:05 WIB",https://www.cnnindonesia.com/nasional/20181206105749-32-351556/demokrat-ke-prabowo-soal-marah-ke-media-kudu-sabar-bro,ADVERTISEMENT SCROLL TO CONTINUE WITH CONTENT
"Condong ke Jokowi, PBB Akui Ada Caleg Dukung Prabowo","Kamis, 06 Des 2018 06:25 WIB",https://www.cnnindonesia.com/nasional/20181205124635-32-351280/condong-ke-jokowi-pbb-akui-ada-caleg-dukung-prabowo,ADVERTISEMENT SCROLL TO CONTINUE WITH CONTENT
"KPU Bahas Semua Usulan Materi Debat, Termasuk 'Korupsi Orba'","Rabu, 05 Des 2018 20:15 WIB",https://www.cnnindonesia.com/nasional/20181205181933-32-351424/kpu-bahas-semua-usulan-materi-debat-termasuk-korupsi-orba,ADVERTISEMENT SCROLL TO CONTINUE WITH CONTENT
Tim Jokowi: Prabowo Tak Pantas Marah pada Pers soal Reuni 212,"Rabu, 05 Des 2018 17:10 WIB",https://www.cnnindonesia.com/nasional/20181205162059-32-351385/tim-jokowi-prabowo-tak-pantas-marah-pada-pers-soal-reuni-212,ADVERTISEMENT SCROLL TO CONTINUE WITH CONTENT
Andi Arief: Tim Jokowi Kerjanya Hilangkan Sejarah,"Rabu, 05 Des 2018 10:00 WIB",https://www.cnnindonesia.com/nasional/20181205092925-32-351227/andi-arief-tim-jokowi-kerjanya-hilangkan-sejarah,ADVERTISEMENT SCROLL TO CONTINUE WITH CONTENT
"TKN Jokowi: Soeharto 'Guru Korupsi', Basarah Bicara Fakta","Selasa, 04 Des 2018 22:18 WIB",https://www.cnnindonesia.com/nasional/20181204191041-32-351127/tkn-jokowi-soeharto-guru-korupsi-basarah-bicara-fakta,ADVERTISEMENT SCROLL TO CONTINUE WITH CONTENT
"Sering Berubah, Kebijakan Publik Jokowi Dinilai Tak Konsisten","Selasa, 04 Des 2018 21:26 WIB",https://www.cnnindonesia.com/nasional/20181204175500-32-351106/sering-berubah-kebijakan-publik-jokowi-dinilai-tak-konsisten,ADVERTISEMENT SCROLL TO CONTINUE WITH CONTENT
Ketua GNPF Ulama Yusuf Martak Temui Ma'ruf Amin,"Selasa, 04 Des 2018 20:08 WIB",https://www.cnnindonesia.com/nasional/20181204194733-20-351137/ketua-gnpf-ulama-yusuf-martak-temui-maruf-amin,ADVERTISEMENT SCROLL TO CONTINUE WITH CONTENT
"PDIP: Pelaporan Basarah, Momentum Buka Tabir Korupsi Soeharto","Selasa, 04 Des 2018 18:14 WIB",https://www.cnnindonesia.com/nasional/20181204160222-32-351084/pdip-pelaporan-basarah-momentum-buka-tabir-korupsi-soeharto,ADVERTISEMENT SCROLL TO CONTINUE WITH CONTENT
"Soal Isu PKI, Timses Jokowi-M'aruf Bakal Temui Ulama di Jabar","Selasa, 04 Des 2018 08:33 WIB",https://www.cnnindonesia.com/nasional/20181204060224-32-350899/soal-isu-pki-timses-jokowi-maruf-bakal-temui-ulama-di-jabar,ADVERTISEMENT SCROLL TO CONTINUE WITH CONTENT
"Lagi, Loyalis Soeharto Polisikan Basarah soal 'Guru Korupsi'","Selasa, 04 Des 2018 07:45 WIB",https://www.cnnindonesia.com/nasional/20181204064503-12-350903/lagi-loyalis-soeharto-polisikan-basarah-soal-guru-korupsi,ADVERTISEMENT SCROLL TO CONTINUE WITH CONTENT
"Kerap Berpolitik, PKB Tantang PA 212 Jadi Parpol","Selasa, 04 Des 2018 07:26 WIB",https://www.cnnindonesia.com/nasional/20181203205722-32-350870/kerap-berpolitik-pkb-tantang-pa-212-jadi-parpol,ADVERTISEMENT SCROLL TO CONTINUE WITH CONTENT
'Bau' Nepotisme Jokowi di Balik Pelantikan Andika dan Maruli,"Selasa, 04 Des 2018 06:42 WIB",https://www.cnnindonesia.com/nasional/20181203180009-32-350826/bau-nepotisme-jokowi-di-balik-pelantikan-andika-dan-maruli,ADVERTISEMENT SCROLL TO CONTINUE WITH CONTENT
Bawaslu DKI Setop Kasus 'Budek dan Buta' ala Ma'ruf Amin,"Selasa, 04 Des 2018 06:10 WIB",https://www.cnnindonesia.com/nasional/20181203223057-32-350877/bawaslu-dki-setop-kasus-budek-dan-buta-ala-maruf-amin,ADVERTISEMENT SCROLL TO CONTINUE WITH CONTENT
"Tudingan Kampanye di Reuni 212, BPN Minta Bawaslu Adil","Selasa, 04 Des 2018 04:17 WIB",https://www.cnnindonesia.com/nasional/20181203140503-32-350693/tudingan-kampanye-di-reuni-212-bpn-minta-bawaslu-adil,ADVERTISEMENT SCROLL TO CONTINUE WITH CONTENT
Tim Jokowi soal Seruan Rizieq: Dia Saja Bermasalah Hukum,"Selasa, 04 Des 2018 01:43 WIB",https://www.cnnindonesia.com/nasional/20181203141921-32-350700/tim-jokowi-soal-seruan-rizieq-dia-saja-bermasalah-hukum,ADVERTISEMENT SCROLL TO CONTINUE WITH CONTENT
PAN Siap Tertibkan 12 Kader Pendukung Jokowi-Ma'ruf Amin,"Selasa, 04 Des 2018 00:56 WIB",https://www.cnnindonesia.com/nasional/20181204033120-32-350892/pan-siap-tertibkan-12-kader-pendukung-jokowi-maruf-amin,ADVERTISEMENT SCROLL TO CONTINUE WITH CONTENT
TKN Jokowi Nilai Prabowo Kampanye Terselubung di Reuni 212,"Senin, 03 Des 2018 23:25 WIB",https://www.cnnindonesia.com/nasional/20181203155536-32-350736/tkn-jokowi-nilai-prabowo-kampanye-terselubung-di-reuni-212,ADVERTISEMENT SCROLL TO CONTINUE WITH CONTENT
Fan Soeharto Polisikan Ahmad Basarah soal Guru Korupsi,"Senin, 03 Des 2018 22:05 WIB",https://www.cnnindonesia.com/nasional/20181203215703-12-350875/fan-soeharto-polisikan-ahmad-basarah-soal-guru-korupsi,ADVERTISEMENT SCROLL TO CONTINUE WITH CONTENT
Kapitra Sebut Target Reuni 212 Jatuhkan Kredibilitas Jokowi,"Senin, 03 Des 2018 18:21 WIB",https://www.cnnindonesia.com/nasional/20181203180127-32-350806/kapitra-sebut-target-reuni-212-jatuhkan-kredibilitas-jokowi,ADVERTISEMENT SCROLL TO CONTINUE WITH CONTENT
Pemuda Bulan Bintang Siap Dukung Yusril Menangkan Jokowi,"Senin, 03 Des 2018 17:28 WIB",https://www.cnnindonesia.com/nasional/20181203170710-32-350791/pemuda-bulan-bintang-siap-dukung-yusril-menangkan-jokowi,ADVERTISEMENT SCROLL TO CONTINUE WITH CONTENT
"Enggan Minta Maaf ke Jokowi, Habib Bahar Smith Dicap Congkak","Senin, 03 Des 2018 14:48 WIB",https://www.cnnindonesia.com/nasional/20181203132946-32-350685/enggan-minta-maaf-ke-jokowi-habib-bahar-smith-dicap-congkak,ADVERTISEMENT SCROLL TO CONTINUE WITH CONTENT
Timses Jokowi Yakin Seruan Rizieq Tak Berpengaruh ke Pilpres,"Senin, 03 Des 2018 10:56 WIB",https://www.cnnindonesia.com/nasional/20181203102912-32-350643/timses-jokowi-yakin-seruan-rizieq-tak-berpengaruh-ke-pilpres,ADVERTISEMENT SCROLL TO CONTINUE WITH CONTENT
"Dilema Prabowo: Dirangkul 212, Ditinggal Moderat","Senin, 03 Des 2018 09:53 WIB",https://www.cnnindonesia.com/nasional/20181203093002-32-350625/dilema-prabowo-dirangkul-212-ditinggal-moderat,ADVERTISEMENT SCROLL TO CONTINUE WITH CONTENT
"Sandi Ziarah di Gresik, Ma'ruf Terima Relawan di Jakarta","Senin, 03 Des 2018 09:16 WIB",https://www.cnnindonesia.com/nasional/20181203091202-32-350623/sandi-ziarah-di-gresik-maruf-terima-relawan-di-jakarta,ADVERTISEMENT SCROLL TO CONTINUE WITH CONTENT
PDIP Terus Konsolidasi untuk Pemenangan Jokowi dan Partai,"Minggu, 02 Des 2018 00:55 WIB",https://www.cnnindonesia.com/nasional/20181201232449-32-350432/pdip-terus-konsolidasi-untuk-pemenangan-jokowi-dan-partai,ADVERTISEMENT SCROLL TO CONTINUE WITH CONTENT
PDIP Sambut Baik Sinyal Positif Yusril,"Sabtu, 01 Des 2018 22:33 WIB",https://www.cnnindonesia.com/nasional/20181201222614-32-350427/pdip-sambut-baik-sinyal-positif-yusril,ADVERTISEMENT SCROLL TO CONTINUE WITH CONTENT
"Aksi 212, dari Mulut Ahok ke Reuni Aroma Pilpres","Sabtu, 01 Des 2018 12:49 WIB",https://www.cnnindonesia.com/nasional/20181201121150-20-350369/aksi-212-dari-mulut-ahok-ke-reuni-aroma-pilpres,ADVERTISEMENT SCROLL TO CONTINUE WITH CONTENT
"Reuni 212, Nostalgia Kasus Ahok dan Pemanasan Jelang Pilpres","Sabtu, 01 Des 2018 08:53 WIB",https://www.cnnindonesia.com/nasional/20181130103051-32-350273/reuni-212-nostalgia-kasus-ahok-dan-pemanasan-jelang-pilpres,ADVERTISEMENT SCROLL TO CONTINUE WITH CONTENT
Sandiaga Respons Basarah: Pemerintah Belum Bisa Cegah Korupsi,"Sabtu, 01 Des 2018 04:03 WIB",https://www.cnnindonesia.com/nasional/20181201003412-32-350348/sandiaga-respons-basarah-pemerintah-belum-bisa-cegah-korupsi,ADVERTISEMENT SCROLL TO CONTINUE WITH CONTENT
Yusril Beri Sinyal Dukungan untuk Jokowi-Ma'ruf Amin,"Sabtu, 01 Des 2018 01:24 WIB",https://www.cnnindonesia.com/nasional/20181201005520-32-350349/yusril-beri-sinyal-dukungan-untuk-jokowi-maruf-amin,ADVERTISEMENT SCROLL TO CONTINUE WITH CONTENT
TKN: Mestinya Kubu Prabowo-Sandi yang Laporkan Habib Smith,"Jumat, 30 Nov 2018 19:53 WIB",https://www.cnnindonesia.com/nasional/20181130175402-32-350322/tkn-mestinya-kubu-prabowo-sandi-yang-laporkan-habib-smith,ADVERTISEMENT SCROLL TO CONTINUE WITH CONTENT
Yusril Sarankan Jokowi Tak Ikut Polisikan Habib Smith,"Jumat, 30 Nov 2018 16:47 WIB",https://www.cnnindonesia.com/nasional/20181130161208-20-350314/yusril-sarankan-jokowi-tak-ikut-polisikan-habib-smith,ADVERTISEMENT SCROLL TO CONTINUE WITH CONTENT
Sandiaga Harap Jokowi dan Prabowo Berpelukan di Reuni 212,"Jumat, 30 Nov 2018 15:42 WIB",https://www.cnnindonesia.com/nasional/20181130151654-20-350304/sandiaga-harap-jokowi-dan-prabowo-berpelukan-di-reuni-212,ADVERTISEMENT SCROLL TO CONTINUE WITH CONTENT
TKN Jokowi Ingin KPU Buat Terobosan Soal Iklan Dana Kampanye,"Jumat, 30 Nov 2018 01:11 WIB",https://www.cnnindonesia.com/nasional/20181129233757-32-350239/tkn-jokowi-ingin-kpu-buat-terobosan-soal-iklan-dana-kampanye,ADVERTISEMENT SCROLL TO CONTINUE WITH CONTENT
Kubu Jokowi Sebut Prabowo Ambil Manfaat Kekuasaan Soeharto,"Kamis, 29 Nov 2018 19:29 WIB",https://www.cnnindonesia.com/nasional/20181129190241-32-350205/kubu-jokowi-sebut-prabowo-ambil-manfaat-kekuasaan-soeharto,ADVERTISEMENT SCROLL TO CONTINUE WITH CONTENT
Panitia Larang Peserta Reuni Aksi 212 Bawa Atribut Politik,"Kamis, 29 Nov 2018 03:17 WIB",https://www.cnnindonesia.com/nasional/20181128170103-20-349997/panitia-larang-peserta-reuni-aksi-212-bawa-atribut-politik,ADVERTISEMENT SCROLL TO CONTINUE WITH CONTENT
TKN Keluhkan Pesan Capaian Pembangunan Tak Sampai ke Bawah,"Kamis, 29 Nov 2018 03:03 WIB",https://www.cnnindonesia.com/nasional/20181128202042-32-350062/tkn-keluhkan-pesan-capaian-pembangunan-tak-sampai-ke-bawah,ADVERTISEMENT SCROLL TO CONTINUE WITH CONTENT
Fadli soal Jokowi Kebut Infrastruktur: Jangan Menipu Rakyat,"Kamis, 29 Nov 2018 02:52 WIB",https://www.cnnindonesia.com/nasional/20181128134605-32-349917/fadli-soal-jokowi-kebut-infrastruktur-jangan-menipu-rakyat,ADVERTISEMENT SCROLL TO CONTINUE WITH CONTENT
Timses Pastikan Peserta Reuni Aksi 212 Bukan Pemilih Jokowi,"Rabu, 28 Nov 2018 20:37 WIB",https://www.cnnindonesia.com/nasional/20181128200638-32-350057/timses-pastikan-peserta-reuni-aksi-212-bukan-pemilih-jokowi,ADVERTISEMENT SCROLL TO CONTINUE WITH CONTENT
"Beredar Kabar Tomy Winata Dukung Jokowi, Timses Buka Suara","Rabu, 28 Nov 2018 20:18 WIB",https://www.cnnindonesia.com/nasional/20181128200900-32-350058/beredar-kabar-tomy-winata-dukung-jokowi-timses-buka-suara,ADVERTISEMENT SCROLL TO CONTINUE WITH CONTENT
Partai Tommy Soeharto Akan Polisikan Ahmad Basarah PDIP,"Rabu, 28 Nov 2018 19:02 WIB",https://www.cnnindonesia.com/nasional/20181128181917-12-350019/partai-tommy-soeharto-akan-polisikan-ahmad-basarah-pdip,ADVERTISEMENT SCROLL TO CONTINUE WITH CONTENT
Timses Jokowi Tegaskan Reuni Alumni 212 Bukan Ancaman,"Rabu, 28 Nov 2018 18:33 WIB",https://www.cnnindonesia.com/nasional/20181128171036-32-349991/timses-jokowi-tegaskan-reuni-alumni-212-bukan-ancaman,ADVERTISEMENT SCROLL TO CONTINUE WITH CONTENT
"Jokowi, JK, Ma'ruf Amin Diundang sebagai VVIP ke Reuni 212","Rabu, 28 Nov 2018 18:24 WIB",https://www.cnnindonesia.com/nasional/20181128175714-20-350006/jokowi-jk-maruf-amin-diundang-sebagai-vvip-ke-reuni-212,ADVERTISEMENT SCROLL TO CONTINUE WITH CONTENT
Tim Jokowi: Guru Korupsi Indonesia Mantan Mertuanya Prabowo,"Rabu, 28 Nov 2018 16:37 WIB",https://www.cnnindonesia.com/nasional/20181128155323-32-349964/tim-jokowi-guru-korupsi-indonesia-mantan-mertuanya-prabowo,ADVERTISEMENT SCROLL TO CONTINUE WITH CONTENT
"Tolak Reuni 212, Kapitra Gagas Aksi Tandingan di Monas","Rabu, 28 Nov 2018 15:54 WIB",https://www.cnnindonesia.com/nasional/20181128153039-20-349952/tolak-reuni-212-kapitra-gagas-aksi-tandingan-di-monas,ADVERTISEMENT SCROLL TO CONTINUE WITH CONTENT
Prabowo Ingin Pergantian Kekuasaan Secara Damai,"Rabu, 28 Nov 2018 09:32 WIB",https://www.cnnindonesia.com/nasional/20181128085806-32-349797/prabowo-ingin-pergantian-kekuasaan-secara-damai,ADVERTISEMENT SCROLL TO CONTINUE WITH CONTENT
Perpecahan 212 Jelang Reuni Akbar di Tahun Politik,"Rabu, 28 Nov 2018 08:03 WIB",https://www.cnnindonesia.com/nasional/20181128064816-32-349787/perpecahan-212-jelang-reuni-akbar-di-tahun-politik,ADVERTISEMENT SCROLL TO CONTINUE WITH CONTENT
Perludem Minta OSO Bijaksana Cukup Urus Hanura Saja,"Rabu, 28 Nov 2018 04:16 WIB",https://www.cnnindonesia.com/nasional/20181127194258-32-349726/perludem-minta-oso-bijaksana-cukup-urus-hanura-saja,ADVERTISEMENT SCROLL TO CONTINUE WITH CONTENT
Milenial Disebut Berpotensi Menentukan Pemenang Pilpres 2019,"Rabu, 28 Nov 2018 03:32 WIB",https://www.cnnindonesia.com/nasional/20181127221007-32-349754/milenial-disebut-berpotensi-menentukan-pemenang-pilpres-2019,ADVERTISEMENT SCROLL TO CONTINUE WITH CONTENT
Tim Jokowi Rencanakan Program Satu Data,"Rabu, 28 Nov 2018 03:04 WIB",https://www.cnnindonesia.com/nasional/20181127224637-32-349757/tim-jokowi-rencanakan-program-satu-data,ADVERTISEMENT SCROLL TO CONTINUE WITH CONTENT
Jokowi-Ma'ruf Disebut Mendapat Dukungan 810 Kelompok Relawan,"Rabu, 28 Nov 2018 02:27 WIB",https://www.cnnindonesia.com/nasional/20181127185240-32-349701/jokowi-maruf-disebut-mendapat-dukungan-810-kelompok-relawan,ADVERTISEMENT SCROLL TO CONTINUE WITH CONTENT
Erick Tohir: Diksi 'Tabok' Jokowi Tak Berarti Marah,"Selasa, 27 Nov 2018 23:41 WIB",https://www.cnnindonesia.com/nasional/20181127230124-32-349758/erick-tohir-diksi-tabok-jokowi-tak-berarti-marah,ADVERTISEMENT SCROLL TO CONTINUE WITH CONTENT
Jokowi Akui Isu PKI Biang Kekalahan Pilpres 2014 di Bogor,"Selasa, 27 Nov 2018 21:10 WIB",https://www.cnnindonesia.com/nasional/20181127200200-32-349734/jokowi-akui-isu-pki-biang-kekalahan-pilpres-2014-di-bogor,ADVERTISEMENT SCROLL TO CONTINUE WITH CONTENT
Erick Thohir Keberatan Stigma Ojek Online Dipandang Rendahan,"Selasa, 27 Nov 2018 20:52 WIB",https://www.cnnindonesia.com/nasional/20181127201434-32-349735/erick-thohir-keberatan-stigma-ojek-online-dipandang-rendahan,ADVERTISEMENT SCROLL TO CONTINUE WITH CONTENT
"Jokowi Lantik Relawan, Anak di Bawah Umur Berkeliaran","Selasa, 27 Nov 2018 20:02 WIB",https://www.cnnindonesia.com/nasional/20181127192415-32-349727/jokowi-lantik-relawan-anak-di-bawah-umur-berkeliaran,ADVERTISEMENT SCROLL TO CONTINUE WITH CONTENT
Erick Thohir Sebut Reuni Aksi 212 Sekadar Ekspresi Masyarakat,"Selasa, 27 Nov 2018 19:36 WIB",https://www.cnnindonesia.com/nasional/20181127182428-32-349678/erick-thohir-sebut-reuni-aksi-212-sekadar-ekspresi-masyarakat,ADVERTISEMENT SCROLL TO CONTINUE WITH CONTENT
JK soal Kebut Infrastruktur: Jokowi Pasti Dipilih Lagi,"Selasa, 27 Nov 2018 18:49 WIB",https://www.cnnindonesia.com/nasional/20181127182440-32-349680/jk-soal-kebut-infrastruktur-jokowi-pasti-dipilih-lagi,ADVERTISEMENT SCROLL TO CONTINUE WITH CONTENT
Kelompok Habaib Muda Arahkan Dukungan ke Jokowi-Ma'ruf Amin,"Selasa, 27 Nov 2018 17:38 WIB",https://www.cnnindonesia.com/nasional/20181127162014-20-349635/kelompok-habaib-muda-arahkan-dukungan-ke-jokowi-maruf-amin,ADVERTISEMENT SCROLL TO CONTINUE WITH CONTENT
Jokowi Akui Kebut Infrastruktur Demi Pemilu dan Lebaran,"Selasa, 27 Nov 2018 17:08 WIB",https://www.cnnindonesia.com/ekonomi/20181127120452-92-349546/jokowi-akui-kebut-infrastruktur-demi-pemilu-dan-lebaran,ADVERTISEMENT SCROLL TO CONTINUE WITH CONTENT
Djarot Klaim Ahok Akan Gabung ke PDIP,"Selasa, 27 Nov 2018 09:32 WIB",https://www.cnnindonesia.com/nasional/20181127091335-32-349473/djarot-klaim-ahok-akan-gabung-ke-pdip,ADVERTISEMENT SCROLL TO CONTINUE WITH CONTENT
"Ma'ruf Kunjungi Pesantren Lampung, Sandi ke UMKM Banyuwangi","Selasa, 27 Nov 2018 07:48 WIB",https://www.cnnindonesia.com/nasional/20181127072954-32-349460/maruf-kunjungi-pesantren-lampung-sandi-ke-umkm-banyuwangi,ADVERTISEMENT SCROLL TO CONTINUE WITH CONTENT
"Bantah Serikat Buruh, Timses Jokowi Sebut UMP Naik Tiap Tahun","Senin, 26 Nov 2018 21:00 WIB",https://www.cnnindonesia.com/nasional/20181126203634-20-349421/bantah-serikat-buruh-timses-jokowi-sebut-ump-naik-tiap-tahun,ADVERTISEMENT SCROLL TO CONTINUE WITH CONTENT
TKN Nilai Diksi Jokowi soal Tabok dan Sontoloyo Bahasa Rakyat,"Senin, 26 Nov 2018 18:08 WIB",https://www.cnnindonesia.com/nasional/20181126175556-32-349370/tkn-nilai-diksi-jokowi-soal-tabok-dan-sontoloyo-bahasa-rakyat,ADVERTISEMENT SCROLL TO CONTINUE WITH CONTENT
"Bawa Sembako, Sekelompok Emak Beri Dukungan ke Jokowi-Ma'ruf","Senin, 26 Nov 2018 16:16 WIB",https://www.cnnindonesia.com/nasional/20181126160015-32-349339/bawa-sembako-sekelompok-emak-beri-dukungan-ke-jokowi-maruf,ADVERTISEMENT SCROLL TO CONTINUE WITH CONTENT
"Ujaran Kebencian, Ahmad Dhani Dituntut Dua Tahun Penjara","Senin, 26 Nov 2018 15:49 WIB",https://www.cnnindonesia.com/nasional/20181126153953-12-349318/ujaran-kebencian-ahmad-dhani-dituntut-dua-tahun-penjara,ADVERTISEMENT SCROLL TO CONTINUE WITH CONTENT
Kubu Jokowi Sebut Tim Prabowo 'Playing Victim' Soal Reuni 212,"Senin, 26 Nov 2018 13:58 WIB",https://www.cnnindonesia.com/nasional/20181126132633-32-349272/kubu-jokowi-sebut-tim-prabowo-playing-victim-soal-reuni-212,ADVERTISEMENT SCROLL TO CONTINUE WITH CONTENT
"Ma'ruf Kunjungi Satu Ponpes di Lampung, Sandi Tiga di Jatim","Senin, 26 Nov 2018 07:23 WIB",https://www.cnnindonesia.com/nasional/20181126070622-32-349179/maruf-kunjungi-satu-ponpes-di-lampung-sandi-tiga-di-jatim,ADVERTISEMENT SCROLL TO CONTINUE WITH CONTENT
Kala Ma'ruf Amin Ingin Kembali Jadi Remaja,"Senin, 26 Nov 2018 06:05 WIB",https://www.cnnindonesia.com/nasional/20181125180932-32-349137/kala-maruf-amin-ingin-kembali-jadi-remaja,ADVERTISEMENT SCROLL TO CONTINUE WITH CONTENT
Ma'ruf Tak Khawatir DNI Turunkan Elektabilitas Jokowi,"Senin, 26 Nov 2018 05:25 WIB",https://www.cnnindonesia.com/nasional/20181125225315-32-349158/maruf-tak-khawatir-dni-turunkan-elektabilitas-jokowi,ADVERTISEMENT SCROLL TO CONTINUE WITH CONTENT
Ma'ruf: Perlu Pengendalian Agar Tak Terjadi 'Tsunami' Politik,"Senin, 26 Nov 2018 04:20 WIB",https://www.cnnindonesia.com/nasional/20181126003706-32-349162/maruf-perlu-pengendalian-agar-tak-terjadi-tsunami-politik,ADVERTISEMENT SCROLL TO CONTINUE WITH CONTENT
Ma'ruf Amin: Jokowi Telah Ciptakan Arus Baru Indonesia,"Senin, 26 Nov 2018 00:20 WIB",https://www.cnnindonesia.com/nasional/20181125214747-32-349148/maruf-amin-jokowi-telah-ciptakan-arus-baru-indonesia,ADVERTISEMENT SCROLL TO CONTINUE WITH CONTENT
Ma'ruf Amin Tepis Tudingan Prabowo soal Elite Diancam,"Minggu, 25 Nov 2018 20:35 WIB",https://www.cnnindonesia.com/nasional/20181125202135-32-349142/maruf-amin-tepis-tudingan-prabowo-soal-elite-diancam,ADVERTISEMENT SCROLL TO CONTINUE WITH CONTENT
"Sebut Millennial Rasional, Ma'ruf Optimis Kantongi Dukungan","Minggu, 25 Nov 2018 19:25 WIB",https://www.cnnindonesia.com/nasional/20181125165912-32-349128/sebut-millennial-rasional-maruf-optimis-kantongi-dukungan,ADVERTISEMENT SCROLL TO CONTINUE WITH CONTENT
Erick Thohir: Jadi Presiden Harus Berani dan Bermimpi Besar,"Minggu, 25 Nov 2018 04:35 WIB",https://www.cnnindonesia.com/nasional/20181125020832-32-349023/erick-thohir-jadi-presiden-harus-berani-dan-bermimpi-besar,ADVERTISEMENT SCROLL TO CONTINUE WITH CONTENT
Yusril soal 'Partai Buatan Bowo': Berani Sumpah Pocong?,"Sabtu, 24 Nov 2018 15:39 WIB",https://www.cnnindonesia.com/nasional/20181124140326-32-348919/yusril-soal-partai-buatan-bowo-berani-sumpah-pocong,ADVERTISEMENT SCROLL TO CONTINUE WITH CONTENT
Timses Jokowi Tepis Isu Ancaman Elite Pendukung Prabowo,"Sabtu, 24 Nov 2018 05:00 WIB",https://www.cnnindonesia.com/nasional/20181123195825-32-348831/timses-jokowi-tepis-isu-ancaman-elite-pendukung-prabowo,ADVERTISEMENT SCROLL TO CONTINUE WITH CONTENT
TKN Jokowi: Prabowo Sama Saja Akui Yerusalem Milik Zionis,"Sabtu, 24 Nov 2018 04:50 WIB",https://www.cnnindonesia.com/nasional/20181123202624-32-348839/tkn-jokowi-prabowo-sama-saja-akui-yerusalem-milik-zionis,ADVERTISEMENT SCROLL TO CONTINUE WITH CONTENT
"Timses Sebut Jokowi Sudah Nilai Bibit, Bebet, Bobot KSAD","Sabtu, 24 Nov 2018 04:25 WIB",https://www.cnnindonesia.com/nasional/20181123180836-32-348793/timses-sebut-jokowi-sudah-nilai-bibit-bebet-bobot-ksad,ADVERTISEMENT SCROLL TO CONTINUE WITH CONTENT
"Minta PPP Ubah Logo, GNPF Disebut Tak Paham Perjuangan Ulama","Sabtu, 24 Nov 2018 01:41 WIB",https://www.cnnindonesia.com/nasional/20181123183044-32-348803/minta-ppp-ubah-logo-gnpf-disebut-tak-paham-perjuangan-ulama,ADVERTISEMENT SCROLL TO CONTINUE WITH CONTENT
Timses Jokowi Minta Jonru Ginting Insaf Usai Bebas Bersyarat,"Jumat, 23 Nov 2018 22:04 WIB",https://www.cnnindonesia.com/nasional/20181123213808-32-348854/timses-jokowi-minta-jonru-ginting-insaf-usai-bebas-bersyarat,ADVERTISEMENT SCROLL TO CONTINUE WITH CONTENT
Timses Sebut 'Tabok' Wajar Karena Isu Jokowi PKI Sampai ke TK,"Jumat, 23 Nov 2018 21:57 WIB",https://www.cnnindonesia.com/nasional/20181123202256-32-348835/timses-sebut-tabok-wajar-karena-isu-jokowi-pki-sampai-ke-tk,ADVERTISEMENT SCROLL TO CONTINUE WITH CONTENT
"Jambore Relawan Batal, PA 212 Tuding Tim Sebelah Intervensi","Jumat, 23 Nov 2018 19:43 WIB",https://www.cnnindonesia.com/nasional/20181123172721-32-348777/jambore-relawan-batal-pa-212-tuding-tim-sebelah-intervensi,ADVERTISEMENT SCROLL TO CONTINUE WITH CONTENT
Hasto Sebut Merindukan Soeharto Berarti Rindu KKN,"Jumat, 23 Nov 2018 18:30 WIB",https://www.cnnindonesia.com/nasional/20181123174936-32-348780/hasto-sebut-merindukan-soeharto-berarti-rindu-kkn,ADVERTISEMENT SCROLL TO CONTINUE WITH CONTENT
Kehebohan Emak-emak Lampung Foto Bareng Jokowi,"Jumat, 23 Nov 2018 17:41 WIB",https://www.cnnindonesia.com/nasional/20181123125825-20-348675/kehebohan-emak-emak-lampung-foto-bareng-jokowi,ADVERTISEMENT SCROLL TO CONTINUE WITH CONTENT
Kwarnas Pramuka Tak Izinkan Jambore Reuni 212 di Cibubur,"Jumat, 23 Nov 2018 17:19 WIB",https://www.cnnindonesia.com/nasional/20181123165047-20-348771/kwarnas-pramuka-tak-izinkan-jambore-reuni-212-di-cibubur,ADVERTISEMENT SCROLL TO CONTINUE WITH CONTENT
"Soal Dana Kampanye, Hasto Sebut Prabowo-Sandi Orang Tajir","Jumat, 23 Nov 2018 15:54 WIB",https://www.cnnindonesia.com/nasional/20181123143302-32-348713/soal-dana-kampanye-hasto-sebut-prabowo-sandi-orang-tajir,ADVERTISEMENT SCROLL TO CONTINUE WITH CONTENT
Tim Prabowo Klarifikasi soal Kedubes Australia di Yerusalem,"Jumat, 23 Nov 2018 13:16 WIB",https://www.cnnindonesia.com/nasional/20181123124335-32-348678/tim-prabowo-klarifikasi-soal-kedubes-australia-di-yerusalem,ADVERTISEMENT SCROLL TO CONTINUE WITH CONTENT
"Beda Pendapat Gaji Guru, Kubu Prabowo Dinilai Tidak Kredibel","Jumat, 23 Nov 2018 08:42 WIB",https://www.cnnindonesia.com/nasional/20181122135945-32-348400/beda-pendapat-gaji-guru-kubu-prabowo-dinilai-tidak-kredibel,ADVERTISEMENT SCROLL TO CONTINUE WITH CONTENT
Sandi Yakin Bisa Menangi Suara di Banten pada Pilpres 2019,"Kamis, 22 Nov 2018 22:43 WIB",https://www.cnnindonesia.com/nasional/20181122223812-32-348581/sandi-yakin-bisa-menangi-suara-di-banten-pada-pilpres-2019,ADVERTISEMENT SCROLL TO CONTINUE WITH CONTENT
BEI Sebut 45 Emiten Bakal Melantai di Bursa Saham pada 2019,"Kamis, 22 Nov 2018 18:03 WIB",https://www.cnnindonesia.com/ekonomi/20181122141616-92-348415/bei-sebut-45-emiten-bakal-melantai-di-bursa-saham-pada-2019,ADVERTISEMENT SCROLL TO CONTINUE WITH CONTENT
"Ma'ruf Ikut Rakernas MUI di Raja Ampat, Sandi Orasi di UBK","Kamis, 22 Nov 2018 10:04 WIB",https://www.cnnindonesia.com/nasional/20181122083216-32-348306/maruf-ikut-rakernas-mui-di-raja-ampat-sandi-orasi-di-ubk,ADVERTISEMENT SCROLL TO CONTINUE WITH CONTENT
Pengamat Sebut Ada Gejala Politik Olok-olok di Masa Kampanye,"Kamis, 22 Nov 2018 08:05 WIB",https://www.cnnindonesia.com/nasional/20181122075504-32-348298/pengamat-sebut-ada-gejala-politik-olok-olok-di-masa-kampanye,ADVERTISEMENT SCROLL TO CONTINUE WITH CONTENT
Hasto Soal Harga Telur: Mentan Banyak Urus Manipulasi Era PKS,"Kamis, 22 Nov 2018 03:33 WIB",https://www.cnnindonesia.com/nasional/20181121200259-32-348233/hasto-soal-harga-telur-mentan-banyak-urus-manipulasi-era-pks,ADVERTISEMENT SCROLL TO CONTINUE WITH CONTENT
Era Orde Baru Disebut Hanya Enak bagi Keluarga Soeharto,"Kamis, 22 Nov 2018 03:12 WIB",https://www.cnnindonesia.com/nasional/20181122010143-32-348275/era-orde-baru-disebut-hanya-enak-bagi-keluarga-soeharto,ADVERTISEMENT SCROLL TO CONTINUE WITH CONTENT
Hasto Sebut 'Ancaman' Amien Jewer Haedar  Nasir Tidak Pantas,"Rabu, 21 Nov 2018 20:54 WIB",https://www.cnnindonesia.com/nasional/20181121203738-32-348250/hasto-sebut-ancaman-amien-jewer-haedar-nasir-tidak-pantas,ADVERTISEMENT SCROLL TO CONTINUE WITH CONTENT
Tim Jokowi Tuding Kubu Prabowo-Sandi Sebar Hoaks Harga Telur,"Rabu, 21 Nov 2018 17:30 WIB",https://www.cnnindonesia.com/nasional/20181121110420-32-348031/tim-jokowi-tuding-kubu-prabowo-sandi-sebar-hoaks-harga-telur,ADVERTISEMENT SCROLL TO CONTINUE WITH CONTENT
Timses Jokowi: Pernyataan Amien Buat Warga Muhammadiyah Marah,"Rabu, 21 Nov 2018 16:52 WIB",https://www.cnnindonesia.com/nasional/20181121120030-32-348038/timses-jokowi-pernyataan-amien-buat-warga-muhammadiyah-marah,ADVERTISEMENT SCROLL TO CONTINUE WITH CONTENT
Kubu Jokowi: Prabowo Juga Enggak Tahu kalau Ditanya Grasi,"Rabu, 21 Nov 2018 14:14 WIB",https://www.cnnindonesia.com/nasional/20181121140236-32-348098/kubu-jokowi-prabowo-juga-enggak-tahu-kalau-ditanya-grasi,ADVERTISEMENT SCROLL TO CONTINUE WITH CONTENT
Membaca Mimpi Prabowo Ikuti Jejak Swasembada Pangan Soeharto,"Rabu, 21 Nov 2018 13:09 WIB",https://www.cnnindonesia.com/nasional/20181121120837-32-348063/membaca-mimpi-prabowo-ikuti-jejak-swasembada-pangan-soeharto,ADVERTISEMENT SCROLL TO CONTINUE WITH CONTENT
"Politik Subuh Ma'ruf, Militansi Ulama dan Upaya Bendung 212","Rabu, 21 Nov 2018 06:29 WIB",https://www.cnnindonesia.com/nasional/20181120071538-32-347842/politik-subuh-maruf-militansi-ulama-dan-upaya-bendung-212,ADVERTISEMENT SCROLL TO CONTINUE WITH CONTENT
Ma'ruf Amin Klaim Kelompok Tunanetra Berbalik Beri Dukungan,"Selasa, 20 Nov 2018 23:39 WIB",https://www.cnnindonesia.com/nasional/20181120160124-32-347906/maruf-amin-klaim-kelompok-tunanetra-berbalik-beri-dukungan,ADVERTISEMENT SCROLL TO CONTINUE WITH CONTENT
Ma'ruf Berharap 70 Persen Suara Warga Sumut Untuk Jokowi,"Selasa, 20 Nov 2018 19:54 WIB",https://www.cnnindonesia.com/nasional/20181120180100-32-347923/maruf-berharap-70-persen-suara-warga-sumut-untuk-jokowi,ADVERTISEMENT SCROLL TO CONTINUE WITH CONTENT
Swasembada Pangan Era Soeharto Disebut Salah Kaprah,"Selasa, 20 Nov 2018 16:58 WIB",https://www.cnnindonesia.com/nasional/20181120154328-32-347910/swasembada-pangan-era-soeharto-disebut-salah-kaprah,ADVERTISEMENT SCROLL TO CONTINUE WITH CONTENT
Kubu Prabowo Usulkan Gaji Guru Naik Jadi Rp20 Juta,"Selasa, 20 Nov 2018 16:36 WIB",https://www.cnnindonesia.com/nasional/20181120133906-32-347892/kubu-prabowo-usulkan-gaji-guru-naik-jadi-rp20-juta,ADVERTISEMENT SCROLL TO CONTINUE WITH CONTENT
PDIP Sindir Optimisme Sandi Menang di Jateng: Pilgub Kalah,"Selasa, 20 Nov 2018 13:27 WIB",https://www.cnnindonesia.com/nasional/20181120130431-32-347882/pdip-sindir-optimisme-sandi-menang-di-jateng-pilgub-kalah,ADVERTISEMENT SCROLL TO CONTINUE WITH CONTENT
Ma'ruf Klaim Ustaz Yusuf Mansyur Jaringan Pendukung Jokowi,"Selasa, 20 Nov 2018 13:11 WIB",https://www.cnnindonesia.com/nasional/20181120125953-32-347879/maruf-klaim-ustaz-yusuf-mansyur-jaringan-pendukung-jokowi,ADVERTISEMENT SCROLL TO CONTINUE WITH CONTENT
Timses Jokowi: Penegak Hukum Tak Sensitif Lindungi Perempuan,"Selasa, 20 Nov 2018 11:55 WIB",https://www.cnnindonesia.com/nasional/20181120110758-12-347857/timses-jokowi-penegak-hukum-tak-sensitif-lindungi-perempuan,ADVERTISEMENT SCROLL TO CONTINUE WITH CONTENT
Sandi Optimistis Menang di Jawa Tengah pada Pilpres 2019,"Selasa, 20 Nov 2018 06:12 WIB",https://www.cnnindonesia.com/nasional/20181120034025-32-347833/sandi-optimistis-menang-di-jawa-tengah-pada-pilpres-2019,ADVERTISEMENT SCROLL TO CONTINUE WITH CONTENT
Jokowi Tak Intervensi Kasus Korupsi Bupati Pakpak Bharat,"Selasa, 20 Nov 2018 03:35 WIB",https://www.cnnindonesia.com/nasional/20181120033227-32-347832/jokowi-tak-intervensi-kasus-korupsi-bupati-pakpak-bharat,ADVERTISEMENT SCROLL TO CONTINUE WITH CONTENT
Tim Jokowi Tuding 'Drama' Sandi Bahayakan Pedagang Pasar,"Senin, 19 Nov 2018 21:43 WIB",https://www.cnnindonesia.com/nasional/20181119201231-32-347785/tim-jokowi-tuding-drama-sandi-bahayakan-pedagang-pasar,ADVERTISEMENT SCROLL TO CONTINUE WITH CONTENT
"Didukung Alumni Mesir, Prabowo Soroti Ekonomi Dikontrol Asing","Senin, 19 Nov 2018 21:03 WIB",https://www.cnnindonesia.com/nasional/20181119191927-32-347781/didukung-alumni-mesir-prabowo-soroti-ekonomi-dikontrol-asing,ADVERTISEMENT SCROLL TO CONTINUE WITH CONTENT
Kubu Jokowi Akui Paket Ekonomi XVI di Luar Nawa Cita,"Senin, 19 Nov 2018 20:42 WIB",https://www.cnnindonesia.com/nasional/20181119195156-32-347789/kubu-jokowi-akui-paket-ekonomi-xvi-di-luar-nawa-cita,ADVERTISEMENT SCROLL TO CONTINUE WITH CONTENT
Ulama Tarekat Arahkan Dukungan untuk Jokowi di Pilpres 2019,"Senin, 19 Nov 2018 13:30 WIB",https://www.cnnindonesia.com/nasional/20181119132001-32-347650/ulama-tarekat-arahkan-dukungan-untuk-jokowi-di-pilpres-2019,ADVERTISEMENT SCROLL TO CONTINUE WITH CONTENT
"Kunker di Jawa Timur, Jokowi Temui Kader Muhammadiyah","Senin, 19 Nov 2018 10:45 WIB",https://www.cnnindonesia.com/nasional/20181119101458-32-347612/kunker-di-jawa-timur-jokowi-temui-kader-muhammadiyah,ADVERTISEMENT SCROLL TO CONTINUE WITH CONTENT
"Ma'ruf Amin Balik Kampung ke Banten, Sandi Senam di Wonosobo","Senin, 19 Nov 2018 08:15 WIB",https://www.cnnindonesia.com/nasional/20181119075055-32-347594/maruf-amin-balik-kampung-ke-banten-sandi-senam-di-wonosobo,ADVERTISEMENT SCROLL TO CONTINUE WITH CONTENT
"Khofifah Gaet Kiai Dukung Jokowi, Kubu Prabowo Pakai Milenial","Senin, 19 Nov 2018 02:38 WIB",https://www.cnnindonesia.com/nasional/20181118193815-32-347555/khofifah-gaet-kiai-dukung-jokowi-kubu-prabowo-pakai-milenial,ADVERTISEMENT SCROLL TO CONTINUE WITH CONTENT
Ma'ruf Amin Klaim Kerja Jokowi Dirasakan Masyarakat,"Minggu, 18 Nov 2018 20:18 WIB",https://www.cnnindonesia.com/nasional/20181118195715-32-347557/maruf-amin-klaim-kerja-jokowi-dirasakan-masyarakat,ADVERTISEMENT SCROLL TO CONTINUE WITH CONTENT
Demokrat Tak Tahu Bupati Pakpak Bharat Urus Pemenangan Jokowi,"Minggu, 18 Nov 2018 18:06 WIB",https://www.cnnindonesia.com/nasional/20181118175739-32-347544/demokrat-tak-tahu-bupati-pakpak-bharat-urus-pemenangan-jokowi,ADVERTISEMENT SCROLL TO CONTINUE WITH CONTENT
Bupati Remigo Baru Dilantik Jadi Ketua Galang Kemajuan Jokowi,"Minggu, 18 Nov 2018 17:03 WIB",https://www.cnnindonesia.com/nasional/20181118164225-32-347526/bupati-remigo-baru-dilantik-jadi-ketua-galang-kemajuan-jokowi,ADVERTISEMENT SCROLL TO CONTINUE WITH CONTENT
PDIP Optimis Jokowi-Ma'ruf Amin Menang di Jawa Barat,"Minggu, 18 Nov 2018 12:28 WIB",https://www.cnnindonesia.com/nasional/20181118120808-32-347467/pdip-optimis-jokowi-maruf-amin-menang-di-jawa-barat,ADVERTISEMENT SCROLL TO CONTINUE WITH CONTENT
Hasto Ingatkan Kader Tak Terlena Hasil Survei,"Minggu, 18 Nov 2018 05:19 WIB",https://www.cnnindonesia.com/nasional/20181118051410-32-347435/hasto-ingatkan-kader-tak-terlena-hasil-survei,ADVERTISEMENT SCROLL TO CONTINUE WITH CONTENT
TKN Serahkan Penyelidikan Poster Raja Jokowi ke Timses Daerah,"Minggu, 18 Nov 2018 02:17 WIB",https://www.cnnindonesia.com/nasional/20181118004948-32-347427/tkn-serahkan-penyelidikan-poster-raja-jokowi-ke-timses-daerah,ADVERTISEMENT SCROLL TO CONTINUE WITH CONTENT
"Prabowo Minta Doa ke Kiai Tasikmalaya, Jokowi Punya Aplikasi","Sabtu, 17 Nov 2018 23:29 WIB",https://www.cnnindonesia.com/nasional/20181117232009-32-347421/prabowo-minta-doa-ke-kiai-tasikmalaya-jokowi-punya-aplikasi,ADVERTISEMENT SCROLL TO CONTINUE WITH CONTENT
Erick Thohir Siap Mundur Bila Jokowi jadi 'Raja',"Sabtu, 17 Nov 2018 22:54 WIB",https://www.cnnindonesia.com/nasional/20181117171631-32-347360/erick-thohir-siap-mundur-bila-jokowi-jadi-raja,ADVERTISEMENT SCROLL TO CONTINUE WITH CONTENT
Erick Thohir: Kesetaraan Perempuan di Era Jokowi Signifikan,"Sabtu, 17 Nov 2018 19:23 WIB",https://www.cnnindonesia.com/nasional/20181117184631-32-347378/erick-thohir-kesetaraan-perempuan-di-era-jokowi-signifikan,ADVERTISEMENT SCROLL TO CONTINUE WITH CONTENT
Erick Thohir Sebut Penolakan Perda Syariah Sikap PSI,"Sabtu, 17 Nov 2018 16:25 WIB",https://www.cnnindonesia.com/nasional/20181117160540-20-347351/erick-thohir-sebut-penolakan-perda-syariah-sikap-psi,ADVERTISEMENT SCROLL TO CONTINUE WITH CONTENT
Kubu Jokowi Akui Sudah Muliakan Keberadaan Kaum Disabilitas,"Sabtu, 17 Nov 2018 14:53 WIB",https://www.cnnindonesia.com/nasional/20181117123434-32-347314/kubu-jokowi-akui-sudah-muliakan-keberadaan-kaum-disabilitas,ADVERTISEMENT SCROLL TO CONTINUE WITH CONTENT
Grace Natalie Ajak 'Mama-mama Rempong' Pilih Jokowi,"Sabtu, 17 Nov 2018 14:13 WIB",https://www.cnnindonesia.com/nasional/20181117133351-32-347320/grace-natalie-ajak-mama-mama-rempong-pilih-jokowi,ADVERTISEMENT SCROLL TO CONTINUE WITH CONTENT
Sindiran SBY dan Ujian Prabowo Rekatkan Koalisi,"Sabtu, 17 Nov 2018 11:41 WIB",https://www.cnnindonesia.com/nasional/20181116165612-32-347187/sindiran-sby-dan-ujian-prabowo-rekatkan-koalisi,ADVERTISEMENT SCROLL TO CONTINUE WITH CONTENT
PSI Akui Jokowi Belum Berani Tegas Lindungi Minoritas,"Sabtu, 17 Nov 2018 04:49 WIB",https://www.cnnindonesia.com/nasional/20181117032759-32-347292/psi-akui-jokowi-belum-berani-tegas-lindungi-minoritas,ADVERTISEMENT SCROLL TO CONTINUE WITH CONTENT
"PDIP Klaim Tak Kenal KAMI, Pemasang Poster 'Raja Jokowi'","Jumat, 16 Nov 2018 22:35 WIB",https://www.cnnindonesia.com/nasional/20181116220043-32-347285/pdip-klaim-tak-kenal-kami-pemasang-poster-raja-jokowi,ADVERTISEMENT SCROLL TO CONTINUE WITH CONTENT
PSI Yakin Jokowi Bisa Lebih Tegas soal Isu Minoritas,"Jumat, 16 Nov 2018 22:11 WIB",https://www.cnnindonesia.com/nasional/20181116211756-32-347277/psi-yakin-jokowi-bisa-lebih-tegas-soal-isu-minoritas,ADVERTISEMENT SCROLL TO CONTINUE WITH CONTENT
Pihak Romi Sebut Pengaruh PPP Kubu Humphrey Sangat Kecil,"Jumat, 16 Nov 2018 20:18 WIB",https://www.cnnindonesia.com/nasional/20181116171805-32-347181/pihak-romi-sebut-pengaruh-ppp-kubu-humphrey-sangat-kecil,ADVERTISEMENT SCROLL TO CONTINUE WITH CONTENT
Timses Beri Sanksi Caleg yang Tak Sosialisasikan Jokowi,"Jumat, 16 Nov 2018 17:08 WIB",https://www.cnnindonesia.com/nasional/20181116163305-32-347168/timses-beri-sanksi-caleg-yang-tak-sosialisasikan-jokowi,ADVERTISEMENT SCROLL TO CONTINUE WITH CONTENT
"Dukung Prabowo-Sandi, PPP Humphrey Janjikan Suara Akar Rumput","Jumat, 16 Nov 2018 14:27 WIB",https://www.cnnindonesia.com/nasional/20181116140401-32-347113/dukung-prabowo-sandi-ppp-humphrey-janjikan-suara-akar-rumput,ADVERTISEMENT SCROLL TO CONTINUE WITH CONTENT
Romahurmuziy Disebut Tolak Islah dengan PPP Muktamar Jakarta,"Jumat, 16 Nov 2018 13:52 WIB",https://www.cnnindonesia.com/nasional/20181116132020-32-347093/romahurmuziy-disebut-tolak-islah-dengan-ppp-muktamar-jakarta,ADVERTISEMENT SCROLL TO CONTINUE WITH CONTENT
Demokrat Akan Tetap Bela Prabowo-Sandi Hadapi Jokowi-Ma'ruf,"Jumat, 16 Nov 2018 11:51 WIB",https://www.cnnindonesia.com/nasional/20181116114447-32-347071/demokrat-akan-tetap-bela-prabowo-sandi-hadapi-jokowi-maruf,ADVERTISEMENT SCROLL TO CONTINUE WITH CONTENT
PPP Muktamar Jakarta Dukung Prabowo-Sandiaga di Pilpres 2019,"Jumat, 16 Nov 2018 11:28 WIB",https://www.cnnindonesia.com/nasional/20181116111117-32-347055/ppp-muktamar-jakarta-dukung-prabowo-sandiaga-di-pilpres-2019,ADVERTISEMENT SCROLL TO CONTINUE WITH CONTENT
Kritik Mega dan SBY Dinilai Jadi Tamparan Keras Buat Prabowo,"Jumat, 16 Nov 2018 10:35 WIB",https://www.cnnindonesia.com/nasional/20181116101806-32-347036/kritik-mega-dan-sby-dinilai-jadi-tamparan-keras-buat-prabowo,ADVERTISEMENT SCROLL TO CONTINUE WITH CONTENT
"Ma'ruf Kunjungi Pesantren, Sandiaga ke Pasar Prambanan","Jumat, 16 Nov 2018 07:33 WIB",https://www.cnnindonesia.com/nasional/20181116071257-32-346990/maruf-kunjungi-pesantren-sandiaga-ke-pasar-prambanan,ADVERTISEMENT SCROLL TO CONTINUE WITH CONTENT
Menerka Cerita Cap Satria Piningit Prabowo dan Raja Jokowi,"Jumat, 16 Nov 2018 06:42 WIB",https://www.cnnindonesia.com/nasional/20181115190357-32-346939/menerka-cerita-cap-satria-piningit-prabowo-dan-raja-jokowi,ADVERTISEMENT SCROLL TO CONTINUE WITH CONTENT
PDIP Tuding Poster Raja Jokowi Upaya Gembosi Suara di Jateng,"Jumat, 16 Nov 2018 06:01 WIB",https://www.cnnindonesia.com/nasional/20181115172417-32-346903/pdip-tuding-poster-raja-jokowi-upaya-gembosi-suara-di-jateng,ADVERTISEMENT SCROLL TO CONTINUE WITH CONTENT
"Terbebani Jumlah Laporan, Bawaslu Minta Pemilahan Kasus","Jumat, 16 Nov 2018 04:44 WIB",https://www.cnnindonesia.com/nasional/20181115131750-32-346767/terbebani-jumlah-laporan-bawaslu-minta-pemilahan-kasus,ADVERTISEMENT SCROLL TO CONTINUE WITH CONTENT
TKN Yakin Isu 'Budek-Buta' Tak Goyang Elektabilitas Jokowi,"Jumat, 16 Nov 2018 03:59 WIB",https://www.cnnindonesia.com/nasional/20181115133400-32-346775/tkn-yakin-isu-budek-buta-tak-goyang-elektabilitas-jokowi,ADVERTISEMENT SCROLL TO CONTINUE WITH CONTENT
"Gandeng Kiai, Khofifah Yakin Jokowi-Ma'ruf Menang di Jabar","Jumat, 16 Nov 2018 03:02 WIB",https://www.cnnindonesia.com/nasional/20181116024850-32-346977/gandeng-kiai-khofifah-yakin-jokowi-maruf-menang-di-jabar,ADVERTISEMENT SCROLL TO CONTINUE WITH CONTENT
Cara Erick Thohir Bagi Waktu di Dunia Olahraga dan TKN Jokowi,"Jumat, 16 Nov 2018 01:29 WIB",https://www.cnnindonesia.com/olahraga/20181115201705-178-346951/cara-erick-thohir-bagi-waktu-di-dunia-olahraga-dan-tkn-jokowi,ADVERTISEMENT SCROLL TO CONTINUE WITH CONTENT
"Disindir Megawati, Sandiaga Akan Kirim Draf Visi-Misi","Kamis, 15 Nov 2018 22:07 WIB",https://www.cnnindonesia.com/nasional/20181115213122-32-346966/disindir-megawati-sandiaga-akan-kirim-draf-visi-misi,ADVERTISEMENT SCROLL TO CONTINUE WITH CONTENT
Erick Thohir Anggap Jakarta-Jawa Barat Cocok Gelar Olimpiade,"Kamis, 15 Nov 2018 21:02 WIB",https://www.cnnindonesia.com/olahraga/20181115185318-178-346928/erick-thohir-anggap-jakarta-jawa-barat-cocok-gelar-olimpiade,ADVERTISEMENT SCROLL TO CONTINUE WITH CONTENT
"Tolak Jadi Ketum PSSI, Erick Thohir Tertarik Benahi Kompetisi","Kamis, 15 Nov 2018 19:08 WIB",https://www.cnnindonesia.com/olahraga/20181115182414-142-346914/tolak-jadi-ketum-pssi-erick-thohir-tertarik-benahi-kompetisi,ADVERTISEMENT SCROLL TO CONTINUE WITH CONTENT
Ikatan Tunanetra Laporkan Ma'ruf ke Bawaslu soal 'Buta-Budek',"Kamis, 15 Nov 2018 16:16 WIB",https://www.cnnindonesia.com/nasional/20181115155657-32-346845/ikatan-tunanetra-laporkan-maruf-ke-bawaslu-soal-buta-budek,ADVERTISEMENT SCROLL TO CONTINUE WITH CONTENT
"Pengaruh Rizieq Turun, TKN Sebut Masyarakat Ingin Tenang","Kamis, 15 Nov 2018 14:14 WIB",https://www.cnnindonesia.com/nasional/20181115140018-20-346791/pengaruh-rizieq-turun-tkn-sebut-masyarakat-ingin-tenang,ADVERTISEMENT SCROLL TO CONTINUE WITH CONTENT
PDIP Duga Ada 'Orang Besar' di Balik Poster Raja Jokowi,"Kamis, 15 Nov 2018 11:37 WIB",https://www.cnnindonesia.com/nasional/20181115105935-32-346726/pdip-duga-ada-orang-besar-di-balik-poster-raja-jokowi,ADVERTISEMENT SCROLL TO CONTINUE WITH CONTENT
Jurkam Jokowi Respons Tudingan Sebar Duit Berstempel Prabowo,"Kamis, 15 Nov 2018 11:23 WIB",https://www.cnnindonesia.com/nasional/20181115110541-32-346715/jurkam-jokowi-respons-tudingan-sebar-duit-berstempel-prabowo,ADVERTISEMENT SCROLL TO CONTINUE WITH CONTENT
Lampu Kuning untuk Ma'ruf Amin,"Kamis, 15 Nov 2018 09:41 WIB",https://www.cnnindonesia.com/nasional/20181115082534-32-346686/lampu-kuning-untuk-maruf-amin,"ADVERTISEMENT SCROLL TO CONTINUE WITH CONTENT Tim Kampanye Nasional (TKN) menilai pernyataan Ma'ruf, terutama soal 'buta-budek' tak mengganggu elektabilitas Jokowi mendatang.Direktur Program dan Kampanye TKN Aria Bima meyakini pasangan ini tidak akan kehilangan suara karena pernyataan kiasan itu.""Tidak ada masalah. Kami jelaskan program disabilitas dalam empat tahun terakhir Jokowi dan dikuatkan dengan visi misi yang ada di situ. Kami bukan lagi narasi,"" kata Aria Bima kepadaCNNIndonesia.com.Jokowi belakangan menaruh perhatian kepada penyandang disabilitas. Ia bersama Pemerintah Provinsi DKI Jakarta membenahi fasilitas umum demi memudahkan akses bagi penyandang disabilitas. Tak hanya itu, Presiden juga memudahkan akses bagi difabel dalam penyelenggaraan Asian Para Games 2018 beberapa waktu lalu. Jokowi juga membuka perhelatan empat tahunan sekali itu menggunakan bahasa disabilitas.Hal itu dipelajari Jokowi langsung dari aktivis tuli Surya Sahetapy. Mantan Wali Kota Solo ini sangat diapresiasi penyandang disabilitas karena membuat bahasa isyarat diakui publik.Surya beberapa kali ke Istana dan masuk dalam video blog Presiden. Ia bahkan direkrut langsung menjadi staf khusus. Namun, hal itu terealisasi karena Surya harus menyelesaikan pendidikan S2 dan S3 di Amerika Serikat.Jokowi juga telah meningkatkan anggaran untuk berbagai bantuan sosial kelompok masyarakat rentan dari Rp5,6 triliun pada 2015 menjadi Rp9,98 Triliun pada 2016.Aria Bima meyakini masyarakat Indonesia sudah dewasa dalam berpolitik dan mengerti pernyataan Maruf Amin tak bermaksud mendiskreditkan kaum disabilitas.""Itu semua orang ngerti. Sama seperti wajahmu seindah bulan, bulan itu kankroek-kroek(tidak rata). Padahal itu maksudnya yang mulus dan cantik,"" ucap Politikus PDI Perjuangan ini.Menurutnya, TKN tidak akan memberikan pelatihan atau masukan khusus terhadap Ma'ruf mengenai cara berkomunikasi politik demi menjaga bahkan meningkatkan elektabilitas.""Ke depan Kiai Maruf akan diberi ruang menyampaikan dalam bentuk konsepsi, pemikiran-pemikiran,"" tuturnya."
"Ma'ruf Datangi Pesantren, Sandi Ziarah ke Makam Habib","Kamis, 15 Nov 2018 08:49 WIB",https://www.cnnindonesia.com/nasional/20181115081255-32-346685/maruf-datangi-pesantren-sandi-ziarah-ke-makam-habib,ADVERTISEMENT SCROLL TO CONTINUE WITH CONTENT
Moeldoko Sebut Kubu Prabowo Kerap Bicara Tanpa Substansi,"Kamis, 15 Nov 2018 07:10 WIB",https://www.cnnindonesia.com/nasional/20181114181643-32-346609/moeldoko-sebut-kubu-prabowo-kerap-bicara-tanpa-substansi,ADVERTISEMENT SCROLL TO CONTINUE WITH CONTENT
Kubu Prabowo Tak Setuju Ma'ruf Sebut Jokowi sebagai Santri,"Kamis, 15 Nov 2018 06:16 WIB",https://www.cnnindonesia.com/nasional/20181114213516-32-346648/kubu-prabowo-tak-setuju-maruf-sebut-jokowi-sebagai-santri,ADVERTISEMENT SCROLL TO CONTINUE WITH CONTENT
PAN Yakin Soetrisno Bachir Tak Berpaling Meski Doakan Ma'ruf,"Kamis, 15 Nov 2018 05:20 WIB",https://www.cnnindonesia.com/nasional/20181114162410-32-346551/pan-yakin-soetrisno-bachir-tak-berpaling-meski-doakan-maruf,ADVERTISEMENT SCROLL TO CONTINUE WITH CONTENT
Ma'ruf Amin Yakin Didukung Seluruh Warga NU Jakarta,"Kamis, 15 Nov 2018 05:04 WIB",https://www.cnnindonesia.com/nasional/20181114202101-32-346636/maruf-amin-yakin-didukung-seluruh-warga-nu-jakarta,ADVERTISEMENT SCROLL TO CONTINUE WITH CONTENT
TKN Minta Kubu Prabowo-Sandi Setop Politisasi 'Budek-Buta',"Rabu, 14 Nov 2018 22:59 WIB",https://www.cnnindonesia.com/nasional/20181114173750-32-346582/tkn-minta-kubu-prabowo-sandi-setop-politisasi-budek-buta,ADVERTISEMENT SCROLL TO CONTINUE WITH CONTENT
'Banteng' Jateng Sapu Poster Jokowi Raja,"Rabu, 14 Nov 2018 21:23 WIB",https://www.cnnindonesia.com/nasional/20181114205040-32-346644/banteng-jateng-sapu-poster-jokowi-raja,ADVERTISEMENT SCROLL TO CONTINUE WITH CONTENT
Demokrat: Prabowo-Sandi Sangat Berharap Bantuan SBY dan AHY,"Rabu, 14 Nov 2018 20:22 WIB",https://www.cnnindonesia.com/nasional/20181114194431-12-346628/demokrat-prabowo-sandi-sangat-berharap-bantuan-sby-dan-ahy,ADVERTISEMENT SCROLL TO CONTINUE WITH CONTENT
LSI Denny JA: Jokowi-Ma'ruf Lebih Dekat dengan Pengikut Ulama,"Rabu, 14 Nov 2018 19:56 WIB",https://www.cnnindonesia.com/nasional/20181114170122-32-346584/lsi-denny-ja-jokowi-maruf-lebih-dekat-dengan-pengikut-ulama,ADVERTISEMENT SCROLL TO CONTINUE WITH CONTENT
Ma'ruf Amin Heran Mesti Minta Maaf ke Tunanetra,"Rabu, 14 Nov 2018 17:41 WIB",https://www.cnnindonesia.com/nasional/20181114155735-32-346543/maruf-amin-heran-mesti-minta-maaf-ke-tunanetra,ADVERTISEMENT SCROLL TO CONTINUE WITH CONTENT
"Tim Prabowo Sebut Tanpa Minta Maaf, Politik Penuh Keangkuhan","Rabu, 14 Nov 2018 15:56 WIB",https://www.cnnindonesia.com/nasional/20181114140439-32-346496/tim-prabowo-sebut-tanpa-minta-maaf-politik-penuh-keangkuhan,ADVERTISEMENT SCROLL TO CONTINUE WITH CONTENT
Ma'ruf Amin Dilaporkan ke Bawaslu soal Budek dan Buta,"Rabu, 14 Nov 2018 15:22 WIB",https://www.cnnindonesia.com/nasional/20181114135922-32-346497/maruf-amin-dilaporkan-ke-bawaslu-soal-budek-dan-buta,ADVERTISEMENT SCROLL TO CONTINUE WITH CONTENT
"TKN: Pemimpin Tidak 'Grasak-grusuk', Sebentar-sebentar Maaf","Rabu, 14 Nov 2018 14:41 WIB",https://www.cnnindonesia.com/nasional/20181114141605-32-346499/tkn-pemimpin-tidak-grasak-grusuk-sebentar-sebentar-maaf,ADVERTISEMENT SCROLL TO CONTINUE WITH CONTENT
"Uang Stempel Prabowo Beredar, BPN Sebut Bentuk Kampanye Hitam","Rabu, 14 Nov 2018 14:18 WIB",https://www.cnnindonesia.com/nasional/20181114125419-32-346489/uang-stempel-prabowo-beredar-bpn-sebut-bentuk-kampanye-hitam,ADVERTISEMENT SCROLL TO CONTINUE WITH CONTENT
Warga Tunanetra Demo di MUI Tagih Maaf Ma'ruf soal Buta-Budek,"Rabu, 14 Nov 2018 12:41 WIB",https://www.cnnindonesia.com/nasional/20181114115730-32-346456/warga-tunanetra-demo-di-mui-tagih-maaf-maruf-soal-buta-budek,ADVERTISEMENT SCROLL TO CONTINUE WITH CONTENT
"Minta Maaf Tiga Kali, Prabowo-Sandi Disarankan Tobat","Rabu, 14 Nov 2018 11:37 WIB",https://www.cnnindonesia.com/nasional/20181114111457-32-346425/minta-maaf-tiga-kali-prabowo-sandi-disarankan-tobat,ADVERTISEMENT SCROLL TO CONTINUE WITH CONTENT
"Ma'ruf Gelar Maulid Nabi, Sandi Deklarasi PA 212","Rabu, 14 Nov 2018 10:45 WIB",https://www.cnnindonesia.com/nasional/20181114062950-32-346336/maruf-gelar-maulid-nabi-sandi-deklarasi-pa-212,ADVERTISEMENT SCROLL TO CONTINUE WITH CONTENT
Politik Pasar Jokowi dan Sandi: Pertaruhan Ceruk Kelas Bawah,"Rabu, 14 Nov 2018 08:38 WIB",https://www.cnnindonesia.com/nasional/20181114070812-32-346340/politik-pasar-jokowi-dan-sandi-pertaruhan-ceruk-kelas-bawah,ADVERTISEMENT SCROLL TO CONTINUE WITH CONTENT
Ma'ruf Amin: Saya Sebenarnya Tidak Mau Jadi Cawapres,"Rabu, 14 Nov 2018 06:08 WIB",https://www.cnnindonesia.com/nasional/20181114024149-32-346330/maruf-amin-saya-sebenarnya-tidak-mau-jadi-cawapres,ADVERTISEMENT SCROLL TO CONTINUE WITH CONTENT
PDIP Sindir Efek Ekor Jas: SBY Introspeksi dari Pemilu 2009,"Rabu, 14 Nov 2018 05:47 WIB",https://www.cnnindonesia.com/nasional/20181114035843-32-346334/pdip-sindir-efek-ekor-jas-sby-introspeksi-dari-pemilu-2009,ADVERTISEMENT SCROLL TO CONTINUE WITH CONTENT
JK Mengaku Belum Pernah Dengar Jokowi Dianggap Santri,"Selasa, 13 Nov 2018 23:57 WIB",https://www.cnnindonesia.com/nasional/20181113174438-32-346250/jk-mengaku-belum-pernah-dengar-jokowi-dianggap-santri,ADVERTISEMENT SCROLL TO CONTINUE WITH CONTENT
TKN Tuding Ada Politik Kotor di Balik Poster 'Raja Jokowi',"Selasa, 13 Nov 2018 22:37 WIB",https://www.cnnindonesia.com/nasional/20181113213947-32-346319/tkn-tuding-ada-politik-kotor-di-balik-poster-raja-jokowi,ADVERTISEMENT SCROLL TO CONTINUE WITH CONTENT
Tim Jokowi Laporkan Kubu Prabowo Terkait Aksi Bela Tauhid,"Selasa, 13 Nov 2018 22:17 WIB",https://www.cnnindonesia.com/nasional/20181113202042-32-346303/tim-jokowi-laporkan-kubu-prabowo-terkait-aksi-bela-tauhid,ADVERTISEMENT SCROLL TO CONTINUE WITH CONTENT
Gerindra Tagih Janji SBY dan AHY Kampanyekan Prabowo-Sandi,"Selasa, 13 Nov 2018 22:06 WIB",https://www.cnnindonesia.com/nasional/20181113213000-32-346312/gerindra-tagih-janji-sby-dan-ahy-kampanyekan-prabowo-sandi,ADVERTISEMENT SCROLL TO CONTINUE WITH CONTENT
Ma'ruf Amin Sebut Versi Survei Suara di Jabar Ungguli Prabowo,"Selasa, 13 Nov 2018 21:49 WIB",https://www.cnnindonesia.com/nasional/20181113205734-32-346310/maruf-amin-sebut-versi-survei-suara-di-jabar-ungguli-prabowo,ADVERTISEMENT SCROLL TO CONTINUE WITH CONTENT
JK Sebut Istilah Sontoloyo dan Genderuwo Kampanye Negatif,"Selasa, 13 Nov 2018 19:11 WIB",https://www.cnnindonesia.com/nasional/20181113185149-32-346267/jk-sebut-istilah-sontoloyo-dan-genderuwo-kampanye-negatif,ADVERTISEMENT SCROLL TO CONTINUE WITH CONTENT
Ma'ruf Sebut Sandi Mungkin Salahi Etika karena Langkahi Makam,"Selasa, 13 Nov 2018 16:10 WIB",https://www.cnnindonesia.com/nasional/20181113153626-32-346202/maruf-sebut-sandi-mungkin-salahi-etika-karena-langkahi-makam,ADVERTISEMENT SCROLL TO CONTINUE WITH CONTENT
Ma'ruf Amin Sebut Jokowi sebagai Santri dari Situbondo,"Selasa, 13 Nov 2018 14:09 WIB",https://www.cnnindonesia.com/nasional/20181113135523-32-346142/maruf-amin-sebut-jokowi-sebagai-santri-dari-situbondo,ADVERTISEMENT SCROLL TO CONTINUE WITH CONTENT
"Ma'ruf Amin: 212 Sudah Selesai, Untuk Apa Reuni?","Selasa, 13 Nov 2018 12:49 WIB",https://www.cnnindonesia.com/nasional/20181113122851-32-346118/maruf-amin-212-sudah-selesai-untuk-apa-reuni,ADVERTISEMENT SCROLL TO CONTINUE WITH CONTENT
Ma'ruf Samakan 'Buta-Budek' dengan 'Buta-Tuli' Rhoma Irama,"Selasa, 13 Nov 2018 11:48 WIB",https://www.cnnindonesia.com/nasional/20181113113414-32-346104/maruf-samakan-buta-budek-dengan-buta-tuli-rhoma-irama,ADVERTISEMENT SCROLL TO CONTINUE WITH CONTENT
Egosentris dan Setengah Hati Demokrat Dukung Prabowo-Sandi,"Selasa, 13 Nov 2018 08:55 WIB",https://www.cnnindonesia.com/nasional/20181113082445-32-346050/egosentris-dan-setengah-hati-demokrat-dukung-prabowo-sandi,ADVERTISEMENT SCROLL TO CONTINUE WITH CONTENT
"Ma'ruf Amin Rapat MUI, Sandiaga Keliling Palembang","Selasa, 13 Nov 2018 07:32 WIB",https://www.cnnindonesia.com/nasional/20181113065701-32-346034/maruf-amin-rapat-mui-sandiaga-keliling-palembang,ADVERTISEMENT SCROLL TO CONTINUE WITH CONTENT
Sebulan Kampanye Capres di Medsos: Minim Pendidikan Politik,"Selasa, 13 Nov 2018 06:02 WIB",https://www.cnnindonesia.com/nasional/20181108183407-32-345099/sebulan-kampanye-capres-di-medsos-minim-pendidikan-politik,ADVERTISEMENT SCROLL TO CONTINUE WITH CONTENT
Pengerahan Anak di Aksi Bela Tauhid Dilaporkan ke KPAI,"Selasa, 13 Nov 2018 05:39 WIB",https://www.cnnindonesia.com/nasional/20181112193932-32-345970/pengerahan-anak-di-aksi-bela-tauhid-dilaporkan-ke-kpai,ADVERTISEMENT SCROLL TO CONTINUE WITH CONTENT
Tim Jokowi-Ma'ruf Klaim Akan Menang Telak di Sulawesi Utara,"Selasa, 13 Nov 2018 01:18 WIB",https://www.cnnindonesia.com/nasional/20181113001910-32-346016/tim-jokowi-maruf-klaim-akan-menang-telak-di-sulawesi-utara,ADVERTISEMENT SCROLL TO CONTINUE WITH CONTENT
Tim Jokowi: Budek dan Tuli Kiasan untuk yang Pura-pura Sakit,"Senin, 12 Nov 2018 21:39 WIB",https://www.cnnindonesia.com/nasional/20181112211725-32-346008/tim-jokowi-budek-dan-tuli-kiasan-untuk-yang-pura-pura-sakit,ADVERTISEMENT SCROLL TO CONTINUE WITH CONTENT
"Sandi Langkahi Makam Pendiri NU, TKN Sebut Ziarah Politik","Senin, 12 Nov 2018 20:59 WIB",https://www.cnnindonesia.com/nasional/20181112201614-32-345990/sandi-langkahi-makam-pendiri-nu-tkn-sebut-ziarah-politik,ADVERTISEMENT SCROLL TO CONTINUE WITH CONTENT
PKS Tak Berpikir 'Kampanye Senyap' SBY Gembosi Prabowo-Sandi,"Senin, 12 Nov 2018 19:06 WIB",https://www.cnnindonesia.com/nasional/20181112140637-32-345877/pks-tak-berpikir-kampanye-senyap-sby-gembosi-prabowo-sandi,ADVERTISEMENT SCROLL TO CONTINUE WITH CONTENT
"Soal 'Budek-Buta', Ma'ruf Diberi Tenggat 10 Hari Minta Maaf","Senin, 12 Nov 2018 18:21 WIB",https://www.cnnindonesia.com/nasional/20181112174149-32-345938/soal-budek-buta-maruf-diberi-tenggat-10-hari-minta-maaf,ADVERTISEMENT SCROLL TO CONTINUE WITH CONTENT
Fadli soal 'Budek-Buta' Ala Ma'ruf: Sealiran dengan Genderuwo,"Senin, 12 Nov 2018 17:23 WIB",https://www.cnnindonesia.com/nasional/20181112171030-32-345933/fadli-soal-budek-buta-ala-maruf-sealiran-dengan-genderuwo,ADVERTISEMENT SCROLL TO CONTINUE WITH CONTENT
Kelakar Sandi Ingin Jejali Cabai ke Mulut Politikus Kasar,"Senin, 12 Nov 2018 15:23 WIB",https://www.cnnindonesia.com/nasional/20181112142329-32-345897/kelakar-sandi-ingin-jejali-cabai-ke-mulut-politikus-kasar,ADVERTISEMENT SCROLL TO CONTINUE WITH CONTENT
"PKS Respons SBY, Politik SARA Bisa Diperdebatkan","Senin, 12 Nov 2018 14:22 WIB",https://www.cnnindonesia.com/nasional/20181112135235-32-345878/pks-respons-sby-politik-sara-bisa-diperdebatkan,ADVERTISEMENT SCROLL TO CONTINUE WITH CONTENT
Forum Tunanetra Protes Pernyataan Ma'ruf soal 'Buta-Budek',"Senin, 12 Nov 2018 12:55 WIB",https://www.cnnindonesia.com/nasional/20181112121523-20-345848/forum-tunanetra-protes-pernyataan-maruf-soal-buta-budek,ADVERTISEMENT SCROLL TO CONTINUE WITH CONTENT
"Ma'ruf Gerilya di Banten, Sandiaga Blusukan di Riau","Senin, 12 Nov 2018 10:37 WIB",https://www.cnnindonesia.com/nasional/20181112100111-32-345792/maruf-gerilya-di-banten-sandiaga-blusukan-di-riau,ADVERTISEMENT SCROLL TO CONTINUE WITH CONTENT
StrategiDoor-to-DoorJokowi Hadapi Pilpres 2019,"Senin, 12 Nov 2018 06:26 WIB",https://www.cnnindonesia.com/nasional/20181112045246-32-345731/strategi-door-to-door-jokowi-hadapi-pilpres-2019,ADVERTISEMENT SCROLL TO CONTINUE WITH CONTENT
Grace: Misi PSI di DPR Tak Dukung Perda Syariah dan Injil,"Minggu, 11 Nov 2018 22:29 WIB",https://www.cnnindonesia.com/nasional/20181111215606-32-345713/grace-misi-psi-di-dpr-tak-dukung-perda-syariah-dan-injil,ADVERTISEMENT SCROLL TO CONTINUE WITH CONTENT
Ibas Sebut Demokrat Bukan Partai Genderuwo,"Minggu, 11 Nov 2018 21:18 WIB",https://www.cnnindonesia.com/nasional/20181111211107-32-345710/ibas-sebut-demokrat-bukan-partai-genderuwo,ADVERTISEMENT SCROLL TO CONTINUE WITH CONTENT
"Soal Bendera Baru PKB, Eggi Minta Polisi Periksa Cak Imin","Minggu, 11 Nov 2018 17:21 WIB",https://www.cnnindonesia.com/nasional/20181111170540-32-345690/soal-bendera-baru-pkb-eggi-minta-polisi-periksa-cak-imin,ADVERTISEMENT SCROLL TO CONTINUE WITH CONTENT
Menilik Gaya 'Menyerang' Jokowi di Arena Pilpres 2019,"Minggu, 11 Nov 2018 13:15 WIB",https://www.cnnindonesia.com/nasional/20181109195213-32-345377/menilik-gaya-menyerang-jokowi-di-arena-pilpres-2019,ADVERTISEMENT SCROLL TO CONTINUE WITH CONTENT
Jokowi Belanja Ubi Hingga Daun Pepaya di Pasar Cihaur Geulis,"Minggu, 11 Nov 2018 08:31 WIB",https://www.cnnindonesia.com/nasional/20181111083005-32-345620/jokowi-belanja-ubi-hingga-daun-pepaya-di-pasar-cihaur-geulis,ADVERTISEMENT SCROLL TO CONTINUE WITH CONTENT
Ma'ruf Jawab Kritikan Rizieq soal Pencitraan ke Jokowi,"Sabtu, 10 Nov 2018 19:46 WIB",https://www.cnnindonesia.com/nasional/20181110171901-32-345535/maruf-jawab-kritikan-rizieq-soal-pencitraan-ke-jokowi,ADVERTISEMENT SCROLL TO CONTINUE WITH CONTENT
Ma'ruf Sebut Gaya Politikus Suka Menakuti seperti Genderuwo,"Sabtu, 10 Nov 2018 19:04 WIB",https://www.cnnindonesia.com/nasional/20181110184710-32-345566/maruf-sebut-gaya-politikus-suka-menakuti-seperti-genderuwo,ADVERTISEMENT SCROLL TO CONTINUE WITH CONTENT
Ma'aruf Sebut Dana Tak Halal Bank Syariah Hanya untuk Sosial,"Sabtu, 10 Nov 2018 16:02 WIB",https://www.cnnindonesia.com/ekonomi/20181110154725-78-345508/maaruf-sebut-dana-tak-halal-bank-syariah-hanya-untuk-sosial,ADVERTISEMENT SCROLL TO CONTINUE WITH CONTENT
Ma'ruf Sebut Cuma Orang 'Budek-Buta' Tak Tahu Prestasi Jokowi,"Sabtu, 10 Nov 2018 15:20 WIB",https://www.cnnindonesia.com/nasional/20181110151115-32-345505/maruf-sebut-cuma-orang-budek-buta-tak-tahu-prestasi-jokowi,ADVERTISEMENT SCROLL TO CONTINUE WITH CONTENT
Jokowi dan Prabowo Dinilai Belum Tawarkan Program dan Gagasan,"Sabtu, 10 Nov 2018 07:33 WIB",https://www.cnnindonesia.com/nasional/20181109202143-20-345376/jokowi-dan-prabowo-dinilai-belum-tawarkan-program-dan-gagasan,ADVERTISEMENT SCROLL TO CONTINUE WITH CONTENT
Erick Thohir Anggap Yusril Profesional,"Sabtu, 10 Nov 2018 04:45 WIB",https://www.cnnindonesia.com/nasional/20181109050636-32-345152/erick-thohir-anggap-yusril-profesional,ADVERTISEMENT SCROLL TO CONTINUE WITH CONTENT
KPAI Diminta Bertindak soal Eksploitasi Anak di Pilpres 2019,"Sabtu, 10 Nov 2018 01:33 WIB",https://www.cnnindonesia.com/nasional/20181109173018-32-345325/kpai-diminta-bertindak-soal-eksploitasi-anak-di-pilpres-2019,ADVERTISEMENT SCROLL TO CONTINUE WITH CONTENT
Ma'ruf Soal Aduan ke Bawaslu: Memangnya Saya Punya Tanah?,"Jumat, 09 Nov 2018 21:36 WIB",https://www.cnnindonesia.com/nasional/20181109133243-32-345236/maruf-soal-aduan-ke-bawaslu-memangnya-saya-punya-tanah,ADVERTISEMENT SCROLL TO CONTINUE WITH CONTENT
Ciri Politik Genderuwo Versi TKN Jokowi: Sebar Hoaks,"Jumat, 09 Nov 2018 19:33 WIB",https://www.cnnindonesia.com/nasional/20181109191904-32-345365/ciri-politik-genderuwo-versi-tkn-jokowi-sebar-hoaks,ADVERTISEMENT SCROLL TO CONTINUE WITH CONTENT
Kubu Jokowi: Mungkin Prabowo Salah Satu 'Politik Genderuwo',"Jumat, 09 Nov 2018 17:01 WIB",https://www.cnnindonesia.com/nasional/20181109163003-32-345305/kubu-jokowi-mungkin-prabowo-salah-satu-politik-genderuwo,ADVERTISEMENT SCROLL TO CONTINUE WITH CONTENT
Kubu Prabowo Minta Erick Thohir Introspeksi Diri,"Jumat, 09 Nov 2018 15:36 WIB",https://www.cnnindonesia.com/nasional/20181109143751-32-345266/kubu-prabowo-minta-erick-thohir-introspeksi-diri,ADVERTISEMENT SCROLL TO CONTINUE WITH CONTENT
MUI Tegaskan Bank Syariah Boleh Gunakan Dana Tak Halal,"Jumat, 09 Nov 2018 10:28 WIB",https://www.cnnindonesia.com/ekonomi/20181108205907-78-345133/mui-tegaskan-bank-syariah-boleh-gunakan-dana-tak-halal,ADVERTISEMENT SCROLL TO CONTINUE WITH CONTENT
Ma'ruf Amin Tegaskan Mobil Esemka Urusan Swasta,"Jumat, 09 Nov 2018 08:12 WIB",https://www.cnnindonesia.com/nasional/20181109043952-32-345151/maruf-amin-tegaskan-mobil-esemka-urusan-swasta,ADVERTISEMENT SCROLL TO CONTINUE WITH CONTENT
Penghentian Iklan Jokowi Dinilai Bisa Jadi Preseden Buruk,"Jumat, 09 Nov 2018 07:23 WIB",https://www.cnnindonesia.com/nasional/20181108202010-32-345124/penghentian-iklan-jokowi-dinilai-bisa-jadi-preseden-buruk,ADVERTISEMENT SCROLL TO CONTINUE WITH CONTENT
Timses Jokowi: Prabowo Tak Peduli Draf Koalisi dari Yusril,"Jumat, 09 Nov 2018 06:09 WIB",https://www.cnnindonesia.com/nasional/20181108192834-32-345094/timses-jokowi-prabowo-tak-peduli-draf-koalisi-dari-yusril,ADVERTISEMENT SCROLL TO CONTINUE WITH CONTENT
Ma'ruf Soal Minta Maaf Prabowo: Tergantung Warga Boyolali,"Jumat, 09 Nov 2018 04:50 WIB",https://www.cnnindonesia.com/nasional/20181108150057-32-344993/maruf-soal-minta-maaf-prabowo-tergantung-warga-boyolali,ADVERTISEMENT SCROLL TO CONTINUE WITH CONTENT
"TKN Jokowi Tuding SBY Kampanye Demi Demokrat, Bukan Prabowo","Jumat, 09 Nov 2018 02:38 WIB",https://www.cnnindonesia.com/nasional/20181108182604-32-345072/tkn-jokowi-tuding-sby-kampanye-demi-demokrat-bukan-prabowo,ADVERTISEMENT SCROLL TO CONTINUE WITH CONTENT
Jokowi Hadiri Pertemuan Tertutup dengan Relawan di Kemang,"Kamis, 08 Nov 2018 20:03 WIB",https://www.cnnindonesia.com/nasional/20181108195417-32-345102/jokowi-hadiri-pertemuan-tertutup-dengan-relawan-di-kemang,ADVERTISEMENT SCROLL TO CONTINUE WITH CONTENT
Kubu Jokowi: Pemerintah Lindungi Rizieq di Arab Saudi,"Kamis, 08 Nov 2018 20:00 WIB",https://www.cnnindonesia.com/nasional/20181108183547-32-345069/kubu-jokowi-pemerintah-lindungi-rizieq-di-arab-saudi,ADVERTISEMENT SCROLL TO CONTINUE WITH CONTENT
"Hadapi Pilpres, Ma'ruf Sebut Tak Mau Terpaku Hasil Survei","Kamis, 08 Nov 2018 19:19 WIB",https://www.cnnindonesia.com/nasional/20181108190658-32-345076/hadapi-pilpres-maruf-sebut-tak-mau-terpaku-hasil-survei,ADVERTISEMENT SCROLL TO CONTINUE WITH CONTENT
Gerindra Bantah Yusril soal Draf Aliansi Parpol Keumatan,"Kamis, 08 Nov 2018 18:43 WIB",https://www.cnnindonesia.com/nasional/20181108170610-32-345047/gerindra-bantah-yusril-soal-draf-aliansi-parpol-keumatan,ADVERTISEMENT SCROLL TO CONTINUE WITH CONTENT
Ma'ruf Puji KJRI Bebaskan Rizieq Shihab di Arab Saudi,"Kamis, 08 Nov 2018 14:55 WIB",https://www.cnnindonesia.com/nasional/20181108140558-20-344980/maruf-puji-kjri-bebaskan-rizieq-shihab-di-arab-saudi,ADVERTISEMENT SCROLL TO CONTINUE WITH CONTENT
Ma'ruf Amin Pimpin MUI Bahas Fatwa Keuangan Syariah,"Kamis, 08 Nov 2018 12:39 WIB",https://www.cnnindonesia.com/nasional/20181108104303-20-344916/maruf-amin-pimpin-mui-bahas-fatwa-keuangan-syariah,ADVERTISEMENT SCROLL TO CONTINUE WITH CONTENT
FPI Akui Bendera di Rumah Rizieq Serupa di Aksi Bela Tauhid,"Kamis, 08 Nov 2018 10:55 WIB",https://www.cnnindonesia.com/nasional/20181108102209-12-344899/fpi-akui-bendera-di-rumah-rizieq-serupa-di-aksi-bela-tauhid,ADVERTISEMENT SCROLL TO CONTINUE WITH CONTENT
Minta Maaf Prabowo soal Tampang Boyolali Dinilai Tak Tulus,"Kamis, 08 Nov 2018 07:45 WIB",https://www.cnnindonesia.com/nasional/20181107193829-32-344802/minta-maaf-prabowo-soal-tampang-boyolali-dinilai-tak-tulus,ADVERTISEMENT SCROLL TO CONTINUE WITH CONTENT
Kubu Jokowi Bantah Mempersempit Makna Milenial,"Kamis, 08 Nov 2018 03:11 WIB",https://www.cnnindonesia.com/nasional/20181107182124-32-344770/kubu-jokowi-bantah-mempersempit-makna-milenial,ADVERTISEMENT SCROLL TO CONTINUE WITH CONTENT
"Tolak Bayaran dari Jokowi, Yusril Disebut Tak Ingin Cari Uang","Kamis, 08 Nov 2018 01:34 WIB",https://www.cnnindonesia.com/nasional/20181107202437-32-344810/tolak-bayaran-dari-jokowi-yusril-disebut-tak-ingin-cari-uang,ADVERTISEMENT SCROLL TO CONTINUE WITH CONTENT
Bawaslu Hentikan Kasus Iklan Galang Dana Timses Jokowi,"Rabu, 07 Nov 2018 18:21 WIB",https://www.cnnindonesia.com/nasional/20181107172251-32-344764/bawaslu-hentikan-kasus-iklan-galang-dana-timses-jokowi,ADVERTISEMENT SCROLL TO CONTINUE WITH CONTENT
"Gus Irfan di Prabowo, Yenny Yakin Suara NU Tetap ke Jokowi","Rabu, 07 Nov 2018 17:37 WIB",https://www.cnnindonesia.com/nasional/20181107161242-32-344729/gus-irfan-di-prabowo-yenny-yakin-suara-nu-tetap-ke-jokowi,ADVERTISEMENT SCROLL TO CONTINUE WITH CONTENT
Surya Paloh Soal Yusril: Pak Jokowi yang Paling Tahu,"Rabu, 07 Nov 2018 17:16 WIB",https://www.cnnindonesia.com/nasional/20181107123057-12-344651/surya-paloh-soal-yusril-pak-jokowi-yang-paling-tahu,ADVERTISEMENT SCROLL TO CONTINUE WITH CONTENT
Tak Siapkan Pengacara Sandi Yakin Bisa Menang Tanpa Sengketa,"Rabu, 07 Nov 2018 17:02 WIB",https://www.cnnindonesia.com/nasional/20181107140600-32-344675/tak-siapkan-pengacara-sandi-yakin-bisa-menang-tanpa-sengketa,ADVERTISEMENT SCROLL TO CONTINUE WITH CONTENT
Ma'ruf Amin Bantah Janjikan Lahan ke Petani Banyuwangi,"Rabu, 07 Nov 2018 15:32 WIB",https://www.cnnindonesia.com/nasional/20181107111922-32-344631/maruf-amin-bantah-janjikan-lahan-ke-petani-banyuwangi,ADVERTISEMENT SCROLL TO CONTINUE WITH CONTENT
Putusan Bawaslu: Tim Jokowi Langgar Aturan Iklan Galang Dana,"Rabu, 07 Nov 2018 15:13 WIB",https://www.cnnindonesia.com/nasional/20181107150011-32-344695/putusan-bawaslu-tim-jokowi-langgar-aturan-iklan-galang-dana,ADVERTISEMENT SCROLL TO CONTINUE WITH CONTENT
"Yusril Kuasa Hukum Jokowi, Ma'ruf Optimistis PBB Merapat","Rabu, 07 Nov 2018 13:59 WIB",https://www.cnnindonesia.com/nasional/20181107093520-32-344595/yusril-kuasa-hukum-jokowi-maruf-optimistis-pbb-merapat,ADVERTISEMENT SCROLL TO CONTINUE WITH CONTENT
Mahfud soal Yusril Pengacara Jokowi: Dia Tahu Batas Moralnya,"Rabu, 07 Nov 2018 12:51 WIB",https://www.cnnindonesia.com/nasional/20181107114412-32-344642/mahfud-soal-yusril-pengacara-jokowi-dia-tahu-batas-moralnya,ADVERTISEMENT SCROLL TO CONTINUE WITH CONTENT
"Yusril, Macan Kasus di Pelukan Petahana","Rabu, 07 Nov 2018 10:13 WIB",https://www.cnnindonesia.com/nasional/20181107094933-32-344599/yusril-macan-kasus-di-pelukan-petahana,ADVERTISEMENT SCROLL TO CONTINUE WITH CONTENT
"Unggul di Jabar Versi Survei, Ma'ruf Sebut Berkat Ulama","Rabu, 07 Nov 2018 09:30 WIB",https://www.cnnindonesia.com/nasional/20181107090833-32-344591/unggul-di-jabar-versi-survei-maruf-sebut-berkat-ulama,ADVERTISEMENT SCROLL TO CONTINUE WITH CONTENT
"Ma'ruf Diadukan ke Bawaslu, TKN Sebut Pelapor Cari Sensasi","Rabu, 07 Nov 2018 08:06 WIB",https://www.cnnindonesia.com/nasional/20181107000945-32-344543/maruf-diadukan-ke-bawaslu-tkn-sebut-pelapor-cari-sensasi,ADVERTISEMENT SCROLL TO CONTINUE WITH CONTENT
Tim Sebut Prabowo-Sandi Akan Didampingi Ratusan Advokat Muda,"Rabu, 07 Nov 2018 06:19 WIB",https://www.cnnindonesia.com/nasional/20181106221510-32-344537/tim-sebut-prabowo-sandi-akan-didampingi-ratusan-advokat-muda,ADVERTISEMENT SCROLL TO CONTINUE WITH CONTENT
"Beda dengan Prabowo, Ma'ruf Sebut Impor Masih Diperlukan","Rabu, 07 Nov 2018 05:32 WIB",https://www.cnnindonesia.com/nasional/20181106113925-20-344309/beda-dengan-prabowo-maruf-sebut-impor-masih-diperlukan,ADVERTISEMENT SCROLL TO CONTINUE WITH CONTENT
JK Akui Ada Aspek Politik soal Yusril Pengacara Jokowi-Ma'ruf,"Rabu, 07 Nov 2018 04:41 WIB",https://www.cnnindonesia.com/nasional/20181106204120-32-344521/jk-akui-ada-aspek-politik-soal-yusril-pengacara-jokowi-maruf,ADVERTISEMENT SCROLL TO CONTINUE WITH CONTENT
Kubu Prabowo Sindir Putusan Bawaslu ke Luhut-Sri Mulyani,"Rabu, 07 Nov 2018 04:03 WIB",https://www.cnnindonesia.com/nasional/20181106150556-32-344391/kubu-prabowo-sindir-putusan-bawaslu-ke-luhut-sri-mulyani,ADVERTISEMENT SCROLL TO CONTINUE WITH CONTENT
Survei Indopolling: Jokowi Ungguli Prabowo di Jabar,"Selasa, 06 Nov 2018 23:12 WIB",https://www.cnnindonesia.com/nasional/20181106190017-32-344489/survei-indopolling-jokowi-ungguli-prabowo-di-jabar,ADVERTISEMENT SCROLL TO CONTINUE WITH CONTENT
JK 'Sekak' Prabowo: Tak Ada Negara yang Hanya Ekspor Melulu,"Selasa, 06 Nov 2018 21:14 WIB",https://www.cnnindonesia.com/nasional/20181106164028-32-344433/jk-sekak-prabowo-tak-ada-negara-yang-hanya-ekspor-melulu,ADVERTISEMENT SCROLL TO CONTINUE WITH CONTENT
Misi Senyap Yusril Berlabuh ke Jokowi demi Keselamatan PBB,"Selasa, 06 Nov 2018 19:22 WIB",https://www.cnnindonesia.com/nasional/20181106171225-32-344467/misi-senyap-yusril-berlabuh-ke-jokowi-demi-keselamatan-pbb,"ADVERTISEMENT SCROLL TO CONTINUE WITH CONTENT Harapan Tim Jokowi-Ma'ruf untuk meraih simpati pendukung Yusril, diprediksi tak sepenuhnya mulus. Pengamat Politik Pangi Syarwi justru menilai bergabungnya Yusril justru berpotensi mematikan mesin politik PBB.Pangi menjelaskan selama ini Yusril menampilkan diri sebagai pengacara Hizbut Tahrir Indonesia (HTI) dalam kasus pembubaran ormas itu. Bahkan, Yusril sempat mengajak eks anggota HTI untuk bergabung ke dalam partainya menjadi calon legislatif.Pembubaran HTI terjadi di era Jokowi, dan ini bisa jadi membuat mesin partai di kalangan bawah tersendat, karena tak semua pendukung Yusril bersimpati kepada Jokowi.""Ada potensi mereka mematikan mesin partai alias tak serius menjadi caleg di PBB. Mereka mundur kan sudah enggak bisa, sehingga mereka bisa saja sebagian tak mauall outmenjadi caleg PBB,"" kata Pangi kepadaCNNIndonesia.com, Selasa (6/11). Pangi memprediksi banyak dari anggota PBB yang kecewa dengan keputusan Yusril. Tapi, Yusril tak memiliki pilihan karena Prabowo-Sandi juga belum 'mengajak' bergabung.""Ketika Yusril dan PBB di-cuekinatau tak dianggap (di kubu Prabowo-Sandi) bisa dipahami nuansa kebatinan Yusril, beliau pengacara senior yang punya jam terbang cukup tinggi,"" jelas Pangi.kata Pangi, Yusril tak ingin terjebak dalam persoalan Pilpres. Ada misi besar yang harus dia lakukan, yakni lolos PT. Dengan cara menempel kepada penguasa, maka PBB bisa dengan mulus melenggang ke kursi parlemen.""Beliau berpikir keras bagaimana PBB lolos PT. Boleh menjadi beliau menjadi kuasa hukum Jokowi sebagai jalan mempermudah masuk PBB ke parlemen,"" katanya dia.Namun, hingga saat ini Yusril belum melontarkan pernyataan mendukung Jokowi-Ma'ruf dalam kapasitasnya sebagai ketua PBB.Pengamat Politik Emrus Sihombing menilai bila Yusril mendeklarasikan PBB bergabung mendukung Jokowi secara partai, hitung-hitungan politik akan berubah.""Bisa jadi ada pergolakan lain. Bagaimana pergolakannya, hipotesis saya tidak banyak berpengaruh kepada Jokowi. Detailnya kita harus adakan survei terlebih dahulu,"" kata dia. Sementara itu SekjenPartai Bulan Bintang Afriansyah Ferry Noer menyatakan keberadaan Yusril sebagai pengacara Jokowi-Ma'ruf adalah kapasitasnya sebagai pengacara secara pribadi.Sebagai Sekjen, Afriansyah mengaku sudah diajak bicara oleh Yusril perihal akan ditariknya ia menjadi pengacara Jokowi-Ma'ruf. ""Tapi tidak membawa-bawa partai,"" kata Afriansyah kepadaCNNIndonesia.com, Senin (5/11). PBB sendiri kata Afriansyah, baru akan memutuskan perihal dukungan di Pilpres 2019 pada Rapat Kerja Nasional yang akan digelar awal Desember mendatang."
Fahira Idris Dilaporkan ke Bawaslu Terkait Aksi Bela Tauhid,"Selasa, 06 Nov 2018 17:43 WIB",https://www.cnnindonesia.com/nasional/20181106165416-32-344469/fahira-idris-dilaporkan-ke-bawaslu-terkait-aksi-bela-tauhid,ADVERTISEMENT SCROLL TO CONTINUE WITH CONTENT
"Survei: Jokowi-Ma'ruf Unggul di Jawa, Prabowo-Sandi Sumatra","Selasa, 06 Nov 2018 17:37 WIB",https://www.cnnindonesia.com/nasional/20181106164557-32-344438/survei-jokowi-maruf-unggul-di-jawa-prabowo-sandi-sumatra,ADVERTISEMENT SCROLL TO CONTINUE WITH CONTENT
"Jadi Pengacara Jokowi, Yusril Diminta Tak Lagi Bela HTI","Selasa, 06 Nov 2018 17:02 WIB",https://www.cnnindonesia.com/nasional/20181106163216-32-344435/jadi-pengacara-jokowi-yusril-diminta-tak-lagi-bela-hti,ADVERTISEMENT SCROLL TO CONTINUE WITH CONTENT
Eks HTI Tak Persoalkan Yusril Jadi Pengacara Jokowi,"Selasa, 06 Nov 2018 16:35 WIB",https://www.cnnindonesia.com/nasional/20181106155909-20-344427/eks-hti-tak-persoalkan-yusril-jadi-pengacara-jokowi,ADVERTISEMENT SCROLL TO CONTINUE WITH CONTENT
Prabowo Disebut Tak Pernah Minta Dukungan ke Yusril,"Selasa, 06 Nov 2018 16:29 WIB",https://www.cnnindonesia.com/nasional/20181106145207-20-344375/prabowo-disebut-tak-pernah-minta-dukungan-ke-yusril,ADVERTISEMENT SCROLL TO CONTINUE WITH CONTENT
Fadli Zon Jelaskan 'Setop Impor' yang Dimaksud Prabowo,"Selasa, 06 Nov 2018 16:22 WIB",https://www.cnnindonesia.com/nasional/20181106130413-32-344332/fadli-zon-jelaskan-setop-impor-yang-dimaksud-prabowo,ADVERTISEMENT SCROLL TO CONTINUE WITH CONTENT
Jokowi Puji Profesionalitas Yusril,"Selasa, 06 Nov 2018 16:01 WIB",https://www.cnnindonesia.com/nasional/20181106120742-20-344318/jokowi-puji-profesionalitas-yusril,ADVERTISEMENT SCROLL TO CONTINUE WITH CONTENT
Ma'ruf Amin Bantah Sebar Hoaks Soal Peluncuran Mobil Esemka,"Selasa, 06 Nov 2018 15:49 WIB",https://www.cnnindonesia.com/nasional/20181106153817-32-344414/maruf-amin-bantah-sebar-hoaks-soal-peluncuran-mobil-esemka,ADVERTISEMENT SCROLL TO CONTINUE WITH CONTENT
"Pose Satu Jari Bos IMF, Luhut dan Sri Mulyani Tak Bersalah","Selasa, 06 Nov 2018 14:44 WIB",https://www.cnnindonesia.com/nasional/20181106142557-32-344367/pose-satu-jari-bos-imf-luhut-dan-sri-mulyani-tak-bersalah,ADVERTISEMENT SCROLL TO CONTINUE WITH CONTENT
Ma'ruf Amin Minta Pendukung Utamakan Keutuhan Bangsa,"Selasa, 06 Nov 2018 14:17 WIB",https://www.cnnindonesia.com/nasional/20181106094535-32-344282/maruf-amin-minta-pendukung-utamakan-keutuhan-bangsa,ADVERTISEMENT SCROLL TO CONTINUE WITH CONTENT
Tim Prabowo Sebut Punya Banyak Pengacara Tak Dibayar,"Selasa, 06 Nov 2018 12:27 WIB",https://www.cnnindonesia.com/nasional/20181106094120-32-344279/tim-prabowo-sebut-punya-banyak-pengacara-tak-dibayar,ADVERTISEMENT SCROLL TO CONTINUE WITH CONTENT
Ma'ruf Amin Yakin Yusril Tak Lagi Sejalan dengan HTI,"Selasa, 06 Nov 2018 10:06 WIB",https://www.cnnindonesia.com/nasional/20181106085657-32-344273/maruf-amin-yakin-yusril-tak-lagi-sejalan-dengan-hti,ADVERTISEMENT SCROLL TO CONTINUE WITH CONTENT
Tim Prabowo-Sandi: Semoga Yusril Bahagia Bersama Jokowi,"Senin, 05 Nov 2018 20:33 WIB",https://www.cnnindonesia.com/nasional/20181105202052-32-344200/tim-prabowo-sandi-semoga-yusril-bahagia-bersama-jokowi,ADVERTISEMENT SCROLL TO CONTINUE WITH CONTENT
Ma'ruf Amin:Lakum Capresikum Walana Capresuna,"Senin, 05 Nov 2018 20:23 WIB",https://www.cnnindonesia.com/nasional/20181105174708-32-344177/maruf-amin-lakum-capresikum-walana-capresuna,ADVERTISEMENT SCROLL TO CONTINUE WITH CONTENT
Yusril Tegaskan Siap Bela Jokowi-Ma'ruf dari Fitnah dan Caci,"Senin, 05 Nov 2018 19:43 WIB",https://www.cnnindonesia.com/nasional/20181105185533-32-344184/yusril-tegaskan-siap-bela-jokowi-maruf-dari-fitnah-dan-caci,ADVERTISEMENT SCROLL TO CONTINUE WITH CONTENT
Prabowo soal Setop Impor Dinilai Tiru Donald Trump,"Senin, 05 Nov 2018 19:09 WIB",https://www.cnnindonesia.com/nasional/20181105183726-32-344174/prabowo-soal-setop-impor-dinilai-tiru-donald-trump,ADVERTISEMENT SCROLL TO CONTINUE WITH CONTENT
PBB Sebut Yusril Pengacara Jokowi-Ma'ruf Atas Nama Pribadi,"Senin, 05 Nov 2018 19:01 WIB",https://www.cnnindonesia.com/nasional/20181105184133-32-344178/pbb-sebut-yusril-pengacara-jokowi-maruf-atas-nama-pribadi,ADVERTISEMENT SCROLL TO CONTINUE WITH CONTENT
Yusril Jadi Kuasa Hukum Jokowi-Ma'ruf Tanpa Dibayar,"Senin, 05 Nov 2018 17:30 WIB",https://www.cnnindonesia.com/nasional/20181105170545-32-344144/yusril-jadi-kuasa-hukum-jokowi-maruf-tanpa-dibayar,ADVERTISEMENT SCROLL TO CONTINUE WITH CONTENT
Tim Jokowi Pertanyakan Prabowo: Gandum Tumbuh di Indonesia?,"Senin, 05 Nov 2018 15:21 WIB",https://www.cnnindonesia.com/nasional/20181105143629-32-344102/tim-jokowi-pertanyakan-prabowo-gandum-tumbuh-di-indonesia,ADVERTISEMENT SCROLL TO CONTINUE WITH CONTENT
Jurkam Jokowi: 'Tampang Boyolali' Blunder Politik Prabowo,"Senin, 05 Nov 2018 12:06 WIB",https://www.cnnindonesia.com/nasional/20181105114045-32-344051/jurkam-jokowi-tampang-boyolali-blunder-politik-prabowo,ADVERTISEMENT SCROLL TO CONTINUE WITH CONTENT
Pikir-pikir Gerindra soal Wagub: Sosok Anies dan Mesin PKS,"Senin, 05 Nov 2018 10:58 WIB",https://www.cnnindonesia.com/nasional/20181105101213-32-344001/pikir-pikir-gerindra-soal-wagub-sosok-anies-dan-mesin-pks,ADVERTISEMENT SCROLL TO CONTINUE WITH CONTENT
"Soal Setop Impor, Tim Jokowi Minta Prabowo Tak Umbar Janji","Senin, 05 Nov 2018 10:45 WIB",https://www.cnnindonesia.com/nasional/20181105100721-32-343996/soal-setop-impor-tim-jokowi-minta-prabowo-tak-umbar-janji,ADVERTISEMENT SCROLL TO CONTINUE WITH CONTENT
Kubu Jokowi Siap Jelaskan ke Bawaslu soal Iklan Dana Kampanye,"Senin, 05 Nov 2018 06:10 WIB",https://www.cnnindonesia.com/nasional/20181104192803-32-343933/kubu-jokowi-siap-jelaskan-ke-bawaslu-soal-iklan-dana-kampanye,ADVERTISEMENT SCROLL TO CONTINUE WITH CONTENT
"Rumah Aspirasi Rakyat, Upaya Jokowi-Ma'ruf Rangkul Pemilih","Senin, 05 Nov 2018 05:09 WIB",https://www.cnnindonesia.com/nasional/20181105015624-20-343955/rumah-aspirasi-rakyat-upaya-jokowi-maruf-rangkul-pemilih,ADVERTISEMENT SCROLL TO CONTINUE WITH CONTENT
TKN Yakin Langkah Gus Irfan Gabung Prabowo Tak Pecah NU,"Senin, 05 Nov 2018 03:05 WIB",https://www.cnnindonesia.com/nasional/20181104213736-32-343942/tkn-yakin-langkah-gus-irfan-gabung-prabowo-tak-pecah-nu,ADVERTISEMENT SCROLL TO CONTINUE WITH CONTENT
Buku Baru Anita Tanjung Bertajuk 'Pesona Indonesia',Tanggal tidak ditemukan,https://www.cnnindonesia.com/hiburan/20181105004230-241-343951/buku-baru-anita-tanjung-bertajuk-pesona-indonesia,ADVERTISEMENT SCROLL TO CONTINUE WITH CONTENT
TKN Jokowi Santai soal Rekaman Suara Rizieq Dukung Prabowo,"Minggu, 04 Nov 2018 22:23 WIB",https://www.cnnindonesia.com/nasional/20181104194213-32-343935/tkn-jokowi-santai-soal-rekaman-suara-rizieq-dukung-prabowo,ADVERTISEMENT SCROLL TO CONTINUE WITH CONTENT
Ma'ruf soal Tampang Boyolali: Biar Rakyat yang Menilai,"Minggu, 04 Nov 2018 20:37 WIB",https://www.cnnindonesia.com/nasional/20181104202736-32-343938/maruf-soal-tampang-boyolali-biar-rakyat-yang-menilai,ADVERTISEMENT SCROLL TO CONTINUE WITH CONTENT
Ma'ruf Ajak Kaum Ahli Memaki 'Al Makiyun' Hijrah Jadi Santun,"Minggu, 04 Nov 2018 19:06 WIB",https://www.cnnindonesia.com/nasional/20181104185352-32-343931/maruf-ajak-kaum-ahli-memaki-al-makiyun-hijrah-jadi-santun,ADVERTISEMENT SCROLL TO CONTINUE WITH CONTENT
"Masa Kampanye, Jokowi Minta Relawan Tak Jatuhkan Lawan","Minggu, 04 Nov 2018 01:20 WIB",https://www.cnnindonesia.com/nasional/20181103231930-32-343795/masa-kampanye-jokowi-minta-relawan-tak-jatuhkan-lawan,ADVERTISEMENT SCROLL TO CONTINUE WITH CONTENT
Jokowi Akui Masih Kalah 9 Persen dari Prabowo di Banten,"Sabtu, 03 Nov 2018 20:22 WIB",https://www.cnnindonesia.com/nasional/20181103190550-32-343773/jokowi-akui-masih-kalah-9-persen-dari-prabowo-di-banten,ADVERTISEMENT SCROLL TO CONTINUE WITH CONTENT
Jokowi Minta Relawan Ramaikan Salam Satu Jempol di Pilpres,"Sabtu, 03 Nov 2018 13:00 WIB",https://www.cnnindonesia.com/nasional/20181103124644-32-343698/jokowi-minta-relawan-ramaikan-salam-satu-jempol-di-pilpres,ADVERTISEMENT SCROLL TO CONTINUE WITH CONTENT
Cucu Hasyim Asy'ari Disebut Lebih Banyak Ada di Kubu Jokowi,"Sabtu, 03 Nov 2018 09:24 WIB",https://www.cnnindonesia.com/nasional/20181102145328-32-343519/cucu-hasyim-asyari-disebut-lebih-banyak-ada-di-kubu-jokowi,ADVERTISEMENT SCROLL TO CONTINUE WITH CONTENT
Tim Jokowi Tuding 'Gorengan' Aksi Bela Tauhid II Tak Relevan,"Sabtu, 03 Nov 2018 05:30 WIB",https://www.cnnindonesia.com/nasional/20181102095832-32-343425/tim-jokowi-tuding-gorengan-aksi-bela-tauhid-ii-tak-relevan,ADVERTISEMENT SCROLL TO CONTINUE WITH CONTENT
Bawaslu Ingin Periksa Erick Tohir Soal Iklan Tim Jokowi,"Sabtu, 03 Nov 2018 04:20 WIB",https://www.cnnindonesia.com/nasional/20181103040031-32-343675/bawaslu-ingin-periksa-erick-tohir-soal-iklan-tim-jokowi,ADVERTISEMENT SCROLL TO CONTINUE WITH CONTENT
Bawaslu Cecar Luhut dan Sri Mulyani 28 Pertanyaan,"Jumat, 02 Nov 2018 21:21 WIB",https://www.cnnindonesia.com/nasional/20181102205206-20-343634/bawaslu-cecar-luhut-dan-sri-mulyani-28-pertanyaan,ADVERTISEMENT SCROLL TO CONTINUE WITH CONTENT
Sri Mulyani Irit Bicara di Bawaslu soal Pose Jari Bos IMF,"Jumat, 02 Nov 2018 18:25 WIB",https://www.cnnindonesia.com/nasional/20181102181559-32-343589/sri-mulyani-irit-bicara-di-bawaslu-soal-pose-jari-bos-imf,ADVERTISEMENT SCROLL TO CONTINUE WITH CONTENT
Pengakuan Luhut soal Pose Satu Jari usai Diperiksa Bawaslu,"Jumat, 02 Nov 2018 17:05 WIB",https://www.cnnindonesia.com/nasional/20181102165613-32-343560/pengakuan-luhut-soal-pose-satu-jari-usai-diperiksa-bawaslu,ADVERTISEMENT SCROLL TO CONTINUE WITH CONTENT
Luhut dan Sri Mulyani Diam-Diam Penuhi Panggilan Bawaslu,"Jumat, 02 Nov 2018 15:47 WIB",https://www.cnnindonesia.com/nasional/20181102154124-32-343542/luhut-dan-sri-mulyani-diam-diam-penuhi-panggilan-bawaslu,ADVERTISEMENT SCROLL TO CONTINUE WITH CONTENT
Belasan Ribu Personel Gabungan Akan Amankan Aksi Bela Tauhid,"Jumat, 02 Nov 2018 13:10 WIB",https://www.cnnindonesia.com/nasional/20181102084216-20-343407/belasan-ribu-personel-gabungan-akan-amankan-aksi-bela-tauhid,ADVERTISEMENT SCROLL TO CONTINUE WITH CONTENT
Aksi Bela Tauhid Akan Tuntut Pemerintah Akui Bendera Tauhid,"Jumat, 02 Nov 2018 08:21 WIB",https://www.cnnindonesia.com/nasional/20181102073841-20-343391/aksi-bela-tauhid-akan-tuntut-pemerintah-akui-bendera-tauhid,ADVERTISEMENT SCROLL TO CONTINUE WITH CONTENT
Setengah Hati Jokowi Redam Isu Pembakaran Bendera,"Jumat, 02 Nov 2018 07:54 WIB",https://www.cnnindonesia.com/nasional/20181030171538-32-342720/setengah-hati-jokowi-redam-isu-pembakaran-bendera,ADVERTISEMENT SCROLL TO CONTINUE WITH CONTENT
Bawaslu Dijadwalkan Periksa Luhut dan Sri Mulyani Hari Ini,"Jumat, 02 Nov 2018 07:09 WIB",https://www.cnnindonesia.com/nasional/20181102064400-32-343384/bawaslu-dijadwalkan-periksa-luhut-dan-sri-mulyani-hari-ini,ADVERTISEMENT SCROLL TO CONTINUE WITH CONTENT
Kubu Jokowi Sebut Presiden Tak Bisa Intervensi Kasus Novel,"Kamis, 01 Nov 2018 20:14 WIB",https://www.cnnindonesia.com/nasional/20181101200536-12-343337/kubu-jokowi-sebut-presiden-tak-bisa-intervensi-kasus-novel,ADVERTISEMENT SCROLL TO CONTINUE WITH CONTENT
Dana Kelurahan dan Suramadu Dinilai Tak Jamin Jokowi Dipilih,"Kamis, 01 Nov 2018 19:35 WIB",https://www.cnnindonesia.com/nasional/20181101183836-32-343299/dana-kelurahan-dan-suramadu-dinilai-tak-jamin-jokowi-dipilih,ADVERTISEMENT SCROLL TO CONTINUE WITH CONTENT
Canda Ma'ruf Amin Soal ISIS yang Disukai Ibu-ibu,"Kamis, 01 Nov 2018 02:55 WIB",https://www.cnnindonesia.com/nasional/20181101023719-32-343075/canda-maruf-amin-soal-isis-yang-disukai-ibu-ibu,ADVERTISEMENT SCROLL TO CONTINUE WITH CONTENT
Kubu Jokowi Sindir Oposisi: Urus Wagub DKI Saja Bertele-tele,"Rabu, 31 Okt 2018 20:57 WIB",https://www.cnnindonesia.com/nasional/20181031203046-32-343047/kubu-jokowi-sindir-oposisi-urus-wagub-dki-saja-bertele-tele,ADVERTISEMENT SCROLL TO CONTINUE WITH CONTENT
Timses Jokowi Bela Ma'ruf: Esemka Bisa Diluncurkan Kapan Saja,"Rabu, 31 Okt 2018 19:10 WIB",https://www.cnnindonesia.com/nasional/20181031185113-32-343014/timses-jokowi-bela-maruf-esemka-bisa-diluncurkan-kapan-saja,ADVERTISEMENT SCROLL TO CONTINUE WITH CONTENT
Kubu Prabowo soal Mobil Esemka: Ma'ruf Amin Sebar Hoaks,"Rabu, 31 Okt 2018 19:04 WIB",https://www.cnnindonesia.com/nasional/20181031183234-32-343011/kubu-prabowo-soal-mobil-esemka-maruf-amin-sebar-hoaks,ADVERTISEMENT SCROLL TO CONTINUE WITH CONTENT
Moeldoko Minta Relawan Jokowi Tak Sebar Hoaks Selama Kampanye,"Rabu, 31 Okt 2018 18:46 WIB",https://www.cnnindonesia.com/nasional/20181031175222-32-342994/moeldoko-minta-relawan-jokowi-tak-sebar-hoaks-selama-kampanye,ADVERTISEMENT SCROLL TO CONTINUE WITH CONTENT
Moeldoko Sebut Pelapor Jokowi Ke Bawaslu Kampungan,"Rabu, 31 Okt 2018 17:32 WIB",https://www.cnnindonesia.com/nasional/20181031161234-32-342951/moeldoko-sebut-pelapor-jokowi-ke-bawaslu-kampungan,ADVERTISEMENT SCROLL TO CONTINUE WITH CONTENT
Romy PPP Sindir Oposisi: Tikus Mati di Got Juga Salah Jokowi,"Rabu, 31 Okt 2018 17:18 WIB",https://www.cnnindonesia.com/nasional/20181031163359-32-342967/romy-ppp-sindir-oposisi-tikus-mati-di-got-juga-salah-jokowi,ADVERTISEMENT SCROLL TO CONTINUE WITH CONTENT
Moeldoko Jawab Tudingan Kampanye Terselubung di Suramadu,"Rabu, 31 Okt 2018 16:17 WIB",https://www.cnnindonesia.com/nasional/20181031154912-32-342948/moeldoko-jawab-tudingan-kampanye-terselubung-di-suramadu,ADVERTISEMENT SCROLL TO CONTINUE WITH CONTENT
TKN Sebut Pelaporan Jokowi ke Bawaslu Hanya Cari Panggung,"Rabu, 31 Okt 2018 13:55 WIB",https://www.cnnindonesia.com/nasional/20181031131315-20-342893/tkn-sebut-pelaporan-jokowi-ke-bawaslu-hanya-cari-panggung,ADVERTISEMENT SCROLL TO CONTINUE WITH CONTENT
"Ma'ruf Temui Kiai Banyuwangi, Sandi ke UKM Parung Panjang","Rabu, 31 Okt 2018 08:27 WIB",https://www.cnnindonesia.com/nasional/20181031081742-32-342803/maruf-temui-kiai-banyuwangi-sandi-ke-ukm-parung-panjang,ADVERTISEMENT SCROLL TO CONTINUE WITH CONTENT
Tim Jokowi Tegaskan Tol Suramadu Gratis Bukan Kampanye,"Selasa, 30 Okt 2018 19:16 WIB",https://www.cnnindonesia.com/nasional/20181030184003-32-342711/tim-jokowi-tegaskan-tol-suramadu-gratis-bukan-kampanye,ADVERTISEMENT SCROLL TO CONTINUE WITH CONTENT
"Melongok Pabrik Esemka, Eks 'Proyek' Jokowi di Boyolali","Selasa, 30 Okt 2018 18:29 WIB",https://www.cnnindonesia.com/otomotif/20181030174611-579-342693/melongok-pabrik-esemka-eks-proyek-jokowi-di-boyolali,ADVERTISEMENT SCROLL TO CONTINUE WITH CONTENT ADVERTISEMENT SCROLL TO CONTINUE WITH CONTENT
"Prabowo Safari ke Pesantren di Jateng, Ma'ruf ke Jatim","Selasa, 30 Okt 2018 10:26 WIB",https://www.cnnindonesia.com/nasional/20181030085302-32-342513/prabowo-safari-ke-pesantren-di-jateng-maruf-ke-jatim,ADVERTISEMENT SCROLL TO CONTINUE WITH CONTENT
Ma'ruf Amin Minta Maskapai Lebih Hati-hati Rawat Pesawat,"Selasa, 30 Okt 2018 04:04 WIB",https://www.cnnindonesia.com/nasional/20181029233414-32-342474/maruf-amin-minta-maskapai-lebih-hati-hati-rawat-pesawat,ADVERTISEMENT SCROLL TO CONTINUE WITH CONTENT
Kubu Jokowi Klaim Warga Ingin Suramadu Gratis Sejak 2016,"Senin, 29 Okt 2018 21:17 WIB",https://www.cnnindonesia.com/nasional/20181029203414-32-342453/kubu-jokowi-klaim-warga-ingin-suramadu-gratis-sejak-2016,ADVERTISEMENT SCROLL TO CONTINUE WITH CONTENT
Gerindra Yakin Tol Suramadu Tak Bisa Rayu Suara Warga Madura,"Senin, 29 Okt 2018 15:59 WIB",https://www.cnnindonesia.com/nasional/20181029141653-32-342292/gerindra-yakin-tol-suramadu-tak-bisa-rayu-suara-warga-madura,ADVERTISEMENT SCROLL TO CONTINUE WITH CONTENT
"Ma'ruf Temui Kiai Malang, Sandi Beri Kuliah Umum di Singapura","Senin, 29 Okt 2018 06:58 WIB",https://www.cnnindonesia.com/nasional/20181029064416-32-342166/maruf-temui-kiai-malang-sandi-beri-kuliah-umum-di-singapura,ADVERTISEMENT SCROLL TO CONTINUE WITH CONTENT
Prabowo Heran Dituduh Bela Khilafah,"Minggu, 28 Okt 2018 18:29 WIB",https://www.cnnindonesia.com/nasional/20181028180908-32-342086/prabowo-heran-dituduh-bela-khilafah,ADVERTISEMENT SCROLL TO CONTINUE WITH CONTENT
Jokowi Beberkan 5 Isu Serangan Politikus Sontoloyo,"Minggu, 28 Okt 2018 15:51 WIB",https://www.cnnindonesia.com/nasional/20181028152618-32-342069/jokowi-beberkan-5-isu-serangan-politikus-sontoloyo,ADVERTISEMENT SCROLL TO CONTINUE WITH CONTENT
Jokowi Incar Kantongi 70 Persen Suara di Jatim,"Minggu, 28 Okt 2018 15:44 WIB",https://www.cnnindonesia.com/nasional/20181028152653-32-342067/jokowi-incar-kantongi-70-persen-suara-di-jatim,ADVERTISEMENT SCROLL TO CONTINUE WITH CONTENT
JK Ingatkan Timses Jokowi Tak Terlena Hasil Survei,"Minggu, 28 Okt 2018 13:29 WIB",https://www.cnnindonesia.com/nasional/20181028125838-32-342048/jk-ingatkan-timses-jokowi-tak-terlena-hasil-survei,ADVERTISEMENT SCROLL TO CONTINUE WITH CONTENT
Jokowi-Ma'ruf Lepas 1 Juta Kirab Santri di Sidoarjo Pagi Ini,"Minggu, 28 Okt 2018 06:41 WIB",https://www.cnnindonesia.com/nasional/20181028062456-32-342028/jokowi-maruf-lepas-1-juta-kirab-santri-di-sidoarjo-pagi-ini,ADVERTISEMENT SCROLL TO CONTINUE WITH CONTENT
JK Minta Tim Jokowi Utamakan Kampanye Dialogis,"Minggu, 28 Okt 2018 01:47 WIB",https://www.cnnindonesia.com/nasional/20181027210957-32-342002/jk-minta-tim-jokowi-utamakan-kampanye-dialogis,ADVERTISEMENT SCROLL TO CONTINUE WITH CONTENT
"Fokus TKN Jokowi, Erick Thohir Lepas Posisi Presiden Inter","Sabtu, 27 Okt 2018 22:27 WIB",https://www.cnnindonesia.com/olahraga/20181027212120-142-342004/fokus-tkn-jokowi-erick-thohir-lepas-posisi-presiden-inter,ADVERTISEMENT SCROLL TO CONTINUE WITH CONTENT
"Tol Suramadu Gratis, Gerindra Anggap Jokowi Ingin Rebut Suara","Sabtu, 27 Okt 2018 21:27 WIB",https://www.cnnindonesia.com/nasional/20181027205313-32-342003/tol-suramadu-gratis-gerindra-anggap-jokowi-ingin-rebut-suara,ADVERTISEMENT SCROLL TO CONTINUE WITH CONTENT
Erick Thohir Minta TKN Jokowi Belajar dari Pengalaman Tyson,"Sabtu, 27 Okt 2018 16:51 WIB",https://www.cnnindonesia.com/nasional/20181027163456-32-341953/erick-thohir-minta-tkn-jokowi-belajar-dari-pengalaman-tyson,ADVERTISEMENT SCROLL TO CONTINUE WITH CONTENT
Neno Warisman Sebut Prabowo Ragu Nyapres karena Minim Dana,"Sabtu, 27 Okt 2018 15:19 WIB",https://www.cnnindonesia.com/nasional/20181027145126-32-341920/neno-warisman-sebut-prabowo-ragu-nyapres-karena-minim-dana,ADVERTISEMENT SCROLL TO CONTINUE WITH CONTENT
Geliat Obral Janji dan Pamer Bukti Para Calon Pemimpin Negeri,"Sabtu, 27 Okt 2018 12:54 WIB",https://www.cnnindonesia.com/nasional/20181027123553-32-341891/geliat-obral-janji-dan-pamer-bukti-para-calon-pemimpin-negeri,ADVERTISEMENT SCROLL TO CONTINUE WITH CONTENT
Cerita Beda Pandangan Pimpinan Ormas soal Kata Bendera Tauhid,"Sabtu, 27 Okt 2018 10:55 WIB",https://www.cnnindonesia.com/nasional/20181027103827-20-341878/cerita-beda-pandangan-pimpinan-ormas-soal-kata-bendera-tauhid,ADVERTISEMENT SCROLL TO CONTINUE WITH CONTENT
Ormas Islam Minta Insiden Pembakaran Bendera Tak Diperbesar,"Sabtu, 27 Okt 2018 00:35 WIB",https://www.cnnindonesia.com/nasional/20181027002019-20-341843/ormas-islam-minta-insiden-pembakaran-bendera-tak-diperbesar,ADVERTISEMENT SCROLL TO CONTINUE WITH CONTENT
FPI Harap Pertemuan JK-Ormas Islam Bikin Bangsa Kondusif,"Jumat, 26 Okt 2018 20:44 WIB",https://www.cnnindonesia.com/nasional/20181026195036-20-341808/fpi-harap-pertemuan-jk-ormas-islam-bikin-bangsa-kondusif,ADVERTISEMENT SCROLL TO CONTINUE WITH CONTENT
"JK Kumpulkan Pimpinan Ormas Islam, FPI dan GNPF Tak Diundang","Jumat, 26 Okt 2018 19:43 WIB",https://www.cnnindonesia.com/nasional/20181026190520-20-341792/jk-kumpulkan-pimpinan-ormas-islam-fpi-dan-gnpf-tak-diundang,ADVERTISEMENT SCROLL TO CONTINUE WITH CONTENT
Tim Jokowi Mengaku Tak Terlibat Pemasangan Iklan di Videotron,"Jumat, 26 Okt 2018 18:10 WIB",https://www.cnnindonesia.com/nasional/20181026175228-20-341758/tim-jokowi-mengaku-tak-terlibat-pemasangan-iklan-di-videotron,ADVERTISEMENT SCROLL TO CONTINUE WITH CONTENT
"Timses Jokowi-Ma'ruf Gelar Rakernas, Fokus ke Strategi","Jumat, 26 Okt 2018 16:03 WIB",https://www.cnnindonesia.com/nasional/20181026131626-32-341626/timses-jokowi-maruf-gelar-rakernas-fokus-ke-strategi,ADVERTISEMENT SCROLL TO CONTINUE WITH CONTENT
"Langgar Aturan, Videotron Jokowi-Ma'ruf Amin Diminta Dicopot","Jumat, 26 Okt 2018 15:31 WIB",https://www.cnnindonesia.com/nasional/20181026151817-32-341677/langgar-aturan-videotron-jokowi-maruf-amin-diminta-dicopot,ADVERTISEMENT SCROLL TO CONTINUE WITH CONTENT
Kerja Keras di Balik Pengembangan Esemka,"Jumat, 26 Okt 2018 11:22 WIB",https://www.cnnindonesia.com/otomotif/20181025144227-579-341395/kerja-keras-di-balik-pengembangan-esemka,ADVERTISEMENT SCROLL TO CONTINUE WITH CONTENT ADVERTISEMENT SCROLL TO CONTINUE WITH CONTENT
"Ma'ruf Kunjungi Basis Prabowo, Sandiaga ke 'Kandang' PDIP","Jumat, 26 Okt 2018 08:20 WIB",https://www.cnnindonesia.com/nasional/20181026072847-32-341550/maruf-kunjungi-basis-prabowo-sandiaga-ke-kandang-pdip,ADVERTISEMENT SCROLL TO CONTINUE WITH CONTENT
Timses Jokowi Minta Penjelasan Bawaslu Soal Batasan Kampanye,"Jumat, 26 Okt 2018 05:13 WIB",https://www.cnnindonesia.com/nasional/20181025144003-32-341397/timses-jokowi-minta-penjelasan-bawaslu-soal-batasan-kampanye,ADVERTISEMENT SCROLL TO CONTINUE WITH CONTENT
Ma'ruf Amin soal Kepulangan Rizieq: Tinggal Tentukan Waktunya,"Jumat, 26 Okt 2018 04:54 WIB",https://www.cnnindonesia.com/nasional/20181025164703-32-341440/maruf-amin-soal-kepulangan-rizieq-tinggal-tentukan-waktunya,ADVERTISEMENT SCROLL TO CONTINUE WITH CONTENT
"Tahun Politik, BEI Targetkan Pendapatan 2019 Rp1,13 Triliun","Kamis, 25 Okt 2018 23:19 WIB",https://www.cnnindonesia.com/ekonomi/20181025193010-92-341493/tahun-politik-bei-targetkan-pendapatan-2019-rp113-triliun,ADVERTISEMENT SCROLL TO CONTINUE WITH CONTENT
Bawaslu Anggap Kasus Hoaks Ratna Bukan Kampanye Hitam Prabowo,"Kamis, 25 Okt 2018 18:06 WIB",https://www.cnnindonesia.com/nasional/20181025175254-32-341466/bawaslu-anggap-kasus-hoaks-ratna-bukan-kampanye-hitam-prabowo,ADVERTISEMENT SCROLL TO CONTINUE WITH CONTENT
Ma'ruf Amin Hadiri Deklarasi Dukungan Pekerja Migran,"Kamis, 25 Okt 2018 15:35 WIB",https://www.cnnindonesia.com/nasional/20181025144314-32-341398/maruf-amin-hadiri-deklarasi-dukungan-pekerja-migran,ADVERTISEMENT SCROLL TO CONTINUE WITH CONTENT
"Tak Risau Rizieq, Pemerintah Siap Bantu Kepulangannya","Kamis, 25 Okt 2018 14:02 WIB",https://www.cnnindonesia.com/nasional/20181025131928-32-341359/tak-risau-rizieq-pemerintah-siap-bantu-kepulangannya,ADVERTISEMENT SCROLL TO CONTINUE WITH CONTENT
Kubu Jokowi-Ma'ruf Klaim Tak Tahu Pemasang Kampanye Videotron,"Kamis, 25 Okt 2018 07:04 WIB",https://www.cnnindonesia.com/nasional/20181025063654-32-341242/kubu-jokowi-maruf-klaim-tak-tahu-pemasang-kampanye-videotron,ADVERTISEMENT SCROLL TO CONTINUE WITH CONTENT
Polemik Logistik Kampanye Prabowo-Sandiaga,"Kamis, 25 Okt 2018 06:30 WIB",https://www.cnnindonesia.com/nasional/20181024140546-32-341055/polemik-logistik-kampanye-prabowo-sandiaga,ADVERTISEMENT SCROLL TO CONTINUE WITH CONTENT
Ketika Sandi Temukan Tempe Setebal Ponsel Jadul di Pasar,"Rabu, 24 Okt 2018 22:47 WIB",https://www.cnnindonesia.com/nasional/20181024133945-20-341063/ketika-sandi-temukan-tempe-setebal-ponsel-jadul-di-pasar,ADVERTISEMENT SCROLL TO CONTINUE WITH CONTENT
"Kasus Videotron Jokowi, Pelapor Anggap Bawaslu Malas","Rabu, 24 Okt 2018 17:12 WIB",https://www.cnnindonesia.com/nasional/20181024144725-32-341108/kasus-videotron-jokowi-pelapor-anggap-bawaslu-malas,ADVERTISEMENT SCROLL TO CONTINUE WITH CONTENT
LSI: Hoaks Ratna Gerus Suara Kaum Terpelajar untuk Prabowo,"Rabu, 24 Okt 2018 13:30 WIB",https://www.cnnindonesia.com/nasional/20181024104055-12-340964/lsi-hoaks-ratna-gerus-suara-kaum-terpelajar-untuk-prabowo,ADVERTISEMENT SCROLL TO CONTINUE WITH CONTENT
"Tepis Survei, Sandi Sebut Hoaks Ratna Berbuah Simpati Publik","Rabu, 24 Okt 2018 10:03 WIB",https://www.cnnindonesia.com/nasional/20181024093913-12-340948/tepis-survei-sandi-sebut-hoaks-ratna-berbuah-simpati-publik,ADVERTISEMENT SCROLL TO CONTINUE WITH CONTENT
Bara Terpendam di Balik Aksi Bakar Bendera,"Rabu, 24 Okt 2018 07:20 WIB",https://www.cnnindonesia.com/nasional/20181023220006-20-340878/bara-terpendam-di-balik-aksi-bakar-bendera,ADVERTISEMENT SCROLL TO CONTINUE WITH CONTENT
Sandi Soal Tudingan Asal Bicara:I'm Crazy About Data,"Rabu, 24 Okt 2018 04:20 WIB",https://www.cnnindonesia.com/nasional/20181023133357-32-340692/sandi-soal-tudingan-asal-bicara-im-crazy-about-data,ADVERTISEMENT SCROLL TO CONTINUE WITH CONTENT
Ma'ruf Amin Optimis Kantongi 70 Persen Suara di Kalteng,"Rabu, 24 Okt 2018 01:38 WIB",https://www.cnnindonesia.com/nasional/20181024012520-32-340896/maruf-amin-optimis-kantongi-70-persen-suara-di-kalteng,ADVERTISEMENT SCROLL TO CONTINUE WITH CONTENT
Kubu Jokowi Sebut Ma'ruf Amin Antibiotiknya Isu SARA,"Rabu, 24 Okt 2018 00:59 WIB",https://www.cnnindonesia.com/nasional/20181023171320-32-340817/kubu-jokowi-sebut-maruf-amin-antibiotiknya-isu-sara,ADVERTISEMENT SCROLL TO CONTINUE WITH CONTENT
"PAN-Gerindra Sepakat Dana Kelurahan, Syaratnya Regulasi Jelas","Rabu, 24 Okt 2018 00:39 WIB",https://www.cnnindonesia.com/nasional/20181023193632-32-340848/pan-gerindra-sepakat-dana-kelurahan-syaratnya-regulasi-jelas,ADVERTISEMENT SCROLL TO CONTINUE WITH CONTENT
Kubu Jokowi Klaim Didukung Banyak Alumni 212,"Selasa, 23 Okt 2018 23:09 WIB",https://www.cnnindonesia.com/nasional/20181023204759-32-340864/kubu-jokowi-klaim-didukung-banyak-alumni-212,ADVERTISEMENT SCROLL TO CONTINUE WITH CONTENT
"Rizieq Shihab Diminta Pulang Sendiri, Bukan Dijemput Prabowo","Selasa, 23 Okt 2018 20:49 WIB",https://www.cnnindonesia.com/nasional/20181023194852-32-340854/rizieq-shihab-diminta-pulang-sendiri-bukan-dijemput-prabowo,ADVERTISEMENT SCROLL TO CONTINUE WITH CONTENT
"Survei LSI: Hoaks Ratna, Prabowo Makin Dijauhi Swing Voters","Selasa, 23 Okt 2018 18:24 WIB",https://www.cnnindonesia.com/nasional/20181023174233-32-340820/survei-lsi-hoaks-ratna-prabowo-makin-dijauhi-swing-voters,ADVERTISEMENT SCROLL TO CONTINUE WITH CONTENT
Mardani Ali Sera Usul Debat Pilpres Digelar Enam Jam,"Selasa, 23 Okt 2018 16:42 WIB",https://www.cnnindonesia.com/nasional/20181023162741-32-340792/mardani-ali-sera-usul-debat-pilpres-digelar-enam-jam,ADVERTISEMENT SCROLL TO CONTINUE WITH CONTENT
Kubu Jokowi Pilih Debat di Desa Ketimbang di Kampus,"Selasa, 23 Okt 2018 14:17 WIB",https://www.cnnindonesia.com/nasional/20181023140318-32-340722/kubu-jokowi-pilih-debat-di-desa-ketimbang-di-kampus,ADVERTISEMENT SCROLL TO CONTINUE WITH CONTENT
Eggi Sudjana Tagih Fatwa Soal Pemimpin Ingkar Janji ke MUI,"Selasa, 23 Okt 2018 12:06 WIB",https://www.cnnindonesia.com/nasional/20181023115211-32-340649/eggi-sudjana-tagih-fatwa-soal-pemimpin-ingkar-janji-ke-mui,ADVERTISEMENT SCROLL TO CONTINUE WITH CONTENT
Tim Jokowi Tak Mau Ladeni Isu Receh Macam Tempe Setipis ATM,"Selasa, 23 Okt 2018 11:47 WIB",https://www.cnnindonesia.com/nasional/20181023113231-32-340640/tim-jokowi-tak-mau-ladeni-isu-receh-macam-tempe-setipis-atm,ADVERTISEMENT SCROLL TO CONTINUE WITH CONTENT
Jangan Terburu-buru Kucurkan Dana Kelurahan,"Selasa, 23 Okt 2018 09:20 WIB",https://www.cnnindonesia.com/ekonomi/20181023091157-532-340591/jangan-terburu-buru-kucurkan-dana-kelurahan,ADVERTISEMENT SCROLL TO CONTINUE WITH CONTENT
Banggar DPR Klaim Semua Fraksi Parpol Setuju Dana Kelurahan,"Selasa, 23 Okt 2018 08:01 WIB",https://www.cnnindonesia.com/nasional/20181022190204-32-340504/banggar-dpr-klaim-semua-fraksi-parpol-setuju-dana-kelurahan,ADVERTISEMENT SCROLL TO CONTINUE WITH CONTENT
Prabowo Sebut Elite Indonesia Jago Bohong dan Curang,"Selasa, 23 Okt 2018 07:28 WIB",https://www.cnnindonesia.com/nasional/20181023064437-32-340569/prabowo-sebut-elite-indonesia-jago-bohong-dan-curang,ADVERTISEMENT SCROLL TO CONTINUE WITH CONTENT
Ma'ruf Amin Hadiri Hari Santri di Palangkaraya,"Selasa, 23 Okt 2018 07:23 WIB",https://www.cnnindonesia.com/nasional/20181023070141-32-340571/maruf-amin-hadiri-hari-santri-di-palangkaraya,ADVERTISEMENT SCROLL TO CONTINUE WITH CONTENT
"Terima Prabowo-Sandi, Gus Sholah Tegaskan Tak Memihak","Selasa, 23 Okt 2018 06:13 WIB",https://www.cnnindonesia.com/nasional/20181022195621-32-340524/terima-prabowo-sandi-gus-sholah-tegaskan-tak-memihak,ADVERTISEMENT SCROLL TO CONTINUE WITH CONTENT
Menristekdikti Angkat Suara Soal Debat Capres di Kampus,"Selasa, 23 Okt 2018 05:27 WIB",https://www.cnnindonesia.com/nasional/20181022162350-32-340456/menristekdikti-angkat-suara-soal-debat-capres-di-kampus,ADVERTISEMENT SCROLL TO CONTINUE WITH CONTENT
Hari Santri Dinilai Positif Bagi Pasangan Jokowi-Ma'ruf,"Selasa, 23 Okt 2018 01:51 WIB",https://www.cnnindonesia.com/nasional/20181022133529-32-340408/hari-santri-dinilai-positif-bagi-pasangan-jokowi-maruf,ADVERTISEMENT SCROLL TO CONTINUE WITH CONTENT
Jokowi Jamin Seluruh Jubir TKN Tak Berpolitik Kebohongan,"Senin, 22 Okt 2018 22:05 WIB",https://www.cnnindonesia.com/nasional/20181022214832-32-340542/jokowi-jamin-seluruh-jubir-tkn-tak-berpolitik-kebohongan,ADVERTISEMENT SCROLL TO CONTINUE WITH CONTENT
"Unggul Koalisi, Kubu Jokowi Yakin DPR Setujui Dana Kelurahan","Senin, 22 Okt 2018 15:46 WIB",https://www.cnnindonesia.com/nasional/20181022135212-32-340398/unggul-koalisi-kubu-jokowi-yakin-dpr-setujui-dana-kelurahan,ADVERTISEMENT SCROLL TO CONTINUE WITH CONTENT
"Silaturahmi Pesantren, Merawat Politik Identitas Demi Pilpres","Senin, 22 Okt 2018 12:42 WIB",https://www.cnnindonesia.com/nasional/20181022121012-32-340369/silaturahmi-pesantren-merawat-politik-identitas-demi-pilpres,ADVERTISEMENT SCROLL TO CONTINUE WITH CONTENT
Hari Santri Nasional di Bayang-bayang Hajatan Politik Musiman,"Senin, 22 Okt 2018 11:27 WIB",https://www.cnnindonesia.com/nasional/20181022093212-32-340331/hari-santri-nasional-di-bayang-bayang-hajatan-politik-musiman,ADVERTISEMENT SCROLL TO CONTINUE WITH CONTENT
Tim Jokowi Minta Kubu Prabowo Tak Cuma Nyinyir,"Senin, 22 Okt 2018 09:40 WIB",https://www.cnnindonesia.com/nasional/20181022091235-32-340299/tim-jokowi-minta-kubu-prabowo-tak-cuma-nyinyir,ADVERTISEMENT SCROLL TO CONTINUE WITH CONTENT
Wali Kota Bogor Bima Arya Ungkap Asal Usul Dana Kelurahan,"Senin, 22 Okt 2018 07:48 WIB",https://www.cnnindonesia.com/nasional/20181022071922-32-340278/wali-kota-bogor-bima-arya-ungkap-asal-usul-dana-kelurahan,ADVERTISEMENT SCROLL TO CONTINUE WITH CONTENT
Jurkam Prabowo Duga Suap Meikarta Ada Kaitan ke Timses Jokowi,"Senin, 22 Okt 2018 06:58 WIB",https://www.cnnindonesia.com/nasional/20181019193200-32-339937/jurkam-prabowo-duga-suap-meikarta-ada-kaitan-ke-timses-jokowi,ADVERTISEMENT SCROLL TO CONTINUE WITH CONTENT
Ma'ruf Amin Hadiri Apel Hari Santri di Tasikmalaya Pagi Ini,"Senin, 22 Okt 2018 05:51 WIB",https://www.cnnindonesia.com/nasional/20181022055048-32-340268/maruf-amin-hadiri-apel-hari-santri-di-tasikmalaya-pagi-ini,ADVERTISEMENT SCROLL TO CONTINUE WITH CONTENT
Mayoritas Pengusaha HIPMI dan KADIN Diklaim Dukung Jokowi,"Senin, 22 Okt 2018 01:42 WIB",https://www.cnnindonesia.com/nasional/20181022011301-32-340254/mayoritas-pengusaha-hipmi-dan-kadin-diklaim-dukung-jokowi,ADVERTISEMENT SCROLL TO CONTINUE WITH CONTENT
"Soal Debat, Kubu Jokowi Pilih Panelis Daripada Mahasiswa","Minggu, 21 Okt 2018 23:26 WIB",https://www.cnnindonesia.com/nasional/20181021195042-32-340230/soal-debat-kubu-jokowi-pilih-panelis-daripada-mahasiswa,ADVERTISEMENT SCROLL TO CONTINUE WITH CONTENT
Sandiaga Diminta Bicara Data dan Kurangi Politik Bohong,"Minggu, 21 Okt 2018 22:39 WIB",https://www.cnnindonesia.com/nasional/20181021222013-32-340246/sandiaga-diminta-bicara-data-dan-kurangi-politik-bohong,ADVERTISEMENT SCROLL TO CONTINUE WITH CONTENT
Prabowo Disarankan Ganti Kostum dan Narasi demi Raih Milenial,"Minggu, 21 Okt 2018 22:14 WIB",https://www.cnnindonesia.com/nasional/20181021210132-32-340234/prabowo-disarankan-ganti-kostum-dan-narasi-demi-raih-milenial,ADVERTISEMENT SCROLL TO CONTINUE WITH CONTENT
PBNU Tak Permasalahkan Kunjungan Capres-Cawapres ke Pesantren,"Minggu, 21 Okt 2018 21:00 WIB",https://www.cnnindonesia.com/nasional/20181021205358-32-340233/pbnu-tak-permasalahkan-kunjungan-capres-cawapres-ke-pesantren,ADVERTISEMENT SCROLL TO CONTINUE WITH CONTENT
Jokowi Minta Politik Kebohongan Diakhiri,"Minggu, 21 Okt 2018 19:14 WIB",https://www.cnnindonesia.com/nasional/20181021190607-32-340227/jokowi-minta-politik-kebohongan-diakhiri,ADVERTISEMENT SCROLL TO CONTINUE WITH CONTENT
"Kagum Lagu Kebyar-kebyar, Sandiaga Ziarahi Makam Gombloh","Minggu, 21 Okt 2018 16:43 WIB",https://www.cnnindonesia.com/nasional/20181021163609-32-340195/kagum-lagu-kebyar-kebyar-sandiaga-ziarahi-makam-gombloh,ADVERTISEMENT SCROLL TO CONTINUE WITH CONTENT
Ultah ke-54 Golkar Merasa Seperti Film Transformer,"Minggu, 21 Okt 2018 15:55 WIB",https://www.cnnindonesia.com/nasional/20181021154724-32-340183/ultah-ke-54-golkar-merasa-seperti-film-transformer,ADVERTISEMENT SCROLL TO CONTINUE WITH CONTENT
Jubir Prabowo-Sandi Sebut Dana Kelurahan Jokowi Hina Rakyat,"Minggu, 21 Okt 2018 13:28 WIB",https://www.cnnindonesia.com/nasional/20181021131725-32-340157/jubir-prabowo-sandi-sebut-dana-kelurahan-jokowi-hina-rakyat,ADVERTISEMENT SCROLL TO CONTINUE WITH CONTENT
Kubu Jokowi Minta Reuni 212 Tak Berdakwah Ujaran Kebencian,"Minggu, 21 Okt 2018 05:57 WIB",https://www.cnnindonesia.com/nasional/20181020191824-32-340091/kubu-jokowi-minta-reuni-212-tak-berdakwah-ujaran-kebencian,ADVERTISEMENT SCROLL TO CONTINUE WITH CONTENT
"Dilelang, Serban 'Bawa Berkah' Ma'ruf Amin Terjual Rp125 Juta","Minggu, 21 Okt 2018 04:36 WIB",https://www.cnnindonesia.com/nasional/20181020114827-20-340010/dilelang-serban-bawa-berkah-maruf-amin-terjual-rp125-juta,ADVERTISEMENT SCROLL TO CONTINUE WITH CONTENT
Jokowi Disebut Beri HAM Atensi Khusus di Tahun Terakhir,"Minggu, 21 Okt 2018 02:35 WIB",https://www.cnnindonesia.com/nasional/20181020175702-32-340082/jokowi-disebut-beri-ham-atensi-khusus-di-tahun-terakhir,ADVERTISEMENT SCROLL TO CONTINUE WITH CONTENT
Luhut Sebut Pose Jari IMF-World Bank Terkait Indonesia Satu,"Minggu, 21 Okt 2018 00:39 WIB",https://www.cnnindonesia.com/nasional/20181021003212-32-340111/luhut-sebut-pose-jari-imf-world-bank-terkait-indonesia-satu,ADVERTISEMENT SCROLL TO CONTINUE WITH CONTENT
Kubu Jokowi-Ma'ruf Sebut Partai Oposisi Setuju Dana Kelurahan,"Sabtu, 20 Okt 2018 23:09 WIB",https://www.cnnindonesia.com/nasional/20181020224928-32-340108/kubu-jokowi-maruf-sebut-partai-oposisi-setuju-dana-kelurahan,ADVERTISEMENT SCROLL TO CONTINUE WITH CONTENT
"Kader Ogah Kampenyekan Prabowo, Ketum PAN Anggap Biasa","Sabtu, 20 Okt 2018 20:03 WIB",https://www.cnnindonesia.com/nasional/20181019180530-32-339903/kader-ogah-kampenyekan-prabowo-ketum-pan-anggap-biasa,ADVERTISEMENT SCROLL TO CONTINUE WITH CONTENT
Timses Klaim Jokowi Ciptakan Rasa Aman Selama Memerintah,"Sabtu, 20 Okt 2018 18:55 WIB",https://www.cnnindonesia.com/nasional/20181020184612-32-340087/timses-klaim-jokowi-ciptakan-rasa-aman-selama-memerintah,ADVERTISEMENT SCROLL TO CONTINUE WITH CONTENT
"Jokowi Dinilai Lemah di Hukum, Unggul di Infrastruktur","Sabtu, 20 Okt 2018 18:32 WIB",https://www.cnnindonesia.com/nasional/20181020134641-32-340026/jokowi-dinilai-lemah-di-hukum-unggul-di-infrastruktur,ADVERTISEMENT SCROLL TO CONTINUE WITH CONTENT
Tim Jokowi Duga Caleg PAN Tolak Prabowo Agar Menang Pileg,"Sabtu, 20 Okt 2018 16:30 WIB",https://www.cnnindonesia.com/nasional/20181019154837-32-339840/tim-jokowi-duga-caleg-pan-tolak-prabowo-agar-menang-pileg,ADVERTISEMENT SCROLL TO CONTINUE WITH CONTENT
Ma'ruf Klaim Masalah HAM dapat Perhatian Lebih di Era Jokowi,"Sabtu, 20 Okt 2018 15:28 WIB",https://www.cnnindonesia.com/nasional/20181020130143-32-340019/maruf-klaim-masalah-ham-dapat-perhatian-lebih-di-era-jokowi,ADVERTISEMENT SCROLL TO CONTINUE WITH CONTENT
Ma'ruf Terima Kasih ke Caleg PAN yang Tak Dukung Prabowo,"Sabtu, 20 Okt 2018 13:27 WIB",https://www.cnnindonesia.com/nasional/20181020124757-32-340015/maruf-terima-kasih-ke-caleg-pan-yang-tak-dukung-prabowo,ADVERTISEMENT SCROLL TO CONTINUE WITH CONTENT
Ma'ruf Amin: Jokowi Pantas Masuk 50 Tokoh Islam Berpengaruh,"Sabtu, 20 Okt 2018 12:46 WIB",https://www.cnnindonesia.com/nasional/20181020122745-32-340014/maruf-amin-jokowi-pantas-masuk-50-tokoh-islam-berpengaruh,ADVERTISEMENT SCROLL TO CONTINUE WITH CONTENT
Demokrat Minta Dana Kelurahan Jokowi Cair Usai Pilpres,"Sabtu, 20 Okt 2018 05:44 WIB",https://www.cnnindonesia.com/nasional/20181020053744-32-339996/demokrat-minta-dana-kelurahan-jokowi-cair-usai-pilpres,ADVERTISEMENT SCROLL TO CONTINUE WITH CONTENT
"Soal Freeport, Tim Jokowi Sindir Sudirman Said Saat di ESDM","Sabtu, 20 Okt 2018 01:48 WIB",https://www.cnnindonesia.com/nasional/20181019204224-32-339968/soal-freeport-tim-jokowi-sindir-sudirman-said-saat-di-esdm,ADVERTISEMENT SCROLL TO CONTINUE WITH CONTENT
"Soal Sertifikat Tanah, Hasto Sindir Ferry Mursyidan","Jumat, 19 Okt 2018 20:20 WIB",https://www.cnnindonesia.com/nasional/20181019192747-32-339933/soal-sertifikat-tanah-hasto-sindir-ferry-mursyidan,ADVERTISEMENT SCROLL TO CONTINUE WITH CONTENT
Bawaslu Telusuri Dugaan Pelanggaran Kampanye Tim Jokowi,"Jumat, 19 Okt 2018 19:58 WIB",https://www.cnnindonesia.com/nasional/20181019191749-32-339934/bawaslu-telusuri-dugaan-pelanggaran-kampanye-tim-jokowi,ADVERTISEMENT SCROLL TO CONTINUE WITH CONTENT
"Tak Seperti PAN, Demokrat Klaim 'Gerilya' di Basis Jokowi","Jumat, 19 Okt 2018 18:12 WIB",https://www.cnnindonesia.com/nasional/20181019174647-32-339901/tak-seperti-pan-demokrat-klaim-gerilya-di-basis-jokowi,ADVERTISEMENT SCROLL TO CONTINUE WITH CONTENT
Timses Jokowi Tuding Kubu Prabowo Adang Penuntasan Kasus HAM,"Jumat, 19 Okt 2018 15:27 WIB",https://www.cnnindonesia.com/nasional/20181019144257-32-339808/timses-jokowi-tuding-kubu-prabowo-adang-penuntasan-kasus-ham,ADVERTISEMENT SCROLL TO CONTINUE WITH CONTENT
"Kampanye di 'Kandang' Prabowo, Ma'ruf Klaim Keturunan Madura","Jumat, 19 Okt 2018 15:08 WIB",https://www.cnnindonesia.com/nasional/20181019140017-32-339794/kampanye-di-kandang-prabowo-maruf-klaim-keturunan-madura,ADVERTISEMENT SCROLL TO CONTINUE WITH CONTENT
"Ma'ruf Satroni Santri Madura, Sandi Temui Pedagang di Padang","Jumat, 19 Okt 2018 10:14 WIB",https://www.cnnindonesia.com/nasional/20181019095838-32-339721/maruf-satroni-santri-madura-sandi-temui-pedagang-di-padang,ADVERTISEMENT SCROLL TO CONTINUE WITH CONTENT
Kubu Jokowi Nilai Kritik Mobil Esemka Cuma Kebetulan,"Jumat, 19 Okt 2018 04:56 WIB",https://www.cnnindonesia.com/nasional/20181019044852-32-339684/kubu-jokowi-nilai-kritik-mobil-esemka-cuma-kebetulan,ADVERTISEMENT SCROLL TO CONTINUE WITH CONTENT
Kubu Jokowi Tolak Niat Australia Pindah Kedubes ke Yerusalem,"Jumat, 19 Okt 2018 02:24 WIB",https://www.cnnindonesia.com/nasional/20181019021050-32-339680/kubu-jokowi-tolak-niat-australia-pindah-kedubes-ke-yerusalem,ADVERTISEMENT SCROLL TO CONTINUE WITH CONTENT
PAN Larang Kader Cuti Pimpin Daerah Saat Kampanye Pilpres,"Kamis, 18 Okt 2018 21:20 WIB",https://www.cnnindonesia.com/nasional/20181018210404-32-339663/pan-larang-kader-cuti-pimpin-daerah-saat-kampanye-pilpres,ADVERTISEMENT SCROLL TO CONTINUE WITH CONTENT
Wagub Jabar Dukung Seruan Khotbah Jumat Tolak LGBT di Cianjur,"Kamis, 18 Okt 2018 19:31 WIB",https://www.cnnindonesia.com/nasional/20181018191224-20-339636/wagub-jabar-dukung-seruan-khotbah-jumat-tolak-lgbt-di-cianjur,ADVERTISEMENT SCROLL TO CONTINUE WITH CONTENT
KPU Anggap Iklan Tim Jokowi di Koran Langgar Aturan Kampanye,"Kamis, 18 Okt 2018 16:39 WIB",https://www.cnnindonesia.com/nasional/20181018162309-32-339577/kpu-anggap-iklan-tim-jokowi-di-koran-langgar-aturan-kampanye,ADVERTISEMENT SCROLL TO CONTINUE WITH CONTENT
"Satu Jari Bos IMF, Tim Jokowi Anggap KPU Kurang Sosialisasi","Kamis, 18 Okt 2018 15:43 WIB",https://www.cnnindonesia.com/nasional/20181018150435-32-339532/satu-jari-bos-imf-tim-jokowi-anggap-kpu-kurang-sosialisasi,ADVERTISEMENT SCROLL TO CONTINUE WITH CONTENT
Luhut dan Sri Mulyani Dilaporkan ke Bawaslu soal Satu Jari,"Kamis, 18 Okt 2018 15:24 WIB",https://www.cnnindonesia.com/nasional/20181018145611-32-339530/luhut-dan-sri-mulyani-dilaporkan-ke-bawaslu-soal-satu-jari,ADVERTISEMENT SCROLL TO CONTINUE WITH CONTENT
PDIP Tanggapi Santai Rencana Gerindra Adukan Luhut ke Bawaslu,"Kamis, 18 Okt 2018 14:29 WIB",https://www.cnnindonesia.com/nasional/20181018124319-32-339453/pdip-tanggapi-santai-rencana-gerindra-adukan-luhut-ke-bawaslu,ADVERTISEMENT SCROLL TO CONTINUE WITH CONTENT
Ugal-ugalan Versi Gerindra: Kisruh Harga BBM dan Impor Beras,"Kamis, 18 Okt 2018 07:51 WIB",https://www.cnnindonesia.com/nasional/20181018072641-32-339374/ugal-ugalan-versi-gerindra-kisruh-harga-bbm-dan-impor-beras,ADVERTISEMENT SCROLL TO CONTINUE WITH CONTENT
"Ma'ruf Kunjungi Kampus dan Pesantren, Sandi Jawab Netizen","Kamis, 18 Okt 2018 07:09 WIB",https://www.cnnindonesia.com/nasional/20181018061552-32-339367/maruf-kunjungi-kampus-dan-pesantren-sandi-jawab-netizen,ADVERTISEMENT SCROLL TO CONTINUE WITH CONTENT
Pose Luhut dan Sri Mulyani di Pertemuan IMF Dibawa ke Bawaslu,"Kamis, 18 Okt 2018 05:45 WIB",https://www.cnnindonesia.com/nasional/20181018053601-32-339358/pose-luhut-dan-sri-mulyani-di-pertemuan-imf-dibawa-ke-bawaslu,ADVERTISEMENT SCROLL TO CONTINUE WITH CONTENT
"Pilpres 2019, Jokowi-Ma'ruf Target Menang Besar di Jakarta","Kamis, 18 Okt 2018 03:55 WIB",https://www.cnnindonesia.com/nasional/20181017202417-32-339323/pilpres-2019-jokowi-maruf-target-menang-besar-di-jakarta,ADVERTISEMENT SCROLL TO CONTINUE WITH CONTENT
Timses Jokowi Bantah Perintahkan Iklan Kampanye di Videotron,"Kamis, 18 Okt 2018 01:11 WIB",https://www.cnnindonesia.com/nasional/20181018005537-32-339348/timses-jokowi-bantah-perintahkan-iklan-kampanye-di-videotron,ADVERTISEMENT SCROLL TO CONTINUE WITH CONTENT
Bawaslu Duga Jokowi-Maruf Curi Start Kampanye di Media Cetak,"Kamis, 18 Okt 2018 00:16 WIB",https://www.cnnindonesia.com/nasional/20181017234918-32-339344/bawaslu-duga-jokowi-maruf-curi-start-kampanye-di-media-cetak,ADVERTISEMENT SCROLL TO CONTINUE WITH CONTENT
Videotron Jokowi-Ma'ruf Dilaporkan Warga Biasa ke Bawaslu,"Rabu, 17 Okt 2018 20:36 WIB",https://www.cnnindonesia.com/nasional/20181017195159-12-339320/videotron-jokowi-maruf-dilaporkan-warga-biasa-ke-bawaslu,ADVERTISEMENT SCROLL TO CONTINUE WITH CONTENT
Timses Janji Jokowi Setop Iklan Rekening Kampanye di Media,"Rabu, 17 Okt 2018 19:59 WIB",https://www.cnnindonesia.com/nasional/20181017194249-32-339306/timses-janji-jokowi-setop-iklan-rekening-kampanye-di-media,ADVERTISEMENT SCROLL TO CONTINUE WITH CONTENT
Timses Jokowi-Ma'ruf Amin Doakan Prabowo Jadi Negarawan,"Rabu, 17 Okt 2018 19:14 WIB",https://www.cnnindonesia.com/nasional/20181017174157-32-339278/timses-jokowi-maruf-amin-doakan-prabowo-jadi-negarawan,ADVERTISEMENT SCROLL TO CONTINUE WITH CONTENT
"Tim Prabowo Sebut Jokowi Penampilan Merakyat, Kebijakan Tidak","Rabu, 17 Okt 2018 12:17 WIB",https://www.cnnindonesia.com/nasional/20181017120816-32-339165/tim-prabowo-sebut-jokowi-penampilan-merakyat-kebijakan-tidak,ADVERTISEMENT SCROLL TO CONTINUE WITH CONTENT
"Soal Ugal-ugalan, Tim Jokowi Ungkit Prabowo Bela Hoaks Ratna","Rabu, 17 Okt 2018 09:09 WIB",https://www.cnnindonesia.com/nasional/20181017084857-32-339080/soal-ugal-ugalan-tim-jokowi-ungkit-prabowo-bela-hoaks-ratna,ADVERTISEMENT SCROLL TO CONTINUE WITH CONTENT
Kubu Jokowi Sebut Prabowo-Sandi Tak Merakyat karena Kaya,"Rabu, 17 Okt 2018 06:19 WIB",https://www.cnnindonesia.com/nasional/20181016161436-32-338947/kubu-jokowi-sebut-prabowo-sandi-tak-merakyat-karena-kaya,ADVERTISEMENT SCROLL TO CONTINUE WITH CONTENT
Timses Jokowi Pilih Kampanye Kreatif Ketimbang Negatif,"Rabu, 17 Okt 2018 00:13 WIB",https://www.cnnindonesia.com/nasional/20181016215950-32-339039/timses-jokowi-pilih-kampanye-kreatif-ketimbang-negatif,ADVERTISEMENT SCROLL TO CONTINUE WITH CONTENT
"Buka Rekening 'Gotong Royong', Tim Jokowi Sindir Mahar Rp1 T","Selasa, 16 Okt 2018 21:19 WIB",https://www.cnnindonesia.com/nasional/20181016203658-32-339036/buka-rekening-gotong-royong-tim-jokowi-sindir-mahar-rp1-t,ADVERTISEMENT SCROLL TO CONTINUE WITH CONTENT
Tim Jokowi Sebut Pilar Ekonomi Prabowo Mirip Orde Baru,"Selasa, 16 Okt 2018 19:54 WIB",https://www.cnnindonesia.com/nasional/20181016185930-32-339004/tim-jokowi-sebut-pilar-ekonomi-prabowo-mirip-orde-baru,ADVERTISEMENT SCROLL TO CONTINUE WITH CONTENT
"Mafindo: 36 Hoaks Serang Jokowi, 16 Fitnah Serbu Prabowo","Selasa, 16 Okt 2018 18:48 WIB",https://www.cnnindonesia.com/teknologi/20181016183947-185-338998/mafindo-36-hoaks-serang-jokowi-16-fitnah-serbu-prabowo,ADVERTISEMENT SCROLL TO CONTINUE WITH CONTENT
Pramuka Teriak Ganti Presiden Disebut Pembodohan Politik,"Selasa, 16 Okt 2018 18:41 WIB",https://www.cnnindonesia.com/nasional/20181016181101-20-338975/pramuka-teriak-ganti-presiden-disebut-pembodohan-politik,ADVERTISEMENT SCROLL TO CONTINUE WITH CONTENT
JK Ibaratkan Kampanye Negatif seperti Bulutangkis,"Selasa, 16 Okt 2018 17:19 WIB",https://www.cnnindonesia.com/nasional/20181016164937-32-338939/jk-ibaratkan-kampanye-negatif-seperti-bulutangkis,ADVERTISEMENT SCROLL TO CONTINUE WITH CONTENT
Djarot Klaim Ahok Dukung Jokowi-Ma'ruf Amin di Pilpres 2019,"Selasa, 16 Okt 2018 17:09 WIB",https://www.cnnindonesia.com/nasional/20181016170224-32-338945/djarot-klaim-ahok-dukung-jokowi-maruf-amin-di-pilpres-2019,ADVERTISEMENT SCROLL TO CONTINUE WITH CONTENT
"Terjerat Suap, Bupati Bekasi Dicopot dari Tim Kampanye Jokowi","Selasa, 16 Okt 2018 16:56 WIB",https://www.cnnindonesia.com/nasional/20181016163845-32-338938/terjerat-suap-bupati-bekasi-dicopot-dari-tim-kampanye-jokowi,ADVERTISEMENT SCROLL TO CONTINUE WITH CONTENT
Cawapres Ma'ruf Amin Melawat ke Singapura,"Selasa, 16 Okt 2018 04:22 WIB",https://www.cnnindonesia.com/nasional/20181016041511-32-338730/cawapres-maruf-amin-melawat-ke-singapura,ADVERTISEMENT SCROLL TO CONTINUE WITH CONTENT
"Kampanye Sandi, Upaya Menambal Elektabilitas Mentok Prabowo","Senin, 15 Okt 2018 20:23 WIB",https://www.cnnindonesia.com/nasional/20181015193054-32-338681/kampanye-sandi-upaya-menambal-elektabilitas-mentok-prabowo,ADVERTISEMENT SCROLL TO CONTINUE WITH CONTENT
PDIP Sebut Pose Satu Jari Bos IMF Bukan Kampanye Jokowi,"Senin, 15 Okt 2018 17:59 WIB",https://www.cnnindonesia.com/nasional/20181015170400-32-338628/pdip-sebut-pose-satu-jari-bos-imf-bukan-kampanye-jokowi,ADVERTISEMENT SCROLL TO CONTINUE WITH CONTENT
Celoteh Netizen Soal Ma'ruf dan Dukungan ke Esemka,"Senin, 15 Okt 2018 16:19 WIB",https://www.cnnindonesia.com/otomotif/20181015153153-579-338592/celoteh-netizen-soal-maruf-dan-dukungan-ke-esemka,ADVERTISEMENT SCROLL TO CONTINUE WITH CONTENT ADVERTISEMENT SCROLL TO CONTINUE WITH CONTENT
Gus Ipul Kecam Anggota Pramuka Teriakkan 2019 Ganti Presiden,"Senin, 15 Okt 2018 13:52 WIB",https://www.cnnindonesia.com/nasional/20181015132834-20-338549/gus-ipul-kecam-anggota-pramuka-teriakkan-2019-ganti-presiden,ADVERTISEMENT SCROLL TO CONTINUE WITH CONTENT
Ma'ruf Dukung Esemka Jadi Mobil Nasional,"Senin, 15 Okt 2018 13:25 WIB",https://www.cnnindonesia.com/otomotif/20181015105216-579-338502/maruf-dukung-esemka-jadi-mobil-nasional,ADVERTISEMENT SCROLL TO CONTINUE WITH CONTENT ADVERTISEMENT SCROLL TO CONTINUE WITH CONTENT
Fahri soal Satu Jari Bos IMF: Orang Tahu Ini Lagi Kampanye,"Senin, 15 Okt 2018 12:50 WIB",https://www.cnnindonesia.com/nasional/20181015121817-32-338528/fahri-soal-satu-jari-bos-imf-orang-tahu-ini-lagi-kampanye,ADVERTISEMENT SCROLL TO CONTINUE WITH CONTENT
Ma'ruf Amin Klaim Mahfud MD Dukung Jokowi-Ma'ruf di Pilpres,"Senin, 15 Okt 2018 10:36 WIB",https://www.cnnindonesia.com/nasional/20181015102147-32-338483/maruf-amin-klaim-mahfud-md-dukung-jokowi-maruf-di-pilpres,ADVERTISEMENT SCROLL TO CONTINUE WITH CONTENT
Gerindra Kaitkan Pose Jari Bos IMF dan Pencitraan Kubu Jokowi,"Senin, 15 Okt 2018 09:26 WIB",https://www.cnnindonesia.com/nasional/20181015085213-32-338465/gerindra-kaitkan-pose-jari-bos-imf-dan-pencitraan-kubu-jokowi,ADVERTISEMENT SCROLL TO CONTINUE WITH CONTENT
"Ma'ruf Temui Sultan Yogyakarta, Sandi Bersua Emak-Emak Ciamis","Senin, 15 Okt 2018 07:37 WIB",https://www.cnnindonesia.com/nasional/20181015072017-32-338455/maruf-temui-sultan-yogyakarta-sandi-bersua-emak-emak-ciamis,ADVERTISEMENT SCROLL TO CONTINUE WITH CONTENT
PKS Larang Kader Kepala Daerah Jadi Timses Capres-Cawapres,"Minggu, 14 Okt 2018 19:28 WIB",https://www.cnnindonesia.com/nasional/20181014191535-32-338420/pks-larang-kader-kepala-daerah-jadi-timses-capres-cawapres,ADVERTISEMENT SCROLL TO CONTINUE WITH CONTENT
Makna Acungan Jari Telunjuk Bos IMF di Pertemuan Bali,"Minggu, 14 Okt 2018 19:03 WIB",https://www.cnnindonesia.com/ekonomi/20181014185713-532-338417/makna-acungan-jari-telunjuk-bos-imf-di-pertemuan-bali,ADVERTISEMENT SCROLL TO CONTINUE WITH CONTENT
GNPF Anggap Dukungan Sejumlah Eks 212 ke Jokowi Tak Besar,"Minggu, 14 Okt 2018 16:49 WIB",https://www.cnnindonesia.com/nasional/20181014164037-32-338403/gnpf-anggap-dukungan-sejumlah-eks-212-ke-jokowi-tak-besar,ADVERTISEMENT SCROLL TO CONTINUE WITH CONTENT
Cak Imin Klaim Mahfud MD Dukung Jokowi-Ma'ruf,"Minggu, 14 Okt 2018 15:33 WIB",https://www.cnnindonesia.com/nasional/20181014152808-32-338379/cak-imin-klaim-mahfud-md-dukung-jokowi-maruf,ADVERTISEMENT SCROLL TO CONTINUE WITH CONTENT
"Kunjungi Ponpes Krapyak, Ma'ruf Amin Jenguk Kiai Atabik Ali","Minggu, 14 Okt 2018 13:23 WIB",https://www.cnnindonesia.com/nasional/20181014125925-32-338357/kunjungi-ponpes-krapyak-maruf-amin-jenguk-kiai-atabik-ali,ADVERTISEMENT SCROLL TO CONTINUE WITH CONTENT
"Tak Masuk Tim Jokowi, Yenny Wahid Akui Tetap Total Dukung","Sabtu, 13 Okt 2018 16:01 WIB",https://www.cnnindonesia.com/nasional/20181013152602-32-338237/tak-masuk-tim-jokowi-yenny-wahid-akui-tetap-total-dukung,ADVERTISEMENT SCROLL TO CONTINUE WITH CONTENT
Timses Enggan Prabowo Keliling Bak Komidi Putar,"Sabtu, 13 Okt 2018 02:54 WIB",https://www.cnnindonesia.com/nasional/20181012210330-32-338114/timses-enggan-prabowo-keliling-bak-komidi-putar,ADVERTISEMENT SCROLL TO CONTINUE WITH CONTENT
"Cuitan Andi Arief, Tim Jokowi Nilai Kubu Prabowo Tak Kompak","Sabtu, 13 Okt 2018 00:55 WIB",https://www.cnnindonesia.com/nasional/20181012152628-32-337994/cuitan-andi-arief-tim-jokowi-nilai-kubu-prabowo-tak-kompak,ADVERTISEMENT SCROLL TO CONTINUE WITH CONTENT
Kubu Jokowi Sebut Demokrat Tak Serius Dukung Prabowo,"Jumat, 12 Okt 2018 22:09 WIB",https://www.cnnindonesia.com/nasional/20181012143953-32-337978/kubu-jokowi-sebut-demokrat-tak-serius-dukung-prabowo,ADVERTISEMENT SCROLL TO CONTINUE WITH CONTENT
"Tiru Slogan Trump, Prabowo Dinilai Tim Jokowi Tak Kreatif","Jumat, 12 Okt 2018 21:40 WIB",https://www.cnnindonesia.com/nasional/20181012172435-32-338045/tiru-slogan-trump-prabowo-dinilai-tim-jokowi-tak-kreatif,ADVERTISEMENT SCROLL TO CONTINUE WITH CONTENT
Video Potong Bebek Angsa PKI Dinilai Bisa Rugikan Jokowi,"Jumat, 12 Okt 2018 14:05 WIB",https://www.cnnindonesia.com/nasional/20181012134933-32-337962/video-potong-bebek-angsa-pki-dinilai-bisa-rugikan-jokowi,ADVERTISEMENT SCROLL TO CONTINUE WITH CONTENT
Kubu Jokowi Soal Celoteh Andi: Pengusung Prabowo Tak 'Happy',"Jumat, 12 Okt 2018 13:54 WIB",https://www.cnnindonesia.com/nasional/20181012131552-32-337948/kubu-jokowi-soal-celoteh-andi-pengusung-prabowo-tak-happy,ADVERTISEMENT SCROLL TO CONTINUE WITH CONTENT
"PA 212: Kami Ikuti Fatwanya, Bukan Pimpinan MUI","Jumat, 12 Okt 2018 13:40 WIB",https://www.cnnindonesia.com/nasional/20181012133008-12-337955/pa-212-kami-ikuti-fatwanya-bukan-pimpinan-mui,ADVERTISEMENT SCROLL TO CONTINUE WITH CONTENT
Kapolri Didorong Buka Suara soal Tudingan Skandal Buku Merah,"Jumat, 12 Okt 2018 10:56 WIB",https://www.cnnindonesia.com/nasional/20181012105103-12-337909/kapolri-didorong-buka-suara-soal-tudingan-skandal-buku-merah,ADVERTISEMENT SCROLL TO CONTINUE WITH CONTENT
Penundaan Premium Naik dan Rusaknya Koordinasi Jokowi-Jonan,"Jumat, 12 Okt 2018 06:35 WIB",https://www.cnnindonesia.com/nasional/20181011143806-32-337668/penundaan-premium-naik-dan-rusaknya-koordinasi-jokowi-jonan,ADVERTISEMENT SCROLL TO CONTINUE WITH CONTENT
"Klaim Terkepung, Kubu Prabowo Disebut Ingin Dianggap Dizalimi","Jumat, 12 Okt 2018 00:19 WIB",https://www.cnnindonesia.com/nasional/20181011204042-32-337836/klaim-terkepung-kubu-prabowo-disebut-ingin-dianggap-dizalimi,ADVERTISEMENT SCROLL TO CONTINUE WITH CONTENT
Kubu Jokowi-Ma'ruf Duga Amien Rais Dikawal Massa HTI,"Kamis, 11 Okt 2018 22:10 WIB",https://www.cnnindonesia.com/nasional/20181011211432-32-337856/kubu-jokowi-maruf-duga-amien-rais-dikawal-massa-hti,ADVERTISEMENT SCROLL TO CONTINUE WITH CONTENT
Sejumlah Eks Peserta Aksi 212 Deklarasi Dukung Jokowi-Ma'ruf,"Kamis, 11 Okt 2018 17:45 WIB",https://www.cnnindonesia.com/nasional/20181011164232-32-337729/sejumlah-eks-peserta-aksi-212-deklarasi-dukung-jokowi-maruf,ADVERTISEMENT SCROLL TO CONTINUE WITH CONTENT
Kubu Jokowi Minta Bawaslu Tak Untungkan Salah Satu Paslon,"Kamis, 11 Okt 2018 13:45 WIB",https://www.cnnindonesia.com/nasional/20181011133307-32-337648/kubu-jokowi-minta-bawaslu-tak-untungkan-salah-satu-paslon,ADVERTISEMENT SCROLL TO CONTINUE WITH CONTENT
Bawaslu Akan Panggil Gubernur yang Deklarasi Dukung Jokowi,"Kamis, 11 Okt 2018 10:51 WIB",https://www.cnnindonesia.com/nasional/20181011102004-32-337568/bawaslu-akan-panggil-gubernur-yang-deklarasi-dukung-jokowi,ADVERTISEMENT SCROLL TO CONTINUE WITH CONTENT
Kenaikan Harga BBM Bisa Goyang Elektabilitas Jokowi,"Kamis, 11 Okt 2018 08:49 WIB",https://www.cnnindonesia.com/nasional/20181011082446-32-337522/kenaikan-harga-bbm-bisa-goyang-elektabilitas-jokowi,ADVERTISEMENT SCROLL TO CONTINUE WITH CONTENT
Santri di Bayang-bayang Komoditas Pilpres 2019,"Kamis, 11 Okt 2018 08:08 WIB",https://www.cnnindonesia.com/nasional/20181010124358-32-337280/santri-di-bayang-bayang-komoditas-pilpres-2019,ADVERTISEMENT SCROLL TO CONTINUE WITH CONTENT
"Pilpres Terberat, Gerindra Merasa Prabowo Subianto Dikepung","Kamis, 11 Okt 2018 07:06 WIB",https://www.cnnindonesia.com/nasional/20181010191331-32-337450/pilpres-terberat-gerindra-merasa-prabowo-subianto-dikepung,ADVERTISEMENT SCROLL TO CONTINUE WITH CONTENT
Mendagri Tak Persoalkan Kampanye di Pesantren,"Kamis, 11 Okt 2018 05:55 WIB",https://www.cnnindonesia.com/nasional/20181010160458-32-337369/mendagri-tak-persoalkan-kampanye-di-pesantren,ADVERTISEMENT SCROLL TO CONTINUE WITH CONTENT
Timses Bantah Jokowi Pencitraan Soal Hadiah Pelapor Korupsi,"Kamis, 11 Okt 2018 01:21 WIB",https://www.cnnindonesia.com/nasional/20181010194147-32-337458/timses-bantah-jokowi-pencitraan-soal-hadiah-pelapor-korupsi,ADVERTISEMENT SCROLL TO CONTINUE WITH CONTENT
Kabar Aliran Dana ke Tito Disebut Bagian Drama Hoaks Ratna,"Rabu, 10 Okt 2018 21:31 WIB",https://www.cnnindonesia.com/nasional/20181010181112-12-337443/kabar-aliran-dana-ke-tito-disebut-bagian-drama-hoaks-ratna,ADVERTISEMENT SCROLL TO CONTINUE WITH CONTENT
PKB Sebut Jokowi Tunda Kenaikan Premium untuk Kemaslahatan,"Rabu, 10 Okt 2018 21:15 WIB",https://www.cnnindonesia.com/nasional/20181010201403-32-337465/pkb-sebut-jokowi-tunda-kenaikan-premium-untuk-kemaslahatan,ADVERTISEMENT SCROLL TO CONTINUE WITH CONTENT
"Orasi Khilafah, 'Pengawal' Amien Rais Dinilai Islam Radikal","Rabu, 10 Okt 2018 20:50 WIB",https://www.cnnindonesia.com/nasional/20181010165925-32-337388/orasi-khilafah-pengawal-amien-rais-dinilai-islam-radikal,ADVERTISEMENT SCROLL TO CONTINUE WITH CONTENT
Andi Arief soal BBM Naik: Mana Tangisan PDIP?,"Rabu, 10 Okt 2018 19:14 WIB",https://www.cnnindonesia.com/nasional/20181010190335-32-337447/andi-arief-soal-bbm-naik-mana-tangisan-pdip,ADVERTISEMENT SCROLL TO CONTINUE WITH CONTENT
PDIP Sebut Kenaikkan BBM Pertamax Bentuk Keadilan Ekonomi,"Rabu, 10 Okt 2018 17:43 WIB",https://www.cnnindonesia.com/nasional/20181010172838-32-337412/pdip-sebut-kenaikkan-bbm-pertamax-bentuk-keadilan-ekonomi,ADVERTISEMENT SCROLL TO CONTINUE WITH CONTENT
KPU Diminta Perjelas Larangan Kampanye di Pesantren,"Rabu, 10 Okt 2018 05:11 WIB",https://www.cnnindonesia.com/nasional/20181009141324-32-336930/kpu-diminta-perjelas-larangan-kampanye-di-pesantren,ADVERTISEMENT SCROLL TO CONTINUE WITH CONTENT
Said Iqbal Berharap Kasus Hoaks Ratna Tak Terus Digoreng,"Rabu, 10 Okt 2018 04:56 WIB",https://www.cnnindonesia.com/nasional/20181009215125-12-337134/said-iqbal-berharap-kasus-hoaks-ratna-tak-terus-digoreng,ADVERTISEMENT SCROLL TO CONTINUE WITH CONTENT
"Kerahkan Massa Kawal Amien, PA 212 Dinilai Tak Percaya Polisi","Rabu, 10 Okt 2018 01:26 WIB",https://www.cnnindonesia.com/nasional/20181009210023-12-337126/kerahkan-massa-kawal-amien-pa-212-dinilai-tak-percaya-polisi,ADVERTISEMENT SCROLL TO CONTINUE WITH CONTENT
Gerindra Yakin Ical Tetap ke Prabowo,"Rabu, 10 Okt 2018 00:32 WIB",https://www.cnnindonesia.com/nasional/20181009211843-32-337128/gerindra-yakin-ical-tetap-ke-prabowo,ADVERTISEMENT SCROLL TO CONTINUE WITH CONTENT
Ma'ruf Minta Aturan Hijab Judo Asian Para Games Dipatuhi,"Selasa, 09 Okt 2018 23:32 WIB",https://www.cnnindonesia.com/nasional/20181009224716-20-337136/maruf-minta-aturan-hijab-judo-asian-para-games-dipatuhi,ADVERTISEMENT SCROLL TO CONTINUE WITH CONTENT
Fahri Hamzah Nilai Jubir Kubu Jokowi dan Prabowo Tak Berkelas,"Selasa, 09 Okt 2018 21:47 WIB",https://www.cnnindonesia.com/nasional/20181009195502-32-337095/fahri-hamzah-nilai-jubir-kubu-jokowi-dan-prabowo-tak-berkelas,ADVERTISEMENT SCROLL TO CONTINUE WITH CONTENT
"Soal Video 'Dua Jari', Danpaspampres Cegah Politik di Kampus","Selasa, 09 Okt 2018 20:39 WIB",https://www.cnnindonesia.com/nasional/20181009195012-32-337092/soal-video-dua-jari-danpaspampres-cegah-politik-di-kampus,ADVERTISEMENT SCROLL TO CONTINUE WITH CONTENT
"Ke Pesantren di Masa Kampanye, Ma'ruf Klaim Hanya Minta Restu","Selasa, 09 Okt 2018 18:50 WIB",https://www.cnnindonesia.com/nasional/20181009171718-32-337000/ke-pesantren-di-masa-kampanye-maruf-klaim-hanya-minta-restu,ADVERTISEMENT SCROLL TO CONTINUE WITH CONTENT
Kubu Jokowi Ingin Kasus yang Dibongkar Amien Bukan Fitnah,"Selasa, 09 Okt 2018 17:29 WIB",https://www.cnnindonesia.com/nasional/20181009160714-32-336993/kubu-jokowi-ingin-kasus-yang-dibongkar-amien-bukan-fitnah,ADVERTISEMENT SCROLL TO CONTINUE WITH CONTENT
"Batal Bersua Sandi di Monas, Ma'ruf Mengaku Punya Acara Lain","Selasa, 09 Okt 2018 16:40 WIB",https://www.cnnindonesia.com/nasional/20181009161727-32-336986/batal-bersua-sandi-di-monas-maruf-mengaku-punya-acara-lain,ADVERTISEMENT SCROLL TO CONTINUE WITH CONTENT
Golkar Yakin Ical Tak Main Dua Kaki di Pilpres 2019,"Selasa, 09 Okt 2018 14:25 WIB",https://www.cnnindonesia.com/nasional/20181009140926-32-336932/golkar-yakin-ical-tak-main-dua-kaki-di-pilpres-2019,ADVERTISEMENT SCROLL TO CONTINUE WITH CONTENT
Ma'ruf Amin Tak Keberatan PA 212 Kawal Pemeriksaan Amien Rais,"Selasa, 09 Okt 2018 13:20 WIB",https://www.cnnindonesia.com/nasional/20181009130413-32-336898/maruf-amin-tak-keberatan-pa-212-kawal-pemeriksaan-amien-rais,ADVERTISEMENT SCROLL TO CONTINUE WITH CONTENT
Sandiaga Kaget Ma'ruf Amin Batal Hadiri Majelis Rasulullah,"Selasa, 09 Okt 2018 09:18 WIB",https://www.cnnindonesia.com/nasional/20181009085350-32-336816/sandiaga-kaget-maruf-amin-batal-hadiri-majelis-rasulullah,ADVERTISEMENT SCROLL TO CONTINUE WITH CONTENT
Gatot: Saya Akan Tentukan Dukungan di Bilik Suara,"Selasa, 09 Okt 2018 02:44 WIB",https://www.cnnindonesia.com/nasional/20181009023709-32-336791/gatot-saya-akan-tentukan-dukungan-di-bilik-suara,ADVERTISEMENT SCROLL TO CONTINUE WITH CONTENT
"Prabowo ke Pesantren, Suara Jokowi Diklaim Tak Tergerus","Selasa, 09 Okt 2018 02:29 WIB",https://www.cnnindonesia.com/nasional/20181008182504-32-336721/prabowo-ke-pesantren-suara-jokowi-diklaim-tak-tergerus,ADVERTISEMENT SCROLL TO CONTINUE WITH CONTENT
Kubu Jokowi Minta Amien Rais Fokus Kasus Ratna Sarumpaet,"Selasa, 09 Okt 2018 01:30 WIB",https://www.cnnindonesia.com/nasional/20181009011646-32-336788/kubu-jokowi-minta-amien-rais-fokus-kasus-ratna-sarumpaet,ADVERTISEMENT SCROLL TO CONTINUE WITH CONTENT
Ical Harap Pertemanan Erick-Sandi Cegah Peperangan di Pilpres,"Selasa, 09 Okt 2018 00:34 WIB",https://www.cnnindonesia.com/nasional/20181009002631-32-336786/ical-harap-pertemanan-erick-sandi-cegah-peperangan-di-pilpres,ADVERTISEMENT SCROLL TO CONTINUE WITH CONTENT
Timses Jokowi Pastikan Tak Bakal Intervensi Kasus Ratna,"Senin, 08 Okt 2018 23:46 WIB",https://www.cnnindonesia.com/nasional/20181008233638-32-336784/timses-jokowi-pastikan-tak-bakal-intervensi-kasus-ratna,ADVERTISEMENT SCROLL TO CONTINUE WITH CONTENT
"Sandi Hadir di Tablig Akbar di Monas, Ma'ruf Absen","Senin, 08 Okt 2018 21:32 WIB",https://www.cnnindonesia.com/nasional/20181008211120-32-336771/sandi-hadir-di-tablig-akbar-di-monas-maruf-absen,ADVERTISEMENT SCROLL TO CONTINUE WITH CONTENT
"Ratna Dukung Jokowi-Ahok 2012, PKS Heran Masuk Tim Prabowo","Senin, 08 Okt 2018 20:03 WIB",https://www.cnnindonesia.com/nasional/20181008192124-32-336752/ratna-dukung-jokowi-ahok-2012-pks-heran-masuk-tim-prabowo,ADVERTISEMENT SCROLL TO CONTINUE WITH CONTENT
Sekjen Koalisi Jokowi-Ma'ruf Temui Ical Malam Ini,"Senin, 08 Okt 2018 19:14 WIB",https://www.cnnindonesia.com/nasional/20181008190700-32-336740/sekjen-koalisi-jokowi-maruf-temui-ical-malam-ini,ADVERTISEMENT SCROLL TO CONTINUE WITH CONTENT
Tim Jokowi Yakin Kasus Ratna Bikin Prabowo Kesulitan,"Senin, 08 Okt 2018 18:16 WIB",https://www.cnnindonesia.com/nasional/20181008174414-32-336715/tim-jokowi-yakin-kasus-ratna-bikin-prabowo-kesulitan,ADVERTISEMENT SCROLL TO CONTINUE WITH CONTENT
"Karding Digeser dari Sekjen, Cak Imin Bantah Ada Pergolakan","Senin, 08 Okt 2018 17:36 WIB",https://www.cnnindonesia.com/nasional/20181008172343-32-336684/karding-digeser-dari-sekjen-cak-imin-bantah-ada-pergolakan,ADVERTISEMENT SCROLL TO CONTINUE WITH CONTENT
"Hadiri Tablig Akbar, Sandi Harap Bisa Duduk Bareng Ma'ruf","Senin, 08 Okt 2018 16:28 WIB",https://www.cnnindonesia.com/nasional/20181008161403-20-336659/hadiri-tablig-akbar-sandi-harap-bisa-duduk-bareng-maruf,ADVERTISEMENT SCROLL TO CONTINUE WITH CONTENT
Cak Imin: Pemilih Prabowo Pindah ke Jokowi karena Hoaks Ratna,"Senin, 08 Okt 2018 16:16 WIB",https://www.cnnindonesia.com/nasional/20181008160104-32-336654/cak-imin-pemilih-prabowo-pindah-ke-jokowi-karena-hoaks-ratna,ADVERTISEMENT SCROLL TO CONTINUE WITH CONTENT
Tablig Akbar Majelis Rasulullah Dihadiri Ma'ruf dan Sandi,"Senin, 08 Okt 2018 11:26 WIB",https://www.cnnindonesia.com/nasional/20181008102700-32-336534/tablig-akbar-majelis-rasulullah-dihadiri-maruf-dan-sandi,ADVERTISEMENT SCROLL TO CONTINUE WITH CONTENT
Gerindra Klaim Safari Prabowo ke Pesantren Diikuti Panwas,"Senin, 08 Okt 2018 08:48 WIB",https://www.cnnindonesia.com/nasional/20181008082050-32-336511/gerindra-klaim-safari-prabowo-ke-pesantren-diikuti-panwas,ADVERTISEMENT SCROLL TO CONTINUE WITH CONTENT
Cerita Ma'ruf Amin Jadi Korban Hoaks Goyang Bareng Biduan,"Senin, 08 Okt 2018 07:22 WIB",https://www.cnnindonesia.com/nasional/20181008061111-32-336501/cerita-maruf-amin-jadi-korban-hoaks-goyang-bareng-biduan,ADVERTISEMENT SCROLL TO CONTINUE WITH CONTENT
Ma'ruf Amin Kirim Donasi dan Logistik untuk Korban Gempa Palu,"Senin, 08 Okt 2018 03:40 WIB",https://www.cnnindonesia.com/nasional/20181007125210-32-336344/maruf-amin-kirim-donasi-dan-logistik-untuk-korban-gempa-palu,ADVERTISEMENT SCROLL TO CONTINUE WITH CONTENT
Ma'ruf Amin Dukung Penetapan 3 Oktober Jadi Hari Antihoaks,"Senin, 08 Okt 2018 03:16 WIB",https://www.cnnindonesia.com/nasional/20181007154806-32-336402/maruf-amin-dukung-penetapan-3-oktober-jadi-hari-antihoaks,ADVERTISEMENT SCROLL TO CONTINUE WITH CONTENT
Gubernur dan Eks Gubernur Sumsel Dukung Jokowi di Pilpres,"Senin, 08 Okt 2018 02:20 WIB",https://www.cnnindonesia.com/nasional/20181008001609-32-336482/gubernur-dan-eks-gubernur-sumsel-dukung-jokowi-di-pilpres,ADVERTISEMENT SCROLL TO CONTINUE WITH CONTENT
Jurkam Jokowi Sebut Hajatan IMF di Bali Usulan Rezim SBY,"Minggu, 07 Okt 2018 17:25 WIB",https://www.cnnindonesia.com/nasional/20181007171353-20-336423/jurkam-jokowi-sebut-hajatan-imf-di-bali-usulan-rezim-sby,ADVERTISEMENT SCROLL TO CONTINUE WITH CONTENT
"KPU Larang Kampanye di Pesantren, Ma'ruf Berdalih Silaturahmi","Minggu, 07 Okt 2018 15:46 WIB",https://www.cnnindonesia.com/nasional/20181007153525-32-336400/kpu-larang-kampanye-di-pesantren-maruf-berdalih-silaturahmi,ADVERTISEMENT SCROLL TO CONTINUE WITH CONTENT
"Buntut Hoaks Ratna, Tim Jokowi Klaim Pendukung Prabowo Goyah","Minggu, 07 Okt 2018 13:26 WIB",https://www.cnnindonesia.com/nasional/20181007130812-32-336359/buntut-hoaks-ratna-tim-jokowi-klaim-pendukung-prabowo-goyah,ADVERTISEMENT SCROLL TO CONTINUE WITH CONTENT
"Redakan Tensi Pilpres, Hadad Alwi Ajak Ma'ruf Amin Selawatan","Minggu, 07 Okt 2018 05:03 WIB",https://www.cnnindonesia.com/nasional/20181007045750-32-336277/redakan-tensi-pilpres-hadad-alwi-ajak-maruf-amin-selawatan,ADVERTISEMENT SCROLL TO CONTINUE WITH CONTENT
Para Ulama Minta Keadilan Sosial Jika Ma'ruf Amin Jadi Wapres,"Minggu, 07 Okt 2018 03:52 WIB",https://www.cnnindonesia.com/nasional/20181007082403-32-336268/para-ulama-minta-keadilan-sosial-jika-maruf-amin-jadi-wapres,ADVERTISEMENT SCROLL TO CONTINUE WITH CONTENT
"Cium Tangan Kiai, Sarung dan Gaya Hidup Sehat Ma'ruf Amin","Sabtu, 06 Okt 2018 11:58 WIB",https://www.cnnindonesia.com/nasional/20181003081358-32-335226/cium-tangan-kiai-sarung-dan-gaya-hidup-sehat-maruf-amin,ADVERTISEMENT SCROLL TO CONTINUE WITH CONTENT
Kubu Jokowi Duga Ada Propaganda ala Rusia dalam Hoaks Ratna,"Sabtu, 06 Okt 2018 02:02 WIB",https://www.cnnindonesia.com/nasional/20181005134554-32-336023/kubu-jokowi-duga-ada-propaganda-ala-rusia-dalam-hoaks-ratna,ADVERTISEMENT SCROLL TO CONTINUE WITH CONTENT
"Buntut Kasus Ratna, Sandi Akan Lakukan Penyisiran BPN","Jumat, 05 Okt 2018 01:19 WIB",https://www.cnnindonesia.com/nasional/20181004200307-32-335828/buntut-kasus-ratna-sandi-akan-lakukan-penyisiran-bpn,ADVERTISEMENT SCROLL TO CONTINUE WITH CONTENT
Eks Pendukung Polisikan Ratna Sarumpaet soal Hoaks Pemukulan,"Kamis, 04 Okt 2018 23:21 WIB",https://www.cnnindonesia.com/nasional/20181004200716-32-335851/eks-pendukung-polisikan-ratna-sarumpaet-soal-hoaks-pemukulan,ADVERTISEMENT SCROLL TO CONTINUE WITH CONTENT
Sandi Dukung Tanggal 3 Oktober Jadi Hari Antihoaks Nasional,"Kamis, 04 Okt 2018 19:23 WIB",https://www.cnnindonesia.com/nasional/20181004183858-32-335794/sandi-dukung-tanggal-3-oktober-jadi-hari-antihoaks-nasional,ADVERTISEMENT SCROLL TO CONTINUE WITH CONTENT
"Hoaks Ratna, JurusPlaying VictimMenyerang Jokowi","Kamis, 04 Okt 2018 18:47 WIB",https://www.cnnindonesia.com/nasional/20181004154705-32-335755/hoaks-ratna-jurus-playing-victim-menyerang-jokowi,ADVERTISEMENT SCROLL TO CONTINUE WITH CONTENT
JK Sejak Awal Sudah Duga Ratna Sarumpaet Berbohong,"Kamis, 04 Okt 2018 17:56 WIB",https://www.cnnindonesia.com/nasional/20181004173628-32-335783/jk-sejak-awal-sudah-duga-ratna-sarumpaet-berbohong,ADVERTISEMENT SCROLL TO CONTINUE WITH CONTENT
"Buntut Kasus Ratna, PPP Usulkan 3 Oktober Jadi Hari Antihoaks","Kamis, 04 Okt 2018 17:53 WIB",https://www.cnnindonesia.com/nasional/20181004170308-32-335777/buntut-kasus-ratna-ppp-usulkan-3-oktober-jadi-hari-antihoaks,ADVERTISEMENT SCROLL TO CONTINUE WITH CONTENT
Tim Prabowo Ungkit Jokowi Kecolongan Kasus Arcandra Tahar,"Kamis, 04 Okt 2018 17:14 WIB",https://www.cnnindonesia.com/nasional/20181004163613-32-335759/tim-prabowo-ungkit-jokowi-kecolongan-kasus-arcandra-tahar,ADVERTISEMENT SCROLL TO CONTINUE WITH CONTENT
Hanum Rais Dikirimi Buku SMP soal Cut Nyak Dien Pakai Gojek,"Kamis, 04 Okt 2018 16:37 WIB",https://www.cnnindonesia.com/nasional/20181004160625-32-335747/hanum-rais-dikirimi-buku-smp-soal-cut-nyak-dien-pakai-gojek,ADVERTISEMENT SCROLL TO CONTINUE WITH CONTENT
Kubu Jokowi Akan Laporkan Hoaks Ratna Sarumpaet ke Bawaslu,"Kamis, 04 Okt 2018 13:19 WIB",https://www.cnnindonesia.com/nasional/20181004120415-12-335643/kubu-jokowi-akan-laporkan-hoaks-ratna-sarumpaet-ke-bawaslu,ADVERTISEMENT SCROLL TO CONTINUE WITH CONTENT
"Ratna Sarumpaet, Blunder Isu dan Kelas Prabowo-Sandi","Kamis, 04 Okt 2018 07:03 WIB",https://www.cnnindonesia.com/nasional/20181004062842-32-335539/ratna-sarumpaet-blunder-isu-dan-kelas-prabowo-sandi,ADVERTISEMENT SCROLL TO CONTINUE WITH CONTENT
Rais Aam PBNU Ingin Pemimpin Indonesia Nasionalis-Religius,"Kamis, 04 Okt 2018 01:28 WIB",https://www.cnnindonesia.com/nasional/20181004011106-32-335530/rais-aam-pbnu-ingin-pemimpin-indonesia-nasionalis-religius,ADVERTISEMENT SCROLL TO CONTINUE WITH CONTENT
Dedi Mulyadi : Ma'ruf Amin Keturunan Kerajaan Sumedang Larang,"Kamis, 04 Okt 2018 01:02 WIB",https://www.cnnindonesia.com/nasional/20181003214548-32-335513/dedi-mulyadi-maruf-amin-keturunan-kerajaan-sumedang-larang,ADVERTISEMENT SCROLL TO CONTINUE WITH CONTENT
"Belum Berencana ke Palu, Ma'ruf Pilih Galang Dana Bantuan","Rabu, 03 Okt 2018 23:53 WIB",https://www.cnnindonesia.com/nasional/20181003234343-32-335523/belum-berencana-ke-palu-maruf-pilih-galang-dana-bantuan,ADVERTISEMENT SCROLL TO CONTINUE WITH CONTENT
Ma'ruf Amin Pasang Target 70 Persen Menang di Jabar,"Rabu, 03 Okt 2018 23:06 WIB",https://www.cnnindonesia.com/nasional/20181003202027-32-335497/maruf-amin-pasang-target-70-persen-menang-di-jabar,ADVERTISEMENT SCROLL TO CONTINUE WITH CONTENT
Ma'ruf Amin Soal Ratna: Penyebar Hoaks Harus Ditindak,"Rabu, 03 Okt 2018 20:52 WIB",https://www.cnnindonesia.com/nasional/20181003194918-32-335487/maruf-amin-soal-ratna-penyebar-hoaks-harus-ditindak,ADVERTISEMENT SCROLL TO CONTINUE WITH CONTENT
Blunder Hoaks Ratna untuk Elektabilitas Prabowo,"Rabu, 03 Okt 2018 17:38 WIB",https://www.cnnindonesia.com/nasional/20181003173403-32-335405/blunder-hoaks-ratna-untuk-elektabilitas-prabowo,ADVERTISEMENT SCROLL TO CONTINUE WITH CONTENT
Farhat Abbas Polisikan 17 Politikus soal Hoaks Ratna Dipukuli,"Rabu, 03 Okt 2018 16:42 WIB",https://www.cnnindonesia.com/nasional/20181003162733-12-335382/farhat-abbas-polisikan-17-politikus-soal-hoaks-ratna-dipukuli,ADVERTISEMENT SCROLL TO CONTINUE WITH CONTENT
Hasto Respons Prabowo soal Ratna Sarumpaet: Mulutmu Harimaumu,"Rabu, 03 Okt 2018 14:55 WIB",https://www.cnnindonesia.com/nasional/20181003132203-32-335330/hasto-respons-prabowo-soal-ratna-sarumpaet-mulutmu-harimaumu,ADVERTISEMENT SCROLL TO CONTINUE WITH CONTENT
Ma'ruf Amin Akan Kunjungi Pesantren di Purwakarta Hari Ini,"Rabu, 03 Okt 2018 05:23 WIB",https://www.cnnindonesia.com/nasional/20181003045434-32-335209/maruf-amin-akan-kunjungi-pesantren-di-purwakarta-hari-ini,ADVERTISEMENT SCROLL TO CONTINUE WITH CONTENT
TKN Jokowi Pastikan Bantuan untuk Palu Tanpa Atribut Kampanye,"Selasa, 02 Okt 2018 21:23 WIB",https://www.cnnindonesia.com/nasional/20181002210025-32-335174/tkn-jokowi-pastikan-bantuan-untuk-palu-tanpa-atribut-kampanye,ADVERTISEMENT SCROLL TO CONTINUE WITH CONTENT
"Hina Jokowi, Akun Facebook Ini Dilaporkan ke Polisi","Selasa, 02 Okt 2018 16:30 WIB",https://www.cnnindonesia.com/nasional/20181002135114-12-334987/hina-jokowi-akun-facebook-ini-dilaporkan-ke-polisi,ADVERTISEMENT SCROLL TO CONTINUE WITH CONTENT
"Dicopot Dari Sekjen PKB, Karding Tetap di Timses Jokowi","Selasa, 02 Okt 2018 08:01 WIB",https://www.cnnindonesia.com/nasional/20181002073658-32-334839/dicopot-dari-sekjen-pkb-karding-tetap-di-timses-jokowi,ADVERTISEMENT SCROLL TO CONTINUE WITH CONTENT
Isran Noor Diinstruksikan Prabowo Tak Ikut Kampanye Pilpres,"Selasa, 02 Okt 2018 02:22 WIB",https://www.cnnindonesia.com/nasional/20181002021627-32-334821/isran-noor-diinstruksikan-prabowo-tak-ikut-kampanye-pilpres,ADVERTISEMENT SCROLL TO CONTINUE WITH CONTENT
Tim Sukses Jokowi-Ma'ruf Setop Sementara Kampanye di Sulteng,"Selasa, 02 Okt 2018 00:25 WIB",https://www.cnnindonesia.com/nasional/20181001204725-32-334791/tim-sukses-jokowi-maruf-setop-sementara-kampanye-di-sulteng,ADVERTISEMENT SCROLL TO CONTINUE WITH CONTENT
"Sandiaga Mengaku Dapat Sumbangan Rp9,5 Juta dari 'Emak-Emak'","Senin, 01 Okt 2018 23:41 WIB",https://www.cnnindonesia.com/nasional/20181001233236-20-334814/sandiaga-mengaku-dapat-sumbangan-rp95-juta-dari-emak-emak,ADVERTISEMENT SCROLL TO CONTINUE WITH CONTENT
"Urusan Salat Tepat Waktu, Ma'ruf Mengaku Kalah sama Jokowi","Senin, 01 Okt 2018 21:11 WIB",https://www.cnnindonesia.com/nasional/20181001171222-32-334700/urusan-salat-tepat-waktu-maruf-mengaku-kalah-sama-jokowi,ADVERTISEMENT SCROLL TO CONTINUE WITH CONTENT
Menteri Hanif Dhakiri Resmi Rangkap Jabatan Sekjen PKB,"Senin, 01 Okt 2018 14:30 WIB",https://www.cnnindonesia.com/nasional/20181001135807-32-334613/menteri-hanif-dhakiri-resmi-rangkap-jabatan-sekjen-pkb,ADVERTISEMENT SCROLL TO CONTINUE WITH CONTENT
Kubu Jokowi dan Prabowo Sepakat Tak Buat Hoaks saat Kampanye,"Senin, 01 Okt 2018 04:50 WIB",https://www.cnnindonesia.com/nasional/20181001044444-32-334508/kubu-jokowi-dan-prabowo-sepakat-tak-buat-hoaks-saat-kampanye,ADVERTISEMENT SCROLL TO CONTINUE WITH CONTENT
Hoaks Banyak Tersebar Lewat Facebook,"Minggu, 30 Sep 2018 20:23 WIB",https://www.cnnindonesia.com/teknologi/20180930194853-185-334489/hoaks-banyak-tersebar-lewat-facebook,ADVERTISEMENT SCROLL TO CONTINUE WITH CONTENT
Relawan Harimau Jokowi Usung Program 'Terkam' Fadli Zon,"Minggu, 30 Sep 2018 05:10 WIB",https://www.cnnindonesia.com/nasional/20180929162856-32-334248/relawan-harimau-jokowi-usung-program-terkam-fadli-zon,ADVERTISEMENT SCROLL TO CONTINUE WITH CONTENT
"Prabowo Sambangi Sesepuh NU, Koalisi Jokowi Tak Cemas","Minggu, 30 Sep 2018 02:55 WIB",https://www.cnnindonesia.com/nasional/20180930022623-32-334339/prabowo-sambangi-sesepuh-nu-koalisi-jokowi-tak-cemas,ADVERTISEMENT SCROLL TO CONTINUE WITH CONTENT
Airlangga Pastikan Golkar Sanksi Inisiator Relawan Prabowo,"Sabtu, 29 Sep 2018 19:38 WIB",https://www.cnnindonesia.com/nasional/20180929193653-32-334293/airlangga-pastikan-golkar-sanksi-inisiator-relawan-prabowo,ADVERTISEMENT SCROLL TO CONTINUE WITH CONTENT
INFOGRAFIS: Juru Kampanye Jokowi-Ma'ruf versus Prabowo-Sandi,"Sabtu, 29 Sep 2018 19:01 WIB",https://www.cnnindonesia.com/nasional/20180929184943-35-334289/infografis-juru-kampanye-jokowi-maruf-versus-prabowo-sandi,
Golkar Optimalkan Lumbung Suara untuk Menangkan Jokowi,"Sabtu, 29 Sep 2018 17:48 WIB",https://www.cnnindonesia.com/nasional/20180929173335-32-334256/golkar-optimalkan-lumbung-suara-untuk-menangkan-jokowi,ADVERTISEMENT SCROLL TO CONTINUE WITH CONTENT
Janji Airlangga Saat Jadi Menteri dan Jurkam Jokowi,"Sabtu, 29 Sep 2018 17:29 WIB",https://www.cnnindonesia.com/nasional/20180929171939-20-334254/janji-airlangga-saat-jadi-menteri-dan-jurkam-jokowi,ADVERTISEMENT SCROLL TO CONTINUE WITH CONTENT
'Darah' Ganda Yenny Wahid di Antara Gusdurian,"Sabtu, 29 Sep 2018 15:43 WIB",https://www.cnnindonesia.com/nasional/20180929144752-32-334239/darah-ganda-yenny-wahid-di-antara-gusdurian,ADVERTISEMENT SCROLL TO CONTINUE WITH CONTENT
Ada 'Harimau' Kawal Pasangan Jokowi-Ma'ruf Amin,"Sabtu, 29 Sep 2018 15:21 WIB",https://www.cnnindonesia.com/nasional/20180929151053-32-334242/ada-harimau-kawal-pasangan-jokowi-maruf-amin,ADVERTISEMENT SCROLL TO CONTINUE WITH CONTENT
Prabowo-Sandi Belum Berhenti Dekati Warga NU,"Sabtu, 29 Sep 2018 06:02 WIB",https://www.cnnindonesia.com/nasional/20180929025556-32-334175/prabowo-sandi-belum-berhenti-dekati-warga-nu,ADVERTISEMENT SCROLL TO CONTINUE WITH CONTENT
Poros Prabowo-Sandi Sebut Etika Jokowi Rendah,"Sabtu, 29 Sep 2018 05:39 WIB",https://www.cnnindonesia.com/nasional/20180928220423-32-334154/poros-prabowo-sandi-sebut-etika-jokowi-rendah,ADVERTISEMENT SCROLL TO CONTINUE WITH CONTENT
Pengaruh Keluarga Eks Presiden di Pusaran Jokowi dan Prabowo,"Sabtu, 29 Sep 2018 05:08 WIB",https://www.cnnindonesia.com/nasional/20180928210259-32-334140/pengaruh-keluarga-eks-presiden-di-pusaran-jokowi-dan-prabowo,ADVERTISEMENT SCROLL TO CONTINUE WITH CONTENT
Pengamat Ragu Empat Partai Baru Melenggang ke Senayan,"Sabtu, 29 Sep 2018 04:27 WIB",https://www.cnnindonesia.com/nasional/20180929024741-32-334174/pengamat-ragu-empat-partai-baru-melenggang-ke-senayan,ADVERTISEMENT SCROLL TO CONTINUE WITH CONTENT
Jokowi Bakal Kampanye Saat Libur dan Cuti Khusus,"Jumat, 28 Sep 2018 21:46 WIB",https://www.cnnindonesia.com/nasional/20180928194836-32-334102/jokowi-bakal-kampanye-saat-libur-dan-cuti-khusus,ADVERTISEMENT SCROLL TO CONTINUE WITH CONTENT
Kubu Prabowo Ragukan Netralitas Menteri di Timses Jokowi,"Jumat, 28 Sep 2018 21:19 WIB",https://www.cnnindonesia.com/nasional/20180928185628-32-334084/kubu-prabowo-ragukan-netralitas-menteri-di-timses-jokowi,ADVERTISEMENT SCROLL TO CONTINUE WITH CONTENT
KPU Soal Pembagian Sepeda oleh Jokowi: Sah-sah Saja,"Jumat, 28 Sep 2018 20:18 WIB",https://www.cnnindonesia.com/nasional/20180928191547-32-334093/kpu-soal-pembagian-sepeda-oleh-jokowi-sah-sah-saja,ADVERTISEMENT SCROLL TO CONTINUE WITH CONTENT
Kunjungan Ma'ruf Amin ke Pesantren Diklaim Bukan Kampanye,"Jumat, 28 Sep 2018 19:50 WIB",https://www.cnnindonesia.com/nasional/20180928191012-32-334094/kunjungan-maruf-amin-ke-pesantren-diklaim-bukan-kampanye,ADVERTISEMENT SCROLL TO CONTINUE WITH CONTENT
Kubu Prabowo soal Jokowi Bagi Sepeda Lagi: Kalau Bisa Motor,"Jumat, 28 Sep 2018 19:32 WIB",https://www.cnnindonesia.com/nasional/20180928153405-32-334009/kubu-prabowo-soal-jokowi-bagi-sepeda-lagi-kalau-bisa-motor,ADVERTISEMENT SCROLL TO CONTINUE WITH CONTENT
Timses Jokowi Tak Khawatir Manuver Kubu Prabowo di Jawa Timur,"Jumat, 28 Sep 2018 18:32 WIB",https://www.cnnindonesia.com/nasional/20180928144000-32-333997/timses-jokowi-tak-khawatir-manuver-kubu-prabowo-di-jawa-timur,ADVERTISEMENT SCROLL TO CONTINUE WITH CONTENT
Wiranto Sebut Pejabat Negara Tak Harus Netral di Pemilu,"Jumat, 28 Sep 2018 17:56 WIB",https://www.cnnindonesia.com/nasional/20180928160921-32-334026/wiranto-sebut-pejabat-negara-tak-harus-netral-di-pemilu,ADVERTISEMENT SCROLL TO CONTINUE WITH CONTENT
Sejumlah Menteri dan Kepala Daerah Masuk Timses Jokowi,"Jumat, 28 Sep 2018 16:55 WIB",https://www.cnnindonesia.com/nasional/20180928162820-32-334034/sejumlah-menteri-dan-kepala-daerah-masuk-timses-jokowi,ADVERTISEMENT SCROLL TO CONTINUE WITH CONTENT
Kubu Prabowo: China Sangat Penting bagi Pembangunan,"Jumat, 28 Sep 2018 16:29 WIB",https://www.cnnindonesia.com/nasional/20180928154957-32-334029/kubu-prabowo-china-sangat-penting-bagi-pembangunan,ADVERTISEMENT SCROLL TO CONTINUE WITH CONTENT
KPU Sebut Pesantren Tempat Terlarang Buat Kampanye Politik,"Jumat, 28 Sep 2018 16:14 WIB",https://www.cnnindonesia.com/nasional/20180928154948-32-334024/kpu-sebut-pesantren-tempat-terlarang-buat-kampanye-politik,ADVERTISEMENT SCROLL TO CONTINUE WITH CONTENT
Yenny Wahid Dapat Jatah Posisi Strategis di Timses Jokowi,"Jumat, 28 Sep 2018 14:38 WIB",https://www.cnnindonesia.com/nasional/20180928141517-32-333972/yenny-wahid-dapat-jatah-posisi-strategis-di-timses-jokowi,ADVERTISEMENT SCROLL TO CONTINUE WITH CONTENT
Ma'ruf Amin Akan Terapkan Ilmu Santri Benahi Ekonomi,"Jumat, 28 Sep 2018 13:22 WIB",https://www.cnnindonesia.com/nasional/20180928110231-32-333918/maruf-amin-akan-terapkan-ilmu-santri-benahi-ekonomi,ADVERTISEMENT SCROLL TO CONTINUE WITH CONTENT
300 Jenderal Pendukung Prabowo Diibaratkan Pasukan Sparta,"Jumat, 28 Sep 2018 07:59 WIB",https://www.cnnindonesia.com/nasional/20180928065858-32-333880/300-jenderal-pendukung-prabowo-diibaratkan-pasukan-sparta,ADVERTISEMENT SCROLL TO CONTINUE WITH CONTENT
Ijtimak Ulama di Balik Kegagalan Prabowo Menggaet Yenny Wahid,"Jumat, 28 Sep 2018 07:36 WIB",https://www.cnnindonesia.com/nasional/20180927152758-32-333742/ijtimak-ulama-di-balik-kegagalan-prabowo-menggaet-yenny-wahid,ADVERTISEMENT SCROLL TO CONTINUE WITH CONTENT
Pisau Bermata Dua Keterlibatan Tokoh Agama di Pilpres 2019,"Jumat, 28 Sep 2018 05:29 WIB",https://www.cnnindonesia.com/nasional/20180927173614-32-333761/pisau-bermata-dua-keterlibatan-tokoh-agama-di-pilpres-2019,ADVERTISEMENT SCROLL TO CONTINUE WITH CONTENT
PKS Sebut Revolusi Mental Jilid I Belum Sukses,"Jumat, 28 Sep 2018 05:17 WIB",https://www.cnnindonesia.com/nasional/20180927143954-32-333698/pks-sebut-revolusi-mental-jilid-i-belum-sukses,ADVERTISEMENT SCROLL TO CONTINUE WITH CONTENT
PDIP Beri Masukan untuk Visi Poros Maritim Jokowi-Maruf,"Jumat, 28 Sep 2018 04:58 WIB",https://www.cnnindonesia.com/nasional/20180927181912-32-333800/pdip-beri-masukan-untuk-visi-poros-maritim-jokowi-maruf,ADVERTISEMENT SCROLL TO CONTINUE WITH CONTENT
Dukungan Pro-Pancasila ke Prabowo Drop Pasca-Ijtimak Ulama II,"Jumat, 28 Sep 2018 03:37 WIB",https://www.cnnindonesia.com/nasional/20180927191340-32-333820/dukungan-pro-pancasila-ke-prabowo-drop-pasca-ijtimak-ulama-ii,ADVERTISEMENT SCROLL TO CONTINUE WITH CONTENT
Hasto Sebut Yenny Wahid Koordinasi dengan Erick Thohir,"Jumat, 28 Sep 2018 03:01 WIB",https://www.cnnindonesia.com/nasional/20180927194229-32-333833/hasto-sebut-yenny-wahid-koordinasi-dengan-erick-thohir,ADVERTISEMENT SCROLL TO CONTINUE WITH CONTENT
Fadli Zon Ragu Dukungan Yenny Wahid Diikuti Pengikutnya,"Kamis, 27 Sep 2018 20:23 WIB",https://www.cnnindonesia.com/nasional/20180927181222-32-333796/fadli-zon-ragu-dukungan-yenny-wahid-diikuti-pengikutnya,ADVERTISEMENT SCROLL TO CONTINUE WITH CONTENT
Bamsoet soal Rizieq: Kalau Ingin Dilindungi Kembali Kesini,"Kamis, 27 Sep 2018 20:04 WIB",https://www.cnnindonesia.com/nasional/20180927184639-32-333808/bamsoet-soal-rizieq-kalau-ingin-dilindungi-kembali-kesini,ADVERTISEMENT SCROLL TO CONTINUE WITH CONTENT
Caleg Golkar Inisiator Relawan Prabowo Terancam Dipecat,"Kamis, 27 Sep 2018 19:53 WIB",https://www.cnnindonesia.com/nasional/20180927170418-32-333752/caleg-golkar-inisiator-relawan-prabowo-terancam-dipecat,ADVERTISEMENT SCROLL TO CONTINUE WITH CONTENT
Din Syamsuddin Usulkan Pemutaran Film G30S/PKI di Mal,"Kamis, 27 Sep 2018 19:11 WIB",https://www.cnnindonesia.com/nasional/20180927182711-20-333805/din-syamsuddin-usulkan-pemutaran-film-g30s-pki-di-mal,ADVERTISEMENT SCROLL TO CONTINUE WITH CONTENT
Tim Jokowi-Ma'ruf Yakin Ahoker Akan Bergabung,"Kamis, 27 Sep 2018 17:51 WIB",https://www.cnnindonesia.com/nasional/20180927165407-32-333744/tim-jokowi-maruf-yakin-ahoker-akan-bergabung,ADVERTISEMENT SCROLL TO CONTINUE WITH CONTENT
Tim Jokowi Akui Ma'ruf Amin Kalah Populer dari Sandiaga,"Kamis, 27 Sep 2018 17:18 WIB",https://www.cnnindonesia.com/nasional/20180927143454-32-333695/tim-jokowi-akui-maruf-amin-kalah-populer-dari-sandiaga,ADVERTISEMENT SCROLL TO CONTINUE WITH CONTENT
"PKS: Yenny Wahid Dukung Ahok di Pilgub, Kita Tahu Hasilnya","Kamis, 27 Sep 2018 15:51 WIB",https://www.cnnindonesia.com/nasional/20180927133926-32-333682/pks-yenny-wahid-dukung-ahok-di-pilgub-kita-tahu-hasilnya,ADVERTISEMENT SCROLL TO CONTINUE WITH CONTENT
"Aktivis NU: Sandi Diberi Tempe, Ma'ruf Dipertemukan Mahfud MD","Kamis, 27 Sep 2018 14:38 WIB",https://www.cnnindonesia.com/nasional/20180927140205-32-333684/aktivis-nu-sandi-diberi-tempe-maruf-dipertemukan-mahfud-md,ADVERTISEMENT SCROLL TO CONTINUE WITH CONTENT
Bawaslu Selidiki Dugaan Pelanggaran Sandi Safari Kampus,"Kamis, 27 Sep 2018 14:12 WIB",https://www.cnnindonesia.com/nasional/20180927134120-32-333679/bawaslu-selidiki-dugaan-pelanggaran-sandi-safari-kampus,ADVERTISEMENT SCROLL TO CONTINUE WITH CONTENT
Ma'ruf Amin Maraton Sambangi 8 Pesantren dan Ulama NU Jatim,"Kamis, 27 Sep 2018 11:08 WIB",https://www.cnnindonesia.com/nasional/20180927103140-32-333615/maruf-amin-maraton-sambangi-8-pesantren-dan-ulama-nu-jatim,ADVERTISEMENT SCROLL TO CONTINUE WITH CONTENT
"Soal Kejujuran, Kubu Jokowi Singgung Dana Kampanye Prabowo","Kamis, 27 Sep 2018 10:30 WIB",https://www.cnnindonesia.com/nasional/20180927101003-32-333606/soal-kejujuran-kubu-jokowi-singgung-dana-kampanye-prabowo,ADVERTISEMENT SCROLL TO CONTINUE WITH CONTENT
"Didukung Keluarga Gus Dur, Ma'ruf Amin Yakin Menang","Kamis, 27 Sep 2018 05:36 WIB",https://www.cnnindonesia.com/nasional/20180926184104-32-333461/didukung-keluarga-gus-dur-maruf-amin-yakin-menang,ADVERTISEMENT SCROLL TO CONTINUE WITH CONTENT
"Yenny Wahid Dukung Jokowi, Kubu Prabowo Siap Adu Gagasan","Kamis, 27 Sep 2018 05:08 WIB",https://www.cnnindonesia.com/nasional/20180926201114-32-333489/yenny-wahid-dukung-jokowi-kubu-prabowo-siap-adu-gagasan,ADVERTISEMENT SCROLL TO CONTINUE WITH CONTENT
KPU Persilakan SBY Jika Mau Teken Deklarasi Kampanye Damai,"Kamis, 27 Sep 2018 05:01 WIB",https://www.cnnindonesia.com/nasional/20180926150437-32-333379/kpu-persilakan-sby-jika-mau-teken-deklarasi-kampanye-damai,ADVERTISEMENT SCROLL TO CONTINUE WITH CONTENT
Yenny Klaim Dukungan ke Jokowi Wakili Keluarga Gus Dur,"Kamis, 27 Sep 2018 04:40 WIB",https://www.cnnindonesia.com/nasional/20180926192347-32-333479/yenny-klaim-dukungan-ke-jokowi-wakili-keluarga-gus-dur,ADVERTISEMENT SCROLL TO CONTINUE WITH CONTENT
Dukungan Yenny Wahid Diklaim Lengkapi Dukungan NU ke Jokowi,"Kamis, 27 Sep 2018 02:51 WIB",https://www.cnnindonesia.com/nasional/20180926190722-32-333470/dukungan-yenny-wahid-diklaim-lengkapi-dukungan-nu-ke-jokowi,ADVERTISEMENT SCROLL TO CONTINUE WITH CONTENT
Survei Indikator: Jokowi Lebih Religius Dari Prabowo,"Kamis, 27 Sep 2018 00:28 WIB",https://www.cnnindonesia.com/nasional/20180926205229-32-333514/survei-indikator-jokowi-lebih-religius-dari-prabowo,ADVERTISEMENT SCROLL TO CONTINUE WITH CONTENT
Kwik Kian Gie Sebut Cuma Narasumber di kubu Jokowi-Ma'ruf,"Rabu, 26 Sep 2018 23:53 WIB",https://www.cnnindonesia.com/nasional/20180926203950-32-333504/kwik-kian-gie-sebut-cuma-narasumber-di-kubu-jokowi-maruf,ADVERTISEMENT SCROLL TO CONTINUE WITH CONTENT
Kubu Jokowi Sebut Yenny Wahid Bantu dari Luar Timses,"Rabu, 26 Sep 2018 22:10 WIB",https://www.cnnindonesia.com/nasional/20180926163030-20-333431/kubu-jokowi-sebut-yenny-wahid-bantu-dari-luar-timses,ADVERTISEMENT SCROLL TO CONTINUE WITH CONTENT
Sandi Hormati Keputusan Yenny Wahid Dukung Jokowi-Ma'ruf,"Rabu, 26 Sep 2018 20:52 WIB",https://www.cnnindonesia.com/nasional/20180926195426-32-333488/sandi-hormati-keputusan-yenny-wahid-dukung-jokowi-maruf,ADVERTISEMENT SCROLL TO CONTINUE WITH CONTENT
Kubu Prabowo Yakin Tetap Dapat Pemilih Simpatisan Gus Dur,"Rabu, 26 Sep 2018 19:42 WIB",https://www.cnnindonesia.com/nasional/20180926182256-32-333454/kubu-prabowo-yakin-tetap-dapat-pemilih-simpatisan-gus-dur,ADVERTISEMENT SCROLL TO CONTINUE WITH CONTENT
INFOGRAFIS: Visi Misi Jokowi-Ma'ruf Amin,"Rabu, 26 Sep 2018 19:42 WIB",https://www.cnnindonesia.com/nasional/20180926183013-35-333457/infografis-visi-misi-jokowi-maruf-amin,
INFOGRAFIS: Daftar Tim Kampanye Jokowi-Ma'ruf,"Rabu, 26 Sep 2018 18:36 WIB",https://www.cnnindonesia.com/nasional/20180925205322-35-333171/infografis-daftar-tim-kampanye-jokowi-maruf,
INFOGRAFIS: Adu Kaya Jokowi-Ma'ruf dan Prabowo-Sandiaga,"Rabu, 26 Sep 2018 18:25 WIB",https://www.cnnindonesia.com/nasional/20180926182205-35-333453/infografis-adu-kaya-jokowi-maruf-dan-prabowo-sandiaga,
"Yenny Wahid Dukung Jokowi, PKS Tetap Yakin #2019GantiPresiden","Rabu, 26 Sep 2018 18:13 WIB",https://www.cnnindonesia.com/nasional/20180926172431-32-333437/yenny-wahid-dukung-jokowi-pks-tetap-yakin-2019gantipresiden,ADVERTISEMENT SCROLL TO CONTINUE WITH CONTENT
"Klaim Tak Ada Masalah, Ma'ruf Amin Sebut Mahfud MD Warga NU","Rabu, 26 Sep 2018 17:47 WIB",https://www.cnnindonesia.com/nasional/20180926161139-20-333413/klaim-tak-ada-masalah-maruf-amin-sebut-mahfud-md-warga-nu,ADVERTISEMENT SCROLL TO CONTINUE WITH CONTENT
Survei Indikator: Keunggulan Jokowi-Ma'ruf Belum Aman,"Rabu, 26 Sep 2018 17:37 WIB",https://www.cnnindonesia.com/nasional/20180926151645-32-333403/survei-indikator-keunggulan-jokowi-maruf-belum-aman,ADVERTISEMENT SCROLL TO CONTINUE WITH CONTENT
Kubu Prabowo-Sandi: Hak Yenny Wahid Dukung Jokowi-Ma'ruf,"Rabu, 26 Sep 2018 16:59 WIB",https://www.cnnindonesia.com/nasional/20180926163725-32-333425/kubu-prabowo-sandi-hak-yenny-wahid-dukung-jokowi-maruf,ADVERTISEMENT SCROLL TO CONTINUE WITH CONTENT
Yenny Wahid dan Simpatisan Gus Dur Dukung Jokowi di Pilpres,"Rabu, 26 Sep 2018 15:50 WIB",https://www.cnnindonesia.com/nasional/20180926154538-32-333406/yenny-wahid-dan-simpatisan-gus-dur-dukung-jokowi-di-pilpres,ADVERTISEMENT SCROLL TO CONTINUE WITH CONTENT
Tim Prabowo-Sandiaga Sangkal Tudingan Penguasa Tanah,"Rabu, 26 Sep 2018 15:06 WIB",https://www.cnnindonesia.com/nasional/20180926141200-32-333361/tim-prabowo-sandiaga-sangkal-tudingan-penguasa-tanah,ADVERTISEMENT SCROLL TO CONTINUE WITH CONTENT
"Temui Keluarga Gus Dur, Ma'ruf Akui Minta Dukungan di Pilpres","Rabu, 26 Sep 2018 13:50 WIB",https://www.cnnindonesia.com/nasional/20180926131758-32-333334/temui-keluarga-gus-dur-maruf-akui-minta-dukungan-di-pilpres,ADVERTISEMENT SCROLL TO CONTINUE WITH CONTENT
Bamsoet Klaim Yenny Wahid Dukung Jokowi-Ma'ruf,"Rabu, 26 Sep 2018 13:24 WIB",https://www.cnnindonesia.com/nasional/20180926121411-32-333307/bamsoet-klaim-yenny-wahid-dukung-jokowi-maruf,ADVERTISEMENT SCROLL TO CONTINUE WITH CONTENT
Capres dan Cawapres Jangan Jadi Pembual,"Rabu, 26 Sep 2018 13:20 WIB",https://www.cnnindonesia.com/ekonomi/20180926104952-532-333306/capres-dan-cawapres-jangan-jadi-pembual,ADVERTISEMENT SCROLL TO CONTINUE WITH CONTENT
"Sandiaga Uno: Saya Teriak 02, Ibu-ibu Jawab Sukses ya Saaay","Rabu, 26 Sep 2018 12:44 WIB",https://www.cnnindonesia.com/nasional/20180926121813-32-333294/sandiaga-uno-saya-teriak-02-ibu-ibu-jawab-sukses-ya-saaay,ADVERTISEMENT SCROLL TO CONTINUE WITH CONTENT
Jokowi Segera Tunjuk Pengganti Din sebagai Utusan Agama,"Rabu, 26 Sep 2018 12:31 WIB",https://www.cnnindonesia.com/nasional/20180926120550-32-333291/jokowi-segera-tunjuk-pengganti-din-sebagai-utusan-agama,ADVERTISEMENT SCROLL TO CONTINUE WITH CONTENT
Peluang Jokowi dan Prabowo Mengais Dukungan Pengikut Gus Dur,"Rabu, 26 Sep 2018 11:19 WIB",https://www.cnnindonesia.com/nasional/20180926104639-32-333274/peluang-jokowi-dan-prabowo-mengais-dukungan-pengikut-gus-dur,ADVERTISEMENT SCROLL TO CONTINUE WITH CONTENT
"Jokowi Lanjut Reformasi Perpajakan, Prabowo Tingkatkan PTKP","Rabu, 26 Sep 2018 11:18 WIB",https://www.cnnindonesia.com/ekonomi/20180926095800-532-333264/jokowi-lanjut-reformasi-perpajakan-prabowo-tingkatkan-ptkp,ADVERTISEMENT SCROLL TO CONTINUE WITH CONTENT
"Ma'ruf Amin Datang, Yenny Wahid Cium Tangan","Rabu, 26 Sep 2018 10:45 WIB",https://www.cnnindonesia.com/nasional/20180926104038-32-333267/maruf-amin-datang-yenny-wahid-cium-tangan,ADVERTISEMENT SCROLL TO CONTINUE WITH CONTENT
Mahfud MD Ikut Sambut 'Tamu NU' di Rumah Istri Gus Dur,"Rabu, 26 Sep 2018 10:26 WIB",https://www.cnnindonesia.com/nasional/20180926101416-32-333261/mahfud-md-ikut-sambut-tamu-nu-di-rumah-istri-gus-dur,ADVERTISEMENT SCROLL TO CONTINUE WITH CONTENT
Kubu Jokowi Sebut Prabowo-Sandi Bagian Penguasa Tanah,"Rabu, 26 Sep 2018 09:57 WIB",https://www.cnnindonesia.com/nasional/20180926080144-32-333243/kubu-jokowi-sebut-prabowo-sandi-bagian-penguasa-tanah,ADVERTISEMENT SCROLL TO CONTINUE WITH CONTENT
"Keluarga Gus Dur Deklarasi Sore Ini, Prabowo Enggan Spekulasi","Rabu, 26 Sep 2018 09:08 WIB",https://www.cnnindonesia.com/nasional/20180926083330-32-333245/keluarga-gus-dur-deklarasi-sore-ini-prabowo-enggan-spekulasi,ADVERTISEMENT SCROLL TO CONTINUE WITH CONTENT
Demokrat Bandingkan Capaian SBY dan Jokowi selama Pimpin RI,"Rabu, 26 Sep 2018 09:02 WIB",https://www.cnnindonesia.com/nasional/20180926080713-32-333239/demokrat-bandingkan-capaian-sby-dan-jokowi-selama-pimpin-ri,ADVERTISEMENT SCROLL TO CONTINUE WITH CONTENT
Yenny Wahid dan Keluarga Gus Dur Deklarasi Dukungan Sore Ini,"Rabu, 26 Sep 2018 08:48 WIB",https://www.cnnindonesia.com/nasional/20180926081730-32-333240/yenny-wahid-dan-keluarga-gus-dur-deklarasi-dukungan-sore-ini,ADVERTISEMENT SCROLL TO CONTINUE WITH CONTENT
Koalisi Jokowi Beda Pendapat Soal Nobar Film G30S,"Rabu, 26 Sep 2018 07:16 WIB",https://www.cnnindonesia.com/nasional/20180925202112-32-333163/koalisi-jokowi-beda-pendapat-soal-nobar-film-g30s,ADVERTISEMENT SCROLL TO CONTINUE WITH CONTENT
Jokowi-Ma'ruf Bagi Tugas Rebut Suara Nasionalis dan Religius,"Rabu, 26 Sep 2018 06:49 WIB",https://www.cnnindonesia.com/nasional/20180925181642-32-333132/jokowi-maruf-bagi-tugas-rebut-suara-nasionalis-dan-religius,ADVERTISEMENT SCROLL TO CONTINUE WITH CONTENT
Bawaslu Tindak Tim Jokowi dan Prabowo Jika Kampanye di Masjid,"Rabu, 26 Sep 2018 06:23 WIB",https://www.cnnindonesia.com/nasional/20180925152730-32-333038/bawaslu-tindak-tim-jokowi-dan-prabowo-jika-kampanye-di-masjid,ADVERTISEMENT SCROLL TO CONTINUE WITH CONTENT
"Visi-Misi Dua Paslon Pilpres 2019, Ekonomi Berdaulat","Rabu, 26 Sep 2018 06:15 WIB",https://www.cnnindonesia.com/ekonomi/20180925195606-532-333153/visi-misi-dua-paslon-pilpres-2019-ekonomi-berdaulat,ADVERTISEMENT SCROLL TO CONTINUE WITH CONTENT
PDIP Yakin Kader Satu Suara ke Jokowi-Ma'ruf,"Rabu, 26 Sep 2018 05:50 WIB",https://www.cnnindonesia.com/nasional/20180925151729-32-333034/pdip-yakin-kader-satu-suara-ke-jokowi-maruf,ADVERTISEMENT SCROLL TO CONTINUE WITH CONTENT
Kubu Jokowi Jagokan Program Lawas Pendidikan di Pilpres 2019,"Rabu, 26 Sep 2018 04:42 WIB",https://www.cnnindonesia.com/nasional/20180925200351-32-333157/kubu-jokowi-jagokan-program-lawas-pendidikan-di-pilpres-2019,ADVERTISEMENT SCROLL TO CONTINUE WITH CONTENT
Timses Jokowi Sindir Visi-Misi Prabowo Pendek dan Tak Lengkap,"Rabu, 26 Sep 2018 04:07 WIB",https://www.cnnindonesia.com/nasional/20180925193417-32-333150/timses-jokowi-sindir-visi-misi-prabowo-pendek-dan-tak-lengkap,ADVERTISEMENT SCROLL TO CONTINUE WITH CONTENT
Kubu Prabowo Bantah Dana Kampanye Rp2 M Biar Sama Nomor Urut,"Selasa, 25 Sep 2018 21:40 WIB",https://www.cnnindonesia.com/nasional/20180925190631-32-333139/kubu-prabowo-bantah-dana-kampanye-rp2-m-biar-sama-nomor-urut,ADVERTISEMENT SCROLL TO CONTINUE WITH CONTENT
Ma'ruf Amin Disebut Akan Temui Istri Gus Dur Besok,"Selasa, 25 Sep 2018 21:12 WIB",https://www.cnnindonesia.com/nasional/20180925142003-32-333003/maruf-amin-disebut-akan-temui-istri-gus-dur-besok,ADVERTISEMENT SCROLL TO CONTINUE WITH CONTENT
Wacana Pertemuan Ma'ruf dan Daya Pikat Ahoker untuk Pilpres,"Selasa, 25 Sep 2018 20:54 WIB",https://www.cnnindonesia.com/nasional/20180925155332-32-333088/wacana-pertemuan-maruf-dan-daya-pikat-ahoker-untuk-pilpres,ADVERTISEMENT SCROLL TO CONTINUE WITH CONTENT
Kubu Jokowi-Ma'ruf Tawarkan Diri Laporkan Situs Skandal Sandi,"Selasa, 25 Sep 2018 20:26 WIB",https://www.cnnindonesia.com/nasional/20180925201108-32-333159/kubu-jokowi-maruf-tawarkan-diri-laporkan-situs-skandal-sandi,ADVERTISEMENT SCROLL TO CONTINUE WITH CONTENT
Ma'ruf Amin Disebut Bakal Bicara Isu Intoleransi ke Ahokers,"Selasa, 25 Sep 2018 19:45 WIB",https://www.cnnindonesia.com/nasional/20180925171919-32-333099/maruf-amin-disebut-bakal-bicara-isu-intoleransi-ke-ahokers,ADVERTISEMENT SCROLL TO CONTINUE WITH CONTENT
"Pakde Karwo Fokus Selesaikan Jabatan, Enggan Bicara Pilpres","Selasa, 25 Sep 2018 18:11 WIB",https://www.cnnindonesia.com/nasional/20180925175507-32-333111/pakde-karwo-fokus-selesaikan-jabatan-enggan-bicara-pilpres,ADVERTISEMENT SCROLL TO CONTINUE WITH CONTENT
Bawaslu Sebut 15 Provinsi Rawan Pelanggaran Pemilu-Pilpres,"Selasa, 25 Sep 2018 18:02 WIB",https://www.cnnindonesia.com/nasional/20180925141925-32-333008/bawaslu-sebut-15-provinsi-rawan-pelanggaran-pemilu-pilpres,ADVERTISEMENT SCROLL TO CONTINUE WITH CONTENT
KPU Minta Revisi Visi Misi Capres Selesai Sebelum Debat,"Selasa, 25 Sep 2018 16:39 WIB",https://www.cnnindonesia.com/nasional/20180925135111-32-332991/kpu-minta-revisi-visi-misi-capres-selesai-sebelum-debat,ADVERTISEMENT SCROLL TO CONTINUE WITH CONTENT
Djarot Klaim Ahok Bersedia Bertemu Ma'ruf Amin,"Selasa, 25 Sep 2018 16:35 WIB",https://www.cnnindonesia.com/nasional/20180925145036-32-333026/djarot-klaim-ahok-bersedia-bertemu-maruf-amin,ADVERTISEMENT SCROLL TO CONTINUE WITH CONTENT
INFOGRAFIS: Dana Kampanye Jokowi-Ma'ruf dan Prabowo-Sandiaga,"Selasa, 25 Sep 2018 15:57 WIB",https://www.cnnindonesia.com/nasional/20180925155017-35-333044/infografis-dana-kampanye-jokowi-maruf-dan-prabowo-sandiaga,
Ma'ruf Sowan ke Ulama NU dan Hadiri Haul Kiai di Tegal,"Selasa, 25 Sep 2018 15:55 WIB",https://www.cnnindonesia.com/nasional/20180925140149-32-332996/maruf-sowan-ke-ulama-nu-dan-hadiri-haul-kiai-di-tegal,ADVERTISEMENT SCROLL TO CONTINUE WITH CONTENT
Majelis Etik Golkar Panggil Caleg Pendukung Prabowo-Sandiaga,"Selasa, 25 Sep 2018 14:12 WIB",https://www.cnnindonesia.com/nasional/20180925135259-32-332990/majelis-etik-golkar-panggil-caleg-pendukung-prabowo-sandiaga,ADVERTISEMENT SCROLL TO CONTINUE WITH CONTENT
Timses Jokowi di Jabar Akan Gelar Nobar Film G30S/PKI,"Selasa, 25 Sep 2018 13:08 WIB",https://www.cnnindonesia.com/nasional/20180925124512-20-332970/timses-jokowi-di-jabar-akan-gelar-nobar-film-g30s-pki,ADVERTISEMENT SCROLL TO CONTINUE WITH CONTENT
Eks Teman Ahok soal Sindiran Fifi: Semua Orang Punya Pilihan,"Selasa, 25 Sep 2018 12:32 WIB",https://www.cnnindonesia.com/nasional/20180925114738-32-332955/eks-teman-ahok-soal-sindiran-fifi-semua-orang-punya-pilihan,ADVERTISEMENT SCROLL TO CONTINUE WITH CONTENT
Erick Thohir Klaim Kenaikan Saham Mahaka Tak Terkait Politik,"Selasa, 25 Sep 2018 10:29 WIB",https://www.cnnindonesia.com/ekonomi/20180925095429-92-332913/erick-thohir-klaim-kenaikan-saham-mahaka-tak-terkait-politik,ADVERTISEMENT SCROLL TO CONTINUE WITH CONTENT
Adik Ahok Pertanyakan Niat Ma'ruf Amin Temui Ahokers,"Selasa, 25 Sep 2018 08:21 WIB",https://www.cnnindonesia.com/nasional/20180925074806-32-332898/adik-ahok-pertanyakan-niat-maruf-amin-temui-ahokers,ADVERTISEMENT SCROLL TO CONTINUE WITH CONTENT
Ma'ruf Amin Klaim Didukung Habib Hijrah ke Jalur Struktural,"Selasa, 25 Sep 2018 05:55 WIB",https://www.cnnindonesia.com/nasional/20180924173542-32-332771/maruf-amin-klaim-didukung-habib-hijrah-ke-jalur-struktural,ADVERTISEMENT SCROLL TO CONTINUE WITH CONTENT
Hasto: Laporan Dana Kampanye Bukan Simbolisasi Nomor Urut,"Selasa, 25 Sep 2018 04:10 WIB",https://www.cnnindonesia.com/nasional/20180924164139-32-332761/hasto-laporan-dana-kampanye-bukan-simbolisasi-nomor-urut,ADVERTISEMENT SCROLL TO CONTINUE WITH CONTENT
LSI: Demokrat Jangan Terlalu Melodramatik dalam Pilpres 2019,"Selasa, 25 Sep 2018 01:46 WIB",https://www.cnnindonesia.com/nasional/20180925011858-32-332876/lsi-demokrat-jangan-terlalu-melodramatik-dalam-pilpres-2019,ADVERTISEMENT SCROLL TO CONTINUE WITH CONTENT
Prabowo Sebut Siapkan Hingga Matang Kampanye Pilpres 2019,"Senin, 24 Sep 2018 22:53 WIB",https://www.cnnindonesia.com/nasional/20180924224201-32-332858/prabowo-sebut-siapkan-hingga-matang-kampanye-pilpres-2019,ADVERTISEMENT SCROLL TO CONTINUE WITH CONTENT
AHY Sebut SBY Walkout adalah Hak Demokratis,"Senin, 24 Sep 2018 22:30 WIB",https://www.cnnindonesia.com/nasional/20180924221232-32-332857/ahy-sebut-sby-walkout-adalah-hak-demokratis,ADVERTISEMENT SCROLL TO CONTINUE WITH CONTENT
"SBY Walkout, NasDem Sebut Jokowi Tak Pernah Baper Dikritisi","Senin, 24 Sep 2018 22:11 WIB",https://www.cnnindonesia.com/nasional/20180924190127-32-332809/sby-walkout-nasdem-sebut-jokowi-tak-pernah-baper-dikritisi,ADVERTISEMENT SCROLL TO CONTINUE WITH CONTENT
Periksa Fakta Joko Widodo-Ma'ruf Amin,Tanggal tidak ditemukan,https://www.cnnindonesia.com/nasional/20180924220326-32-332855/periksa-fakta-joko-widodo-maruf-amin,
Fadli Minta Jokowi Tak Pakai Pesawat Presiden Saat Kampanye,"Senin, 24 Sep 2018 20:14 WIB",https://www.cnnindonesia.com/nasional/20180924195621-32-332824/fadli-minta-jokowi-tak-pakai-pesawat-presiden-saat-kampanye,ADVERTISEMENT SCROLL TO CONTINUE WITH CONTENT
Yusril Tak Mau Sembarangan Dukung Prabowo-Sandi di Pilpres,"Senin, 24 Sep 2018 19:27 WIB",https://www.cnnindonesia.com/nasional/20180924171838-32-332775/yusril-tak-mau-sembarangan-dukung-prabowo-sandi-di-pilpres,ADVERTISEMENT SCROLL TO CONTINUE WITH CONTENT
"Ketum Kadin dan HIPMI ke Jokowi, Diklaim Tak Terkait Logistik","Senin, 24 Sep 2018 17:55 WIB",https://www.cnnindonesia.com/nasional/20180924132529-32-332707/ketum-kadin-dan-hipmi-ke-jokowi-diklaim-tak-terkait-logistik,ADVERTISEMENT SCROLL TO CONTINUE WITH CONTENT
Rachmawati Bakal Pimpin Paguyuban Korban Rezim Jokowi,"Senin, 24 Sep 2018 16:43 WIB",https://www.cnnindonesia.com/nasional/20180924161645-32-332758/rachmawati-bakal-pimpin-paguyuban-korban-rezim-jokowi,ADVERTISEMENT SCROLL TO CONTINUE WITH CONTENT
Kubu Jokowi Klaim Sudah Dapat Dukungan 420 Kelompok Relawan,"Senin, 24 Sep 2018 16:17 WIB",https://www.cnnindonesia.com/nasional/20180924142647-32-332719/kubu-jokowi-klaim-sudah-dapat-dukungan-420-kelompok-relawan,ADVERTISEMENT SCROLL TO CONTINUE WITH CONTENT
Nusron Soal Dukungan Relawan Ahok: Ma'ruf Ulama Moderat,"Senin, 24 Sep 2018 15:03 WIB",https://www.cnnindonesia.com/nasional/20180924140321-32-332715/nusron-soal-dukungan-relawan-ahok-maruf-ulama-moderat,ADVERTISEMENT SCROLL TO CONTINUE WITH CONTENT
Demokrat Minta Jokowi Tegur Pendukung Agar Tak Sebar Hoaks,"Senin, 24 Sep 2018 14:30 WIB",https://www.cnnindonesia.com/nasional/20180924131607-32-332705/demokrat-minta-jokowi-tegur-pendukung-agar-tak-sebar-hoaks,ADVERTISEMENT SCROLL TO CONTINUE WITH CONTENT
Nusron Wahid Upayakan Relawan Ahok Dukung Jokowi-Ma'ruf Amin,"Senin, 24 Sep 2018 12:34 WIB",https://www.cnnindonesia.com/nasional/20180924122011-32-332678/nusron-wahid-upayakan-relawan-ahok-dukung-jokowi-maruf-amin,ADVERTISEMENT SCROLL TO CONTINUE WITH CONTENT
Saham Sandiaga dan Erick Thohir Diramal Beri Untung Sesaat,"Senin, 24 Sep 2018 09:59 WIB",https://www.cnnindonesia.com/ekonomi/20180924080013-92-332628/saham-sandiaga-dan-erick-thohir-diramal-beri-untung-sesaat,ADVERTISEMENT SCROLL TO CONTINUE WITH CONTENT
"Aksi 'Walkout' SBY, PKB Tak Mau Tanggapi Berlebihan","Senin, 24 Sep 2018 09:46 WIB",https://www.cnnindonesia.com/nasional/20180924090449-32-332634/aksi-walkout-sby-pkb-tak-mau-tanggapi-berlebihan,ADVERTISEMENT SCROLL TO CONTINUE WITH CONTENT
Burung Merpati Ma'ruf 'Nyungsep' Jadi Sorotan Kubu Prabowo,"Senin, 24 Sep 2018 09:15 WIB",https://www.cnnindonesia.com/nasional/20180924090621-32-332632/burung-merpati-maruf-nyungsep-jadi-sorotan-kubu-prabowo,ADVERTISEMENT SCROLL TO CONTINUE WITH CONTENT
"Laporan Awal Dana Kampanye 16 Partai, PDIP Tertinggi Rp105 M","Senin, 24 Sep 2018 08:09 WIB",https://www.cnnindonesia.com/nasional/20180924073344-32-332623/laporan-awal-dana-kampanye-16-partai-pdip-tertinggi-rp105-m,ADVERTISEMENT SCROLL TO CONTINUE WITH CONTENT
"Masjid, Arena Tempur Jokowi dan Prabowo Merebut Suara Islam","Senin, 24 Sep 2018 07:09 WIB",https://www.cnnindonesia.com/nasional/20180924063712-32-332616/masjid-arena-tempur-jokowi-dan-prabowo-merebut-suara-islam,ADVERTISEMENT SCROLL TO CONTINUE WITH CONTENT
Membanding Dana Kampanye Awal Jokowi-Ma'ruf dan Prabowo-Sandi,"Senin, 24 Sep 2018 06:00 WIB",https://www.cnnindonesia.com/nasional/20180924054508-32-332609/membanding-dana-kampanye-awal-jokowi-maruf-dan-prabowo-sandi,ADVERTISEMENT SCROLL TO CONTINUE WITH CONTENT
Ma'ruf Amin Tepis Tudingan yang Mengidentikkan Jokowi dan PKI,"Senin, 24 Sep 2018 03:58 WIB",https://www.cnnindonesia.com/nasional/20180924035121-32-332603/maruf-amin-tepis-tudingan-yang-mengidentikkan-jokowi-dan-pki,ADVERTISEMENT SCROLL TO CONTINUE WITH CONTENT
Ma'ruf Amin Respons Soal Dirinya Sudah Tua dan Bau Tanah,"Minggu, 23 Sep 2018 23:01 WIB",https://www.cnnindonesia.com/nasional/20180923224238-32-332587/maruf-amin-respons-soal-dirinya-sudah-tua-dan-bau-tanah,ADVERTISEMENT SCROLL TO CONTINUE WITH CONTENT
Sandiaga Antar Laporan Dana Kampanye Awal Rp2 M ke KPU,"Minggu, 23 Sep 2018 22:29 WIB",https://www.cnnindonesia.com/nasional/20180923221959-32-332584/sandiaga-antar-laporan-dana-kampanye-awal-rp2-m-ke-kpu,ADVERTISEMENT SCROLL TO CONTINUE WITH CONTENT
Kampanye Prabowo Disebut Akan Singgung Bocor Kekayaan Negara,"Minggu, 23 Sep 2018 21:32 WIB",https://www.cnnindonesia.com/nasional/20180923210332-32-332575/kampanye-prabowo-disebut-akan-singgung-bocor-kekayaan-negara,ADVERTISEMENT SCROLL TO CONTINUE WITH CONTENT
KPU Terima Laporan Dana Kampanye 16 Partai Politik,"Minggu, 23 Sep 2018 20:39 WIB",https://www.cnnindonesia.com/nasional/20180923202655-32-332569/kpu-terima-laporan-dana-kampanye-16-partai-politik,ADVERTISEMENT SCROLL TO CONTINUE WITH CONTENT
Sandi Mengaku Diteriaki Massa Jokowi Saat Kampanye Damai,"Minggu, 23 Sep 2018 18:06 WIB",https://www.cnnindonesia.com/nasional/20180923180002-32-332543/sandi-mengaku-diteriaki-massa-jokowi-saat-kampanye-damai,ADVERTISEMENT SCROLL TO CONTINUE WITH CONTENT
Jokowi-Ma'ruf Lapor Dana Kampanye ke KPU Rp11 Miliar,"Minggu, 23 Sep 2018 15:58 WIB",https://www.cnnindonesia.com/nasional/20180923155203-32-332520/jokowi-maruf-lapor-dana-kampanye-ke-kpu-rp11-miliar,ADVERTISEMENT SCROLL TO CONTINUE WITH CONTENT
Projo soal Aksi Walkout SBY: Jangan Lebay,"Minggu, 23 Sep 2018 15:05 WIB",https://www.cnnindonesia.com/nasional/20180923145357-32-332513/projo-soal-aksi-walkout-sby-jangan-lebay,ADVERTISEMENT SCROLL TO CONTINUE WITH CONTENT
Band d'Masiv Tak Tertarik Kampanye Politik,Tanggal tidak ditemukan,https://www.cnnindonesia.com/hiburan/20180920174410-227-331840/band-dmasiv-tak-tertarik-kampanye-politik,ADVERTISEMENT SCROLL TO CONTINUE WITH CONTENT
"Soal SBY 'Walkout', KPU Tak Bisa Atur Jalur di Luar Karnaval","Minggu, 23 Sep 2018 11:15 WIB",https://www.cnnindonesia.com/nasional/20180923110735-32-332443/soal-sby-walkout-kpu-tak-bisa-atur-jalur-di-luar-karnaval,ADVERTISEMENT SCROLL TO CONTINUE WITH CONTENT
"Terinspirasi 'Superhero' Lokal, Romi PPP Berkostum Gatot Kaca","Minggu, 23 Sep 2018 10:32 WIB",https://www.cnnindonesia.com/nasional/20180923101814-20-332440/terinspirasi-superhero-lokal-romi-ppp-berkostum-gatot-kaca,ADVERTISEMENT SCROLL TO CONTINUE WITH CONTENT
Jokowi dan Prabowo Ikrar Kampanye Tanpa Hoaks dan SARA,"Minggu, 23 Sep 2018 08:56 WIB",https://www.cnnindonesia.com/nasional/20180923083859-20-332430/jokowi-dan-prabowo-ikrar-kampanye-tanpa-hoaks-dan-sara,ADVERTISEMENT SCROLL TO CONTINUE WITH CONTENT
Tommy Soeharto 'Pimpin' Keluarga Cendana di Kampanye Damai,"Minggu, 23 Sep 2018 08:39 WIB",https://www.cnnindonesia.com/nasional/20180923082603-32-332429/tommy-soeharto-pimpin-keluarga-cendana-di-kampanye-damai,ADVERTISEMENT SCROLL TO CONTINUE WITH CONTENT
Aparat Bersenjata Kawal Deklarasi Kampanye Damai Pemilu 2019,"Minggu, 23 Sep 2018 08:27 WIB",https://www.cnnindonesia.com/nasional/20180923082145-20-332427/aparat-bersenjata-kawal-deklarasi-kampanye-damai-pemilu-2019,ADVERTISEMENT SCROLL TO CONTINUE WITH CONTENT
'Satu Jari' Jokowi dan Ma'ruf Amin di Kampanye Damai,"Minggu, 23 Sep 2018 08:12 WIB",https://www.cnnindonesia.com/nasional/20180923075434-32-332426/satu-jari-jokowi-dan-maruf-amin-di-kampanye-damai,ADVERTISEMENT SCROLL TO CONTINUE WITH CONTENT
"Karnaval Kampanye Damai, Monas Menjelma Lautan Massa","Minggu, 23 Sep 2018 07:50 WIB",https://www.cnnindonesia.com/nasional/20180923074400-32-332425/karnaval-kampanye-damai-monas-menjelma-lautan-massa,ADVERTISEMENT SCROLL TO CONTINUE WITH CONTENT
'Superman' hingga 'Ant Man' Ramaikan Kampanye Damai di Monas,"Minggu, 23 Sep 2018 07:41 WIB",https://www.cnnindonesia.com/nasional/20180923072636-32-332424/superman-hingga-ant-man-ramaikan-kampanye-damai-di-monas,ADVERTISEMENT SCROLL TO CONTINUE WITH CONTENT
KPU Resmi Buka Deklarasi Kampanye Damai Pemilu 2019,"Minggu, 23 Sep 2018 07:31 WIB",https://www.cnnindonesia.com/nasional/20180923072732-32-332423/kpu-resmi-buka-deklarasi-kampanye-damai-pemilu-2019,ADVERTISEMENT SCROLL TO CONTINUE WITH CONTENT
"Kampanye Damai: Jokowi Berikat Udeng, Prabowo Pakai Blangkon","Minggu, 23 Sep 2018 07:21 WIB",https://www.cnnindonesia.com/nasional/20180923070921-32-332422/kampanye-damai-jokowi-berikat-udeng-prabowo-pakai-blangkon,ADVERTISEMENT SCROLL TO CONTINUE WITH CONTENT
KPU Bersama Peserta Pemilu Pagi Ini Deklarasi Kampanye Damai,"Minggu, 23 Sep 2018 05:04 WIB",https://www.cnnindonesia.com/nasional/20180923044405-32-332414/kpu-bersama-peserta-pemilu-pagi-ini-deklarasi-kampanye-damai,ADVERTISEMENT SCROLL TO CONTINUE WITH CONTENT
Djoko Santoso: Kwik Kian Gie Penasihat Pribadi Prabowo,"Minggu, 23 Sep 2018 03:09 WIB",https://www.cnnindonesia.com/nasional/20180923001121-32-332398/djoko-santoso-kwik-kian-gie-penasihat-pribadi-prabowo,ADVERTISEMENT SCROLL TO CONTINUE WITH CONTENT
Mendagri Tegaskan ASN Haram Dukung Mendukung Capres,"Sabtu, 22 Sep 2018 23:24 WIB",https://www.cnnindonesia.com/nasional/20180922232009-32-332393/mendagri-tegaskan-asn-haram-dukung-mendukung-capres,ADVERTISEMENT SCROLL TO CONTINUE WITH CONTENT
Mbah Moen Minta Miftahul Akhyar Gantikan Ma'ruf Amin,"Sabtu, 22 Sep 2018 20:19 WIB",https://www.cnnindonesia.com/nasional/20180922193051-32-332378/mbah-moen-minta-miftahul-akhyar-gantikan-maruf-amin,ADVERTISEMENT SCROLL TO CONTINUE WITH CONTENT
"Mundur dari Istana, Din Sebut Punya Pilihan di Pilpres","Sabtu, 22 Sep 2018 19:18 WIB",https://www.cnnindonesia.com/nasional/20180922183104-32-332369/mundur-dari-istana-din-sebut-punya-pilihan-di-pilpres,ADVERTISEMENT SCROLL TO CONTINUE WITH CONTENT
Said Aqil Siratkan Kembali Dukungan NU untuk Jokowi-Ma'ruf,"Sabtu, 22 Sep 2018 18:56 WIB",https://www.cnnindonesia.com/nasional/20180922183355-32-332370/said-aqil-siratkan-kembali-dukungan-nu-untuk-jokowi-maruf,ADVERTISEMENT SCROLL TO CONTINUE WITH CONTENT
Khofifah Klaim Punya Jaringan Strategis untuk Jokowi-Ma'ruf,"Sabtu, 22 Sep 2018 17:14 WIB",https://www.cnnindonesia.com/nasional/20180922165641-32-332343/khofifah-klaim-punya-jaringan-strategis-untuk-jokowi-maruf,ADVERTISEMENT SCROLL TO CONTINUE WITH CONTENT
Ma'ruf Amin Resmi Mundur dari Rais Aam PBNU,"Sabtu, 22 Sep 2018 15:34 WIB",https://www.cnnindonesia.com/nasional/20180922152334-32-332327/maruf-amin-resmi-mundur-dari-rais-aam-pbnu,ADVERTISEMENT SCROLL TO CONTINUE WITH CONTENT
"Didukung IJMA, Ma'ruf Optimistis Gaet Suara Perempuan","Sabtu, 22 Sep 2018 12:30 WIB",https://www.cnnindonesia.com/nasional/20180922121412-32-332286/didukung-ijma-maruf-optimistis-gaet-suara-perempuan,ADVERTISEMENT SCROLL TO CONTINUE WITH CONTENT
Menimbang Prestasi dan Ekspektasi dari Nomor Urut Pilpres,"Sabtu, 22 Sep 2018 12:08 WIB",https://www.cnnindonesia.com/nasional/20180922120310-32-332283/menimbang-prestasi-dan-ekspektasi-dari-nomor-urut-pilpres,ADVERTISEMENT SCROLL TO CONTINUE WITH CONTENT
Kelompok Perempuan IJMA Deklarasi Dukung Jokowi-Ma'ruf,"Sabtu, 22 Sep 2018 11:20 WIB",https://www.cnnindonesia.com/nasional/20180922110525-32-332278/kelompok-perempuan-ijma-deklarasi-dukung-jokowi-maruf,ADVERTISEMENT SCROLL TO CONTINUE WITH CONTENT
Rubella dan Polemik Vaksin Mengandung Babi,"Sabtu, 22 Sep 2018 10:20 WIB",https://www.cnnindonesia.com/nasional/20180922102036-25-332276/rubella-dan-polemik-vaksin-mengandung-babi,ADVERTISEMENT SCROLL TO CONTINUE WITH CONTENT
Prabowo Berjoget di Gedung KPU Usai Kantongi Nomor Urut Dua,"Sabtu, 22 Sep 2018 03:20 WIB",https://www.cnnindonesia.com/nasional/20180921214048-32-332232/prabowo-berjoget-di-gedung-kpu-usai-kantongi-nomor-urut-dua,ADVERTISEMENT SCROLL TO CONTINUE WITH CONTENT
PKB Sebut Target Jokowi Minimal 55 Persen Suara di Pilpres,"Sabtu, 22 Sep 2018 02:49 WIB",https://www.cnnindonesia.com/nasional/20180922022550-32-332258/pkb-sebut-target-jokowi-minimal-55-persen-suara-di-pilpres,ADVERTISEMENT SCROLL TO CONTINUE WITH CONTENT
Nomor Urut Prabowo Dinilai Setop Kampanye Dua Periode Jokowi,"Sabtu, 22 Sep 2018 02:15 WIB",https://www.cnnindonesia.com/nasional/20180922021402-32-332257/nomor-urut-prabowo-dinilai-setop-kampanye-dua-periode-jokowi,ADVERTISEMENT SCROLL TO CONTINUE WITH CONTENT
PKB Klaim Banyak Ulama NU Dukung Jokowi-Ma'ruf di Pilpres,"Sabtu, 22 Sep 2018 01:34 WIB",https://www.cnnindonesia.com/nasional/20180922012658-32-332256/pkb-klaim-banyak-ulama-nu-dukung-jokowi-maruf-di-pilpres,ADVERTISEMENT SCROLL TO CONTINUE WITH CONTENT
"Prabowo Senang Nomor Dua, Sandi Sebut 'Peace and Victory'","Jumat, 21 Sep 2018 23:26 WIB",https://www.cnnindonesia.com/nasional/20180921231544-32-332253/prabowo-senang-nomor-dua-sandi-sebut-peace-and-victory,ADVERTISEMENT SCROLL TO CONTINUE WITH CONTENT
"Jokowi-Ma'ruf Nomor 1, Gerindra Sebut Cukup Satu Periode","Jumat, 21 Sep 2018 22:59 WIB",https://www.cnnindonesia.com/nasional/20180921220355-32-332235/jokowi-maruf-nomor-1-gerindra-sebut-cukup-satu-periode,ADVERTISEMENT SCROLL TO CONTINUE WITH CONTENT
Jokowi Sebut Nomor Urut Satu Simbol Indonesia Bersatu,"Jumat, 21 Sep 2018 22:45 WIB",https://www.cnnindonesia.com/nasional/20180921222610-32-332252/jokowi-sebut-nomor-urut-satu-simbol-indonesia-bersatu,ADVERTISEMENT SCROLL TO CONTINUE WITH CONTENT
Ketum PSI Hingga Teten Disoraki Ganti Presiden di Posko Cokro,"Jumat, 21 Sep 2018 22:35 WIB",https://www.cnnindonesia.com/nasional/20180921221713-32-332251/ketum-psi-hingga-teten-disoraki-ganti-presiden-di-posko-cokro,ADVERTISEMENT SCROLL TO CONTINUE WITH CONTENT
Netizen Gaungkan #JokowiAmin hingga #PilihanIndonesia2019,"Jumat, 21 Sep 2018 22:23 WIB",https://www.cnnindonesia.com/teknologi/20180921220315-185-332236/netizen-gaungkan-jokowiamin-hingga-pilihanindonesia2019,ADVERTISEMENT SCROLL TO CONTINUE WITH CONTENT
'Jokowi KW' Laris Diajak Berfoto di KPU,"Jumat, 21 Sep 2018 21:47 WIB",https://www.cnnindonesia.com/nasional/20180921202303-20-332204/jokowi-kw-laris-diajak-berfoto-di-kpu,ADVERTISEMENT SCROLL TO CONTINUE WITH CONTENT
Relawan Gaungkan 'Jokowi Satu Kali Lagi' di KPU,"Jumat, 21 Sep 2018 21:32 WIB",https://www.cnnindonesia.com/nasional/20180921212200-32-332228/relawan-gaungkan-jokowi-satu-kali-lagi-di-kpu,ADVERTISEMENT SCROLL TO CONTINUE WITH CONTENT
Prabowo: Pemilu Bukan Untuk Mencari Kesalahan,"Jumat, 21 Sep 2018 21:29 WIB",https://www.cnnindonesia.com/nasional/20180921212528-32-332227/prabowo-pemilu-bukan-untuk-mencari-kesalahan,ADVERTISEMENT SCROLL TO CONTINUE WITH CONTENT
INFOGRAFIS: Prestasi dan Polemik Ma'ruf versus Sandiaga,"Jumat, 21 Sep 2018 21:17 WIB",https://www.cnnindonesia.com/nasional/20180913220745-35-330063/infografis-prestasi-dan-polemik-maruf-versus-sandiaga,Bakal cawapres Ma'ruf Amin maupun Sandiaga Uno masing-masing memiliki beragam prestasi dan sejumnlah polemik sepanjang karier mereka.
"Jokowi: Satu, Memang yang Diperebutkan Adalah RI-1","Jumat, 21 Sep 2018 21:14 WIB",https://www.cnnindonesia.com/nasional/20180921210723-32-332215/jokowi-satu-memang-yang-diperebutkan-adalah-ri-1,ADVERTISEMENT SCROLL TO CONTINUE WITH CONTENT
Pendukung Prabowo Bersorak Dapat Nomor 2 di Pilpres 2019,"Jumat, 21 Sep 2018 21:12 WIB",https://www.cnnindonesia.com/nasional/20180921205709-32-332214/pendukung-prabowo-bersorak-dapat-nomor-2-di-pilpres-2019,ADVERTISEMENT SCROLL TO CONTINUE WITH CONTENT
"Lagu Indonesia Raya, Hanya Jokowi yang Beri Hormat di KPU","Jumat, 21 Sep 2018 21:03 WIB",https://www.cnnindonesia.com/nasional/20180921203812-20-332212/lagu-indonesia-raya-hanya-jokowi-yang-beri-hormat-di-kpu,ADVERTISEMENT SCROLL TO CONTINUE WITH CONTENT
"Sejarah Pemilu, Nomor Urut Genap Menangkan Tiga Kali Pilpres","Jumat, 21 Sep 2018 20:54 WIB",https://www.cnnindonesia.com/nasional/20180921185248-32-332172/sejarah-pemilu-nomor-urut-genap-menangkan-tiga-kali-pilpres,ADVERTISEMENT SCROLL TO CONTINUE WITH CONTENT
"INFOGRAFIS: Jokowi-Ma'ruf Nomor 1, Prabowo-Sandi Nomor 2","Jumat, 21 Sep 2018 20:50 WIB",https://www.cnnindonesia.com/nasional/20180921204626-35-332211/infografis-jokowi-maruf-nomor-1-prabowo-sandi-nomor-2,
"Jokowi-Ma'ruf Nomor 1, Prabowo-Sandi Nomor 2","Jumat, 21 Sep 2018 20:43 WIB",https://www.cnnindonesia.com/nasional/20180921161130-32-332109/jokowi-maruf-nomor-1-prabowo-sandi-nomor-2,ADVERTISEMENT SCROLL TO CONTINUE WITH CONTENT
Beda Gaya Jokowi dan Prabowo saat Pengundian Nomor Urut,Tanggal tidak ditemukan,https://www.cnnindonesia.com/gaya-hidup/20180921204048-277-332210/beda-gaya-jokowi-dan-prabowo-saat-pengundian-nomor-urut,ADVERTISEMENT SCROLL TO CONTINUE WITH CONTENT
Kembaran Jokowi Nongol saat Ambil Nomor Urut di KPU,"Jumat, 21 Sep 2018 20:35 WIB",https://www.cnnindonesia.com/nasional/20180921202726-20-332205/kembaran-jokowi-nongol-saat-ambil-nomor-urut-di-kpu,ADVERTISEMENT SCROLL TO CONTINUE WITH CONTENT
"Khofifah Tak Masuk Tim Kampanye Jokowi, Dukungan Tetap Jalan","Jumat, 21 Sep 2018 20:04 WIB",https://www.cnnindonesia.com/nasional/20180921185900-32-332177/khofifah-tak-masuk-tim-kampanye-jokowi-dukungan-tetap-jalan,ADVERTISEMENT SCROLL TO CONTINUE WITH CONTENT
"Gunakan Land Rover Kelap-kelip, Jokowi-Ma'ruf Tiba di KPU","Jumat, 21 Sep 2018 19:59 WIB",https://www.cnnindonesia.com/nasional/20180921193944-32-332193/gunakan-land-rover-kelap-kelip-jokowi-maruf-tiba-di-kpu,ADVERTISEMENT SCROLL TO CONTINUE WITH CONTENT
Relawan Gaungkan 'Prabowo Presiden' di KPU,"Jumat, 21 Sep 2018 19:38 WIB",https://www.cnnindonesia.com/nasional/20180921191502-20-332189/relawan-gaungkan-prabowo-presiden-di-kpu,ADVERTISEMENT SCROLL TO CONTINUE WITH CONTENT
"Pengundian Nomor Urut, Prabowo-Sandiaga Tiba di KPU","Jumat, 21 Sep 2018 19:35 WIB",https://www.cnnindonesia.com/nasional/20180921192032-32-332188/pengundian-nomor-urut-prabowo-sandiaga-tiba-di-kpu,ADVERTISEMENT SCROLL TO CONTINUE WITH CONTENT
Jokowi dan Ribuan Relawan Panjatkan Doa di Tugu Proklamasi,"Jumat, 21 Sep 2018 19:25 WIB",https://www.cnnindonesia.com/nasional/20180921184302-20-332179/jokowi-dan-ribuan-relawan-panjatkan-doa-di-tugu-proklamasi,ADVERTISEMENT SCROLL TO CONTINUE WITH CONTENT
Sembilan Sekjen Partai Pengusung Jokowi Pamer Mesra di KPU,"Jumat, 21 Sep 2018 19:20 WIB",https://www.cnnindonesia.com/nasional/20180921190854-32-332181/sembilan-sekjen-partai-pengusung-jokowi-pamer-mesra-di-kpu,ADVERTISEMENT SCROLL TO CONTINUE WITH CONTENT
Prabowo-Sandi Bertolak ke KPU untuk Ambil Nomor Urut,"Jumat, 21 Sep 2018 19:12 WIB",https://www.cnnindonesia.com/nasional/20180921190504-32-332178/prabowo-sandi-bertolak-ke-kpu-untuk-ambil-nomor-urut,ADVERTISEMENT SCROLL TO CONTINUE WITH CONTENT
"Berapapun Nomor Urutnya, Prabowo Tetap Kalah di Mata OSO","Jumat, 21 Sep 2018 19:08 WIB",https://www.cnnindonesia.com/nasional/20180921190351-32-332176/berapapun-nomor-urutnya-prabowo-tetap-kalah-di-mata-oso,ADVERTISEMENT SCROLL TO CONTINUE WITH CONTENT
"Jokowi: Beda Pilihan Tak Apa, Persatuan Jangan Dilupakan","Jumat, 21 Sep 2018 18:57 WIB",https://www.cnnindonesia.com/nasional/20180921173535-32-332143/jokowi-beda-pilihan-tak-apa-persatuan-jangan-dilupakan,ADVERTISEMENT SCROLL TO CONTINUE WITH CONTENT
Prabowo Tak Ambil Pusing dengan Nomor Urut Capres,"Jumat, 21 Sep 2018 18:42 WIB",https://www.cnnindonesia.com/nasional/20180921163134-32-332123/prabowo-tak-ambil-pusing-dengan-nomor-urut-capres,ADVERTISEMENT SCROLL TO CONTINUE WITH CONTENT
"PKB soal Nomor Urut: Kalau Nomor Dua, Jokowi Bantu Gerindra","Jumat, 21 Sep 2018 18:25 WIB",https://www.cnnindonesia.com/nasional/20180921175947-32-332157/pkb-soal-nomor-urut-kalau-nomor-dua-jokowi-bantu-gerindra,ADVERTISEMENT SCROLL TO CONTINUE WITH CONTENT
Gerindra Merasa Diuntungkan Jika Jokowi Dapat Nomor Urut 2,"Jumat, 21 Sep 2018 18:08 WIB",https://www.cnnindonesia.com/nasional/20180921175403-32-332151/gerindra-merasa-diuntungkan-jika-jokowi-dapat-nomor-urut-2,ADVERTISEMENT SCROLL TO CONTINUE WITH CONTENT
"Jalan Depan KPU Ditutup, Polisi Pasang Empat Lapis Pengamanan","Jumat, 21 Sep 2018 17:33 WIB",https://www.cnnindonesia.com/nasional/20180921164939-32-332127/jalan-depan-kpu-ditutup-polisi-pasang-empat-lapis-pengamanan,ADVERTISEMENT SCROLL TO CONTINUE WITH CONTENT
Ustaz Yahya Waloni Dilaporkan ke Polisi soal Ceramah Menghina,"Jumat, 21 Sep 2018 17:29 WIB",https://www.cnnindonesia.com/nasional/20180921172625-12-332139/ustaz-yahya-waloni-dilaporkan-ke-polisi-soal-ceramah-menghina,ADVERTISEMENT SCROLL TO CONTINUE WITH CONTENT
"Jokowi: Yang Penting Bukan Nomornya, Tapi Kepercayaan Rakyat","Jumat, 21 Sep 2018 16:36 WIB",https://www.cnnindonesia.com/nasional/20180921155313-32-332108/jokowi-yang-penting-bukan-nomornya-tapi-kepercayaan-rakyat,ADVERTISEMENT SCROLL TO CONTINUE WITH CONTENT
"AHY Ikut Antar Prabowo-Sandi, Rombongan Diiringi Drum Band","Jumat, 21 Sep 2018 16:31 WIB",https://www.cnnindonesia.com/nasional/20180921160822-32-332110/ahy-ikut-antar-prabowo-sandi-rombongan-diiringi-drum-band,ADVERTISEMENT SCROLL TO CONTINUE WITH CONTENT
"Jokowi dan Prabowo Ambil Nomor Urut, Jalan Depan KPU Ditutup","Jumat, 21 Sep 2018 16:00 WIB",https://www.cnnindonesia.com/nasional/20180921154724-32-332099/jokowi-dan-prabowo-ambil-nomor-urut-jalan-depan-kpu-ditutup,ADVERTISEMENT SCROLL TO CONTINUE WITH CONTENT
SBY Gencarkan Serangan Kampanye Darat untuk Menangkan Prabowo,"Jumat, 21 Sep 2018 15:51 WIB",https://www.cnnindonesia.com/nasional/20180921153319-32-332097/sby-gencarkan-serangan-kampanye-darat-untuk-menangkan-prabowo,ADVERTISEMENT SCROLL TO CONTINUE WITH CONTENT
Dedi Mulyadi: 22 dari 27 Kepala Daerah di Jabar Dukung Jokowi,"Jumat, 21 Sep 2018 15:42 WIB",https://www.cnnindonesia.com/nasional/20180921134025-32-332025/dedi-mulyadi-22-dari-27-kepala-daerah-di-jabar-dukung-jokowi,ADVERTISEMENT SCROLL TO CONTINUE WITH CONTENT
Ma'ruf Amin Imbau Massa Jokowi dan Prabowo Tetap Akur,"Jumat, 21 Sep 2018 15:17 WIB",https://www.cnnindonesia.com/nasional/20180921140637-32-332049/maruf-amin-imbau-massa-jokowi-dan-prabowo-tetap-akur,ADVERTISEMENT SCROLL TO CONTINUE WITH CONTENT
Rombongan Prabowo-Sandi Bertolak ke KPU dari Posko Cokro,"Jumat, 21 Sep 2018 14:28 WIB",https://www.cnnindonesia.com/nasional/20180921140115-32-332048/rombongan-prabowo-sandi-bertolak-ke-kpu-dari-posko-cokro,ADVERTISEMENT SCROLL TO CONTINUE WITH CONTENT
Ribuan Polisi Kawal Pengambilan Nomor Urut Capres di KPU,"Jumat, 21 Sep 2018 13:51 WIB",https://www.cnnindonesia.com/nasional/20180921123124-20-331996/ribuan-polisi-kawal-pengambilan-nomor-urut-capres-di-kpu,ADVERTISEMENT SCROLL TO CONTINUE WITH CONTENT
"Ambil Nomor Urut, Jokowi-Ma'ruf Dikawal Ketum-Sekjen Parpol","Jumat, 21 Sep 2018 12:26 WIB",https://www.cnnindonesia.com/nasional/20180921115931-32-331987/ambil-nomor-urut-jokowi-maruf-dikawal-ketum-sekjen-parpol,ADVERTISEMENT SCROLL TO CONTINUE WITH CONTENT
"Resmi Cawapres, Ma'ruf Amin Minta Dukungan Eks Ketua MUI DKI","Jumat, 21 Sep 2018 11:51 WIB",https://www.cnnindonesia.com/nasional/20180921113804-32-331981/resmi-cawapres-maruf-amin-minta-dukungan-eks-ketua-mui-dki,ADVERTISEMENT SCROLL TO CONTINUE WITH CONTENT
"Beda Pendapat, Sebagian Ulama MUI Minta Ma'ruf Nonaktif","Jumat, 21 Sep 2018 11:15 WIB",https://www.cnnindonesia.com/nasional/20180921093452-20-331958/beda-pendapat-sebagian-ulama-mui-minta-maruf-nonaktif,ADVERTISEMENT SCROLL TO CONTINUE WITH CONTENT
Rute Pengalihan Lalu Lintas saat Undian Nomor Urut Capres,"Jumat, 21 Sep 2018 11:06 WIB",https://www.cnnindonesia.com/nasional/20180921104633-20-331963/rute-pengalihan-lalu-lintas-saat-undian-nomor-urut-capres,ADVERTISEMENT SCROLL TO CONTINUE WITH CONTENT
Prabowo-Sandi dan Jokowi-Ma'ruf Ambil Nomor Urut Malam Ini,"Jumat, 21 Sep 2018 08:34 WIB",https://www.cnnindonesia.com/nasional/20180921080602-32-331938/prabowo-sandi-dan-jokowi-maruf-ambil-nomor-urut-malam-ini,ADVERTISEMENT SCROLL TO CONTINUE WITH CONTENT
"Golkar: Kalau Jokowi-Ma'ruf Nomor Satu, PKB yang Dapat Efek","Jumat, 21 Sep 2018 06:14 WIB",https://www.cnnindonesia.com/nasional/20180920202634-32-331910/golkar-kalau-jokowi-maruf-nomor-satu-pkb-yang-dapat-efek,ADVERTISEMENT SCROLL TO CONTINUE WITH CONTENT
Ketua TKD Jatim Buka Rekening Dana Kampanye Jokowi-Ma'ruf,"Jumat, 21 Sep 2018 04:59 WIB",https://www.cnnindonesia.com/nasional/20180921045412-32-331926/ketua-tkd-jatim-buka-rekening-dana-kampanye-jokowi-maruf,ADVERTISEMENT SCROLL TO CONTINUE WITH CONTENT
Sandiaga Tak Persoalkan Nomor Urut di Pilpres 2019,"Kamis, 20 Sep 2018 21:00 WIB",https://www.cnnindonesia.com/nasional/20180920204613-32-331911/sandiaga-tak-persoalkan-nomor-urut-di-pilpres-2019,ADVERTISEMENT SCROLL TO CONTINUE WITH CONTENT
"Ambil Nomor Urut, Prabowo-Sandi Berangkat dari Menteng","Kamis, 20 Sep 2018 20:32 WIB",https://www.cnnindonesia.com/nasional/20180920202204-32-331904/ambil-nomor-urut-prabowo-sandi-berangkat-dari-menteng,ADVERTISEMENT SCROLL TO CONTINUE WITH CONTENT
Loyalitas Prabowo Jadi Alasan Dahnil Anzhar Gabung Timses,"Kamis, 20 Sep 2018 20:09 WIB",https://www.cnnindonesia.com/nasional/20180920190319-12-331868/loyalitas-prabowo-jadi-alasan-dahnil-anzhar-gabung-timses,ADVERTISEMENT SCROLL TO CONTINUE WITH CONTENT
PDIP Klaim 32 Kepala Daerah Jawa Timur Dukung Jokowi,"Kamis, 20 Sep 2018 18:50 WIB",https://www.cnnindonesia.com/nasional/20180920182940-32-331858/pdip-klaim-32-kepala-daerah-jawa-timur-dukung-jokowi,ADVERTISEMENT SCROLL TO CONTINUE WITH CONTENT
Prabowo-Sandiaga Daftarkan Tim Kampanye Malam Ini,"Kamis, 20 Sep 2018 17:59 WIB",https://www.cnnindonesia.com/nasional/20180920174550-32-331842/prabowo-sandiaga-daftarkan-tim-kampanye-malam-ini,ADVERTISEMENT SCROLL TO CONTINUE WITH CONTENT
Jokowi-Ma'ruf dan Prabowo-Sandi Dikawal 452 Polisi 24 Jam,"Kamis, 20 Sep 2018 17:45 WIB",https://www.cnnindonesia.com/nasional/20180920173442-32-331838/jokowi-maruf-dan-prabowo-sandi-dikawal-452-polisi-24-jam,ADVERTISEMENT SCROLL TO CONTINUE WITH CONTENT
"Ambil Nomor Urut, Jokowi-Ma'ruf Berangkat Dari Rumah Aspirasi","Kamis, 20 Sep 2018 17:41 WIB",https://www.cnnindonesia.com/nasional/20180920164836-12-331810/ambil-nomor-urut-jokowi-maruf-berangkat-dari-rumah-aspirasi,ADVERTISEMENT SCROLL TO CONTINUE WITH CONTENT
Jokowi-Ma'ruf dan Prabowo-Sandi Resmi Jadi Capres-Cawapres,"Kamis, 20 Sep 2018 17:07 WIB",https://www.cnnindonesia.com/nasional/20180920165951-32-331819/jokowi-maruf-dan-prabowo-sandi-resmi-jadi-capres-cawapres,ADVERTISEMENT SCROLL TO CONTINUE WITH CONTENT
PSI: Waktu Akan Membuktikan Dahnil Anzhar Benar atau Salah,"Kamis, 20 Sep 2018 17:03 WIB",https://www.cnnindonesia.com/nasional/20180920163848-32-331809/psi-waktu-akan-membuktikan-dahnil-anzhar-benar-atau-salah,ADVERTISEMENT SCROLL TO CONTINUE WITH CONTENT
Sekjen PSI Ungkit 'Fitnah' Obor Rakyat,"Kamis, 20 Sep 2018 13:47 WIB",https://www.cnnindonesia.com/nasional/20180920133633-32-331716/sekjen-psi-ungkit-fitnah-obor-rakyat,ADVERTISEMENT SCROLL TO CONTINUE WITH CONTENT
KPU Tetapkan Capres-Cawapres Pemilu 2019 Hari Ini,"Kamis, 20 Sep 2018 10:38 WIB",https://www.cnnindonesia.com/nasional/20180920102302-32-331659/kpu-tetapkan-capres-cawapres-pemilu-2019-hari-ini,ADVERTISEMENT SCROLL TO CONTINUE WITH CONTENT
"Khofifah, Risma, Dahlan Iskan di Tim Kampanye Jatim Jokowi","Kamis, 20 Sep 2018 10:14 WIB",https://www.cnnindonesia.com/nasional/20180920092806-32-331633/khofifah-risma-dahlan-iskan-di-tim-kampanye-jatim-jokowi,ADVERTISEMENT SCROLL TO CONTINUE WITH CONTENT
Yenny Wahid Istikharah Soal Ajakan Gabung Prabowo-Sandi,"Kamis, 20 Sep 2018 08:59 WIB",https://www.cnnindonesia.com/nasional/20180920083214-32-331626/yenny-wahid-istikharah-soal-ajakan-gabung-prabowo-sandi,ADVERTISEMENT SCROLL TO CONTINUE WITH CONTENT
Sekjen NasDem soal Ma'ruf Masih Jabat Ketum: Urusan MUI,"Kamis, 20 Sep 2018 06:13 WIB",https://www.cnnindonesia.com/nasional/20180919213031-32-331582/sekjen-nasdem-soal-maruf-masih-jabat-ketum-urusan-mui,ADVERTISEMENT SCROLL TO CONTINUE WITH CONTENT
"Jokowi Pernah Kalah di Aceh, Ma'ruf Yakin Kali Ini Menang","Kamis, 20 Sep 2018 06:10 WIB",https://www.cnnindonesia.com/nasional/20180920060011-32-331612/jokowi-pernah-kalah-di-aceh-maruf-yakin-kali-ini-menang,ADVERTISEMENT SCROLL TO CONTINUE WITH CONTENT
MUI Minta Pemerintah Segera Cari Vaksin MR Halal,"Kamis, 20 Sep 2018 05:21 WIB",https://www.cnnindonesia.com/nasional/20180919201508-20-331564/mui-minta-pemerintah-segera-cari-vaksin-mr-halal,ADVERTISEMENT SCROLL TO CONTINUE WITH CONTENT
Ma'ruf Ingin Indonesia Jadi Penghasil Produk Halal Terbesar,"Kamis, 20 Sep 2018 04:20 WIB",https://www.cnnindonesia.com/nasional/20180920041105-20-331602/maruf-ingin-indonesia-jadi-penghasil-produk-halal-terbesar,ADVERTISEMENT SCROLL TO CONTINUE WITH CONTENT
Ma'ruf Amin Jamin Tak Salahgunakan Jabatan MUI Saat Kampanye,"Kamis, 20 Sep 2018 03:11 WIB",https://www.cnnindonesia.com/nasional/20180920030440-32-331596/maruf-amin-jamin-tak-salahgunakan-jabatan-mui-saat-kampanye,ADVERTISEMENT SCROLL TO CONTINUE WITH CONTENT
PAN Ajak Kader Pendukung Jokowi Dialog Sebelum Beri Sanksi,"Rabu, 19 Sep 2018 23:35 WIB",https://www.cnnindonesia.com/nasional/20180919201921-32-331566/pan-ajak-kader-pendukung-jokowi-dialog-sebelum-beri-sanksi,ADVERTISEMENT SCROLL TO CONTINUE WITH CONTENT
Kepala Daerah Dukung Jokowi-Ma'ruf Diklaim Bukan Dikondisikan,"Rabu, 19 Sep 2018 22:04 WIB",https://www.cnnindonesia.com/nasional/20180919195411-32-331557/kepala-daerah-dukung-jokowi-maruf-diklaim-bukan-dikondisikan,ADVERTISEMENT SCROLL TO CONTINUE WITH CONTENT
Ma'ruf Amin: Jangan Pilih Caleg Eks Koruptor,"Rabu, 19 Sep 2018 20:02 WIB",https://www.cnnindonesia.com/nasional/20180919170039-32-331502/maruf-amin-jangan-pilih-caleg-eks-koruptor,ADVERTISEMENT SCROLL TO CONTINUE WITH CONTENT
Ma'ruf Amin Usul Ada Menteri Pesantren Jika Menang Pilpres,"Rabu, 19 Sep 2018 19:47 WIB",https://www.cnnindonesia.com/nasional/20180919161857-32-331489/maruf-amin-usul-ada-menteri-pesantren-jika-menang-pilpres,ADVERTISEMENT SCROLL TO CONTINUE WITH CONTENT
TIm Jokowi-Ma'ruf Siapkan Kejutan di Hari Penetapan Capres,"Rabu, 19 Sep 2018 19:35 WIB",https://www.cnnindonesia.com/nasional/20180919174519-32-331521/tim-jokowi-maruf-siapkan-kejutan-di-hari-penetapan-capres,ADVERTISEMENT SCROLL TO CONTINUE WITH CONTENT
"Ramai Kepala Daerah Dukung Jokowi, Gerindra Mulai Putar Otak","Rabu, 19 Sep 2018 19:24 WIB",https://www.cnnindonesia.com/nasional/20180919191223-32-331550/ramai-kepala-daerah-dukung-jokowi-gerindra-mulai-putar-otak,ADVERTISEMENT SCROLL TO CONTINUE WITH CONTENT
PAN: Banyak Ulama Minta Ma'ruf Amin Lepas Jabatan Ketum MUI,"Rabu, 19 Sep 2018 18:28 WIB",https://www.cnnindonesia.com/nasional/20180919172431-32-331512/pan-banyak-ulama-minta-maruf-amin-lepas-jabatan-ketum-mui,ADVERTISEMENT SCROLL TO CONTINUE WITH CONTENT
Ma'ruf Amin: Jokowi Benci Ulama dan Anak PKI Itu Bohong,"Rabu, 19 Sep 2018 17:56 WIB",https://www.cnnindonesia.com/nasional/20180919155704-32-331478/maruf-amin-jokowi-benci-ulama-dan-anak-pki-itu-bohong,ADVERTISEMENT SCROLL TO CONTINUE WITH CONTENT
Budiman Sudjatmiko Sindir Pemimpin Jadi Ulama Dadakan,"Rabu, 19 Sep 2018 16:10 WIB",https://www.cnnindonesia.com/nasional/20180919155319-32-331477/budiman-sudjatmiko-sindir-pemimpin-jadi-ulama-dadakan,ADVERTISEMENT SCROLL TO CONTINUE WITH CONTENT
Wagub NTB Kakak TGB Ikut Dukung Jokowi di Pilpres 2019,"Rabu, 19 Sep 2018 14:53 WIB",https://www.cnnindonesia.com/nasional/20180919143910-32-331440/wagub-ntb-kakak-tgb-ikut-dukung-jokowi-di-pilpres-2019,ADVERTISEMENT SCROLL TO CONTINUE WITH CONTENT
Timses Klaim Enam Kepala Daerah di Sumbar Dukung Jokowi,"Rabu, 19 Sep 2018 11:02 WIB",https://www.cnnindonesia.com/nasional/20180919104521-32-331328/timses-klaim-enam-kepala-daerah-di-sumbar-dukung-jokowi,ADVERTISEMENT SCROLL TO CONTINUE WITH CONTENT
MUI Sebut Kemenkes Terlambat Minta Fatwa Vaksin MR,"Rabu, 19 Sep 2018 07:00 WIB",https://www.cnnindonesia.com/nasional/20180918215051-20-331256/mui-sebut-kemenkes-terlambat-minta-fatwa-vaksin-mr,ADVERTISEMENT SCROLL TO CONTINUE WITH CONTENT
Tiga Nama Berpeluang Jadi Ketua Timses Jokowi di Jabar,"Rabu, 19 Sep 2018 05:39 WIB",https://www.cnnindonesia.com/nasional/20180918200759-32-331236/tiga-nama-berpeluang-jadi-ketua-timses-jokowi-di-jabar,ADVERTISEMENT SCROLL TO CONTINUE WITH CONTENT
Ma'ruf Amin: Kami Tak Ingin Menghina Calon Lain di Pilpres,"Rabu, 19 Sep 2018 05:23 WIB",https://www.cnnindonesia.com/nasional/20180919040313-32-331275/maruf-amin-kami-tak-ingin-menghina-calon-lain-di-pilpres,ADVERTISEMENT SCROLL TO CONTINUE WITH CONTENT
Ma'ruf Amin Ajak Diskusi MUI Daerah yang Menolak Vaksin MR,"Rabu, 19 Sep 2018 02:38 WIB",https://www.cnnindonesia.com/nasional/20180918205002-20-331246/maruf-amin-ajak-diskusi-mui-daerah-yang-menolak-vaksin-mr,ADVERTISEMENT SCROLL TO CONTINUE WITH CONTENT
Ma'ruf Imbau Yahya Waloni Tak Singgung Ulama Saat Ceramah,"Rabu, 19 Sep 2018 00:42 WIB",https://www.cnnindonesia.com/nasional/20180919002640-32-331266/maruf-imbau-yahya-waloni-tak-singgung-ulama-saat-ceramah,ADVERTISEMENT SCROLL TO CONTINUE WITH CONTENT
Ma'ruf Amin Anggap Tagar #2019GantiPresiden Kerikil Politik,"Selasa, 18 Sep 2018 21:03 WIB",https://www.cnnindonesia.com/nasional/20180918204506-32-331245/maruf-amin-anggap-tagar-2019gantipresiden-kerikil-politik,ADVERTISEMENT SCROLL TO CONTINUE WITH CONTENT
"Ma'ruf Amin Sebut Hukum Vaksin MR Boleh, Imunisasi Wajib","Selasa, 18 Sep 2018 20:09 WIB",https://www.cnnindonesia.com/nasional/20180918194246-20-331230/maruf-amin-sebut-hukum-vaksin-mr-boleh-imunisasi-wajib,ADVERTISEMENT SCROLL TO CONTINUE WITH CONTENT
Kubu Jokowi Belum Bisa Prioritaskan Program Bansos ala SBY,"Selasa, 18 Sep 2018 19:41 WIB",https://www.cnnindonesia.com/nasional/20180918132038-32-331059/kubu-jokowi-belum-bisa-prioritaskan-program-bansos-ala-sby,ADVERTISEMENT SCROLL TO CONTINUE WITH CONTENT
Farhat Abbas: Jangan Tafsirkan Surga yang Setelah Kematian,"Selasa, 18 Sep 2018 19:29 WIB",https://www.cnnindonesia.com/nasional/20180918191415-32-331220/farhat-abbas-jangan-tafsirkan-surga-yang-setelah-kematian,ADVERTISEMENT SCROLL TO CONTINUE WITH CONTENT
Kubu Jokowi-Ma'ruf Tak Persoalkan Nomor Urut 1 atau 2,"Selasa, 18 Sep 2018 19:22 WIB",https://www.cnnindonesia.com/nasional/20180918181055-32-331200/kubu-jokowi-maruf-tak-persoalkan-nomor-urut-1-atau-2,ADVERTISEMENT SCROLL TO CONTINUE WITH CONTENT
PDIP Angkat Suara soal Foto Jokowi dan Lin Neumann,"Selasa, 18 Sep 2018 17:54 WIB",https://www.cnnindonesia.com/nasional/20180918174135-32-331183/pdip-angkat-suara-soal-foto-jokowi-dan-lin-neumann,ADVERTISEMENT SCROLL TO CONTINUE WITH CONTENT
Ma'ruf Amin Pertanyakan Gelar Ulama Sandiaga Uno,"Selasa, 18 Sep 2018 17:49 WIB",https://www.cnnindonesia.com/nasional/20180918172334-32-331172/maruf-amin-pertanyakan-gelar-ulama-sandiaga-uno,ADVERTISEMENT SCROLL TO CONTINUE WITH CONTENT
"Ma'ruf Amin Tetap Jabat Ketum MUI, Nonaktif Cuma Wacana","Selasa, 18 Sep 2018 17:27 WIB",https://www.cnnindonesia.com/nasional/20180918165954-20-331156/maruf-amin-tetap-jabat-ketum-mui-nonaktif-cuma-wacana,ADVERTISEMENT SCROLL TO CONTINUE WITH CONTENT
Mahasiswa Nahdlatul Wathan Polisikan Ustaz Yahya Waloni,"Selasa, 18 Sep 2018 17:03 WIB",https://www.cnnindonesia.com/nasional/20180918164416-12-331151/mahasiswa-nahdlatul-wathan-polisikan-ustaz-yahya-waloni,ADVERTISEMENT SCROLL TO CONTINUE WITH CONTENT
Ma'ruf Amin Baru Lepas Ketum MUI Jika Jadi Wapres,"Selasa, 18 Sep 2018 14:25 WIB",https://www.cnnindonesia.com/nasional/20180918140347-20-331082/maruf-amin-baru-lepas-ketum-mui-jika-jadi-wapres,ADVERTISEMENT SCROLL TO CONTINUE WITH CONTENT
Ali Ngabalin Siap Fasilitasi Keinginan GNPF Bertemu Jokowi,"Selasa, 18 Sep 2018 11:30 WIB",https://www.cnnindonesia.com/nasional/20180918105841-32-330997/ali-ngabalin-siap-fasilitasi-keinginan-gnpf-bertemu-jokowi,ADVERTISEMENT SCROLL TO CONTINUE WITH CONTENT
"Sudah Non-Aktif dari Ketum, Ma'ruf Amin Masih Ikut Rapat MUI","Selasa, 18 Sep 2018 11:11 WIB",https://www.cnnindonesia.com/nasional/20180918103309-20-330993/sudah-non-aktif-dari-ketum-maruf-amin-masih-ikut-rapat-mui,ADVERTISEMENT SCROLL TO CONTINUE WITH CONTENT
Demokrat Sebut Sikap Deddy Mizwar Pro Jokowi Urusan Pribadi,"Selasa, 18 Sep 2018 05:47 WIB",https://www.cnnindonesia.com/nasional/20180917210621-32-330933/demokrat-sebut-sikap-deddy-mizwar-pro-jokowi-urusan-pribadi,ADVERTISEMENT SCROLL TO CONTINUE WITH CONTENT
Sandiaga Diklaim sebagai Ulama Tanpa Titel Kiai Haji,"Selasa, 18 Sep 2018 04:07 WIB",https://www.cnnindonesia.com/nasional/20180918034334-32-330950/sandiaga-diklaim-sebagai-ulama-tanpa-titel-kiai-haji,ADVERTISEMENT SCROLL TO CONTINUE WITH CONTENT
Demokrat Klaim Banyak Kader Dicatut Dukung Jokowi-Ma'ruf,"Senin, 17 Sep 2018 23:42 WIB",https://www.cnnindonesia.com/nasional/20180917231306-32-330940/demokrat-klaim-banyak-kader-dicatut-dukung-jokowi-maruf,ADVERTISEMENT SCROLL TO CONTINUE WITH CONTENT
Jokowi dan Prabowo Tak Wajib Hadir Penetapan Capres di KPU,"Senin, 17 Sep 2018 20:52 WIB",https://www.cnnindonesia.com/nasional/20180917204355-32-330926/jokowi-dan-prabowo-tak-wajib-hadir-penetapan-capres-di-kpu,ADVERTISEMENT SCROLL TO CONTINUE WITH CONTENT
PKS Sebut Praktik Politik Identitas Tidak Bisa Dihindari,"Senin, 17 Sep 2018 20:42 WIB",https://www.cnnindonesia.com/nasional/20180917190353-32-330900/pks-sebut-praktik-politik-identitas-tidak-bisa-dihindari,ADVERTISEMENT SCROLL TO CONTINUE WITH CONTENT
"Tanggapi Hasil Ijtimak, Jokowi Sebut Ma'ruf Amin Ulama Besar","Senin, 17 Sep 2018 20:10 WIB",https://www.cnnindonesia.com/nasional/20180917195220-32-330912/tanggapi-hasil-ijtimak-jokowi-sebut-maruf-amin-ulama-besar,ADVERTISEMENT SCROLL TO CONTINUE WITH CONTENT
PKB akan Laporkan Ustaz Yahya Waloni ke Polisi,"Senin, 17 Sep 2018 18:57 WIB",https://www.cnnindonesia.com/nasional/20180917183909-12-330890/pkb-akan-laporkan-ustaz-yahya-waloni-ke-polisi,ADVERTISEMENT SCROLL TO CONTINUE WITH CONTENT
Ma'ruf: Ijtimak Ulama II Tidak Memberi Pengaruh Apa-apa,"Senin, 17 Sep 2018 18:28 WIB",https://www.cnnindonesia.com/nasional/20180917180355-32-330881/maruf-ijtimak-ulama-ii-tidak-memberi-pengaruh-apa-apa,ADVERTISEMENT SCROLL TO CONTINUE WITH CONTENT
Hidayat Nur Wahid Sebut Sandiaga Tergolong Ulama,"Senin, 17 Sep 2018 16:56 WIB",https://www.cnnindonesia.com/nasional/20180917164702-32-330852/hidayat-nur-wahid-sebut-sandiaga-tergolong-ulama,ADVERTISEMENT SCROLL TO CONTINUE WITH CONTENT
Ma'ruf Amin Rapat Perdana dengan Tim Kampanye Jokowi,"Senin, 17 Sep 2018 16:49 WIB",https://www.cnnindonesia.com/nasional/20180917164932-32-330854/maruf-amin-rapat-perdana-dengan-tim-kampanye-jokowi,ADVERTISEMENT SCROLL TO CONTINUE WITH CONTENT
Tim Kampanye Jokowi Siapkan Jubir Pengganti Johan Budi,"Senin, 17 Sep 2018 15:32 WIB",https://www.cnnindonesia.com/nasional/20180917145455-32-330814/tim-kampanye-jokowi-siapkan-jubir-pengganti-johan-budi,ADVERTISEMENT SCROLL TO CONTINUE WITH CONTENT
Mahfud MD Ajak Publik Jeli Hindari Capres Mudarat,"Senin, 17 Sep 2018 15:15 WIB",https://www.cnnindonesia.com/nasional/20180917143423-32-330810/mahfud-md-ajak-publik-jeli-hindari-capres-mudarat,ADVERTISEMENT SCROLL TO CONTINUE WITH CONTENT
PDIP Nilai Seruan Rizieq Tak Dapat Tempat di Hati Rakyat,"Senin, 17 Sep 2018 14:51 WIB",https://www.cnnindonesia.com/nasional/20180917141342-32-330792/pdip-nilai-seruan-rizieq-tak-dapat-tempat-di-hati-rakyat,ADVERTISEMENT SCROLL TO CONTINUE WITH CONTENT
Johan Budi Mundur Dari Posisi Jubir Timses Jokowi,"Senin, 17 Sep 2018 14:25 WIB",https://www.cnnindonesia.com/nasional/20180917141223-32-330790/johan-budi-mundur-dari-posisi-jubir-timses-jokowi,ADVERTISEMENT SCROLL TO CONTINUE WITH CONTENT
Kubu Jokowi: Rizieq Pulang Saja Kalau Tak Merasa Bersalah,"Senin, 17 Sep 2018 13:15 WIB",https://www.cnnindonesia.com/nasional/20180917125617-32-330765/kubu-jokowi-rizieq-pulang-saja-kalau-tak-merasa-bersalah,ADVERTISEMENT SCROLL TO CONTINUE WITH CONTENT
"Kunjungi Masjid Untirta, Ma'ruf Minta Doa dan Bantah Kampanye","Senin, 17 Sep 2018 12:48 WIB",https://www.cnnindonesia.com/nasional/20180917122901-32-330761/kunjungi-masjid-untirta-maruf-minta-doa-dan-bantah-kampanye,ADVERTISEMENT SCROLL TO CONTINUE WITH CONTENT
Ma'ruf Amin Yakin Raih Dukungan Milenial hingga Emak-emak,"Senin, 17 Sep 2018 01:49 WIB",https://www.cnnindonesia.com/nasional/20180917011121-32-330669/maruf-amin-yakin-raih-dukungan-milenial-hingga-emak-emak,ADVERTISEMENT SCROLL TO CONTINUE WITH CONTENT
Ma'ruf Amin: Debat Pilpres Berbahasa Inggris Mengada-ada,"Senin, 17 Sep 2018 01:08 WIB",https://www.cnnindonesia.com/nasional/20180917010246-32-330668/maruf-amin-debat-pilpres-berbahasa-inggris-mengada-ada,ADVERTISEMENT SCROLL TO CONTINUE WITH CONTENT
GNPF: Wajar Suara Umat Islam Terpecah di Pilpres 2019,"Senin, 17 Sep 2018 00:47 WIB",https://www.cnnindonesia.com/nasional/20180916144333-32-330598/gnpf-wajar-suara-umat-islam-terpecah-di-pilpres-2019,ADVERTISEMENT SCROLL TO CONTINUE WITH CONTENT
Relawan Sebut Ma'ruf Amin Bakal Cawapres 'Limited Edition',"Senin, 17 Sep 2018 00:11 WIB",https://www.cnnindonesia.com/nasional/20180916224435-32-330661/relawan-sebut-maruf-amin-bakal-cawapres-limited-edition,ADVERTISEMENT SCROLL TO CONTINUE WITH CONTENT
"Tanggapi Ijtimak Ulama, Ma'ruf Klaim Didukung Ulama Betulan","Minggu, 16 Sep 2018 23:03 WIB",https://www.cnnindonesia.com/nasional/20180916225455-32-330662/tanggapi-ijtimak-ulama-maruf-klaim-didukung-ulama-betulan,ADVERTISEMENT SCROLL TO CONTINUE WITH CONTENT
'Rumah KMA' Dideklarasikan Usai Ma'ruf Curhat Soal Timses,"Minggu, 16 Sep 2018 22:39 WIB",https://www.cnnindonesia.com/nasional/20180916222836-32-330659/rumah-kma-dideklarasikan-usai-maruf-curhat-soal-timses,ADVERTISEMENT SCROLL TO CONTINUE WITH CONTENT
Gus Ipul Minta Yahya Waloni Minta Maaf ke TGB dan Ma'ruf Amin,"Minggu, 16 Sep 2018 17:59 WIB",https://www.cnnindonesia.com/nasional/20180916174759-32-330630/gus-ipul-minta-yahya-waloni-minta-maaf-ke-tgb-dan-maruf-amin,ADVERTISEMENT SCROLL TO CONTINUE WITH CONTENT
Jokowi Beri Arahan kepada Relawan Projo Secara Tertutup,"Minggu, 16 Sep 2018 15:44 WIB",https://www.cnnindonesia.com/nasional/20180916153208-32-330601/jokowi-beri-arahan-kepada-relawan-projo-secara-tertutup,ADVERTISEMENT SCROLL TO CONTINUE WITH CONTENT
"Kirab Satu Negeri, GP Ansor Bertolak dari Gejala Pilkada DKI","Minggu, 16 Sep 2018 14:21 WIB",https://www.cnnindonesia.com/nasional/20180916140828-32-330582/kirab-satu-negeri-gp-ansor-bertolak-dari-gejala-pilkada-dki,ADVERTISEMENT SCROLL TO CONTINUE WITH CONTENT
Jokowi Bakal Beri Pidato Penutupan Rakernas Projo,"Minggu, 16 Sep 2018 13:19 WIB",https://www.cnnindonesia.com/nasional/20180916130651-32-330573/jokowi-bakal-beri-pidato-penutupan-rakernas-projo,ADVERTISEMENT SCROLL TO CONTINUE WITH CONTENT
"Moeldoko: Debat itu Esensinya Gagasan, Bukan Bahasa","Sabtu, 15 Sep 2018 22:24 WIB",https://www.cnnindonesia.com/nasional/20180915181426-32-330499/moeldoko-debat-itu-esensinya-gagasan-bukan-bahasa,ADVERTISEMENT SCROLL TO CONTINUE WITH CONTENT
Moeldoko soal Ijtimak Ulama Jilid II: Suaranya Kecil,"Sabtu, 15 Sep 2018 17:49 WIB",https://www.cnnindonesia.com/nasional/20180915165457-32-330488/moeldoko-soal-ijtimak-ulama-jilid-ii-suaranya-kecil,ADVERTISEMENT SCROLL TO CONTINUE WITH CONTENT
Golkar Bantah Ada Kader yang Dukung Prabowo-Sandi,"Sabtu, 15 Sep 2018 14:14 WIB",https://www.cnnindonesia.com/nasional/20180915135310-32-330435/golkar-bantah-ada-kader-yang-dukung-prabowo-sandi,ADVERTISEMENT SCROLL TO CONTINUE WITH CONTENT
Nasdem Ungkap Sebagian Kader Golkar Dukung Prabowo-Sandiaga,"Sabtu, 15 Sep 2018 09:04 WIB",https://www.cnnindonesia.com/nasional/20180914193159-32-330350/nasdem-ungkap-sebagian-kader-golkar-dukung-prabowo-sandiaga,ADVERTISEMENT SCROLL TO CONTINUE WITH CONTENT
"Ijtimak Ulama II, Ajang Merawat Kedekatan Prabowo dan Rizieq","Sabtu, 15 Sep 2018 08:05 WIB",https://www.cnnindonesia.com/nasional/20180914143222-32-330256/ijtimak-ulama-ii-ajang-merawat-kedekatan-prabowo-dan-rizieq,ADVERTISEMENT SCROLL TO CONTINUE WITH CONTENT
Jubir Timses Jokowi: Semoga Buni Yani Tobat Bicara Hoaks,"Sabtu, 15 Sep 2018 05:00 WIB",https://www.cnnindonesia.com/nasional/20180914181946-32-330324/jubir-timses-jokowi-semoga-buni-yani-tobat-bicara-hoaks,ADVERTISEMENT SCROLL TO CONTINUE WITH CONTENT
Erick Thohir: TGB Bebas Gabung Tim Kampanye atau Tidak,"Sabtu, 15 Sep 2018 04:40 WIB",https://www.cnnindonesia.com/nasional/20180914215438-32-330376/erick-thohir-tgb-bebas-gabung-tim-kampanye-atau-tidak,ADVERTISEMENT SCROLL TO CONTINUE WITH CONTENT
TGB Siap Menangkan Jokowi Meski Tak Masuk Timses,"Sabtu, 15 Sep 2018 01:00 WIB",https://www.cnnindonesia.com/nasional/20180914194140-20-330354/tgb-siap-menangkan-jokowi-meski-tak-masuk-timses,ADVERTISEMENT SCROLL TO CONTINUE WITH CONTENT
"Prabowo: Debat Bahasa Indonesia Saja, Bahasa Kebangsaan","Jumat, 14 Sep 2018 22:20 WIB",https://www.cnnindonesia.com/nasional/20180914221047-32-330379/prabowo-debat-bahasa-indonesia-saja-bahasa-kebangsaan,ADVERTISEMENT SCROLL TO CONTINUE WITH CONTENT
"Tak Seperti Demokrat, PAN-PKS 'All Out' Dukung Prabowo-Sandi","Jumat, 14 Sep 2018 21:29 WIB",https://www.cnnindonesia.com/nasional/20180914195356-32-330358/tak-seperti-demokrat-pan-pks-all-out-dukung-prabowo-sandi,ADVERTISEMENT SCROLL TO CONTINUE WITH CONTENT
PDIP Klaim Kwik Kian Gie Bantah Gabung Tim Prabowo-Sandi,"Jumat, 14 Sep 2018 20:44 WIB",https://www.cnnindonesia.com/nasional/20180914185421-32-330341/pdip-klaim-kwik-kian-gie-bantah-gabung-tim-prabowo-sandi,ADVERTISEMENT SCROLL TO CONTINUE WITH CONTENT
Tim Jokowi Sebut Ijtima Ulama II Tak Berpengaruh di Pilpres,"Jumat, 14 Sep 2018 17:17 WIB",https://www.cnnindonesia.com/nasional/20180914163805-32-330279/tim-jokowi-sebut-ijtima-ulama-ii-tak-berpengaruh-di-pilpres,ADVERTISEMENT SCROLL TO CONTINUE WITH CONTENT
Gubernur Maluku Terpilih Bakal Masuk Tim Kampanye Jokowi,"Jumat, 14 Sep 2018 15:59 WIB",https://www.cnnindonesia.com/nasional/20180914143541-32-330260/gubernur-maluku-terpilih-bakal-masuk-tim-kampanye-jokowi,ADVERTISEMENT SCROLL TO CONTINUE WITH CONTENT
"Respons Debat Bahasa Inggris, Kubu Jokowi Usul Lomba Ngaji","Jumat, 14 Sep 2018 13:25 WIB",https://www.cnnindonesia.com/nasional/20180914125637-32-330167/respons-debat-bahasa-inggris-kubu-jokowi-usul-lomba-ngaji,ADVERTISEMENT SCROLL TO CONTINUE WITH CONTENT
Ketua DPRD DKI Pimpin Timses Jokowi di Jakarta,"Jumat, 14 Sep 2018 12:00 WIB",https://www.cnnindonesia.com/nasional/20180914114140-32-330152/ketua-dprd-dki-pimpin-timses-jokowi-di-jakarta,ADVERTISEMENT SCROLL TO CONTINUE WITH CONTENT
PPP Sebut Usulan Debat Capres Bahasa Inggris Aneh dan Genit,"Jumat, 14 Sep 2018 11:25 WIB",https://www.cnnindonesia.com/nasional/20180914111245-32-330144/ppp-sebut-usulan-debat-capres-bahasa-inggris-aneh-dan-genit,ADVERTISEMENT SCROLL TO CONTINUE WITH CONTENT
Jalan Keselamatan Demokrat Itu Bernama 'Dua Kaki',"Jumat, 14 Sep 2018 09:43 WIB",https://www.cnnindonesia.com/nasional/20180914092427-32-330124/jalan-keselamatan-demokrat-itu-bernama-dua-kaki,ADVERTISEMENT SCROLL TO CONTINUE WITH CONTENT
Kubu Jokowi Sebut Iklan Bioskop Bukan Kampanye,"Jumat, 14 Sep 2018 03:35 WIB",https://www.cnnindonesia.com/nasional/20180914030705-32-330077/kubu-jokowi-sebut-iklan-bioskop-bukan-kampanye,ADVERTISEMENT SCROLL TO CONTINUE WITH CONTENT
PBB Belum Tentukan Arah Dukungan di Pilpres 2019,"Jumat, 14 Sep 2018 01:29 WIB",https://www.cnnindonesia.com/nasional/20180914004333-32-330072/pbb-belum-tentukan-arah-dukungan-di-pilpres-2019,ADVERTISEMENT SCROLL TO CONTINUE WITH CONTENT
Fadli Zon Sebut Prabowo-Sandi Siap Debat Bahasa Inggris,"Jumat, 14 Sep 2018 00:50 WIB",https://www.cnnindonesia.com/nasional/20180914003258-32-330071/fadli-zon-sebut-prabowo-sandi-siap-debat-bahasa-inggris,ADVERTISEMENT SCROLL TO CONTINUE WITH CONTENT
Simpatisan Gus Dur Tentukan Sikap Terkait Pilpres Oktober,"Jumat, 14 Sep 2018 00:03 WIB",https://www.cnnindonesia.com/nasional/20180913214957-32-330060/simpatisan-gus-dur-tentukan-sikap-terkait-pilpres-oktober,ADVERTISEMENT SCROLL TO CONTINUE WITH CONTENT
FPI Tak Yakin PBB Akan Dukung Jokowi-Maruf di Pilpres,"Kamis, 13 Sep 2018 20:35 WIB",https://www.cnnindonesia.com/nasional/20180913201953-32-330047/fpi-tak-yakin-pbb-akan-dukung-jokowi-maruf-di-pilpres,ADVERTISEMENT SCROLL TO CONTINUE WITH CONTENT
PAN Sebut Soetrisno Bachir Tak Dukung Jokowi karena Kecewa,"Kamis, 13 Sep 2018 17:54 WIB",https://www.cnnindonesia.com/nasional/20180913162541-32-329982/pan-sebut-soetrisno-bachir-tak-dukung-jokowi-karena-kecewa,ADVERTISEMENT SCROLL TO CONTINUE WITH CONTENT
"Prabowo Peluk Andi Arief, PD Sebut Kasus Jenderal Kardus Klir","Kamis, 13 Sep 2018 17:12 WIB",https://www.cnnindonesia.com/nasional/20180913164734-32-329991/prabowo-peluk-andi-arief-pd-sebut-kasus-jenderal-kardus-klir,ADVERTISEMENT SCROLL TO CONTINUE WITH CONTENT
Rizieq Shihab Akan Ceramah Jarak Jauh di Ijtimak Ulama II,"Kamis, 13 Sep 2018 16:30 WIB",https://www.cnnindonesia.com/nasional/20180913150728-32-329976/rizieq-shihab-akan-ceramah-jarak-jauh-di-ijtimak-ulama-ii,ADVERTISEMENT SCROLL TO CONTINUE WITH CONTENT
"Pantun Masuk Surga, Timses Jokowi Sebut FarhatOffside","Kamis, 13 Sep 2018 14:02 WIB",https://www.cnnindonesia.com/nasional/20180913134058-32-329908/pantun-masuk-surga-timses-jokowi-sebut-farhat-offside,ADVERTISEMENT SCROLL TO CONTINUE WITH CONTENT
Cak Imin soal Farhat Abbas: Jangan Bahas Orang Enggak Jelas,"Kamis, 13 Sep 2018 06:40 WIB",https://www.cnnindonesia.com/nasional/20180912161604-32-329675/cak-imin-soal-farhat-abbas-jangan-bahas-orang-enggak-jelas,ADVERTISEMENT SCROLL TO CONTINUE WITH CONTENT
"Warga NU Kultural, Massa Bidikan Prabowo di Pilpres 2019","Kamis, 13 Sep 2018 05:58 WIB",https://www.cnnindonesia.com/nasional/20180912151254-32-329658/warga-nu-kultural-massa-bidikan-prabowo-di-pilpres-2019,ADVERTISEMENT SCROLL TO CONTINUE WITH CONTENT
"Prabowo Safari Politik ke Jatim, Cak Imin Solidkan Basis NU","Kamis, 13 Sep 2018 05:23 WIB",https://www.cnnindonesia.com/nasional/20180912200053-32-329754/prabowo-safari-politik-ke-jatim-cak-imin-solidkan-basis-nu,ADVERTISEMENT SCROLL TO CONTINUE WITH CONTENT
Erick Santai Dituding Stuntman buat Ma'ruf di Pilpres 2019,"Kamis, 13 Sep 2018 03:26 WIB",https://www.cnnindonesia.com/nasional/20180912201048-32-329753/erick-santai-dituding-stuntman-buat-maruf-di-pilpres-2019,ADVERTISEMENT SCROLL TO CONTINUE WITH CONTENT
TKN Jokowi-Maruf Sebut Tim Kampanye Daerah Hampir Selesai,"Kamis, 13 Sep 2018 03:18 WIB",https://www.cnnindonesia.com/nasional/20180912205538-32-329765/tkn-jokowi-maruf-sebut-tim-kampanye-daerah-hampir-selesai,ADVERTISEMENT SCROLL TO CONTINUE WITH CONTENT
"Terkait Farhat Abbas, PKS Tak Mau Pilpres Seperti Pilkada DKI","Kamis, 13 Sep 2018 02:00 WIB",https://www.cnnindonesia.com/nasional/20180912220519-32-329777/terkait-farhat-abbas-pks-tak-mau-pilpres-seperti-pilkada-dki,ADVERTISEMENT SCROLL TO CONTINUE WITH CONTENT
"AHY soal Demokrat Politik Dua Kaki: Kanan Pilpres, Kiri Pileg","Rabu, 12 Sep 2018 22:50 WIB",https://www.cnnindonesia.com/nasional/20180912221209-32-329780/ahy-soal-demokrat-politik-dua-kaki-kanan-pilpres-kiri-pileg,ADVERTISEMENT SCROLL TO CONTINUE WITH CONTENT
Gubernur Maluku Utara Kader PKS Tegas Dukung Jokowi-Ma'ruf,"Rabu, 12 Sep 2018 21:05 WIB",https://www.cnnindonesia.com/nasional/20180912203407-32-329759/gubernur-maluku-utara-kader-pks-tegas-dukung-jokowi-maruf,ADVERTISEMENT SCROLL TO CONTINUE WITH CONTENT
Polda Metro Jaya Sebut Kasus Erick Thohir Sudah Selesai,"Rabu, 12 Sep 2018 19:39 WIB",https://www.cnnindonesia.com/nasional/20180912165104-12-329708/polda-metro-jaya-sebut-kasus-erick-thohir-sudah-selesai,ADVERTISEMENT SCROLL TO CONTINUE WITH CONTENT
Tim Jokowi: Iklan di Bioskop Bagian Sosialisasi Pemerintah,"Rabu, 12 Sep 2018 18:59 WIB",https://www.cnnindonesia.com/nasional/20180912175734-32-329721/tim-jokowi-iklan-di-bioskop-bagian-sosialisasi-pemerintah,ADVERTISEMENT SCROLL TO CONTINUE WITH CONTENT
Gerindra Siapkan Posisi Terhormat untuk Gatot di Tim Prabowo,"Rabu, 12 Sep 2018 17:11 WIB",https://www.cnnindonesia.com/nasional/20180912163632-20-329678/gerindra-siapkan-posisi-terhormat-untuk-gatot-di-tim-prabowo,ADVERTISEMENT SCROLL TO CONTINUE WITH CONTENT
Gerindra Komentari Farhat Abbas soal Pilih Jokowi Masuk Surga,"Rabu, 12 Sep 2018 15:29 WIB",https://www.cnnindonesia.com/nasional/20180912143500-32-329628/gerindra-komentari-farhat-abbas-soal-pilih-jokowi-masuk-surga,ADVERTISEMENT SCROLL TO CONTINUE WITH CONTENT
Kubu Jokowi Yakin Keluarga Gus Dur Tidak Dukung Prabowo,"Rabu, 12 Sep 2018 15:04 WIB",https://www.cnnindonesia.com/nasional/20180912134220-32-329595/kubu-jokowi-yakin-keluarga-gus-dur-tidak-dukung-prabowo,ADVERTISEMENT SCROLL TO CONTINUE WITH CONTENT
Yenny Wahid Diklaim Lebih Dekat ke Kubu Jokowi-Ma'ruf,"Rabu, 12 Sep 2018 13:48 WIB",https://www.cnnindonesia.com/nasional/20180912132323-32-329589/yenny-wahid-diklaim-lebih-dekat-ke-kubu-jokowi-maruf,ADVERTISEMENT SCROLL TO CONTINUE WITH CONTENT
Kader Demokrat Merapat Jadi Tolok Ukur Kerja Jokowi di Daerah,"Rabu, 12 Sep 2018 12:40 WIB",https://www.cnnindonesia.com/nasional/20180912120956-32-329567/kader-demokrat-merapat-jadi-tolok-ukur-kerja-jokowi-di-daerah,ADVERTISEMENT SCROLL TO CONTINUE WITH CONTENT
Tim Jokowi Rapat dengan Erick Thohir Bahas Anggaran Kampanye,"Rabu, 12 Sep 2018 12:10 WIB",https://www.cnnindonesia.com/nasional/20180912120051-32-329565/tim-jokowi-rapat-dengan-erick-thohir-bahas-anggaran-kampanye,ADVERTISEMENT SCROLL TO CONTINUE WITH CONTENT
Prabowo-Sandi Bertemu SBY Matangkan Taktik Pilpres Malam Ini,"Rabu, 12 Sep 2018 11:14 WIB",https://www.cnnindonesia.com/nasional/20180912105338-32-329548/prabowo-sandi-bertemu-sby-matangkan-taktik-pilpres-malam-ini,ADVERTISEMENT SCROLL TO CONTINUE WITH CONTENT
Gerindra Sindir PSI 'Partai Nol Koma' dan Cuma Numpang Tenar,"Rabu, 12 Sep 2018 10:16 WIB",https://www.cnnindonesia.com/nasional/20180912100441-32-329528/gerindra-sindir-psi-partai-nol-koma-dan-cuma-numpang-tenar,ADVERTISEMENT SCROLL TO CONTINUE WITH CONTENT
Prabowo Siap Tampung Gatot Nurmantyo Gabung Timses,"Rabu, 12 Sep 2018 08:17 WIB",https://www.cnnindonesia.com/nasional/20180912072024-32-329480/prabowo-siap-tampung-gatot-nurmantyo-gabung-timses,ADVERTISEMENT SCROLL TO CONTINUE WITH CONTENT
Sowan Sandi ke Gusdurian dan Potensi Pecah Suara Nahdliyin,"Rabu, 12 Sep 2018 06:18 WIB",https://www.cnnindonesia.com/nasional/20180911204944-32-329449/sowan-sandi-ke-gusdurian-dan-potensi-pecah-suara-nahdliyin,ADVERTISEMENT SCROLL TO CONTINUE WITH CONTENT
"Sindir Partai Bingung, NasDem Sebut Demokrat Biasa Dua Kaki","Rabu, 12 Sep 2018 05:48 WIB",https://www.cnnindonesia.com/nasional/20180911173446-32-329428/sindir-partai-bingung-nasdem-sebut-demokrat-biasa-dua-kaki,ADVERTISEMENT SCROLL TO CONTINUE WITH CONTENT
Kubu Jokowi Enggan Disebut Rampas Kader Demokrat,"Rabu, 12 Sep 2018 05:35 WIB",https://www.cnnindonesia.com/nasional/20180911192116-32-329440/kubu-jokowi-enggan-disebut-rampas-kader-demokrat,ADVERTISEMENT SCROLL TO CONTINUE WITH CONTENT
Kubu Jokowi Tuduh Prabowo Gagal Kelola Koalisi,"Rabu, 12 Sep 2018 04:57 WIB",https://www.cnnindonesia.com/nasional/20180911232335-32-329458/kubu-jokowi-tuduh-prabowo-gagal-kelola-koalisi,ADVERTISEMENT SCROLL TO CONTINUE WITH CONTENT
Nasdem Tanggapi Santai Tudingan Gerindra Soal 'Stuntman',"Selasa, 11 Sep 2018 23:18 WIB",https://www.cnnindonesia.com/nasional/20180911225409-32-329456/nasdem-tanggapi-santai-tudingan-gerindra-soal-stuntman,ADVERTISEMENT SCROLL TO CONTINUE WITH CONTENT
Prabowo Disebut Tak Mau Paksa Pilihan Politik Kader Demokrat,"Selasa, 11 Sep 2018 21:28 WIB",https://www.cnnindonesia.com/nasional/20180911205411-32-329452/prabowo-disebut-tak-mau-paksa-pilihan-politik-kader-demokrat,ADVERTISEMENT SCROLL TO CONTINUE WITH CONTENT
Koalisi Jokowi Waspadai Safari Politik Prabowo ke Jawa Timur,"Selasa, 11 Sep 2018 19:40 WIB",https://www.cnnindonesia.com/nasional/20180911182714-32-329441/koalisi-jokowi-waspadai-safari-politik-prabowo-ke-jawa-timur,ADVERTISEMENT SCROLL TO CONTINUE WITH CONTENT
Andi Arief Sebut Demokrat Main Dua Kaki atas Perintah SBY,"Selasa, 11 Sep 2018 18:58 WIB",https://www.cnnindonesia.com/nasional/20180911175819-32-329433/andi-arief-sebut-demokrat-main-dua-kaki-atas-perintah-sby,ADVERTISEMENT SCROLL TO CONTINUE WITH CONTENT
SBY akan Pidato Politik di Puncak Perayaan HUT Demokrat,"Selasa, 11 Sep 2018 18:11 WIB",https://www.cnnindonesia.com/nasional/20180911171121-32-329425/sby-akan-pidato-politik-di-puncak-perayaan-hut-demokrat,ADVERTISEMENT SCROLL TO CONTINUE WITH CONTENT
Ma'ruf Amin Dorong Pesantren Jadi Penggerak Ekonomi,"Selasa, 11 Sep 2018 17:51 WIB",https://www.cnnindonesia.com/ekonomi/20180911162302-92-329414/maruf-amin-dorong-pesantren-jadi-penggerak-ekonomi,ADVERTISEMENT SCROLL TO CONTINUE WITH CONTENT
PKB: Pelukan dengan Ma'ruf Tanda Mahfud 'Cooling Down',"Selasa, 11 Sep 2018 16:24 WIB",https://www.cnnindonesia.com/nasional/20180911145303-32-329387/pkb-pelukan-dengan-maruf-tanda-mahfud-cooling-down,ADVERTISEMENT SCROLL TO CONTINUE WITH CONTENT
PAN Tepis Isu Soetrisno Bachir Dukung Jokowi-Ma'ruf,"Selasa, 11 Sep 2018 14:37 WIB",https://www.cnnindonesia.com/nasional/20180911124146-32-329349/pan-tepis-isu-soetrisno-bachir-dukung-jokowi-maruf,ADVERTISEMENT SCROLL TO CONTINUE WITH CONTENT
"Soal Peluang Masuk Timses, Yenny Wahid Mengaku 'Jomblo'","Selasa, 11 Sep 2018 11:29 WIB",https://www.cnnindonesia.com/nasional/20180911105823-32-329326/soal-peluang-masuk-timses-yenny-wahid-mengaku-jomblo,ADVERTISEMENT SCROLL TO CONTINUE WITH CONTENT
PBB Isyaratkan Merapat ke Jokowi pada Pilpres 2019,"Selasa, 11 Sep 2018 10:22 WIB",https://www.cnnindonesia.com/nasional/20180911101425-32-329319/pbb-isyaratkan-merapat-ke-jokowi-pada-pilpres-2019,ADVERTISEMENT SCROLL TO CONTINUE WITH CONTENT
"Politik Dua Kaki, Gerindra Lempar Bola ke Kubu Jokowi-Ma'ruf","Selasa, 11 Sep 2018 09:50 WIB",https://www.cnnindonesia.com/nasional/20180910202320-32-329270/politik-dua-kaki-gerindra-lempar-bola-ke-kubu-jokowi-maruf,ADVERTISEMENT SCROLL TO CONTINUE WITH CONTENT
PBNU Gelar Pleno Bahas Status Ma'ruf Usai Penetapan Cawapres,"Selasa, 11 Sep 2018 08:01 WIB",https://www.cnnindonesia.com/nasional/20180910184511-32-329244/pbnu-gelar-pleno-bahas-status-maruf-usai-penetapan-cawapres,ADVERTISEMENT SCROLL TO CONTINUE WITH CONTENT
"Kubu Prabowo-Sandi Masih Temukan 6,8 Juta DPT Ganda","Selasa, 11 Sep 2018 04:25 WIB",https://www.cnnindonesia.com/nasional/20180910205419-32-329280/kubu-prabowo-sandi-masih-temukan-68-juta-dpt-ganda,ADVERTISEMENT SCROLL TO CONTINUE WITH CONTENT
JK Sebut Jalan Sehat Solo Tak Terkait Gerakan Tagar,"Selasa, 11 Sep 2018 00:50 WIB",https://www.cnnindonesia.com/nasional/20180910191712-32-329256/jk-sebut-jalan-sehat-solo-tak-terkait-gerakan-tagar,ADVERTISEMENT SCROLL TO CONTINUE WITH CONTENT
PKB Sebut Popularitas Sandi Semu Karena Berbohong,"Senin, 10 Sep 2018 22:00 WIB",https://www.cnnindonesia.com/nasional/20180910182130-32-329240/pkb-sebut-popularitas-sandi-semu-karena-berbohong,ADVERTISEMENT SCROLL TO CONTINUE WITH CONTENT
Gerindra Sebut Erick Thohir 'Stuntman' Cawapres Jokowi,"Senin, 10 Sep 2018 20:51 WIB",https://www.cnnindonesia.com/nasional/20180910190044-32-329254/gerindra-sebut-erick-thohir-stuntman-cawapres-jokowi,ADVERTISEMENT SCROLL TO CONTINUE WITH CONTENT
Golkar Senang Demokrat Main 'Dua Kaki' di Pilpres 2019,"Senin, 10 Sep 2018 19:25 WIB",https://www.cnnindonesia.com/nasional/20180910182102-32-329243/golkar-senang-demokrat-main-dua-kaki-di-pilpres-2019,ADVERTISEMENT SCROLL TO CONTINUE WITH CONTENT
JK Sebut Dukungan Kepala Daerah ke Jokowi Diperbolehkan,"Senin, 10 Sep 2018 17:34 WIB",https://www.cnnindonesia.com/nasional/20180910142553-32-329163/jk-sebut-dukungan-kepala-daerah-ke-jokowi-diperbolehkan,ADVERTISEMENT SCROLL TO CONTINUE WITH CONTENT
"Soal Erick Thohir, Raja Juli Minta Fadli Tak Urusi Tim Jokowi","Senin, 10 Sep 2018 15:53 WIB",https://www.cnnindonesia.com/nasional/20180910134242-32-329141/soal-erick-thohir-raja-juli-minta-fadli-tak-urusi-tim-jokowi,ADVERTISEMENT SCROLL TO CONTINUE WITH CONTENT
Deddy Mizwar Diklaim Sudah Terima SK Jadi Jubir Jokowi-Ma'ruf,"Senin, 10 Sep 2018 14:44 WIB",https://www.cnnindonesia.com/nasional/20180910143135-32-329162/deddy-mizwar-diklaim-sudah-terima-sk-jadi-jubir-jokowi-maruf,ADVERTISEMENT SCROLL TO CONTINUE WITH CONTENT
'Bajak' Kepala Daerah dan Upaya Amankan Suara Jokowi,"Senin, 10 Sep 2018 13:21 WIB",https://www.cnnindonesia.com/nasional/20180910124746-32-329125/bajak-kepala-daerah-dan-upaya-amankan-suara-jokowi,ADVERTISEMENT SCROLL TO CONTINUE WITH CONTENT
Demokrat Klaim Prabowo Maklum Kader Lima Daerah Dukung Jokowi,"Minggu, 09 Sep 2018 20:16 WIB",https://www.cnnindonesia.com/nasional/20180909200459-32-328982/demokrat-klaim-prabowo-maklum-kader-lima-daerah-dukung-jokowi,ADVERTISEMENT SCROLL TO CONTINUE WITH CONTENT
"Kader Daerah ke Jokowi, PD Yakin Suara untuk Prabowo Tinggi","Minggu, 09 Sep 2018 18:33 WIB",https://www.cnnindonesia.com/nasional/20180909182311-32-328970/kader-daerah-ke-jokowi-pd-yakin-suara-untuk-prabowo-tinggi,ADVERTISEMENT SCROLL TO CONTINUE WITH CONTENT
Demokrat Tak Beri Sanksi Kader Gubernur Dukung Jokowi,"Minggu, 09 Sep 2018 15:42 WIB",https://www.cnnindonesia.com/nasional/20180909153356-32-328931/demokrat-tak-beri-sanksi-kader-gubernur-dukung-jokowi,ADVERTISEMENT SCROLL TO CONTINUE WITH CONTENT
Ma'ruf Amin Temui Mahathir Mohamad di Malaysia,"Minggu, 09 Sep 2018 11:17 WIB",https://www.cnnindonesia.com/nasional/20180909110706-32-328876/maruf-amin-temui-mahathir-mohamad-di-malaysia,ADVERTISEMENT SCROLL TO CONTINUE WITH CONTENT
Fadli Zon Merasa Tidak Level Balas Komentar Sekjen PSI,"Minggu, 09 Sep 2018 00:20 WIB",https://www.cnnindonesia.com/nasional/20180908212901-32-328836/fadli-zon-merasa-tidak-level-balas-komentar-sekjen-psi,ADVERTISEMENT SCROLL TO CONTINUE WITH CONTENT
Bamsoet Sebut Pelukan Erick Thohir dan Sandiaga Menyejukkan,"Sabtu, 08 Sep 2018 19:23 WIB",https://www.cnnindonesia.com/nasional/20180908190405-20-328819/bamsoet-sebut-pelukan-erick-thohir-dan-sandiaga-menyejukkan,ADVERTISEMENT SCROLL TO CONTINUE WITH CONTENT
PKS Bantah Tudingan Hasto soal Timses Prabowo-Sandiaga,"Sabtu, 08 Sep 2018 18:53 WIB",https://www.cnnindonesia.com/nasional/20180908182809-32-328814/pks-bantah-tudingan-hasto-soal-timses-prabowo-sandiaga,ADVERTISEMENT SCROLL TO CONTINUE WITH CONTENT
KOI Tak Masalah Erick Thohir Jadi Ketua Timses Jokowi-Ma'ruf,"Sabtu, 08 Sep 2018 18:33 WIB",https://www.cnnindonesia.com/olahraga/20180908173040-178-328797/koi-tak-masalah-erick-thohir-jadi-ketua-timses-jokowi-maruf,ADVERTISEMENT SCROLL TO CONTINUE WITH CONTENT
Rachland Tuding Jokowi 'Bajak' Gubernur Banten dan Papua,"Sabtu, 08 Sep 2018 17:37 WIB",https://www.cnnindonesia.com/nasional/20180908172626-32-328796/rachland-tuding-jokowi-bajak-gubernur-banten-dan-papua,ADVERTISEMENT SCROLL TO CONTINUE WITH CONTENT
Cerita Prabowo Tentang Bintang Empat Djoko Santoso,"Sabtu, 08 Sep 2018 15:46 WIB",https://www.cnnindonesia.com/nasional/20180908152528-20-328774/cerita-prabowo-tentang-bintang-empat-djoko-santoso,ADVERTISEMENT SCROLL TO CONTINUE WITH CONTENT
Kubu Jokowi-Ma'ruf Lobi Pakde Karwo Gabung Timses,"Sabtu, 08 Sep 2018 14:04 WIB",https://www.cnnindonesia.com/nasional/20180908134323-32-328763/kubu-jokowi-maruf-lobi-pakde-karwo-gabung-timses,ADVERTISEMENT SCROLL TO CONTINUE WITH CONTENT
Golkar Balas Kritik Fadli Zon soal 'Keahlian' Erick Thohir,"Sabtu, 08 Sep 2018 12:40 WIB",https://www.cnnindonesia.com/nasional/20180908122637-32-328743/golkar-balas-kritik-fadli-zon-soal-keahlian-erick-thohir,ADVERTISEMENT SCROLL TO CONTINUE WITH CONTENT
"Diresmikan, Rumah Aspirasi Jokowi-Ma'ruf Buka 24 Jam","Sabtu, 08 Sep 2018 11:28 WIB",https://www.cnnindonesia.com/nasional/20180908111515-32-328740/diresmikan-rumah-aspirasi-jokowi-maruf-buka-24-jam,ADVERTISEMENT SCROLL TO CONTINUE WITH CONTENT
'Emak-Emak' Dinilai Takkan Dongkrak Elektabilitas Sandiaga,"Sabtu, 08 Sep 2018 08:05 WIB",https://www.cnnindonesia.com/nasional/20180907204507-32-328696/emak-emak-dinilai-takkan-dongkrak-elektabilitas-sandiaga,ADVERTISEMENT SCROLL TO CONTINUE WITH CONTENT
Fadli Zon: Erick Thohir Belum Tentu Ahli di Politik,"Sabtu, 08 Sep 2018 06:08 WIB",https://www.cnnindonesia.com/nasional/20180908025737-32-328722/fadli-zon-erick-thohir-belum-tentu-ahli-di-politik,ADVERTISEMENT SCROLL TO CONTINUE WITH CONTENT
"Jokowi Disarankan Fokus Kerja, Ma'ruf Amin yang Kampanye","Sabtu, 08 Sep 2018 05:22 WIB",https://www.cnnindonesia.com/nasional/20180908005939-32-328717/jokowi-disarankan-fokus-kerja-maruf-amin-yang-kampanye,ADVERTISEMENT SCROLL TO CONTINUE WITH CONTENT
PDIP Sindir Prabowo-Sandiaga Gagal Bentuk Timses,"Sabtu, 08 Sep 2018 05:02 WIB",https://www.cnnindonesia.com/nasional/20180908033220-32-328724/pdip-sindir-prabowo-sandiaga-gagal-bentuk-timses,ADVERTISEMENT SCROLL TO CONTINUE WITH CONTENT
Erick Thohir Jamin Persahabatan dengan Sandi Tak Terganggu,"Jumat, 07 Sep 2018 22:00 WIB",https://www.cnnindonesia.com/nasional/20180907205537-32-328704/erick-thohir-jamin-persahabatan-dengan-sandi-tak-terganggu,ADVERTISEMENT SCROLL TO CONTINUE WITH CONTENT
Pengamat: Sikap Politik Prabowo 'Bendung' Berita Erick Thohir,"Jumat, 07 Sep 2018 21:36 WIB",https://www.cnnindonesia.com/nasional/20180907212920-32-328707/pengamat-sikap-politik-prabowo-bendung-berita-erick-thohir,ADVERTISEMENT SCROLL TO CONTINUE WITH CONTENT
Prabowo: Kami Tak Impor Pemain untuk Ketua Timses,"Jumat, 07 Sep 2018 21:15 WIB",https://www.cnnindonesia.com/nasional/20180907210405-32-328701/prabowo-kami-tak-impor-pemain-untuk-ketua-timses,ADVERTISEMENT SCROLL TO CONTINUE WITH CONTENT
Rupiah Anjlok dan Senjata Melemahkan Elektabilitas Jokowi,"Jumat, 07 Sep 2018 20:43 WIB",https://www.cnnindonesia.com/nasional/20180907182713-32-328653/rupiah-anjlok-dan-senjata-melemahkan-elektabilitas-jokowi,ADVERTISEMENT SCROLL TO CONTINUE WITH CONTENT
"Urus Kampanye Jokowi, Erick Thohir Tak Risau Bisnis Goyah","Jumat, 07 Sep 2018 20:37 WIB",https://www.cnnindonesia.com/nasional/20180907202859-32-328694/urus-kampanye-jokowi-erick-thohir-tak-risau-bisnis-goyah,ADVERTISEMENT SCROLL TO CONTINUE WITH CONTENT
Gerindra Duga Thohir Ditunjuk untuk Saingi Popularitas Sandi,"Jumat, 07 Sep 2018 20:31 WIB",https://www.cnnindonesia.com/nasional/20180907192808-32-328691/gerindra-duga-thohir-ditunjuk-untuk-saingi-popularitas-sandi,ADVERTISEMENT SCROLL TO CONTINUE WITH CONTENT
Prabowo Sebut Urusan Rupiah Lebih Penting Ketimbang Timses,"Jumat, 07 Sep 2018 20:24 WIB",https://www.cnnindonesia.com/nasional/20180907201714-32-328693/prabowo-sebut-urusan-rupiah-lebih-penting-ketimbang-timses,ADVERTISEMENT SCROLL TO CONTINUE WITH CONTENT
Djoko Santoso: Saya Ketua Timses Prabowo-Sandi,"Jumat, 07 Sep 2018 19:48 WIB",https://www.cnnindonesia.com/nasional/20180907193948-32-328683/djoko-santoso-saya-ketua-timses-prabowo-sandi,ADVERTISEMENT SCROLL TO CONTINUE WITH CONTENT
"Rekrut Erick, Jokowi Dianggap Andalkan Strategi Pencitraan","Jumat, 07 Sep 2018 19:44 WIB",https://www.cnnindonesia.com/nasional/20180907192213-32-328680/rekrut-erick-jokowi-dianggap-andalkan-strategi-pencitraan,ADVERTISEMENT SCROLL TO CONTINUE WITH CONTENT
Ma'ruf Amin Minta Umat Islam Hindari Fanatisme,"Jumat, 07 Sep 2018 19:19 WIB",https://www.cnnindonesia.com/nasional/20180907180110-32-328645/maruf-amin-minta-umat-islam-hindari-fanatisme,ADVERTISEMENT SCROLL TO CONTINUE WITH CONTENT
"Jokowi 'Kuasai' Media Mainstream, Gerindra Andalkan Medsos","Jumat, 07 Sep 2018 19:02 WIB",https://www.cnnindonesia.com/nasional/20180907184136-32-328660/jokowi-kuasai-media-mainstream-gerindra-andalkan-medsos,ADVERTISEMENT SCROLL TO CONTINUE WITH CONTENT
Jokowi Akui Sudah Lama 'Ngebet' Rekrut Erick Thohir,"Jumat, 07 Sep 2018 18:56 WIB",https://www.cnnindonesia.com/nasional/20180907182939-32-328657/jokowi-akui-sudah-lama-ngebet-rekrut-erick-thohir,ADVERTISEMENT SCROLL TO CONTINUE WITH CONTENT
Jokowi: Semua yang Dipimpin Erick Thohir Selalu Sukses,"Jumat, 07 Sep 2018 18:27 WIB",https://www.cnnindonesia.com/nasional/20180907180810-32-328646/jokowi-semua-yang-dipimpin-erick-thohir-selalu-sukses,ADVERTISEMENT SCROLL TO CONTINUE WITH CONTENT
Ketum PAN: Koalisi Sepakat Djoko Santoso Ketua Timses Prabowo,"Jumat, 07 Sep 2018 18:16 WIB",https://www.cnnindonesia.com/nasional/20180907174714-32-328640/ketum-pan-koalisi-sepakat-djoko-santoso-ketua-timses-prabowo,ADVERTISEMENT SCROLL TO CONTINUE WITH CONTENT
INFOGRAFIS: Jejak Karier Erick Thohir,"Jumat, 07 Sep 2018 18:09 WIB",https://www.cnnindonesia.com/nasional/20180907163909-35-328571/infografis-jejak-karier-erick-thohir,
Jokowi Umumkan JK Ketua Dewan Pengarah Tim Kampanye,"Jumat, 07 Sep 2018 18:05 WIB",https://www.cnnindonesia.com/nasional/20180907174040-32-328614/jokowi-umumkan-jk-ketua-dewan-pengarah-tim-kampanye,ADVERTISEMENT SCROLL TO CONTINUE WITH CONTENT
"Erick Thohir, dari Asian Games Menuju 'Kemenangan' Jokowi","Jumat, 07 Sep 2018 17:51 WIB",https://www.cnnindonesia.com/nasional/20180907131133-32-328499/erick-thohir-dari-asian-games-menuju-kemenangan-jokowi,ADVERTISEMENT SCROLL TO CONTINUE WITH CONTENT
Jokowi Umumkan Erick Thohir Jadi Ketua Tim Kampanye,"Jumat, 07 Sep 2018 17:40 WIB",https://www.cnnindonesia.com/nasional/20180907143905-32-328520/jokowi-umumkan-erick-thohir-jadi-ketua-tim-kampanye,ADVERTISEMENT SCROLL TO CONTINUE WITH CONTENT
"Maju Pilpres 2019, Jokowi Minta Doa Restu Istri Gus Dur","Jumat, 07 Sep 2018 17:36 WIB",https://www.cnnindonesia.com/nasional/20180907172904-32-328600/maju-pilpres-2019-jokowi-minta-doa-restu-istri-gus-dur,ADVERTISEMENT SCROLL TO CONTINUE WITH CONTENT
Sekjen PKB: JK Turut Hadiri Pengumuman Ketua TKN Jokowi,"Jumat, 07 Sep 2018 17:03 WIB",https://www.cnnindonesia.com/nasional/20180907163306-32-328574/sekjen-pkb-jk-turut-hadiri-pengumuman-ketua-tkn-jokowi,ADVERTISEMENT SCROLL TO CONTINUE WITH CONTENT
"Deklarasi Ketua Timses, Erick Thohir Tiba di Rumah Cemara","Jumat, 07 Sep 2018 16:42 WIB",https://www.cnnindonesia.com/nasional/20180907163426-32-328568/deklarasi-ketua-timses-erick-thohir-tiba-di-rumah-cemara,ADVERTISEMENT SCROLL TO CONTINUE WITH CONTENT
Arifin Ilham Berkelakar soal Poligami Usai Bertemu Ma'ruf,"Jumat, 07 Sep 2018 16:29 WIB",https://www.cnnindonesia.com/nasional/20180907155930-32-328546/arifin-ilham-berkelakar-soal-poligami-usai-bertemu-maruf,ADVERTISEMENT SCROLL TO CONTINUE WITH CONTENT
Demokrat soal Tobat Ganti Tagar: #2019GantiPresiden itu Dosa?,"Jumat, 07 Sep 2018 16:02 WIB",https://www.cnnindonesia.com/nasional/20180907134915-32-328501/demokrat-soal-tobat-ganti-tagar-2019gantipresiden-itu-dosa,ADVERTISEMENT SCROLL TO CONTINUE WITH CONTENT
Ma'ruf Amin Akui Posisi Ketua Timses Mengarah ke Erick Thohir,"Jumat, 07 Sep 2018 15:46 WIB",https://www.cnnindonesia.com/nasional/20180907142527-32-328516/maruf-amin-akui-posisi-ketua-timses-mengarah-ke-erick-thohir,ADVERTISEMENT SCROLL TO CONTINUE WITH CONTENT
PDIP Klaim Ketua Timses Jokowi Punya Pengalaman Internasional,"Jumat, 07 Sep 2018 15:38 WIB",https://www.cnnindonesia.com/nasional/20180907144143-32-328525/pdip-klaim-ketua-timses-jokowi-punya-pengalaman-internasional,ADVERTISEMENT SCROLL TO CONTINUE WITH CONTENT
Jokowi Umumkan Langsung Ketua Timses di Rumah Cemara,"Jumat, 07 Sep 2018 14:41 WIB",https://www.cnnindonesia.com/nasional/20180907142109-32-328517/jokowi-umumkan-langsung-ketua-timses-di-rumah-cemara,ADVERTISEMENT SCROLL TO CONTINUE WITH CONTENT
Ma'ruf Tak Berani Ajak Arifin Ilham Gabung ke Timses Jokowi,"Jumat, 07 Sep 2018 14:28 WIB",https://www.cnnindonesia.com/nasional/20180907141417-32-328513/maruf-tak-berani-ajak-arifin-ilham-gabung-ke-timses-jokowi,ADVERTISEMENT SCROLL TO CONTINUE WITH CONTENT
Gerakan Nasional Prabowo Presiden Dideklarasikan Siang Ini,"Jumat, 07 Sep 2018 13:23 WIB",https://www.cnnindonesia.com/nasional/20180907125102-20-328491/gerakan-nasional-prabowo-presiden-dideklarasikan-siang-ini,ADVERTISEMENT SCROLL TO CONTINUE WITH CONTENT
Ma'ruf Amin Sambangi Arifin Ilham dan Jadi Khotib di Az-Zikra,"Jumat, 07 Sep 2018 13:17 WIB",https://www.cnnindonesia.com/nasional/20180907130305-32-328490/maruf-amin-sambangi-arifin-ilham-dan-jadi-khotib-di-az-zikra,ADVERTISEMENT SCROLL TO CONTINUE WITH CONTENT
Jokowi Diperkirakan Umumkan Ketua Timses di Istana,"Jumat, 07 Sep 2018 11:15 WIB",https://www.cnnindonesia.com/nasional/20180907103305-32-328448/jokowi-diperkirakan-umumkan-ketua-timses-di-istana,ADVERTISEMENT SCROLL TO CONTINUE WITH CONTENT
"Ubah Tagar Gerakan, Pendukung Prabowo Disebut Sudah Tobat","Jumat, 07 Sep 2018 09:44 WIB",https://www.cnnindonesia.com/nasional/20180907063413-32-328373/ubah-tagar-gerakan-pendukung-prabowo-disebut-sudah-tobat,ADVERTISEMENT SCROLL TO CONTINUE WITH CONTENT
Sandiaga Cemaskan Pertemanan Jika Erick Thohir Digaet Jokowi,"Kamis, 06 Sep 2018 22:03 WIB",https://www.cnnindonesia.com/nasional/20180906205559-32-328332/sandiaga-cemaskan-pertemanan-jika-erick-thohir-digaet-jokowi,ADVERTISEMENT SCROLL TO CONTINUE WITH CONTENT
Sandi Buka Peluang untuk Mahfud MD Gabung Timses,"Kamis, 06 Sep 2018 21:18 WIB",https://www.cnnindonesia.com/nasional/20180906204813-32-328335/sandi-buka-peluang-untuk-mahfud-md-gabung-timses,ADVERTISEMENT SCROLL TO CONTINUE WITH CONTENT
"Sejukkan Pilpres, Kubu Jokowi-Prabowo Bakal Bertemu Rutin","Kamis, 06 Sep 2018 19:55 WIB",https://www.cnnindonesia.com/nasional/20180906191529-32-328317/sejukkan-pilpres-kubu-jokowi-prabowo-bakal-bertemu-rutin,ADVERTISEMENT SCROLL TO CONTINUE WITH CONTENT
JK Mengaku Buta Soal Kiprah Erick Tohir di Politik,"Kamis, 06 Sep 2018 19:45 WIB",https://www.cnnindonesia.com/nasional/20180906173024-32-328269/jk-mengaku-buta-soal-kiprah-erick-tohir-di-politik,ADVERTISEMENT SCROLL TO CONTINUE WITH CONTENT
Jokowi Ungkap Ketua Timses Pada Jumat Sore,"Kamis, 06 Sep 2018 19:23 WIB",https://www.cnnindonesia.com/nasional/20180906190501-32-328301/jokowi-ungkap-ketua-timses-pada-jumat-sore,ADVERTISEMENT SCROLL TO CONTINUE WITH CONTENT
"Soal Rumor Nikahi Polwan, Anak Ahok Berharap yang Terbaik","Kamis, 06 Sep 2018 18:28 WIB",https://www.cnnindonesia.com/nasional/20180906174430-20-328278/soal-rumor-nikahi-polwan-anak-ahok-berharap-yang-terbaik,ADVERTISEMENT SCROLL TO CONTINUE WITH CONTENT
Komisi Pengawas Demokrat Akan Bahas Lukas Enembe soal Jokowi,"Kamis, 06 Sep 2018 17:37 WIB",https://www.cnnindonesia.com/nasional/20180906145236-32-328202/komisi-pengawas-demokrat-akan-bahas-lukas-enembe-soal-jokowi,ADVERTISEMENT SCROLL TO CONTINUE WITH CONTENT
Blusukan Ma'ruf Amin dan Strategi Kapitalisasi Suara Santri,"Kamis, 06 Sep 2018 14:09 WIB",https://www.cnnindonesia.com/nasional/20180906111801-32-328117/blusukan-maruf-amin-dan-strategi-kapitalisasi-suara-santri,ADVERTISEMENT SCROLL TO CONTINUE WITH CONTENT
PPP Sebut Erick Tohir Teratas Calon Ketua Timses Jokowi,"Kamis, 06 Sep 2018 12:35 WIB",https://www.cnnindonesia.com/nasional/20180906120149-32-328127/ppp-sebut-erick-tohir-teratas-calon-ketua-timses-jokowi,ADVERTISEMENT SCROLL TO CONTINUE WITH CONTENT
Sandiaga Lebih Percaya Survei Internal Ketimbang LSI Denny JA,"Kamis, 06 Sep 2018 04:57 WIB",https://www.cnnindonesia.com/nasional/20180906034438-32-328030/sandiaga-lebih-percaya-survei-internal-ketimbang-lsi-denny-ja,ADVERTISEMENT SCROLL TO CONTINUE WITH CONTENT
Ganjar Sebut Jateng Lumbung Suara Jokowi-Ma'ruf di Pilpres,"Kamis, 06 Sep 2018 04:44 WIB",https://www.cnnindonesia.com/nasional/20180906031701-32-328028/ganjar-sebut-jateng-lumbung-suara-jokowi-maruf-di-pilpres,ADVERTISEMENT SCROLL TO CONTINUE WITH CONTENT
Prabowo Beri Bantuan Korban Gempa Lombok Tanpa Gubernur TGB,"Kamis, 06 Sep 2018 04:30 WIB",https://www.cnnindonesia.com/nasional/20180905140049-20-327852/prabowo-beri-bantuan-korban-gempa-lombok-tanpa-gubernur-tgb,ADVERTISEMENT SCROLL TO CONTINUE WITH CONTENT
Haedar Nashir Bebaskan Pilihan Warga Muhammadiyah di Pilpres,"Kamis, 06 Sep 2018 04:16 WIB",https://www.cnnindonesia.com/nasional/20180906033230-32-328029/haedar-nashir-bebaskan-pilihan-warga-muhammadiyah-di-pilpres,ADVERTISEMENT SCROLL TO CONTINUE WITH CONTENT
Gubernur Sultra dan Kalbar Dukung Jokowi-Ma'ruf di Pilpres,"Kamis, 06 Sep 2018 04:04 WIB",https://www.cnnindonesia.com/nasional/20180906035913-32-328031/gubernur-sultra-dan-kalbar-dukung-jokowi-maruf-di-pilpres,ADVERTISEMENT SCROLL TO CONTINUE WITH CONTENT
Ma'ruf Amin Minta Kandidat Adu Program Ketimbang Tagar,"Rabu, 05 Sep 2018 22:40 WIB",https://www.cnnindonesia.com/nasional/20180905223509-32-328015/maruf-amin-minta-kandidat-adu-program-ketimbang-tagar,ADVERTISEMENT SCROLL TO CONTINUE WITH CONTENT
Ma'ruf Klaim Kantongi Dukungan Kiai Jawa Timur di Pilpres,"Rabu, 05 Sep 2018 21:31 WIB",https://www.cnnindonesia.com/nasional/20180905204001-32-327995/maruf-klaim-kantongi-dukungan-kiai-jawa-timur-di-pilpres,ADVERTISEMENT SCROLL TO CONTINUE WITH CONTENT
Surya Paloh Sarankan Ma'ruf Amin Fokus Garap Pemilih Jabar,"Rabu, 05 Sep 2018 20:46 WIB",https://www.cnnindonesia.com/nasional/20180905201807-32-327990/surya-paloh-sarankan-maruf-amin-fokus-garap-pemilih-jabar,ADVERTISEMENT SCROLL TO CONTINUE WITH CONTENT
Ganjar: Ganti Presiden Itu Apa Ganti dengan Khilafah?,"Rabu, 05 Sep 2018 20:37 WIB",https://www.cnnindonesia.com/nasional/20180905195908-32-327984/ganjar-ganti-presiden-itu-apa-ganti-dengan-khilafah,ADVERTISEMENT SCROLL TO CONTINUE WITH CONTENT
Ma'ruf Amin Beri Sinyal Erick Tohir Jadi Ketua Timses Jokowi,"Rabu, 05 Sep 2018 20:20 WIB",https://www.cnnindonesia.com/nasional/20180905194153-32-327982/maruf-amin-beri-sinyal-erick-tohir-jadi-ketua-timses-jokowi,ADVERTISEMENT SCROLL TO CONTINUE WITH CONTENT
Ridwan Kamil Janji Akur dengan Deddy Mizwar di Timses Jokowi,"Rabu, 05 Sep 2018 19:57 WIB",https://www.cnnindonesia.com/nasional/20180905193749-32-327978/ridwan-kamil-janji-akur-dengan-deddy-mizwar-di-timses-jokowi,ADVERTISEMENT SCROLL TO CONTINUE WITH CONTENT
"Sambangi Muhammadiyah, Ma'ruf Akui Minta Dukungan di Pilpres","Rabu, 05 Sep 2018 19:30 WIB",https://www.cnnindonesia.com/nasional/20180905191823-32-327963/sambangi-muhammadiyah-maruf-akui-minta-dukungan-di-pilpres,ADVERTISEMENT SCROLL TO CONTINUE WITH CONTENT
LSI: Pendukung Prabowo-Sandiaga Unggul di IG dan Twitter,"Rabu, 05 Sep 2018 19:13 WIB",https://www.cnnindonesia.com/nasional/20180905184300-32-327953/lsi-pendukung-prabowo-sandiaga-unggul-di-ig-dan-twitter,ADVERTISEMENT SCROLL TO CONTINUE WITH CONTENT
Moeldoko Sebut Bos Gojek Berpeluang Jadi Ketua TKN Jokowi,"Rabu, 05 Sep 2018 17:00 WIB",https://www.cnnindonesia.com/nasional/20180905164727-32-327905/moeldoko-sebut-bos-gojek-berpeluang-jadi-ketua-tkn-jokowi,ADVERTISEMENT SCROLL TO CONTINUE WITH CONTENT
"Survei Medsos: Prabowo Favorit Kalangan Kampus, Jokowi SD-SMA","Rabu, 05 Sep 2018 16:43 WIB",https://www.cnnindonesia.com/nasional/20180905154557-32-327895/survei-medsos-prabowo-favorit-kalangan-kampus-jokowi-sd-sma,ADVERTISEMENT SCROLL TO CONTINUE WITH CONTENT
Jokowi Tentukan Ketua Tim Kampanye Akhir Pekan Ini,"Rabu, 05 Sep 2018 16:11 WIB",https://www.cnnindonesia.com/nasional/20180905155819-32-327889/jokowi-tentukan-ketua-tim-kampanye-akhir-pekan-ini,ADVERTISEMENT SCROLL TO CONTINUE WITH CONTENT
Viktor Sebut Tak Perlu Kerja Keras Menangkan Jokowi di NTT,"Rabu, 05 Sep 2018 15:56 WIB",https://www.cnnindonesia.com/nasional/20180905143351-32-327869/viktor-sebut-tak-perlu-kerja-keras-menangkan-jokowi-di-ntt,ADVERTISEMENT SCROLL TO CONTINUE WITH CONTENT
Ma'ruf: Saya Akan Mundur dari Rais Aam PBNU Tapi Bertahap,"Rabu, 05 Sep 2018 14:59 WIB",https://www.cnnindonesia.com/nasional/20180905143254-32-327867/maruf-saya-akan-mundur-dari-rais-aam-pbnu-tapi-bertahap,ADVERTISEMENT SCROLL TO CONTINUE WITH CONTENT
Dahlan Iskan Masuk Bursa Ketua Timses Jokowi di Jatim,"Rabu, 05 Sep 2018 14:11 WIB",https://www.cnnindonesia.com/nasional/20180905133951-32-327843/dahlan-iskan-masuk-bursa-ketua-timses-jokowi-di-jatim,ADVERTISEMENT SCROLL TO CONTINUE WITH CONTENT
Kader Demokrat Lukas Enembe: Jokowi Harga Mati 100 Persen,"Rabu, 05 Sep 2018 13:33 WIB",https://www.cnnindonesia.com/nasional/20180905131359-32-327828/kader-demokrat-lukas-enembe-jokowi-harga-mati-100-persen,ADVERTISEMENT SCROLL TO CONTINUE WITH CONTENT
Viktor Laiskodat Tak Larang #2019GantiPresiden Jika Berizin,"Rabu, 05 Sep 2018 13:28 WIB",https://www.cnnindonesia.com/nasional/20180905131509-32-327824/viktor-laiskodat-tak-larang-2019gantipresiden-jika-berizin,ADVERTISEMENT SCROLL TO CONTINUE WITH CONTENT
Jokowi Disebut Akan Andalkan Demiz dan Ridwan Kamil di Jabar,"Rabu, 05 Sep 2018 03:50 WIB",https://www.cnnindonesia.com/nasional/20180904202534-32-327683/jokowi-disebut-akan-andalkan-demiz-dan-ridwan-kamil-di-jabar,ADVERTISEMENT SCROLL TO CONTINUE WITH CONTENT
Mendagri Klaim Pidato Kapuspen Bukan Kampanye Terselubung,"Rabu, 05 Sep 2018 03:14 WIB",https://www.cnnindonesia.com/nasional/20180904142947-32-327512/mendagri-klaim-pidato-kapuspen-bukan-kampanye-terselubung,ADVERTISEMENT SCROLL TO CONTINUE WITH CONTENT
Dewan Pakar Klaim Tak Ada Perpecahan Golkar Terkait Pilpres,"Rabu, 05 Sep 2018 01:10 WIB",https://www.cnnindonesia.com/nasional/20180904191114-32-327664/dewan-pakar-klaim-tak-ada-perpecahan-golkar-terkait-pilpres,ADVERTISEMENT SCROLL TO CONTINUE WITH CONTENT
Timses Jokowi-Ma'ruf Akan Buka Rumah Aspirasi Tampung Relawan,"Rabu, 05 Sep 2018 00:55 WIB",https://www.cnnindonesia.com/nasional/20180905004838-32-327728/timses-jokowi-maruf-akan-buka-rumah-aspirasi-tampung-relawan,ADVERTISEMENT SCROLL TO CONTINUE WITH CONTENT
"Soal 25 Juta DPS Ganda, KPU Diminta Tak Segera Tetapkan DPT","Selasa, 04 Sep 2018 20:22 WIB",https://www.cnnindonesia.com/nasional/20180904164115-32-327575/soal-25-juta-dps-ganda-kpu-diminta-tak-segera-tetapkan-dpt,ADVERTISEMENT SCROLL TO CONTINUE WITH CONTENT
Pengamat: Larangan Ceramah Abdul Somad Bisa Rugikan Jokowi,"Selasa, 04 Sep 2018 19:17 WIB",https://www.cnnindonesia.com/nasional/20180904185022-32-327644/pengamat-larangan-ceramah-abdul-somad-bisa-rugikan-jokowi,ADVERTISEMENT SCROLL TO CONTINUE WITH CONTENT
Andi Arief Ungkap Strategi Agar Prabowo Bisa Kalahkan Jokowi,"Selasa, 04 Sep 2018 18:03 WIB",https://www.cnnindonesia.com/nasional/20180904141805-32-327507/andi-arief-ungkap-strategi-agar-prabowo-bisa-kalahkan-jokowi,ADVERTISEMENT SCROLL TO CONTINUE WITH CONTENT
Kader Demokrat Pendukung Jokowi Terancam Sanksi Berat,"Selasa, 04 Sep 2018 14:26 WIB",https://www.cnnindonesia.com/nasional/20180904132454-32-327487/kader-demokrat-pendukung-jokowi-terancam-sanksi-berat,ADVERTISEMENT SCROLL TO CONTINUE WITH CONTENT
Abdul Somad Dijadwalkan Ikut Prosesi Adat Riau untuk Sandiaga,"Selasa, 04 Sep 2018 09:44 WIB",https://www.cnnindonesia.com/nasional/20180904084059-20-327373/abdul-somad-dijadwalkan-ikut-prosesi-adat-riau-untuk-sandiaga,ADVERTISEMENT SCROLL TO CONTINUE WITH CONTENT
Ma'ruf: Pada Saatnya Saya Umumkan Mundur dari Rais Aam NU,"Selasa, 04 Sep 2018 08:12 WIB",https://www.cnnindonesia.com/nasional/20180904074549-32-327364/maruf-pada-saatnya-saya-umumkan-mundur-dari-rais-aam-nu,ADVERTISEMENT SCROLL TO CONTINUE WITH CONTENT
Bawaslu Peringatkan Kapuspen Kemendagri Agar Tidak Berpolitik,"Selasa, 04 Sep 2018 05:09 WIB",https://www.cnnindonesia.com/nasional/20180903211511-20-327327/bawaslu-peringatkan-kapuspen-kemendagri-agar-tidak-berpolitik,ADVERTISEMENT SCROLL TO CONTINUE WITH CONTENT
Teten Minta Timses Jokowi Tak Ganggu Elektabilitas Pemerintah,"Selasa, 04 Sep 2018 04:41 WIB",https://www.cnnindonesia.com/nasional/20180904042132-32-327350/teten-minta-timses-jokowi-tak-ganggu-elektabilitas-pemerintah,ADVERTISEMENT SCROLL TO CONTINUE WITH CONTENT
"Serang Jokowi, Prabowo-Sandi Diminta Keluarkan Data Konkret","Selasa, 04 Sep 2018 03:13 WIB",https://www.cnnindonesia.com/nasional/20180904025934-32-327345/serang-jokowi-prabowo-sandi-diminta-keluarkan-data-konkret,ADVERTISEMENT SCROLL TO CONTINUE WITH CONTENT
Ma'ruf Amin Diklaim Akan Rebut Suara di Provinsi Basis Muslim,"Selasa, 04 Sep 2018 02:32 WIB",https://www.cnnindonesia.com/nasional/20180904022512-32-327343/maruf-amin-diklaim-akan-rebut-suara-di-provinsi-basis-muslim,ADVERTISEMENT SCROLL TO CONTINUE WITH CONTENT
Ketua Timses Jokowi Diminta Bisa Bergaul dengan Milenial,"Selasa, 04 Sep 2018 01:20 WIB",https://www.cnnindonesia.com/nasional/20180904011326-32-327340/ketua-timses-jokowi-diminta-bisa-bergaul-dengan-milenial,ADVERTISEMENT SCROLL TO CONTINUE WITH CONTENT
Survei: Mayoritas Responden Tolak Aksi #2019GantiPresiden,"Selasa, 04 Sep 2018 00:58 WIB",https://www.cnnindonesia.com/nasional/20180904004921-32-327339/survei-mayoritas-responden-tolak-aksi-2019gantipresiden,ADVERTISEMENT SCROLL TO CONTINUE WITH CONTENT
"Undang Zulhas Malam-malam, Prabowo Matangkan Tim Pemenangan","Selasa, 04 Sep 2018 00:29 WIB",https://www.cnnindonesia.com/nasional/20180904001713-32-327338/undang-zulhas-malam-malam-prabowo-matangkan-tim-pemenangan,ADVERTISEMENT SCROLL TO CONTINUE WITH CONTENT
Survei Y-Publica: Jokowi-Ma'ruf Ungguli Jauh Prabowo-Sandi,"Senin, 03 Sep 2018 22:22 WIB",https://www.cnnindonesia.com/nasional/20180903185856-32-327283/survei-y-publica-jokowi-maruf-ungguli-jauh-prabowo-sandi,ADVERTISEMENT SCROLL TO CONTINUE WITH CONTENT
PPP Akan Ucapkan Selamat ke Roy Suryo Bila Gelar Piala Dunia,"Senin, 03 Sep 2018 21:51 WIB",https://www.cnnindonesia.com/nasional/20180903213216-20-327333/ppp-akan-ucapkan-selamat-ke-roy-suryo-bila-gelar-piala-dunia,ADVERTISEMENT SCROLL TO CONTINUE WITH CONTENT
"Ali Mochtar Ngabalin, Duri dalam Daging Jokowi-Ma'ruf","Senin, 03 Sep 2018 18:42 WIB",https://www.cnnindonesia.com/nasional/20180903155621-32-327227/ali-mochtar-ngabalin-duri-dalam-daging-jokowi-maruf,ADVERTISEMENT SCROLL TO CONTINUE WITH CONTENT
Ma'ruf Amin Pamit Mundur sebagai Rais Aam di Ponpes Lirboyo,"Senin, 03 Sep 2018 17:07 WIB",https://www.cnnindonesia.com/nasional/20180903165558-32-327248/maruf-amin-pamit-mundur-sebagai-rais-aam-di-ponpes-lirboyo,ADVERTISEMENT SCROLL TO CONTINUE WITH CONTENT
Irma NasDem Minta Roy Suryo Hafalkan Lagu Indonesia Raya,"Senin, 03 Sep 2018 16:47 WIB",https://www.cnnindonesia.com/nasional/20180903162418-32-327244/irma-nasdem-minta-roy-suryo-hafalkan-lagu-indonesia-raya,ADVERTISEMENT SCROLL TO CONTINUE WITH CONTENT
MUI: Perang Tagar soal Ganti Presiden Bisa Timbulkan Konflik,"Senin, 03 Sep 2018 14:02 WIB",https://www.cnnindonesia.com/nasional/20180903135037-20-327167/mui-perang-tagar-soal-ganti-presiden-bisa-timbulkan-konflik,ADVERTISEMENT SCROLL TO CONTINUE WITH CONTENT
Zulhas Tanggapi Ma'ruf: Lahan Sudah Habis Dikapling 32 Tahun,"Senin, 03 Sep 2018 12:08 WIB",https://www.cnnindonesia.com/nasional/20180903112721-32-327093/zulhas-tanggapi-maruf-lahan-sudah-habis-dikapling-32-tahun,ADVERTISEMENT SCROLL TO CONTINUE WITH CONTENT
Wapres JK Tutup Pembekalan Caleg NasDem,"Senin, 03 Sep 2018 10:51 WIB",https://www.cnnindonesia.com/nasional/20180903104753-32-327072/wapres-jk-tutup-pembekalan-caleg-nasdem,ADVERTISEMENT SCROLL TO CONTINUE WITH CONTENT
FPI Minta Logo dan Rizieq Tak Dicatut untuk Dukungan Capres,"Senin, 03 Sep 2018 09:46 WIB",https://www.cnnindonesia.com/nasional/20180903092038-32-327045/fpi-minta-logo-dan-rizieq-tak-dicatut-untuk-dukungan-capres,ADVERTISEMENT SCROLL TO CONTINUE WITH CONTENT
Perang Kata-kata dan Pelukan 'Damai' Jokowi-Prabowo,"Senin, 03 Sep 2018 07:46 WIB",https://www.cnnindonesia.com/nasional/20180903070429-33-327022/perang-kata-kata-dan-pelukan-damai-jokowi-prabowo,ADVERTISEMENT SCROLL TO CONTINUE WITH CONTENT
Ma'ruf Amin Ungkap Sebab Sistem Khilafah Ditolak di Indonesia,"Senin, 03 Sep 2018 06:26 WIB",https://www.cnnindonesia.com/nasional/20180902162951-20-326964/maruf-amin-ungkap-sebab-sistem-khilafah-ditolak-di-indonesia,ADVERTISEMENT SCROLL TO CONTINUE WITH CONTENT
Ma'ruf Amin Merasa Lebih Muda Kalau Dibandingkan Mahathir,"Minggu, 02 Sep 2018 18:05 WIB",https://www.cnnindonesia.com/nasional/20180902145629-32-326938/maruf-amin-merasa-lebih-muda-kalau-dibandingkan-mahathir,ADVERTISEMENT SCROLL TO CONTINUE WITH CONTENT
Ma'ruf Amin Singgung Masalah Tanah Sebelum Era Jokowi,"Minggu, 02 Sep 2018 16:45 WIB",https://www.cnnindonesia.com/nasional/20180902164209-32-326965/maruf-amin-singgung-masalah-tanah-sebelum-era-jokowi,ADVERTISEMENT SCROLL TO CONTINUE WITH CONTENT
Surya Paloh Klaim NasDem Dapat Efek dari Dukungan ke Jokowi,"Minggu, 02 Sep 2018 15:10 WIB",https://www.cnnindonesia.com/nasional/20180902145702-32-326936/surya-paloh-klaim-nasdem-dapat-efek-dari-dukungan-ke-jokowi,ADVERTISEMENT SCROLL TO CONTINUE WITH CONTENT
Ketua Tim Kampanye Jokowi-Ma'ruf Diumumkan Pekan Depan,"Minggu, 02 Sep 2018 13:56 WIB",https://www.cnnindonesia.com/nasional/20180902135226-32-326913/ketua-tim-kampanye-jokowi-maruf-diumumkan-pekan-depan,ADVERTISEMENT SCROLL TO CONTINUE WITH CONTENT
Deddy Mizwar Bakal Ungkap Dukungan Pilpres saat HUT Demokrat,"Minggu, 02 Sep 2018 02:49 WIB",https://www.cnnindonesia.com/nasional/20180901175013-32-326824/deddy-mizwar-bakal-ungkap-dukungan-pilpres-saat-hut-demokrat,ADVERTISEMENT SCROLL TO CONTINUE WITH CONTENT
Paloh Ucapkan Selamat Ferry Mursyidan Gabung Prabowo-Sandi,"Minggu, 02 Sep 2018 00:57 WIB",https://www.cnnindonesia.com/nasional/20180902004209-32-326855/paloh-ucapkan-selamat-ferry-mursyidan-gabung-prabowo-sandi,ADVERTISEMENT SCROLL TO CONTINUE WITH CONTENT
Jokowi Yakin NasDem Habis-habisan Menangkan Pilpres 2019,"Sabtu, 01 Sep 2018 23:04 WIB",https://www.cnnindonesia.com/nasional/20180901224856-32-326849/jokowi-yakin-nasdem-habis-habisan-menangkan-pilpres-2019,ADVERTISEMENT SCROLL TO CONTINUE WITH CONTENT
Ma'ruf Bantu Jokowi Rancang Strategi Bangun Landasan Ekonomi,"Sabtu, 01 Sep 2018 21:25 WIB",https://www.cnnindonesia.com/nasional/20180901165054-32-326809/maruf-bantu-jokowi-rancang-strategi-bangun-landasan-ekonomi,ADVERTISEMENT SCROLL TO CONTINUE WITH CONTENT
Ma'ruf Amin Yakin Bisa Raup Suara Santri Milenial,"Sabtu, 01 Sep 2018 19:52 WIB",https://www.cnnindonesia.com/nasional/20180901160337-32-326788/maruf-amin-yakin-bisa-raup-suara-santri-milenial,ADVERTISEMENT SCROLL TO CONTINUE WITH CONTENT
Deddy Mizwar Bakal Tempel Ma'ruf Amin Selama Pilpres 2019,"Sabtu, 01 Sep 2018 17:33 WIB",https://www.cnnindonesia.com/nasional/20180901153601-32-326791/deddy-mizwar-bakal-tempel-maruf-amin-selama-pilpres-2019,ADVERTISEMENT SCROLL TO CONTINUE WITH CONTENT
Ma'ruf Harap Jokowi Bisa Tuntaskan Konflik Ideologi,"Sabtu, 01 Sep 2018 14:26 WIB",https://www.cnnindonesia.com/nasional/20180901141145-32-326775/maruf-harap-jokowi-bisa-tuntaskan-konflik-ideologi,ADVERTISEMENT SCROLL TO CONTINUE WITH CONTENT
Megawati Cerita Soal Guyon 17 Plus di Tim BPIP,"Sabtu, 01 Sep 2018 11:58 WIB",https://www.cnnindonesia.com/nasional/20180901112042-20-326741/megawati-cerita-soal-guyon-17-plus-di-tim-bpip,ADVERTISEMENT SCROLL TO CONTINUE WITH CONTENT
"Hadir di Rakornas, Ma'ruf Amin Tak Bahas Ketua Tim Kampanye","Sabtu, 01 Sep 2018 11:13 WIB",https://www.cnnindonesia.com/nasional/20180901105241-20-326734/hadir-di-rakornas-maruf-amin-tak-bahas-ketua-tim-kampanye,ADVERTISEMENT SCROLL TO CONTINUE WITH CONTENT
"Enggan Mendebat Kiai Ma'ruf, Sandiaga Pilih Urun Rembuk","Sabtu, 01 Sep 2018 05:50 WIB",https://www.cnnindonesia.com/nasional/20180831221632-32-326695/enggan-mendebat-kiai-maruf-sandiaga-pilih-urun-rembuk,ADVERTISEMENT SCROLL TO CONTINUE WITH CONTENT
Ratusan Pelajar Afghanistan Belajar Agama Islam di Pesantren,"Sabtu, 01 Sep 2018 04:38 WIB",https://www.cnnindonesia.com/nasional/20180831222357-20-326697/ratusan-pelajar-afghanistan-belajar-agama-islam-di-pesantren,ADVERTISEMENT SCROLL TO CONTINUE WITH CONTENT
Puan Klaim Menteri Jadi Timses Tak Selewengkan Kekuasaan,"Sabtu, 01 Sep 2018 03:33 WIB",https://www.cnnindonesia.com/nasional/20180831220212-32-326694/puan-klaim-menteri-jadi-timses-tak-selewengkan-kekuasaan,ADVERTISEMENT SCROLL TO CONTINUE WITH CONTENT
"Soal Demiz, Ruhut Sindir Andi Arief Kekanak-kanakan","Jumat, 31 Agu 2018 22:30 WIB",https://www.cnnindonesia.com/nasional/20180831211627-32-326682/soal-demiz-ruhut-sindir-andi-arief-kekanak-kanakan,ADVERTISEMENT SCROLL TO CONTINUE WITH CONTENT
"Ruhut Sindir PKS: Ganti Presiden, Ganti Fahri Saja Tak Mampu","Jumat, 31 Agu 2018 21:24 WIB",https://www.cnnindonesia.com/nasional/20180831211745-32-326683/ruhut-sindir-pks-ganti-presiden-ganti-fahri-saja-tak-mampu,ADVERTISEMENT SCROLL TO CONTINUE WITH CONTENT
Sandi Ingin 'Efek Teletubbies' Jokowi-Prabowo Menulari Pemilu,"Jumat, 31 Agu 2018 19:38 WIB",https://www.cnnindonesia.com/nasional/20180831185438-32-326639/sandi-ingin-efek-teletubbies-jokowi-prabowo-menulari-pemilu,ADVERTISEMENT SCROLL TO CONTINUE WITH CONTENT
Ma'ruf Sebut Zamzam Berlabel #2019GantiPresiden Berlebihan,"Jumat, 31 Agu 2018 19:20 WIB",https://www.cnnindonesia.com/nasional/20180831191302-32-326655/maruf-sebut-zamzam-berlabel-2019gantipresiden-berlebihan,ADVERTISEMENT SCROLL TO CONTINUE WITH CONTENT
"Jika Gabung ke Timses Jokowi, Yusuf Mansur Bisa Pilih Jabatan","Jumat, 31 Agu 2018 18:55 WIB",https://www.cnnindonesia.com/nasional/20180831181549-32-326626/jika-gabung-ke-timses-jokowi-yusuf-mansur-bisa-pilih-jabatan,ADVERTISEMENT SCROLL TO CONTINUE WITH CONTENT
Yusuf Mansur soal Jadi Timses: Enak di Tengah,"Jumat, 31 Agu 2018 17:27 WIB",https://www.cnnindonesia.com/nasional/20180831163514-32-326597/yusuf-mansur-soal-jadi-timses-enak-di-tengah,ADVERTISEMENT SCROLL TO CONTINUE WITH CONTENT
"Sempat Klaim, Ma'ruf Amin Akui Yusuf Mansur Tak Masuk Tim","Jumat, 31 Agu 2018 15:36 WIB",https://www.cnnindonesia.com/nasional/20180831152334-12-326561/sempat-klaim-maruf-amin-akui-yusuf-mansur-tak-masuk-tim,ADVERTISEMENT SCROLL TO CONTINUE WITH CONTENT
"Pertaruhan Demiz dan Ferry Berebut 32,6 Juta Suara Jabar","Jumat, 31 Agu 2018 14:06 WIB",https://www.cnnindonesia.com/nasional/20180831095215-32-326499/pertaruhan-demiz-dan-ferry-berebut-326-juta-suara-jabar,ADVERTISEMENT SCROLL TO CONTINUE WITH CONTENT
Menu Gudeg Jadi Perekat Keakraban Sandiaga dan Yusuf Mansur,"Jumat, 31 Agu 2018 13:48 WIB",https://www.cnnindonesia.com/nasional/20180831133616-32-326506/menu-gudeg-jadi-perekat-keakraban-sandiaga-dan-yusuf-mansur,ADVERTISEMENT SCROLL TO CONTINUE WITH CONTENT
Saling Bajak Politikus 'Kutu Loncat' untuk Tim Sukses Capres,"Jumat, 31 Agu 2018 08:18 WIB",https://www.cnnindonesia.com/nasional/20180831071347-32-326398/saling-bajak-politikus-kutu-loncat-untuk-tim-sukses-capres,ADVERTISEMENT SCROLL TO CONTINUE WITH CONTENT
"Erick, Najwa, dan Wishnutama di Pusaran Isu Ketua Tim Jokowi","Jumat, 31 Agu 2018 07:46 WIB",https://www.cnnindonesia.com/nasional/20180830191305-32-326307/erick-najwa-dan-wishnutama-di-pusaran-isu-ketua-tim-jokowi,ADVERTISEMENT SCROLL TO CONTINUE WITH CONTENT
Menilik Keseimbangan Poros Jokowi-Maruf dan Prabowo-Sandi,"Jumat, 31 Agu 2018 05:43 WIB",https://www.cnnindonesia.com/nasional/20180830142406-32-326174/menilik-keseimbangan-poros-jokowi-maruf-dan-prabowo-sandi,ADVERTISEMENT SCROLL TO CONTINUE WITH CONTENT
Tim Jokowi-Ma'ruf Sebut Deddy Mizwar Sudah Setuju Jadi Jubir,"Jumat, 31 Agu 2018 05:22 WIB",https://www.cnnindonesia.com/nasional/20180831022405-32-326371/tim-jokowi-maruf-sebut-deddy-mizwar-sudah-setuju-jadi-jubir,ADVERTISEMENT SCROLL TO CONTINUE WITH CONTENT
Ma'ruf Amin Pastikan Yusuf Mansur Ikut Bergabung di Timses,"Jumat, 31 Agu 2018 04:54 WIB",https://www.cnnindonesia.com/nasional/20180831031804-32-326373/maruf-amin-pastikan-yusuf-mansur-ikut-bergabung-di-timses,ADVERTISEMENT SCROLL TO CONTINUE WITH CONTENT
Sudirman Said Lapor ke Prabowo soal 'Pengamanan' Suara Jateng,"Jumat, 31 Agu 2018 04:12 WIB",https://www.cnnindonesia.com/nasional/20180830193652-32-326311/sudirman-said-lapor-ke-prabowo-soal-pengamanan-suara-jateng,ADVERTISEMENT SCROLL TO CONTINUE WITH CONTENT
Gerindra Sebut Djoko Santoso Resmi Ketua Tim Prabowo-Sandi,"Jumat, 31 Agu 2018 03:48 WIB",https://www.cnnindonesia.com/nasional/20180831034315-32-326374/gerindra-sebut-djoko-santoso-resmi-ketua-tim-prabowo-sandi,ADVERTISEMENT SCROLL TO CONTINUE WITH CONTENT
Puan Hormati Keputusan Ferry Mursyidan Dukung Prabowo-Sandi,"Jumat, 31 Agu 2018 03:40 WIB",https://www.cnnindonesia.com/nasional/20180830200750-32-326340/puan-hormati-keputusan-ferry-mursyidan-dukung-prabowo-sandi,ADVERTISEMENT SCROLL TO CONTINUE WITH CONTENT
"Bentuk Tim Alpha, Relawan Jokowi Targetkan 10 Juta Suara","Kamis, 30 Agu 2018 22:20 WIB",https://www.cnnindonesia.com/nasional/20180830202048-32-326343/bentuk-tim-alpha-relawan-jokowi-targetkan-10-juta-suara,ADVERTISEMENT SCROLL TO CONTINUE WITH CONTENT
"Jabar-NTB 'Dibajak', Prabowo-Sandi Incar Suara Jateng-Jatim","Kamis, 30 Agu 2018 21:58 WIB",https://www.cnnindonesia.com/nasional/20180830140226-32-326169/jabar-ntb-dibajak-prabowo-sandi-incar-suara-jateng-jatim,ADVERTISEMENT SCROLL TO CONTINUE WITH CONTENT
PBNU Bahas Pengganti Ma'ruf Usai Penetapan Capres-Cawapres,"Kamis, 30 Agu 2018 21:42 WIB",https://www.cnnindonesia.com/nasional/20180830213109-32-326360/pbnu-bahas-pengganti-maruf-usai-penetapan-capres-cawapres,ADVERTISEMENT SCROLL TO CONTINUE WITH CONTENT
Ma'ruf Amin Tegaskan Tak Bertemu Rizieq di Mekkah,"Kamis, 30 Agu 2018 21:00 WIB",https://www.cnnindonesia.com/nasional/20180830205334-32-326353/maruf-amin-tegaskan-tak-bertemu-rizieq-di-mekkah,ADVERTISEMENT SCROLL TO CONTINUE WITH CONTENT
"Sambangi Ma'ruf, Yusuf Mansyur Klaim Masih Netral di Pilpres","Kamis, 30 Agu 2018 20:04 WIB",https://www.cnnindonesia.com/nasional/20180830172027-32-326244/sambangi-maruf-yusuf-mansyur-klaim-masih-netral-di-pilpres,ADVERTISEMENT SCROLL TO CONTINUE WITH CONTENT
Tim Jokowi-Ma'ruf Terima Saran Evaluasi Bahaya Mulut Ngabalin,"Kamis, 30 Agu 2018 19:37 WIB",https://www.cnnindonesia.com/nasional/20180830160114-32-326228/tim-jokowi-maruf-terima-saran-evaluasi-bahaya-mulut-ngabalin,ADVERTISEMENT SCROLL TO CONTINUE WITH CONTENT
Deddy Mizwar soal Jubir Jokowi: Tunggu Tanggal 21 September,"Kamis, 30 Agu 2018 18:53 WIB",https://www.cnnindonesia.com/nasional/20180830184316-32-326296/deddy-mizwar-soal-jubir-jokowi-tunggu-tanggal-21-september,ADVERTISEMENT SCROLL TO CONTINUE WITH CONTENT
Puan: Erick Tohir dan Najwa Bisa Jadi Ketua Tim Jokowi,"Kamis, 30 Agu 2018 18:24 WIB",https://www.cnnindonesia.com/nasional/20180830180412-32-326285/puan-erick-tohir-dan-najwa-bisa-jadi-ketua-tim-jokowi,ADVERTISEMENT SCROLL TO CONTINUE WITH CONTENT
Demokrat Jabar Pastikan Deddy Mizwar Tak Jadi Timses Jokowi,"Kamis, 30 Agu 2018 18:08 WIB",https://www.cnnindonesia.com/nasional/20180830175840-32-326268/demokrat-jabar-pastikan-deddy-mizwar-tak-jadi-timses-jokowi,ADVERTISEMENT SCROLL TO CONTINUE WITH CONTENT
Dewan Pertimbangan Imbau Mar'uf Tak Bawa-bawa MUI di Kampanye,"Kamis, 30 Agu 2018 17:37 WIB",https://www.cnnindonesia.com/nasional/20180830171818-32-326249/dewan-pertimbangan-imbau-maruf-tak-bawa-bawa-mui-di-kampanye,ADVERTISEMENT SCROLL TO CONTINUE WITH CONTENT
Ferry Mursyidan Baldan Ungkap Alasan Gabung Tim Prabowo-Sandi,"Kamis, 30 Agu 2018 17:21 WIB",https://www.cnnindonesia.com/nasional/20180830170306-32-326240/ferry-mursyidan-baldan-ungkap-alasan-gabung-tim-prabowo-sandi,ADVERTISEMENT SCROLL TO CONTINUE WITH CONTENT
"Membelot ke Prabowo, Nasdem Sebut Ferry Mursyidan Bukan Kader","Kamis, 30 Agu 2018 16:59 WIB",https://www.cnnindonesia.com/nasional/20180830145323-32-326180/membelot-ke-prabowo-nasdem-sebut-ferry-mursyidan-bukan-kader,ADVERTISEMENT SCROLL TO CONTINUE WITH CONTENT
Erick Thohir Diklaim Bakal Jual Seluruh Saham di Inter Milan,"Kamis, 30 Agu 2018 15:35 WIB",https://www.cnnindonesia.com/olahraga/20180830151616-142-326199/erick-thohir-diklaim-bakal-jual-seluruh-saham-di-inter-milan,ADVERTISEMENT SCROLL TO CONTINUE WITH CONTENT
Hasto: PDIP Tak Berpengalaman Bajak Kader Partai Lain,"Kamis, 30 Agu 2018 14:34 WIB",https://www.cnnindonesia.com/nasional/20180830142115-32-326165/hasto-pdip-tak-berpengalaman-bajak-kader-partai-lain,ADVERTISEMENT SCROLL TO CONTINUE WITH CONTENT
"Fadli Zon: Saling 'Tinju' Biasa, Tapi Ada Aturan Main","Kamis, 30 Agu 2018 13:35 WIB",https://www.cnnindonesia.com/nasional/20180830124451-32-326145/fadli-zon-saling-tinju-biasa-tapi-ada-aturan-main,ADVERTISEMENT SCROLL TO CONTINUE WITH CONTENT
Andi Arief Minta Megawati 'Tertibkan' Hasto Kristiyanto,"Kamis, 30 Agu 2018 10:11 WIB",https://www.cnnindonesia.com/nasional/20180830094712-32-326078/andi-arief-minta-megawati-tertibkan-hasto-kristiyanto,ADVERTISEMENT SCROLL TO CONTINUE WITH CONTENT
"Gatot Nurmantyo: Rakyat Terkotak-kotak, Ini Lampu Kuning","Kamis, 30 Agu 2018 08:08 WIB",https://www.cnnindonesia.com/nasional/20180830074130-32-326062/gatot-nurmantyo-rakyat-terkotak-kotak-ini-lampu-kuning,ADVERTISEMENT SCROLL TO CONTINUE WITH CONTENT
Din Syamsuddin Sebut Didekati Istana Buat Jadi Timses Jokowi,"Kamis, 30 Agu 2018 05:11 WIB",https://www.cnnindonesia.com/nasional/20180829190836-32-325968/din-syamsuddin-sebut-didekati-istana-buat-jadi-timses-jokowi,ADVERTISEMENT SCROLL TO CONTINUE WITH CONTENT
"Masuk Timses Jokowi, Deddy Mizwar Harus Siap Dicap Oportunis","Kamis, 30 Agu 2018 03:41 WIB",https://www.cnnindonesia.com/nasional/20180829173910-32-325934/masuk-timses-jokowi-deddy-mizwar-harus-siap-dicap-oportunis,ADVERTISEMENT SCROLL TO CONTINUE WITH CONTENT
Akbar Tandjung: Golkar Tak Pikirkan Alih Dukungan,"Kamis, 30 Agu 2018 03:01 WIB",https://www.cnnindonesia.com/nasional/20180829213122-32-326025/akbar-tandjung-golkar-tak-pikirkan-alih-dukungan,ADVERTISEMENT SCROLL TO CONTINUE WITH CONTENT
Erick Thohir Dianggap Dapat Menjangkau Suara Milenial,"Kamis, 30 Agu 2018 02:31 WIB",https://www.cnnindonesia.com/nasional/20180830012642-32-326048/erick-thohir-dianggap-dapat-menjangkau-suara-milenial,ADVERTISEMENT SCROLL TO CONTINUE WITH CONTENT
MUI Sarankan Ma'ruf Amin Mundur Jika Terpilih dalam Pilpres,"Rabu, 29 Agu 2018 23:57 WIB",https://www.cnnindonesia.com/nasional/20180829192908-32-325972/mui-sarankan-maruf-amin-mundur-jika-terpilih-dalam-pilpres,ADVERTISEMENT SCROLL TO CONTINUE WITH CONTENT
Panasea Demiz untuk Jadi Kemenangan Jokowi di Jabar,"Rabu, 29 Agu 2018 22:24 WIB",https://www.cnnindonesia.com/nasional/20180829182800-32-325956/panasea-demiz-untuk-jadi-kemenangan-jokowi-di-jabar,ADVERTISEMENT SCROLL TO CONTINUE WITH CONTENT
PDIP: Momen Jokowi-Prabowo Berpelukan Buat Sejuk Politik,"Rabu, 29 Agu 2018 20:52 WIB",https://www.cnnindonesia.com/nasional/20180829202107-32-326009/pdip-momen-jokowi-prabowo-berpelukan-buat-sejuk-politik,ADVERTISEMENT SCROLL TO CONTINUE WITH CONTENT
"Mar'uf Amin Nonaktif, Dua Wakil Ketum Jadi Ketua Harian MUI","Rabu, 29 Agu 2018 18:32 WIB",https://www.cnnindonesia.com/nasional/20180829182120-32-325955/maruf-amin-nonaktif-dua-wakil-ketum-jadi-ketua-harian-mui,ADVERTISEMENT SCROLL TO CONTINUE WITH CONTENT
Ruhut Sitompul: Demokrat Setengah Hati Dukung Prabowo-Sandi,"Rabu, 29 Agu 2018 18:07 WIB",https://www.cnnindonesia.com/nasional/20180829165609-32-325914/ruhut-sitompul-demokrat-setengah-hati-dukung-prabowo-sandi,ADVERTISEMENT SCROLL TO CONTINUE WITH CONTENT
Koalisi Jokowi Sebut Demiz Jadi Jubir untuk Tenangkan Pilpres,"Rabu, 29 Agu 2018 14:33 WIB",https://www.cnnindonesia.com/nasional/20180829125956-32-325800/koalisi-jokowi-sebut-demiz-jadi-jubir-untuk-tenangkan-pilpres,ADVERTISEMENT SCROLL TO CONTINUE WITH CONTENT
Oso Setuju Erick Thohir Jadi Ketua Timses Jokowi-Ma'ruf,"Rabu, 29 Agu 2018 13:41 WIB",https://www.cnnindonesia.com/nasional/20180829133326-32-325804/oso-setuju-erick-thohir-jadi-ketua-timses-jokowi-maruf,ADVERTISEMENT SCROLL TO CONTINUE WITH CONTENT
Demokrat Klaim Sukarwo Tidak Bakal Ikuti Langkah Deddy Mizwar,"Rabu, 29 Agu 2018 12:32 WIB",https://www.cnnindonesia.com/nasional/20180829112218-32-325764/demokrat-klaim-sukarwo-tidak-bakal-ikuti-langkah-deddy-mizwar,ADVERTISEMENT SCROLL TO CONTINUE WITH CONTENT
Pilpres 2019 dan Upaya Menggaet Swing Voters,"Rabu, 29 Agu 2018 08:55 WIB",https://www.cnnindonesia.com/nasional/20180828135039-32-325523/pilpres-2019-dan-upaya-menggaet-swing-voters,ADVERTISEMENT SCROLL TO CONTINUE WITH CONTENT
"Gerindra: Kita Fokus Ekonomi, Rezim Malah Bangkitkan Sentimen","Rabu, 29 Agu 2018 06:51 WIB",https://www.cnnindonesia.com/nasional/20180828194049-32-325647/gerindra-kita-fokus-ekonomi-rezim-malah-bangkitkan-sentimen,ADVERTISEMENT SCROLL TO CONTINUE WITH CONTENT
Gerindra Hormati Ma'ruf Amin Nonaktif Sebagai Ketua MUI,"Rabu, 29 Agu 2018 04:43 WIB",https://www.cnnindonesia.com/nasional/20180828202313-32-325662/gerindra-hormati-maruf-amin-nonaktif-sebagai-ketua-mui,ADVERTISEMENT SCROLL TO CONTINUE WITH CONTENT
JK Sebut Gerakan #2019GantiPresiden Bagian dari Kampanye,"Rabu, 29 Agu 2018 04:10 WIB",https://www.cnnindonesia.com/nasional/20180828161337-32-325543/jk-sebut-gerakan-2019gantipresiden-bagian-dari-kampanye,ADVERTISEMENT SCROLL TO CONTINUE WITH CONTENT
Tim Kampanye Jokowi Sebut 'Ganti Presiden' Produk Impor,"Rabu, 29 Agu 2018 03:39 WIB",https://www.cnnindonesia.com/nasional/20180829025211-32-325705/tim-kampanye-jokowi-sebut-ganti-presiden-produk-impor,ADVERTISEMENT SCROLL TO CONTINUE WITH CONTENT
Gerindra Tak Persoalkan Deddy Mizwar Jadi Jubir Jokowi-Ma'ruf,"Rabu, 29 Agu 2018 03:06 WIB",https://www.cnnindonesia.com/nasional/20180828184612-32-325619/gerindra-tak-persoalkan-deddy-mizwar-jadi-jubir-jokowi-maruf,ADVERTISEMENT SCROLL TO CONTINUE WITH CONTENT
Bamsoet Sambut Baik Deddy Mizwar Jadi Timses Jokowi,"Rabu, 29 Agu 2018 01:10 WIB",https://www.cnnindonesia.com/nasional/20180828173901-32-325586/bamsoet-sambut-baik-deddy-mizwar-jadi-timses-jokowi,ADVERTISEMENT SCROLL TO CONTINUE WITH CONTENT
JK Klaim Golkar Tak Pecah Soal Dukungan Jokowi-Ma'ruf,"Selasa, 28 Agu 2018 20:55 WIB",https://www.cnnindonesia.com/nasional/20180828203541-32-325665/jk-klaim-golkar-tak-pecah-soal-dukungan-jokowi-maruf,ADVERTISEMENT SCROLL TO CONTINUE WITH CONTENT
"Demiz ke Jokowi, Gerindra Yakin Prabowo Tetap Unggul di Jabar","Selasa, 28 Agu 2018 20:45 WIB",https://www.cnnindonesia.com/nasional/20180828200733-32-325656/demiz-ke-jokowi-gerindra-yakin-prabowo-tetap-unggul-di-jabar,ADVERTISEMENT SCROLL TO CONTINUE WITH CONTENT
Pembubaran #2019GantiPresiden Dinilai Blunder untuk Jokowi,"Selasa, 28 Agu 2018 19:35 WIB",https://www.cnnindonesia.com/nasional/20180828185434-32-325623/pembubaran-2019gantipresiden-dinilai-blunder-untuk-jokowi,ADVERTISEMENT SCROLL TO CONTINUE WITH CONTENT
Ma'ruf Amin Nonaktif dari Jabatan Ketum MUI,"Selasa, 28 Agu 2018 19:27 WIB",https://www.cnnindonesia.com/nasional/20180828190904-32-325627/maruf-amin-nonaktif-dari-jabatan-ketum-mui,ADVERTISEMENT SCROLL TO CONTINUE WITH CONTENT
"Jadi Jubir Jokowi-Ma'ruf, Demokrat Evaluasi Posisi Demiz","Selasa, 28 Agu 2018 16:27 WIB",https://www.cnnindonesia.com/nasional/20180828161707-32-325545/jadi-jubir-jokowi-maruf-demokrat-evaluasi-posisi-demiz,ADVERTISEMENT SCROLL TO CONTINUE WITH CONTENT
Deddy Mizwar Minta Restu Jadi Jubir Tim Kampanye Jokowi,"Selasa, 28 Agu 2018 14:15 WIB",https://www.cnnindonesia.com/nasional/20180828140658-32-325490/deddy-mizwar-minta-restu-jadi-jubir-tim-kampanye-jokowi,ADVERTISEMENT SCROLL TO CONTINUE WITH CONTENT
Mobil Harga Ratusan Hingga Miliaran Cawapres Ma'ruf Amin,"Selasa, 28 Agu 2018 14:13 WIB",https://www.cnnindonesia.com/otomotif/20180828131233-579-325472/mobil-harga-ratusan-hingga-miliaran-cawapres-maruf-amin,ADVERTISEMENT SCROLL TO CONTINUE WITH CONTENT ADVERTISEMENT SCROLL TO CONTINUE WITH CONTENT
Deddy Mizwar Jadi Jubir Tim Kampanye Jokowi,"Selasa, 28 Agu 2018 13:27 WIB",https://www.cnnindonesia.com/nasional/20180828131944-32-325474/deddy-mizwar-jadi-jubir-tim-kampanye-jokowi,ADVERTISEMENT SCROLL TO CONTINUE WITH CONTENT
Ma'ruf Amin Hanya Titip Salam ke Rizieq Shihab saat di Mekah,"Selasa, 28 Agu 2018 11:04 WIB",https://www.cnnindonesia.com/nasional/20180828101855-32-325414/maruf-amin-hanya-titip-salam-ke-rizieq-shihab-saat-di-mekah,ADVERTISEMENT SCROLL TO CONTINUE WITH CONTENT
"Jokowi, Neno Warisman dan Bara #2019GantiPresiden","Selasa, 28 Agu 2018 09:52 WIB",https://www.cnnindonesia.com/nasional/20180827230935-33-325356/jokowi-neno-warisman-dan-bara-2019gantipresiden,ADVERTISEMENT SCROLL TO CONTINUE WITH CONTENT
Golkar Sebut Sikap Irma ke Ical Ganggu Soliditas Koalisi,"Selasa, 28 Agu 2018 07:16 WIB",https://www.cnnindonesia.com/nasional/20180828063239-32-325378/golkar-sebut-sikap-irma-ke-ical-ganggu-soliditas-koalisi,ADVERTISEMENT SCROLL TO CONTINUE WITH CONTENT
Golkar Jamin Tidak Main Dua Kaki di Pilpres 2019,"Selasa, 28 Agu 2018 05:20 WIB",https://www.cnnindonesia.com/nasional/20180828021456-32-325363/golkar-jamin-tidak-main-dua-kaki-di-pilpres-2019,ADVERTISEMENT SCROLL TO CONTINUE WITH CONTENT
Ma'ruf Amin Doakan Indonesia Tetap Utuh Jelang Pemilu 2019,"Selasa, 28 Agu 2018 00:17 WIB",https://www.cnnindonesia.com/nasional/20180828000505-20-325358/maruf-amin-doakan-indonesia-tetap-utuh-jelang-pemilu-2019,ADVERTISEMENT SCROLL TO CONTINUE WITH CONTENT
"Pulang Haji, Ma'ruf disambut Santri dan Relawan Lintas Agama","Senin, 27 Agu 2018 22:59 WIB",https://www.cnnindonesia.com/nasional/20180827225325-20-325355/pulang-haji-maruf-disambut-santri-dan-relawan-lintas-agama,ADVERTISEMENT SCROLL TO CONTINUE WITH CONTENT
PDIP Sebut Wajar Masyarakat Tolak Gerakan #2019GantiPresiden,"Senin, 27 Agu 2018 22:13 WIB",https://www.cnnindonesia.com/nasional/20180827183502-32-325303/pdip-sebut-wajar-masyarakat-tolak-gerakan-2019gantipresiden,ADVERTISEMENT SCROLL TO CONTINUE WITH CONTENT
"Airlangga: Fadel Calon DPD, Tidak Bisa Lagi Bicara Golkar","Senin, 27 Agu 2018 21:52 WIB",https://www.cnnindonesia.com/nasional/20180827213424-32-325341/airlangga-fadel-calon-dpd-tidak-bisa-lagi-bicara-golkar,ADVERTISEMENT SCROLL TO CONTINUE WITH CONTENT
Timses Jokowi Sesalkan Pengadangan Aksi #2019GantiPresiden,"Senin, 27 Agu 2018 20:54 WIB",https://www.cnnindonesia.com/nasional/20180827201418-32-325329/timses-jokowi-sesalkan-pengadangan-aksi-2019gantipresiden,ADVERTISEMENT SCROLL TO CONTINUE WITH CONTENT
Bus Anti-Hoax Relawan Jokowi Akan Blusukan ke Kampung Jabar,"Senin, 27 Agu 2018 20:25 WIB",https://www.cnnindonesia.com/nasional/20180827171248-20-325273/bus-anti-hoax-relawan-jokowi-akan-blusukan-ke-kampung-jabar,ADVERTISEMENT SCROLL TO CONTINUE WITH CONTENT
Mensos Agus Serahkan Nasib Posisi Bendahara Timses ke Jokowi,"Senin, 27 Agu 2018 19:48 WIB",https://www.cnnindonesia.com/nasional/20180827173420-32-325277/mensos-agus-serahkan-nasib-posisi-bendahara-timses-ke-jokowi,ADVERTISEMENT SCROLL TO CONTINUE WITH CONTENT
'#2019GantiPresiden dan #Jokowi2Periode Kebebasan Ekspresi',"Senin, 27 Agu 2018 18:50 WIB",https://www.cnnindonesia.com/nasional/20180827171125-32-325270/2019gantipresiden-dan-jokowi2periode-kebebasan-ekspresi,ADVERTISEMENT SCROLL TO CONTINUE WITH CONTENT
GP Ansor Tak Beri Instruksi Banser untuk Demo Ahmad Dhani,"Minggu, 26 Agu 2018 23:18 WIB",https://www.cnnindonesia.com/nasional/20180826230742-20-325082/gp-ansor-tak-beri-instruksi-banser-untuk-demo-ahmad-dhani,ADVERTISEMENT SCROLL TO CONTINUE WITH CONTENT
Perindo Sebut Ketua Timses Jokowi Harus Berjiwa Muda,"Minggu, 26 Agu 2018 17:39 WIB",https://www.cnnindonesia.com/nasional/20180826164308-32-325054/perindo-sebut-ketua-timses-jokowi-harus-berjiwa-muda,ADVERTISEMENT SCROLL TO CONTINUE WITH CONTENT
"Ada Pendukung Fanatik, Pilpres 2019 Diperkirakan Ulangi 2014","Minggu, 26 Agu 2018 16:32 WIB",https://www.cnnindonesia.com/nasional/20180826162416-32-325050/ada-pendukung-fanatik-pilpres-2019-diperkirakan-ulangi-2014,ADVERTISEMENT SCROLL TO CONTINUE WITH CONTENT
Airlangga Diminta Pilih Posisi Menteri atau Timses Jokowi,"Minggu, 26 Agu 2018 08:50 WIB",https://www.cnnindonesia.com/nasional/20180825212951-32-324941/airlangga-diminta-pilih-posisi-menteri-atau-timses-jokowi,ADVERTISEMENT SCROLL TO CONTINUE WITH CONTENT
Anggota Muda Partai Golkar Bantah Isu Perpecahan Internal,"Minggu, 26 Agu 2018 01:49 WIB",https://www.cnnindonesia.com/nasional/20180825160259-32-324892/anggota-muda-partai-golkar-bantah-isu-perpecahan-internal,ADVERTISEMENT SCROLL TO CONTINUE WITH CONTENT
Ahokers Melebur Jadi Jokowers di Pilpres 2019,"Sabtu, 25 Agu 2018 22:02 WIB",https://www.cnnindonesia.com/nasional/20180825173322-32-324916/ahokers-melebur-jadi-jokowers-di-pilpres-2019,ADVERTISEMENT SCROLL TO CONTINUE WITH CONTENT
Timses Jokowi Bakal Pengaruhi Non-Muslim dan Ahokers,"Sabtu, 25 Agu 2018 20:57 WIB",https://www.cnnindonesia.com/nasional/20180825183039-32-324920/timses-jokowi-bakal-pengaruhi-non-muslim-dan-ahokers,ADVERTISEMENT SCROLL TO CONTINUE WITH CONTENT
Koalisi Jokowi Terancam Pincang Usai Idrus Tersandung Kasus,"Sabtu, 25 Agu 2018 20:35 WIB",https://www.cnnindonesia.com/nasional/20180825200955-32-324932/koalisi-jokowi-terancam-pincang-usai-idrus-tersandung-kasus,ADVERTISEMENT SCROLL TO CONTINUE WITH CONTENT
"Lantik Agus Gumiwang, Jokowi Diduga Incar Suara di Jabar","Sabtu, 25 Agu 2018 19:12 WIB",https://www.cnnindonesia.com/nasional/20180825163824-32-324896/lantik-agus-gumiwang-jokowi-diduga-incar-suara-di-jabar,ADVERTISEMENT SCROLL TO CONTINUE WITH CONTENT
Gatot Nurmantyo di Persimpangan Koalisi Jokowi dan Prabowo,"Sabtu, 25 Agu 2018 18:48 WIB",https://www.cnnindonesia.com/nasional/20180825181017-32-324919/gatot-nurmantyo-di-persimpangan-koalisi-jokowi-dan-prabowo,ADVERTISEMENT SCROLL TO CONTINUE WITH CONTENT
"Batal Golput, Ahokers Dukung Jokowi-Ma'ruf karena Urgensi","Sabtu, 25 Agu 2018 18:06 WIB",https://www.cnnindonesia.com/nasional/20180825164607-32-324898/batal-golput-ahokers-dukung-jokowi-maruf-karena-urgensi,ADVERTISEMENT SCROLL TO CONTINUE WITH CONTENT
Jokowi Buka Peluang Tim Kampanye Bakal Dipimpin Anak Muda,"Sabtu, 25 Agu 2018 12:15 WIB",https://www.cnnindonesia.com/nasional/20180825120855-20-324857/jokowi-buka-peluang-tim-kampanye-bakal-dipimpin-anak-muda,ADVERTISEMENT SCROLL TO CONTINUE WITH CONTENT
"Idrus Kena Kasus, Golkar Klaim Solid Dukung Jokowi di Pilpres","Sabtu, 25 Agu 2018 01:15 WIB",https://www.cnnindonesia.com/nasional/20180824200358-32-324792/idrus-kena-kasus-golkar-klaim-solid-dukung-jokowi-di-pilpres,ADVERTISEMENT SCROLL TO CONTINUE WITH CONTENT
"Jadi Mensos Baru, Agus Gumiwang Andalkan PKH Tekan Kemiskinan","Jumat, 24 Agu 2018 23:55 WIB",https://www.cnnindonesia.com/nasional/20180824235045-20-324811/jadi-mensos-baru-agus-gumiwang-andalkan-pkh-tekan-kemiskinan,ADVERTISEMENT SCROLL TO CONTINUE WITH CONTENT
Eggi Sudjana Berharap Hasil Ijtimak II Tetap Dukung Prabowo,"Jumat, 24 Agu 2018 21:28 WIB",https://www.cnnindonesia.com/nasional/20180824202131-32-324790/eggi-sudjana-berharap-hasil-ijtimak-ii-tetap-dukung-prabowo,ADVERTISEMENT SCROLL TO CONTINUE WITH CONTENT
LSI Turut Survei Pemilih Muslim Berdasar Frekuensi Salat,"Jumat, 24 Agu 2018 21:20 WIB",https://www.cnnindonesia.com/nasional/20180824210031-32-324802/lsi-turut-survei-pemilih-muslim-berdasar-frekuensi-salat,ADVERTISEMENT SCROLL TO CONTINUE WITH CONTENT
Eggi Sudjana Minta Lembaga Survei LSI Denny JA Tutup Warung,"Jumat, 24 Agu 2018 19:56 WIB",https://www.cnnindonesia.com/nasional/20180824194405-32-324782/eggi-sudjana-minta-lembaga-survei-lsi-denny-ja-tutup-warung,ADVERTISEMENT SCROLL TO CONTINUE WITH CONTENT
Timses Jokowi Buka Pintu Lebar untuk Gatot Nurmantyo,"Jumat, 24 Agu 2018 19:42 WIB",https://www.cnnindonesia.com/nasional/20180824190652-32-324770/timses-jokowi-buka-pintu-lebar-untuk-gatot-nurmantyo,ADVERTISEMENT SCROLL TO CONTINUE WITH CONTENT
"Jokowi Ajak TNI/Polri, Parpol Koalisi Berdalih Tekan Hoaks","Jumat, 24 Agu 2018 19:26 WIB",https://www.cnnindonesia.com/nasional/20180824182446-32-324761/jokowi-ajak-tni-polri-parpol-koalisi-berdalih-tekan-hoaks,ADVERTISEMENT SCROLL TO CONTINUE WITH CONTENT
Hasto Jamin Citra Jokowi Tak Tercoreng Kasus Idrus Marham,"Jumat, 24 Agu 2018 18:30 WIB",https://www.cnnindonesia.com/nasional/20180824151938-32-324688/hasto-jamin-citra-jokowi-tak-tercoreng-kasus-idrus-marham,ADVERTISEMENT SCROLL TO CONTINUE WITH CONTENT
"LSI: Jokowi Unggul di NU dan Muhammadiyah, Prabowo di PA 212","Jumat, 24 Agu 2018 17:09 WIB",https://www.cnnindonesia.com/nasional/20180824163905-32-324720/lsi-jokowi-unggul-di-nu-dan-muhammadiyah-prabowo-di-pa-212,ADVERTISEMENT SCROLL TO CONTINUE WITH CONTENT
Eks Kadispenau Ditunjuk Gantikan Pemred Inews di Tim Jokowi,"Jumat, 24 Agu 2018 16:11 WIB",https://www.cnnindonesia.com/nasional/20180824160404-32-324697/eks-kadispenau-ditunjuk-gantikan-pemred-inews-di-tim-jokowi,ADVERTISEMENT SCROLL TO CONTINUE WITH CONTENT
Gerindra: Prabowo-Sandi Pantas Belajar 'Ngaji' ke Kiai Ma'ruf,"Jumat, 24 Agu 2018 14:24 WIB",https://www.cnnindonesia.com/nasional/20180824141756-32-324642/gerindra-prabowo-sandi-pantas-belajar-ngaji-ke-kiai-maruf,ADVERTISEMENT SCROLL TO CONTINUE WITH CONTENT
Agus Gumiwang Ditunjuk Gantikan Idrus Jabat Menteri Sosial,"Jumat, 24 Agu 2018 13:50 WIB",https://www.cnnindonesia.com/nasional/20180824134216-20-324627/agus-gumiwang-ditunjuk-gantikan-idrus-jabat-menteri-sosial,ADVERTISEMENT SCROLL TO CONTINUE WITH CONTENT
Alumni 212: Tantangan Ngaji ke Prabowo Mirip Lomba 17-an,"Jumat, 24 Agu 2018 11:31 WIB",https://www.cnnindonesia.com/nasional/20180824110249-32-324568/alumni-212-tantangan-ngaji-ke-prabowo-mirip-lomba-17-an,ADVERTISEMENT SCROLL TO CONTINUE WITH CONTENT
Koalisi Jokowi Tantang Prabowo-Sandi Lomba Ngaji,"Jumat, 24 Agu 2018 08:28 WIB",https://www.cnnindonesia.com/nasional/20180824081516-32-324522/koalisi-jokowi-tantang-prabowo-sandi-lomba-ngaji,ADVERTISEMENT SCROLL TO CONTINUE WITH CONTENT
Romy Klaim Mahfud MD Minta Kasus Gagal Cawapres Ditutup,"Jumat, 24 Agu 2018 05:39 WIB",https://www.cnnindonesia.com/nasional/20180823201340-32-324472/romy-klaim-mahfud-md-minta-kasus-gagal-cawapres-ditutup,ADVERTISEMENT SCROLL TO CONTINUE WITH CONTENT
PAN Klaim Gatot Belum Tentukan Dukungan,"Jumat, 24 Agu 2018 05:17 WIB",https://www.cnnindonesia.com/nasional/20180824050446-32-324510/pan-klaim-gatot-belum-tentukan-dukungan,ADVERTISEMENT SCROLL TO CONTINUE WITH CONTENT
"Super Jokowi Deklarasi, Isu Harga Pangan Jadi Bahasan","Jumat, 24 Agu 2018 05:10 WIB",https://www.cnnindonesia.com/nasional/20180823202319-32-324470/super-jokowi-deklarasi-isu-harga-pangan-jadi-bahasan,ADVERTISEMENT SCROLL TO CONTINUE WITH CONTENT
Gerindra: Fadli Zon dan Ma'ruf Tak Bahas Pilpres 2019 di Mina,"Kamis, 23 Agu 2018 22:54 WIB",https://www.cnnindonesia.com/nasional/20180823214246-32-324488/gerindra-fadli-zon-dan-maruf-tak-bahas-pilpres-2019-di-mina,ADVERTISEMENT SCROLL TO CONTINUE WITH CONTENT
Amien Rais Bongkar Skenario Anies Cawapres Prabowo,"Kamis, 23 Agu 2018 22:13 WIB",https://www.cnnindonesia.com/nasional/20180823215337-32-324489/amien-rais-bongkar-skenario-anies-cawapres-prabowo,ADVERTISEMENT SCROLL TO CONTINUE WITH CONTENT
Gerindra Buka Pintu untuk Kader Golkar Merapat Dukung Prabowo,"Kamis, 23 Agu 2018 21:42 WIB",https://www.cnnindonesia.com/nasional/20180823213401-32-324482/gerindra-buka-pintu-untuk-kader-golkar-merapat-dukung-prabowo,ADVERTISEMENT SCROLL TO CONTINUE WITH CONTENT
JK Hanya Sebulan Sekali Jadi Dewan Pengarah Tim Jokowi,"Kamis, 23 Agu 2018 20:34 WIB",https://www.cnnindonesia.com/nasional/20180823200205-32-324464/jk-hanya-sebulan-sekali-jadi-dewan-pengarah-tim-jokowi,ADVERTISEMENT SCROLL TO CONTINUE WITH CONTENT
Romahurmuziy Sebut Gatot Dipertimbangkan Masuk Timses Jokowi,"Kamis, 23 Agu 2018 20:28 WIB",https://www.cnnindonesia.com/nasional/20180823192404-32-324442/romahurmuziy-sebut-gatot-dipertimbangkan-masuk-timses-jokowi,ADVERTISEMENT SCROLL TO CONTINUE WITH CONTENT
Golkar Dirundung Friksi Usai Jokowi Pilih Ma'ruf Amin,"Kamis, 23 Agu 2018 19:49 WIB",https://www.cnnindonesia.com/nasional/20180823185408-32-324438/golkar-dirundung-friksi-usai-jokowi-pilih-maruf-amin,ADVERTISEMENT SCROLL TO CONTINUE WITH CONTENT
Kapitra Pastikan Tak Ada Pertemuan Ma'ruf Amin-Rizieq Shihab,"Kamis, 23 Agu 2018 19:40 WIB",https://www.cnnindonesia.com/nasional/20180823191633-32-324440/kapitra-pastikan-tak-ada-pertemuan-maruf-amin-rizieq-shihab,ADVERTISEMENT SCROLL TO CONTINUE WITH CONTENT
Fadli Zon dan Fahri Bertemu Ma'ruf Amin Usai Lempar Jumrah,"Kamis, 23 Agu 2018 18:58 WIB",https://www.cnnindonesia.com/nasional/20180823184305-20-324430/fadli-zon-dan-fahri-bertemu-maruf-amin-usai-lempar-jumrah,ADVERTISEMENT SCROLL TO CONTINUE WITH CONTENT
Gatot dan Moeldoko Tak Dibahas Jadi Ketua Timses Jokowi,"Kamis, 23 Agu 2018 18:21 WIB",https://www.cnnindonesia.com/nasional/20180823175511-32-324418/gatot-dan-moeldoko-tak-dibahas-jadi-ketua-timses-jokowi,ADVERTISEMENT SCROLL TO CONTINUE WITH CONTENT
Sandiaga Sebut Koalisi Setuju Djoko Santoso Ketua Timses,"Kamis, 23 Agu 2018 15:10 WIB",https://www.cnnindonesia.com/nasional/20180823142919-32-324348/sandiaga-sebut-koalisi-setuju-djoko-santoso-ketua-timses,ADVERTISEMENT SCROLL TO CONTINUE WITH CONTENT
Moeldoko Sambut Baik Rencana Relawan Gatot Dukung Jokowi,"Kamis, 23 Agu 2018 14:32 WIB",https://www.cnnindonesia.com/nasional/20180823140727-32-324332/moeldoko-sambut-baik-rencana-relawan-gatot-dukung-jokowi,ADVERTISEMENT SCROLL TO CONTINUE WITH CONTENT
Gatot Nurmantyo Disebut Berpeluang Jadi Ketua Timses Jokowi,"Kamis, 23 Agu 2018 12:54 WIB",https://www.cnnindonesia.com/nasional/20180823124811-32-324311/gatot-nurmantyo-disebut-berpeluang-jadi-ketua-timses-jokowi,ADVERTISEMENT SCROLL TO CONTINUE WITH CONTENT
Jokowi Belum Terima Surat Permintaan Pertemuan dari Sandi,"Kamis, 23 Agu 2018 11:44 WIB",https://www.cnnindonesia.com/nasional/20180823104248-32-324272/jokowi-belum-terima-surat-permintaan-pertemuan-dari-sandi,ADVERTISEMENT SCROLL TO CONTINUE WITH CONTENT
Posisi Dilematis PDIP Rengkuh Simpati Rizieq di Pemilu 2019,"Kamis, 23 Agu 2018 09:23 WIB",https://www.cnnindonesia.com/nasional/20180823072640-32-324231/posisi-dilematis-pdip-rengkuh-simpati-rizieq-di-pemilu-2019,ADVERTISEMENT SCROLL TO CONTINUE WITH CONTENT
Relawan Gatot Nurmantyo Terbelah di Pilpres 2019,"Kamis, 23 Agu 2018 08:30 WIB",https://www.cnnindonesia.com/nasional/20180823080906-32-324237/relawan-gatot-nurmantyo-terbelah-di-pilpres-2019,ADVERTISEMENT SCROLL TO CONTINUE WITH CONTENT
"HUT ke-20, PAN Hanya Undang Prabowo-Sandiaga dan Koalisi","Rabu, 22 Agu 2018 18:09 WIB",https://www.cnnindonesia.com/nasional/20180822173622-32-324191/hut-ke-20-pan-hanya-undang-prabowo-sandiaga-dan-koalisi,ADVERTISEMENT SCROLL TO CONTINUE WITH CONTENT
Jokowi soal Ketua Tim Pemenangan: Santai Sajalah,"Rabu, 22 Agu 2018 10:55 WIB",https://www.cnnindonesia.com/nasional/20180822101202-32-324102/jokowi-soal-ketua-tim-pemenangan-santai-sajalah,ADVERTISEMENT SCROLL TO CONTINUE WITH CONTENT
Demokrat Yakin Dugaan Mahar Tak Pengaruhi Koalisi Prabowo,"Rabu, 22 Agu 2018 05:02 WIB",https://www.cnnindonesia.com/nasional/20180821204620-32-324043/demokrat-yakin-dugaan-mahar-tak-pengaruhi-koalisi-prabowo,ADVERTISEMENT SCROLL TO CONTINUE WITH CONTENT
PPP Jelaskan Alasan Menteri Ikut Tim Kampanye Jokowi,"Selasa, 21 Agu 2018 20:20 WIB",https://www.cnnindonesia.com/nasional/20180821191833-32-324027/ppp-jelaskan-alasan-menteri-ikut-tim-kampanye-jokowi,ADVERTISEMENT SCROLL TO CONTINUE WITH CONTENT
Sandi Kaget Elektabilitasnya dengan Prabowo Meningkat Tajam,"Selasa, 21 Agu 2018 18:56 WIB",https://www.cnnindonesia.com/nasional/20180821180821-20-324009/sandi-kaget-elektabilitasnya-dengan-prabowo-meningkat-tajam,ADVERTISEMENT SCROLL TO CONTINUE WITH CONTENT
"LSI: Ma'ruf Gerus Tren Suara Jokowi, Sandi Dongkrak Prabowo","Selasa, 21 Agu 2018 16:39 WIB",https://www.cnnindonesia.com/nasional/20180821154741-32-323956/lsi-maruf-gerus-tren-suara-jokowi-sandi-dongkrak-prabowo,ADVERTISEMENT SCROLL TO CONTINUE WITH CONTENT
LSI: Jokowi-Ma'ruf Ungguli Prabowo-Sandiaga di Pemilih Muslim,"Selasa, 21 Agu 2018 15:45 WIB",https://www.cnnindonesia.com/nasional/20180821151333-32-323948/lsi-jokowi-maruf-ungguli-prabowo-sandiaga-di-pemilih-muslim,ADVERTISEMENT SCROLL TO CONTINUE WITH CONTENT
Menteri Jadi Timses Hanya Boleh Cuti 1 Hari Dalam Sepekan,"Selasa, 21 Agu 2018 14:36 WIB",https://www.cnnindonesia.com/nasional/20180821134637-32-323891/menteri-jadi-timses-hanya-boleh-cuti-1-hari-dalam-sepekan,ADVERTISEMENT SCROLL TO CONTINUE WITH CONTENT
"Jokowi, Pancasila dan Politik Identitas di Pilpres  2019","Selasa, 21 Agu 2018 14:27 WIB",https://www.cnnindonesia.com/nasional/20180816091133-20-322677/jokowi-pancasila-dan-politik-identitas-di-pilpres-2019,ADVERTISEMENT SCROLL TO CONTINUE WITH CONTENT
PKS Sarankan Mahfud MD Mundur dari BPIP untuk Gabung Prabowo,"Selasa, 21 Agu 2018 14:20 WIB",https://www.cnnindonesia.com/nasional/20180821135945-32-323893/pks-sarankan-mahfud-md-mundur-dari-bpip-untuk-gabung-prabowo,ADVERTISEMENT SCROLL TO CONTINUE WITH CONTENT
Sri Mulyani soal Timses: Saya Fokus Kelola Keuangan Negara,"Selasa, 21 Agu 2018 12:54 WIB",https://www.cnnindonesia.com/nasional/20180821124005-32-323866/sri-mulyani-soal-timses-saya-fokus-kelola-keuangan-negara,ADVERTISEMENT SCROLL TO CONTINUE WITH CONTENT
"Belum Pasti Dapat Kursi Wagub DKI, PKS Akui Banyak Dijanjikan","Selasa, 21 Agu 2018 12:26 WIB",https://www.cnnindonesia.com/nasional/20180821112905-32-323850/belum-pasti-dapat-kursi-wagub-dki-pks-akui-banyak-dijanjikan,ADVERTISEMENT SCROLL TO CONTINUE WITH CONTENT
"Fokus Menteri, Sri Mulyani Batal Masuk Timses Jokowi","Selasa, 21 Agu 2018 11:16 WIB",https://www.cnnindonesia.com/nasional/20180821104411-32-323844/fokus-menteri-sri-mulyani-batal-masuk-timses-jokowi,ADVERTISEMENT SCROLL TO CONTINUE WITH CONTENT
Menanti Strategi Eks Petinggi TNI di Tim Pemenangan Pilpres,"Selasa, 21 Agu 2018 09:28 WIB",https://www.cnnindonesia.com/nasional/20180821082015-32-323812/menanti-strategi-eks-petinggi-tni-di-tim-pemenangan-pilpres,ADVERTISEMENT SCROLL TO CONTINUE WITH CONTENT
"Muhaimin: Tinggal Gerilya, Orang NU Wajib Pilih NU","Selasa, 21 Agu 2018 06:45 WIB",https://www.cnnindonesia.com/nasional/20180820144928-32-323635/muhaimin-tinggal-gerilya-orang-nu-wajib-pilih-nu,ADVERTISEMENT SCROLL TO CONTINUE WITH CONTENT
"Gerindra Sindir Ketum PKB, PPP dan Golkar Gagal Jadi Cawapres","Selasa, 21 Agu 2018 06:19 WIB",https://www.cnnindonesia.com/nasional/20180820175844-32-323700/gerindra-sindir-ketum-pkb-ppp-dan-golkar-gagal-jadi-cawapres,ADVERTISEMENT SCROLL TO CONTINUE WITH CONTENT
PDIP Akui Cari Dukungan Rizieq Shihab Lewat Ma'ruf Amin,"Selasa, 21 Agu 2018 05:08 WIB",https://www.cnnindonesia.com/nasional/20180820173407-32-323698/pdip-akui-cari-dukungan-rizieq-shihab-lewat-maruf-amin,ADVERTISEMENT SCROLL TO CONTINUE WITH CONTENT
Cak Imin Tak Masalah Mahfud MD Membelot ke Prabowo-Sandi,"Selasa, 21 Agu 2018 03:09 WIB",https://www.cnnindonesia.com/nasional/20180820171201-32-323684/cak-imin-tak-masalah-mahfud-md-membelot-ke-prabowo-sandi,ADVERTISEMENT SCROLL TO CONTINUE WITH CONTENT
Sandi Optimis Mampu Rebut Suara Millennial,"Selasa, 21 Agu 2018 02:06 WIB",https://www.cnnindonesia.com/nasional/20180821014327-32-323773/sandi-optimis-mampu-rebut-suara-millennial,ADVERTISEMENT SCROLL TO CONTINUE WITH CONTENT
Koalisi Jokowi-Ma'ruf Klaim Pemred iNews Proporsional,"Senin, 20 Agu 2018 23:48 WIB",https://www.cnnindonesia.com/nasional/20180820190523-32-323729/koalisi-jokowi-maruf-klaim-pemred-inews-proporsional,ADVERTISEMENT SCROLL TO CONTINUE WITH CONTENT
Gerindra Tak Khawatir Jokowi-Maruf Rebut Dukungan Rizieq,"Senin, 20 Agu 2018 22:49 WIB",https://www.cnnindonesia.com/nasional/20180820211330-32-323755/gerindra-tak-khawatir-jokowi-maruf-rebut-dukungan-rizieq,ADVERTISEMENT SCROLL TO CONTINUE WITH CONTENT
Gerinda Minta Bos Media di Tim Kampanye Jokowi Berlaku Adil,"Senin, 20 Agu 2018 21:12 WIB",https://www.cnnindonesia.com/nasional/20180820205620-32-323752/gerinda-minta-bos-media-di-tim-kampanye-jokowi-berlaku-adil,ADVERTISEMENT SCROLL TO CONTINUE WITH CONTENT
TGB dan Ridwan Kamil Diklaim Masuk Timses Jokowi-Ma'ruf,"Senin, 20 Agu 2018 19:44 WIB",https://www.cnnindonesia.com/nasional/20180820184903-32-323723/tgb-dan-ridwan-kamil-diklaim-masuk-timses-jokowi-maruf,ADVERTISEMENT SCROLL TO CONTINUE WITH CONTENT
Daftar Lengkap Tim Pemenangan Jokowi-Ma'ruf Amin,"Senin, 20 Agu 2018 18:40 WIB",https://www.cnnindonesia.com/nasional/20180820181854-32-323717/daftar-lengkap-tim-pemenangan-jokowi-maruf-amin,ADVERTISEMENT SCROLL TO CONTINUE WITH CONTENT
Ketua KPU: PKPU Tak Larang Jurnalis Jadi Tim Sukses,"Senin, 20 Agu 2018 17:57 WIB",https://www.cnnindonesia.com/nasional/20180820173504-32-323693/ketua-kpu-pkpu-tak-larang-jurnalis-jadi-tim-sukses,ADVERTISEMENT SCROLL TO CONTINUE WITH CONTENT
Daftar Moge Partai Koalisi Jokowi-Ma'ruf ke KPU,"Senin, 20 Agu 2018 17:22 WIB",https://www.cnnindonesia.com/otomotif/20180820163446-579-323671/daftar-moge-partai-koalisi-jokowi-maruf-ke-kpu,ADVERTISEMENT SCROLL TO CONTINUE WITH CONTENT
Ketua PBNU Tetap Dukung Jokowi Dua Periode,"Senin, 20 Agu 2018 16:39 WIB",https://www.cnnindonesia.com/nasional/20180820162819-32-323664/ketua-pbnu-tetap-dukung-jokowi-dua-periode,ADVERTISEMENT SCROLL TO CONTINUE WITH CONTENT
Sekjen Koalisi Jokowi Daftar Tim Kampanye ke KPU Naik 'Moge',"Senin, 20 Agu 2018 16:28 WIB",https://www.cnnindonesia.com/nasional/20180820160936-32-323656/sekjen-koalisi-jokowi-daftar-tim-kampanye-ke-kpu-naik-moge,ADVERTISEMENT SCROLL TO CONTINUE WITH CONTENT
"Dugaan Mahar Rp500 M, Andi Arief Mangkir Panggilan Bawaslu","Senin, 20 Agu 2018 14:18 WIB",https://www.cnnindonesia.com/nasional/20180820134831-32-323608/dugaan-mahar-rp500-m-andi-arief-mangkir-panggilan-bawaslu,ADVERTISEMENT SCROLL TO CONTINUE WITH CONTENT
PKS Yakin Gerindra Tak Ingkar Janji soal Jatah Wagub DKI,"Senin, 20 Agu 2018 13:30 WIB",https://www.cnnindonesia.com/nasional/20180820120100-32-323570/pks-yakin-gerindra-tak-ingkar-janji-soal-jatah-wagub-dki,ADVERTISEMENT SCROLL TO CONTINUE WITH CONTENT
"Tak Ingin Masuk Timses, Mahfud MD Tegaskan Netral di Pilpres","Senin, 20 Agu 2018 13:01 WIB",https://www.cnnindonesia.com/nasional/20180820124358-32-323578/tak-ingin-masuk-timses-mahfud-md-tegaskan-netral-di-pilpres,ADVERTISEMENT SCROLL TO CONTINUE WITH CONTENT
"Kecewa Gatot Tak Bisa Nyapres, Relawan Dukung Prabowo-Sandi","Senin, 20 Agu 2018 12:41 WIB",https://www.cnnindonesia.com/nasional/20180820122732-32-323574/kecewa-gatot-tak-bisa-nyapres-relawan-dukung-prabowo-sandi,ADVERTISEMENT SCROLL TO CONTINUE WITH CONTENT
Bamsoet Persilakan Mahfud MD Gerilya Politik,"Senin, 20 Agu 2018 12:07 WIB",https://www.cnnindonesia.com/nasional/20180820114926-32-323564/bamsoet-persilakan-mahfud-md-gerilya-politik,ADVERTISEMENT SCROLL TO CONTINUE WITH CONTENT
Yenny Wahid Dukung Pilihan Mahfud MD Pascagagal Cawapres,"Senin, 20 Agu 2018 06:06 WIB",https://www.cnnindonesia.com/nasional/20180820055409-32-323482/yenny-wahid-dukung-pilihan-mahfud-md-pascagagal-cawapres,ADVERTISEMENT SCROLL TO CONTINUE WITH CONTENT
"Putri Gus Dur Minta Jangan Golput, Pilih Pakai Akal","Minggu, 19 Agu 2018 22:12 WIB",https://www.cnnindonesia.com/nasional/20180819220127-32-323455/putri-gus-dur-minta-jangan-golput-pilih-pakai-akal,ADVERTISEMENT SCROLL TO CONTINUE WITH CONTENT
Yenny Wahid: Suara NU Tak Akan Bulat Pilih Jokowi,"Minggu, 19 Agu 2018 21:44 WIB",https://www.cnnindonesia.com/nasional/20180819213355-32-323454/yenny-wahid-suara-nu-tak-akan-bulat-pilih-jokowi,ADVERTISEMENT SCROLL TO CONTINUE WITH CONTENT
Koalisi Jokowi-Ma'ruf Incar Raup Suara 9 Provinsi,"Minggu, 19 Agu 2018 20:07 WIB",https://www.cnnindonesia.com/nasional/20180819192231-32-323442/koalisi-jokowi-maruf-incar-raup-suara-9-provinsi,ADVERTISEMENT SCROLL TO CONTINUE WITH CONTENT
Relawan Sarung Jokowi Dikerahkan untuk Raup Suara Pesantren,"Minggu, 19 Agu 2018 19:02 WIB",https://www.cnnindonesia.com/nasional/20180819184630-32-323437/relawan-sarung-jokowi-dikerahkan-untuk-raup-suara-pesantren,ADVERTISEMENT SCROLL TO CONTINUE WITH CONTENT
Bocoran Kriteria Ketua Tim Kampanye Jokowi-Ma'ruf Amin,"Minggu, 19 Agu 2018 18:35 WIB",https://www.cnnindonesia.com/nasional/20180819182154-32-323435/bocoran-kriteria-ketua-tim-kampanye-jokowi-maruf-amin,ADVERTISEMENT SCROLL TO CONTINUE WITH CONTENT
Kepala Daerah Parpol Koalisi Jokowi Jadi Pengarah Teritorial,"Minggu, 19 Agu 2018 17:56 WIB",https://www.cnnindonesia.com/nasional/20180819145343-32-323399/kepala-daerah-parpol-koalisi-jokowi-jadi-pengarah-teritorial,ADVERTISEMENT SCROLL TO CONTINUE WITH CONTENT
Tim Kampanye Nasional Jokowi-Ma'ruf Didaftarkan ke KPU Besok,"Minggu, 19 Agu 2018 16:31 WIB",https://www.cnnindonesia.com/nasional/20180819133514-32-323369/tim-kampanye-nasional-jokowi-maruf-didaftarkan-ke-kpu-besok,ADVERTISEMENT SCROLL TO CONTINUE WITH CONTENT
Rencana Ma'ruf Amin Bertemu Rizieq Shihab Belum Terkonfirmasi,"Minggu, 19 Agu 2018 16:23 WIB",https://www.cnnindonesia.com/nasional/20180819161259-32-323407/rencana-maruf-amin-bertemu-rizieq-shihab-belum-terkonfirmasi,ADVERTISEMENT SCROLL TO CONTINUE WITH CONTENT
"Berpolitik Dua Kaki, Suara NU Disebut Rentan Terbelah","Minggu, 19 Agu 2018 05:50 WIB",https://www.cnnindonesia.com/nasional/20180819052847-32-323310/berpolitik-dua-kaki-suara-nu-disebut-rentan-terbelah,ADVERTISEMENT SCROLL TO CONTINUE WITH CONTENT
Ma'ruf Amin: Khilafah Ditolak Karena Beda dengan Kesepakatan,"Minggu, 19 Agu 2018 02:50 WIB",https://www.cnnindonesia.com/nasional/20180819024623-20-323302/maruf-amin-khilafah-ditolak-karena-beda-dengan-kesepakatan,ADVERTISEMENT SCROLL TO CONTINUE WITH CONTENT
Romi Sebut Mahfud Kandidat Cawapres 'Jalur Dapur',"Minggu, 19 Agu 2018 01:28 WIB",https://www.cnnindonesia.com/nasional/20180819011410-32-323299/romi-sebut-mahfud-kandidat-cawapres-jalur-dapur,ADVERTISEMENT SCROLL TO CONTINUE WITH CONTENT
Ma'ruf Amin Soal Pertemuan dengan Rizieq: Lihat Nanti,"Sabtu, 18 Agu 2018 22:17 WIB",https://www.cnnindonesia.com/nasional/20180818220340-32-323289/maruf-amin-soal-pertemuan-dengan-rizieq-lihat-nanti,ADVERTISEMENT SCROLL TO CONTINUE WITH CONTENT
Wakil Ketua ACTA soal Timses Jokowi: Saya Diperintah Partai,"Sabtu, 18 Agu 2018 16:49 WIB",https://www.cnnindonesia.com/nasional/20180818164515-32-323225/wakil-ketua-acta-soal-timses-jokowi-saya-diperintah-partai,ADVERTISEMENT SCROLL TO CONTINUE WITH CONTENT
Zulhas: Jokowi Sudah Tahu Maksud Prabowo-Sandi Ingin Bertemu,"Jumat, 17 Agu 2018 21:14 WIB",https://www.cnnindonesia.com/nasional/20180817202039-32-323088/zulhas-jokowi-sudah-tahu-maksud-prabowo-sandi-ingin-bertemu,ADVERTISEMENT SCROLL TO CONTINUE WITH CONTENT
Koalisi Pendukung Jokowi Finalisasi Tim Pemenangan Besok,"Jumat, 17 Agu 2018 20:33 WIB",https://www.cnnindonesia.com/nasional/20180817202836-32-323089/koalisi-pendukung-jokowi-finalisasi-tim-pemenangan-besok,ADVERTISEMENT SCROLL TO CONTINUE WITH CONTENT
PPP Tunjuk Wakil Ketua ACTA Jadi Direktur di Timses Jokowi,"Jumat, 17 Agu 2018 19:29 WIB",https://www.cnnindonesia.com/nasional/20180817192530-32-323082/ppp-tunjuk-wakil-ketua-acta-jadi-direktur-di-timses-jokowi,ADVERTISEMENT SCROLL TO CONTINUE WITH CONTENT
Jurus-jurus Ekonomi Islam Jokowi-Ma'ruf di Pilpres 2019,"Jumat, 17 Agu 2018 18:58 WIB",https://www.cnnindonesia.com/nasional/20180817092928-32-322986/jurus-jurus-ekonomi-islam-jokowi-maruf-di-pilpres-2019,ADVERTISEMENT SCROLL TO CONTINUE WITH CONTENT
Salah Satu Direktur Timses Jokowi-Ma'ruf Diisi Pemred Media,"Jumat, 17 Agu 2018 16:56 WIB",https://www.cnnindonesia.com/nasional/20180817140210-32-323018/salah-satu-direktur-timses-jokowi-maruf-diisi-pemred-media,ADVERTISEMENT SCROLL TO CONTINUE WITH CONTENT
Motif dan 'Nyanyian' Sakit Hati Mahfud untuk Cak Imin-Ma'ruf,"Jumat, 17 Agu 2018 07:00 WIB",https://www.cnnindonesia.com/nasional/20180816141958-32-322774/motif-dan-nyanyian-sakit-hati-mahfud-untuk-cak-imin-maruf,ADVERTISEMENT SCROLL TO CONTINUE WITH CONTENT
PKB Berjanji Ma'ruf Amin Lindungi Minoritas Jika Terpilih,"Jumat, 17 Agu 2018 05:19 WIB",https://www.cnnindonesia.com/nasional/20180817040021-32-322963/pkb-berjanji-maruf-amin-lindungi-minoritas-jika-terpilih,ADVERTISEMENT SCROLL TO CONTINUE WITH CONTENT
PPP Anggap 'Nyanyian' Mahfud Ungkapan Kecewa Batal Cawapres,"Jumat, 17 Agu 2018 01:51 WIB",https://www.cnnindonesia.com/nasional/20180816211309-32-322927/ppp-anggap-nyanyian-mahfud-ungkapan-kecewa-batal-cawapres,ADVERTISEMENT SCROLL TO CONTINUE WITH CONTENT
"Berperibahasa Daerah, Jokowi Ingatkan Pentingnya Bekerja Sama","Jumat, 17 Agu 2018 01:42 WIB",https://www.cnnindonesia.com/nasional/20180816133747-32-322764/berperibahasa-daerah-jokowi-ingatkan-pentingnya-bekerja-sama,ADVERTISEMENT SCROLL TO CONTINUE WITH CONTENT
Said Aqil Klaim Tak Bahas Politik Praktis di Kantor PBNU,"Jumat, 17 Agu 2018 00:44 WIB",https://www.cnnindonesia.com/nasional/20180817003746-32-322952/said-aqil-klaim-tak-bahas-politik-praktis-di-kantor-pbnu,ADVERTISEMENT SCROLL TO CONTINUE WITH CONTENT
Rencana Jokowi Naikkan Gaji PNS Dianggap Kental Motif Politis,"Kamis, 16 Agu 2018 23:11 WIB",https://www.cnnindonesia.com/nasional/20180816230509-32-322949/rencana-jokowi-naikkan-gaji-pns-dianggap-kental-motif-politis,ADVERTISEMENT SCROLL TO CONTINUE WITH CONTENT
Kubu Jokowi Sebut Kritik Gerindra Soal Kemiskinan Menyesatkan,"Kamis, 16 Agu 2018 20:35 WIB",https://www.cnnindonesia.com/nasional/20180816200206-32-322908/kubu-jokowi-sebut-kritik-gerindra-soal-kemiskinan-menyesatkan,ADVERTISEMENT SCROLL TO CONTINUE WITH CONTENT
Bamsoet Klaim Pantun soal Cawapres Prabowo Dibuat Spontan,"Kamis, 16 Agu 2018 20:11 WIB",https://www.cnnindonesia.com/nasional/20180816183225-32-322885/bamsoet-klaim-pantun-soal-cawapres-prabowo-dibuat-spontan,ADVERTISEMENT SCROLL TO CONTINUE WITH CONTENT
Prabowo Cari Waktu Tenang untuk Bertemu Jokowi,"Kamis, 16 Agu 2018 20:06 WIB",https://www.cnnindonesia.com/nasional/20180816193435-32-322901/prabowo-cari-waktu-tenang-untuk-bertemu-jokowi,ADVERTISEMENT SCROLL TO CONTINUE WITH CONTENT
Ahok Kaget Jokowi Pilih Ma'ruf Amin Jadi Cawapres,"Kamis, 16 Agu 2018 19:48 WIB",https://www.cnnindonesia.com/nasional/20180816190626-20-322891/ahok-kaget-jokowi-pilih-maruf-amin-jadi-cawapres,ADVERTISEMENT SCROLL TO CONTINUE WITH CONTENT
"Ruhut ke Gerindra: Menangkan Dulu Prabowo, Baru Bahas Ekonomi","Kamis, 16 Agu 2018 19:26 WIB",https://www.cnnindonesia.com/nasional/20180816185334-32-322884/ruhut-ke-gerindra-menangkan-dulu-prabowo-baru-bahas-ekonomi,ADVERTISEMENT SCROLL TO CONTINUE WITH CONTENT
Demokrat: Klaim Jokowi soal Ekonomi Patut Diperdebatkan,"Kamis, 16 Agu 2018 17:18 WIB",https://www.cnnindonesia.com/nasional/20180816162748-32-322850/demokrat-klaim-jokowi-soal-ekonomi-patut-diperdebatkan,ADVERTISEMENT SCROLL TO CONTINUE WITH CONTENT
Pantun untuk Prabowo di Mimbar Parlemen Disambut Gelak Tawa,"Kamis, 16 Agu 2018 16:56 WIB",https://www.cnnindonesia.com/nasional/20180816163800-32-322838/pantun-untuk-prabowo-di-mimbar-parlemen-disambut-gelak-tawa,ADVERTISEMENT SCROLL TO CONTINUE WITH CONTENT
Tifatul Sembiring Tak Mau Urusan dengan Andi Arief,"Kamis, 16 Agu 2018 16:27 WIB",https://www.cnnindonesia.com/nasional/20180816145724-32-322792/tifatul-sembiring-tak-mau-urusan-dengan-andi-arief,ADVERTISEMENT SCROLL TO CONTINUE WITH CONTENT
Gerindra Tantang Jokowi Adu Program: Emak-emak Sudah Teriak,"Kamis, 16 Agu 2018 16:17 WIB",https://www.cnnindonesia.com/nasional/20180816141804-32-322794/gerindra-tantang-jokowi-adu-program-emak-emak-sudah-teriak,ADVERTISEMENT SCROLL TO CONTINUE WITH CONTENT
Iwa K Nilai Perbedaan Pilihan Pilpres Diperlukan,Tanggal tidak ditemukan,https://www.cnnindonesia.com/hiburan/20180816141439-234-322768/iwa-k-nilai-perbedaan-pilihan-pilpres-diperlukan,ADVERTISEMENT SCROLL TO CONTINUE WITH CONTENT
"Total Kekayaan Ma'ruf Amin Rp 11,6 Miliar, Utang Rp657 Juta","Kamis, 16 Agu 2018 15:18 WIB",https://www.cnnindonesia.com/nasional/20180816150859-12-322795/total-kekayaan-maruf-amin-rp-116-miliar-utang-rp657-juta,ADVERTISEMENT SCROLL TO CONTINUE WITH CONTENT
Tokoh Nonparpol Inisial M akan Jadi Ketua Tim Kampanye Jokowi,"Kamis, 16 Agu 2018 14:38 WIB",https://www.cnnindonesia.com/nasional/20180816141307-32-322771/tokoh-nonparpol-inisial-m-akan-jadi-ketua-tim-kampanye-jokowi,ADVERTISEMENT SCROLL TO CONTINUE WITH CONTENT
Gerindra: Kasus Mahfud MD Fakta Jokowi Ditekan Partai Koalisi,"Kamis, 16 Agu 2018 14:25 WIB",https://www.cnnindonesia.com/nasional/20180816140441-32-322767/gerindra-kasus-mahfud-md-fakta-jokowi-ditekan-partai-koalisi,ADVERTISEMENT SCROLL TO CONTINUE WITH CONTENT
Cak Imin soal Mahfud MD: Saya Pasang Baliho Tidak Dipilih,"Kamis, 16 Agu 2018 12:28 WIB",https://www.cnnindonesia.com/nasional/20180816121733-32-322733/cak-imin-soal-mahfud-md-saya-pasang-baliho-tidak-dipilih,ADVERTISEMENT SCROLL TO CONTINUE WITH CONTENT
Tim Pemenangan Prabowo-Sandi Lebih Ramping dari Jokowi-Ma'ruf,"Kamis, 16 Agu 2018 11:35 WIB",https://www.cnnindonesia.com/nasional/20180816111205-32-322719/tim-pemenangan-prabowo-sandi-lebih-ramping-dari-jokowi-maruf,ADVERTISEMENT SCROLL TO CONTINUE WITH CONTENT
"Buka Sidang Tahunan, Zulhas Sapa Cak Imin Sebagai Cawapres","Kamis, 16 Agu 2018 09:52 WIB",https://www.cnnindonesia.com/nasional/20180816093857-32-322683/buka-sidang-tahunan-zulhas-sapa-cak-imin-sebagai-cawapres,ADVERTISEMENT SCROLL TO CONTINUE WITH CONTENT
OJK Tak Larang Ma'ruf Amin Tetap Menjabat di Bank Syariah,"Kamis, 16 Agu 2018 08:50 WIB",https://www.cnnindonesia.com/ekonomi/20180815214920-78-322635/ojk-tak-larang-maruf-amin-tetap-menjabat-di-bank-syariah,ADVERTISEMENT SCROLL TO CONTINUE WITH CONTENT
"Akhir Pekan, Timses Jokowi-Ma'ruf Matangkan Program Prioritas","Kamis, 16 Agu 2018 05:48 WIB",https://www.cnnindonesia.com/nasional/20180815213010-32-322629/akhir-pekan-timses-jokowi-maruf-matangkan-program-prioritas,ADVERTISEMENT SCROLL TO CONTINUE WITH CONTENT
Hasto Yakin Mahfud Kembali Akrab dengan Tokoh-tokoh BPIP,"Kamis, 16 Agu 2018 03:01 WIB",https://www.cnnindonesia.com/nasional/20180815163906-32-322516/hasto-yakin-mahfud-kembali-akrab-dengan-tokoh-tokoh-bpip,ADVERTISEMENT SCROLL TO CONTINUE WITH CONTENT
Gerindra Respons Kicauan #PrabowoTdkBisaSholat,"Rabu, 15 Agu 2018 23:03 WIB",https://www.cnnindonesia.com/nasional/20180815223621-32-322646/gerindra-respons-kicauan-prabowotdkbisasholat,ADVERTISEMENT SCROLL TO CONTINUE WITH CONTENT
Gerindra Klaim Andi Arief Tutup Kasus Mahar Sandi Rp500 M,"Rabu, 15 Agu 2018 19:39 WIB",https://www.cnnindonesia.com/nasional/20180815174726-32-322558/gerindra-klaim-andi-arief-tutup-kasus-mahar-sandi-rp500-m,ADVERTISEMENT SCROLL TO CONTINUE WITH CONTENT
Gerindra Minta Bawaslu Tak Genit soal Dugaan Mahar Sandiaga,"Rabu, 15 Agu 2018 19:04 WIB",https://www.cnnindonesia.com/nasional/20180815172331-32-322556/gerindra-minta-bawaslu-tak-genit-soal-dugaan-mahar-sandiaga,ADVERTISEMENT SCROLL TO CONTINUE WITH CONTENT
Ruhut Sebut Koalisi Jokowi Takut Mahfud MD Jadi Lawan 2024,"Rabu, 15 Agu 2018 19:03 WIB",https://www.cnnindonesia.com/nasional/20180815174934-32-322563/ruhut-sebut-koalisi-jokowi-takut-mahfud-md-jadi-lawan-2024,ADVERTISEMENT SCROLL TO CONTINUE WITH CONTENT
Risma Bersedia Jika Diajak Masuk Timses Jokowi-Ma'ruf,"Rabu, 15 Agu 2018 18:05 WIB",https://www.cnnindonesia.com/nasional/20180815173251-32-322543/risma-bersedia-jika-diajak-masuk-timses-jokowi-maruf,ADVERTISEMENT SCROLL TO CONTINUE WITH CONTENT
Sandi Pakai Data Emak-emak Benahi Ekonomi Era Jokowi,"Rabu, 15 Agu 2018 17:24 WIB",https://www.cnnindonesia.com/nasional/20180815135227-20-322462/sandi-pakai-data-emak-emak-benahi-ekonomi-era-jokowi,ADVERTISEMENT SCROLL TO CONTINUE WITH CONTENT
Zulhas soal Pengakuan Mahfud MD: Saya Tak Mengira Seseru itu,"Rabu, 15 Agu 2018 17:15 WIB",https://www.cnnindonesia.com/nasional/20180815164505-32-322523/zulhas-soal-pengakuan-mahfud-md-saya-tak-mengira-seseru-itu,ADVERTISEMENT SCROLL TO CONTINUE WITH CONTENT
Romahurmuziy Respons Mahfud MD soal Skenario Cawapres Jokowi,"Rabu, 15 Agu 2018 16:50 WIB",https://www.cnnindonesia.com/nasional/20180815160038-32-322491/romahurmuziy-respons-mahfud-md-soal-skenario-cawapres-jokowi,ADVERTISEMENT SCROLL TO CONTINUE WITH CONTENT
"ACTA Dukung Prabowo-Sandi, Siap Pasang Badan Selama Pilpres","Rabu, 15 Agu 2018 16:37 WIB",https://www.cnnindonesia.com/nasional/20180815161200-32-322507/acta-dukung-prabowo-sandi-siap-pasang-badan-selama-pilpres,ADVERTISEMENT SCROLL TO CONTINUE WITH CONTENT
PKB Sebut Mahfud MD Masih Emosi Gagal Jadi Cawapres Jokowi,"Rabu, 15 Agu 2018 16:27 WIB",https://www.cnnindonesia.com/nasional/20180815160959-32-322493/pkb-sebut-mahfud-md-masih-emosi-gagal-jadi-cawapres-jokowi,ADVERTISEMENT SCROLL TO CONTINUE WITH CONTENT
Farhat Abbas: Mahfud MD Belokkan Cerita Agar PKB-NU Tak Solid,"Rabu, 15 Agu 2018 16:18 WIB",https://www.cnnindonesia.com/nasional/20180815161039-32-322494/farhat-abbas-mahfud-md-belokkan-cerita-agar-pkb-nu-tak-solid,ADVERTISEMENT SCROLL TO CONTINUE WITH CONTENT
MK Gelar Musyawarah Hakim Bahas Gugatan Masa Jabatan Wapres,"Rabu, 15 Agu 2018 15:57 WIB",https://www.cnnindonesia.com/nasional/20180815141953-12-322463/mk-gelar-musyawarah-hakim-bahas-gugatan-masa-jabatan-wapres,ADVERTISEMENT SCROLL TO CONTINUE WITH CONTENT
Prabowo Belum Serahkan Surat Bebas Utang ke KPU,"Rabu, 15 Agu 2018 15:02 WIB",https://www.cnnindonesia.com/nasional/20180815134824-32-322452/prabowo-belum-serahkan-surat-bebas-utang-ke-kpu,ADVERTISEMENT SCROLL TO CONTINUE WITH CONTENT
Said Aqil soal Tudingan Mahfud MD: Itu Cuma Guyon,"Rabu, 15 Agu 2018 14:35 WIB",https://www.cnnindonesia.com/nasional/20180815141907-32-322465/said-aqil-soal-tudingan-mahfud-md-itu-cuma-guyon,ADVERTISEMENT SCROLL TO CONTINUE WITH CONTENT
Jokowi Beri Tanda Kehormatan untuk Ayah Farhat Abbas,"Rabu, 15 Agu 2018 14:24 WIB",https://www.cnnindonesia.com/nasional/20180815140757-20-322461/jokowi-beri-tanda-kehormatan-untuk-ayah-farhat-abbas,ADVERTISEMENT SCROLL TO CONTINUE WITH CONTENT
"Total Harta Jokowi Rp50,2 Miliar, Utang Rp1,1 Miliar","Rabu, 15 Agu 2018 14:18 WIB",https://www.cnnindonesia.com/nasional/20180815134414-12-322453/total-harta-jokowi-rp502-miliar-utang-rp11-miliar,ADVERTISEMENT SCROLL TO CONTINUE WITH CONTENT
"Farhat Abbas, Strategi Jokowi Adu Nyinyir Lewat Jubir","Rabu, 15 Agu 2018 14:08 WIB",https://www.cnnindonesia.com/nasional/20180815130253-32-322440/farhat-abbas-strategi-jokowi-adu-nyinyir-lewat-jubir,ADVERTISEMENT SCROLL TO CONTINUE WITH CONTENT
Mahfud MD: Pak Said Aqil Dulu Sering Menyebut Saya Kader NU,"Rabu, 15 Agu 2018 12:36 WIB",https://www.cnnindonesia.com/nasional/20180815110731-32-322411/mahfud-md-pak-said-aqil-dulu-sering-menyebut-saya-kader-nu,ADVERTISEMENT SCROLL TO CONTINUE WITH CONTENT
PDIP Tegaskan Mahfud MD Tak Pernah Diumumkan Jadi Cawapres,"Rabu, 15 Agu 2018 12:28 WIB",https://www.cnnindonesia.com/nasional/20180815120441-32-322426/pdip-tegaskan-mahfud-md-tak-pernah-diumumkan-jadi-cawapres,ADVERTISEMENT SCROLL TO CONTINUE WITH CONTENT
Kapitra Tantang Mahfud MD Buka SMS soal Ma'ruf Amin,"Rabu, 15 Agu 2018 12:12 WIB",https://www.cnnindonesia.com/nasional/20180815114552-32-322423/kapitra-tantang-mahfud-md-buka-sms-soal-maruf-amin,ADVERTISEMENT SCROLL TO CONTINUE WITH CONTENT
'Kesehatan' Pertamina dan Politik BBM Murah Jokowi,"Rabu, 15 Agu 2018 11:17 WIB",https://www.cnnindonesia.com/ekonomi/20180814102112-532-322062/kesehatan-pertamina-dan-politik-bbm-murah-jokowi,ADVERTISEMENT SCROLL TO CONTINUE WITH CONTENT
Mahfud MD Tersinggung pada Romi Soal Seragam Cawapres Jokowi,"Rabu, 15 Agu 2018 09:50 WIB",https://www.cnnindonesia.com/nasional/20180815090132-32-322375/mahfud-md-tersinggung-pada-romi-soal-seragam-cawapres-jokowi,ADVERTISEMENT SCROLL TO CONTINUE WITH CONTENT
Sandi soal Berat Badan Prabowo: Diajak Lari Maunya Berkuda,"Rabu, 15 Agu 2018 09:29 WIB",https://www.cnnindonesia.com/nasional/20180815083102-32-322368/sandi-soal-berat-badan-prabowo-diajak-lari-maunya-berkuda,ADVERTISEMENT SCROLL TO CONTINUE WITH CONTENT
PBNU: Mahfud Itu Bukan NU Tapi MD,"Rabu, 15 Agu 2018 08:55 WIB",https://www.cnnindonesia.com/nasional/20180815083305-32-322370/pbnu-mahfud-itu-bukan-nu-tapi-md,ADVERTISEMENT SCROLL TO CONTINUE WITH CONTENT
Mahfud Tahu 'Permainan Politik' Cawapres Jokowi dari Cak Imin,"Rabu, 15 Agu 2018 08:01 WIB",https://www.cnnindonesia.com/nasional/20180815073321-32-322362/mahfud-tahu-permainan-politik-cawapres-jokowi-dari-cak-imin,ADVERTISEMENT SCROLL TO CONTINUE WITH CONTENT
KPU Minta Berkas Capres-Cawapres Pilpres 2019 Diperbaiki,"Rabu, 15 Agu 2018 07:45 WIB",https://www.cnnindonesia.com/nasional/20180814222326-32-322338/kpu-minta-berkas-capres-cawapres-pilpres-2019-diperbaiki,ADVERTISEMENT SCROLL TO CONTINUE WITH CONTENT
"Masih Wapres, JK Dinilai Tak Etis Jadi Tim Jokowi-Ma'ruf","Rabu, 15 Agu 2018 07:21 WIB",https://www.cnnindonesia.com/nasional/20180814165421-32-322217/masih-wapres-jk-dinilai-tak-etis-jadi-tim-jokowi-maruf,ADVERTISEMENT SCROLL TO CONTINUE WITH CONTENT
IDI Ungkap Capres-Cawapres Pilpres 2019 Tak Sepenuhnya Sehat,"Rabu, 15 Agu 2018 06:16 WIB",https://www.cnnindonesia.com/nasional/20180814211547-20-322327/idi-ungkap-capres-cawapres-pilpres-2019-tak-sepenuhnya-sehat,ADVERTISEMENT SCROLL TO CONTINUE WITH CONTENT
PDIP: Relawan Jadi Tameng Jokowi-Ma'ruf Hadapi Serangan Keji,"Rabu, 15 Agu 2018 05:27 WIB",https://www.cnnindonesia.com/nasional/20180814211212-32-322325/pdip-relawan-jadi-tameng-jokowi-maruf-hadapi-serangan-keji,ADVERTISEMENT SCROLL TO CONTINUE WITH CONTENT
PPP Klaim Koalisi Jokowi Tak Singgung Posisi Menteri Asal PAN,"Rabu, 15 Agu 2018 02:37 WIB",https://www.cnnindonesia.com/nasional/20180814174931-32-322238/ppp-klaim-koalisi-jokowi-tak-singgung-posisi-menteri-asal-pan,ADVERTISEMENT SCROLL TO CONTINUE WITH CONTENT
Sofjan Wanandi Sebut JK Tak Punya Waktu Jadi Timses Jokowi,"Rabu, 15 Agu 2018 02:04 WIB",https://www.cnnindonesia.com/nasional/20180815015748-32-322352/sofjan-wanandi-sebut-jk-tak-punya-waktu-jadi-timses-jokowi,ADVERTISEMENT SCROLL TO CONTINUE WITH CONTENT
KPU Soal Berat Badan Prabowo: Lari 3 Km Sehari Pasti Turun,"Rabu, 15 Agu 2018 00:57 WIB",https://www.cnnindonesia.com/nasional/20180814220714-32-322334/kpu-soal-berat-badan-prabowo-lari-3-km-sehari-pasti-turun,ADVERTISEMENT SCROLL TO CONTINUE WITH CONTENT
Relawan Jokowi Klaim Bergerak di Luar Tim Sukses,"Rabu, 15 Agu 2018 00:30 WIB",https://www.cnnindonesia.com/nasional/20180815002122-32-322349/relawan-jokowi-klaim-bergerak-di-luar-tim-sukses,ADVERTISEMENT SCROLL TO CONTINUE WITH CONTENT
JK Tetap Fokus Urus Negara Meski Jadi Penasihat Jokowi-Ma'ruf,"Rabu, 15 Agu 2018 00:20 WIB",https://www.cnnindonesia.com/nasional/20180814203428-32-322303/jk-tetap-fokus-urus-negara-meski-jadi-penasihat-jokowi-maruf,ADVERTISEMENT SCROLL TO CONTINUE WITH CONTENT
Mahfud Sebut Ma'ruf Amin Suruh NU Ancam Jokowi,"Selasa, 14 Agu 2018 23:18 WIB",https://www.cnnindonesia.com/nasional/20180814222544-32-322345/mahfud-sebut-maruf-amin-suruh-nu-ancam-jokowi,ADVERTISEMENT SCROLL TO CONTINUE WITH CONTENT
Mahfud Buka-bukaan Batal Jadi Cawapres Jokowi di Detik Akhir,"Selasa, 14 Agu 2018 23:03 WIB",https://www.cnnindonesia.com/nasional/20180814220243-32-322340/mahfud-buka-bukaan-batal-jadi-cawapres-jokowi-di-detik-akhir,ADVERTISEMENT SCROLL TO CONTINUE WITH CONTENT
"Jadi Cawapres Prabowo, Sandi Akui Pilihan Kedua Setelah Anies","Selasa, 14 Agu 2018 21:40 WIB",https://www.cnnindonesia.com/nasional/20180814205818-32-322326/jadi-cawapres-prabowo-sandi-akui-pilihan-kedua-setelah-anies,ADVERTISEMENT SCROLL TO CONTINUE WITH CONTENT
Jokowi-Ma'ruf Amin dan Prabowo-Sandiaga Lolos Tes Kesehatan,"Selasa, 14 Agu 2018 21:00 WIB",https://www.cnnindonesia.com/nasional/20180814204842-32-322318/jokowi-maruf-amin-dan-prabowo-sandiaga-lolos-tes-kesehatan,ADVERTISEMENT SCROLL TO CONTINUE WITH CONTENT
"Ada Ratusan Jubir, Koalisi Jokowi Tak Khawatir Bias Informasi","Selasa, 14 Agu 2018 20:05 WIB",https://www.cnnindonesia.com/nasional/20180814180629-32-322244/ada-ratusan-jubir-koalisi-jokowi-tak-khawatir-bias-informasi,ADVERTISEMENT SCROLL TO CONTINUE WITH CONTENT
Penggantian Rais Aam NU Digelar Usai Ma'ruf Amin Berhaji,"Selasa, 14 Agu 2018 19:30 WIB",https://www.cnnindonesia.com/nasional/20180814192255-32-322273/penggantian-rais-aam-nu-digelar-usai-maruf-amin-berhaji,ADVERTISEMENT SCROLL TO CONTINUE WITH CONTENT
"Arah Ijtima Ulama II, Antara Ogah Jokowi dan Legitimasi Sandi","Selasa, 14 Agu 2018 19:03 WIB",https://www.cnnindonesia.com/nasional/20180814183051-32-322259/arah-ijtima-ulama-ii-antara-ogah-jokowi-dan-legitimasi-sandi,ADVERTISEMENT SCROLL TO CONTINUE WITH CONTENT
PBNU Siap Menangkan Jokowi-Ma'ruf Amin di Pilpres 2019,"Selasa, 14 Agu 2018 18:04 WIB",https://www.cnnindonesia.com/nasional/20180814171857-32-322232/pbnu-siap-menangkan-jokowi-maruf-amin-di-pilpres-2019,ADVERTISEMENT SCROLL TO CONTINUE WITH CONTENT
Relawan Jokowi Laporkan Dugaan Mahar Rp500 M Sandi ke Bawaslu,"Selasa, 14 Agu 2018 17:52 WIB",https://www.cnnindonesia.com/nasional/20180814164310-32-322212/relawan-jokowi-laporkan-dugaan-mahar-rp500-m-sandi-ke-bawaslu,ADVERTISEMENT SCROLL TO CONTINUE WITH CONTENT
"Bertemu Pengurus PKB, Ma'ruf Amin Didoakan Jadi Haji Mabrur","Selasa, 14 Agu 2018 17:25 WIB",https://www.cnnindonesia.com/nasional/20180814143423-32-322165/bertemu-pengurus-pkb-maruf-amin-didoakan-jadi-haji-mabrur,ADVERTISEMENT SCROLL TO CONTINUE WITH CONTENT
Cak Imin Klaim Ma'ruf Amin Bapak Ekonomi Mustadh'afin,"Selasa, 14 Agu 2018 16:56 WIB",https://www.cnnindonesia.com/nasional/20180814154743-32-322191/cak-imin-klaim-maruf-amin-bapak-ekonomi-mustadhafin,ADVERTISEMENT SCROLL TO CONTINUE WITH CONTENT
Ma'ruf Amin Buka Peluang Bertemu Rizieq Shihab Di Sela Haji,"Selasa, 14 Agu 2018 15:55 WIB",https://www.cnnindonesia.com/nasional/20180814154859-32-322192/maruf-amin-buka-peluang-bertemu-rizieq-shihab-di-sela-haji,ADVERTISEMENT SCROLL TO CONTINUE WITH CONTENT
"Koalisi Umat Fatamorgana, Yusril Sebut Prabowo Tak Taat Ulama","Selasa, 14 Agu 2018 15:41 WIB",https://www.cnnindonesia.com/nasional/20180814152757-32-322186/koalisi-umat-fatamorgana-yusril-sebut-prabowo-tak-taat-ulama,ADVERTISEMENT SCROLL TO CONTINUE WITH CONTENT
Luhut Yakin Ma'ruf Amin Buat Investor Nyaman ke Indonesia,"Selasa, 14 Agu 2018 12:40 WIB",https://www.cnnindonesia.com/ekonomi/20180814113148-92-322100/luhut-yakin-maruf-amin-buat-investor-nyaman-ke-indonesia,ADVERTISEMENT SCROLL TO CONTINUE WITH CONTENT
Cak Imin Yakin Elektabilitas PKB Melonjak Karena Ma'ruf Amin,"Selasa, 14 Agu 2018 05:32 WIB",https://www.cnnindonesia.com/nasional/20180813182228-32-321965/cak-imin-yakin-elektabilitas-pkb-melonjak-karena-maruf-amin,ADVERTISEMENT SCROLL TO CONTINUE WITH CONTENT
"Didaftarkan Jadi Ketua Tim Kampanye, Posisi JK Bisa Berubah","Selasa, 14 Agu 2018 04:40 WIB",https://www.cnnindonesia.com/nasional/20180813180729-32-321953/didaftarkan-jadi-ketua-tim-kampanye-posisi-jk-bisa-berubah,ADVERTISEMENT SCROLL TO CONTINUE WITH CONTENT
Seskab Saat Bicara Tim Kampanye: Kok Enggak Tanya Reshuffle?,"Selasa, 14 Agu 2018 02:15 WIB",https://www.cnnindonesia.com/nasional/20180813211454-32-322005/seskab-saat-bicara-tim-kampanye-kok-enggak-tanya-reshuffle,ADVERTISEMENT SCROLL TO CONTINUE WITH CONTENT
"Abstain di Pilpres, Garuda Fokus Dulang Suara di Pileg 2019","Selasa, 14 Agu 2018 01:56 WIB",https://www.cnnindonesia.com/nasional/20180813140852-32-321863/abstain-di-pilpres-garuda-fokus-dulang-suara-di-pileg-2019,ADVERTISEMENT SCROLL TO CONTINUE WITH CONTENT
Jubir Jokowi-Ma'ruf Disebut Akan Bekerja Sesuai Bidang,"Selasa, 14 Agu 2018 01:32 WIB",https://www.cnnindonesia.com/nasional/20180813213231-32-322010/jubir-jokowi-maruf-disebut-akan-bekerja-sesuai-bidang,ADVERTISEMENT SCROLL TO CONTINUE WITH CONTENT
Hasil Tes Kesehatan Capres-Cawapres Diumumkan Lusa,"Selasa, 14 Agu 2018 00:03 WIB",https://www.cnnindonesia.com/nasional/20180813235637-32-322016/hasil-tes-kesehatan-capres-cawapres-diumumkan-lusa,ADVERTISEMENT SCROLL TO CONTINUE WITH CONTENT
Koalisi Jokowi Tetapkan 11 Direktur Tim Pemenangan,"Senin, 13 Agu 2018 22:20 WIB",https://www.cnnindonesia.com/nasional/20180813204816-32-321993/koalisi-jokowi-tetapkan-11-direktur-tim-pemenangan,ADVERTISEMENT SCROLL TO CONTINUE WITH CONTENT
Farhat Sebut Prabowo Tak Mampu dan Tak Mau Jadi Capres,"Senin, 13 Agu 2018 20:06 WIB",https://www.cnnindonesia.com/nasional/20180813190604-32-321972/farhat-sebut-prabowo-tak-mampu-dan-tak-mau-jadi-capres,ADVERTISEMENT SCROLL TO CONTINUE WITH CONTENT
Fadli Zon Siap Debat dengan Farhat Abbas Asal 'Nyambung',"Senin, 13 Agu 2018 19:09 WIB",https://www.cnnindonesia.com/nasional/20180813184857-32-321970/fadli-zon-siap-debat-dengan-farhat-abbas-asal-nyambung,ADVERTISEMENT SCROLL TO CONTINUE WITH CONTENT
Istri Gus Dur soal Pilpres: Tak Ada yang Cocok Saya Pilih,"Senin, 13 Agu 2018 18:43 WIB",https://www.cnnindonesia.com/nasional/20180813152754-32-321883/istri-gus-dur-soal-pilpres-tak-ada-yang-cocok-saya-pilih,ADVERTISEMENT SCROLL TO CONTINUE WITH CONTENT
Ma'ruf Amin Akan Berangkat Haji Besok,"Senin, 13 Agu 2018 18:23 WIB",https://www.cnnindonesia.com/nasional/20180813143111-32-321860/maruf-amin-akan-berangkat-haji-besok,ADVERTISEMENT SCROLL TO CONTINUE WITH CONTENT
Mencari Cuan dari Domain Prabowosandi.com Seharga Rp1 Miliar,"Senin, 13 Agu 2018 18:15 WIB",https://www.cnnindonesia.com/teknologi/20180813180928-185-321949/mencari-cuan-dari-domain-prabowosandicom-seharga-rp1-miliar,ADVERTISEMENT SCROLL TO CONTINUE WITH CONTENT
Buya Syafii soal Manuver PKB: MuhaiminReal Politician,"Senin, 13 Agu 2018 18:05 WIB",https://www.cnnindonesia.com/nasional/20180813133037-32-321847/buya-syafii-soal-manuver-pkb-muhaimin-real-politician,ADVERTISEMENT SCROLL TO CONTINUE WITH CONTENT
"Farhat Abbas ke Lawan Jokowi: Salah Omong, Gue Perkarakan","Senin, 13 Agu 2018 17:38 WIB",https://www.cnnindonesia.com/nasional/20180813171803-32-321935/farhat-abbas-ke-lawan-jokowi-salah-omong-gue-perkarakan,ADVERTISEMENT SCROLL TO CONTINUE WITH CONTENT
Pengacara Klarifikasi Kabar Dukungan Ahok ke Jokowi-Ma'ruf,"Senin, 13 Agu 2018 16:42 WIB",https://www.cnnindonesia.com/nasional/20180813163900-32-321919/pengacara-klarifikasi-kabar-dukungan-ahok-ke-jokowi-maruf,ADVERTISEMENT SCROLL TO CONTINUE WITH CONTENT
Tim Jokowi-Ma'ruf Bentuk Tim Siber Tangkal Isu Negatif,"Senin, 13 Agu 2018 16:09 WIB",https://www.cnnindonesia.com/nasional/20180813150018-32-321871/tim-jokowi-maruf-bentuk-tim-siber-tangkal-isu-negatif,ADVERTISEMENT SCROLL TO CONTINUE WITH CONTENT
"Tanpa Izin, Demo Tuntut Mundur Ma'ruf Amin Cuma 30 Menit","Senin, 13 Agu 2018 15:49 WIB",https://www.cnnindonesia.com/nasional/20180813152620-20-321881/tanpa-izin-demo-tuntut-mundur-maruf-amin-cuma-30-menit,ADVERTISEMENT SCROLL TO CONTINUE WITH CONTENT
PANDI: Situs Nama Capres-Cawapres Boleh Dipakai Siapa pun,"Senin, 13 Agu 2018 15:43 WIB",https://www.cnnindonesia.com/teknologi/20180813140034-192-321854/pandi-situs-nama-capres-cawapres-boleh-dipakai-siapa-pun,ADVERTISEMENT SCROLL TO CONTINUE WITH CONTENT
"Jadi Jubir Jokowi-Ma'ruf, Farhat Abbas Siap Hadapi Fadli Zon","Senin, 13 Agu 2018 15:15 WIB",https://www.cnnindonesia.com/nasional/20180813150247-32-321875/jadi-jubir-jokowi-maruf-farhat-abbas-siap-hadapi-fadli-zon,ADVERTISEMENT SCROLL TO CONTINUE WITH CONTENT
"Demo 8 Orang, Koalisi Santri Tuntut MUI 'Buang' Ma'ruf Amin","Senin, 13 Agu 2018 14:50 WIB",https://www.cnnindonesia.com/nasional/20180813142548-20-321862/demo-8-orang-koalisi-santri-tuntut-mui-buang-maruf-amin,ADVERTISEMENT SCROLL TO CONTINUE WITH CONTENT
Tim Kampanye Jokowi-Ma'ruf Pakai Cara Ofensif di Pilpres 2019,"Senin, 13 Agu 2018 14:39 WIB",https://www.cnnindonesia.com/nasional/20180813141557-32-321857/tim-kampanye-jokowi-maruf-pakai-cara-ofensif-di-pilpres-2019,ADVERTISEMENT SCROLL TO CONTINUE WITH CONTENT
6 Cara Tetap Produktif di Usia Tua Seperti Ma'ruf dan Prabowo,Tanggal tidak ditemukan,https://www.cnnindonesia.com/gaya-hidup/20180813113128-255-321781/6-cara-tetap-produktif-di-usia-tua-seperti-maruf-dan-prabowo,ADVERTISEMENT SCROLL TO CONTINUE WITH CONTENT
"Takut Diperalat, Partai Garuda Abstain di Pilpres 2019","Senin, 13 Agu 2018 13:18 WIB",https://www.cnnindonesia.com/nasional/20180813124819-32-321824/takut-diperalat-partai-garuda-abstain-di-pilpres-2019,ADVERTISEMENT SCROLL TO CONTINUE WITH CONTENT
Istana Bantah Mainkan Politik Agama,"Senin, 13 Agu 2018 12:44 WIB",https://www.cnnindonesia.com/nasional/20180813122729-32-321810/istana-bantah-mainkan-politik-agama,ADVERTISEMENT SCROLL TO CONTINUE WITH CONTENT
KPU: Hasil Tes Kesehatan Capres Diserahkan Malam Ini,"Senin, 13 Agu 2018 12:12 WIB",https://www.cnnindonesia.com/nasional/20180813120418-20-321802/kpu-hasil-tes-kesehatan-capres-diserahkan-malam-ini,ADVERTISEMENT SCROLL TO CONTINUE WITH CONTENT
JK Bersedia Jadi Penasihat Tim Pemenangan Jokowi-Ma'ruf,"Senin, 13 Agu 2018 11:35 WIB",https://www.cnnindonesia.com/nasional/20180813111638-32-321773/jk-bersedia-jadi-penasihat-tim-pemenangan-jokowi-maruf,ADVERTISEMENT SCROLL TO CONTINUE WITH CONTENT
Politikus Demokrat Sebut Istana Mainkan Politik Agama,"Senin, 13 Agu 2018 10:24 WIB",https://www.cnnindonesia.com/nasional/20180813095725-32-321756/politikus-demokrat-sebut-istana-mainkan-politik-agama,ADVERTISEMENT SCROLL TO CONTINUE WITH CONTENT
Cerita Prabowo Takut Disuntik dan Lebih Pilih Terjun Payung,"Senin, 13 Agu 2018 09:29 WIB",https://www.cnnindonesia.com/nasional/20180813091117-20-321736/cerita-prabowo-takut-disuntik-dan-lebih-pilih-terjun-payung,ADVERTISEMENT SCROLL TO CONTINUE WITH CONTENT
Prabowo dan Sandiaga Diambil Darah pada Awal Tes Kesehatan,"Senin, 13 Agu 2018 08:47 WIB",https://www.cnnindonesia.com/nasional/20180813083307-32-321731/prabowo-dan-sandiaga-diambil-darah-pada-awal-tes-kesehatan,ADVERTISEMENT SCROLL TO CONTINUE WITH CONTENT
Koalisi Santri Akan ke Kantor MUI Tuntut Ma'ruf Amin Mundur,"Senin, 13 Agu 2018 08:19 WIB",https://www.cnnindonesia.com/nasional/20180813075532-20-321728/koalisi-santri-akan-ke-kantor-mui-tuntut-maruf-amin-mundur,ADVERTISEMENT SCROLL TO CONTINUE WITH CONTENT
"Ikut Tes Kesehatan, Prabowo Datang Lebih Awal dari Sandiaga","Senin, 13 Agu 2018 07:08 WIB",https://www.cnnindonesia.com/nasional/20180813070449-32-321709/ikut-tes-kesehatan-prabowo-datang-lebih-awal-dari-sandiaga,ADVERTISEMENT SCROLL TO CONTINUE WITH CONTENT
MUI Belum Bahas Jabatan Ketum Ma'ruf Amin,"Senin, 13 Agu 2018 06:17 WIB",https://www.cnnindonesia.com/nasional/20180812233903-32-321684/mui-belum-bahas-jabatan-ketum-maruf-amin,ADVERTISEMENT SCROLL TO CONTINUE WITH CONTENT
Ma'ruf Amin Tak akan Minta Mundur dari Jabatan Ketua Umum MUI,"Senin, 13 Agu 2018 03:53 WIB",https://www.cnnindonesia.com/nasional/20180813002452-32-321689/maruf-amin-tak-akan-minta-mundur-dari-jabatan-ketua-umum-mui,ADVERTISEMENT SCROLL TO CONTINUE WITH CONTENT
Jokowi Pastikan Tunjuk Langsung Ketua Tim Pemenangan Pilpres,"Senin, 13 Agu 2018 00:52 WIB",https://www.cnnindonesia.com/nasional/20180813004351-32-321690/jokowi-pastikan-tunjuk-langsung-ketua-tim-pemenangan-pilpres,ADVERTISEMENT SCROLL TO CONTINUE WITH CONTENT
Jokowi Akui Selesai Tes Kesehatan Lebih Dulu Dibanding Ma'ruf,"Minggu, 12 Agu 2018 23:52 WIB",https://www.cnnindonesia.com/nasional/20180812234033-20-321685/jokowi-akui-selesai-tes-kesehatan-lebih-dulu-dibanding-maruf,ADVERTISEMENT SCROLL TO CONTINUE WITH CONTENT
Para Ketum Partai Diakui Kecewa Tak Jadi Cawapres Jokowi,"Minggu, 12 Agu 2018 23:35 WIB",https://www.cnnindonesia.com/nasional/20180812232328-32-321683/para-ketum-partai-diakui-kecewa-tak-jadi-cawapres-jokowi,ADVERTISEMENT SCROLL TO CONTINUE WITH CONTENT
Timses Jokowi-Ma'ruf Libatkan Tokoh Muda dan Muhammadiyah,"Minggu, 12 Agu 2018 21:55 WIB",https://www.cnnindonesia.com/nasional/20180812202040-32-321672/timses-jokowi-maruf-libatkan-tokoh-muda-dan-muhammadiyah,ADVERTISEMENT SCROLL TO CONTINUE WITH CONTENT
IDI Sebut Capres dan Cawapres Tak Perlu Sehat 100 Persen,"Minggu, 12 Agu 2018 20:46 WIB",https://www.cnnindonesia.com/nasional/20180812135308-32-321629/idi-sebut-capres-dan-cawapres-tak-perlu-sehat-100-persen,ADVERTISEMENT SCROLL TO CONTINUE WITH CONTENT
Ma'ruf Amin Diminta Mundur Sebagai Ketua Umum MUI,"Minggu, 12 Agu 2018 20:17 WIB",https://www.cnnindonesia.com/nasional/20180812200722-32-321670/maruf-amin-diminta-mundur-sebagai-ketua-umum-mui,ADVERTISEMENT SCROLL TO CONTINUE WITH CONTENT
"Yakin Sehat, Kaesang Sebut Penyakit Jokowi Hanya Masuk Angin","Minggu, 12 Agu 2018 19:56 WIB",https://www.cnnindonesia.com/nasional/20180812192435-32-321663/yakin-sehat-kaesang-sebut-penyakit-jokowi-hanya-masuk-angin,ADVERTISEMENT SCROLL TO CONTINUE WITH CONTENT
PPP Sebut Sandiaga 'Santri Poles' yang Dipaksakan,"Minggu, 12 Agu 2018 19:22 WIB",https://www.cnnindonesia.com/nasional/20180812164736-32-321653/ppp-sebut-sandiaga-santri-poles-yang-dipaksakan,ADVERTISEMENT SCROLL TO CONTINUE WITH CONTENT
Politikus Demokrat Ingin Ada Tes DNA di Tes Kesehatan Capres,"Minggu, 12 Agu 2018 18:08 WIB",https://www.cnnindonesia.com/nasional/20180812174923-32-321656/politikus-demokrat-ingin-ada-tes-dna-di-tes-kesehatan-capres,ADVERTISEMENT SCROLL TO CONTINUE WITH CONTENT
"Tim Kampanye Terpilih, Sekjen Parpol Siap Berikan ke Jokowi","Minggu, 12 Agu 2018 17:30 WIB",https://www.cnnindonesia.com/nasional/20180812172356-32-321652/tim-kampanye-terpilih-sekjen-parpol-siap-berikan-ke-jokowi,ADVERTISEMENT SCROLL TO CONTINUE WITH CONTENT
PBNU Akan Gelar Pleno Bahas Jabatan Rais Aam Ma'ruf Amin,"Minggu, 12 Agu 2018 15:33 WIB",https://www.cnnindonesia.com/nasional/20180812152538-32-321635/pbnu-akan-gelar-pleno-bahas-jabatan-rais-aam-maruf-amin,ADVERTISEMENT SCROLL TO CONTINUE WITH CONTENT
Sekjen Parpol Bahas Tim Pemenangan Jokowi dan Peran Mahfud MD,"Minggu, 12 Agu 2018 14:08 WIB",https://www.cnnindonesia.com/nasional/20180812130146-32-321615/sekjen-parpol-bahas-tim-pemenangan-jokowi-dan-peran-mahfud-md,ADVERTISEMENT SCROLL TO CONTINUE WITH CONTENT
Hasil Tes Kesehatan Jokowi-Ma'ruf Paling Lambat Selasa,"Minggu, 12 Agu 2018 12:51 WIB",https://www.cnnindonesia.com/nasional/20180812123058-20-321611/hasil-tes-kesehatan-jokowi-maruf-paling-lambat-selasa,ADVERTISEMENT SCROLL TO CONTINUE WITH CONTENT
JK Disebut Mendukung Pasangan Jokowi-Ma'ruf Amin,"Minggu, 12 Agu 2018 09:48 WIB",https://www.cnnindonesia.com/nasional/20180812093634-32-321601/jk-disebut-mendukung-pasangan-jokowi-maruf-amin,ADVERTISEMENT SCROLL TO CONTINUE WITH CONTENT
"Ikuti Tes Kesehatan, Jokowi dan Ma'ruf Amin Didampingi Anak","Minggu, 12 Agu 2018 08:33 WIB",https://www.cnnindonesia.com/nasional/20180812082647-32-321596/ikuti-tes-kesehatan-jokowi-dan-maruf-amin-didampingi-anak,ADVERTISEMENT SCROLL TO CONTINUE WITH CONTENT
Tokoh Nasional Diajak Masuk Tim Pemenangan Jokowi-Ma'aruf,"Minggu, 12 Agu 2018 07:13 WIB",https://www.cnnindonesia.com/nasional/20180812065536-32-321593/tokoh-nasional-diajak-masuk-tim-pemenangan-jokowi-maaruf,ADVERTISEMENT SCROLL TO CONTINUE WITH CONTENT
"Cawapres Jokowi, Mahfud MD dan Manuver PKB di Tikungan Akhir","Minggu, 12 Agu 2018 06:51 WIB",https://www.cnnindonesia.com/nasional/20180811183600-32-321545/cawapres-jokowi-mahfud-md-dan-manuver-pkb-di-tikungan-akhir,ADVERTISEMENT SCROLL TO CONTINUE WITH CONTENT
Yusril Ungkap Alasan PBB Netral Sementara dalam Pilpres 2019,"Minggu, 12 Agu 2018 06:00 WIB",https://www.cnnindonesia.com/nasional/20180812055500-32-321587/yusril-ungkap-alasan-pbb-netral-sementara-dalam-pilpres-2019,ADVERTISEMENT SCROLL TO CONTINUE WITH CONTENT
Ketua Tim Pemenangan Jokowi-Ma'ruf Tokoh Menonjol,"Minggu, 12 Agu 2018 03:55 WIB",https://www.cnnindonesia.com/nasional/20180812022000-32-321576/ketua-tim-pemenangan-jokowi-maruf-tokoh-menonjol,ADVERTISEMENT SCROLL TO CONTINUE WITH CONTENT
"Soal Pemilih Islam, Jokowi Dinilai Unggul 1-0 dari Prabowo","Sabtu, 11 Agu 2018 20:36 WIB",https://www.cnnindonesia.com/nasional/20180811202715-32-321557/soal-pemilih-islam-jokowi-dinilai-unggul-1-0-dari-prabowo,ADVERTISEMENT SCROLL TO CONTINUE WITH CONTENT
"Jokowi Versus Prabowo, Pemilih Islam Dinilai Tak Akan Pecah","Sabtu, 11 Agu 2018 20:15 WIB",https://www.cnnindonesia.com/nasional/20180811200622-32-321555/jokowi-versus-prabowo-pemilih-islam-dinilai-tak-akan-pecah,ADVERTISEMENT SCROLL TO CONTINUE WITH CONTENT
Koalisi Pendukung Jokowi Siapkan Struktur Tim Pemenangan,"Sabtu, 11 Agu 2018 19:57 WIB",https://www.cnnindonesia.com/nasional/20180811193906-32-321553/koalisi-pendukung-jokowi-siapkan-struktur-tim-pemenangan,ADVERTISEMENT SCROLL TO CONTINUE WITH CONTENT
Mahfud MD Ungkap Kronologi Penunjukan oleh Jokowi Pekan Depan,"Sabtu, 11 Agu 2018 19:32 WIB",https://www.cnnindonesia.com/nasional/20180811192828-32-321551/mahfud-md-ungkap-kronologi-penunjukan-oleh-jokowi-pekan-depan,ADVERTISEMENT SCROLL TO CONTINUE WITH CONTENT
Gerindra: Biar Andi Arief Mau Omong Apa Saja,"Sabtu, 11 Agu 2018 19:14 WIB",https://www.cnnindonesia.com/nasional/20180811182819-32-321547/gerindra-biar-andi-arief-mau-omong-apa-saja,ADVERTISEMENT SCROLL TO CONTINUE WITH CONTENT
Adik Taufik Kiemas Deklarasi Dukungan ke Jokowi-Ma'ruf,"Sabtu, 11 Agu 2018 17:21 WIB",https://www.cnnindonesia.com/nasional/20180811170518-32-321521/adik-taufik-kiemas-deklarasi-dukungan-ke-jokowi-maruf,ADVERTISEMENT SCROLL TO CONTINUE WITH CONTENT
Hasto Gelar Rapat Tim Pemenangan di Posko Cemara,"Sabtu, 11 Agu 2018 16:30 WIB",https://www.cnnindonesia.com/nasional/20180811162316-32-321512/hasto-gelar-rapat-tim-pemenangan-di-posko-cemara,ADVERTISEMENT SCROLL TO CONTINUE WITH CONTENT
Arcandra Klaim Investor Migas Belum Terpengaruh Isu Capres,"Sabtu, 11 Agu 2018 15:16 WIB",https://www.cnnindonesia.com/ekonomi/20180810204842-85-321395/arcandra-klaim-investor-migas-belum-terpengaruh-isu-capres,ADVERTISEMENT SCROLL TO CONTINUE WITH CONTENT
Andi Arief Ungkap Kronologi Mahar Rp500 M Sandi Jadi Cawapres,"Sabtu, 11 Agu 2018 14:29 WIB",https://www.cnnindonesia.com/nasional/20180811141409-32-321477/andi-arief-ungkap-kronologi-mahar-rp500-m-sandi-jadi-cawapres,ADVERTISEMENT SCROLL TO CONTINUE WITH CONTENT
Cak Imin Sebut Perjuangan Ma'ruf Amin Menyantrikan Indonesia,"Sabtu, 11 Agu 2018 12:26 WIB",https://www.cnnindonesia.com/nasional/20180811121603-32-321460/cak-imin-sebut-perjuangan-maruf-amin-menyantrikan-indonesia,ADVERTISEMENT SCROLL TO CONTINUE WITH CONTENT
PKS Respons Sindiran Ma'ruf Amin soal Ijtimak Ulama,"Sabtu, 11 Agu 2018 11:57 WIB",https://www.cnnindonesia.com/nasional/20180811115003-32-321457/pks-respons-sindiran-maruf-amin-soal-ijtimak-ulama,ADVERTISEMENT SCROLL TO CONTINUE WITH CONTENT
Arti Zodiak Jokowi-Ma'ruf Amin serta Prabowo-Sandiaga Uno,Tanggal tidak ditemukan,https://www.cnnindonesia.com/gaya-hidup/20180810183032-277-321355/arti-zodiak-jokowi-maruf-amin-serta-prabowo-sandiaga-uno,ADVERTISEMENT SCROLL TO CONTINUE WITH CONTENT
Kisah Lobi Ketum PPP ke Jokowi Agar Pinang Ma'ruf Amin,"Sabtu, 11 Agu 2018 08:36 WIB",https://www.cnnindonesia.com/nasional/20180810212130-32-321408/kisah-lobi-ketum-ppp-ke-jokowi-agar-pinang-maruf-amin,ADVERTISEMENT SCROLL TO CONTINUE WITH CONTENT
"Santri Post-Islamisme Sandi, 'Citra' Lawan Jokowi di 2019","Sabtu, 11 Agu 2018 07:54 WIB",https://www.cnnindonesia.com/nasional/20180810211707-32-321406/santri-post-islamisme-sandi-citra-lawan-jokowi-di-2019,ADVERTISEMENT SCROLL TO CONTINUE WITH CONTENT
JK Prediksi Persaingan Pilpres 2019 Akan Lebih 'Soft',"Sabtu, 11 Agu 2018 06:17 WIB",https://www.cnnindonesia.com/nasional/20180810152549-32-321283/jk-prediksi-persaingan-pilpres-2019-akan-lebih-soft,ADVERTISEMENT SCROLL TO CONTINUE WITH CONTENT
"Ulama Tertinggi Cawapres Jokowi, Hasil Ijtimak Tak Relevan","Sabtu, 11 Agu 2018 05:45 WIB",https://www.cnnindonesia.com/nasional/20180810173001-32-321335/ulama-tertinggi-cawapres-jokowi-hasil-ijtimak-tak-relevan,ADVERTISEMENT SCROLL TO CONTINUE WITH CONTENT
"Demokrasi Sistem Terbaik, Prabowo Tak Ingin Ada Kecurangan","Sabtu, 11 Agu 2018 05:27 WIB",https://www.cnnindonesia.com/nasional/20180810150040-32-321266/demokrasi-sistem-terbaik-prabowo-tak-ingin-ada-kecurangan,ADVERTISEMENT SCROLL TO CONTINUE WITH CONTENT
"Ma'ruf Amin, Tokoh Kelima NU yang Menuju Kursi Istana","Sabtu, 11 Agu 2018 04:54 WIB",https://www.cnnindonesia.com/nasional/20180810180535-32-321343/maruf-amin-tokoh-kelima-nu-yang-menuju-kursi-istana,ADVERTISEMENT SCROLL TO CONTINUE WITH CONTENT
Politik Taktis Jokowi Versus Prabowo Pilih Cawapres,"Sabtu, 11 Agu 2018 02:34 WIB",https://www.cnnindonesia.com/nasional/20180810195939-32-321384/politik-taktis-jokowi-versus-prabowo-pilih-cawapres,ADVERTISEMENT SCROLL TO CONTINUE WITH CONTENT
Kecanggungan yang Terlihat dari Dukungan SBY pada Prabowo,"Sabtu, 11 Agu 2018 01:56 WIB",https://www.cnnindonesia.com/nasional/20180810202643-32-321397/kecanggungan-yang-terlihat-dari-dukungan-sby-pada-prabowo,ADVERTISEMENT SCROLL TO CONTINUE WITH CONTENT
Sandiaga Pemecah Kebuntuan Koalisi Prabowo,"Sabtu, 11 Agu 2018 01:13 WIB",https://www.cnnindonesia.com/nasional/20180810204413-32-321393/sandiaga-pemecah-kebuntuan-koalisi-prabowo,ADVERTISEMENT SCROLL TO CONTINUE WITH CONTENT
"KPK Sebut Prabowo, Jokowi, dan Sandiaga Sudah Laporkan Harta","Sabtu, 11 Agu 2018 00:45 WIB",https://www.cnnindonesia.com/nasional/20180810213535-12-321407/kpk-sebut-prabowo-jokowi-dan-sandiaga-sudah-laporkan-harta,ADVERTISEMENT SCROLL TO CONTINUE WITH CONTENT
"Usai Pendaftaran Capres, Polisi Perketat Pengamanan RSPAD","Sabtu, 11 Agu 2018 00:06 WIB",https://www.cnnindonesia.com/nasional/20180810212133-20-321402/usai-pendaftaran-capres-polisi-perketat-pengamanan-rspad,ADVERTISEMENT SCROLL TO CONTINUE WITH CONTENT
JK Diharap Ambil Alih Tugas Presiden Selama Jokowi Kampanye,"Jumat, 10 Agu 2018 22:42 WIB",https://www.cnnindonesia.com/nasional/20180810204904-32-321398/jk-diharap-ambil-alih-tugas-presiden-selama-jokowi-kampanye,ADVERTISEMENT SCROLL TO CONTINUE WITH CONTENT
Ma'ruf Amin Ungkap Cerita Dipilih Jokowi Jadi Cawapres,"Jumat, 10 Agu 2018 21:56 WIB",https://www.cnnindonesia.com/nasional/20180810180345-32-321340/maruf-amin-ungkap-cerita-dipilih-jokowi-jadi-cawapres,ADVERTISEMENT SCROLL TO CONTINUE WITH CONTENT
Analis Sebut Pasar Lebih Positif Sambut Jokowi-Ma'ruf,"Jumat, 10 Agu 2018 21:30 WIB",https://www.cnnindonesia.com/ekonomi/20180810190747-92-321380/analis-sebut-pasar-lebih-positif-sambut-jokowi-maruf,ADVERTISEMENT SCROLL TO CONTINUE WITH CONTENT
Ma'ruf Amin soal Dukungan Golkar: Ini Gerakan Tuhan,"Jumat, 10 Agu 2018 20:59 WIB",https://www.cnnindonesia.com/nasional/20180810184204-32-321357/maruf-amin-soal-dukungan-golkar-ini-gerakan-tuhan,ADVERTISEMENT SCROLL TO CONTINUE WITH CONTENT
Ijtimak Ulama II Akan Digelar Paling Lambat Pekan Depan,"Jumat, 10 Agu 2018 20:23 WIB",https://www.cnnindonesia.com/nasional/20180810201103-32-321387/ijtimak-ulama-ii-akan-digelar-paling-lambat-pekan-depan,ADVERTISEMENT SCROLL TO CONTINUE WITH CONTENT
"Desain Kemeja 'Bersih, Kerja, Nyata' Disebut Ide Jokowi","Jumat, 10 Agu 2018 20:11 WIB",https://www.cnnindonesia.com/nasional/20180810175519-32-321338/desain-kemeja-bersih-kerja-nyata-disebut-ide-jokowi,ADVERTISEMENT SCROLL TO CONTINUE WITH CONTENT
Golkar Pasrah soal Peluang JK Jadi Ketua Timses Jokowi-Ma'ruf,"Jumat, 10 Agu 2018 19:38 WIB",https://www.cnnindonesia.com/nasional/20180810192919-32-321379/golkar-pasrah-soal-peluang-jk-jadi-ketua-timses-jokowi-maruf,ADVERTISEMENT SCROLL TO CONTINUE WITH CONTENT
"Kecewa Ma'ruf Amin Cawapres Jokowi, Pendukung Ahok Terbelah","Jumat, 10 Agu 2018 19:26 WIB",https://www.cnnindonesia.com/nasional/20180810185747-32-321370/kecewa-maruf-amin-cawapres-jokowi-pendukung-ahok-terbelah,ADVERTISEMENT SCROLL TO CONTINUE WITH CONTENT
Cerita di Balik Penunjukan Ma'ruf Amin oleh Jokowi,"Jumat, 10 Agu 2018 18:44 WIB",https://www.cnnindonesia.com/nasional/20180810151708-32-321274/cerita-di-balik-penunjukan-maruf-amin-oleh-jokowi,ADVERTISEMENT SCROLL TO CONTINUE WITH CONTENT
JK Temui Megawati di Teuku Umar,"Jumat, 10 Agu 2018 18:32 WIB",https://www.cnnindonesia.com/nasional/20180810181046-32-321348/jk-temui-megawati-di-teuku-umar,ADVERTISEMENT SCROLL TO CONTINUE WITH CONTENT
Sentimen Pilpres 2019 Tak Mampu Tahan Rupiah di Zona Hijau,"Jumat, 10 Agu 2018 18:21 WIB",https://www.cnnindonesia.com/ekonomi/20180810181803-78-321346/sentimen-pilpres-2019-tak-mampu-tahan-rupiah-di-zona-hijau,ADVERTISEMENT SCROLL TO CONTINUE WITH CONTENT
Kemeja Putih Jokowi dan Pudarnya Nostalgia dengan Ahok,"Jumat, 10 Agu 2018 18:20 WIB",https://www.cnnindonesia.com/nasional/20180810141832-32-321250/kemeja-putih-jokowi-dan-pudarnya-nostalgia-dengan-ahok,ADVERTISEMENT SCROLL TO CONTINUE WITH CONTENT
JK Yakin Ma'ruf Amin Bisa Tambah Pemilih Jokowi,"Jumat, 10 Agu 2018 18:20 WIB",https://www.cnnindonesia.com/nasional/20180810151445-32-321273/jk-yakin-maruf-amin-bisa-tambah-pemilih-jokowi,ADVERTISEMENT SCROLL TO CONTINUE WITH CONTENT
"Prabowo Abaikan Ijtima Ulama, Romi Yakin Jokowi Menang Mudah","Jumat, 10 Agu 2018 18:10 WIB",https://www.cnnindonesia.com/nasional/20180810150627-32-321270/prabowo-abaikan-ijtima-ulama-romi-yakin-jokowi-menang-mudah,ADVERTISEMENT SCROLL TO CONTINUE WITH CONTENT
Meneropong Janji Ekonomi Jokowi vs Prabowo,"Jumat, 10 Agu 2018 17:59 WIB",https://www.cnnindonesia.com/ekonomi/20180810143036-92-321291/meneropong-janji-ekonomi-jokowi-vs-prabowo,ADVERTISEMENT SCROLL TO CONTINUE WITH CONTENT
"Jokowi-Maruf Tes Kesehatan Minggu, Prabowo-Sandi Senin Depan","Jumat, 10 Agu 2018 17:50 WIB",https://www.cnnindonesia.com/nasional/20180810165646-32-321310/jokowi-maruf-tes-kesehatan-minggu-prabowo-sandi-senin-depan,ADVERTISEMENT SCROLL TO CONTINUE WITH CONTENT
Airlangga Sebut Ma'ruf Bikin Politik Identitas Tak 'Laku',"Jumat, 10 Agu 2018 17:48 WIB",https://www.cnnindonesia.com/nasional/20180810131010-32-321235/airlangga-sebut-maruf-bikin-politik-identitas-tak-laku,ADVERTISEMENT SCROLL TO CONTINUE WITH CONTENT
Aksi Menteri Kawal Jokowi ke KPU Diklaim Dukungan Pribadi,"Jumat, 10 Agu 2018 17:37 WIB",https://www.cnnindonesia.com/nasional/20180810145635-32-321268/aksi-menteri-kawal-jokowi-ke-kpu-diklaim-dukungan-pribadi,ADVERTISEMENT SCROLL TO CONTINUE WITH CONTENT
Darmin: Deklarasi Capres Redakan Ketidakpastian Berbisnis,"Jumat, 10 Agu 2018 17:16 WIB",https://www.cnnindonesia.com/ekonomi/20180810152912-532-321277/darmin-deklarasi-capres-redakan-ketidakpastian-berbisnis,ADVERTISEMENT SCROLL TO CONTINUE WITH CONTENT
Ma'ruf Sindir Kubu Prabowo Tidak Hargai Ulama Abaikan Ijtimak,"Jumat, 10 Agu 2018 17:11 WIB",https://www.cnnindonesia.com/nasional/20180810165443-32-321309/maruf-sindir-kubu-prabowo-tidak-hargai-ulama-abaikan-ijtimak,ADVERTISEMENT SCROLL TO CONTINUE WITH CONTENT
JK Janji Akan Tetap Bantu Jokowi di Pilpres 2019,"Jumat, 10 Agu 2018 16:23 WIB",https://www.cnnindonesia.com/nasional/20180810161628-32-321294/jk-janji-akan-tetap-bantu-jokowi-di-pilpres-2019,ADVERTISEMENT SCROLL TO CONTINUE WITH CONTENT
Ma'ruf Amin dan Sederet Jabatan di Industri Keuangan Syariah,"Jumat, 10 Agu 2018 15:56 WIB",https://www.cnnindonesia.com/ekonomi/20180810151731-78-321275/maruf-amin-dan-sederet-jabatan-di-industri-keuangan-syariah,ADVERTISEMENT SCROLL TO CONTINUE WITH CONTENT
Ekonom: Sosok Capres-Cawapres Tak Cukup Beri Kepastian Bisnis,"Jumat, 10 Agu 2018 15:25 WIB",https://www.cnnindonesia.com/ekonomi/20180810115730-532-321203/ekonom-sosok-capres-cawapres-tak-cukup-beri-kepastian-bisnis,ADVERTISEMENT SCROLL TO CONTINUE WITH CONTENT
"Prabowo atau Jokowi, Rizieq Klaim Akan Ada Ijtima Ulama II","Jumat, 10 Agu 2018 15:17 WIB",https://www.cnnindonesia.com/nasional/20180810144920-32-321271/prabowo-atau-jokowi-rizieq-klaim-akan-ada-ijtima-ulama-ii,ADVERTISEMENT SCROLL TO CONTINUE WITH CONTENT
Koalisi Jokowi Ekstra Kerja Keras Hadapi Duet Prabowo-Sandi,"Jumat, 10 Agu 2018 14:51 WIB",https://www.cnnindonesia.com/nasional/20180810140644-32-321249/koalisi-jokowi-ekstra-kerja-keras-hadapi-duet-prabowo-sandi,ADVERTISEMENT SCROLL TO CONTINUE WITH CONTENT
Dunia Usaha Respons Positif Calon Presiden dan Wakil Presiden,"Jumat, 10 Agu 2018 14:44 WIB",https://www.cnnindonesia.com/ekonomi/20180810142619-92-321248/dunia-usaha-respons-positif-calon-presiden-dan-wakil-presiden,ADVERTISEMENT SCROLL TO CONTINUE WITH CONTENT
Prabowo Sambangi Rumah Titiek Soeharto Usai Umumkan Sandi,"Jumat, 10 Agu 2018 14:19 WIB",https://www.cnnindonesia.com/nasional/20180810135742-32-321240/prabowo-sambangi-rumah-titiek-soeharto-usai-umumkan-sandi,ADVERTISEMENT SCROLL TO CONTINUE WITH CONTENT
PPP: Mahfud Kandidat Kuat Cawapres Jokowi Hanya Versi Netizen,"Jumat, 10 Agu 2018 14:09 WIB",https://www.cnnindonesia.com/nasional/20180810135715-32-321237/ppp-mahfud-kandidat-kuat-cawapres-jokowi-hanya-versi-netizen,ADVERTISEMENT SCROLL TO CONTINUE WITH CONTENT
Mengukur Peluang Angan Ma'ruf Amin Setop Impor Pangan,"Jumat, 10 Agu 2018 14:06 WIB",https://www.cnnindonesia.com/ekonomi/20180810134228-532-321234/mengukur-peluang-angan-maruf-amin-setop-impor-pangan,ADVERTISEMENT SCROLL TO CONTINUE WITH CONTENT
Ma'ruf Amin Belum Terpikir Ubah Gaya Bersarung,"Jumat, 10 Agu 2018 13:51 WIB",https://www.cnnindonesia.com/nasional/20180810132227-32-321228/maruf-amin-belum-terpikir-ubah-gaya-bersarung,ADVERTISEMENT SCROLL TO CONTINUE WITH CONTENT
Anies: Sandiaga akan Dirindukan di Balai Kota DKI,"Jumat, 10 Agu 2018 13:20 WIB",https://www.cnnindonesia.com/nasional/20180810125559-32-321217/anies-sandiaga-akan-dirindukan-di-balai-kota-dki,ADVERTISEMENT SCROLL TO CONTINUE WITH CONTENT
Garuda Pancasila dan Gamelan dari Bali untuk Jokowi,"Jumat, 10 Agu 2018 13:13 WIB",https://www.cnnindonesia.com/nasional/20180810104848-32-321165/garuda-pancasila-dan-gamelan-dari-bali-untuk-jokowi,ADVERTISEMENT SCROLL TO CONTINUE WITH CONTENT
Romahurmuziy Memohon Mahfud MD Masuk Tim Pemenangan Jokowi,"Jumat, 10 Agu 2018 13:02 WIB",https://www.cnnindonesia.com/nasional/20180810125511-32-321215/romahurmuziy-memohon-mahfud-md-masuk-tim-pemenangan-jokowi,ADVERTISEMENT SCROLL TO CONTINUE WITH CONTENT
Antusiasme Rombongan Berpeci Kawal Jokowi-Ma'ruf Amin,"Jumat, 10 Agu 2018 12:25 WIB",https://www.cnnindonesia.com/nasional/20180810114036-32-321186/antusiasme-rombongan-berpeci-kawal-jokowi-maruf-amin,ADVERTISEMENT SCROLL TO CONTINUE WITH CONTENT
Jokowi-Ma'ruf Batal Salat Jumat di Istiqlal,"Jumat, 10 Agu 2018 12:16 WIB",https://www.cnnindonesia.com/nasional/20180810115851-20-321202/jokowi-maruf-batal-salat-jumat-di-istiqlal,ADVERTISEMENT SCROLL TO CONTINUE WITH CONTENT
Anies Dampingi Prabowo Jumatan di Masjid Sunda Kelapa,"Jumat, 10 Agu 2018 12:15 WIB",https://www.cnnindonesia.com/nasional/20180810120718-32-321206/anies-dampingi-prabowo-jumatan-di-masjid-sunda-kelapa,ADVERTISEMENT SCROLL TO CONTINUE WITH CONTENT
KPU Coret PSI dan Perindo sebagai Partai Pengusul Jokowi,"Jumat, 10 Agu 2018 12:07 WIB",https://www.cnnindonesia.com/nasional/20180810120008-32-321205/kpu-coret-psi-dan-perindo-sebagai-partai-pengusul-jokowi,ADVERTISEMENT SCROLL TO CONTINUE WITH CONTENT
"Antar Prabowo, Ahmad Dhani-Fadli Zon Kumpul Bareng Buruh","Jumat, 10 Agu 2018 11:55 WIB",https://www.cnnindonesia.com/nasional/20180810114450-32-321185/antar-prabowo-ahmad-dhani-fadli-zon-kumpul-bareng-buruh,ADVERTISEMENT SCROLL TO CONTINUE WITH CONTENT
"Canda Seleb soal Pilpres 2019, Game of Thrones sampai Konser",Tanggal tidak ditemukan,https://www.cnnindonesia.com/hiburan/20180810112250-234-321179/canda-seleb-soal-pilpres-2019-game-of-thrones-sampai-konser,ADVERTISEMENT SCROLL TO CONTINUE WITH CONTENT
PPP: Pintu untuk Demokrat Sudah Tertutup Rapat Sejak Kemarin,"Jumat, 10 Agu 2018 11:33 WIB",https://www.cnnindonesia.com/nasional/20180810111648-32-321176/ppp-pintu-untuk-demokrat-sudah-tertutup-rapat-sejak-kemarin,ADVERTISEMENT SCROLL TO CONTINUE WITH CONTENT
"Kemacetan di Banyak Titik, Dampak Momen Pendaftaran Capres","Jumat, 10 Agu 2018 11:32 WIB",https://www.cnnindonesia.com/nasional/20180810105028-20-321177/kemacetan-di-banyak-titik-dampak-momen-pendaftaran-capres,ADVERTISEMENT SCROLL TO CONTINUE WITH CONTENT
Dompet Tebal Sandi Tak Jamin Prabowo Kalahkan Jokowi,"Jumat, 10 Agu 2018 11:25 WIB",https://www.cnnindonesia.com/nasional/20180810102016-32-321161/dompet-tebal-sandi-tak-jamin-prabowo-kalahkan-jokowi,ADVERTISEMENT SCROLL TO CONTINUE WITH CONTENT
"Jokowi Salat di Istiqlal, Prabowo Jumatan di Sunda Kelapa","Jumat, 10 Agu 2018 11:17 WIB",https://www.cnnindonesia.com/nasional/20180810110717-20-321173/jokowi-salat-di-istiqlal-prabowo-jumatan-di-sunda-kelapa,ADVERTISEMENT SCROLL TO CONTINUE WITH CONTENT
"Sarung Berikat Pinggang, Gaya Khas Ma'ruf Amin",Tanggal tidak ditemukan,https://www.cnnindonesia.com/gaya-hidup/20180810104710-277-321166/sarung-berikat-pinggang-gaya-khas-maruf-amin,ADVERTISEMENT SCROLL TO CONTINUE WITH CONTENT
Jokowi: Prabowo dan Sandiaga Putra-putra Terbaik Bangsa,"Jumat, 10 Agu 2018 11:07 WIB",https://www.cnnindonesia.com/nasional/20180810105237-32-321169/jokowi-prabowo-dan-sandiaga-putra-putra-terbaik-bangsa,ADVERTISEMENT SCROLL TO CONTINUE WITH CONTENT
Jokowi TargetkanBottom FortyRasakan Pembangunan,"Jumat, 10 Agu 2018 10:40 WIB",https://www.cnnindonesia.com/nasional/20180810100451-32-321148/jokowi-targetkan-bottom-forty-rasakan-pembangunan,ADVERTISEMENT SCROLL TO CONTINUE WITH CONTENT
Pandji Kecewa Sandiaga Uno Jadi Cawapres Prabowo,Tanggal tidak ditemukan,https://www.cnnindonesia.com/hiburan/20180810102256-234-321153/pandji-kecewa-sandiaga-uno-jadi-cawapres-prabowo,ADVERTISEMENT SCROLL TO CONTINUE WITH CONTENT
"Berkas Lengkap, Jokowi-Ma'ruf Resmi Daftar Capres-Cawapres","Jumat, 10 Agu 2018 10:15 WIB",https://www.cnnindonesia.com/nasional/20180810093127-32-321147/berkas-lengkap-jokowi-maruf-resmi-daftar-capres-cawapres,ADVERTISEMENT SCROLL TO CONTINUE WITH CONTENT
"Cak Imin: Kami Masih Welcome, Feeling Saya Demokrat Merapat","Jumat, 10 Agu 2018 10:13 WIB",https://www.cnnindonesia.com/nasional/20180810100706-32-321146/cak-imin-kami-masih-welcome-feeling-saya-demokrat-merapat,ADVERTISEMENT SCROLL TO CONTINUE WITH CONTENT
"Tiba Duluan di KPU, Cak Imin Klaim Bukan Karena Sakit Hati","Jumat, 10 Agu 2018 09:49 WIB",https://www.cnnindonesia.com/nasional/20180810094057-32-321139/tiba-duluan-di-kpu-cak-imin-klaim-bukan-karena-sakit-hati,ADVERTISEMENT SCROLL TO CONTINUE WITH CONTENT
Jokowi: Ma'ruf Amin Figur yang Tepat Menempuh Jalan Perubahan,"Jumat, 10 Agu 2018 09:43 WIB",https://www.cnnindonesia.com/nasional/20180810093438-32-321136/jokowi-maruf-amin-figur-yang-tepat-menempuh-jalan-perubahan,ADVERTISEMENT SCROLL TO CONTINUE WITH CONTENT
Gerindra Masih Buka Pintu Koalisi untuk Demokrat,"Jumat, 10 Agu 2018 09:39 WIB",https://www.cnnindonesia.com/nasional/20180810093156-32-321135/gerindra-masih-buka-pintu-koalisi-untuk-demokrat,ADVERTISEMENT SCROLL TO CONTINUE WITH CONTENT
Relawan Sambut Meriah Kedatangan Jokowi di KPU,"Jumat, 10 Agu 2018 09:38 WIB",https://www.cnnindonesia.com/nasional/20180810093558-32-321134/relawan-sambut-meriah-kedatangan-jokowi-di-kpu,ADVERTISEMENT SCROLL TO CONTINUE WITH CONTENT
Jokowi Tampil dengan Kemeja Putih Berslogan,Tanggal tidak ditemukan,https://www.cnnindonesia.com/gaya-hidup/20180810091847-277-321132/jokowi-tampil-dengan-kemeja-putih-berslogan,ADVERTISEMENT SCROLL TO CONTINUE WITH CONTENT
"Relawan Jokowi Padati Halaman Gedung Joang, Lalu Lintas Macet","Jumat, 10 Agu 2018 08:35 WIB",https://www.cnnindonesia.com/nasional/20180810082235-32-321126/relawan-jokowi-padati-halaman-gedung-joang-lalu-lintas-macet,ADVERTISEMENT SCROLL TO CONTINUE WITH CONTENT
Jokowi-Ma'ruf Amin Disebut Bakal Atasi Isu Islamofobia,"Jumat, 10 Agu 2018 08:22 WIB",https://www.cnnindonesia.com/nasional/20180810074848-32-321122/jokowi-maruf-amin-disebut-bakal-atasi-isu-islamofobia,ADVERTISEMENT SCROLL TO CONTINUE WITH CONTENT
Sandi Janji Bangun Ekonomi Indonesia Jadi Mandiri,"Jumat, 10 Agu 2018 07:55 WIB",https://www.cnnindonesia.com/ekonomi/20180810071143-532-321116/sandi-janji-bangun-ekonomi-indonesia-jadi-mandiri,ADVERTISEMENT SCROLL TO CONTINUE WITH CONTENT
Selawat dan Mobil Hias Jadi Pengiring Jokowi-Ma'ruf ke KPU,"Jumat, 10 Agu 2018 07:53 WIB",https://www.cnnindonesia.com/nasional/20180810073050-32-321119/selawat-dan-mobil-hias-jadi-pengiring-jokowi-maruf-ke-kpu,ADVERTISEMENT SCROLL TO CONTINUE WITH CONTENT
"Hari terakhir Pendaftar Pilpres, Jalan Depan KPU Ditutup","Jumat, 10 Agu 2018 07:39 WIB",https://www.cnnindonesia.com/nasional/20180810095019-20-321141/hari-terakhir-pendaftar-pilpres-jalan-depan-kpu-ditutup,ADVERTISEMENT SCROLL TO CONTINUE WITH CONTENT
"Mahfud MD, 'Korban PHP' Cawapres Jokowi di Pilpres 2019","Jumat, 10 Agu 2018 07:29 WIB",https://www.cnnindonesia.com/nasional/20180807131508-32-320188/mahfud-md-korban-php-cawapres-jokowi-di-pilpres-2019,ADVERTISEMENT SCROLL TO CONTINUE WITH CONTENT
Jalan Panjang Jokowi Gandeng Ma'ruf Amin,"Jumat, 10 Agu 2018 06:59 WIB",https://www.cnnindonesia.com/nasional/20180809220022-32-321072/jalan-panjang-jokowi-gandeng-maruf-amin,ADVERTISEMENT SCROLL TO CONTINUE WITH CONTENT
"Prabowo Pilih Sandi, Demokrat di Simpang Jalan Pilpres 2019","Jumat, 10 Agu 2018 06:45 WIB",https://www.cnnindonesia.com/nasional/20180809184104-32-321044/prabowo-pilih-sandi-demokrat-di-simpang-jalan-pilpres-2019,ADVERTISEMENT SCROLL TO CONTINUE WITH CONTENT
"Ma'ruf Amin, Bantalan Jokowi untuk Politik Identitas","Jumat, 10 Agu 2018 06:31 WIB",https://www.cnnindonesia.com/nasional/20180809215908-32-321070/maruf-amin-bantalan-jokowi-untuk-politik-identitas,ADVERTISEMENT SCROLL TO CONTINUE WITH CONTENT
Golkar Tegaskan Ma'ruf Amin Tidak Bebani Partai Koalisi,"Jumat, 10 Agu 2018 05:30 WIB",https://www.cnnindonesia.com/nasional/20180809194013-32-321016/golkar-tegaskan-maruf-amin-tidak-bebani-partai-koalisi,ADVERTISEMENT SCROLL TO CONTINUE WITH CONTENT
Demokrat akan Dukung Salah Satu Paslon Demi Pilpres 2024,"Jumat, 10 Agu 2018 05:21 WIB",https://www.cnnindonesia.com/nasional/20180810031928-32-321102/demokrat-akan-dukung-salah-satu-paslon-demi-pilpres-2024,ADVERTISEMENT SCROLL TO CONTINUE WITH CONTENT
Ketum PPP: Ma'ruf Amin Bisa Redam Isu Kebencian dan SARA,"Jumat, 10 Agu 2018 05:08 WIB",https://www.cnnindonesia.com/nasional/20180810050425-32-321107/ketum-ppp-maruf-amin-bisa-redam-isu-kebencian-dan-sara,ADVERTISEMENT SCROLL TO CONTINUE WITH CONTENT
Cak Imin Terkejut Jokowi Tak Pilih Mahfud Jadi Cawapres,"Jumat, 10 Agu 2018 03:43 WIB",https://www.cnnindonesia.com/nasional/20180809213137-32-321061/cak-imin-terkejut-jokowi-tak-pilih-mahfud-jadi-cawapres,ADVERTISEMENT SCROLL TO CONTINUE WITH CONTENT
"Guyon Ma'ruf ke Cak Imin: JOIN, Jokowi-Ma'ruf Amin","Jumat, 10 Agu 2018 02:48 WIB",https://www.cnnindonesia.com/nasional/20180810023010-32-321099/guyon-maruf-ke-cak-imin-join-jokowi-maruf-amin,ADVERTISEMENT SCROLL TO CONTINUE WITH CONTENT
Ulil: Jokowi Belajar dari Pilgub Jawa Tengah,"Jumat, 10 Agu 2018 02:28 WIB",https://www.cnnindonesia.com/nasional/20180809214835-32-321064/ulil-jokowi-belajar-dari-pilgub-jawa-tengah,ADVERTISEMENT SCROLL TO CONTINUE WITH CONTENT
Rapat Majelis Tinggi Demokrat Akan Dukung Satu Paslon Pilpres,"Jumat, 10 Agu 2018 01:25 WIB",https://www.cnnindonesia.com/nasional/20180810012520-32-321096/rapat-majelis-tinggi-demokrat-akan-dukung-satu-paslon-pilpres,ADVERTISEMENT SCROLL TO CONTINUE WITH CONTENT
Ma'ruf Amin Mengaku Awalnya Hanya Cawapres Cadangan Jokowi,"Kamis, 09 Agu 2018 23:17 WIB",https://www.cnnindonesia.com/nasional/20180809230357-32-321082/maruf-amin-mengaku-awalnya-hanya-cawapres-cadangan-jokowi,ADVERTISEMENT SCROLL TO CONTINUE WITH CONTENT
"Ma'ruf Amin: Kalau Tak Ada Cak Imin, Saya Bukan Cawapres","Kamis, 09 Agu 2018 23:16 WIB",https://www.cnnindonesia.com/nasional/20180809230859-32-321081/maruf-amin-kalau-tak-ada-cak-imin-saya-bukan-cawapres,ADVERTISEMENT SCROLL TO CONTINUE WITH CONTENT
Demokrat Ancam Tinggalkan Prabowo,"Kamis, 09 Agu 2018 22:57 WIB",https://www.cnnindonesia.com/nasional/20180809224939-32-321079/demokrat-ancam-tinggalkan-prabowo,ADVERTISEMENT SCROLL TO CONTINUE WITH CONTENT
Ma'ruf Amin Janjikan Lima Hal Jika Terpilih,"Kamis, 09 Agu 2018 22:47 WIB",https://www.cnnindonesia.com/nasional/20180809222608-32-321076/maruf-amin-janjikan-lima-hal-jika-terpilih,ADVERTISEMENT SCROLL TO CONTINUE WITH CONTENT
Mahfud: Jokowi Tak Usah Merasa Bersalah,"Kamis, 09 Agu 2018 22:41 WIB",https://www.cnnindonesia.com/nasional/20180809223339-32-321077/mahfud-jokowi-tak-usah-merasa-bersalah,ADVERTISEMENT SCROLL TO CONTINUE WITH CONTENT
Menu Santap Malam Jokowi dan Koalisi di Plataran Menteng,Tanggal tidak ditemukan,https://www.cnnindonesia.com/gaya-hidup/20180809223433-262-321075/menu-santap-malam-jokowi-dan-koalisi-di-plataran-menteng,ADVERTISEMENT SCROLL TO CONTINUE WITH CONTENT
Airlangga Klaim JK Masuk Timses Jokowi-Ma'ruf,"Kamis, 09 Agu 2018 22:26 WIB",https://www.cnnindonesia.com/nasional/20180809215106-32-321066/airlangga-klaim-jk-masuk-timses-jokowi-maruf,ADVERTISEMENT SCROLL TO CONTINUE WITH CONTENT
PKS Persilakan Demokrat Hengkang dari Koalisi Prabowo,"Kamis, 09 Agu 2018 22:18 WIB",https://www.cnnindonesia.com/nasional/20180809221505-32-321069/pks-persilakan-demokrat-hengkang-dari-koalisi-prabowo,ADVERTISEMENT SCROLL TO CONTINUE WITH CONTENT
Megawati dan Jokowi Tertawa Saat Ditanya soal Mahfud MD,"Kamis, 09 Agu 2018 21:28 WIB",https://www.cnnindonesia.com/nasional/20180809210030-32-321048/megawati-dan-jokowi-tertawa-saat-ditanya-soal-mahfud-md,ADVERTISEMENT SCROLL TO CONTINUE WITH CONTENT
"Ma'ruf Amin: Jokowi Menghargai Ulama, Harus Dibalas Dukungan","Kamis, 09 Agu 2018 21:26 WIB",https://www.cnnindonesia.com/nasional/20180809194515-32-321033/maruf-amin-jokowi-menghargai-ulama-harus-dibalas-dukungan,ADVERTISEMENT SCROLL TO CONTINUE WITH CONTENT
Ketum PAN: Jokowi-Ma'ruf Amin Kombinasi Bagus,"Kamis, 09 Agu 2018 21:15 WIB",https://www.cnnindonesia.com/nasional/20180809211107-32-321049/ketum-pan-jokowi-maruf-amin-kombinasi-bagus,ADVERTISEMENT SCROLL TO CONTINUE WITH CONTENT
Relawan Jokowi Harap Ma'ruf Amin Rangkul Semua Agama dan Suku,"Kamis, 09 Agu 2018 21:12 WIB",https://www.cnnindonesia.com/nasional/20180809210533-32-321045/relawan-jokowi-harap-maruf-amin-rangkul-semua-agama-dan-suku,ADVERTISEMENT SCROLL TO CONTINUE WITH CONTENT
Deklarasi Cawapres Jokowi: Baju Kerah Koko dan Sneaker Hitam,Tanggal tidak ditemukan,https://www.cnnindonesia.com/gaya-hidup/20180809183317-277-320993/deklarasi-cawapres-jokowi-baju-kerah-koko-dan-sneaker-hitam,ADVERTISEMENT SCROLL TO CONTINUE WITH CONTENT
"Jokowi Pilih Ma'ruf, PAN Minta Prabowo Pilih Cawapres Ulama","Kamis, 09 Agu 2018 20:56 WIB",https://www.cnnindonesia.com/nasional/20180809203806-32-321038/jokowi-pilih-maruf-pan-minta-prabowo-pilih-cawapres-ulama,ADVERTISEMENT SCROLL TO CONTINUE WITH CONTENT
PKS Masih Ngotot Prabowo Harus Gandeng Salim Segaf di Pilpres,"Kamis, 09 Agu 2018 20:53 WIB",https://www.cnnindonesia.com/nasional/20180809204325-32-321039/pks-masih-ngotot-prabowo-harus-gandeng-salim-segaf-di-pilpres,ADVERTISEMENT SCROLL TO CONTINUE WITH CONTENT
"Nasionalis-Religius, Alasan Jokowi Gandeng Ma'ruf Amin","Kamis, 09 Agu 2018 20:50 WIB",https://www.cnnindonesia.com/nasional/20180809183905-32-320995/nasionalis-religius-alasan-jokowi-gandeng-maruf-amin,ADVERTISEMENT SCROLL TO CONTINUE WITH CONTENT
