Judul,Tanggal,Link,Isi Berita
"Pewaris Kekerasan, Sosok Hun Sen di Mata Oposisi","Minggu, 29 Jul 2018 16:35 WIB",https://www.cnnindonesia.com/internasional/20180727202121-106-317617/pewaris-kekerasan-sosok-hun-sen-di-mata-oposisi,ADVERTISEMENT SCROLL TO CONTINUE WITH CONTENT
"TPS Tutup, Partai Hun Sen Klaim Bakal Menang Telak","Minggu, 29 Jul 2018 16:00 WIB",https://www.cnnindonesia.com/internasional/20180729155555-106-317878/tps-tutup-partai-hun-sen-klaim-bakal-menang-telak,ADVERTISEMENT SCROLL TO CONTINUE WITH CONTENT
SBY dan Prabowo Matangkan Arah Koalisi Malam Ini,"Minggu, 29 Jul 2018 15:08 WIB",https://www.cnnindonesia.com/nasional/20180729145701-32-317872/sby-dan-prabowo-matangkan-arah-koalisi-malam-ini,ADVERTISEMENT SCROLL TO CONTINUE WITH CONTENT
Fakta-fakta soal Pemilu Kamboja 2018,"Minggu, 29 Jul 2018 15:01 WIB",https://www.cnnindonesia.com/internasional/20180729030218-106-317798/fakta-fakta-soal-pemilu-kamboja-2018,ADVERTISEMENT SCROLL TO CONTINUE WITH CONTENT
"Hun Sen, si Mantan Anggota Khmer Merah Pemimpin Kamboja","Minggu, 29 Jul 2018 13:00 WIB",https://www.cnnindonesia.com/internasional/20180728151213-106-317734/hun-sen-si-mantan-anggota-khmer-merah-pemimpin-kamboja,ADVERTISEMENT SCROLL TO CONTINUE WITH CONTENT
INFOGRAFIS: Fakta-Fakta Pemilu Kamboja 2018,"Minggu, 29 Jul 2018 11:46 WIB",https://www.cnnindonesia.com/internasional/20180729035817-109-317799/infografis-fakta-fakta-pemilu-kamboja-2018,
Pemilu Kamboja 2018 Dikecam 'Palsu',"Minggu, 29 Jul 2018 10:10 WIB",https://www.cnnindonesia.com/internasional/20180729075614-106-317805/pemilu-kamboja-2018-dikecam-palsu,ADVERTISEMENT SCROLL TO CONTINUE WITH CONTENT
Kamboja Gelar Pemilihan Umum,"Minggu, 29 Jul 2018 08:37 WIB",https://www.cnnindonesia.com/internasional/20180729081549-106-317816/kamboja-gelar-pemilihan-umum,ADVERTISEMENT SCROLL TO CONTINUE WITH CONTENT
"Bandingkan dengan Jokowi, Nusron Sindir SBY Kerap Mengeluh","Minggu, 29 Jul 2018 02:55 WIB",https://www.cnnindonesia.com/nasional/20180729025537-32-317795/bandingkan-dengan-jokowi-nusron-sindir-sby-kerap-mengeluh,ADVERTISEMENT SCROLL TO CONTINUE WITH CONTENT
Respons PDIP atas Forum Ijtima Ulama soal Ganti Presiden,"Minggu, 29 Jul 2018 02:50 WIB",https://www.cnnindonesia.com/nasional/20180729024213-20-317794/respons-pdip-atas-forum-ijtima-ulama-soal-ganti-presiden,ADVERTISEMENT SCROLL TO CONTINUE WITH CONTENT
Golkar Optimis JK Tetap Bantu Jokowi Meski Tak Jadi Cawapres,"Minggu, 29 Jul 2018 01:58 WIB",https://www.cnnindonesia.com/nasional/20180729014236-32-317792/golkar-optimis-jk-tetap-bantu-jokowi-meski-tak-jadi-cawapres,ADVERTISEMENT SCROLL TO CONTINUE WITH CONTENT
"TGB Merapat ke Jokowi, GNPF Tak Rugi Karena Punya Aher","Minggu, 29 Jul 2018 00:53 WIB",https://www.cnnindonesia.com/nasional/20180728181425-32-317759/tgb-merapat-ke-jokowi-gnpf-tak-rugi-karena-punya-aher,ADVERTISEMENT SCROLL TO CONTINUE WITH CONTENT
Dubes RI: Suasana Kamboja Jelang Pemilu Kondusif,"Minggu, 29 Jul 2018 00:12 WIB",https://www.cnnindonesia.com/internasional/20180728142702-106-317730/dubes-ri-suasana-kamboja-jelang-pemilu-kondusif,ADVERTISEMENT SCROLL TO CONTINUE WITH CONTENT
Yusuf Supendi Ingin Koordinasikan 1000 Ulama Bertemu Jokowi,"Sabtu, 28 Jul 2018 23:24 WIB",https://www.cnnindonesia.com/nasional/20180728214354-32-317787/yusuf-supendi-ingin-koordinasikan-1000-ulama-bertemu-jokowi,ADVERTISEMENT SCROLL TO CONTINUE WITH CONTENT
Alumni UGM Bentuk Relawan Dukung Jokowi,"Sabtu, 28 Jul 2018 21:14 WIB",https://www.cnnindonesia.com/nasional/20180728204212-32-317784/alumni-ugm-bentuk-relawan-dukung-jokowi,ADVERTISEMENT SCROLL TO CONTINUE WITH CONTENT
Biksu Kamboja Terbagi Dua Kubu Terkait Pemilu,"Sabtu, 28 Jul 2018 21:01 WIB",https://www.cnnindonesia.com/internasional/20180728134952-106-317718/biksu-kamboja-terbagi-dua-kubu-terkait-pemilu,ADVERTISEMENT SCROLL TO CONTINUE WITH CONTENT
"Ngabalin: Ulama Representasi Nabi, Jangan Dibawa ke Politik","Sabtu, 28 Jul 2018 20:27 WIB",https://www.cnnindonesia.com/nasional/20180728191335-32-317775/ngabalin-ulama-representasi-nabi-jangan-dibawa-ke-politik,ADVERTISEMENT SCROLL TO CONTINUE WITH CONTENT
"Soal AHY, GNPF Minta SBY Contoh Megawati atau Tiru Sandiaga","Sabtu, 28 Jul 2018 19:15 WIB",https://www.cnnindonesia.com/nasional/20180728185820-32-317770/soal-ahy-gnpf-minta-sby-contoh-megawati-atau-tiru-sandiaga,ADVERTISEMENT SCROLL TO CONTINUE WITH CONTENT
"Isu Ekonomi, Peluru dari Oposisi untuk Jokowi Jelang Pilpres","Sabtu, 28 Jul 2018 18:25 WIB",https://www.cnnindonesia.com/nasional/20180728153520-32-317738/isu-ekonomi-peluru-dari-oposisi-untuk-jokowi-jelang-pilpres,ADVERTISEMENT SCROLL TO CONTINUE WITH CONTENT
"Kriteria Capres Ijtima Ulama, Islam dan Berpihak pada Pribumi","Sabtu, 28 Jul 2018 17:17 WIB",https://www.cnnindonesia.com/nasional/20180728160527-32-317741/kriteria-capres-ijtima-ulama-islam-dan-berpihak-pada-pribumi,ADVERTISEMENT SCROLL TO CONTINUE WITH CONTENT
Kamboja Bersiap Adakan Pemilu Tanpa Oposisi Kuat,"Sabtu, 28 Jul 2018 15:40 WIB",https://www.cnnindonesia.com/internasional/20180728132317-106-317716/kamboja-bersiap-adakan-pemilu-tanpa-oposisi-kuat,ADVERTISEMENT SCROLL TO CONTINUE WITH CONTENT
GNPF Ulama Enggan Dukung JK Maju Cawapres 2019,"Sabtu, 28 Jul 2018 14:50 WIB",https://www.cnnindonesia.com/nasional/20180728143801-32-317729/gnpf-ulama-enggan-dukung-jk-maju-cawapres-2019,ADVERTISEMENT SCROLL TO CONTINUE WITH CONTENT
"Jokowi Santap Siang Bersama Ketum Perindo, PSI, PKPI","Sabtu, 28 Jul 2018 14:08 WIB",https://www.cnnindonesia.com/nasional/20180728135424-32-317720/jokowi-santap-siang-bersama-ketum-perindo-psi-pkpi,ADVERTISEMENT SCROLL TO CONTINUE WITH CONTENT
"Belum 'Sowan' ke Rizieq, SBY Tak Diundang ke Ijtima Ulama","Sabtu, 28 Jul 2018 13:44 WIB",https://www.cnnindonesia.com/nasional/20180728132950-32-317717/belum-sowan-ke-rizieq-sby-tak-diundang-ke-ijtima-ulama,ADVERTISEMENT SCROLL TO CONTINUE WITH CONTENT
Panggung 'Drama' SBY dan Upaya 'Menjual' AHY di Pilpres 2019,"Sabtu, 28 Jul 2018 12:14 WIB",https://www.cnnindonesia.com/nasional/20180727205846-32-317625/panggung-drama-sby-dan-upaya-menjual-ahy-di-pilpres-2019,ADVERTISEMENT SCROLL TO CONTINUE WITH CONTENT
OTT Adik Zulhas Dinilai Dorong Pesimisme Publik pada Parpol,"Sabtu, 28 Jul 2018 10:39 WIB",https://www.cnnindonesia.com/nasional/20180727204619-32-317618/ott-adik-zulhas-dinilai-dorong-pesimisme-publik-pada-parpol,ADVERTISEMENT SCROLL TO CONTINUE WITH CONTENT
KPU: Penetapan Pasangan Capres-Cawapres pada 20 September,"Sabtu, 28 Jul 2018 05:57 WIB",https://www.cnnindonesia.com/nasional/20180727215205-32-317631/kpu-penetapan-pasangan-capres-cawapres-pada-20-september,ADVERTISEMENT SCROLL TO CONTINUE WITH CONTENT
KPU Tunggu Putusan MK Terkait Masa Jabatan Wapres,"Sabtu, 28 Jul 2018 05:35 WIB",https://www.cnnindonesia.com/nasional/20180728050716-32-317650/kpu-tunggu-putusan-mk-terkait-masa-jabatan-wapres,ADVERTISEMENT SCROLL TO CONTINUE WITH CONTENT
"Izin Jatuh Tempo Lewat, Anies Disebut Masih Bisa Nyapres","Sabtu, 28 Jul 2018 05:07 WIB",https://www.cnnindonesia.com/nasional/20180727160242-32-317510/izin-jatuh-tempo-lewat-anies-disebut-masih-bisa-nyapres,ADVERTISEMENT SCROLL TO CONTINUE WITH CONTENT
"Protes Hasil Pemilu Pakistan, Partai Tuntut Pemilu Ulang","Sabtu, 28 Jul 2018 05:00 WIB",https://www.cnnindonesia.com/internasional/20180728034154-113-317648/protes-hasil-pemilu-pakistan-partai-tuntut-pemilu-ulang,ADVERTISEMENT SCROLL TO CONTINUE WITH CONTENT
KPU Larang Caleg Maju Jadi Capres,"Sabtu, 28 Jul 2018 04:57 WIB",https://www.cnnindonesia.com/nasional/20180728042918-32-317649/kpu-larang-caleg-maju-jadi-capres,ADVERTISEMENT SCROLL TO CONTINUE WITH CONTENT
GNPF Disebut Dorong Prabowo Hingga Zulhas Maju Pilpres 2019,"Sabtu, 28 Jul 2018 04:35 WIB",https://www.cnnindonesia.com/nasional/20180727165848-32-317543/gnpf-disebut-dorong-prabowo-hingga-zulhas-maju-pilpres-2019,ADVERTISEMENT SCROLL TO CONTINUE WITH CONTENT
Pakar: OSO Mestinya Paham Posisi Pimpinan Lembaga Negara,"Sabtu, 28 Jul 2018 03:00 WIB",https://www.cnnindonesia.com/nasional/20180727194556-32-317588/pakar-oso-mestinya-paham-posisi-pimpinan-lembaga-negara,ADVERTISEMENT SCROLL TO CONTINUE WITH CONTENT
Gugatan soal Syarat Cawapres Dinilai Mustahil Terkabul,"Jumat, 27 Jul 2018 23:21 WIB",https://www.cnnindonesia.com/nasional/20180727135616-32-317481/gugatan-soal-syarat-cawapres-dinilai-mustahil-terkabul,ADVERTISEMENT SCROLL TO CONTINUE WITH CONTENT
"Prabowo Sebut Koalisi Gerindra, PKS, PAN Sudah 'De Facto'","Jumat, 27 Jul 2018 22:34 WIB",https://www.cnnindonesia.com/nasional/20180727222736-32-317633/prabowo-sebut-koalisi-gerindra-pks-pan-sudah-de-facto,ADVERTISEMENT SCROLL TO CONTINUE WITH CONTENT
"Ingin 2019 Ganti Presiden, Jubir HTI Hadiri Ijtima Ulama","Jumat, 27 Jul 2018 19:45 WIB",https://www.cnnindonesia.com/nasional/20180727193944-12-317577/ingin-2019-ganti-presiden-jubir-hti-hadiri-ijtima-ulama,ADVERTISEMENT SCROLL TO CONTINUE WITH CONTENT
Lima Ketum Parpol Akan Pidato di Forum Ijtima Ulama,"Jumat, 27 Jul 2018 19:12 WIB",https://www.cnnindonesia.com/nasional/20180727190111-32-317567/lima-ketum-parpol-akan-pidato-di-forum-ijtima-ulama,ADVERTISEMENT SCROLL TO CONTINUE WITH CONTENT
Imran Khan Klaim Menang Pemilu Pakistan,"Jumat, 27 Jul 2018 13:35 WIB",https://www.cnnindonesia.com/internasional/20180727132818-113-317441/imran-khan-klaim-menang-pemilu-pakistan,ADVERTISEMENT SCROLL TO CONTINUE WITH CONTENT
PKS Sarankan AHY Jadi Menteri Dulu Ketimbang Cawapres,"Jumat, 27 Jul 2018 13:17 WIB",https://www.cnnindonesia.com/nasional/20180727130145-32-317421/pks-sarankan-ahy-jadi-menteri-dulu-ketimbang-cawapres,ADVERTISEMENT SCROLL TO CONTINUE WITH CONTENT
PM Kamboja Sebut Oposisi Pengkhianat Negara,"Jumat, 27 Jul 2018 12:32 WIB",https://www.cnnindonesia.com/internasional/20180727113818-106-317408/pm-kamboja-sebut-oposisi-pengkhianat-negara,ADVERTISEMENT SCROLL TO CONTINUE WITH CONTENT
"Diduga Halangi Penegakan Hukum, Twitter Trump Diselidiki","Jumat, 27 Jul 2018 12:05 WIB",https://www.cnnindonesia.com/internasional/20180727114239-134-317410/diduga-halangi-penegakan-hukum-twitter-trump-diselidiki,ADVERTISEMENT SCROLL TO CONTINUE WITH CONTENT
Cohen Sebut Trump Tahu Pertemuan Tim Kampanye dengan Rusia,"Jumat, 27 Jul 2018 11:35 WIB",https://www.cnnindonesia.com/internasional/20180727111758-134-317406/cohen-sebut-trump-tahu-pertemuan-tim-kampanye-dengan-rusia,ADVERTISEMENT SCROLL TO CONTINUE WITH CONTENT
"Isu Penculikan Aktivis, Risiko Politik Prabowo Jelang Pilpres","Jumat, 27 Jul 2018 11:08 WIB",https://www.cnnindonesia.com/nasional/20180727105003-32-317397/isu-penculikan-aktivis-risiko-politik-prabowo-jelang-pilpres,ADVERTISEMENT SCROLL TO CONTINUE WITH CONTENT
Keberadaan Wapres JK dinilai Tak Berpengaruh Banyak di MK,"Jumat, 27 Jul 2018 06:08 WIB",https://www.cnnindonesia.com/nasional/20180726200622-12-317323/keberadaan-wapres-jk-dinilai-tak-berpengaruh-banyak-di-mk,ADVERTISEMENT SCROLL TO CONTINUE WITH CONTENT
Gugatan Syarat Cawapres Diibaratkan Membuka Kotak Pandora,"Jumat, 27 Jul 2018 04:01 WIB",https://www.cnnindonesia.com/nasional/20180726164610-32-317278/gugatan-syarat-cawapres-diibaratkan-membuka-kotak-pandora,ADVERTISEMENT SCROLL TO CONTINUE WITH CONTENT
Gerindra: Penggantian Bacaleg M Taufik Tergantung Putusan MA,"Jumat, 27 Jul 2018 01:49 WIB",https://www.cnnindonesia.com/nasional/20180726214238-32-317348/gerindra-penggantian-bacaleg-m-taufik-tergantung-putusan-ma,ADVERTISEMENT SCROLL TO CONTINUE WITH CONTENT
Yusril: Putusan MK Tolak DPD dari Parpol Tak Perlu Dipatuhi,"Jumat, 27 Jul 2018 01:21 WIB",https://www.cnnindonesia.com/nasional/20180726210642-32-317341/yusril-putusan-mk-tolak-dpd-dari-parpol-tak-perlu-dipatuhi,ADVERTISEMENT SCROLL TO CONTINUE WITH CONTENT
KPU Bakal Bolehkan Kader Parpol Calon DPD Jadi Caleg DPR,"Jumat, 27 Jul 2018 00:10 WIB",https://www.cnnindonesia.com/nasional/20180726143407-32-317178/kpu-bakal-bolehkan-kader-parpol-calon-dpd-jadi-caleg-dpr,ADVERTISEMENT SCROLL TO CONTINUE WITH CONTENT
Fadli Nilai Gugatan Masa Jabatan Wapres Bisa Rusak Konstitusi,"Kamis, 26 Jul 2018 23:40 WIB",https://www.cnnindonesia.com/nasional/20180726142327-32-317198/fadli-nilai-gugatan-masa-jabatan-wapres-bisa-rusak-konstitusi,ADVERTISEMENT SCROLL TO CONTINUE WITH CONTENT
"Soal Cawapres, Akbar Tandjung Pilih Airlangga Ketimbang JK","Kamis, 26 Jul 2018 23:00 WIB",https://www.cnnindonesia.com/nasional/20180726225519-32-317350/soal-cawapres-akbar-tandjung-pilih-airlangga-ketimbang-jk,ADVERTISEMENT SCROLL TO CONTINUE WITH CONTENT
Amien Rais Yakin JK Tak Mungkin Kembali Jadi Cawapres Jokowi,"Kamis, 26 Jul 2018 22:50 WIB",https://www.cnnindonesia.com/nasional/20180726163706-32-317254/amien-rais-yakin-jk-tak-mungkin-kembali-jadi-cawapres-jokowi,ADVERTISEMENT SCROLL TO CONTINUE WITH CONTENT
Pakar: Wajar Jika AHY Dipilih Jadi Cawapres Prabowo,"Kamis, 26 Jul 2018 22:38 WIB",https://www.cnnindonesia.com/nasional/20180726172430-32-317276/pakar-wajar-jika-ahy-dipilih-jadi-cawapres-prabowo,ADVERTISEMENT SCROLL TO CONTINUE WITH CONTENT
"Sengketa Pilkada, Bupati Nduga Disebut Janjikan Papua Merdeka","Kamis, 26 Jul 2018 20:23 WIB",https://www.cnnindonesia.com/nasional/20180726193958-32-317318/sengketa-pilkada-bupati-nduga-disebut-janjikan-papua-merdeka,ADVERTISEMENT SCROLL TO CONTINUE WITH CONTENT
Jejak Retak dan Luka Lama Hubungan SBY-Megawati,"Kamis, 26 Jul 2018 20:14 WIB",https://www.cnnindonesia.com/nasional/20180726170111-32-317256/jejak-retak-dan-luka-lama-hubungan-sby-megawati,ADVERTISEMENT SCROLL TO CONTINUE WITH CONTENT
Masinton Bela Mendagri soal Yel-yel Jokowi Dua Periode,"Kamis, 26 Jul 2018 19:53 WIB",https://www.cnnindonesia.com/nasional/20180726183443-20-317294/masinton-bela-mendagri-soal-yel-yel-jokowi-dua-periode,ADVERTISEMENT SCROLL TO CONTINUE WITH CONTENT
Kisah Mahathir Diwarisi Pejabat Korup,"Kamis, 26 Jul 2018 18:48 WIB",https://www.cnnindonesia.com/internasional/20180726181101-106-317285/kisah-mahathir-diwarisi-pejabat-korup,ADVERTISEMENT SCROLL TO CONTINUE WITH CONTENT
"PBB Sengketa Pemilu Lagi, Yusril Tuding KPU Arogan","Kamis, 26 Jul 2018 17:07 WIB",https://www.cnnindonesia.com/nasional/20180726161954-32-317243/pbb-sengketa-pemilu-lagi-yusril-tuding-kpu-arogan,ADVERTISEMENT SCROLL TO CONTINUE WITH CONTENT
"Imran Khan Unggul dalam Pemilu Pakistan, Lawan Tuding Curang","Kamis, 26 Jul 2018 16:40 WIB",https://www.cnnindonesia.com/internasional/20180726163221-113-317245/imran-khan-unggul-dalam-pemilu-pakistan-lawan-tuding-curang,ADVERTISEMENT SCROLL TO CONTINUE WITH CONTENT
Cak Imin Minta Pengurus Partai Taati Putusan MK Terkait DPD,"Kamis, 26 Jul 2018 15:26 WIB",https://www.cnnindonesia.com/nasional/20180726132937-32-317143/cak-imin-minta-pengurus-partai-taati-putusan-mk-terkait-dpd,ADVERTISEMENT SCROLL TO CONTINUE WITH CONTENT
"Di Depan Ulama, Jokowi Tak Ingin Pemilu Rusak Persaudaraan","Kamis, 26 Jul 2018 14:40 WIB",https://www.cnnindonesia.com/nasional/20180726131615-32-317138/di-depan-ulama-jokowi-tak-ingin-pemilu-rusak-persaudaraan,ADVERTISEMENT SCROLL TO CONTINUE WITH CONTENT
KPU Kembalikan Berkas 199 Caleg DPRD Eks Koruptor,"Kamis, 26 Jul 2018 13:05 WIB",https://www.cnnindonesia.com/nasional/20180726125153-32-317130/kpu-kembalikan-berkas-199-caleg-dprd-eks-koruptor,ADVERTISEMENT SCROLL TO CONTINUE WITH CONTENT
"KBRI Pantau Kericuhan Pemilu Pakistan, Imbau WNI Waspada","Kamis, 26 Jul 2018 12:42 WIB",https://www.cnnindonesia.com/internasional/20180726122234-113-317126/kbri-pantau-kericuhan-pemilu-pakistan-imbau-wni-waspada,ADVERTISEMENT SCROLL TO CONTINUE WITH CONTENT
Fadli Zon Sebut Eks Koruptor Jadi Caleg Sudah Menebus Dosa,"Kamis, 26 Jul 2018 12:30 WIB",https://www.cnnindonesia.com/nasional/20180726121833-32-317122/fadli-zon-sebut-eks-koruptor-jadi-caleg-sudah-menebus-dosa,ADVERTISEMENT SCROLL TO CONTINUE WITH CONTENT
KPU Pakistan Bantah Tudingan Manipulasi Penghitungan Suara,"Kamis, 26 Jul 2018 10:44 WIB",https://www.cnnindonesia.com/internasional/20180726101633-113-317081/kpu-pakistan-bantah-tudingan-manipulasi-penghitungan-suara,ADVERTISEMENT SCROLL TO CONTINUE WITH CONTENT
Cerita Joko Widodo Jadi Caleg PKS di Jawa Tengah,"Kamis, 26 Jul 2018 10:43 WIB",https://www.cnnindonesia.com/nasional/20180726093323-32-317074/cerita-joko-widodo-jadi-caleg-pks-di-jawa-tengah,ADVERTISEMENT SCROLL TO CONTINUE WITH CONTENT
PDIP: Keluhan SBY kepada Megawati demi Kepentingan AHY,"Kamis, 26 Jul 2018 10:20 WIB",https://www.cnnindonesia.com/nasional/20180726093853-32-317080/pdip-keluhan-sby-kepada-megawati-demi-kepentingan-ahy,ADVERTISEMENT SCROLL TO CONTINUE WITH CONTENT
Pemerintah Diminta Jelaskan Penyelesaian Utang BLBI Sjamsul,"Kamis, 26 Jul 2018 09:33 WIB",https://www.cnnindonesia.com/nasional/20180725192214-12-316994/pemerintah-diminta-jelaskan-penyelesaian-utang-blbi-sjamsul,ADVERTISEMENT SCROLL TO CONTINUE WITH CONTENT
Perindo Ungkap Kepentingan Gugat Masa Jabatan Wapres ke MK,"Kamis, 26 Jul 2018 08:50 WIB",https://www.cnnindonesia.com/nasional/20180725191505-32-317037/perindo-ungkap-kepentingan-gugat-masa-jabatan-wapres-ke-mk,ADVERTISEMENT SCROLL TO CONTINUE WITH CONTENT
Bawaslu: 199 Mantan Koruptor Daftar Caleg DPRD,"Kamis, 26 Jul 2018 08:31 WIB",https://www.cnnindonesia.com/nasional/20180726075228-32-317061/bawaslu-199-mantan-koruptor-daftar-caleg-dprd,ADVERTISEMENT SCROLL TO CONTINUE WITH CONTENT
Bawaslu Imbau Pejabat yang Nyaleg Tak Pakai Fasilitas Negara,"Kamis, 26 Jul 2018 07:16 WIB",https://www.cnnindonesia.com/nasional/20180725175538-32-316956/bawaslu-imbau-pejabat-yang-nyaleg-tak-pakai-fasilitas-negara,ADVERTISEMENT SCROLL TO CONTINUE WITH CONTENT
Partai Nawaz Tolak Hasil Perhitungan Awal Pemilu Pakistan,"Kamis, 26 Jul 2018 05:49 WIB",https://www.cnnindonesia.com/internasional/20180726051718-113-317048/partai-nawaz-tolak-hasil-perhitungan-awal-pemilu-pakistan,ADVERTISEMENT SCROLL TO CONTINUE WITH CONTENT
"Wasekjen Cuitkan Demokrat Berkoalisi ke Gerindra, PAN, PKS","Kamis, 26 Jul 2018 05:29 WIB",https://www.cnnindonesia.com/nasional/20180726015355-32-317045/wasekjen-cuitkan-demokrat-berkoalisi-ke-gerindra-pan-pks,ADVERTISEMENT SCROLL TO CONTINUE WITH CONTENT
Anies Enggan Tanggapi PP Soal Izin 'Nyapres',"Kamis, 26 Jul 2018 04:40 WIB",https://www.cnnindonesia.com/nasional/20180726005738-20-317044/anies-enggan-tanggapi-pp-soal-izin-nyapres,ADVERTISEMENT SCROLL TO CONTINUE WITH CONTENT
"Longsor Tambang Myanmar, 27 Orang Dikhawatirkan Tewas","Kamis, 26 Jul 2018 04:12 WIB",https://www.cnnindonesia.com/internasional/20180725174039-106-316951/longsor-tambang-myanmar-27-orang-dikhawatirkan-tewas,ADVERTISEMENT SCROLL TO CONTINUE WITH CONTENT
PBB dan Golkar Ajukan Sengketa Bacaleg ke Bawaslu,"Kamis, 26 Jul 2018 03:30 WIB",https://www.cnnindonesia.com/nasional/20180725184506-32-316978/pbb-dan-golkar-ajukan-sengketa-bacaleg-ke-bawaslu,ADVERTISEMENT SCROLL TO CONTINUE WITH CONTENT
SBY: Hubungan Saya dengan Ibu Megawati Belum Pulih,"Rabu, 25 Jul 2018 21:50 WIB",https://www.cnnindonesia.com/nasional/20180725214609-32-317032/sby-hubungan-saya-dengan-ibu-megawati-belum-pulih,ADVERTISEMENT SCROLL TO CONTINUE WITH CONTENT
Pemilih Pertama Pemilu Pakistan Khawatirkan Kecurangan,"Rabu, 25 Jul 2018 18:54 WIB",https://www.cnnindonesia.com/internasional/20180725083516-113-316770/pemilih-pertama-pemilu-pakistan-khawatirkan-kecurangan,ADVERTISEMENT SCROLL TO CONTINUE WITH CONTENT
Jokowi Minta Masyarakat Jangan Mudah Dikompori Politisi,"Rabu, 25 Jul 2018 18:24 WIB",https://www.cnnindonesia.com/nasional/20180725174811-32-316955/jokowi-minta-masyarakat-jangan-mudah-dikompori-politisi,ADVERTISEMENT SCROLL TO CONTINUE WITH CONTENT
Kader PDIP Sebut Demokrat Partai Menengah Ekspektasi Tinggi,"Rabu, 25 Jul 2018 17:47 WIB",https://www.cnnindonesia.com/nasional/20180725164132-32-316942/kader-pdip-sebut-demokrat-partai-menengah-ekspektasi-tinggi,ADVERTISEMENT SCROLL TO CONTINUE WITH CONTENT
Fahri Klaim Gerakan Anti-Jokowi Makin Menguat,"Rabu, 25 Jul 2018 17:29 WIB",https://www.cnnindonesia.com/nasional/20180725162810-32-316922/fahri-klaim-gerakan-anti-jokowi-makin-menguat,ADVERTISEMENT SCROLL TO CONTINUE WITH CONTENT
Lima Tantangan Bayangi Pemenang Pemilu Pakistan,"Rabu, 25 Jul 2018 16:02 WIB",https://www.cnnindonesia.com/internasional/20180725121045-113-316832/lima-tantangan-bayangi-pemenang-pemilu-pakistan,ADVERTISEMENT SCROLL TO CONTINUE WITH CONTENT
"Selain Milik Prabowo, Polri Belum Terbitkan SKCK Capres Lain","Rabu, 25 Jul 2018 15:34 WIB",https://www.cnnindonesia.com/nasional/20180725152216-12-316887/selain-milik-prabowo-polri-belum-terbitkan-skck-capres-lain,ADVERTISEMENT SCROLL TO CONTINUE WITH CONTENT
"Pemilu Pakistan, Bom Bunuh Diri di TPS Tewaskan 28 Orang","Rabu, 25 Jul 2018 14:51 WIB",https://www.cnnindonesia.com/internasional/20180725143751-113-316874/pemilu-pakistan-bom-bunuh-diri-di-tps-tewaskan-28-orang,ADVERTISEMENT SCROLL TO CONTINUE WITH CONTENT
"Pemilu Pakistan, Khan Berharap Kalahkan Partai Eks-PM Korup","Rabu, 25 Jul 2018 14:09 WIB",https://www.cnnindonesia.com/internasional/20180725115628-113-316807/pemilu-pakistan-khan-berharap-kalahkan-partai-eks-pm-korup,ADVERTISEMENT SCROLL TO CONTINUE WITH CONTENT
"Disuntik Rp8 Triliun, DPR Nilai Persiapan Asian Games Lambat","Rabu, 25 Jul 2018 13:53 WIB",https://www.cnnindonesia.com/nasional/20180725120911-20-316833/disuntik-rp8-triliun-dpr-nilai-persiapan-asian-games-lambat,ADVERTISEMENT SCROLL TO CONTINUE WITH CONTENT
Kutukan Politikus Pakistan: Pemilih Milenial dan Media Sosial,"Rabu, 25 Jul 2018 13:20 WIB",https://www.cnnindonesia.com/internasional/20180724183201-113-316675/kutukan-politikus-pakistan-pemilih-milenial-dan-media-sosial,ADVERTISEMENT SCROLL TO CONTINUE WITH CONTENT
Cerita Transgender Tuntut Pengakuan dalam Pemilu Pakistan,"Rabu, 25 Jul 2018 12:58 WIB",https://www.cnnindonesia.com/internasional/20180725023130-113-316753/cerita-transgender-tuntut-pengakuan-dalam-pemilu-pakistan,ADVERTISEMENT SCROLL TO CONTINUE WITH CONTENT
"Pidato SBY, Alasan Gerindra Yakin Demokrat Tak Dukung Jokowi","Rabu, 25 Jul 2018 12:38 WIB",https://www.cnnindonesia.com/nasional/20180725121242-32-316824/pidato-sby-alasan-gerindra-yakin-demokrat-tak-dukung-jokowi,ADVERTISEMENT SCROLL TO CONTINUE WITH CONTENT
INFOGRAFIS: Pemain Utama Pemilu Pakistan,"Rabu, 25 Jul 2018 12:35 WIB",https://www.cnnindonesia.com/internasional/20180725122747-116-316827/infografis-pemain-utama-pemilu-pakistan,
Melihat Para Pesaing di Pemilu Pakistan,"Rabu, 25 Jul 2018 10:40 WIB",https://www.cnnindonesia.com/internasional/20180720141025-113-315689/melihat-para-pesaing-di-pemilu-pakistan,ADVERTISEMENT SCROLL TO CONTINUE WITH CONTENT
Jokowi Teken Aturan Gubernur Maju Pilpres Harus Izin Presiden,"Rabu, 25 Jul 2018 10:04 WIB",https://www.cnnindonesia.com/nasional/20180725084742-32-316776/jokowi-teken-aturan-gubernur-maju-pilpres-harus-izin-presiden,ADVERTISEMENT SCROLL TO CONTINUE WITH CONTENT
Pakistan Mulai Pemilu Ketat Mantan Atlet lawan Partai Eks-PM,"Rabu, 25 Jul 2018 09:34 WIB",https://www.cnnindonesia.com/internasional/20180725085434-113-316774/pakistan-mulai-pemilu-ketat-mantan-atlet-lawan-partai-eks-pm,ADVERTISEMENT SCROLL TO CONTINUE WITH CONTENT
Bakal Caleg Aceh Berguguran karena Tak Lulus Baca Alquran,"Rabu, 25 Jul 2018 08:40 WIB",https://www.cnnindonesia.com/nasional/20180725080437-32-316768/bakal-caleg-aceh-berguguran-karena-tak-lulus-baca-alquran,ADVERTISEMENT SCROLL TO CONTINUE WITH CONTENT
"Sekuler, Caleg Pakistan Diincar Pendukung Islam Garis Keras","Rabu, 25 Jul 2018 08:34 WIB",https://www.cnnindonesia.com/internasional/20180724153138-113-316609/sekuler-caleg-pakistan-diincar-pendukung-islam-garis-keras,ADVERTISEMENT SCROLL TO CONTINUE WITH CONTENT
SBY: Amanah Reformasi Batasi Jabatan Presiden dan Wapres,"Rabu, 25 Jul 2018 08:22 WIB",https://www.cnnindonesia.com/nasional/20180724221453-32-316742/sby-amanah-reformasi-batasi-jabatan-presiden-dan-wapres,ADVERTISEMENT SCROLL TO CONTINUE WITH CONTENT
Gatot Nurmantyo Ibaratkan Koalisi Jokowi Hegemoni Partai,"Rabu, 25 Jul 2018 05:22 WIB",https://www.cnnindonesia.com/nasional/20180724163308-32-316640/gatot-nurmantyo-ibaratkan-koalisi-jokowi-hegemoni-partai,ADVERTISEMENT SCROLL TO CONTINUE WITH CONTENT
"Tentukan Nasib JK, PDIP Tunggu Putusan MK","Rabu, 25 Jul 2018 04:57 WIB",https://www.cnnindonesia.com/nasional/20180724201436-32-316716/tentukan-nasib-jk-pdip-tunggu-putusan-mk,ADVERTISEMENT SCROLL TO CONTINUE WITH CONTENT
Tommy Soeharto Maju Capres Jika MK Kabulkan Gugatan PT,"Rabu, 25 Jul 2018 04:40 WIB",https://www.cnnindonesia.com/nasional/20180724183345-32-316680/tommy-soeharto-maju-capres-jika-mk-kabulkan-gugatan-pt,ADVERTISEMENT SCROLL TO CONTINUE WITH CONTENT
Sudirman Said Duga Jokowi Dorong JK sebagai Pihak Terkait,"Rabu, 25 Jul 2018 04:30 WIB",https://www.cnnindonesia.com/nasional/20180724190130-32-316709/sudirman-said-duga-jokowi-dorong-jk-sebagai-pihak-terkait,ADVERTISEMENT SCROLL TO CONTINUE WITH CONTENT
Bawaslu Limpahkan Sanksi PNS Tak Netral di Pilkada ke Pemda,"Rabu, 25 Jul 2018 03:50 WIB",https://www.cnnindonesia.com/nasional/20180724143343-20-316581/bawaslu-limpahkan-sanksi-pns-tak-netral-di-pilkada-ke-pemda,ADVERTISEMENT SCROLL TO CONTINUE WITH CONTENT
"Sesalkan MK, OSO Belum Mundur dari Hanura","Rabu, 25 Jul 2018 03:38 WIB",https://www.cnnindonesia.com/nasional/20180724184419-32-316678/sesalkan-mk-oso-belum-mundur-dari-hanura,ADVERTISEMENT SCROLL TO CONTINUE WITH CONTENT
Hanura Akan Laporkan Hakim MK ke Dewan Etik,"Rabu, 25 Jul 2018 02:34 WIB",https://www.cnnindonesia.com/nasional/20180724213445-12-316738/hanura-akan-laporkan-hakim-mk-ke-dewan-etik,ADVERTISEMENT SCROLL TO CONTINUE WITH CONTENT
KPU Akan Minta Surat Pengunduran Diri OSO dari Hanura,"Rabu, 25 Jul 2018 01:00 WIB",https://www.cnnindonesia.com/nasional/20180724161522-32-316632/kpu-akan-minta-surat-pengunduran-diri-oso-dari-hanura,ADVERTISEMENT SCROLL TO CONTINUE WITH CONTENT
SBY Ungkap Hambatan Penjajakan dengan Jokowi Selama Setahun,"Selasa, 24 Jul 2018 22:38 WIB",https://www.cnnindonesia.com/nasional/20180724221729-32-316743/sby-ungkap-hambatan-penjajakan-dengan-jokowi-selama-setahun,ADVERTISEMENT SCROLL TO CONTINUE WITH CONTENT
SBY Ingatkan Soal Politik SARA Ekstrem di Pemilu,"Selasa, 24 Jul 2018 22:26 WIB",https://www.cnnindonesia.com/nasional/20180724220752-32-316741/sby-ingatkan-soal-politik-sara-ekstrem-di-pemilu,ADVERTISEMENT SCROLL TO CONTINUE WITH CONTENT
Koalisi SBY-Prabowo Terbuka Lebar Lawan Jokowi,"Selasa, 24 Jul 2018 21:55 WIB",https://www.cnnindonesia.com/nasional/20180724201215-32-316713/koalisi-sby-prabowo-terbuka-lebar-lawan-jokowi,ADVERTISEMENT SCROLL TO CONTINUE WITH CONTENT
PDIP Minta Demokrat Tegas Seperti TGB soal Pilpres 2019,"Selasa, 24 Jul 2018 20:42 WIB",https://www.cnnindonesia.com/nasional/20180724193110-32-316698/pdip-minta-demokrat-tegas-seperti-tgb-soal-pilpres-2019,ADVERTISEMENT SCROLL TO CONTINUE WITH CONTENT
Organisasi Kerja Sama Islam Kecam Lomba Kartun Nabi Muhammad,"Selasa, 24 Jul 2018 20:14 WIB",https://www.cnnindonesia.com/internasional/20180724195639-120-316712/organisasi-kerja-sama-islam-kecam-lomba-kartun-nabi-muhammad,ADVERTISEMENT SCROLL TO CONTINUE WITH CONTENT
"Jadi Kader PDIP, Kapitra Tafsirkan Makna Cebong dalam Islam","Selasa, 24 Jul 2018 18:32 WIB",https://www.cnnindonesia.com/nasional/20180724170216-32-316651/jadi-kader-pdip-kapitra-tafsirkan-makna-cebong-dalam-islam,ADVERTISEMENT SCROLL TO CONTINUE WITH CONTENT
Relawan Jokowi Ingatkan JK Junjung Tinggi Agenda Reformasi,"Selasa, 24 Jul 2018 17:52 WIB",https://www.cnnindonesia.com/nasional/20180724134925-32-316576/relawan-jokowi-ingatkan-jk-junjung-tinggi-agenda-reformasi,ADVERTISEMENT SCROLL TO CONTINUE WITH CONTENT
"Tolak Gugatan Cawapres, Aktivis 98 Maju Jadi 'Pihak Terkait'","Selasa, 24 Jul 2018 16:47 WIB",https://www.cnnindonesia.com/nasional/20180724163343-12-316639/tolak-gugatan-cawapres-aktivis-98-maju-jadi-pihak-terkait,ADVERTISEMENT SCROLL TO CONTINUE WITH CONTENT
Aktris Porno yang Berskandal dengan Trump Digugat Cerai,"Selasa, 24 Jul 2018 16:46 WIB",https://www.cnnindonesia.com/internasional/20180724124432-134-316541/aktris-porno-yang-berskandal-dengan-trump-digugat-cerai,ADVERTISEMENT SCROLL TO CONTINUE WITH CONTENT
"Kapitra: Kalau Jokowi Lawan Rizieq, Saya Pilih Rizieq","Selasa, 24 Jul 2018 16:35 WIB",https://www.cnnindonesia.com/nasional/20180724162425-32-316631/kapitra-kalau-jokowi-lawan-rizieq-saya-pilih-rizieq,ADVERTISEMENT SCROLL TO CONTINUE WITH CONTENT
JK soal Gugatan Cawapres di MK: Ambisi Saya Istirahat,"Selasa, 24 Jul 2018 16:29 WIB",https://www.cnnindonesia.com/nasional/20180724160406-32-316627/jk-soal-gugatan-cawapres-di-mk-ambisi-saya-istirahat,ADVERTISEMENT SCROLL TO CONTINUE WITH CONTENT
Tabir Rahasia Cawapres Jokowi,"Selasa, 24 Jul 2018 14:18 WIB",https://www.cnnindonesia.com/nasional/20180724105002-33-316545/tabir-rahasia-cawapres-jokowi,ADVERTISEMENT SCROLL TO CONTINUE WITH CONTENT
KSAD Minta Purnawirawan Tak Manfaatkan Prajurit TNI di Pemilu,"Selasa, 24 Jul 2018 12:02 WIB",https://www.cnnindonesia.com/nasional/20180724115458-32-316527/ksad-minta-purnawirawan-tak-manfaatkan-prajurit-tni-di-pemilu,ADVERTISEMENT SCROLL TO CONTINUE WITH CONTENT
JK di Bayang-bayang Rasionalitas Publik soal Cawapres,"Selasa, 24 Jul 2018 10:52 WIB",https://www.cnnindonesia.com/nasional/20180724101943-32-316491/jk-di-bayang-bayang-rasionalitas-publik-soal-cawapres,ADVERTISEMENT SCROLL TO CONTINUE WITH CONTENT
MK Persempit Regenerasi Pemimpin Jika Kabulkan soal Cawapres,"Selasa, 24 Jul 2018 07:23 WIB",https://www.cnnindonesia.com/nasional/20180723181301-32-316374/mk-persempit-regenerasi-pemimpin-jika-kabulkan-soal-cawapres,ADVERTISEMENT SCROLL TO CONTINUE WITH CONTENT
MK Putuskan Anggota KPU Kabupaten/Kota Lima Orang,"Selasa, 24 Jul 2018 00:20 WIB",https://www.cnnindonesia.com/nasional/20180723232343-12-316429/mk-putuskan-anggota-kpu-kabupaten-kota-lima-orang,ADVERTISEMENT SCROLL TO CONTINUE WITH CONTENT
Kamboja Selidiki Seruan Boikot Pemilu,"Senin, 23 Jul 2018 23:37 WIB",https://www.cnnindonesia.com/internasional/20180723181323-106-316368/kamboja-selidiki-seruan-boikot-pemilu,ADVERTISEMENT SCROLL TO CONTINUE WITH CONTENT
Sekjen PKS Bantah Ada Perpecahan di Internal Partai,"Senin, 23 Jul 2018 22:25 WIB",https://www.cnnindonesia.com/nasional/20180723172410-32-316353/sekjen-pks-bantah-ada-perpecahan-di-internal-partai,ADVERTISEMENT SCROLL TO CONTINUE WITH CONTENT
NasDem: Pertemuan Istana Bogor Kerucutkan Cawapres Jokowi,"Senin, 23 Jul 2018 21:53 WIB",https://www.cnnindonesia.com/nasional/20180723213425-32-316423/nasdem-pertemuan-istana-bogor-kerucutkan-cawapres-jokowi,ADVERTISEMENT SCROLL TO CONTINUE WITH CONTENT
Survei Median Paparkan Elektabilitas Jokowi Hanya 35 Persen,"Senin, 23 Jul 2018 21:16 WIB",https://www.cnnindonesia.com/nasional/20180723204018-32-316417/survei-median-paparkan-elektabilitas-jokowi-hanya-35-persen,ADVERTISEMENT SCROLL TO CONTINUE WITH CONTENT
Fahri Kicaukan 'Dosa-dosa Jokowi' soal Ideologi dan Persatuan,"Senin, 23 Jul 2018 20:16 WIB",https://www.cnnindonesia.com/nasional/20180723171304-32-316365/fahri-kicaukan-dosa-dosa-jokowi-soal-ideologi-dan-persatuan,ADVERTISEMENT SCROLL TO CONTINUE WITH CONTENT
Putusan MK Larang Anggota DPD dari Unsur Partai Politik,"Senin, 23 Jul 2018 16:26 WIB",https://www.cnnindonesia.com/nasional/20180723155745-32-316328/putusan-mk-larang-anggota-dpd-dari-unsur-partai-politik,ADVERTISEMENT SCROLL TO CONTINUE WITH CONTENT
"Temui Massa Pedemo, Anies Jamin Tuntaskan Janji Kampanye","Senin, 23 Jul 2018 13:39 WIB",https://www.cnnindonesia.com/nasional/20180723132022-32-316272/temui-massa-pedemo-anies-jamin-tuntaskan-janji-kampanye,ADVERTISEMENT SCROLL TO CONTINUE WITH CONTENT
"Peta Politik di Tangan MK, Jokowi-JK atau Prabowo-Anies","Senin, 23 Jul 2018 11:40 WIB",https://www.cnnindonesia.com/nasional/20180723105828-32-316218/peta-politik-di-tangan-mk-jokowi-jk-atau-prabowo-anies,ADVERTISEMENT SCROLL TO CONTINUE WITH CONTENT
Evaluasi Pilkada 2018: Isu SARA Tak Sebrutal Pilgub DKI,"Senin, 23 Jul 2018 09:57 WIB",https://www.cnnindonesia.com/nasional/20180723093201-32-316182/evaluasi-pilkada-2018-isu-sara-tak-sebrutal-pilgub-dki,ADVERTISEMENT SCROLL TO CONTINUE WITH CONTENT
Caleg Eks Koruptor Dipilih Karena Unggul Materi,"Senin, 23 Jul 2018 05:59 WIB",https://www.cnnindonesia.com/nasional/20180723055204-32-316155/caleg-eks-koruptor-dipilih-karena-unggul-materi,ADVERTISEMENT SCROLL TO CONTINUE WITH CONTENT
Anies Minta Gedung Tiru Warga Pemasang Bendera Asian Games,"Senin, 23 Jul 2018 02:28 WIB",https://www.cnnindonesia.com/nasional/20180723022014-20-316150/anies-minta-gedung-tiru-warga-pemasang-bendera-asian-games,ADVERTISEMENT SCROLL TO CONTINUE WITH CONTENT
"Cak Imin: JK Bak Ferrari, Mewah tapi Tak Banyak Penumpang","Senin, 23 Jul 2018 01:59 WIB",https://www.cnnindonesia.com/nasional/20180723013827-32-316149/cak-imin-jk-bak-ferrari-mewah-tapi-tak-banyak-penumpang,ADVERTISEMENT SCROLL TO CONTINUE WITH CONTENT
Giring Kaitkan Fenomena Artis 'Nyaleg' dengan Jokowi,Tanggal tidak ditemukan,https://www.cnnindonesia.com/hiburan/20180722154956-234-316086/giring-kaitkan-fenomena-artis-nyaleg-dengan-jokowi,ADVERTISEMENT SCROLL TO CONTINUE WITH CONTENT
Jokowi ke Cak Imin Soal Cawapres: Janurnya Belum Melengkung,"Minggu, 22 Jul 2018 22:14 WIB",https://www.cnnindonesia.com/nasional/20180722220454-32-316142/jokowi-ke-cak-imin-soal-cawapres-janurnya-belum-melengkung,ADVERTISEMENT SCROLL TO CONTINUE WITH CONTENT
'Tembak Mati Penjahat Jadi Jalan Pintas Amankan Asian Games',"Minggu, 22 Jul 2018 19:45 WIB",https://www.cnnindonesia.com/nasional/20180722160833-12-316088/tembak-mati-penjahat-jadi-jalan-pintas-amankan-asian-games,ADVERTISEMENT SCROLL TO CONTINUE WITH CONTENT
Petinggi Gerindra-PD Bertemu Sebelum Pertemuan SBY-Prabowo,"Minggu, 22 Jul 2018 15:02 WIB",https://www.cnnindonesia.com/nasional/20180722144012-32-316082/petinggi-gerindra-pd-bertemu-sebelum-pertemuan-sby-prabowo,ADVERTISEMENT SCROLL TO CONTINUE WITH CONTENT
"Bangga Soeharto, Berkarya Enggan Disebut Terjebak Nostalgia","Minggu, 22 Jul 2018 14:01 WIB",https://www.cnnindonesia.com/nasional/20180722132039-32-316061/bangga-soeharto-berkarya-enggan-disebut-terjebak-nostalgia,ADVERTISEMENT SCROLL TO CONTINUE WITH CONTENT
Nomor Urut Masih Jadi Momok Para Caleg,"Minggu, 22 Jul 2018 07:53 WIB",https://www.cnnindonesia.com/nasional/20180721165221-32-315972/nomor-urut-masih-jadi-momok-para-caleg,ADVERTISEMENT SCROLL TO CONTINUE WITH CONTENT
KPU: Lima Bakal Caleg Eks Koruptor Dikembalikan ke Parpol,"Minggu, 22 Jul 2018 04:07 WIB",https://www.cnnindonesia.com/nasional/20180722035607-32-316015/kpu-lima-bakal-caleg-eks-koruptor-dikembalikan-ke-parpol,ADVERTISEMENT SCROLL TO CONTINUE WITH CONTENT
Cendana 'Full Team' Disebut Jadi Energi di Partai Berkarya,"Minggu, 22 Jul 2018 01:59 WIB",https://www.cnnindonesia.com/nasional/20180721181040-32-315978/cendana-full-team-disebut-jadi-energi-di-partai-berkarya,ADVERTISEMENT SCROLL TO CONTINUE WITH CONTENT
"Gugatan Masa Jabatan Wapres, Muslihat dan Regenerasi Pemimpin","Sabtu, 21 Jul 2018 20:57 WIB",https://www.cnnindonesia.com/nasional/20180721175822-32-315981/gugatan-masa-jabatan-wapres-muslihat-dan-regenerasi-pemimpin,ADVERTISEMENT SCROLL TO CONTINUE WITH CONTENT
Demokrat dan PAN Ungkap Bahaya Caleg Artis Transferan,"Sabtu, 21 Jul 2018 17:33 WIB",https://www.cnnindonesia.com/nasional/20180721144008-32-315928/demokrat-dan-pan-ungkap-bahaya-caleg-artis-transferan,ADVERTISEMENT SCROLL TO CONTINUE WITH CONTENT
"Deklarasi Prabowo Capres, Massa Jual Kaos Untuk Galang Dana","Sabtu, 21 Jul 2018 17:17 WIB",https://www.cnnindonesia.com/nasional/20180721162421-32-315970/deklarasi-prabowo-capres-massa-jual-kaos-untuk-galang-dana,ADVERTISEMENT SCROLL TO CONTINUE WITH CONTENT
Beda Pandangan PDIP dan NasDem soal Komitmen Caleg Artis,"Sabtu, 21 Jul 2018 07:59 WIB",https://www.cnnindonesia.com/nasional/20180720172408-32-315769/beda-pandangan-pdip-dan-nasdem-soal-komitmen-caleg-artis,ADVERTISEMENT SCROLL TO CONTINUE WITH CONTENT
FBI Punya Rekaman Diskusi Trump soal Upah Eks Model Playboy,"Sabtu, 21 Jul 2018 06:10 WIB",https://www.cnnindonesia.com/internasional/20180721055848-134-315883/fbi-punya-rekaman-diskusi-trump-soal-upah-eks-model-playboy,ADVERTISEMENT SCROLL TO CONTINUE WITH CONTENT
AHY Nilai Dirinya Selalu Dijadikan Komoditas Politik,"Sabtu, 21 Jul 2018 01:16 WIB",https://www.cnnindonesia.com/nasional/20180721010246-32-315872/ahy-nilai-dirinya-selalu-dijadikan-komoditas-politik,ADVERTISEMENT SCROLL TO CONTINUE WITH CONTENT
Demokrat Sebut Gugatan Cawapres ke MK Bentuk Kemunduran,"Sabtu, 21 Jul 2018 00:37 WIB",https://www.cnnindonesia.com/nasional/20180720212655-12-315863/demokrat-sebut-gugatan-cawapres-ke-mk-bentuk-kemunduran,ADVERTISEMENT SCROLL TO CONTINUE WITH CONTENT
"Tantowi Yahya Enggan Maju Caleg, Masih Betah Jadi Dubes","Sabtu, 21 Jul 2018 00:14 WIB",https://www.cnnindonesia.com/nasional/20180720124909-32-315652/tantowi-yahya-enggan-maju-caleg-masih-betah-jadi-dubes,ADVERTISEMENT SCROLL TO CONTINUE WITH CONTENT
Golkar Hormati JK Jadi Pihak Terkait Gugatan Cawapres,"Jumat, 20 Jul 2018 20:42 WIB",https://www.cnnindonesia.com/nasional/20180720202257-32-315851/golkar-hormati-jk-jadi-pihak-terkait-gugatan-cawapres,ADVERTISEMENT SCROLL TO CONTINUE WITH CONTENT
Airlangga: Tidak Ada Poros Ketiga di Pilpres 2019,"Jumat, 20 Jul 2018 20:25 WIB",https://www.cnnindonesia.com/nasional/20180720201125-32-315850/airlangga-tidak-ada-poros-ketiga-di-pilpres-2019,ADVERTISEMENT SCROLL TO CONTINUE WITH CONTENT
Rusia Siap Bahas Kunjungan Putin ke Washington,"Jumat, 20 Jul 2018 20:01 WIB",https://www.cnnindonesia.com/internasional/20180720154812-134-315736/rusia-siap-bahas-kunjungan-putin-ke-washington,ADVERTISEMENT SCROLL TO CONTINUE WITH CONTENT
Gerindra: Jokowi Masih Kesulitan Cari Cawapres 2019,"Jumat, 20 Jul 2018 18:44 WIB",https://www.cnnindonesia.com/nasional/20180720181856-32-315802/gerindra-jokowi-masih-kesulitan-cari-cawapres-2019,ADVERTISEMENT SCROLL TO CONTINUE WITH CONTENT
"Jadi Caleg NasDem, Thessa Kaunang Bebas Aktif Jadi Artis","Jumat, 20 Jul 2018 18:37 WIB",https://www.cnnindonesia.com/nasional/20180720164604-32-315756/jadi-caleg-nasdem-thessa-kaunang-bebas-aktif-jadi-artis,ADVERTISEMENT SCROLL TO CONTINUE WITH CONTENT
Ali Ngabalin Mundur dari Kepengurusan Golkar,"Jumat, 20 Jul 2018 17:53 WIB",https://www.cnnindonesia.com/nasional/20180720174246-32-315773/ali-ngabalin-mundur-dari-kepengurusan-golkar,ADVERTISEMENT SCROLL TO CONTINUE WITH CONTENT
JK Diajukan sebagai Pihak Terkait Gugatan soal Cawapres,"Jumat, 20 Jul 2018 17:49 WIB",https://www.cnnindonesia.com/nasional/20180720171511-32-315765/jk-diajukan-sebagai-pihak-terkait-gugatan-soal-cawapres,ADVERTISEMENT SCROLL TO CONTINUE WITH CONTENT
Menteri Keamanan: AS Mesti Bersiap Hadapi Ikut Campur Rusia,"Jumat, 20 Jul 2018 17:10 WIB",https://www.cnnindonesia.com/internasional/20180720130011-134-315654/menteri-keamanan-as-mesti-bersiap-hadapi-ikut-campur-rusia,ADVERTISEMENT SCROLL TO CONTINUE WITH CONTENT
Golkar Ultimatum Ngabalin Pilih Komisaris atau Caleg,"Jumat, 20 Jul 2018 13:32 WIB",https://www.cnnindonesia.com/nasional/20180720131232-32-315659/golkar-ultimatum-ngabalin-pilih-komisaris-atau-caleg,ADVERTISEMENT SCROLL TO CONTINUE WITH CONTENT
Golkar Usul Koalisi Permanen Tingkat Pusat Hingga Daerah,"Jumat, 20 Jul 2018 10:57 WIB",https://www.cnnindonesia.com/nasional/20180720104511-32-315623/golkar-usul-koalisi-permanen-tingkat-pusat-hingga-daerah,ADVERTISEMENT SCROLL TO CONTINUE WITH CONTENT
Mark Zuckerberg Disebut Kagumi Kampanye Trump di Facebook,"Jumat, 20 Jul 2018 10:21 WIB",https://www.cnnindonesia.com/teknologi/20180720104639-185-315624/mark-zuckerberg-disebut-kagumi-kampanye-trump-di-facebook,ADVERTISEMENT SCROLL TO CONTINUE WITH CONTENT
Kapitra: Kalau Kapal Perjuangan Sudah Sesak Bisa Mati Semua,"Jumat, 20 Jul 2018 10:03 WIB",https://www.cnnindonesia.com/nasional/20180720095013-32-315614/kapitra-kalau-kapal-perjuangan-sudah-sesak-bisa-mati-semua,ADVERTISEMENT SCROLL TO CONTINUE WITH CONTENT
PDIP Larang Kader 'Ngartis' Bila Lolos Jadi Anggota Dewan,"Jumat, 20 Jul 2018 07:35 WIB",https://www.cnnindonesia.com/nasional/20180719180240-32-315506/pdip-larang-kader-ngartis-bila-lolos-jadi-anggota-dewan,ADVERTISEMENT SCROLL TO CONTINUE WITH CONTENT
"Transfer Caleg, Komoditas Kader dan Punahnya Ideologi Partai","Jumat, 20 Jul 2018 06:44 WIB",https://www.cnnindonesia.com/nasional/20180719203249-32-315538/transfer-caleg-komoditas-kader-dan-punahnya-ideologi-partai,ADVERTISEMENT SCROLL TO CONTINUE WITH CONTENT
"Tokoh PKS dan PA 212 di PDIP, Strategi Redam Isu Anti-Islam","Jumat, 20 Jul 2018 06:21 WIB",https://www.cnnindonesia.com/nasional/20180719211918-32-315560/tokoh-pks-dan-pa-212-di-pdip-strategi-redam-isu-anti-islam,ADVERTISEMENT SCROLL TO CONTINUE WITH CONTENT
"Di Perbatasan Kamboja, Dubes RI Dorong WNI Pakai Hak Pilih","Jumat, 20 Jul 2018 06:15 WIB",https://www.cnnindonesia.com/internasional/20180719211538-106-315555/di-perbatasan-kamboja-dubes-ri-dorong-wni-pakai-hak-pilih,ADVERTISEMENT SCROLL TO CONTINUE WITH CONTENT
Golkar Bersikeras Usung Caleg Eks Koruptor,"Jumat, 20 Jul 2018 00:14 WIB",https://www.cnnindonesia.com/nasional/20180719180838-32-315508/golkar-bersikeras-usung-caleg-eks-koruptor,ADVERTISEMENT SCROLL TO CONTINUE WITH CONTENT
Rizieq Shihab: Jangan Lagi Ada di Kapal Perjuangan Kami,"Kamis, 19 Jul 2018 19:18 WIB",https://www.cnnindonesia.com/nasional/20180719191054-32-315520/rizieq-shihab-jangan-lagi-ada-di-kapal-perjuangan-kami,ADVERTISEMENT SCROLL TO CONTINUE WITH CONTENT
Said Aqil Sebut Cara Berpikir Kapitra Ampera Berubah,"Kamis, 19 Jul 2018 18:54 WIB",https://www.cnnindonesia.com/nasional/20180719184702-32-315513/said-aqil-sebut-cara-berpikir-kapitra-ampera-berubah,ADVERTISEMENT SCROLL TO CONTINUE WITH CONTENT
"Densus Bekuk 7 Terduga Teroris Sumsel, Termasuk Pegawai BUMN","Kamis, 19 Jul 2018 17:43 WIB",https://www.cnnindonesia.com/nasional/20180719173208-12-315484/densus-bekuk-7-terduga-teroris-sumsel-termasuk-pegawai-bumn,ADVERTISEMENT SCROLL TO CONTINUE WITH CONTENT
Kapitra Dinilai Khianati Seruan Ulama 'Tenggelamkan' PDIP,"Kamis, 19 Jul 2018 13:40 WIB",https://www.cnnindonesia.com/nasional/20180719124136-32-315371/kapitra-dinilai-khianati-seruan-ulama-tenggelamkan-pdip,ADVERTISEMENT SCROLL TO CONTINUE WITH CONTENT
"Survei LIPI: Capres 'Sederhana, Merakyat' Ungguli 'Berwibawa'","Kamis, 19 Jul 2018 13:17 WIB",https://www.cnnindonesia.com/nasional/20180719124758-32-315365/survei-lipi-capres-sederhana-merakyat-ungguli-berwibawa,ADVERTISEMENT SCROLL TO CONTINUE WITH CONTENT
KPU Percaya Masyarakat Akan Jeli soal Kualitas Artis Nyaleg,"Kamis, 19 Jul 2018 12:52 WIB",https://www.cnnindonesia.com/nasional/20180719122634-32-315363/kpu-percaya-masyarakat-akan-jeli-soal-kualitas-artis-nyaleg,ADVERTISEMENT SCROLL TO CONTINUE WITH CONTENT
FBI: Rusia Intervensi Pemilu Apapun yang Trump-Putin Katakan,"Kamis, 19 Jul 2018 12:40 WIB",https://www.cnnindonesia.com/internasional/20180719114546-134-315341/fbi-rusia-intervensi-pemilu-apapun-yang-trump-putin-katakan,ADVERTISEMENT SCROLL TO CONTINUE WITH CONTENT
NasDem Bantah Kehadiran Riza Chalid terkait Pilpres 2019,"Kamis, 19 Jul 2018 12:39 WIB",https://www.cnnindonesia.com/nasional/20180719113036-32-315360/nasdem-bantah-kehadiran-riza-chalid-terkait-pilpres-2019,ADVERTISEMENT SCROLL TO CONTINUE WITH CONTENT
Agen Rusia Tawarkan Seks ke Pejabat AS Demi Akses Politik,"Kamis, 19 Jul 2018 10:38 WIB",https://www.cnnindonesia.com/internasional/20180719101728-134-315295/agen-rusia-tawarkan-seks-ke-pejabat-as-demi-akses-politik,ADVERTISEMENT SCROLL TO CONTINUE WITH CONTENT
Pilpres 2019 dan Ancaman Eksploitasi Politik Identitas,"Kamis, 19 Jul 2018 08:52 WIB",https://www.cnnindonesia.com/nasional/20180719082946-32-315275/pilpres-2019-dan-ancaman-eksploitasi-politik-identitas,ADVERTISEMENT SCROLL TO CONTINUE WITH CONTENT
Gedung Putih Pertimbangkan Permintaan Putin Tanyai Pejabat AS,"Kamis, 19 Jul 2018 08:05 WIB",https://www.cnnindonesia.com/internasional/20180719080046-134-315270/gedung-putih-pertimbangkan-permintaan-putin-tanyai-pejabat-as,ADVERTISEMENT SCROLL TO CONTINUE WITH CONTENT
"'Gincu' Artis di Kontes Caleg, Cara Instan Parpol Keruk Suara","Kamis, 19 Jul 2018 07:45 WIB",https://www.cnnindonesia.com/nasional/20180718200328-32-315224/gincu-artis-di-kontes-caleg-cara-instan-parpol-keruk-suara,ADVERTISEMENT SCROLL TO CONTINUE WITH CONTENT
Trump Sebut Putin Bertanggung Jawab atas Intervensi Pemilu AS,"Kamis, 19 Jul 2018 07:15 WIB",https://www.cnnindonesia.com/internasional/20180719070319-134-315265/trump-sebut-putin-bertanggung-jawab-atas-intervensi-pemilu-as,ADVERTISEMENT SCROLL TO CONTINUE WITH CONTENT
Mayoritas Warga AS Nilai Trump Salah Tangani Rusia,"Kamis, 19 Jul 2018 06:30 WIB",https://www.cnnindonesia.com/internasional/20180719055624-134-315259/mayoritas-warga-as-nilai-trump-salah-tangani-rusia,ADVERTISEMENT SCROLL TO CONTINUE WITH CONTENT
Gedung Putih Sebut Rusia Masih Mengancam Sistem Pemilihan AS,"Kamis, 19 Jul 2018 05:57 WIB",https://www.cnnindonesia.com/internasional/20180719055135-134-315258/gedung-putih-sebut-rusia-masih-mengancam-sistem-pemilihan-as,ADVERTISEMENT SCROLL TO CONTINUE WITH CONTENT
"Kapitra: Jadi Apa Saja Mau, Asal Aspirasi Umat Didengar","Kamis, 19 Jul 2018 04:56 WIB",https://www.cnnindonesia.com/nasional/20180718172007-32-315146/kapitra-jadi-apa-saja-mau-asal-aspirasi-umat-didengar,ADVERTISEMENT SCROLL TO CONTINUE WITH CONTENT
Ambang Batas Dinilai Potensi Hilangkan Capres Alternatif,"Kamis, 19 Jul 2018 02:39 WIB",https://www.cnnindonesia.com/nasional/20180718210614-12-315231/ambang-batas-dinilai-potensi-hilangkan-capres-alternatif,ADVERTISEMENT SCROLL TO CONTINUE WITH CONTENT
Konsekuensi PKB Daftarkan Cak Imin Caleg Sekaligus Cawapres,"Kamis, 19 Jul 2018 00:18 WIB",https://www.cnnindonesia.com/nasional/20180718172001-32-315150/konsekuensi-pkb-daftarkan-cak-imin-caleg-sekaligus-cawapres,ADVERTISEMENT SCROLL TO CONTINUE WITH CONTENT
"Pidato 100 Tahun Mandela, Obama Sindir Donald Trump","Rabu, 18 Jul 2018 20:55 WIB",https://www.cnnindonesia.com/internasional/20180718191652-127-315211/pidato-100-tahun-mandela-obama-sindir-donald-trump,ADVERTISEMENT SCROLL TO CONTINUE WITH CONTENT
PDIP Sebut Pengacara Rizieq Punya Rekam Jejak Baik Jadi Caleg,"Rabu, 18 Jul 2018 19:52 WIB",https://www.cnnindonesia.com/nasional/20180718193856-32-315216/pdip-sebut-pengacara-rizieq-punya-rekam-jejak-baik-jadi-caleg,ADVERTISEMENT SCROLL TO CONTINUE WITH CONTENT
"Tidak 'Klik' dengan Demokrat, Chris John Maju Caleg NasDem","Rabu, 18 Jul 2018 19:30 WIB",https://www.cnnindonesia.com/nasional/20180718191544-32-315200/tidak-klik-dengan-demokrat-chris-john-maju-caleg-nasdem,ADVERTISEMENT SCROLL TO CONTINUE WITH CONTENT
"Zulhas Tuding Transfer Lucky Rp2 M, Nasdem Sebut Info Sampah","Rabu, 18 Jul 2018 19:06 WIB",https://www.cnnindonesia.com/nasional/20180718181227-32-315172/zulhas-tuding-transfer-lucky-rp2-m-nasdem-sebut-info-sampah,ADVERTISEMENT SCROLL TO CONTINUE WITH CONTENT
"Jadi Caleg PDIP, Kapitra Setia Dukung Rizieq Shihab Presiden","Rabu, 18 Jul 2018 18:30 WIB",https://www.cnnindonesia.com/nasional/20180718181714-32-315174/jadi-caleg-pdip-kapitra-setia-dukung-rizieq-shihab-presiden,ADVERTISEMENT SCROLL TO CONTINUE WITH CONTENT
"Warga Lebih Cerdas, Caleg Artis Dituntut Punya Kecakapan","Rabu, 18 Jul 2018 16:53 WIB",https://www.cnnindonesia.com/nasional/20180718132402-32-315055/warga-lebih-cerdas-caleg-artis-dituntut-punya-kecakapan,ADVERTISEMENT SCROLL TO CONTINUE WITH CONTENT
Politik SARA Diproyeksi Tak Laku 'Digoreng' di Pilpres 2019,"Rabu, 18 Jul 2018 12:42 WIB",https://www.cnnindonesia.com/nasional/20180718100127-32-315002/politik-sara-diproyeksi-tak-laku-digoreng-di-pilpres-2019,ADVERTISEMENT SCROLL TO CONTINUE WITH CONTENT
Zulhas: Mudah-mudahan SBY Segera Sembuh Kalau Benar Sakit,"Rabu, 18 Jul 2018 11:45 WIB",https://www.cnnindonesia.com/nasional/20180718105110-32-315015/zulhas-mudah-mudahan-sby-segera-sembuh-kalau-benar-sakit,ADVERTISEMENT SCROLL TO CONTINUE WITH CONTENT
Deretan Menteri Jokowi yang Menjadi Caleg,"Rabu, 18 Jul 2018 11:05 WIB",https://www.cnnindonesia.com/nasional/20180718102552-32-315016/deretan-menteri-jokowi-yang-menjadi-caleg,ADVERTISEMENT SCROLL TO CONTINUE WITH CONTENT
"Piala Dunia Rampung, Rusia Disebut Siapkan Serangan Intelijen","Rabu, 18 Jul 2018 09:40 WIB",https://www.cnnindonesia.com/internasional/20180718093600-134-314993/piala-dunia-rampung-rusia-disebut-siapkan-serangan-intelijen,ADVERTISEMENT SCROLL TO CONTINUE WITH CONTENT
Jusuf Kalla Beberkan Kriteria Cawapres yang Pas untuk Jokowi,"Rabu, 18 Jul 2018 09:22 WIB",https://www.cnnindonesia.com/nasional/20180717162906-32-314840/jusuf-kalla-beberkan-kriteria-cawapres-yang-pas-untuk-jokowi,ADVERTISEMENT SCROLL TO CONTINUE WITH CONTENT
"SBY Sakit, Pertemuan dengan Prabowo Ditunda","Rabu, 18 Jul 2018 09:14 WIB",https://www.cnnindonesia.com/nasional/20180718091122-32-314992/sby-sakit-pertemuan-dengan-prabowo-ditunda,ADVERTISEMENT SCROLL TO CONTINUE WITH CONTENT
Gerindra Klaim Utamakan Kader daripada Artis untuk Caleg DPR,"Rabu, 18 Jul 2018 08:48 WIB",https://www.cnnindonesia.com/nasional/20180718032536-32-314946/gerindra-klaim-utamakan-kader-daripada-artis-untuk-caleg-dpr,ADVERTISEMENT SCROLL TO CONTINUE WITH CONTENT
Agen Rusia Penyusup Politik AS Terancam 15 Tahun Penjara,"Rabu, 18 Jul 2018 07:44 WIB",https://www.cnnindonesia.com/internasional/20180718071849-134-314981/agen-rusia-penyusup-politik-as-terancam-15-tahun-penjara,ADVERTISEMENT SCROLL TO CONTINUE WITH CONTENT
PKS Pastikan Tak Ada Nama Fahri Hamzah di Daftar Caleg,"Rabu, 18 Jul 2018 07:30 WIB",https://www.cnnindonesia.com/nasional/20180718052808-32-314955/pks-pastikan-tak-ada-nama-fahri-hamzah-di-daftar-caleg,ADVERTISEMENT SCROLL TO CONTINUE WITH CONTENT
Pertemuan SBY-Prabowo Ancam Peluang Poros Ketiga di Pilpres,"Rabu, 18 Jul 2018 07:01 WIB",https://www.cnnindonesia.com/nasional/20180717221806-32-314928/pertemuan-sby-prabowo-ancam-peluang-poros-ketiga-di-pilpres,ADVERTISEMENT SCROLL TO CONTINUE WITH CONTENT
"Redam Kritik Pertemuan dengan Putin, Trump Akui Salah Ucap","Rabu, 18 Jul 2018 06:46 WIB",https://www.cnnindonesia.com/internasional/20180718060517-134-314957/redam-kritik-pertemuan-dengan-putin-trump-akui-salah-ucap,ADVERTISEMENT SCROLL TO CONTINUE WITH CONTENT
PDIP Tugaskan Pendiri PKS Sebarkan Pemikiran Islam Sukarno,"Rabu, 18 Jul 2018 06:37 WIB",https://www.cnnindonesia.com/nasional/20180717165801-32-314869/pdip-tugaskan-pendiri-pks-sebarkan-pemikiran-islam-sukarno,ADVERTISEMENT SCROLL TO CONTINUE WITH CONTENT
Golkar Akui Daftarkan Eks Napi Korupsi sebagai Caleg,"Rabu, 18 Jul 2018 05:56 WIB",https://www.cnnindonesia.com/nasional/20180718035051-32-314948/golkar-akui-daftarkan-eks-napi-korupsi-sebagai-caleg,ADVERTISEMENT SCROLL TO CONTINUE WITH CONTENT
"Kalah Pemilu, Ketua Eks Partai Berkuasa Meksiko Mundur","Rabu, 18 Jul 2018 05:44 WIB",https://www.cnnindonesia.com/internasional/20180717135844-134-314779/kalah-pemilu-ketua-eks-partai-berkuasa-meksiko-mundur,ADVERTISEMENT SCROLL TO CONTINUE WITH CONTENT
KPK Minta KPU Konsisten Larang Eks Koruptor Jadi Caleg,"Rabu, 18 Jul 2018 05:04 WIB",https://www.cnnindonesia.com/nasional/20180717213518-12-314921/kpk-minta-kpu-konsisten-larang-eks-koruptor-jadi-caleg,ADVERTISEMENT SCROLL TO CONTINUE WITH CONTENT
Sylvi Eks Cawagub DKI Jakarta Daftar Calon Anggota DPD,"Rabu, 18 Jul 2018 04:56 WIB",https://www.cnnindonesia.com/nasional/20180717135604-32-314776/sylvi-eks-cawagub-dki-jakarta-daftar-calon-anggota-dpd,ADVERTISEMENT SCROLL TO CONTINUE WITH CONTENT
Riset: Jumlah Kelompok Pro Pancasila Menurun,"Rabu, 18 Jul 2018 04:30 WIB",https://www.cnnindonesia.com/nasional/20180717205812-32-314910/riset-jumlah-kelompok-pro-pancasila-menurun,ADVERTISEMENT SCROLL TO CONTINUE WITH CONTENT
Eggi Sudjana Sebut Pernah Ajak Kapitra Gabung ke PAN,"Rabu, 18 Jul 2018 04:24 WIB",https://www.cnnindonesia.com/nasional/20180717173505-32-314868/eggi-sudjana-sebut-pernah-ajak-kapitra-gabung-ke-pan,ADVERTISEMENT SCROLL TO CONTINUE WITH CONTENT
"Tumbang di Pilgub, Tb Hasanuddin-Anton Charliyan Maju Caleg","Rabu, 18 Jul 2018 04:14 WIB",https://www.cnnindonesia.com/nasional/20180717170929-32-314859/tumbang-di-pilgub-tb-hasanuddin-anton-charliyan-maju-caleg,ADVERTISEMENT SCROLL TO CONTINUE WITH CONTENT
Survei KedaiKOPI: Kadar Religius Jokowi dan Prabowo Rendah,"Rabu, 18 Jul 2018 04:07 WIB",https://www.cnnindonesia.com/nasional/20180717183433-32-314892/survei-kedaikopi-kadar-religius-jokowi-dan-prabowo-rendah,ADVERTISEMENT SCROLL TO CONTINUE WITH CONTENT
"Aher Jadi Caleg, Deddy Mizwar Masuk Tim Pemenangan Pilpres","Rabu, 18 Jul 2018 03:40 WIB",https://www.cnnindonesia.com/nasional/20180717205514-32-314914/aher-jadi-caleg-deddy-mizwar-masuk-tim-pemenangan-pilpres,ADVERTISEMENT SCROLL TO CONTINUE WITH CONTENT
"Turun Gunung, Yusril Ihza Mahendra Maju Caleg DPR Bersama PBB","Rabu, 18 Jul 2018 02:40 WIB",https://www.cnnindonesia.com/nasional/20180718023255-32-314940/turun-gunung-yusril-ihza-mahendra-maju-caleg-dpr-bersama-pbb,ADVERTISEMENT SCROLL TO CONTINUE WITH CONTENT
"Taati Perintah Mega dan Jokowi, Tjahjo Kumolo Tak Nyaleg","Rabu, 18 Jul 2018 01:51 WIB",https://www.cnnindonesia.com/nasional/20180717190343-32-314896/taati-perintah-mega-dan-jokowi-tjahjo-kumolo-tak-nyaleg,ADVERTISEMENT SCROLL TO CONTINUE WITH CONTENT
Gerindra Ajukan Berkas Caleg dengan Map 2019 Prabowo Presiden,"Selasa, 17 Jul 2018 23:55 WIB",https://www.cnnindonesia.com/nasional/20180717234529-32-314934/gerindra-ajukan-berkas-caleg-dengan-map-2019-prabowo-presiden,ADVERTISEMENT SCROLL TO CONTINUE WITH CONTENT
Trump Sebut Pertemuan dengan Putin Lebih Baik daripada NATO,"Selasa, 17 Jul 2018 23:38 WIB",https://www.cnnindonesia.com/internasional/20180717230544-134-314931/trump-sebut-pertemuan-dengan-putin-lebih-baik-daripada-nato,ADVERTISEMENT SCROLL TO CONTINUE WITH CONTENT
"Tinggalkan Partai Kakbah, Haji Lulung Songsong 'Matahari' PAN","Selasa, 17 Jul 2018 22:39 WIB",https://www.cnnindonesia.com/nasional/20180717222907-32-314929/tinggalkan-partai-kakbah-haji-lulung-songsong-matahari-pan,ADVERTISEMENT SCROLL TO CONTINUE WITH CONTENT
Pramono Sebut Jokowi Larang Tjahjo Hingga Sri Mulyani Nyaleg,"Selasa, 17 Jul 2018 21:52 WIB",https://www.cnnindonesia.com/nasional/20180717164333-32-314849/pramono-sebut-jokowi-larang-tjahjo-hingga-sri-mulyani-nyaleg,ADVERTISEMENT SCROLL TO CONTINUE WITH CONTENT
Pendiri PKS Yusuf Supendi Ungkap Alasan Hijrah ke PDIP,"Selasa, 17 Jul 2018 21:45 WIB",https://www.cnnindonesia.com/nasional/20180717213027-32-314918/pendiri-pks-yusuf-supendi-ungkap-alasan-hijrah-ke-pdip,ADVERTISEMENT SCROLL TO CONTINUE WITH CONTENT
"Prabowo Masih Rangkul Parpol, PDIP Banggakan Koalisi Solid","Selasa, 17 Jul 2018 21:32 WIB",https://www.cnnindonesia.com/nasional/20180717211235-32-314916/prabowo-masih-rangkul-parpol-pdip-banggakan-koalisi-solid,ADVERTISEMENT SCROLL TO CONTINUE WITH CONTENT
JK: Kampanye Menteri yang Nyaleg Ganggu Waktu Kerja Kabinet,"Selasa, 17 Jul 2018 20:53 WIB",https://www.cnnindonesia.com/nasional/20180717173705-32-314880/jk-kampanye-menteri-yang-nyaleg-ganggu-waktu-kerja-kabinet,ADVERTISEMENT SCROLL TO CONTINUE WITH CONTENT
"Singosari, Krisdayanti dan Barisan Caleg Artis PDIP","Selasa, 17 Jul 2018 19:42 WIB",https://www.cnnindonesia.com/nasional/20180717193545-32-314902/singosari-krisdayanti-dan-barisan-caleg-artis-pdip,ADVERTISEMENT SCROLL TO CONTINUE WITH CONTENT
Kelompok Pro-Brexit Dinyatakan Langgar Hukum Pemilu,"Selasa, 17 Jul 2018 19:21 WIB",https://www.cnnindonesia.com/internasional/20180717191606-134-314899/kelompok-pro-brexit-dinyatakan-langgar-hukum-pemilu,ADVERTISEMENT SCROLL TO CONTINUE WITH CONTENT
Ketua Badan Hukum FPI Sesalkan Pengacara Rizieq Nyaleg PDIP,"Selasa, 17 Jul 2018 18:32 WIB",https://www.cnnindonesia.com/nasional/20180717173704-32-314867/ketua-badan-hukum-fpi-sesalkan-pengacara-rizieq-nyaleg-pdip,ADVERTISEMENT SCROLL TO CONTINUE WITH CONTENT
Pengacara Rizieq Shihab Klarifikasi soal Nyaleg Lewat PDIP,"Selasa, 17 Jul 2018 17:44 WIB",https://www.cnnindonesia.com/nasional/20180717165903-32-314852/pengacara-rizieq-shihab-klarifikasi-soal-nyaleg-lewat-pdip,ADVERTISEMENT SCROLL TO CONTINUE WITH CONTENT
Anggota Pussy Riot: Media Amerika Terlalu Besarkan Putin,"Selasa, 17 Jul 2018 17:29 WIB",https://www.cnnindonesia.com/internasional/20180717144738-134-314793/anggota-pussy-riot-media-amerika-terlalu-besarkan-putin,ADVERTISEMENT SCROLL TO CONTINUE WITH CONTENT
Cerita Johan Budi Terima Pinangan PDIP sebagai Caleg,"Selasa, 17 Jul 2018 17:06 WIB",https://www.cnnindonesia.com/nasional/20180717162046-32-314847/cerita-johan-budi-terima-pinangan-pdip-sebagai-caleg,ADVERTISEMENT SCROLL TO CONTINUE WITH CONTENT
Adian Napitupulu Tuding Mobil Hary Tanoe Pemicu Ricuh di KPU,"Selasa, 17 Jul 2018 16:45 WIB",https://www.cnnindonesia.com/nasional/20180717162714-32-314843/adian-napitupulu-tuding-mobil-hary-tanoe-pemicu-ricuh-di-kpu,ADVERTISEMENT SCROLL TO CONTINUE WITH CONTENT
Pengacara Rizieq Shihab Disebut Nyaleg Lewat PDIP,"Selasa, 17 Jul 2018 16:36 WIB",https://www.cnnindonesia.com/nasional/20180717163053-32-314839/pengacara-rizieq-shihab-disebut-nyaleg-lewat-pdip,ADVERTISEMENT SCROLL TO CONTINUE WITH CONTENT
Pramono Sebut Jokowi Izinkan Johan Budi Daftar Caleg PDIP,"Selasa, 17 Jul 2018 15:18 WIB",https://www.cnnindonesia.com/nasional/20180717150435-32-314798/pramono-sebut-jokowi-izinkan-johan-budi-daftar-caleg-pdip,ADVERTISEMENT SCROLL TO CONTINUE WITH CONTENT
"Empat Nama Masuk Kantong Prabowo, Anies dan AHY Masuk Daftar","Selasa, 17 Jul 2018 15:05 WIB",https://www.cnnindonesia.com/nasional/20180717142149-32-314786/empat-nama-masuk-kantong-prabowo-anies-dan-ahy-masuk-daftar,ADVERTISEMENT SCROLL TO CONTINUE WITH CONTENT
"Massa PDIP Ricuh di KPU, Masinton Adu Mulut dengan Petugas","Selasa, 17 Jul 2018 14:58 WIB",https://www.cnnindonesia.com/nasional/20180717143118-20-314790/massa-pdip-ricuh-di-kpu-masinton-adu-mulut-dengan-petugas,ADVERTISEMENT SCROLL TO CONTINUE WITH CONTENT
PDIP Usung Johan Budi sebagai Caleg di Pemilu 2019,"Selasa, 17 Jul 2018 14:08 WIB",https://www.cnnindonesia.com/nasional/20180717135906-32-314778/pdip-usung-johan-budi-sebagai-caleg-di-pemilu-2019,ADVERTISEMENT SCROLL TO CONTINUE WITH CONTENT
"Berseteru dengan PKS, Fahri Hamzah Enggan Maju Caleg","Selasa, 17 Jul 2018 13:56 WIB",https://www.cnnindonesia.com/nasional/20180717111842-12-314720/berseteru-dengan-pks-fahri-hamzah-enggan-maju-caleg,ADVERTISEMENT SCROLL TO CONTINUE WITH CONTENT
AS Dakwa Agen Rusia Pengatur Pertemuan Rahasia Trump-Putin,"Selasa, 17 Jul 2018 13:22 WIB",https://www.cnnindonesia.com/internasional/20180717104417-134-314696/as-dakwa-agen-rusia-pengatur-pertemuan-rahasia-trump-putin,ADVERTISEMENT SCROLL TO CONTINUE WITH CONTENT
Arnold 'Terminator' Sebut Trump Bak Mi Basah saat Lihat Putin,Tanggal tidak ditemukan,https://www.cnnindonesia.com/hiburan/20180717124257-234-314728/arnold-terminator-sebut-trump-bak-mi-basah-saat-lihat-putin,ADVERTISEMENT SCROLL TO CONTINUE WITH CONTENT
PSI Daftarkan Eks Kader Partai Lain Jadi Caleg,"Selasa, 17 Jul 2018 12:55 WIB",https://www.cnnindonesia.com/nasional/20180717122223-32-314727/psi-daftarkan-eks-kader-partai-lain-jadi-caleg,ADVERTISEMENT SCROLL TO CONTINUE WITH CONTENT
Putin Sebut Demokrasi Amerika Kotor,"Selasa, 17 Jul 2018 12:30 WIB",https://www.cnnindonesia.com/internasional/20180717113306-134-314706/putin-sebut-demokrasi-amerika-kotor,ADVERTISEMENT SCROLL TO CONTINUE WITH CONTENT
"Jika Maju Pilpres, Anies Harus Izin Jokowi Maksimal 27 Juli","Selasa, 17 Jul 2018 10:15 WIB",https://www.cnnindonesia.com/nasional/20180717091640-32-314679/jika-maju-pilpres-anies-harus-izin-jokowi-maksimal-27-juli,ADVERTISEMENT SCROLL TO CONTINUE WITH CONTENT
"Jumpa Putin, Trump Tak Pertanyakan Intervensi Rusia di Pemilu","Selasa, 17 Jul 2018 09:29 WIB",https://www.cnnindonesia.com/internasional/20180717091935-134-314676/jumpa-putin-trump-tak-pertanyakan-intervensi-rusia-di-pemilu,ADVERTISEMENT SCROLL TO CONTINUE WITH CONTENT
"Jadi Oposisi, Najib Razak Janji akan Melayani Rakyat Malaysia","Selasa, 17 Jul 2018 08:57 WIB",https://www.cnnindonesia.com/internasional/20180717023327-106-314655/jadi-oposisi-najib-razak-janji-akan-melayani-rakyat-malaysia,ADVERTISEMENT SCROLL TO CONTINUE WITH CONTENT
Pendaftaran Caleg di KPU Ditutup Hari Ini,"Selasa, 17 Jul 2018 08:02 WIB",https://www.cnnindonesia.com/nasional/20180717072217-20-314667/pendaftaran-caleg-di-kpu-ditutup-hari-ini,ADVERTISEMENT SCROLL TO CONTINUE WITH CONTENT
KPU Siap Hadapi Gugatan Larangan Eks Koruptor di MA,"Selasa, 17 Jul 2018 06:44 WIB",https://www.cnnindonesia.com/nasional/20180717013250-32-314648/kpu-siap-hadapi-gugatan-larangan-eks-koruptor-di-ma,ADVERTISEMENT SCROLL TO CONTINUE WITH CONTENT
"Temui Putin, Trump Dikritik Rekan-rekannya di Partai Republik","Selasa, 17 Jul 2018 05:41 WIB",https://www.cnnindonesia.com/internasional/20180717053545-134-314659/temui-putin-trump-dikritik-rekan-rekannya-di-partai-republik,ADVERTISEMENT SCROLL TO CONTINUE WITH CONTENT
Nasdem Jamin Kadernya di Kabinet Jokowi Tidak Bakal Nyaleg,"Selasa, 17 Jul 2018 03:18 WIB",https://www.cnnindonesia.com/nasional/20180717022232-32-314653/nasdem-jamin-kadernya-di-kabinet-jokowi-tidak-bakal-nyaleg,ADVERTISEMENT SCROLL TO CONTINUE WITH CONTENT
Bawaslu Siapkan Opsi Perpanjangan Pendaftaran Caleg,"Senin, 16 Jul 2018 23:54 WIB",https://www.cnnindonesia.com/nasional/20180716192408-32-314613/bawaslu-siapkan-opsi-perpanjangan-pendaftaran-caleg,ADVERTISEMENT SCROLL TO CONTINUE WITH CONTENT
Trump dan Putin Beberkan Hasil Pertemuan di Helsinki,"Senin, 16 Jul 2018 23:08 WIB",https://www.cnnindonesia.com/internasional/20180716230101-134-314641/trump-dan-putin-beberkan-hasil-pertemuan-di-helsinki,ADVERTISEMENT SCROLL TO CONTINUE WITH CONTENT
Golkar Bantah Minta Eni Saragih Isi Kas Partai Lewat Korupsi,"Senin, 16 Jul 2018 20:19 WIB",https://www.cnnindonesia.com/nasional/20180716180756-12-314592/golkar-bantah-minta-eni-saragih-isi-kas-partai-lewat-korupsi,ADVERTISEMENT SCROLL TO CONTINUE WITH CONTENT
"Duduk Santai dengan Trump, Kemenangan Putin dalam Genggam","Senin, 16 Jul 2018 19:05 WIB",https://www.cnnindonesia.com/internasional/20180716114529-134-314450/duduk-santai-dengan-trump-kemenangan-putin-dalam-genggam,ADVERTISEMENT SCROLL TO CONTINUE WITH CONTENT
Putin ke Trump: Waktunya Bicarakan Hubungan Kita,"Senin, 16 Jul 2018 18:47 WIB",https://www.cnnindonesia.com/internasional/20180716184245-134-314603/putin-ke-trump-waktunya-bicarakan-hubungan-kita,ADVERTISEMENT SCROLL TO CONTINUE WITH CONTENT
Trump Tiba di Istana Helsinki untuk Bertemu Putin,"Senin, 16 Jul 2018 18:13 WIB",https://www.cnnindonesia.com/internasional/20180716180901-134-314589/trump-tiba-di-istana-helsinki-untuk-bertemu-putin,ADVERTISEMENT SCROLL TO CONTINUE WITH CONTENT
"Sepakat dengan Trump, Rusia Salahkan AS soal Hubungan Buruk","Senin, 16 Jul 2018 17:55 WIB",https://www.cnnindonesia.com/internasional/20180716175242-134-314585/sepakat-dengan-trump-rusia-salahkan-as-soal-hubungan-buruk,ADVERTISEMENT SCROLL TO CONTINUE WITH CONTENT
"Peluang Pilpres Tipis, Karier Politik Gatot Belum Habis","Senin, 16 Jul 2018 17:48 WIB",https://www.cnnindonesia.com/nasional/20180716172457-32-314580/peluang-pilpres-tipis-karier-politik-gatot-belum-habis,ADVERTISEMENT SCROLL TO CONTINUE WITH CONTENT
"Jelang Bertemu Putin, Trump Salahkan Negara Sendiri","Senin, 16 Jul 2018 17:23 WIB",https://www.cnnindonesia.com/internasional/20180716163405-134-314550/jelang-bertemu-putin-trump-salahkan-negara-sendiri,ADVERTISEMENT SCROLL TO CONTINUE WITH CONTENT
"Bakal Caleg Artis NasDem, dari Manohara hingga Nafa Urbach","Senin, 16 Jul 2018 16:58 WIB",https://www.cnnindonesia.com/nasional/20180716164144-32-314551/bakal-caleg-artis-nasdem-dari-manohara-hingga-nafa-urbach,ADVERTISEMENT SCROLL TO CONTINUE WITH CONTENT
NasDem dan PSI Paling Banyak Sodorkan Nama Bacaleg ke KPU,"Senin, 16 Jul 2018 15:39 WIB",https://www.cnnindonesia.com/nasional/20180716134621-32-314506/nasdem-dan-psi-paling-banyak-sodorkan-nama-bacaleg-ke-kpu,ADVERTISEMENT SCROLL TO CONTINUE WITH CONTENT
Prabowo-SBY Bertemu Rabu Lusa Bahas Pilpres 2019,"Senin, 16 Jul 2018 13:57 WIB",https://www.cnnindonesia.com/nasional/20180716134626-32-314498/prabowo-sby-bertemu-rabu-lusa-bahas-pilpres-2019,ADVERTISEMENT SCROLL TO CONTINUE WITH CONTENT
"Jelang Pertemuan dengan Putin, Trump Sebut Rusia Musuh","Senin, 16 Jul 2018 10:46 WIB",https://www.cnnindonesia.com/internasional/20180716090117-134-314396/jelang-pertemuan-dengan-putin-trump-sebut-rusia-musuh,ADVERTISEMENT SCROLL TO CONTINUE WITH CONTENT
"Jelang Temu Putin, Trump Ucapkan Selamat atas Piala Dunia","Senin, 16 Jul 2018 06:44 WIB",https://www.cnnindonesia.com/internasional/20180716062749-134-314368/jelang-temu-putin-trump-ucapkan-selamat-atas-piala-dunia,ADVERTISEMENT SCROLL TO CONTINUE WITH CONTENT
Pertemuan dengan Putin dan Hujan Kritik untuk Trump,"Senin, 16 Jul 2018 05:22 WIB",https://www.cnnindonesia.com/internasional/20180713122624-134-313777/pertemuan-dengan-putin-dan-hujan-kritik-untuk-trump,ADVERTISEMENT SCROLL TO CONTINUE WITH CONTENT
Trump Salahkan Obama soal Intervensi Rusia dalam Pemilu AS,"Senin, 16 Jul 2018 00:52 WIB",https://www.cnnindonesia.com/internasional/20180715163137-134-314195/trump-salahkan-obama-soal-intervensi-rusia-dalam-pemilu-as,ADVERTISEMENT SCROLL TO CONTINUE WITH CONTENT
"Andalkan Artis, Partai Tommy Soeharto Viralkan #2019GantiDPR","Minggu, 15 Jul 2018 14:02 WIB",https://www.cnnindonesia.com/nasional/20180715135308-32-314179/andalkan-artis-partai-tommy-soeharto-viralkan-2019gantidpr,ADVERTISEMENT SCROLL TO CONTINUE WITH CONTENT
Trump Sebut Akan Ikut Pemilu 2020 Demi Penuhi Keinginan Orang,"Minggu, 15 Jul 2018 08:55 WIB",https://www.cnnindonesia.com/internasional/20180715083239-134-314142/trump-sebut-akan-ikut-pemilu-2020-demi-penuhi-keinginan-orang,ADVERTISEMENT SCROLL TO CONTINUE WITH CONTENT
PPP Yakin Cawapres Jokowi Berinisial M Hanya Kabar Angin,"Minggu, 15 Jul 2018 05:52 WIB",https://www.cnnindonesia.com/nasional/20180714175151-32-314047/ppp-yakin-cawapres-jokowi-berinisial-m-hanya-kabar-angin,ADVERTISEMENT SCROLL TO CONTINUE WITH CONTENT
Peretasan di Pilpres AS Libatkan Bitcoin dan Teknik Phishing,"Minggu, 15 Jul 2018 05:30 WIB",https://www.cnnindonesia.com/teknologi/20180714155650-185-314030/peretasan-di-pilpres-as-libatkan-bitcoin-dan-teknik-phishing,ADVERTISEMENT SCROLL TO CONTINUE WITH CONTENT
PPP Nilai Hanya Kubu Prabowo yang Patut Jadi Penantang Jokowi,"Minggu, 15 Jul 2018 04:45 WIB",https://www.cnnindonesia.com/nasional/20180714172616-32-314043/ppp-nilai-hanya-kubu-prabowo-yang-patut-jadi-penantang-jokowi,ADVERTISEMENT SCROLL TO CONTINUE WITH CONTENT
Jokowi: Jangan Sampai karena Pilihan Presiden Tak Saling Sapa,"Minggu, 15 Jul 2018 01:24 WIB",https://www.cnnindonesia.com/nasional/20180715011041-32-314129/jokowi-jangan-sampai-karena-pilihan-presiden-tak-saling-sapa,ADVERTISEMENT SCROLL TO CONTINUE WITH CONTENT
"Koalisi Gerindra Usung Prabowo, PDIP Buka Pintu ke Demokrat","Sabtu, 14 Jul 2018 21:41 WIB",https://www.cnnindonesia.com/nasional/20180714183104-32-314056/koalisi-gerindra-usung-prabowo-pdip-buka-pintu-ke-demokrat,ADVERTISEMENT SCROLL TO CONTINUE WITH CONTENT
Kronologi Campur Tangan Rusia dalam Peretasan di Pilpres AS,"Sabtu, 14 Jul 2018 17:18 WIB",https://www.cnnindonesia.com/internasional/20180714144028-134-314019/kronologi-campur-tangan-rusia-dalam-peretasan-di-pilpres-as,ADVERTISEMENT SCROLL TO CONTINUE WITH CONTENT
AS Dakwa Mata-mata Rusia Terkait Peretasan pada Pemilu 2016,"Sabtu, 14 Jul 2018 14:22 WIB",https://www.cnnindonesia.com/internasional/20180714140011-134-314015/as-dakwa-mata-mata-rusia-terkait-peretasan-pada-pemilu-2016,ADVERTISEMENT SCROLL TO CONTINUE WITH CONTENT
DKPP: Calon Kepala Daerah Gugat ke MK Bukti Tak Siap Kalah,"Sabtu, 14 Jul 2018 04:49 WIB",https://www.cnnindonesia.com/nasional/20180714043345-32-313974/dkpp-calon-kepala-daerah-gugat-ke-mk-bukti-tak-siap-kalah,ADVERTISEMENT SCROLL TO CONTINUE WITH CONTENT
Tahanan KPK Pemenang Pilkada Bisa Dipinjam Untuk Dilantik,"Sabtu, 14 Jul 2018 04:16 WIB",https://www.cnnindonesia.com/nasional/20180714040305-32-313973/tahanan-kpk-pemenang-pilkada-bisa-dipinjam-untuk-dilantik,ADVERTISEMENT SCROLL TO CONTINUE WITH CONTENT
PDIP: Tidak Ada yang Baru di Kontrak Politik Demokrat,"Sabtu, 14 Jul 2018 03:44 WIB",https://www.cnnindonesia.com/nasional/20180713183207-32-313871/pdip-tidak-ada-yang-baru-di-kontrak-politik-demokrat,ADVERTISEMENT SCROLL TO CONTINUE WITH CONTENT
"Imbas Noken, Partisipasi Warga Papua di Pilkada 2018 Tinggi","Sabtu, 14 Jul 2018 02:40 WIB",https://www.cnnindonesia.com/nasional/20180713133033-32-313796/imbas-noken-partisipasi-warga-papua-di-pilkada-2018-tinggi,ADVERTISEMENT SCROLL TO CONTINUE WITH CONTENT
Hinca Tegaskan Agus Hermanto ke PDIP Tanpa Restu SBY,"Jumat, 13 Jul 2018 23:07 WIB",https://www.cnnindonesia.com/nasional/20180713230036-32-313951/hinca-tegaskan-agus-hermanto-ke-pdip-tanpa-restu-sby,ADVERTISEMENT SCROLL TO CONTINUE WITH CONTENT
"Bantuan Hukum Eni Saragih, Golkar Tunggu Keterangan Resmi KPK","Jumat, 13 Jul 2018 21:35 WIB",https://www.cnnindonesia.com/nasional/20180713212822-12-313949/bantuan-hukum-eni-saragih-golkar-tunggu-keterangan-resmi-kpk,ADVERTISEMENT SCROLL TO CONTINUE WITH CONTENT
"Dilarang PKPU, Terpidana Suap Wa Ode Tetap Nyaleg Lewat PAN","Jumat, 13 Jul 2018 17:55 WIB",https://www.cnnindonesia.com/nasional/20180713161005-32-313838/dilarang-pkpu-terpidana-suap-wa-ode-tetap-nyaleg-lewat-pan,ADVERTISEMENT SCROLL TO CONTINUE WITH CONTENT
Demokrat dan PDIP Bahas Rencana Pertemuan AHY-Puan Maharani,"Jumat, 13 Jul 2018 16:22 WIB",https://www.cnnindonesia.com/nasional/20180713155006-32-313828/demokrat-dan-pdip-bahas-rencana-pertemuan-ahy-puan-maharani,ADVERTISEMENT SCROLL TO CONTINUE WITH CONTENT
Dakwaan terhadap Aktris Porno Stormy Daniels Dicabut,"Jumat, 13 Jul 2018 13:50 WIB",https://www.cnnindonesia.com/internasional/20180713125042-134-313780/dakwaan-terhadap-aktris-porno-stormy-daniels-dicabut,ADVERTISEMENT SCROLL TO CONTINUE WITH CONTENT
"Dugaan Pelanggaran di Pilkada 2018, Sulawesi Selatan 'Juara'","Jumat, 13 Jul 2018 06:35 WIB",https://www.cnnindonesia.com/nasional/20180712205802-32-313684/dugaan-pelanggaran-di-pilkada-2018-sulawesi-selatan-juara,ADVERTISEMENT SCROLL TO CONTINUE WITH CONTENT
Bawaslu Sebut Partisipasi Warga Papua di Pilkada 2018 Tinggi,"Jumat, 13 Jul 2018 06:23 WIB",https://www.cnnindonesia.com/nasional/20180712204110-20-313681/bawaslu-sebut-partisipasi-warga-papua-di-pilkada-2018-tinggi,ADVERTISEMENT SCROLL TO CONTINUE WITH CONTENT
Menteri Eko Mengaku Lagi Dirayu PKB Jadi Caleg 2019,"Jumat, 13 Jul 2018 06:06 WIB",https://www.cnnindonesia.com/nasional/20180713034557-32-313714/menteri-eko-mengaku-lagi-dirayu-pkb-jadi-caleg-2019,ADVERTISEMENT SCROLL TO CONTINUE WITH CONTENT
Gerindra Tak Bantu Kadernya Gugat Larangan Eks Napi Nyaleg,"Jumat, 13 Jul 2018 04:53 WIB",https://www.cnnindonesia.com/nasional/20180713032911-32-313713/gerindra-tak-bantu-kadernya-gugat-larangan-eks-napi-nyaleg,ADVERTISEMENT SCROLL TO CONTINUE WITH CONTENT
Bawaslu Ungkap 2 Juta Pemilih Pilkada 2018 Masuk DPT Tambahan,"Jumat, 13 Jul 2018 03:58 WIB",https://www.cnnindonesia.com/nasional/20180712210122-32-313686/bawaslu-ungkap-2-juta-pemilih-pilkada-2018-masuk-dpt-tambahan,ADVERTISEMENT SCROLL TO CONTINUE WITH CONTENT
Gerindra Umumkan Cawapres Prabowo Subianto Sebelum 10 Agustus,"Kamis, 12 Jul 2018 23:09 WIB",https://www.cnnindonesia.com/nasional/20180712225158-32-313699/gerindra-umumkan-cawapres-prabowo-subianto-sebelum-10-agustus,ADVERTISEMENT SCROLL TO CONTINUE WITH CONTENT
"Tjahjo Soal Pilpres 2019: STMJ, Saya Tetap Milih Jokowi","Kamis, 12 Jul 2018 21:33 WIB",https://www.cnnindonesia.com/nasional/20180712211724-32-313691/tjahjo-soal-pilpres-2019-stmj-saya-tetap-milih-jokowi,ADVERTISEMENT SCROLL TO CONTINUE WITH CONTENT
"Selama Pilkada 2018, 19 Anggota Pengawas Pemilu Meninggal","Kamis, 12 Jul 2018 20:50 WIB",https://www.cnnindonesia.com/nasional/20180712192523-32-313669/selama-pilkada-2018-19-anggota-pengawas-pemilu-meninggal,ADVERTISEMENT SCROLL TO CONTINUE WITH CONTENT
KPU Kecewa 2 Tersangka Korupsi Menang Pilkada 2018,"Kamis, 12 Jul 2018 19:38 WIB",https://www.cnnindonesia.com/nasional/20180712164031-32-313606/kpu-kecewa-2-tersangka-korupsi-menang-pilkada-2018,ADVERTISEMENT SCROLL TO CONTINUE WITH CONTENT
"Prabowo Tak Ada, Gerindra Belum Teken Pakta Integritas Pemilu","Kamis, 12 Jul 2018 18:55 WIB",https://www.cnnindonesia.com/nasional/20180712162237-32-313600/prabowo-tak-ada-gerindra-belum-teken-pakta-integritas-pemilu,ADVERTISEMENT SCROLL TO CONTINUE WITH CONTENT
KAHMI Bantah Deklarasi Dukungan Anies Capres di Balai Kota,"Kamis, 12 Jul 2018 18:43 WIB",https://www.cnnindonesia.com/nasional/20180712145236-32-313575/kahmi-bantah-deklarasi-dukungan-anies-capres-di-balai-kota,ADVERTISEMENT SCROLL TO CONTINUE WITH CONTENT
Demokrat Jamin 'Netral' di 2014 Tak Terulang di Pilpres 2019,"Kamis, 12 Jul 2018 18:12 WIB",https://www.cnnindonesia.com/nasional/20180712141812-32-313567/demokrat-jamin-netral-di-2014-tak-terulang-di-pilpres-2019,ADVERTISEMENT SCROLL TO CONTINUE WITH CONTENT
Sejumlah Artis Jadi Caleg Partai Tommy Soeharto,"Kamis, 12 Jul 2018 14:54 WIB",https://www.cnnindonesia.com/nasional/20180712130414-32-313533/sejumlah-artis-jadi-caleg-partai-tommy-soeharto,ADVERTISEMENT SCROLL TO CONTINUE WITH CONTENT
Anies Jamin Tak Ada Deklarasi Capres di Balai Kota,"Kamis, 12 Jul 2018 13:27 WIB",https://www.cnnindonesia.com/nasional/20180712131201-32-313541/anies-jamin-tak-ada-deklarasi-capres-di-balai-kota,ADVERTISEMENT SCROLL TO CONTINUE WITH CONTENT
'Mata Elang' KPK dan Rontoknya Para Petahana di Pilgub 2018,"Kamis, 12 Jul 2018 09:53 WIB",https://www.cnnindonesia.com/nasional/20180712080756-32-313479/mata-elang-kpk-dan-rontoknya-para-petahana-di-pilgub-2018,ADVERTISEMENT SCROLL TO CONTINUE WITH CONTENT
Politisi PDIP Sebut Jokowi Usung Nawacita Jilid II di Pilpres,"Kamis, 12 Jul 2018 07:46 WIB",https://www.cnnindonesia.com/nasional/20180711150727-32-313288/politisi-pdip-sebut-jokowi-usung-nawacita-jilid-ii-di-pilpres,ADVERTISEMENT SCROLL TO CONTINUE WITH CONTENT
Bawaslu Bakal Didampingi Lima Organisasi Pantau Pemilu 2019,"Kamis, 12 Jul 2018 06:10 WIB",https://www.cnnindonesia.com/nasional/20180711202801-32-313389/bawaslu-bakal-didampingi-lima-organisasi-pantau-pemilu-2019,ADVERTISEMENT SCROLL TO CONTINUE WITH CONTENT
Fraksi PDIP DKI Tolak Ulah Amien Rais Terulang di Balai Kota,"Kamis, 12 Jul 2018 05:29 WIB",https://www.cnnindonesia.com/nasional/20180712011357-32-313401/fraksi-pdip-dki-tolak-ulah-amien-rais-terulang-di-balai-kota,ADVERTISEMENT SCROLL TO CONTINUE WITH CONTENT
Ketua DPR Harap Kapolri Netral di Tahun Politik,"Kamis, 12 Jul 2018 05:02 WIB",https://www.cnnindonesia.com/nasional/20180711150052-32-313280/ketua-dpr-harap-kapolri-netral-di-tahun-politik,ADVERTISEMENT SCROLL TO CONTINUE WITH CONTENT
Kemenko Polhukam Sesalkan Tudingan Kubu Oso untuk Wiranto,"Kamis, 12 Jul 2018 03:24 WIB",https://www.cnnindonesia.com/nasional/20180712031743-32-313412/kemenko-polhukam-sesalkan-tudingan-kubu-oso-untuk-wiranto,ADVERTISEMENT SCROLL TO CONTINUE WITH CONTENT
KPU Dituding Langgar Kode Etik dalam Perekrutan Anggota,"Kamis, 12 Jul 2018 00:37 WIB",https://www.cnnindonesia.com/nasional/20180712002430-32-313399/kpu-dituding-langgar-kode-etik-dalam-perekrutan-anggota,ADVERTISEMENT SCROLL TO CONTINUE WITH CONTENT
KPU Minta Jokowi Rp35 M untuk Penguatan IT di Pemilu 2019,"Kamis, 12 Jul 2018 00:07 WIB",https://www.cnnindonesia.com/nasional/20180711192003-32-313366/kpu-minta-jokowi-rp35-m-untuk-penguatan-it-di-pemilu-2019,ADVERTISEMENT SCROLL TO CONTINUE WITH CONTENT
"'Hijrah' Menteri ke Parlemen, Bukti Parpol Minim Kader","Rabu, 11 Jul 2018 23:41 WIB",https://www.cnnindonesia.com/nasional/20180711160713-32-313301/hijrah-menteri-ke-parlemen-bukti-parpol-minim-kader,ADVERTISEMENT SCROLL TO CONTINUE WITH CONTENT
Puan Yakin Golkar Tidak Akan Tinggalkan Jokowi,"Rabu, 11 Jul 2018 23:07 WIB",https://www.cnnindonesia.com/nasional/20180711185127-32-313359/puan-yakin-golkar-tidak-akan-tinggalkan-jokowi,ADVERTISEMENT SCROLL TO CONTINUE WITH CONTENT
Belum Satu Parpol pun Daftarkan Caleg ke KPU,"Rabu, 11 Jul 2018 20:37 WIB",https://www.cnnindonesia.com/nasional/20180711202549-32-313386/belum-satu-parpol-pun-daftarkan-caleg-ke-kpu,ADVERTISEMENT SCROLL TO CONTINUE WITH CONTENT
Demokrat Terhormat Jika TGB Dipilih Jokowi Jadi Cawapres,"Rabu, 11 Jul 2018 20:17 WIB",https://www.cnnindonesia.com/nasional/20180711174222-32-313335/demokrat-terhormat-jika-tgb-dipilih-jokowi-jadi-cawapres,ADVERTISEMENT SCROLL TO CONTINUE WITH CONTENT
Ketua DPR Sarankan Menteri 'Nyaleg' Mundur,"Rabu, 11 Jul 2018 19:59 WIB",https://www.cnnindonesia.com/nasional/20180711172600-32-313329/ketua-dpr-sarankan-menteri-nyaleg-mundur,ADVERTISEMENT SCROLL TO CONTINUE WITH CONTENT
Hanif Dhakiri Buka Kemungkinan Mendaftar Jadi Caleg,"Rabu, 11 Jul 2018 17:39 WIB",https://www.cnnindonesia.com/nasional/20180711142825-20-313271/hanif-dhakiri-buka-kemungkinan-mendaftar-jadi-caleg,ADVERTISEMENT SCROLL TO CONTINUE WITH CONTENT
"Temui Jokowi, KPU Minta Bantuan Peningkatan TI","Rabu, 11 Jul 2018 16:14 WIB",https://www.cnnindonesia.com/nasional/20180711144229-32-313282/temui-jokowi-kpu-minta-bantuan-peningkatan-ti,ADVERTISEMENT SCROLL TO CONTINUE WITH CONTENT
KPU Temui Jokowi Laporkan Hasil Pilkada Serentak 2018,"Rabu, 11 Jul 2018 12:31 WIB",https://www.cnnindonesia.com/nasional/20180711115945-32-313225/kpu-temui-jokowi-laporkan-hasil-pilkada-serentak-2018,ADVERTISEMENT SCROLL TO CONTINUE WITH CONTENT
Politik Dagang Sapi di Balik Gaduh Bursa Cawapres,"Rabu, 11 Jul 2018 11:42 WIB",https://www.cnnindonesia.com/nasional/20180711101838-32-313195/politik-dagang-sapi-di-balik-gaduh-bursa-cawapres,ADVERTISEMENT SCROLL TO CONTINUE WITH CONTENT
Ancaman Wiranto untuk Pelaku Rusuh Pilkada 2018,"Rabu, 11 Jul 2018 05:09 WIB",https://www.cnnindonesia.com/nasional/20180710185734-20-313050/ancaman-wiranto-untuk-pelaku-rusuh-pilkada-2018,ADVERTISEMENT SCROLL TO CONTINUE WITH CONTENT
KPU Hanya Terima Pendaftaran Bacaleg Hanura Kubu Oso-Herry,"Rabu, 11 Jul 2018 04:55 WIB",https://www.cnnindonesia.com/nasional/20180710154758-32-312985/kpu-hanya-terima-pendaftaran-bacaleg-hanura-kubu-oso-herry,ADVERTISEMENT SCROLL TO CONTINUE WITH CONTENT
Din Syamsuddin Minta Hati-hati Mengatasnamakan Umat Islam,"Selasa, 10 Jul 2018 22:53 WIB",https://www.cnnindonesia.com/nasional/20180710191547-20-313070/din-syamsuddin-minta-hati-hati-mengatasnamakan-umat-islam,ADVERTISEMENT SCROLL TO CONTINUE WITH CONTENT
Mahfudz Siddiq: Perpecahan di PKS Tak Bisa Dihindari,"Selasa, 10 Jul 2018 21:28 WIB",https://www.cnnindonesia.com/nasional/20180710195915-32-313076/mahfudz-siddiq-perpecahan-di-pks-tak-bisa-dihindari,ADVERTISEMENT SCROLL TO CONTINUE WITH CONTENT
Anggaran Program Keluarga Harapan Ditambah Rp15 Triliun,"Selasa, 10 Jul 2018 20:57 WIB",https://www.cnnindonesia.com/ekonomi/20180710180444-532-313033/anggaran-program-keluarga-harapan-ditambah-rp15-triliun,ADVERTISEMENT SCROLL TO CONTINUE WITH CONTENT
Eggi soal Anies Nyapres: Jangan Sampai Jadi Orang Munafik,"Selasa, 10 Jul 2018 20:33 WIB",https://www.cnnindonesia.com/nasional/20180710184758-32-313066/eggi-soal-anies-nyapres-jangan-sampai-jadi-orang-munafik,ADVERTISEMENT SCROLL TO CONTINUE WITH CONTENT
Taufik Gerindra Gugat Aturan Larangan Eks Koruptor Nyaleg,"Selasa, 10 Jul 2018 20:00 WIB",https://www.cnnindonesia.com/nasional/20180710194552-12-313073/taufik-gerindra-gugat-aturan-larangan-eks-koruptor-nyaleg,ADVERTISEMENT SCROLL TO CONTINUE WITH CONTENT
Din Syamsuddin: Sebutan 'Cebong'-'Kampret' Bukan Ahlak Islam,"Selasa, 10 Jul 2018 19:22 WIB",https://www.cnnindonesia.com/nasional/20180710164326-32-313015/din-syamsuddin-sebutan-cebong-kampret-bukan-ahlak-islam,ADVERTISEMENT SCROLL TO CONTINUE WITH CONTENT
SBY: Demokrat Tidak Punya Capres,"Selasa, 10 Jul 2018 18:04 WIB",https://www.cnnindonesia.com/nasional/20180710175901-32-313027/sby-demokrat-tidak-punya-capres,ADVERTISEMENT SCROLL TO CONTINUE WITH CONTENT
Wa Ode Nurhayati Gugat Aturan Larangan Eks Koruptor Nyaleg,"Selasa, 10 Jul 2018 16:49 WIB",https://www.cnnindonesia.com/nasional/20180710163313-32-313005/wa-ode-nurhayati-gugat-aturan-larangan-eks-koruptor-nyaleg,ADVERTISEMENT SCROLL TO CONTINUE WITH CONTENT
Nasdem Buka Peluang Usung Abraham Samad Jadi Cawapres Jokowi,"Selasa, 10 Jul 2018 16:35 WIB",https://www.cnnindonesia.com/nasional/20180710134231-32-312953/nasdem-buka-peluang-usung-abraham-samad-jadi-cawapres-jokowi,ADVERTISEMENT SCROLL TO CONTINUE WITH CONTENT
"Dua Menteri Mundur, Theresa May Rombak Kabinet","Selasa, 10 Jul 2018 14:42 WIB",https://www.cnnindonesia.com/internasional/20180710143547-134-312965/dua-menteri-mundur-theresa-may-rombak-kabinet,ADVERTISEMENT SCROLL TO CONTINUE WITH CONTENT
JK Sebut Belum Ada Menteri Izin Daftar Caleg,"Selasa, 10 Jul 2018 14:25 WIB",https://www.cnnindonesia.com/nasional/20180710141645-32-312957/jk-sebut-belum-ada-menteri-izin-daftar-caleg,ADVERTISEMENT SCROLL TO CONTINUE WITH CONTENT
Gerindra Pesimistis Usulan Tiga Poros PKS Bisa Terwujud,"Selasa, 10 Jul 2018 14:18 WIB",https://www.cnnindonesia.com/nasional/20180710140616-32-312954/gerindra-pesimistis-usulan-tiga-poros-pks-bisa-terwujud,ADVERTISEMENT SCROLL TO CONTINUE WITH CONTENT
Wiranto Minta Publik Tak Ributkan Cawapres Jokowi,"Selasa, 10 Jul 2018 13:20 WIB",https://www.cnnindonesia.com/nasional/20180710124043-32-312937/wiranto-minta-publik-tak-ributkan-cawapres-jokowi,ADVERTISEMENT SCROLL TO CONTINUE WITH CONTENT
Menerka Nasib Theresa May di Tengah Krisis Politik Brexit,"Selasa, 10 Jul 2018 12:50 WIB",https://www.cnnindonesia.com/internasional/20180710121619-134-312930/menerka-nasib-theresa-may-di-tengah-krisis-politik-brexit,ADVERTISEMENT SCROLL TO CONTINUE WITH CONTENT
Donasi Warga untuk Prabowo Maju Pilpres 2019 Capai Rp1 Miliar,"Selasa, 10 Jul 2018 12:24 WIB",https://www.cnnindonesia.com/nasional/20180710121656-32-312928/donasi-warga-untuk-prabowo-maju-pilpres-2019-capai-rp1-miliar,ADVERTISEMENT SCROLL TO CONTINUE WITH CONTENT
"Konflik Hanura, Wiranto Minta Elite Partai Taat Hukum","Selasa, 10 Jul 2018 11:32 WIB",https://www.cnnindonesia.com/nasional/20180710111715-32-312906/konflik-hanura-wiranto-minta-elite-partai-taat-hukum,ADVERTISEMENT SCROLL TO CONTINUE WITH CONTENT
"Drama Brexit, Dari Referendum ke Krisis Kabinet","Selasa, 10 Jul 2018 11:06 WIB",https://www.cnnindonesia.com/internasional/20180710104207-134-312901/drama-brexit-dari-referendum-ke-krisis-kabinet,ADVERTISEMENT SCROLL TO CONTINUE WITH CONTENT
Meraup Suara Pilpres 2019 Lewat Kemasan Politik Identitas,"Selasa, 10 Jul 2018 09:23 WIB",https://www.cnnindonesia.com/nasional/20180710083429-32-312875/meraup-suara-pilpres-2019-lewat-kemasan-politik-identitas,ADVERTISEMENT SCROLL TO CONTINUE WITH CONTENT
Penyerahan Berkas Caleg Partai ke KPU Belum Merata,"Selasa, 10 Jul 2018 09:04 WIB",https://www.cnnindonesia.com/nasional/20180710085747-32-312874/penyerahan-berkas-caleg-partai-ke-kpu-belum-merata,ADVERTISEMENT SCROLL TO CONTINUE WITH CONTENT
MK Libatkan Bawaslu dalam Penyelesaian Sengketa Pilkada,"Selasa, 10 Jul 2018 08:02 WIB",https://www.cnnindonesia.com/nasional/20180710075612-32-312866/mk-libatkan-bawaslu-dalam-penyelesaian-sengketa-pilkada,ADVERTISEMENT SCROLL TO CONTINUE WITH CONTENT
"Dilantik Jadi Presiden, Erdogan Sebut Turki Masuki Awal Baru","Selasa, 10 Jul 2018 06:45 WIB",https://www.cnnindonesia.com/internasional/20180710063656-134-312858/dilantik-jadi-presiden-erdogan-sebut-turki-masuki-awal-baru,ADVERTISEMENT SCROLL TO CONTINUE WITH CONTENT
Aturan Ambang Batas Presiden Dinilai Bohongi Warga Negara,"Selasa, 10 Jul 2018 05:44 WIB",https://www.cnnindonesia.com/nasional/20180710053529-12-312855/aturan-ambang-batas-presiden-dinilai-bohongi-warga-negara,ADVERTISEMENT SCROLL TO CONTINUE WITH CONTENT
Pansel Hakim MK Bakal Cecar Kepala BPHN soal RKUHP,"Selasa, 10 Jul 2018 03:45 WIB",https://www.cnnindonesia.com/nasional/20180710033004-12-312848/pansel-hakim-mk-bakal-cecar-kepala-bphn-soal-rkuhp,ADVERTISEMENT SCROLL TO CONTINUE WITH CONTENT
KPK Diminta Periksa Rekam Jejak Sembilan Calon Hakim MK,"Selasa, 10 Jul 2018 01:58 WIB",https://www.cnnindonesia.com/nasional/20180710013811-12-312842/kpk-diminta-periksa-rekam-jejak-sembilan-calon-hakim-mk,ADVERTISEMENT SCROLL TO CONTINUE WITH CONTENT
Surya Paloh Larang Menteri dari NasDem Daftar Jadi Caleg,"Senin, 09 Jul 2018 22:45 WIB",https://www.cnnindonesia.com/nasional/20180709193931-32-312803/surya-paloh-larang-menteri-dari-nasdem-daftar-jadi-caleg,ADVERTISEMENT SCROLL TO CONTINUE WITH CONTENT
"Ozil Jadi Kambing Hitam, Ayah Sebut Peluang Pensiun","Senin, 09 Jul 2018 21:54 WIB",https://www.cnnindonesia.com/olahraga/20180709174525-142-312780/ozil-jadi-kambing-hitam-ayah-sebut-peluang-pensiun,ADVERTISEMENT SCROLL TO CONTINUE WITH CONTENT
"Jadi Eks Napi Korupsi, Taufik Gerindra Yakin Bisa Jadi Caleg","Senin, 09 Jul 2018 21:41 WIB",https://www.cnnindonesia.com/nasional/20180709183907-32-312786/jadi-eks-napi-korupsi-taufik-gerindra-yakin-bisa-jadi-caleg,ADVERTISEMENT SCROLL TO CONTINUE WITH CONTENT
"'Cebong dan Kampret', Sinisme Dua Kubu Nihil Gagasan","Senin, 09 Jul 2018 19:30 WIB",https://www.cnnindonesia.com/nasional/20180709153148-32-312746/cebong-dan-kampret-sinisme-dua-kubu-nihil-gagasan,ADVERTISEMENT SCROLL TO CONTINUE WITH CONTENT
Erdogan Akan Kembali Dilantik Jadi Presiden Turki Hari Ini,"Senin, 09 Jul 2018 19:07 WIB",https://www.cnnindonesia.com/internasional/20180709190045-134-312791/erdogan-akan-kembali-dilantik-jadi-presiden-turki-hari-ini,ADVERTISEMENT SCROLL TO CONTINUE WITH CONTENT
"Jadi Caleg, Tjahjo Tunggu Perintah 'Bos' Megawati dan Jokowi","Senin, 09 Jul 2018 17:50 WIB",https://www.cnnindonesia.com/nasional/20180709154513-32-312741/jadi-caleg-tjahjo-tunggu-perintah-bos-megawati-dan-jokowi,ADVERTISEMENT SCROLL TO CONTINUE WITH CONTENT
"Petinggi Demokrat Rapat di Rumah SBY, Bahas Capres-Cawapres","Senin, 09 Jul 2018 14:39 WIB",https://www.cnnindonesia.com/nasional/20180709142943-32-312700/petinggi-demokrat-rapat-di-rumah-sby-bahas-capres-cawapres,ADVERTISEMENT SCROLL TO CONTINUE WITH CONTENT
"Kotak Kosong Menang, Wali Kota Makassar di Tangan Kemendagri","Senin, 09 Jul 2018 09:55 WIB",https://www.cnnindonesia.com/nasional/20180709093718-32-312619/kotak-kosong-menang-wali-kota-makassar-di-tangan-kemendagri,ADVERTISEMENT SCROLL TO CONTINUE WITH CONTENT
"Kantongi Cawapres, Jokowi dan Megawati Atur Waktu Pengumuman","Senin, 09 Jul 2018 08:51 WIB",https://www.cnnindonesia.com/nasional/20180709083928-32-312616/kantongi-cawapres-jokowi-dan-megawati-atur-waktu-pengumuman,ADVERTISEMENT SCROLL TO CONTINUE WITH CONTENT
Anwar Ibrahim Jalani Operasi Tulang Belakang di Turki,"Senin, 09 Jul 2018 08:40 WIB",https://www.cnnindonesia.com/internasional/20180709082919-106-312613/anwar-ibrahim-jalani-operasi-tulang-belakang-di-turki,ADVERTISEMENT SCROLL TO CONTINUE WITH CONTENT
Isran Noor-Hadi Menang Pilgub Kaltim 2018,"Senin, 09 Jul 2018 07:29 WIB",https://www.cnnindonesia.com/nasional/20180709072409-32-312594/isran-noor-hadi-menang-pilgub-kaltim-2018,ADVERTISEMENT SCROLL TO CONTINUE WITH CONTENT
KPU Minta Parpol Segera Daftar Bakal Calon Legislatif,"Senin, 09 Jul 2018 06:17 WIB",https://www.cnnindonesia.com/nasional/20180708235022-32-312571/kpu-minta-parpol-segera-daftar-bakal-calon-legislatif,ADVERTISEMENT SCROLL TO CONTINUE WITH CONTENT
Hatta Rajasa Lebih Pilih Keluarga Ketimbang Pilpres 2019,"Senin, 09 Jul 2018 05:56 WIB",https://www.cnnindonesia.com/nasional/20180709052156-32-312586/hatta-rajasa-lebih-pilih-keluarga-ketimbang-pilpres-2019,ADVERTISEMENT SCROLL TO CONTINUE WITH CONTENT
KPU Perkirakan Tak Ada Gugatan Hasil Pilgub Jabar 2018,"Senin, 09 Jul 2018 03:05 WIB",https://www.cnnindonesia.com/nasional/20180708223040-32-312553/kpu-perkirakan-tak-ada-gugatan-hasil-pilgub-jabar-2018,ADVERTISEMENT SCROLL TO CONTINUE WITH CONTENT
KPU Tetapkan Edy-Iject Pemenang Pilgub Sumut 2018,"Minggu, 08 Jul 2018 23:34 WIB",https://www.cnnindonesia.com/nasional/20180708232039-32-312556/kpu-tetapkan-edy-iject-pemenang-pilgub-sumut-2018,ADVERTISEMENT SCROLL TO CONTINUE WITH CONTENT
Ridwan Kamil-Uu Menangkan Pilgub Jabar,"Minggu, 08 Jul 2018 18:22 WIB",https://www.cnnindonesia.com/nasional/20180708174927-32-312504/ridwan-kamil-uu-menangkan-pilgub-jabar,ADVERTISEMENT SCROLL TO CONTINUE WITH CONTENT
Zulhas Sebut Umat Islam Rugi Jika Tak Berpolitik,"Minggu, 08 Jul 2018 18:01 WIB",https://www.cnnindonesia.com/nasional/20180708175227-32-312505/zulhas-sebut-umat-islam-rugi-jika-tak-berpolitik,ADVERTISEMENT SCROLL TO CONTINUE WITH CONTENT
Prabowo Ingin Sudirman Said Jadi Penasihatnya di Pilpres 2019,"Minggu, 08 Jul 2018 03:10 WIB",https://www.cnnindonesia.com/nasional/20180708023550-32-312391/prabowo-ingin-sudirman-said-jadi-penasihatnya-di-pilpres-2019,ADVERTISEMENT SCROLL TO CONTINUE WITH CONTENT
Prabowo-Sudirman Said Pertimbangkan Gugat Pilgub Jateng ke MK,"Minggu, 08 Jul 2018 02:32 WIB",https://www.cnnindonesia.com/nasional/20180708021617-32-312388/prabowo-sudirman-said-pertimbangkan-gugat-pilgub-jateng-ke-mk,ADVERTISEMENT SCROLL TO CONTINUE WITH CONTENT
Menkumham Tetapkan OSO-Herry Lontung Pengurus Sah Hanura,"Minggu, 08 Jul 2018 02:05 WIB",https://www.cnnindonesia.com/nasional/20180708010745-32-312387/menkumham-tetapkan-oso-herry-lontung-pengurus-sah-hanura,ADVERTISEMENT SCROLL TO CONTINUE WITH CONTENT
Ketum Gerindra Klaim Sudrajat-Syaikhu Menang di Pilgub Jabar,"Sabtu, 07 Jul 2018 21:13 WIB",https://www.cnnindonesia.com/nasional/20180707205108-32-312350/ketum-gerindra-klaim-sudrajat-syaikhu-menang-di-pilgub-jabar,ADVERTISEMENT SCROLL TO CONTINUE WITH CONTENT
Gerindra Kritik Wacana Menteri Maju Caleg dan Cuti Kampanye,"Sabtu, 07 Jul 2018 19:19 WIB",https://www.cnnindonesia.com/nasional/20180707172622-32-312326/gerindra-kritik-wacana-menteri-maju-caleg-dan-cuti-kampanye,ADVERTISEMENT SCROLL TO CONTINUE WITH CONTENT
"Kotak Kosong Menang di Makassar, Pemilihan Diulang Tahun 2020","Sabtu, 07 Jul 2018 18:09 WIB",https://www.cnnindonesia.com/nasional/20180707180100-32-312329/kotak-kosong-menang-di-makassar-pemilihan-diulang-tahun-2020,ADVERTISEMENT SCROLL TO CONTINUE WITH CONTENT
KPU Jabar Bantah Tudingan Gerindra Tak Netral di Pilgub,"Sabtu, 07 Jul 2018 15:24 WIB",https://www.cnnindonesia.com/nasional/20180707145830-32-312304/kpu-jabar-bantah-tudingan-gerindra-tak-netral-di-pilgub,ADVERTISEMENT SCROLL TO CONTINUE WITH CONTENT
Potensi Penantang Kuat Jokowi dari Luar Parpol,"Sabtu, 07 Jul 2018 08:34 WIB",https://www.cnnindonesia.com/nasional/20180706205714-32-312178/potensi-penantang-kuat-jokowi-dari-luar-parpol,ADVERTISEMENT SCROLL TO CONTINUE WITH CONTENT
Berkas Pendaftaran Eks Koruptor Dikembalikan Tanpa Putusan MA,"Sabtu, 07 Jul 2018 04:15 WIB",https://www.cnnindonesia.com/nasional/20180706214422-32-312184/berkas-pendaftaran-eks-koruptor-dikembalikan-tanpa-putusan-ma,ADVERTISEMENT SCROLL TO CONTINUE WITH CONTENT
KPU Ingatkan Menteri Jadi Caleg Harus Cuti Saat Kampanye,"Jumat, 06 Jul 2018 21:21 WIB",https://www.cnnindonesia.com/nasional/20180706183413-32-312121/kpu-ingatkan-menteri-jadi-caleg-harus-cuti-saat-kampanye,ADVERTISEMENT SCROLL TO CONTINUE WITH CONTENT
Gerak Senyap Gatot Nurmantyo ke Trump Tower,"Jumat, 06 Jul 2018 19:49 WIB",https://www.cnnindonesia.com/nasional/20180706175547-32-312141/gerak-senyap-gatot-nurmantyo-ke-trump-tower,ADVERTISEMENT SCROLL TO CONTINUE WITH CONTENT
JK 'King Maker' di Pilpres 2019,"Jumat, 06 Jul 2018 17:50 WIB",https://www.cnnindonesia.com/nasional/20180706134944-32-312005/jk-king-maker-di-pilpres-2019,ADVERTISEMENT SCROLL TO CONTINUE WITH CONTENT
Jokowi Persilakan Menterinya Nyaleg dan Cuti Kampanye,"Jumat, 06 Jul 2018 16:38 WIB",https://www.cnnindonesia.com/nasional/20180706161744-32-312087/jokowi-persilakan-menterinya-nyaleg-dan-cuti-kampanye,ADVERTISEMENT SCROLL TO CONTINUE WITH CONTENT
"Tangkap Buronan Malaysia, Mahathir Berterima Kasih ke  Jokowi","Jumat, 06 Jul 2018 15:40 WIB",https://www.cnnindonesia.com/internasional/20180706152622-106-312053/tangkap-buronan-malaysia-mahathir-berterima-kasih-ke-jokowi,ADVERTISEMENT SCROLL TO CONTINUE WITH CONTENT
Anies Sebut Zulhas Sering Ditanya soal Reklamasi di Daerah,"Jumat, 06 Jul 2018 15:39 WIB",https://www.cnnindonesia.com/nasional/20180706144004-32-312038/anies-sebut-zulhas-sering-ditanya-soal-reklamasi-di-daerah,ADVERTISEMENT SCROLL TO CONTINUE WITH CONTENT
"Opsi Duet Prabowo-AHY, Gerindra Optimis Demokrat Merapat","Jumat, 06 Jul 2018 14:47 WIB",https://www.cnnindonesia.com/nasional/20180706142952-32-312022/opsi-duet-prabowo-ahy-gerindra-optimis-demokrat-merapat,ADVERTISEMENT SCROLL TO CONTINUE WITH CONTENT
Puan Pertimbangkan Maju Pileg 2019,"Jumat, 06 Jul 2018 14:31 WIB",https://www.cnnindonesia.com/nasional/20180706132546-32-311995/puan-pertimbangkan-maju-pileg-2019,ADVERTISEMENT SCROLL TO CONTINUE WITH CONTENT
"Larangan Eks Koruptor, MA Persilakan Siapapun Gugat PKPU","Jumat, 06 Jul 2018 14:18 WIB",https://www.cnnindonesia.com/nasional/20180706120932-12-311975/larangan-eks-koruptor-ma-persilakan-siapapun-gugat-pkpu,ADVERTISEMENT SCROLL TO CONTINUE WITH CONTENT
PAN Bakal Tinggalkan Koalisi Jokowi,"Jumat, 06 Jul 2018 12:25 WIB",https://www.cnnindonesia.com/nasional/20180706122306-32-311978/pan-bakal-tinggalkan-koalisi-jokowi,ADVERTISEMENT SCROLL TO CONTINUE WITH CONTENT
Warga di Dua TPS NTT Tolak Pemungutan Suara Ulang,"Jumat, 06 Jul 2018 12:04 WIB",https://www.cnnindonesia.com/nasional/20180706110904-20-311963/warga-di-dua-tps-ntt-tolak-pemungutan-suara-ulang,ADVERTISEMENT SCROLL TO CONTINUE WITH CONTENT
"Modal Anies Pilpres, Jago Retorika dan Dekat Kelompok Islam","Jumat, 06 Jul 2018 10:00 WIB",https://www.cnnindonesia.com/nasional/20180706091053-32-311943/modal-anies-pilpres-jago-retorika-dan-dekat-kelompok-islam,ADVERTISEMENT SCROLL TO CONTINUE WITH CONTENT
"Bukan Cuma IHSG, Bursa Saham Asia Juga Loyo Sejak Awal Tahun","Jumat, 06 Jul 2018 09:04 WIB",https://www.cnnindonesia.com/ekonomi/20180706085116-92-311932/bukan-cuma-ihsg-bursa-saham-asia-juga-loyo-sejak-awal-tahun,ADVERTISEMENT SCROLL TO CONTINUE WITH CONTENT
KPK Bakal Sodorkan Daftar Koruptor ke KPU,"Jumat, 06 Jul 2018 01:30 WIB",https://www.cnnindonesia.com/nasional/20180705103522-12-311677/kpk-bakal-sodorkan-daftar-koruptor-ke-kpu,ADVERTISEMENT SCROLL TO CONTINUE WITH CONTENT
Istana Tepis Tuduhan Sofjan Wanandi soal Menteri 'Nyaleg',"Kamis, 05 Jul 2018 19:37 WIB",https://www.cnnindonesia.com/nasional/20180705190403-32-311858/istana-tepis-tuduhan-sofjan-wanandi-soal-menteri-nyaleg,ADVERTISEMENT SCROLL TO CONTINUE WITH CONTENT
Wiranto dan Ketua KPU Bahas Partai Hanura di Kemenpolhukam,"Kamis, 05 Jul 2018 19:05 WIB",https://www.cnnindonesia.com/nasional/20180705185428-32-311852/wiranto-dan-ketua-kpu-bahas-partai-hanura-di-kemenpolhukam,ADVERTISEMENT SCROLL TO CONTINUE WITH CONTENT
Eks Koruptor dan Penjahat Seksual Masih Dipersilakan Nyaleg,"Kamis, 05 Jul 2018 18:15 WIB",https://www.cnnindonesia.com/nasional/20180705172224-32-311838/eks-koruptor-dan-penjahat-seksual-masih-dipersilakan-nyaleg,ADVERTISEMENT SCROLL TO CONTINUE WITH CONTENT
Al Khaththath Proklamasi Jadi Pembina Caleg Muslim Indonesia,"Kamis, 05 Jul 2018 18:08 WIB",https://www.cnnindonesia.com/nasional/20180705172725-32-311833/al-khaththath-proklamasi-jadi-pembina-caleg-muslim-indonesia,ADVERTISEMENT SCROLL TO CONTINUE WITH CONTENT
Moeldoko: Netralitas TNI Tergantung Pemimpinnya,"Kamis, 05 Jul 2018 15:49 WIB",https://www.cnnindonesia.com/nasional/20180705151307-32-311778/moeldoko-netralitas-tni-tergantung-pemimpinnya,ADVERTISEMENT SCROLL TO CONTINUE WITH CONTENT
Sembilan Calon Hakim MK Pengganti Maria Farida Lolos Seleksi,"Kamis, 05 Jul 2018 14:07 WIB",https://www.cnnindonesia.com/nasional/20180705135242-12-311745/sembilan-calon-hakim-mk-pengganti-maria-farida-lolos-seleksi,ADVERTISEMENT SCROLL TO CONTINUE WITH CONTENT
"Rusak Integritas, Penangkapan Najib Disebut 'Akhir' dari UMNO","Kamis, 05 Jul 2018 13:32 WIB",https://www.cnnindonesia.com/internasional/20180705131821-106-311737/rusak-integritas-penangkapan-najib-disebut-akhir-dari-umno,ADVERTISEMENT SCROLL TO CONTINUE WITH CONTENT
Moeldoko Tak Punya Niat Jadi Cawapres Jokowi: Itu Spekulasi,"Kamis, 05 Jul 2018 13:20 WIB",https://www.cnnindonesia.com/nasional/20180705121934-32-311718/moeldoko-tak-punya-niat-jadi-cawapres-jokowi-itu-spekulasi,ADVERTISEMENT SCROLL TO CONTINUE WITH CONTENT
"Staf Dirampok, Moeldoko Bantah Rahasia Negara Ikut Hilang","Kamis, 05 Jul 2018 12:07 WIB",https://www.cnnindonesia.com/nasional/20180705113734-20-311708/staf-dirampok-moeldoko-bantah-rahasia-negara-ikut-hilang,ADVERTISEMENT SCROLL TO CONTINUE WITH CONTENT
MK Tunda Sidang Perkara Lain Selama Urus Sengketa Pilkada,"Kamis, 05 Jul 2018 11:34 WIB",https://www.cnnindonesia.com/nasional/20180705112732-12-311704/mk-tunda-sidang-perkara-lain-selama-urus-sengketa-pilkada,ADVERTISEMENT SCROLL TO CONTINUE WITH CONTENT
"Pagu Indikatif Belanja K/L Dihemat Rp8,8 Triliun pada 2019","Kamis, 05 Jul 2018 10:42 WIB",https://www.cnnindonesia.com/ekonomi/20180704205836-532-311597/pagu-indikatif-belanja-k-l-dihemat-rp88-triliun-pada-2019,ADVERTISEMENT SCROLL TO CONTINUE WITH CONTENT
Potensi-potensi Kehilangan Hak Suara pada Pemilu 2019,"Kamis, 05 Jul 2018 10:07 WIB",https://www.cnnindonesia.com/nasional/20180705071058-32-311639/potensi-potensi-kehilangan-hak-suara-pada-pemilu-2019,ADVERTISEMENT SCROLL TO CONTINUE WITH CONTENT
OSO Disebut Berhak Ganti Sudding karena Tak Pernah Berkantor,"Kamis, 05 Jul 2018 02:45 WIB",https://www.cnnindonesia.com/nasional/20180705022245-32-311631/oso-disebut-berhak-ganti-sudding-karena-tak-pernah-berkantor,ADVERTISEMENT SCROLL TO CONTINUE WITH CONTENT
"Caleg PKS Bisa Dicopot Sepihak, Fahri Ibaratkan Komunis China","Rabu, 04 Jul 2018 20:52 WIB",https://www.cnnindonesia.com/nasional/20180704201503-32-311590/caleg-pks-bisa-dicopot-sepihak-fahri-ibaratkan-komunis-china,ADVERTISEMENT SCROLL TO CONTINUE WITH CONTENT
Airlangga-Cak Imin Sepakat Bentuk Tim Bahas Cawapres Jokowi,"Rabu, 04 Jul 2018 20:05 WIB",https://www.cnnindonesia.com/nasional/20180704191316-32-311574/airlangga-cak-imin-sepakat-bentuk-tim-bahas-cawapres-jokowi,ADVERTISEMENT SCROLL TO CONTINUE WITH CONTENT
Anwar Ibrahim Yakin Mahathir Tepati Janji Serahkan Takhta,"Rabu, 04 Jul 2018 19:29 WIB",https://www.cnnindonesia.com/internasional/20180704192319-106-311573/anwar-ibrahim-yakin-mahathir-tepati-janji-serahkan-takhta,ADVERTISEMENT SCROLL TO CONTINUE WITH CONTENT
Menkumham Sebut PKPU Disahkan Agar Tak Ganggu Pemilu,"Rabu, 04 Jul 2018 19:14 WIB",https://www.cnnindonesia.com/nasional/20180704173349-32-311555/menkumham-sebut-pkpu-disahkan-agar-tak-ganggu-pemilu,ADVERTISEMENT SCROLL TO CONTINUE WITH CONTENT
KPU Pastikan Tolak Caleg Eks Koruptor di Masa Pendaftaran,"Rabu, 04 Jul 2018 18:42 WIB",https://www.cnnindonesia.com/nasional/20180704173951-32-311542/kpu-pastikan-tolak-caleg-eks-koruptor-di-masa-pendaftaran,ADVERTISEMENT SCROLL TO CONTINUE WITH CONTENT
Dewan Masjid Lepas Tangan soal Khotbah terkait Pemilu 2019,"Rabu, 04 Jul 2018 17:30 WIB",https://www.cnnindonesia.com/nasional/20180704165726-32-311535/dewan-masjid-lepas-tangan-soal-khotbah-terkait-pemilu-2019,ADVERTISEMENT SCROLL TO CONTINUE WITH CONTENT
Aji Mumpung Anies Baswedan 'Naik Kelas' di Pilpres 2019,"Rabu, 04 Jul 2018 17:20 WIB",https://www.cnnindonesia.com/nasional/20180704085957-32-311361/aji-mumpung-anies-baswedan-naik-kelas-di-pilpres-2019,ADVERTISEMENT SCROLL TO CONTINUE WITH CONTENT
"Pindah ke NasDem, Lucky Hakim Disebut Terima Uang Rp2 Miliar","Rabu, 04 Jul 2018 15:48 WIB",https://www.cnnindonesia.com/nasional/20180704150755-32-311495/pindah-ke-nasdem-lucky-hakim-disebut-terima-uang-rp2-miliar,ADVERTISEMENT SCROLL TO CONTINUE WITH CONTENT
"Irwandi Yusuf, Gubernur Aceh Eksponen GAM yang Ditangkap KPK","Rabu, 04 Jul 2018 15:30 WIB",https://www.cnnindonesia.com/nasional/20180704134553-12-311471/irwandi-yusuf-gubernur-aceh-eksponen-gam-yang-ditangkap-kpk,ADVERTISEMENT SCROLL TO CONTINUE WITH CONTENT
"PKPU Resmi Berlaku, Ketua KPU Harap Tak Ada Lagi Perdebatan","Rabu, 04 Jul 2018 15:10 WIB",https://www.cnnindonesia.com/nasional/20180704135506-32-311468/pkpu-resmi-berlaku-ketua-kpu-harap-tak-ada-lagi-perdebatan,ADVERTISEMENT SCROLL TO CONTINUE WITH CONTENT
"Anggaran Pilkada Triliunan, Gerinda Kritik KPU Tutup Situs","Rabu, 04 Jul 2018 14:41 WIB",https://www.cnnindonesia.com/nasional/20180704141515-32-311476/anggaran-pilkada-triliunan-gerinda-kritik-kpu-tutup-situs,ADVERTISEMENT SCROLL TO CONTINUE WITH CONTENT
Gugatan Ambang Batas Presiden dan Perubahan Peta Politik,"Rabu, 04 Jul 2018 14:11 WIB",https://www.cnnindonesia.com/nasional/20180704105513-32-311404/gugatan-ambang-batas-presiden-dan-perubahan-peta-politik,ADVERTISEMENT SCROLL TO CONTINUE WITH CONTENT
Belajar dari Mahathir Mohamad dan Malaysia Incorporated,"Rabu, 04 Jul 2018 14:00 WIB",https://www.cnnindonesia.com/internasional/20180704092602-107-311379/belajar-dari-mahathir-mohamad-dan-malaysia-incorporated,ADVERTISEMENT SCROLL TO CONTINUE WITH CONTENT
Kemendagri Tegaskan PKPU Larangan Eks Koruptor Nyaleg Sah,"Rabu, 04 Jul 2018 13:31 WIB",https://www.cnnindonesia.com/nasional/20180704124639-32-311440/kemendagri-tegaskan-pkpu-larangan-eks-koruptor-nyaleg-sah,ADVERTISEMENT SCROLL TO CONTINUE WITH CONTENT
Zulhas Goda Anies Maju Pilpres dan Romi Cawapres Jokowi,"Rabu, 04 Jul 2018 13:10 WIB",https://www.cnnindonesia.com/nasional/20180704123445-32-311436/zulhas-goda-anies-maju-pilpres-dan-romi-cawapres-jokowi,ADVERTISEMENT SCROLL TO CONTINUE WITH CONTENT
Kotak Kosong Menang Dinilai Bukti Pudarnya Monopoli Parpol,"Rabu, 04 Jul 2018 12:46 WIB",https://www.cnnindonesia.com/nasional/20180703201946-32-311220/kotak-kosong-menang-dinilai-bukti-pudarnya-monopoli-parpol,ADVERTISEMENT SCROLL TO CONTINUE WITH CONTENT
"Empat Dakwaan Korupsi, Eks-PM Najib Sebut Diri Tak Bersalah","Rabu, 04 Jul 2018 11:48 WIB",https://www.cnnindonesia.com/internasional/20180704112453-106-311412/empat-dakwaan-korupsi-eks-pm-najib-sebut-diri-tak-bersalah,ADVERTISEMENT SCROLL TO CONTINUE WITH CONTENT
Larangan Nyaleg Eks Koruptor Dinilai Perbaiki Sistem Politik,"Rabu, 04 Jul 2018 10:29 WIB",https://www.cnnindonesia.com/nasional/20180704075808-32-311341/larangan-nyaleg-eks-koruptor-dinilai-perbaiki-sistem-politik,ADVERTISEMENT SCROLL TO CONTINUE WITH CONTENT
"Ke Jakarta, Anwar Ibrahim Makan Malam dengan Megawati","Rabu, 04 Jul 2018 09:18 WIB",https://www.cnnindonesia.com/internasional/20180704091125-106-311363/ke-jakarta-anwar-ibrahim-makan-malam-dengan-megawati,ADVERTISEMENT SCROLL TO CONTINUE WITH CONTENT
Ketum PPP Nilai Duet JK-AHY Tak Punya Prospek di Pilpres 2019,"Rabu, 04 Jul 2018 07:55 WIB",https://www.cnnindonesia.com/nasional/20180704065224-32-311308/ketum-ppp-nilai-duet-jk-ahy-tak-punya-prospek-di-pilpres-2019,ADVERTISEMENT SCROLL TO CONTINUE WITH CONTENT
Larangan Eks Koruptor Jadi Caleg Diundangkan di Kemenkumham,"Rabu, 04 Jul 2018 07:40 WIB",https://www.cnnindonesia.com/nasional/20180704040529-32-311284/larangan-eks-koruptor-jadi-caleg-diundangkan-di-kemenkumham,ADVERTISEMENT SCROLL TO CONTINUE WITH CONTENT
KPU Klaim Larangan Eks Koruptor Nyaleg Terinspirasi Nawacita,"Rabu, 04 Jul 2018 07:24 WIB",https://www.cnnindonesia.com/nasional/20180703191716-32-311208/kpu-klaim-larangan-eks-koruptor-nyaleg-terinspirasi-nawacita,ADVERTISEMENT SCROLL TO CONTINUE WITH CONTENT
Eks Napi Korupsi Laporkan Komisioner KPU ke DKPP,"Rabu, 04 Jul 2018 06:18 WIB",https://www.cnnindonesia.com/nasional/20180703185714-32-311196/eks-napi-korupsi-laporkan-komisioner-kpu-ke-dkpp,ADVERTISEMENT SCROLL TO CONTINUE WITH CONTENT
PSI Gugat Aturan terkait Iklan Kampanye ke MK,"Rabu, 04 Jul 2018 05:37 WIB",https://www.cnnindonesia.com/nasional/20180703231654-32-311265/psi-gugat-aturan-terkait-iklan-kampanye-ke-mk,ADVERTISEMENT SCROLL TO CONTINUE WITH CONTENT
Fraksi PAN Sebut Hak Angket PKPU Eks Koruptor Tak Diperlukan,"Rabu, 04 Jul 2018 05:05 WIB",https://www.cnnindonesia.com/nasional/20180703220621-20-311245/fraksi-pan-sebut-hak-angket-pkpu-eks-koruptor-tak-diperlukan,ADVERTISEMENT SCROLL TO CONTINUE WITH CONTENT
"Jerman Tumbang di Piala Dunia, Sandiaga Berpaling ke Brasil","Rabu, 04 Jul 2018 04:42 WIB",https://www.cnnindonesia.com/nasional/20180703214940-20-311242/jerman-tumbang-di-piala-dunia-sandiaga-berpaling-ke-brasil,ADVERTISEMENT SCROLL TO CONTINUE WITH CONTENT
Figur Cagub Dinilai Jadi Faktor Penentu dalam Pilkada,"Rabu, 04 Jul 2018 04:14 WIB",https://www.cnnindonesia.com/nasional/20180703212750-32-311239/figur-cagub-dinilai-jadi-faktor-penentu-dalam-pilkada,ADVERTISEMENT SCROLL TO CONTINUE WITH CONTENT
Tersangka Korupsi Menang Pilkada karena Regulasi Lemah,"Rabu, 04 Jul 2018 03:40 WIB",https://www.cnnindonesia.com/nasional/20180703192935-32-311202/tersangka-korupsi-menang-pilkada-karena-regulasi-lemah,ADVERTISEMENT SCROLL TO CONTINUE WITH CONTENT
"Eks Koruptor Dilarang Nyaleg, Fahri Nilai KPU Gagal Paham","Rabu, 04 Jul 2018 01:38 WIB",https://www.cnnindonesia.com/nasional/20180703172739-32-311168/eks-koruptor-dilarang-nyaleg-fahri-nilai-kpu-gagal-paham,ADVERTISEMENT SCROLL TO CONTINUE WITH CONTENT
Jokowi Diminta Tegas Sikapi Larangan Eks Koruptor Jadi Caleg,"Selasa, 03 Jul 2018 21:54 WIB",https://www.cnnindonesia.com/nasional/20180703211701-32-311241/jokowi-diminta-tegas-sikapi-larangan-eks-koruptor-jadi-caleg,ADVERTISEMENT SCROLL TO CONTINUE WITH CONTENT
Dalih Peretasan Situs KPU di Balik Transparansi Suara Pilkada,"Selasa, 03 Jul 2018 18:43 WIB",https://www.cnnindonesia.com/nasional/20180703143616-32-311113/dalih-peretasan-situs-kpu-di-balik-transparansi-suara-pilkada,ADVERTISEMENT SCROLL TO CONTINUE WITH CONTENT
KPU Tak Akan Hapus Larangan Eks Koruptor Nyaleg,"Selasa, 03 Jul 2018 18:17 WIB",https://www.cnnindonesia.com/nasional/20180703175955-32-311173/kpu-tak-akan-hapus-larangan-eks-koruptor-nyaleg,ADVERTISEMENT SCROLL TO CONTINUE WITH CONTENT
Pencapresan JK Berpotensi Jadi Batu Sandungan Jokowi,"Selasa, 03 Jul 2018 18:07 WIB",https://www.cnnindonesia.com/nasional/20180703125042-32-311055/pencapresan-jk-berpotensi-jadi-batu-sandungan-jokowi,ADVERTISEMENT SCROLL TO CONTINUE WITH CONTENT
"Dorong JK-AHY, Demokrat Kenang Kejayaan SBY-JK","Selasa, 03 Jul 2018 17:01 WIB",https://www.cnnindonesia.com/nasional/20180703161202-32-311142/dorong-jk-ahy-demokrat-kenang-kejayaan-sby-jk,ADVERTISEMENT SCROLL TO CONTINUE WITH CONTENT
OSO Persilakan Moeldoko Mundur dari Hanura,"Selasa, 03 Jul 2018 16:39 WIB",https://www.cnnindonesia.com/nasional/20180703160307-32-311136/oso-persilakan-moeldoko-mundur-dari-hanura,ADVERTISEMENT SCROLL TO CONTINUE WITH CONTENT
Airlangga Hartarto Temui Wapres JK Hari Ini,"Selasa, 03 Jul 2018 16:13 WIB",https://www.cnnindonesia.com/nasional/20180703155620-32-311135/airlangga-hartarto-temui-wapres-jk-hari-ini,ADVERTISEMENT SCROLL TO CONTINUE WITH CONTENT
Mantan PM Najib Razak Ditangkap KPK Malaysia,"Selasa, 03 Jul 2018 15:59 WIB",https://www.cnnindonesia.com/internasional/20180703155702-106-311129/mantan-pm-najib-razak-ditangkap-kpk-malaysia,ADVERTISEMENT SCROLL TO CONTINUE WITH CONTENT
Uji Materi Ambang Batas Presiden Digelar Jelang Pendaftaran,"Selasa, 03 Jul 2018 14:55 WIB",https://www.cnnindonesia.com/nasional/20180703141409-32-311098/uji-materi-ambang-batas-presiden-digelar-jelang-pendaftaran,ADVERTISEMENT SCROLL TO CONTINUE WITH CONTENT
DPR Undang KPU Bahas Aturan Larangan Eks Koruptor Nyaleg,"Selasa, 03 Jul 2018 12:59 WIB",https://www.cnnindonesia.com/nasional/20180703125320-32-311053/dpr-undang-kpu-bahas-aturan-larangan-eks-koruptor-nyaleg,ADVERTISEMENT SCROLL TO CONTINUE WITH CONTENT
KPK: Semua Eks Narapidana Sebaiknya Tak Mewakili Rakyat,"Selasa, 03 Jul 2018 01:19 WIB",https://www.cnnindonesia.com/nasional/20180702200307-32-310888/kpk-semua-eks-narapidana-sebaiknya-tak-mewakili-rakyat,ADVERTISEMENT SCROLL TO CONTINUE WITH CONTENT
PKS Tegaskan Ikut Aturan KPU soal Larangan Koruptor Nyaleg,"Selasa, 03 Jul 2018 01:03 WIB",https://www.cnnindonesia.com/nasional/20180702201114-32-310894/pks-tegaskan-ikut-aturan-kpu-soal-larangan-koruptor-nyaleg,ADVERTISEMENT SCROLL TO CONTINUE WITH CONTENT
Presiden PKS Sebut Mahathir Effect Picu Wacana JK Jadi Capres,"Senin, 02 Jul 2018 22:00 WIB",https://www.cnnindonesia.com/nasional/20180702214120-32-310910/presiden-pks-sebut-mahathir-effect-picu-wacana-jk-jadi-capres,ADVERTISEMENT SCROLL TO CONTINUE WITH CONTENT
Elite Golkar dan Demokrat Respons Wacana Duet JK-AHY,"Senin, 02 Jul 2018 19:42 WIB",https://www.cnnindonesia.com/nasional/20180702183626-32-310872/elite-golkar-dan-demokrat-respons-wacana-duet-jk-ahy,ADVERTISEMENT SCROLL TO CONTINUE WITH CONTENT
"Syed Saddiq, Menteri Termuda Malaysia Sepanjang Sejarah","Senin, 02 Jul 2018 19:37 WIB",https://www.cnnindonesia.com/internasional/20180702183951-106-310875/syed-saddiq-menteri-termuda-malaysia-sepanjang-sejarah,ADVERTISEMENT SCROLL TO CONTINUE WITH CONTENT
"Lopez Obrador, Tokoh Sayap Kiri Pemimpin Baru Meksiko","Senin, 02 Jul 2018 18:38 WIB",https://www.cnnindonesia.com/internasional/20180702181730-134-310860/lopez-obrador-tokoh-sayap-kiri-pemimpin-baru-meksiko,ADVERTISEMENT SCROLL TO CONTINUE WITH CONTENT
Gerindra dan PKS Soroti Peluang Anies di Pilpres 2019,"Senin, 02 Jul 2018 18:20 WIB",https://www.cnnindonesia.com/nasional/20180702161950-32-310829/gerindra-dan-pks-soroti-peluang-anies-di-pilpres-2019,ADVERTISEMENT SCROLL TO CONTINUE WITH CONTENT
Istana Minta Kepastian soal Larangan Eks Koruptor Jadi Caleg,"Senin, 02 Jul 2018 17:31 WIB",https://www.cnnindonesia.com/nasional/20180702172503-32-310843/istana-minta-kepastian-soal-larangan-eks-koruptor-jadi-caleg,ADVERTISEMENT SCROLL TO CONTINUE WITH CONTENT
"Terkait Guru Dipecat, Ketua Bawaslu Tak Bisa Berbuat Banyak","Senin, 02 Jul 2018 16:37 WIB",https://www.cnnindonesia.com/nasional/20180702140026-32-310790/terkait-guru-dipecat-ketua-bawaslu-tak-bisa-berbuat-banyak,ADVERTISEMENT SCROLL TO CONTINUE WITH CONTENT
Bawaslu-Menkumham Tetap Perbolehkan Eks Koruptor Jadi Caleg,"Senin, 02 Jul 2018 16:03 WIB",https://www.cnnindonesia.com/nasional/20180702153306-32-310817/bawaslu-menkumham-tetap-perbolehkan-eks-koruptor-jadi-caleg,ADVERTISEMENT SCROLL TO CONTINUE WITH CONTENT
PDIP Tuding Ada Politik Uang di Pilkada Lampung,"Senin, 02 Jul 2018 15:03 WIB",https://www.cnnindonesia.com/nasional/20180702140006-32-310788/pdip-tuding-ada-politik-uang-di-pilkada-lampung,ADVERTISEMENT SCROLL TO CONTINUE WITH CONTENT
DPR Anggap KPU Pencitraan Larang Koruptor Nyaleg,"Senin, 02 Jul 2018 13:54 WIB",https://www.cnnindonesia.com/nasional/20180702114213-32-310756/dpr-anggap-kpu-pencitraan-larang-koruptor-nyaleg,ADVERTISEMENT SCROLL TO CONTINUE WITH CONTENT
"Anggap 'Rindu' Lawan Kuat, Dedi Mulyadi Kaget 'Asyik' Melejit","Senin, 02 Jul 2018 13:31 WIB",https://www.cnnindonesia.com/nasional/20180702130534-32-310771/anggap-rindu-lawan-kuat-dedi-mulyadi-kaget-asyik-melejit,ADVERTISEMENT SCROLL TO CONTINUE WITH CONTENT
"Pernah Terlibat Korupsi, Taufik Gerindra Kritik PKPU","Senin, 02 Jul 2018 12:17 WIB",https://www.cnnindonesia.com/nasional/20180702104623-32-310743/pernah-terlibat-korupsi-taufik-gerindra-kritik-pkpu,ADVERTISEMENT SCROLL TO CONTINUE WITH CONTENT
"Sayap Kiri Menang, Partai Berkuasa Meksiko Akui Kekalahan","Senin, 02 Jul 2018 09:25 WIB",https://www.cnnindonesia.com/internasional/20180702085642-134-310721/sayap-kiri-menang-partai-berkuasa-meksiko-akui-kekalahan,ADVERTISEMENT SCROLL TO CONTINUE WITH CONTENT
Situs Info Pemilu KPU MasihDownHingga Pagi Ini,"Senin, 02 Jul 2018 08:59 WIB",https://www.cnnindonesia.com/nasional/20180702084112-32-310718/situs-info-pemilu-kpu-masih-down-hingga-pagi-ini,ADVERTISEMENT SCROLL TO CONTINUE WITH CONTENT
Sebanyak 27 TPS di NTT Gelar Pemungutan Suara Ulang,"Senin, 02 Jul 2018 08:42 WIB",https://www.cnnindonesia.com/nasional/20180702081116-32-310715/sebanyak-27-tps-di-ntt-gelar-pemungutan-suara-ulang,ADVERTISEMENT SCROLL TO CONTINUE WITH CONTENT
Aturan Koruptor Dilarang Nyaleg Masih Bisa Dibatalkan,"Minggu, 01 Jul 2018 19:33 WIB",https://www.cnnindonesia.com/nasional/20180701190205-32-310593/aturan-koruptor-dilarang-nyaleg-masih-bisa-dibatalkan,ADVERTISEMENT SCROLL TO CONTINUE WITH CONTENT
"Pemilu Meksiko, Manuel Lopez Difavoritkan Menang","Minggu, 01 Jul 2018 19:20 WIB",https://www.cnnindonesia.com/internasional/20180701145625-134-310568/pemilu-meksiko-manuel-lopez-difavoritkan-menang,ADVERTISEMENT SCROLL TO CONTINUE WITH CONTENT
KPU Resmi Teken Aturan Larang Eks Koruptor Jadi Caleg,"Minggu, 01 Jul 2018 17:45 WIB",https://www.cnnindonesia.com/nasional/20180701173711-32-310583/kpu-resmi-teken-aturan-larang-eks-koruptor-jadi-caleg,ADVERTISEMENT SCROLL TO CONTINUE WITH CONTENT
KPU Klaim Tak Ada Manipulasi Data Hasil Pilwalkot Makassar,"Minggu, 01 Jul 2018 17:22 WIB",https://www.cnnindonesia.com/nasional/20180701171617-32-310578/kpu-klaim-tak-ada-manipulasi-data-hasil-pilwalkot-makassar,ADVERTISEMENT SCROLL TO CONTINUE WITH CONTENT
"Situs 'Down', KPU Diminta Antisipasi Serangan Hacker","Minggu, 01 Jul 2018 16:21 WIB",https://www.cnnindonesia.com/nasional/20180701161030-32-310572/situs-down-kpu-diminta-antisipasi-serangan-hacker,ADVERTISEMENT SCROLL TO CONTINUE WITH CONTENT
Seorang Wartawan Tewas Dibunuh di Meksiko Sebelum Pilpres,"Minggu, 01 Jul 2018 06:09 WIB",https://www.cnnindonesia.com/internasional/20180701060359-134-310527/seorang-wartawan-tewas-dibunuh-di-meksiko-sebelum-pilpres,ADVERTISEMENT SCROLL TO CONTINUE WITH CONTENT
Irak Hadapi Kekosongan Parlemen Sejak Saddam Hussein Jatuh,"Minggu, 01 Jul 2018 03:11 WIB",https://www.cnnindonesia.com/internasional/20180701025806-113-310481/irak-hadapi-kekosongan-parlemen-sejak-saddam-hussein-jatuh,ADVERTISEMENT SCROLL TO CONTINUE WITH CONTENT
Layanan Situs Info Pemilu Dinonaktifkan Sementara oleh KPU,"Minggu, 01 Jul 2018 02:20 WIB",https://www.cnnindonesia.com/teknologi/20180701020529-192-310478/layanan-situs-info-pemilu-dinonaktifkan-sementara-oleh-kpu,ADVERTISEMENT SCROLL TO CONTINUE WITH CONTENT
"Belum Aman, KPU Tunda Pemungutan Suara Ulang di Papua","Sabtu, 30 Jun 2018 21:46 WIB",https://www.cnnindonesia.com/nasional/20180630163742-32-310392/belum-aman-kpu-tunda-pemungutan-suara-ulang-di-papua,ADVERTISEMENT SCROLL TO CONTINUE WITH CONTENT
Fadli Zon Ungkap Lembaga Survei Merangkap Tim Kampanye,"Sabtu, 30 Jun 2018 21:04 WIB",https://www.cnnindonesia.com/nasional/20180630131227-32-310364/fadli-zon-ungkap-lembaga-survei-merangkap-tim-kampanye,ADVERTISEMENT SCROLL TO CONTINUE WITH CONTENT
Golkar Keluhkan Situs KPU Saat Pantau Penghitungan Suara,"Sabtu, 30 Jun 2018 19:54 WIB",https://www.cnnindonesia.com/nasional/20180630184420-32-310410/golkar-keluhkan-situs-kpu-saat-pantau-penghitungan-suara,ADVERTISEMENT SCROLL TO CONTINUE WITH CONTENT
KPU Resmi Larang Eks Koruptor 'Nyaleg' di Pemilu 2019,"Sabtu, 30 Jun 2018 18:13 WIB",https://www.cnnindonesia.com/nasional/20180630174748-32-310404/kpu-resmi-larang-eks-koruptor-nyaleg-di-pemilu-2019,ADVERTISEMENT SCROLL TO CONTINUE WITH CONTENT
PDIP Laporkan Kekalahan Djarot di Pilgub Sumut ke Jokowi,"Sabtu, 30 Jun 2018 13:23 WIB",https://www.cnnindonesia.com/nasional/20180630111211-32-310352/pdip-laporkan-kekalahan-djarot-di-pilgub-sumut-ke-jokowi,ADVERTISEMENT SCROLL TO CONTINUE WITH CONTENT
Golkar Klaim Menang di 91 Daerah pada Pilkada 2018,"Sabtu, 30 Jun 2018 05:36 WIB",https://www.cnnindonesia.com/nasional/20180630043445-32-310335/golkar-klaim-menang-di-91-daerah-pada-pilkada-2018,ADVERTISEMENT SCROLL TO CONTINUE WITH CONTENT
Partisipasi Pemilih Pilkada 2018 Belum Mencapai Target,"Sabtu, 30 Jun 2018 05:11 WIB",https://www.cnnindonesia.com/nasional/20180630040655-32-310334/partisipasi-pemilih-pilkada-2018-belum-mencapai-target,ADVERTISEMENT SCROLL TO CONTINUE WITH CONTENT
Penundaan Pemungutan Suara Paling Banyak Terjadi di Papua,"Sabtu, 30 Jun 2018 03:58 WIB",https://www.cnnindonesia.com/nasional/20180630033246-32-310331/penundaan-pemungutan-suara-paling-banyak-terjadi-di-papua,ADVERTISEMENT SCROLL TO CONTINUE WITH CONTENT
Mahathir dan Jokowi Bicara Kematangan Demokrasi,"Sabtu, 30 Jun 2018 03:31 WIB",https://www.cnnindonesia.com/nasional/20180629210142-32-310292/mahathir-dan-jokowi-bicara-kematangan-demokrasi,ADVERTISEMENT SCROLL TO CONTINUE WITH CONTENT
"Meski Ada Masalah, DPD Nilai Pilkada 2018 Berlangsung Aman","Sabtu, 30 Jun 2018 02:56 WIB",https://www.cnnindonesia.com/nasional/20180630020543-32-310323/meski-ada-masalah-dpd-nilai-pilkada-2018-berlangsung-aman,ADVERTISEMENT SCROLL TO CONTINUE WITH CONTENT
KPU Klaim Dibantu Relawan Pegiat TI Hadapi Peretas,"Sabtu, 30 Jun 2018 02:40 WIB",https://www.cnnindonesia.com/teknologi/20180630013703-185-310322/kpu-klaim-dibantu-relawan-pegiat-ti-hadapi-peretas,ADVERTISEMENT SCROLL TO CONTINUE WITH CONTENT
"Gugatan Ditolak MK, JK Tetap Bisa Maju Capres di Pilpres 2019","Sabtu, 30 Jun 2018 01:28 WIB",https://www.cnnindonesia.com/nasional/20180629134812-32-310148/gugatan-ditolak-mk-jk-tetap-bisa-maju-capres-di-pilpres-2019,ADVERTISEMENT SCROLL TO CONTINUE WITH CONTENT
MUI Ingatkan Amien Rais Tak Semua Masyarakat 'Pintar' Politik,"Jumat, 29 Jun 2018 22:48 WIB",https://www.cnnindonesia.com/nasional/20180629193854-32-310285/mui-ingatkan-amien-rais-tak-semua-masyarakat-pintar-politik,ADVERTISEMENT SCROLL TO CONTINUE WITH CONTENT
"Amien Rais: JK Capres, No Way","Jumat, 29 Jun 2018 17:01 WIB",https://www.cnnindonesia.com/nasional/20180629165040-32-310218/amien-rais-jk-capres-no-way,ADVERTISEMENT SCROLL TO CONTINUE WITH CONTENT
"Skandal 1MDB, Rekening Partai Najib Razak Dibekukan","Jumat, 29 Jun 2018 16:24 WIB",https://www.cnnindonesia.com/internasional/20180629124921-106-310125/skandal-1mdb-rekening-partai-najib-razak-dibekukan,ADVERTISEMENT SCROLL TO CONTINUE WITH CONTENT
"Khofifah-Emil, Kolaborasi Suara Tradisional-Nasionalis Jatim","Jumat, 29 Jun 2018 15:41 WIB",https://www.cnnindonesia.com/nasional/20180629101604-32-310107/khofifah-emil-kolaborasi-suara-tradisional-nasionalis-jatim,ADVERTISEMENT SCROLL TO CONTINUE WITH CONTENT
"Suara 'Asyik' Naik, Fadli Sebut Dukun Lebih Hebat dari Survei","Jumat, 29 Jun 2018 14:06 WIB",https://www.cnnindonesia.com/nasional/20180629124347-32-310131/suara-asyik-naik-fadli-sebut-dukun-lebih-hebat-dari-survei,ADVERTISEMENT SCROLL TO CONTINUE WITH CONTENT
"Mahathir, Sukarno Kecil Karib Soeharto dengan Doa buat Jokowi","Jumat, 29 Jun 2018 12:57 WIB",https://www.cnnindonesia.com/internasional/20180629075101-106-310055/mahathir-sukarno-kecil-karib-soeharto-dengan-doa-buat-jokowi,ADVERTISEMENT SCROLL TO CONTINUE WITH CONTENT
"Sambut Mahathir, Jokowi Cerita soal Kuda dan Kambing Piaraan","Jumat, 29 Jun 2018 11:47 WIB",https://www.cnnindonesia.com/internasional/20180629113006-106-310108/sambut-mahathir-jokowi-cerita-soal-kuda-dan-kambing-piaraan,ADVERTISEMENT SCROLL TO CONTINUE WITH CONTENT
Pilkada Jawa Barat-Jawa Timur dan 'Sinyal Merah' untuk Jokowi,"Jumat, 29 Jun 2018 11:22 WIB",https://www.cnnindonesia.com/nasional/20180629070553-32-310058/pilkada-jawa-barat-jawa-timur-dan-sinyal-merah-untuk-jokowi,ADVERTISEMENT SCROLL TO CONTINUE WITH CONTENT
"Menang Hitung Cepat, Ganjar Klaim Jateng Kandang Banteng","Jumat, 29 Jun 2018 11:03 WIB",https://www.cnnindonesia.com/nasional/20180629084035-32-310061/menang-hitung-cepat-ganjar-klaim-jateng-kandang-banteng,ADVERTISEMENT SCROLL TO CONTINUE WITH CONTENT
Seringai Rilis Single Baru 'Selamanya',Tanggal tidak ditemukan,https://www.cnnindonesia.com/hiburan/20180629102537-227-310092/seringai-rilis-single-baru-selamanya,ADVERTISEMENT SCROLL TO CONTINUE WITH CONTENT
Menimbang Peluang Poros Ketiga Selepas Pilkada Serentak,"Jumat, 29 Jun 2018 10:02 WIB",https://www.cnnindonesia.com/nasional/20180629091503-32-310069/menimbang-peluang-poros-ketiga-selepas-pilkada-serentak,ADVERTISEMENT SCROLL TO CONTINUE WITH CONTENT
Polisi Temukan Sejumlah Pelanggaran Pilkada 2018,"Jumat, 29 Jun 2018 09:13 WIB",https://www.cnnindonesia.com/nasional/20180628201237-12-309908/polisi-temukan-sejumlah-pelanggaran-pilkada-2018,ADVERTISEMENT SCROLL TO CONTINUE WITH CONTENT
"Tumbang di Jatim, PKB Klaim Nilai Tawar Cak Imin Masih Kuat","Jumat, 29 Jun 2018 09:10 WIB",https://www.cnnindonesia.com/nasional/20180629084238-32-310066/tumbang-di-jatim-pkb-klaim-nilai-tawar-cak-imin-masih-kuat,ADVERTISEMENT SCROLL TO CONTINUE WITH CONTENT
Menakar Peta Politik Pilpres 2019 Usai Pilkada Serentak,"Jumat, 29 Jun 2018 06:59 WIB",https://www.cnnindonesia.com/nasional/20180628131546-32-309789/menakar-peta-politik-pilpres-2019-usai-pilkada-serentak,ADVERTISEMENT SCROLL TO CONTINUE WITH CONTENT
PDIP Sebutkan Kriteria Idaman Pendamping Jokowi,"Jumat, 29 Jun 2018 06:02 WIB",https://www.cnnindonesia.com/nasional/20180629042836-32-310025/pdip-sebutkan-kriteria-idaman-pendamping-jokowi,ADVERTISEMENT SCROLL TO CONTINUE WITH CONTENT
JK Sebut Pilkada Serentak Aman karena Koalisi di Daerah Cair,"Jumat, 29 Jun 2018 05:27 WIB",https://www.cnnindonesia.com/nasional/20180628145709-32-309813/jk-sebut-pilkada-serentak-aman-karena-koalisi-di-daerah-cair,ADVERTISEMENT SCROLL TO CONTINUE WITH CONTENT
Mabes Polri Bantah Ikut Hitung Suara Pilkada Makassar,"Jumat, 29 Jun 2018 02:45 WIB",https://www.cnnindonesia.com/nasional/20180628203109-32-309910/mabes-polri-bantah-ikut-hitung-suara-pilkada-makassar,ADVERTISEMENT SCROLL TO CONTINUE WITH CONTENT
"Kotak Kosong Menang, PAN Sebut Calon Tunggal Merusak","Jumat, 29 Jun 2018 01:26 WIB",https://www.cnnindonesia.com/nasional/20180628173739-32-309868/kotak-kosong-menang-pan-sebut-calon-tunggal-merusak,ADVERTISEMENT SCROLL TO CONTINUE WITH CONTENT
Intervensi Pemilu AS Bakal Jadi Topik Pertemuan Trump-Putin,"Kamis, 28 Jun 2018 23:20 WIB",https://www.cnnindonesia.com/internasional/20180628231037-134-309948/intervensi-pemilu-as-bakal-jadi-topik-pertemuan-trump-putin,ADVERTISEMENT SCROLL TO CONTINUE WITH CONTENT
"PDIP Banyak Kalah, Golkar Pastikan Tetap Dukung Jokowi","Kamis, 28 Jun 2018 21:46 WIB",https://www.cnnindonesia.com/nasional/20180628212642-32-309923/pdip-banyak-kalah-golkar-pastikan-tetap-dukung-jokowi,ADVERTISEMENT SCROLL TO CONTINUE WITH CONTENT
"Pertaruhan Salah, Idealisme, dan Redupnya PDIP di Pilkada","Kamis, 28 Jun 2018 18:50 WIB",https://www.cnnindonesia.com/nasional/20180628093755-32-309742/pertaruhan-salah-idealisme-dan-redupnya-pdip-di-pilkada,ADVERTISEMENT SCROLL TO CONTINUE WITH CONTENT
RI dan Timor Leste Sepakat Negosiasi Perjanjian Investasi,"Kamis, 28 Jun 2018 18:25 WIB",https://www.cnnindonesia.com/internasional/20180628162719-106-309847/ri-dan-timor-leste-sepakat-negosiasi-perjanjian-investasi,ADVERTISEMENT SCROLL TO CONTINUE WITH CONTENT
Erdogan Cabut Status Darurat Usai Kudeta,"Kamis, 28 Jun 2018 17:13 WIB",https://www.cnnindonesia.com/internasional/20180628162311-134-309843/erdogan-cabut-status-darurat-usai-kudeta,ADVERTISEMENT SCROLL TO CONTINUE WITH CONTENT
PAN Klaim Makin Mudah Pilih Koalisi Pilpres 2019 Usai Pilkada,"Kamis, 28 Jun 2018 16:18 WIB",https://www.cnnindonesia.com/nasional/20180628132504-32-309796/pan-klaim-makin-mudah-pilih-koalisi-pilpres-2019-usai-pilkada,ADVERTISEMENT SCROLL TO CONTINUE WITH CONTENT
Demokrat Makin Yakin Duet JK-AHY Usai Putusan MK,"Kamis, 28 Jun 2018 15:36 WIB",https://www.cnnindonesia.com/nasional/20180628150935-32-309818/demokrat-makin-yakin-duet-jk-ahy-usai-putusan-mk,ADVERTISEMENT SCROLL TO CONTINUE WITH CONTENT
JK Tak Persoalkan MK Tolak Uji Materi UU Pemilu,"Kamis, 28 Jun 2018 15:17 WIB",https://www.cnnindonesia.com/nasional/20180628145925-32-309814/jk-tak-persoalkan-mk-tolak-uji-materi-uu-pemilu,ADVERTISEMENT SCROLL TO CONTINUE WITH CONTENT
Pilkada di Kabupaten Tangerang dan Lebak Diulang,"Kamis, 28 Jun 2018 13:54 WIB",https://www.cnnindonesia.com/nasional/20180628124712-32-309782/pilkada-di-kabupaten-tangerang-dan-lebak-diulang,ADVERTISEMENT SCROLL TO CONTINUE WITH CONTENT
PDIP: Tolok Ukur Kemenangan Pilkada dari Kader yang Terpilih,"Kamis, 28 Jun 2018 12:14 WIB",https://www.cnnindonesia.com/nasional/20180628105620-32-309757/pdip-tolok-ukur-kemenangan-pilkada-dari-kader-yang-terpilih,ADVERTISEMENT SCROLL TO CONTINUE WITH CONTENT
"Guterres, Eks-Gerilyawan yang Jadi Presiden Timor Leste","Kamis, 28 Jun 2018 12:02 WIB",https://www.cnnindonesia.com/internasional/20170322111114-106-201907/guterres-eks-gerilyawan-yang-jadi-presiden-timor-leste,ADVERTISEMENT SCROLL TO CONTINUE WITH CONTENT
Hitung Cepat KPU: Khofifah Unggul Sementara dari Gus Ipul,"Kamis, 28 Jun 2018 11:46 WIB",https://www.cnnindonesia.com/nasional/20180628103709-32-309741/hitung-cepat-kpu-khofifah-unggul-sementara-dari-gus-ipul,ADVERTISEMENT SCROLL TO CONTINUE WITH CONTENT
MK Tolak Gugatan soal JK Maju Lagi Cawapres,"Kamis, 28 Jun 2018 11:04 WIB",https://www.cnnindonesia.com/nasional/20180628105531-12-309747/mk-tolak-gugatan-soal-jk-maju-lagi-cawapres,ADVERTISEMENT SCROLL TO CONTINUE WITH CONTENT
Turki Tahan 12 Orang karena 'Mengutuk Erdogan',"Kamis, 28 Jun 2018 06:45 WIB",https://www.cnnindonesia.com/internasional/20180628063212-134-309705/turki-tahan-12-orang-karena-mengutuk-erdogan,ADVERTISEMENT SCROLL TO CONTINUE WITH CONTENT
"Lihat Hasil Pilkada 2018, Golkar 'Pede' Hadapi 2019","Kamis, 28 Jun 2018 05:29 WIB",https://www.cnnindonesia.com/nasional/20180628042128-32-309697/lihat-hasil-pilkada-2018-golkar-pede-hadapi-2019,ADVERTISEMENT SCROLL TO CONTINUE WITH CONTENT
KPU Minta Masyarakat Sabar dan Tetap Ikuti Aturan Pilkada,"Kamis, 28 Jun 2018 04:28 WIB",https://www.cnnindonesia.com/nasional/20180628035753-32-309687/kpu-minta-masyarakat-sabar-dan-tetap-ikuti-aturan-pilkada,ADVERTISEMENT SCROLL TO CONTINUE WITH CONTENT
Demokrat Akan Evaluasi Penyebab Kekalahan Deddy-Dedi di Jabar,"Kamis, 28 Jun 2018 01:42 WIB",https://www.cnnindonesia.com/nasional/20180627215359-32-309595/demokrat-akan-evaluasi-penyebab-kekalahan-deddy-dedi-di-jabar,ADVERTISEMENT SCROLL TO CONTINUE WITH CONTENT
Facebook Akui Tekan Hoaks & Ujaran Kebencian Jelang Pilkada,"Rabu, 27 Jun 2018 18:23 WIB",https://www.cnnindonesia.com/teknologi/20180627181316-185-309554/facebook-akui-tekan-hoaks-ujaran-kebencian-jelang-pilkada,ADVERTISEMENT SCROLL TO CONTINUE WITH CONTENT
"Rating Tinggi, Drama 'Wok of Love' Justru Pangkas Episode",Tanggal tidak ditemukan,https://www.cnnindonesia.com/hiburan/20180627143650-220-309467/rating-tinggi-drama-wok-of-love-justru-pangkas-episode,ADVERTISEMENT SCROLL TO CONTINUE WITH CONTENT
SBY Ucapkan Selamat ke Khofifah-Emil Lewat Telepon,"Rabu, 27 Jun 2018 17:25 WIB",https://www.cnnindonesia.com/nasional/20180627170426-32-309530/sby-ucapkan-selamat-ke-khofifah-emil-lewat-telepon,ADVERTISEMENT SCROLL TO CONTINUE WITH CONTENT
Turki Tahan 192 Personel Militer terkait Kudeta,"Rabu, 27 Jun 2018 17:04 WIB",https://www.cnnindonesia.com/internasional/20180627162349-134-309517/turki-tahan-192-personel-militer-terkait-kudeta,ADVERTISEMENT SCROLL TO CONTINUE WITH CONTENT
Para Srikandi Jaga Tiga TPS di Pilgub Jatim 2018,"Rabu, 27 Jun 2018 16:53 WIB",https://www.cnnindonesia.com/nasional/20180627143505-32-309471/para-srikandi-jaga-tiga-tps-di-pilgub-jatim-2018,ADVERTISEMENT SCROLL TO CONTINUE WITH CONTENT
Satu TPS Raib di Pilkada Jayawijaya Papua,"Rabu, 27 Jun 2018 16:35 WIB",https://www.cnnindonesia.com/nasional/20180627094924-32-309383/satu-tps-raib-di-pilkada-jayawijaya-papua,ADVERTISEMENT SCROLL TO CONTINUE WITH CONTENT
Wiranto Sebut Penundaaan Pemungutan Suara Ada di Dua Daerah,"Rabu, 27 Jun 2018 16:24 WIB",https://www.cnnindonesia.com/nasional/20180627160454-32-309516/wiranto-sebut-penundaaan-pemungutan-suara-ada-di-dua-daerah,ADVERTISEMENT SCROLL TO CONTINUE WITH CONTENT
SBY Pantau Quick Count Pilkada di 'War Room' DPP Demokrat,"Rabu, 27 Jun 2018 14:54 WIB",https://www.cnnindonesia.com/nasional/20180627142547-32-309463/sby-pantau-quick-count-pilkada-di-war-room-dpp-demokrat,ADVERTISEMENT SCROLL TO CONTINUE WITH CONTENT
Kapolda Sumut Minta Bantuan Masyarakat Awasi Pilkada,"Rabu, 27 Jun 2018 14:03 WIB",https://www.cnnindonesia.com/nasional/20180627134940-32-309450/kapolda-sumut-minta-bantuan-masyarakat-awasi-pilkada,ADVERTISEMENT SCROLL TO CONTINUE WITH CONTENT
Jagoan Sriwijaya FC Ikut Mencoblos Dalam Pilgub Sumsel,"Rabu, 27 Jun 2018 13:59 WIB",https://www.cnnindonesia.com/nasional/20180627134910-20-309437/jagoan-sriwijaya-fc-ikut-mencoblos-dalam-pilgub-sumsel,ADVERTISEMENT SCROLL TO CONTINUE WITH CONTENT
Bawaslu Lempar Nasib Hak Suara Tahanan kepada KPK,"Rabu, 27 Jun 2018 13:34 WIB",https://www.cnnindonesia.com/nasional/20180627090928-32-309370/bawaslu-lempar-nasib-hak-suara-tahanan-kepada-kpk,ADVERTISEMENT SCROLL TO CONTINUE WITH CONTENT
Asal Usul Celup Tinta di Jari Setelah Mencoblos Pemilu,Tanggal tidak ditemukan,https://www.cnnindonesia.com/gaya-hidup/20180627124144-277-309425/asal-usul-celup-tinta-di-jari-setelah-mencoblos-pemilu,ADVERTISEMENT SCROLL TO CONTINUE WITH CONTENT
"'Nyoblos' di Semarang, Tjahjo Minta KPU Koreksi Data Pemilih","Rabu, 27 Jun 2018 12:17 WIB",https://www.cnnindonesia.com/nasional/20180627113741-32-309413/nyoblos-di-semarang-tjahjo-minta-kpu-koreksi-data-pemilih,ADVERTISEMENT SCROLL TO CONTINUE WITH CONTENT
"Pilgub Jabar 2018, 2.400 Surat Suara Hilang di Cirebon","Rabu, 27 Jun 2018 11:56 WIB",https://www.cnnindonesia.com/nasional/20180627101736-32-309388/pilgub-jabar-2018-2400-surat-suara-hilang-di-cirebon,ADVERTISEMENT SCROLL TO CONTINUE WITH CONTENT
Dugaan Politik Uang Bermodus Pengajian Terjadi di Gorontalo,"Rabu, 27 Jun 2018 11:28 WIB",https://www.cnnindonesia.com/nasional/20180627111902-32-309404/dugaan-politik-uang-bermodus-pengajian-terjadi-di-gorontalo,ADVERTISEMENT SCROLL TO CONTINUE WITH CONTENT
"Soal Netralitas, SBY Ikhlas Demokrat Terpuruk di Pemilu 2014","Rabu, 27 Jun 2018 11:16 WIB",https://www.cnnindonesia.com/nasional/20180627110853-32-309401/soal-netralitas-sby-ikhlas-demokrat-terpuruk-di-pemilu-2014,ADVERTISEMENT SCROLL TO CONTINUE WITH CONTENT
"Yakin Menang, Syaikhu Bergegas Pantau Penghitungan di Posko","Rabu, 27 Jun 2018 10:48 WIB",https://www.cnnindonesia.com/nasional/20180627100339-20-309385/yakin-menang-syaikhu-bergegas-pantau-penghitungan-di-posko,ADVERTISEMENT SCROLL TO CONTINUE WITH CONTENT
"Usai Mencoblos, Ridwan Kamil Gowes Pantau TPS","Rabu, 27 Jun 2018 10:41 WIB",https://www.cnnindonesia.com/nasional/20180627101739-20-309392/usai-mencoblos-ridwan-kamil-gowes-pantau-tps,ADVERTISEMENT SCROLL TO CONTINUE WITH CONTENT
BSSN Waspada Serangan Siber Saat Pilkada Serentak,"Rabu, 27 Jun 2018 09:51 WIB",https://www.cnnindonesia.com/nasional/20180627090524-32-309374/bssn-waspada-serangan-siber-saat-pilkada-serentak,ADVERTISEMENT SCROLL TO CONTINUE WITH CONTENT
KBRI Phnom Penh Doakan Pilkada Serentak dan Pemilu Kamboja,"Rabu, 27 Jun 2018 09:45 WIB",https://www.cnnindonesia.com/internasional/20180627085256-106-309368/kbri-phnom-penh-doakan-pilkada-serentak-dan-pemilu-kamboja,ADVERTISEMENT SCROLL TO CONTINUE WITH CONTENT
Kampanye Hitam Media Sosial Warnai Hari Pencoblosan,"Rabu, 27 Jun 2018 09:42 WIB",https://www.cnnindonesia.com/nasional/20180627085112-32-309366/kampanye-hitam-media-sosial-warnai-hari-pencoblosan,ADVERTISEMENT SCROLL TO CONTINUE WITH CONTENT
"Serangan Fajar, 'Rezeki' Jelang Pencoblosan di Pilkada","Rabu, 27 Jun 2018 09:08 WIB",https://www.cnnindonesia.com/nasional/20180627080225-32-309352/serangan-fajar-rezeki-jelang-pencoblosan-di-pilkada,ADVERTISEMENT SCROLL TO CONTINUE WITH CONTENT
Ancaman Golput dan Harapan Politik yang Berulang,"Rabu, 27 Jun 2018 08:47 WIB",https://www.cnnindonesia.com/nasional/20180627065452-32-309337/ancaman-golput-dan-harapan-politik-yang-berulang,ADVERTISEMENT SCROLL TO CONTINUE WITH CONTENT
"Pilkada Serentak 2018, Warga Tentukan 171 Pemimpin Daerah","Rabu, 27 Jun 2018 06:38 WIB",https://www.cnnindonesia.com/nasional/20180626203441-32-309218/pilkada-serentak-2018-warga-tentukan-171-pemimpin-daerah,ADVERTISEMENT SCROLL TO CONTINUE WITH CONTENT
MUI Minta Masyarakat Legowo Jika Paslon yang Didukung Kalah,"Rabu, 27 Jun 2018 04:52 WIB",https://www.cnnindonesia.com/nasional/20180626195415-32-309210/mui-minta-masyarakat-legowo-jika-paslon-yang-didukung-kalah,ADVERTISEMENT SCROLL TO CONTINUE WITH CONTENT
Kapolda Sumut Nilai Medan dan Tapanuli Tengah Rawan Konflik,"Rabu, 27 Jun 2018 03:34 WIB",https://www.cnnindonesia.com/nasional/20180627003858-32-309291/kapolda-sumut-nilai-medan-dan-tapanuli-tengah-rawan-konflik,ADVERTISEMENT SCROLL TO CONTINUE WITH CONTENT
KontraS Sebut Aparat Jadi Pelaku Kekerasan Setahun Terakhir,"Rabu, 27 Jun 2018 00:06 WIB",https://www.cnnindonesia.com/nasional/20180626223725-12-309270/kontras-sebut-aparat-jadi-pelaku-kekerasan-setahun-terakhir,ADVERTISEMENT SCROLL TO CONTINUE WITH CONTENT
JK Yakin TNI dan Polri Netral di Pilkada,"Selasa, 26 Jun 2018 22:39 WIB",https://www.cnnindonesia.com/nasional/20180626171947-32-309160/jk-yakin-tni-dan-polri-netral-di-pilkada,ADVERTISEMENT SCROLL TO CONTINUE WITH CONTENT
"Telepon Erdogan, Jokowi Beri Selamat dan Undang ke Indonesia","Selasa, 26 Jun 2018 21:42 WIB",https://www.cnnindonesia.com/internasional/20180626212353-106-309257/telepon-erdogan-jokowi-beri-selamat-dan-undang-ke-indonesia,ADVERTISEMENT SCROLL TO CONTINUE WITH CONTENT
AS Minta Erdogan Perkuat Demokrasi Turki,"Selasa, 26 Jun 2018 18:03 WIB",https://www.cnnindonesia.com/internasional/20180626151909-134-309123/as-minta-erdogan-perkuat-demokrasi-turki,ADVERTISEMENT SCROLL TO CONTINUE WITH CONTENT
Bawaslu Sebut Prabowo Tak Mendidik Rakyat Soal Suap Pilkada,"Selasa, 26 Jun 2018 17:32 WIB",https://www.cnnindonesia.com/nasional/20180626134255-32-309091/bawaslu-sebut-prabowo-tak-mendidik-rakyat-soal-suap-pilkada,ADVERTISEMENT SCROLL TO CONTINUE WITH CONTENT
Kewenangan Baru Erdogan Usai Menang Pemilu Turki,"Selasa, 26 Jun 2018 17:08 WIB",https://www.cnnindonesia.com/internasional/20180626153753-134-309133/kewenangan-baru-erdogan-usai-menang-pemilu-turki,ADVERTISEMENT SCROLL TO CONTINUE WITH CONTENT
SBY Ucapkan Terima Kasih ke Kapolri soal Netralitas Pilkada,"Selasa, 26 Jun 2018 16:24 WIB",https://www.cnnindonesia.com/nasional/20180626153905-32-309132/sby-ucapkan-terima-kasih-ke-kapolri-soal-netralitas-pilkada,ADVERTISEMENT SCROLL TO CONTINUE WITH CONTENT
Sembilan Makna Kemenangan Erdogan bagi Turki dan Dunia,"Selasa, 26 Jun 2018 16:14 WIB",https://www.cnnindonesia.com/internasional/20180626152219-134-309130/sembilan-makna-kemenangan-erdogan-bagi-turki-dan-dunia,ADVERTISEMENT SCROLL TO CONTINUE WITH CONTENT
Polisi: PDIP Minta Maaf ke NU dan Cabut Laporan Politik Uang,"Selasa, 26 Jun 2018 16:05 WIB",https://www.cnnindonesia.com/nasional/20180626155417-20-309140/polisi-pdip-minta-maaf-ke-nu-dan-cabut-laporan-politik-uang,ADVERTISEMENT SCROLL TO CONTINUE WITH CONTENT
"SBY-JK Bertemu, Demokrat Berharap Bisa Koalisi dengan Golkar","Selasa, 26 Jun 2018 15:58 WIB",https://www.cnnindonesia.com/nasional/20180626152612-32-309128/sby-jk-bertemu-demokrat-berharap-bisa-koalisi-dengan-golkar,ADVERTISEMENT SCROLL TO CONTINUE WITH CONTENT
Kantor PDIP Banyumas Digeruduk Banser dan FPI,"Selasa, 26 Jun 2018 14:35 WIB",https://www.cnnindonesia.com/nasional/20180626142940-20-309096/kantor-pdip-banyumas-digeruduk-banser-dan-fpi,ADVERTISEMENT SCROLL TO CONTINUE WITH CONTENT
"Pilkada 2018, Bawaslu Akan Tindak Tegas Akun Penyebar Hoaks","Selasa, 26 Jun 2018 14:13 WIB",https://www.cnnindonesia.com/nasional/20180626125609-32-309078/pilkada-2018-bawaslu-akan-tindak-tegas-akun-penyebar-hoaks,ADVERTISEMENT SCROLL TO CONTINUE WITH CONTENT
Kodam Jaya Kerahkan 4.000 Personel Amankan Pilkada,"Selasa, 26 Jun 2018 13:53 WIB",https://www.cnnindonesia.com/nasional/20180626133503-20-309085/kodam-jaya-kerahkan-4000-personel-amankan-pilkada,ADVERTISEMENT SCROLL TO CONTINUE WITH CONTENT
Fahri Sebut Prabowo Jengkel Soal Suap di Balik Sembako,"Selasa, 26 Jun 2018 13:17 WIB",https://www.cnnindonesia.com/nasional/20180626130121-32-309080/fahri-sebut-prabowo-jengkel-soal-suap-di-balik-sembako,ADVERTISEMENT SCROLL TO CONTINUE WITH CONTENT
Survei: Saudi Tetap Jadi Negara Berbahaya bagi Perempuan,"Selasa, 26 Jun 2018 12:10 WIB",https://www.cnnindonesia.com/internasional/20180626092921-120-309045/survei-saudi-tetap-jadi-negara-berbahaya-bagi-perempuan,ADVERTISEMENT SCROLL TO CONTINUE WITH CONTENT
"Prabowo Sarankan Terima Suap Pilkada, Bawaslu Bereaksi","Selasa, 26 Jun 2018 08:57 WIB",https://www.cnnindonesia.com/nasional/20180626074651-32-309037/prabowo-sarankan-terima-suap-pilkada-bawaslu-bereaksi,ADVERTISEMENT SCROLL TO CONTINUE WITH CONTENT
Bawaslu Tak Berwenang Tindak ASN Tak Netral saat Pilkada,"Selasa, 26 Jun 2018 03:44 WIB",https://www.cnnindonesia.com/nasional/20180625172819-32-308898/bawaslu-tak-berwenang-tindak-asn-tak-netral-saat-pilkada,ADVERTISEMENT SCROLL TO CONTINUE WITH CONTENT
Bawaslu Sebut Ada 500 Pelanggaran Aparat Terkait Netralitas,"Senin, 25 Jun 2018 23:45 WIB",https://www.cnnindonesia.com/nasional/20180625210751-32-308944/bawaslu-sebut-ada-500-pelanggaran-aparat-terkait-netralitas,ADVERTISEMENT SCROLL TO CONTINUE WITH CONTENT
Pengawas Pemilu Sebut Oposisi Turki Tak Diperlakukan Adil,"Senin, 25 Jun 2018 21:29 WIB",https://www.cnnindonesia.com/internasional/20180625195626-134-308928/pengawas-pemilu-sebut-oposisi-turki-tak-diperlakukan-adil,ADVERTISEMENT SCROLL TO CONTINUE WITH CONTENT
Jokowi Bakal Telepon Erdogan Beri Ucapan Selamat,"Senin, 25 Jun 2018 21:00 WIB",https://www.cnnindonesia.com/internasional/20180625201827-106-308933/jokowi-bakal-telepon-erdogan-beri-ucapan-selamat,ADVERTISEMENT SCROLL TO CONTINUE WITH CONTENT
Pengamat: SMS 'Amien Rais Presiden 2019' Bentuk Kampanye,"Senin, 25 Jun 2018 20:39 WIB",https://www.cnnindonesia.com/teknologi/20180625193115-192-308921/pengamat-sms-amien-rais-presiden-2019-bentuk-kampanye,ADVERTISEMENT SCROLL TO CONTINUE WITH CONTENT
Pria di Balik Kebijakan Kontroversial Donald Trump,"Senin, 25 Jun 2018 19:35 WIB",https://www.cnnindonesia.com/internasional/20180625103046-134-308783/pria-di-balik-kebijakan-kontroversial-donald-trump,ADVERTISEMENT SCROLL TO CONTINUE WITH CONTENT
JK Dikabarkan Bertemu SBY Malam Ini,"Senin, 25 Jun 2018 18:56 WIB",https://www.cnnindonesia.com/nasional/20180625185028-32-308911/jk-dikabarkan-bertemu-sby-malam-ini,ADVERTISEMENT SCROLL TO CONTINUE WITH CONTENT
"Erdogan Menang, Oposisi Sebut Demokrasi Turki Terancam","Senin, 25 Jun 2018 17:46 WIB",https://www.cnnindonesia.com/internasional/20180625174148-134-308902/erdogan-menang-oposisi-sebut-demokrasi-turki-terancam,ADVERTISEMENT SCROLL TO CONTINUE WITH CONTENT
Rupiah Terperosok ke Rp14.159 per Dolar AS,"Senin, 25 Jun 2018 17:06 WIB",https://www.cnnindonesia.com/ekonomi/20180625165512-78-308889/rupiah-terperosok-ke-rp14159-per-dolar-as,ADVERTISEMENT SCROLL TO CONTINUE WITH CONTENT
Aparat Dilarang Dokumentasikan Perhitungan Suara Pilkada,"Senin, 25 Jun 2018 16:38 WIB",https://www.cnnindonesia.com/nasional/20180625163316-32-308881/aparat-dilarang-dokumentasikan-perhitungan-suara-pilkada,ADVERTISEMENT SCROLL TO CONTINUE WITH CONTENT
Ada 152 Juta Orang Punya Hak Pilih di Pilkada Serentak 2018,"Senin, 25 Jun 2018 14:57 WIB",https://www.cnnindonesia.com/nasional/20180625144302-32-308846/ada-152-juta-orang-punya-hak-pilih-di-pilkada-serentak-2018,ADVERTISEMENT SCROLL TO CONTINUE WITH CONTENT
JK: Generasi MilenialOgah-ogahanGunakan Hak Pilih,"Senin, 25 Jun 2018 14:00 WIB",https://www.cnnindonesia.com/nasional/20180625135232-32-308831/jk-generasi-milenial-ogah-ogahan-gunakan-hak-pilih,ADVERTISEMENT SCROLL TO CONTINUE WITH CONTENT
PAN Bela SBY Soal Data Aparat Tak Netral Saat Pilkada,"Senin, 25 Jun 2018 13:11 WIB",https://www.cnnindonesia.com/nasional/20180625125648-32-308817/pan-bela-sby-soal-data-aparat-tak-netral-saat-pilkada,ADVERTISEMENT SCROLL TO CONTINUE WITH CONTENT
PGI: Surat Perjanjian Wali Kota Bekasi Dengan Gereja Palsu,"Senin, 25 Jun 2018 13:03 WIB",https://www.cnnindonesia.com/nasional/20180625121702-32-308811/pgi-surat-perjanjian-wali-kota-bekasi-dengan-gereja-palsu,ADVERTISEMENT SCROLL TO CONTINUE WITH CONTENT
INFOGRAFIS: Jalan Erdogan Pertahankan Kekuasaan,"Senin, 25 Jun 2018 11:35 WIB",https://www.cnnindonesia.com/internasional/20180625110930-137-308789/infografis-jalan-erdogan-pertahankan-kekuasaan,
"Menang Pemilu, Erdogan Janji Buat Suriah 'Lebih Bebas'","Senin, 25 Jun 2018 09:33 WIB",https://www.cnnindonesia.com/internasional/20180625092334-134-308776/menang-pemilu-erdogan-janji-buat-suriah-lebih-bebas,ADVERTISEMENT SCROLL TO CONTINUE WITH CONTENT
Keluhan SBY soal Netralitas Aparat Dinilai Cari Panggung,"Senin, 25 Jun 2018 07:55 WIB",https://www.cnnindonesia.com/nasional/20180624165817-32-308639/keluhan-sby-soal-netralitas-aparat-dinilai-cari-panggung,ADVERTISEMENT SCROLL TO CONTINUE WITH CONTENT
Komite Pemilu Turki Konfirmasi Kemenangan Erdogan,"Senin, 25 Jun 2018 07:37 WIB",https://www.cnnindonesia.com/internasional/20180625070146-134-308767/komite-pemilu-turki-konfirmasi-kemenangan-erdogan,ADVERTISEMENT SCROLL TO CONTINUE WITH CONTENT
Erdogan Imbau Semua Pihak Terima Hasil Pilpres Turki,"Senin, 25 Jun 2018 03:33 WIB",https://www.cnnindonesia.com/internasional/20180625032111-134-308745/erdogan-imbau-semua-pihak-terima-hasil-pilpres-turki,ADVERTISEMENT SCROLL TO CONTINUE WITH CONTENT
Pendukung Berpesta Rayakan Kemenangan Erdogan dan AKP,"Senin, 25 Jun 2018 03:12 WIB",https://www.cnnindonesia.com/internasional/20180625025442-134-308744/pendukung-berpesta-rayakan-kemenangan-erdogan-dan-akp,ADVERTISEMENT SCROLL TO CONTINUE WITH CONTENT
"Dulang Suara Mayoritas, Erdogan Kembali Pimpin Turki","Senin, 25 Jun 2018 02:53 WIB",https://www.cnnindonesia.com/internasional/20180625014909-134-308741/dulang-suara-mayoritas-erdogan-kembali-pimpin-turki,ADVERTISEMENT SCROLL TO CONTINUE WITH CONTENT
Presiden Erdogan Unggul Sementara dalam Pilpres Turki,"Senin, 25 Jun 2018 00:20 WIB",https://www.cnnindonesia.com/internasional/20180624233642-120-308724/presiden-erdogan-unggul-sementara-dalam-pilpres-turki,ADVERTISEMENT SCROLL TO CONTINUE WITH CONTENT
Ketua Pro Jokowi Bantah Anggotanya Jadi Komisioner KPU,"Minggu, 24 Jun 2018 22:02 WIB",https://www.cnnindonesia.com/nasional/20180624194800-32-308668/ketua-pro-jokowi-bantah-anggotanya-jadi-komisioner-kpu,ADVERTISEMENT SCROLL TO CONTINUE WITH CONTENT
Turki Tindak 10 Warga Asing yang Mengaku Pengawas Pemilu,"Minggu, 24 Jun 2018 21:04 WIB",https://www.cnnindonesia.com/internasional/20180624204802-134-308685/turki-tindak-10-warga-asing-yang-mengaku-pengawas-pemilu,ADVERTISEMENT SCROLL TO CONTINUE WITH CONTENT
KPU Sebut Pernyataan SBY Cuma Pesan Agar Aparat Netral,"Minggu, 24 Jun 2018 21:02 WIB",https://www.cnnindonesia.com/nasional/20180624152636-32-308616/kpu-sebut-pernyataan-sby-cuma-pesan-agar-aparat-netral,ADVERTISEMENT SCROLL TO CONTINUE WITH CONTENT
Demokrat Sebut PDIP Panik SBY Singgung Netralitas Aparat,"Minggu, 24 Jun 2018 19:33 WIB",https://www.cnnindonesia.com/nasional/20180624191107-32-308666/demokrat-sebut-pdip-panik-sby-singgung-netralitas-aparat,ADVERTISEMENT SCROLL TO CONTINUE WITH CONTENT
"Dapat Keluhan Pelanggaran Pemilu, Oposisi Turki Siaga","Minggu, 24 Jun 2018 19:00 WIB",https://www.cnnindonesia.com/internasional/20180624184807-134-308660/dapat-keluhan-pelanggaran-pemilu-oposisi-turki-siaga,ADVERTISEMENT SCROLL TO CONTINUE WITH CONTENT
Pelanggaran Masih Berpotensi Terjadi di Masa Tenang Pilkada,"Minggu, 24 Jun 2018 17:42 WIB",https://www.cnnindonesia.com/nasional/20180624173150-32-308651/pelanggaran-masih-berpotensi-terjadi-di-masa-tenang-pilkada,ADVERTISEMENT SCROLL TO CONTINUE WITH CONTENT
Mencalang Peluang Erdogan Kembali Kuasai Turki,"Minggu, 24 Jun 2018 17:34 WIB",https://www.cnnindonesia.com/internasional/20180624163523-134-308622/mencalang-peluang-erdogan-kembali-kuasai-turki,ADVERTISEMENT SCROLL TO CONTINUE WITH CONTENT
KPU Minta Akun Medsos Kampanye Pilkada Tiarap di Masa Tenang,"Minggu, 24 Jun 2018 16:15 WIB",https://www.cnnindonesia.com/nasional/20180624152136-32-308615/kpu-minta-akun-medsos-kampanye-pilkada-tiarap-di-masa-tenang,ADVERTISEMENT SCROLL TO CONTINUE WITH CONTENT
"Cegah Sikap Tak Netral, KPPOD Usul Hak Politik PNS Dicabut","Minggu, 24 Jun 2018 15:30 WIB",https://www.cnnindonesia.com/nasional/20180624142106-32-308613/cegah-sikap-tak-netral-kppod-usul-hak-politik-pns-dicabut,ADVERTISEMENT SCROLL TO CONTINUE WITH CONTENT
Ince: Mantan Guru Fisika yang Janjikan Perubahan Turki,"Minggu, 24 Jun 2018 14:45 WIB",https://www.cnnindonesia.com/internasional/20180624134615-134-308590/ince-mantan-guru-fisika-yang-janjikan-perubahan-turki,ADVERTISEMENT SCROLL TO CONTINUE WITH CONTENT
Gerindra Tuding KPU Pariaman Beranggotakan Relawan Pro Jokowi,"Minggu, 24 Jun 2018 14:25 WIB",https://www.cnnindonesia.com/nasional/20180624140138-32-308603/gerindra-tuding-kpu-pariaman-beranggotakan-relawan-pro-jokowi,ADVERTISEMENT SCROLL TO CONTINUE WITH CONTENT
"Jelang Pilkada Serentak, MUI Berharap Tak Ada Politik Kotor","Minggu, 24 Jun 2018 14:16 WIB",https://www.cnnindonesia.com/nasional/20180624130742-32-308584/jelang-pilkada-serentak-mui-berharap-tak-ada-politik-kotor,ADVERTISEMENT SCROLL TO CONTINUE WITH CONTENT
Erdogan: Pemimpin Garang yang Ingin Tercatat Sejarah,"Minggu, 24 Jun 2018 13:45 WIB",https://www.cnnindonesia.com/internasional/20180624130027-134-308583/erdogan-pemimpin-garang-yang-ingin-tercatat-sejarah,ADVERTISEMENT SCROLL TO CONTINUE WITH CONTENT
"Pemilu Turki Dimulai, Erdogan Terancam Oposisi Ince","Minggu, 24 Jun 2018 12:45 WIB",https://www.cnnindonesia.com/internasional/20180624124020-134-308579/pemilu-turki-dimulai-erdogan-terancam-oposisi-ince,ADVERTISEMENT SCROLL TO CONTINUE WITH CONTENT
PDIP Anggap Drama 'Politik Korban' SBY Sudah Usang,"Minggu, 24 Jun 2018 12:10 WIB",https://www.cnnindonesia.com/nasional/20180624114756-32-308563/pdip-anggap-drama-politik-korban-sby-sudah-usang,ADVERTISEMENT SCROLL TO CONTINUE WITH CONTENT
Presiden Zimbabwe Selamat dari Percobaan Pembunuhan,"Minggu, 24 Jun 2018 02:36 WIB",https://www.cnnindonesia.com/internasional/20180624015412-127-308495/presiden-zimbabwe-selamat-dari-percobaan-pembunuhan,ADVERTISEMENT SCROLL TO CONTINUE WITH CONTENT
Kemendagri Periksa Selisih 10 Juta DP4 dengan DPS Pemilu 2019,"Minggu, 24 Jun 2018 01:35 WIB",https://www.cnnindonesia.com/nasional/20180624012308-32-308491/kemendagri-periksa-selisih-10-juta-dp4-dengan-dps-pemilu-2019,ADVERTISEMENT SCROLL TO CONTINUE WITH CONTENT
Turki Tangkap 47 Orang karena Terlibat Percobaan Kudeta,"Sabtu, 23 Jun 2018 21:02 WIB",https://www.cnnindonesia.com/internasional/20180623183735-134-308422/turki-tangkap-47-orang-karena-terlibat-percobaan-kudeta,ADVERTISEMENT SCROLL TO CONTINUE WITH CONTENT
KPU Minta Pemerintah Tetapkan 27 Juni Libur Nasional,"Sabtu, 23 Jun 2018 19:34 WIB",https://www.cnnindonesia.com/nasional/20180623192435-32-308430/kpu-minta-pemerintah-tetapkan-27-juni-libur-nasional,ADVERTISEMENT SCROLL TO CONTINUE WITH CONTENT
"Copot Spanduk Caleg, Satpol PP Matraman Diprotes Kader PDIP","Sabtu, 23 Jun 2018 18:39 WIB",https://www.cnnindonesia.com/nasional/20180623183139-20-308419/copot-spanduk-caleg-satpol-pp-matraman-diprotes-kader-pdip,ADVERTISEMENT SCROLL TO CONTINUE WITH CONTENT
KPU Minta Atribut Kampanye Pilkada Dicabut Mulai Besok,"Sabtu, 23 Jun 2018 18:25 WIB",https://www.cnnindonesia.com/nasional/20180623171604-32-308411/kpu-minta-atribut-kampanye-pilkada-dicabut-mulai-besok,ADVERTISEMENT SCROLL TO CONTINUE WITH CONTENT
SBY Khawatir Kecurangan Pemilu Munculkan Perlawanan Rakyat,"Sabtu, 23 Jun 2018 17:58 WIB",https://www.cnnindonesia.com/nasional/20180623173844-32-308409/sby-khawatir-kecurangan-pemilu-munculkan-perlawanan-rakyat,ADVERTISEMENT SCROLL TO CONTINUE WITH CONTENT
"SBY Ungkap Oknum BIN, Polri, dan TNI Tak Netral di Pilkada","Sabtu, 23 Jun 2018 16:00 WIB",https://www.cnnindonesia.com/nasional/20180623154852-32-308381/sby-ungkap-oknum-bin-polri-dan-tni-tak-netral-di-pilkada,ADVERTISEMENT SCROLL TO CONTINUE WITH CONTENT
KPU Tetapkan 186 Juta Daftar Pemilih Sementara Pemilu 2019,"Sabtu, 23 Jun 2018 14:23 WIB",https://www.cnnindonesia.com/nasional/20180623133207-32-308328/kpu-tetapkan-186-juta-daftar-pemilih-sementara-pemilu-2019,ADVERTISEMENT SCROLL TO CONTINUE WITH CONTENT
Galang Dana ala Prabowo dan 'Cek Ombak' Jelang Pilpres 2019,"Sabtu, 23 Jun 2018 13:01 WIB",https://www.cnnindonesia.com/nasional/20180623110201-32-308311/galang-dana-ala-prabowo-dan-cek-ombak-jelang-pilpres-2019,ADVERTISEMENT SCROLL TO CONTINUE WITH CONTENT
Mencalang Para Penantang Erdogan,"Sabtu, 23 Jun 2018 08:33 WIB",https://www.cnnindonesia.com/internasional/20180623074630-134-308289/mencalang-para-penantang-erdogan,ADVERTISEMENT SCROLL TO CONTINUE WITH CONTENT
Syarat-syarat Galang Dana yang Harus Dipenuhi Gerindra,"Sabtu, 23 Jun 2018 06:20 WIB",https://www.cnnindonesia.com/nasional/20180622140031-32-308057/syarat-syarat-galang-dana-yang-harus-dipenuhi-gerindra,ADVERTISEMENT SCROLL TO CONTINUE WITH CONTENT
Wiranto Tegaskan Iriawan Pj Gubernur Tak Terkait 'Hassanah',"Sabtu, 23 Jun 2018 02:19 WIB",https://www.cnnindonesia.com/nasional/20180622202603-32-308212/wiranto-tegaskan-iriawan-pj-gubernur-tak-terkait-hassanah,ADVERTISEMENT SCROLL TO CONTINUE WITH CONTENT
Sandiaga Klaim Dorong Prabowo Galang Dana untuk Pemilu 2019,"Sabtu, 23 Jun 2018 01:13 WIB",https://www.cnnindonesia.com/nasional/20180623005144-20-308246/sandiaga-klaim-dorong-prabowo-galang-dana-untuk-pemilu-2019,ADVERTISEMENT SCROLL TO CONTINUE WITH CONTENT
"Bertemu Presiden Timor Leste, Jokowi Akan Bahas Investasi","Jumat, 22 Jun 2018 23:14 WIB",https://www.cnnindonesia.com/internasional/20180622191020-106-308182/bertemu-presiden-timor-leste-jokowi-akan-bahas-investasi,ADVERTISEMENT SCROLL TO CONTINUE WITH CONTENT
"Usai Vonis Mati Aman, Wiranto Bakal Terus Kejar Teroris","Jumat, 22 Jun 2018 22:41 WIB",https://www.cnnindonesia.com/nasional/20180622204329-12-308205/usai-vonis-mati-aman-wiranto-bakal-terus-kejar-teroris,ADVERTISEMENT SCROLL TO CONTINUE WITH CONTENT
"Pemilu, Oposisi Turki Kerahkan Setengah Juta Pengawas","Jumat, 22 Jun 2018 19:34 WIB",https://www.cnnindonesia.com/internasional/20180622154052-134-308104/pemilu-oposisi-turki-kerahkan-setengah-juta-pengawas,ADVERTISEMENT SCROLL TO CONTINUE WITH CONTENT
Politikus PKS: Prabowo Jujur Tak Punya Uang,"Jumat, 22 Jun 2018 19:22 WIB",https://www.cnnindonesia.com/nasional/20180622185223-32-308180/politikus-pks-prabowo-jujur-tak-punya-uang,ADVERTISEMENT SCROLL TO CONTINUE WITH CONTENT
Sekjen Akui Keuangan Gerindra Terbatas,"Jumat, 22 Jun 2018 18:55 WIB",https://www.cnnindonesia.com/nasional/20180622171213-32-308146/sekjen-akui-keuangan-gerindra-terbatas,ADVERTISEMENT SCROLL TO CONTINUE WITH CONTENT
Menkopolhukam Janjikan Aparat dan PNS Netral di Pilkada 2018,"Jumat, 22 Jun 2018 17:42 WIB",https://www.cnnindonesia.com/nasional/20180622150508-32-308073/menkopolhukam-janjikan-aparat-dan-pns-netral-di-pilkada-2018,ADVERTISEMENT SCROLL TO CONTINUE WITH CONTENT
Belasan Terduga ISIS Ditangkap Jelang Pemilu Turki,"Jumat, 22 Jun 2018 16:42 WIB",https://www.cnnindonesia.com/internasional/20180622144950-134-308069/belasan-terduga-isis-ditangkap-jelang-pemilu-turki,ADVERTISEMENT SCROLL TO CONTINUE WITH CONTENT
Wiranto Akui Anggaran Pilkada Sejumlah Daerah Belum Cair,"Jumat, 22 Jun 2018 16:11 WIB",https://www.cnnindonesia.com/nasional/20180622154901-32-308107/wiranto-akui-anggaran-pilkada-sejumlah-daerah-belum-cair,ADVERTISEMENT SCROLL TO CONTINUE WITH CONTENT
Erdogan Pangkas Jumlah Kementerian Jika Menang Pemilu,"Jumat, 22 Jun 2018 15:48 WIB",https://www.cnnindonesia.com/internasional/20180622152005-134-308086/erdogan-pangkas-jumlah-kementerian-jika-menang-pemilu,ADVERTISEMENT SCROLL TO CONTINUE WITH CONTENT
Prabowo Sindir 'Uang Haram' Sembako dan Gelembung Dana BUMN,"Jumat, 22 Jun 2018 13:48 WIB",https://www.cnnindonesia.com/nasional/20180622132119-32-308042/prabowo-sindir-uang-haram-sembako-dan-gelembung-dana-bumn,ADVERTISEMENT SCROLL TO CONTINUE WITH CONTENT
Prabowo Galang Dana Pendukung untuk Pemilu,"Jumat, 22 Jun 2018 12:10 WIB",https://www.cnnindonesia.com/nasional/20180622115100-32-308032/prabowo-galang-dana-pendukung-untuk-pemilu,ADVERTISEMENT SCROLL TO CONTINUE WITH CONTENT
Wapres JK Sebut Pengangkatan Iriawan Sesuai Aturan,"Jumat, 22 Jun 2018 05:19 WIB",https://www.cnnindonesia.com/nasional/20180621115823-32-307730/wapres-jk-sebut-pengangkatan-iriawan-sesuai-aturan,ADVERTISEMENT SCROLL TO CONTINUE WITH CONTENT
PGI Kritik Pendeta Hanya Doakan Edy Rahmayadi di Pilgub Sumut,"Jumat, 22 Jun 2018 05:01 WIB",https://www.cnnindonesia.com/nasional/20180621142228-32-307800/pgi-kritik-pendeta-hanya-doakan-edy-rahmayadi-di-pilgub-sumut,ADVERTISEMENT SCROLL TO CONTINUE WITH CONTENT
Warga Tak Punya e-KTP Tetap Bisa Coblos Saat Pilkada,"Jumat, 22 Jun 2018 03:04 WIB",https://www.cnnindonesia.com/nasional/20180622025631-32-307960/warga-tak-punya-e-ktp-tetap-bisa-coblos-saat-pilkada,ADVERTISEMENT SCROLL TO CONTINUE WITH CONTENT
"Bantah Sandiaga, Demokrat Klaim Fokus Bangun Poros Ketiga","Kamis, 21 Jun 2018 19:35 WIB",https://www.cnnindonesia.com/nasional/20180621145854-32-307808/bantah-sandiaga-demokrat-klaim-fokus-bangun-poros-ketiga,ADVERTISEMENT SCROLL TO CONTINUE WITH CONTENT
Kekhawatiran Imigrasi Picu Krisis dalam Politik Barat,"Kamis, 21 Jun 2018 15:15 WIB",https://www.cnnindonesia.com/internasional/20180621124229-134-307799/kekhawatiran-imigrasi-picu-krisis-dalam-politik-barat,ADVERTISEMENT SCROLL TO CONTINUE WITH CONTENT
"Temui Ayah Altantuya, Mahathir Dukung Buka Lagi Penyelidikan","Kamis, 21 Jun 2018 08:22 WIB",https://www.cnnindonesia.com/internasional/20180621075736-106-307683/temui-ayah-altantuya-mahathir-dukung-buka-lagi-penyelidikan,ADVERTISEMENT SCROLL TO CONTINUE WITH CONTENT
Bawaslu Belum Terima Pelanggaran Netralitas Polri di Jabar,"Kamis, 21 Jun 2018 06:51 WIB",https://www.cnnindonesia.com/nasional/20180620172135-32-307576/bawaslu-belum-terima-pelanggaran-netralitas-polri-di-jabar,ADVERTISEMENT SCROLL TO CONTINUE WITH CONTENT
"DPS Pemilu 2019, KPU DKI Tetapkan 7,2 Juta Pemilih","Kamis, 21 Jun 2018 05:59 WIB",https://www.cnnindonesia.com/nasional/20180620220204-32-307627/dps-pemilu-2019-kpu-dki-tetapkan-72-juta-pemilih,ADVERTISEMENT SCROLL TO CONTINUE WITH CONTENT
PKPI Targetkan 5 Persen Suara dan Sasar Keluarga TNI,"Kamis, 21 Jun 2018 05:33 WIB",https://www.cnnindonesia.com/nasional/20180620213925-32-307613/pkpi-targetkan-5-persen-suara-dan-sasar-keluarga-tni,ADVERTISEMENT SCROLL TO CONTINUE WITH CONTENT
"Polemik Caleg Eks Koruptor, KPU Diminta Berunding Lagi","Kamis, 21 Jun 2018 04:30 WIB",https://www.cnnindonesia.com/nasional/20180620130000-20-307470/polemik-caleg-eks-koruptor-kpu-diminta-berunding-lagi,ADVERTISEMENT SCROLL TO CONTINUE WITH CONTENT
Timor Leste Segera Lantik Eks Pejuang Jadi Perdana Menteri,"Kamis, 21 Jun 2018 03:12 WIB",https://www.cnnindonesia.com/internasional/20180620155113-106-307520/timor-leste-segera-lantik-eks-pejuang-jadi-perdana-menteri,ADVERTISEMENT SCROLL TO CONTINUE WITH CONTENT
KPUD Larang Cagub Jabar Kampanye Pilpres,"Rabu, 20 Jun 2018 22:31 WIB",https://www.cnnindonesia.com/nasional/20180620174355-32-307571/kpud-larang-cagub-jabar-kampanye-pilpres,ADVERTISEMENT SCROLL TO CONTINUE WITH CONTENT
Perludem: Potensi Kecurangan Pilgub Jabar di Pengamanan Suara,"Rabu, 20 Jun 2018 20:35 WIB",https://www.cnnindonesia.com/nasional/20180620175908-32-307573/perludem-potensi-kecurangan-pilgub-jabar-di-pengamanan-suara,ADVERTISEMENT SCROLL TO CONTINUE WITH CONTENT
"Bantah Tudingan SBY, PDIP Ungkit Cela Pemilu 2009","Rabu, 20 Jun 2018 19:18 WIB",https://www.cnnindonesia.com/nasional/20180620150502-32-307507/bantah-tudingan-sby-pdip-ungkit-cela-pemilu-2009,ADVERTISEMENT SCROLL TO CONTINUE WITH CONTENT
Kemenkumham Dinilai Tak Konsisten soal Eks Koruptor Nyaleg,"Rabu, 20 Jun 2018 16:30 WIB",https://www.cnnindonesia.com/nasional/20180620151142-32-307506/kemenkumham-dinilai-tak-konsisten-soal-eks-koruptor-nyaleg,ADVERTISEMENT SCROLL TO CONTINUE WITH CONTENT
Mahathir Sebut Najib Razak Dapat Dijerat Tuntutan Berlapis,"Rabu, 20 Jun 2018 15:29 WIB",https://www.cnnindonesia.com/internasional/20180620144023-106-307495/mahathir-sebut-najib-razak-dapat-dijerat-tuntutan-berlapis,ADVERTISEMENT SCROLL TO CONTINUE WITH CONTENT
Iriawan Minta Polisi Tak Hanya Fokus di Pilkada Jabar,"Rabu, 20 Jun 2018 15:05 WIB",https://www.cnnindonesia.com/nasional/20180620145616-32-307498/iriawan-minta-polisi-tak-hanya-fokus-di-pilkada-jabar,ADVERTISEMENT SCROLL TO CONTINUE WITH CONTENT
Pembatasan Transportasi Saat Libur Pengaruhi Aktivitas Ekspor,"Rabu, 20 Jun 2018 11:53 WIB",https://www.cnnindonesia.com/ekonomi/20180620102036-92-307439/pembatasan-transportasi-saat-libur-pengaruhi-aktivitas-ekspor,ADVERTISEMENT SCROLL TO CONTINUE WITH CONTENT
"Revolusi Meral Aksener, Perempuan Turki Penantang Erdogan","Rabu, 20 Jun 2018 05:08 WIB",https://www.cnnindonesia.com/internasional/20180619150411-134-307272/revolusi-meral-aksener-perempuan-turki-penantang-erdogan,ADVERTISEMENT SCROLL TO CONTINUE WITH CONTENT
"Dibantah Demokrat, Sandi Klarifikasi Isi Pesan dari SBY","Selasa, 19 Jun 2018 19:13 WIB",https://www.cnnindonesia.com/nasional/20180619165932-32-307286/dibantah-demokrat-sandi-klarifikasi-isi-pesan-dari-sby,ADVERTISEMENT SCROLL TO CONTINUE WITH CONTENT
Ayah Altantuya Akan Bertemu Mahathir Besok,"Selasa, 19 Jun 2018 15:50 WIB",https://www.cnnindonesia.com/internasional/20180619142223-106-307256/ayah-altantuya-akan-bertemu-mahathir-besok,ADVERTISEMENT SCROLL TO CONTINUE WITH CONTENT
ACTA Sebut Banyak Masyarakat Ingin Ganti Presiden,"Selasa, 19 Jun 2018 04:11 WIB",https://www.cnnindonesia.com/nasional/20180618233637-12-307123/acta-sebut-banyak-masyarakat-ingin-ganti-presiden,ADVERTISEMENT SCROLL TO CONTINUE WITH CONTENT
ACTA Bantah Uji Materi Ambang Batas Terkait Capres Alternatif,"Selasa, 19 Jun 2018 00:32 WIB",https://www.cnnindonesia.com/nasional/20180618221519-12-307116/acta-bantah-uji-materi-ambang-batas-terkait-capres-alternatif,ADVERTISEMENT SCROLL TO CONTINUE WITH CONTENT
Ivan Duque Menang di Pilpres Kolombia,"Senin, 18 Jun 2018 05:48 WIB",https://www.cnnindonesia.com/internasional/20180618053439-134-306942/ivan-duque-menang-di-pilpres-kolombia,ADVERTISEMENT SCROLL TO CONTINUE WITH CONTENT
"Jelang Pilpres, Capres Turki Pidato dari Balik Sel Penjara","Senin, 18 Jun 2018 04:22 WIB",https://www.cnnindonesia.com/internasional/20180618040756-134-306923/jelang-pilpres-capres-turki-pidato-dari-balik-sel-penjara,ADVERTISEMENT SCROLL TO CONTINUE WITH CONTENT
"Ingin Istirahat, JK Kembali Tegaskan Tak Mau Dampingi Jokowi","Minggu, 17 Jun 2018 21:32 WIB",https://www.cnnindonesia.com/nasional/20180617170616-32-306826/ingin-istirahat-jk-kembali-tegaskan-tak-mau-dampingi-jokowi,ADVERTISEMENT SCROLL TO CONTINUE WITH CONTENT
Istri Pangeran Kamboja Tewas dalam Kecelakaan Mobil,"Minggu, 17 Jun 2018 16:21 WIB",https://www.cnnindonesia.com/internasional/20180617161111-106-306817/istri-pangeran-kamboja-tewas-dalam-kecelakaan-mobil,ADVERTISEMENT SCROLL TO CONTINUE WITH CONTENT
Zulkifli Hasan: PAN Gudang Capres,"Minggu, 17 Jun 2018 15:58 WIB",https://www.cnnindonesia.com/nasional/20180617154907-20-306814/zulkifli-hasan-pan-gudang-capres,ADVERTISEMENT SCROLL TO CONTINUE WITH CONTENT
"Batas Ambang Digugat, Gerindra Tunggu Pembahasan Soal Koalisi","Minggu, 17 Jun 2018 14:49 WIB",https://www.cnnindonesia.com/nasional/20180617133250-32-306769/batas-ambang-digugat-gerindra-tunggu-pembahasan-soal-koalisi,ADVERTISEMENT SCROLL TO CONTINUE WITH CONTENT
"Hadrah, Gamelan dan Rock Metal Meriahkan Idul Fitri di Korea","Minggu, 17 Jun 2018 07:26 WIB",https://www.cnnindonesia.com/internasional/20180617063753-113-306731/hadrah-gamelan-dan-rock-metal-meriahkan-idul-fitri-di-korea,ADVERTISEMENT SCROLL TO CONTINUE WITH CONTENT
Gerindra Tak Terpengaruh Uji Materi Ambang Batas Presiden,"Minggu, 17 Jun 2018 06:06 WIB",https://www.cnnindonesia.com/nasional/20180616195800-32-306635/gerindra-tak-terpengaruh-uji-materi-ambang-batas-presiden,ADVERTISEMENT SCROLL TO CONTINUE WITH CONTENT
Jimly Dukung Gugatan Ambang Batas Presiden ke MK,"Sabtu, 16 Jun 2018 19:30 WIB",https://www.cnnindonesia.com/nasional/20180616144349-32-306556/jimly-dukung-gugatan-ambang-batas-presiden-ke-mk,ADVERTISEMENT SCROLL TO CONTINUE WITH CONTENT
PKS Minta MK Bersikap Arif soal Ambang Batas Presiden,"Sabtu, 16 Jun 2018 18:07 WIB",https://www.cnnindonesia.com/nasional/20180616163411-32-306586/pks-minta-mk-bersikap-arif-soal-ambang-batas-presiden,ADVERTISEMENT SCROLL TO CONTINUE WITH CONTENT
Sikap Ketum Partai soal Cawapres Jokowi Disebut Masih Cair,"Sabtu, 16 Jun 2018 06:36 WIB",https://www.cnnindonesia.com/nasional/20180615180055-32-306403/sikap-ketum-partai-soal-cawapres-jokowi-disebut-masih-cair,ADVERTISEMENT SCROLL TO CONTINUE WITH CONTENT
Gerindra Masukkan Ekonom Ical ke Tim Pemenangan Pilpres 2019,"Sabtu, 16 Jun 2018 02:15 WIB",https://www.cnnindonesia.com/nasional/20180615174052-32-306402/gerindra-masukkan-ekonom-ical-ke-tim-pemenangan-pilpres-2019,ADVERTISEMENT SCROLL TO CONTINUE WITH CONTENT
Politikus PKS: SP3 Rizieq Bisa Hadirkan Rekonsiliasi Nasional,"Jumat, 15 Jun 2018 20:47 WIB",https://www.cnnindonesia.com/nasional/20180615195423-32-306420/politikus-pks-sp3-rizieq-bisa-hadirkan-rekonsiliasi-nasional,ADVERTISEMENT SCROLL TO CONTINUE WITH CONTENT
Rizieq Shihab Haturkan Terima Kasih ke Pemerintahan Jokowi,"Jumat, 15 Jun 2018 17:51 WIB",https://www.cnnindonesia.com/nasional/20180615172349-32-306399/rizieq-shihab-haturkan-terima-kasih-ke-pemerintahan-jokowi,ADVERTISEMENT SCROLL TO CONTINUE WITH CONTENT
"Khotbah Eggi Sudjana: Tak Ada Kebencian, Saya Sayang Presiden","Jumat, 15 Jun 2018 13:27 WIB",https://www.cnnindonesia.com/nasional/20180615124148-20-306302/khotbah-eggi-sudjana-tak-ada-kebencian-saya-sayang-presiden,ADVERTISEMENT SCROLL TO CONTINUE WITH CONTENT
Lebih dari Separuh Warga AS Dukung Kebijakan Trump soal Korut,"Kamis, 14 Jun 2018 20:51 WIB",https://www.cnnindonesia.com/internasional/20180614173105-134-306136/lebih-dari-separuh-warga-as-dukung-kebijakan-trump-soal-korut,ADVERTISEMENT SCROLL TO CONTINUE WITH CONTENT
Pengamat: Fungsi Pergub Anies untuk Rancang Perda Reklamasi,"Kamis, 14 Jun 2018 15:51 WIB",https://www.cnnindonesia.com/nasional/20180614153040-20-306107/pengamat-fungsi-pergub-anies-untuk-rancang-perda-reklamasi,ADVERTISEMENT SCROLL TO CONTINUE WITH CONTENT
Politisi Belanda Gelar Lomba Karikatur Nabi Muhammad,"Kamis, 14 Jun 2018 14:47 WIB",https://www.cnnindonesia.com/internasional/20180614142734-134-306072/politisi-belanda-gelar-lomba-karikatur-nabi-muhammad,ADVERTISEMENT SCROLL TO CONTINUE WITH CONTENT
Deddy Mizwar Minta Debat Ketiga Pilgub Jabar Dibatalkan,"Kamis, 14 Jun 2018 14:30 WIB",https://www.cnnindonesia.com/nasional/20180614141349-32-306065/deddy-mizwar-minta-debat-ketiga-pilgub-jabar-dibatalkan,ADVERTISEMENT SCROLL TO CONTINUE WITH CONTENT
Rocky Gerung Cs Gugat Ambang Batas Presiden,"Rabu, 13 Jun 2018 19:30 WIB",https://www.cnnindonesia.com/nasional/20180613191828-12-305961/rocky-gerung-cs-gugat-ambang-batas-presiden,ADVERTISEMENT SCROLL TO CONTINUE WITH CONTENT
Gerindra: Nuruzzaman Bahkan Gagal Nyaleg di Daerahnya,"Rabu, 13 Jun 2018 15:22 WIB",https://www.cnnindonesia.com/nasional/20180613150422-20-305844/gerindra-nuruzzaman-bahkan-gagal-nyaleg-di-daerahnya,ADVERTISEMENT SCROLL TO CONTINUE WITH CONTENT
Gerindra Nilai Klaim PDIP soal Mudik untuk Raih Suara Pemilu,"Selasa, 12 Jun 2018 19:37 WIB",https://www.cnnindonesia.com/nasional/20180612155206-32-305600/gerindra-nilai-klaim-pdip-soal-mudik-untuk-raih-suara-pemilu,ADVERTISEMENT SCROLL TO CONTINUE WITH CONTENT
MUI Minta Pembagian Zakat Tak Diselipi Stiker Politik,"Selasa, 12 Jun 2018 19:17 WIB",https://www.cnnindonesia.com/nasional/20180612162944-32-305603/mui-minta-pembagian-zakat-tak-diselipi-stiker-politik,ADVERTISEMENT SCROLL TO CONTINUE WITH CONTENT
PDIP Respons Kritik AHY soal Revolusi Mental Jokowi,"Selasa, 12 Jun 2018 17:42 WIB",https://www.cnnindonesia.com/nasional/20180612172357-32-305634/pdip-respons-kritik-ahy-soal-revolusi-mental-jokowi,ADVERTISEMENT SCROLL TO CONTINUE WITH CONTENT
"Titiek Pindah ke Berkarya, Golkar Yakin Tak Ada Bedol Desa","Selasa, 12 Jun 2018 14:19 WIB",https://www.cnnindonesia.com/nasional/20180612134509-32-305516/titiek-pindah-ke-berkarya-golkar-yakin-tak-ada-bedol-desa,ADVERTISEMENT SCROLL TO CONTINUE WITH CONTENT
PSI Desak Polisi Tangkap Penyebar Hoaks Kasus Grace Natalie,"Selasa, 12 Jun 2018 09:18 WIB",https://www.cnnindonesia.com/nasional/20180612075541-12-305387/psi-desak-polisi-tangkap-penyebar-hoaks-kasus-grace-natalie,ADVERTISEMENT SCROLL TO CONTINUE WITH CONTENT
'Rindu Soeharto dan Cendana Bukan Jaminan Sukses Berkarya',"Selasa, 12 Jun 2018 06:28 WIB",https://www.cnnindonesia.com/nasional/20180611170124-32-305313/rindu-soeharto-dan-cendana-bukan-jaminan-sukses-berkarya,ADVERTISEMENT SCROLL TO CONTINUE WITH CONTENT
Demokrat soal Amien Rais: Indonesia Butuh Pemimpin 'Fresh',"Senin, 11 Jun 2018 21:09 WIB",https://www.cnnindonesia.com/nasional/20180611191406-32-305337/demokrat-soal-amien-rais-indonesia-butuh-pemimpin-fresh,ADVERTISEMENT SCROLL TO CONTINUE WITH CONTENT
Titiek Tak Kuasa Menahan 'Jeritan Rakyat' Selama di Golkar,"Senin, 11 Jun 2018 17:30 WIB",https://www.cnnindonesia.com/nasional/20180611172357-32-305312/titiek-tak-kuasa-menahan-jeritan-rakyat-selama-di-golkar,ADVERTISEMENT SCROLL TO CONTINUE WITH CONTENT
Pencapresan Amien Rais Dinilai Usaha Kerek Elektabilitas PAN,"Senin, 11 Jun 2018 16:58 WIB",https://www.cnnindonesia.com/nasional/20180611133910-32-305223/pencapresan-amien-rais-dinilai-usaha-kerek-elektabilitas-pan,ADVERTISEMENT SCROLL TO CONTINUE WITH CONTENT
Titiek Soeharto Bergabung Partai Berkarya,"Senin, 11 Jun 2018 15:27 WIB",https://www.cnnindonesia.com/nasional/20180611152346-32-305274/titiek-soeharto-bergabung-partai-berkarya,ADVERTISEMENT SCROLL TO CONTINUE WITH CONTENT
KPU Soal E-KTP Djarot: Cagub Tak Harus Pindah Domisili,"Senin, 11 Jun 2018 14:47 WIB",https://www.cnnindonesia.com/nasional/20180611142501-32-305237/kpu-soal-e-ktp-djarot-cagub-tak-harus-pindah-domisili,ADVERTISEMENT SCROLL TO CONTINUE WITH CONTENT
"Amien Rais Nyapres, Fahri Hamzah Singgung Krisis Pemimpin","Senin, 11 Jun 2018 14:30 WIB",https://www.cnnindonesia.com/nasional/20180611133242-32-305218/amien-rais-nyapres-fahri-hamzah-singgung-krisis-pemimpin,ADVERTISEMENT SCROLL TO CONTINUE WITH CONTENT
Penolakan Menkumham dan Hambatan Jaring Caleg Bebas Korupsi,"Senin, 11 Jun 2018 14:02 WIB",https://www.cnnindonesia.com/nasional/20180611130226-32-305193/penolakan-menkumham-dan-hambatan-jaring-caleg-bebas-korupsi,ADVERTISEMENT SCROLL TO CONTINUE WITH CONTENT
Perludem: Perempuan Lebih Sulit Jadi Penyelenggara Pemilu,"Senin, 11 Jun 2018 02:33 WIB",https://www.cnnindonesia.com/nasional/20180611021345-32-305097/perludem-perempuan-lebih-sulit-jadi-penyelenggara-pemilu,ADVERTISEMENT SCROLL TO CONTINUE WITH CONTENT
INFOGRAFIS: Fakta Menarik Soal Australia,"Minggu, 10 Jun 2018 23:14 WIB",https://www.cnnindonesia.com/gaya-hidup/20180610230645-273-305085/infografis-fakta-menarik-soal-australia,
Bawaslu Awasi Agenda 'Open House' Calon Kepala Daerah,"Minggu, 10 Jun 2018 22:49 WIB",https://www.cnnindonesia.com/nasional/20180610205127-32-305057/bawaslu-awasi-agenda-open-house-calon-kepala-daerah,ADVERTISEMENT SCROLL TO CONTINUE WITH CONTENT
Cak Imin Tak Tertarik Jadi Cawapres Amien Rais,"Minggu, 10 Jun 2018 19:52 WIB",https://www.cnnindonesia.com/nasional/20180610191027-32-305049/cak-imin-tak-tertarik-jadi-cawapres-amien-rais,ADVERTISEMENT SCROLL TO CONTINUE WITH CONTENT
PKS Minta Amien Rais Beri Kesempatan Tokoh Muda Maju Capres,"Minggu, 10 Jun 2018 14:31 WIB",https://www.cnnindonesia.com/nasional/20180610141144-32-304998/pks-minta-amien-rais-beri-kesempatan-tokoh-muda-maju-capres,ADVERTISEMENT SCROLL TO CONTINUE WITH CONTENT
"Jelang Pemilu, Kemendagri Ganti Kepala Pusat Penerangan","Minggu, 10 Jun 2018 09:40 WIB",https://www.cnnindonesia.com/nasional/20180610093021-20-304964/jelang-pemilu-kemendagri-ganti-kepala-pusat-penerangan,ADVERTISEMENT SCROLL TO CONTINUE WITH CONTENT
Amien Rais: Saya Sedikit Agak Layak Jadi Capres,"Minggu, 10 Jun 2018 04:56 WIB",https://www.cnnindonesia.com/nasional/20180610044733-32-304942/amien-rais-saya-sedikit-agak-layak-jadi-capres,ADVERTISEMENT SCROLL TO CONTINUE WITH CONTENT
Amien Tantang Jokowi 'Duel Suara' Tanpa Politik Uang,"Minggu, 10 Jun 2018 03:16 WIB",https://www.cnnindonesia.com/nasional/20180610030820-32-304937/amien-tantang-jokowi-duel-suara-tanpa-politik-uang,ADVERTISEMENT SCROLL TO CONTINUE WITH CONTENT
Amien: Tak Perlu Takut 'Cebong' Jika Terbiasa Takbir,"Sabtu, 09 Jun 2018 23:12 WIB",https://www.cnnindonesia.com/nasional/20180609230254-32-304916/amien-tak-perlu-takut-cebong-jika-terbiasa-takbir,ADVERTISEMENT SCROLL TO CONTINUE WITH CONTENT
Amien: Tuhan Malu Tak Kabulkan Doa Ganti Presiden Jutaan Umat,"Sabtu, 09 Jun 2018 22:36 WIB",https://www.cnnindonesia.com/nasional/20180609222750-32-304913/amien-tuhan-malu-tak-kabulkan-doa-ganti-presiden-jutaan-umat,ADVERTISEMENT SCROLL TO CONTINUE WITH CONTENT
PAN Buka Peluang Usung Amien Rais Jadi Capres,"Sabtu, 09 Jun 2018 21:46 WIB",https://www.cnnindonesia.com/nasional/20180609212957-32-304910/pan-buka-peluang-usung-amien-rais-jadi-capres,ADVERTISEMENT SCROLL TO CONTINUE WITH CONTENT
Amien Rais Sebut Rizieq Siapkan Paslon untuk Kalahkan Jokowi,"Sabtu, 09 Jun 2018 21:08 WIB",https://www.cnnindonesia.com/nasional/20180609203925-32-304902/amien-rais-sebut-rizieq-siapkan-paslon-untuk-kalahkan-jokowi,ADVERTISEMENT SCROLL TO CONTINUE WITH CONTENT
Eropa Tolak Usul Trump untuk Masukkan Rusia ke G7,"Sabtu, 09 Jun 2018 16:24 WIB",https://www.cnnindonesia.com/internasional/20180609161023-134-304852/eropa-tolak-usul-trump-untuk-masukkan-rusia-ke-g7,ADVERTISEMENT SCROLL TO CONTINUE WITH CONTENT
Cerita Refly Harun Soal Yudi Latif dan 'Dewa-Dewa' di BPIP,"Sabtu, 09 Jun 2018 09:50 WIB",https://www.cnnindonesia.com/nasional/20180608162703-32-304651/cerita-refly-harun-soal-yudi-latif-dan-dewa-dewa-di-bpip,ADVERTISEMENT SCROLL TO CONTINUE WITH CONTENT
PBB Nilai Poros Ketiga Muncul Jika Kubu Jokowi Terpecah,"Sabtu, 09 Jun 2018 06:15 WIB",https://www.cnnindonesia.com/nasional/20180608192056-32-304689/pbb-nilai-poros-ketiga-muncul-jika-kubu-jokowi-terpecah,ADVERTISEMENT SCROLL TO CONTINUE WITH CONTENT
Golkar Sebut soal Cawapres Jadi Kewenangan Jokowi,"Sabtu, 09 Jun 2018 04:08 WIB",https://www.cnnindonesia.com/nasional/20180608204534-32-304739/golkar-sebut-soal-cawapres-jadi-kewenangan-jokowi,ADVERTISEMENT SCROLL TO CONTINUE WITH CONTENT
"Buka Bersama Ketum PBNU, Golkar Sampaikan Dukungan ke Jokowi","Jumat, 08 Jun 2018 20:46 WIB",https://www.cnnindonesia.com/nasional/20180608201209-32-304733/buka-bersama-ketum-pbnu-golkar-sampaikan-dukungan-ke-jokowi,ADVERTISEMENT SCROLL TO CONTINUE WITH CONTENT
PKS Minta Polisi Tangkap Pemasang Spanduk Khilafah,"Jumat, 08 Jun 2018 19:22 WIB",https://www.cnnindonesia.com/nasional/20180608162415-32-304633/pks-minta-polisi-tangkap-pemasang-spanduk-khilafah,ADVERTISEMENT SCROLL TO CONTINUE WITH CONTENT
"Buka Puasa Bersama, Zulhas Puji Jokowi Rajin Sambangi Ulama","Jumat, 08 Jun 2018 18:44 WIB",https://www.cnnindonesia.com/nasional/20180608183647-32-304677/buka-puasa-bersama-zulhas-puji-jokowi-rajin-sambangi-ulama,ADVERTISEMENT SCROLL TO CONTINUE WITH CONTENT
MA Gagalkan Partai Idaman Maju Pemilu,"Jumat, 08 Jun 2018 10:24 WIB",https://www.cnnindonesia.com/nasional/20180608101339-32-304509/ma-gagalkan-partai-idaman-maju-pemilu,ADVERTISEMENT SCROLL TO CONTINUE WITH CONTENT
Menanti Kiprah Mbak Tutut dan Politik Trah Cendana,"Jumat, 08 Jun 2018 06:31 WIB",https://www.cnnindonesia.com/nasional/20180607210241-32-304464/menanti-kiprah-mbak-tutut-dan-politik-trah-cendana,ADVERTISEMENT SCROLL TO CONTINUE WITH CONTENT
Komnas HAM Jelaskan Polemik Aturan Eks Koruptor Jadi Caleg,"Jumat, 08 Jun 2018 06:00 WIB",https://www.cnnindonesia.com/nasional/20180607092650-32-304187/komnas-ham-jelaskan-polemik-aturan-eks-koruptor-jadi-caleg,ADVERTISEMENT SCROLL TO CONTINUE WITH CONTENT
Gerindra Desak DKPP Usut Sikap Janggal KPU Terhadap PSI,"Jumat, 08 Jun 2018 05:45 WIB",https://www.cnnindonesia.com/nasional/20180607193557-32-304429/gerindra-desak-dkpp-usut-sikap-janggal-kpu-terhadap-psi,ADVERTISEMENT SCROLL TO CONTINUE WITH CONTENT
Keluarga Cendana Diminta Merapat ke Partai Tommy Soeharto,"Jumat, 08 Jun 2018 05:31 WIB",https://www.cnnindonesia.com/nasional/20180607190915-32-304418/keluarga-cendana-diminta-merapat-ke-partai-tommy-soeharto,ADVERTISEMENT SCROLL TO CONTINUE WITH CONTENT
Cucu Soeharto Kader Gerindra Merapat ke Partai Berkarya,"Kamis, 07 Jun 2018 21:44 WIB",https://www.cnnindonesia.com/nasional/20180607200205-32-304448/cucu-soeharto-kader-gerindra-merapat-ke-partai-berkarya,ADVERTISEMENT SCROLL TO CONTINUE WITH CONTENT
Nasib BBM Premium antara Lingkungan dan Pertaruhan Politik,"Kamis, 07 Jun 2018 20:26 WIB",https://www.cnnindonesia.com/ekonomi/20180607164525-85-304354/nasib-bbm-premium-antara-lingkungan-dan-pertaruhan-politik,ADVERTISEMENT SCROLL TO CONTINUE WITH CONTENT
"Enggan di Bawah Rizieq, Demokrat Wacanakan Poros Nusantara","Kamis, 07 Jun 2018 20:24 WIB",https://www.cnnindonesia.com/nasional/20180607180014-32-304390/enggan-di-bawah-rizieq-demokrat-wacanakan-poros-nusantara,ADVERTISEMENT SCROLL TO CONTINUE WITH CONTENT
"Koalisi Keummatan, Antara Wacana dan Romantisme Pilgub DKI","Kamis, 07 Jun 2018 19:43 WIB",https://www.cnnindonesia.com/nasional/20180607152617-32-304329/koalisi-keummatan-antara-wacana-dan-romantisme-pilgub-dki,ADVERTISEMENT SCROLL TO CONTINUE WITH CONTENT
"SBY: Ada Pemilu Atau Tidak, Beri Bantuan Secara Ikhlas","Kamis, 07 Jun 2018 15:37 WIB",https://www.cnnindonesia.com/nasional/20180607122713-32-304233/sby-ada-pemilu-atau-tidak-beri-bantuan-secara-ikhlas,ADVERTISEMENT SCROLL TO CONTINUE WITH CONTENT
PKS Minta Anies Dahulukan Janji Kampanye ketimbang Pilpres,"Kamis, 07 Jun 2018 09:32 WIB",https://www.cnnindonesia.com/nasional/20180607084649-32-304168/pks-minta-anies-dahulukan-janji-kampanye-ketimbang-pilpres,ADVERTISEMENT SCROLL TO CONTINUE WITH CONTENT
Charta Politika: Pilihan Cawapres Bukan Hal Utama Buat Jokowi,"Kamis, 07 Jun 2018 09:04 WIB",https://www.cnnindonesia.com/nasional/20180607072240-32-304157/charta-politika-pilihan-cawapres-bukan-hal-utama-buat-jokowi,ADVERTISEMENT SCROLL TO CONTINUE WITH CONTENT
PKS: Rizieq Punya Pengikut yang Fanatik,"Kamis, 07 Jun 2018 06:16 WIB",https://www.cnnindonesia.com/nasional/20180606213859-32-304122/pks-rizieq-punya-pengikut-yang-fanatik,ADVERTISEMENT SCROLL TO CONTINUE WITH CONTENT
Komisi III Nilai PKPU Baru Sah Setelah Diteken Menkumham,"Kamis, 07 Jun 2018 03:46 WIB",https://www.cnnindonesia.com/nasional/20180606183109-32-304094/komisi-iii-nilai-pkpu-baru-sah-setelah-diteken-menkumham,ADVERTISEMENT SCROLL TO CONTINUE WITH CONTENT
Neno: #2019GantiPresiden Jangan Dianggap Momok Menakutkan,"Kamis, 07 Jun 2018 02:25 WIB",https://www.cnnindonesia.com/nasional/20180607022012-20-304136/neno-2019gantipresiden-jangan-dianggap-momok-menakutkan,ADVERTISEMENT SCROLL TO CONTINUE WITH CONTENT
GP Ansor Nilai Cawapres Agamis Bisa Imbangi Jokowi,"Kamis, 07 Jun 2018 01:46 WIB",https://www.cnnindonesia.com/nasional/20180606073133-32-303851/gp-ansor-nilai-cawapres-agamis-bisa-imbangi-jokowi,ADVERTISEMENT SCROLL TO CONTINUE WITH CONTENT
Ali Ngabalin Ingatkan Rizieq Shihab Jika Jokowi Juga Umat,"Rabu, 06 Jun 2018 23:55 WIB",https://www.cnnindonesia.com/nasional/20180606205634-32-304109/ali-ngabalin-ingatkan-rizieq-shihab-jika-jokowi-juga-umat,ADVERTISEMENT SCROLL TO CONTINUE WITH CONTENT
Komnas HAM: Larangan Koruptor Nyaleg Tak Langgar Hak Asasi,"Rabu, 06 Jun 2018 18:22 WIB",https://www.cnnindonesia.com/nasional/20180606161317-32-304048/komnas-ham-larangan-koruptor-nyaleg-tak-langgar-hak-asasi,ADVERTISEMENT SCROLL TO CONTINUE WITH CONTENT
Gubernur Bank Sentral Malaysia Mundur di Tengah Skandal 1MDB,"Rabu, 06 Jun 2018 17:31 WIB",https://www.cnnindonesia.com/internasional/20180606160555-106-304043/gubernur-bank-sentral-malaysia-mundur-di-tengah-skandal-1mdb,ADVERTISEMENT SCROLL TO CONTINUE WITH CONTENT
Wiranto Masih Atur Waktu Bahas Larangan Caleg Eks Koruptor,"Rabu, 06 Jun 2018 16:59 WIB",https://www.cnnindonesia.com/nasional/20180606123127-32-303925/wiranto-masih-atur-waktu-bahas-larangan-caleg-eks-koruptor,ADVERTISEMENT SCROLL TO CONTINUE WITH CONTENT
"Mendagri Ajukan Anggaran Rp3,1 Triliun di RAPBN 2019","Rabu, 06 Jun 2018 16:25 WIB",https://www.cnnindonesia.com/nasional/20180606150204-20-304000/mendagri-ajukan-anggaran-rp31-triliun-di-rapbn-2019,ADVERTISEMENT SCROLL TO CONTINUE WITH CONTENT
Menkumham Usul KPU Buat Pengumuman Caleg Eks Koruptor di TPS,"Rabu, 06 Jun 2018 15:37 WIB",https://www.cnnindonesia.com/nasional/20180606141243-32-303965/menkumham-usul-kpu-buat-pengumuman-caleg-eks-koruptor-di-tps,ADVERTISEMENT SCROLL TO CONTINUE WITH CONTENT
PKPU Dinilai Tetap Sah Walau Tanpa Teken Kemenkumham,"Rabu, 06 Jun 2018 15:30 WIB",https://www.cnnindonesia.com/nasional/20180606141020-12-303980/pkpu-dinilai-tetap-sah-walau-tanpa-teken-kemenkumham,ADVERTISEMENT SCROLL TO CONTINUE WITH CONTENT
Menhkumham Dinilai Tak Berwenang Tolak PKPU,"Rabu, 06 Jun 2018 15:22 WIB",https://www.cnnindonesia.com/nasional/20180606133816-12-303948/menhkumham-dinilai-tak-berwenang-tolak-pkpu,ADVERTISEMENT SCROLL TO CONTINUE WITH CONTENT
Istana: Jokowi Sudah Punya Sosok Cawapres,"Rabu, 06 Jun 2018 14:36 WIB",https://www.cnnindonesia.com/nasional/20180606134738-32-303956/istana-jokowi-sudah-punya-sosok-cawapres,ADVERTISEMENT SCROLL TO CONTINUE WITH CONTENT
Tjahjo Dukung Yasonna Tolak Larangan Caleg Eks Napi Korupsi,"Rabu, 06 Jun 2018 13:46 WIB",https://www.cnnindonesia.com/nasional/20180606121859-32-303922/tjahjo-dukung-yasonna-tolak-larangan-caleg-eks-napi-korupsi,ADVERTISEMENT SCROLL TO CONTINUE WITH CONTENT
PPP Sebut Jokowi Percepat Seleksi Cawapres Usai Lebaran,"Rabu, 06 Jun 2018 10:15 WIB",https://www.cnnindonesia.com/nasional/20180606075858-32-303857/ppp-sebut-jokowi-percepat-seleksi-cawapres-usai-lebaran,ADVERTISEMENT SCROLL TO CONTINUE WITH CONTENT
Kemenkumham Klaim Berwenang Tolak PKPU soal Eks Koruptor,"Rabu, 06 Jun 2018 08:40 WIB",https://www.cnnindonesia.com/nasional/20180606074219-32-303860/kemenkumham-klaim-berwenang-tolak-pkpu-soal-eks-koruptor,ADVERTISEMENT SCROLL TO CONTINUE WITH CONTENT
Wiranto Diminta Turun Tangan Selesaikan Polemik Peraturan KPU,"Rabu, 06 Jun 2018 04:19 WIB",https://www.cnnindonesia.com/nasional/20180606040725-12-303834/wiranto-diminta-turun-tangan-selesaikan-polemik-peraturan-kpu,ADVERTISEMENT SCROLL TO CONTINUE WITH CONTENT
Golkar Tak Khawatir dengan Koalisi Umat Usulan Rizieq Shihab,"Rabu, 06 Jun 2018 00:57 WIB",https://www.cnnindonesia.com/nasional/20180605210659-32-303799/golkar-tak-khawatir-dengan-koalisi-umat-usulan-rizieq-shihab,ADVERTISEMENT SCROLL TO CONTINUE WITH CONTENT
"Minta Anggaran Naik, Polisi Akan Bentuk Densus di Tiap Daerah","Selasa, 05 Jun 2018 22:48 WIB",https://www.cnnindonesia.com/nasional/20180605214144-20-303805/minta-anggaran-naik-polisi-akan-bentuk-densus-di-tiap-daerah,ADVERTISEMENT SCROLL TO CONTINUE WITH CONTENT
KPU Tetap Yakin Larangan Eks Koruptor Caleg Tak Melanggar,"Selasa, 05 Jun 2018 19:23 WIB",https://www.cnnindonesia.com/nasional/20180605173440-32-303729/kpu-tetap-yakin-larangan-eks-koruptor-caleg-tak-melanggar,ADVERTISEMENT SCROLL TO CONTINUE WITH CONTENT
Partai Rakyat Berdaulat Bergabung dengan PPP,"Selasa, 05 Jun 2018 18:50 WIB",https://www.cnnindonesia.com/nasional/20180605180334-32-303737/partai-rakyat-berdaulat-bergabung-dengan-ppp,ADVERTISEMENT SCROLL TO CONTINUE WITH CONTENT
Dua Pengacara Najib Mundur Sebelum Rosmah Diperiksa KPK,"Selasa, 05 Jun 2018 18:35 WIB",https://www.cnnindonesia.com/internasional/20180605160040-106-303675/dua-pengacara-najib-mundur-sebelum-rosmah-diperiksa-kpk,ADVERTISEMENT SCROLL TO CONTINUE WITH CONTENT
Anggota Komisi III Anggap Bawaslu dan KPU Kelewat Batas,"Selasa, 05 Jun 2018 14:59 WIB",https://www.cnnindonesia.com/nasional/20180605142321-32-303618/anggota-komisi-iii-anggap-bawaslu-dan-kpu-kelewat-batas,ADVERTISEMENT SCROLL TO CONTINUE WITH CONTENT
Cium Tangan Gatot untuk SBY di Tengah Dilema Partai Pengusung,"Selasa, 05 Jun 2018 13:58 WIB",https://www.cnnindonesia.com/nasional/20180605124718-32-303586/cium-tangan-gatot-untuk-sby-di-tengah-dilema-partai-pengusung,ADVERTISEMENT SCROLL TO CONTINUE WITH CONTENT
Manuver Amien Rais Dekati Rizieq dan Bumerang untuk PAN,"Selasa, 05 Jun 2018 13:13 WIB",https://www.cnnindonesia.com/nasional/20180605115858-32-303585/manuver-amien-rais-dekati-rizieq-dan-bumerang-untuk-pan,ADVERTISEMENT SCROLL TO CONTINUE WITH CONTENT
Raja Malaysia Restui Jaksa Agung Non-Muslim Pilihan Mahathir,"Selasa, 05 Jun 2018 13:06 WIB",https://www.cnnindonesia.com/internasional/20180605124211-106-303583/raja-malaysia-restui-jaksa-agung-non-muslim-pilihan-mahathir,ADVERTISEMENT SCROLL TO CONTINUE WITH CONTENT
"Diperiksa terkait 1MDB, Istri Najib Tiba di 'KPK' Malaysia","Selasa, 05 Jun 2018 10:44 WIB",https://www.cnnindonesia.com/internasional/20180605103732-106-303533/diperiksa-terkait-1mdb-istri-najib-tiba-di-kpk-malaysia,ADVERTISEMENT SCROLL TO CONTINUE WITH CONTENT
Rizieq Disebut Berpengaruh tapi Tak Ubah Peta Pilpres,"Selasa, 05 Jun 2018 08:24 WIB",https://www.cnnindonesia.com/nasional/20180605074020-32-303498/rizieq-disebut-berpengaruh-tapi-tak-ubah-peta-pilpres,ADVERTISEMENT SCROLL TO CONTINUE WITH CONTENT
Trump: Saya Berhak Keluarkan Grasi untuk Diri Sendiri,"Selasa, 05 Jun 2018 06:50 WIB",https://www.cnnindonesia.com/internasional/20180605064459-134-303478/trump-saya-berhak-keluarkan-grasi-untuk-diri-sendiri,ADVERTISEMENT SCROLL TO CONTINUE WITH CONTENT
Yusril Harap Amien Rais Tak Lagi Berdusta Usai Temui Rizieq,"Senin, 04 Jun 2018 19:36 WIB",https://www.cnnindonesia.com/nasional/20180604192819-32-303410/yusril-harap-amien-rais-tak-lagi-berdusta-usai-temui-rizieq,ADVERTISEMENT SCROLL TO CONTINUE WITH CONTENT
Komisi Anti-korupsi Panggil Istri Najib Terkait 1MDB Besok,"Senin, 04 Jun 2018 17:27 WIB",https://www.cnnindonesia.com/internasional/20180604171627-106-303371/komisi-anti-korupsi-panggil-istri-najib-terkait-1mdb-besok,ADVERTISEMENT SCROLL TO CONTINUE WITH CONTENT
Menkumham Enggan Teken PKPU Larangan Eks Koruptor Nyaleg,"Senin, 04 Jun 2018 16:35 WIB",https://www.cnnindonesia.com/nasional/20180604162847-32-303356/menkumham-enggan-teken-pkpu-larangan-eks-koruptor-nyaleg,ADVERTISEMENT SCROLL TO CONTINUE WITH CONTENT
"Gatot Cium Tangan SBY, Demokrat Sebut Cermin Ikatan Moral TNI","Senin, 04 Jun 2018 13:25 WIB",https://www.cnnindonesia.com/nasional/20180604130902-32-303254/gatot-cium-tangan-sby-demokrat-sebut-cermin-ikatan-moral-tni,ADVERTISEMENT SCROLL TO CONTINUE WITH CONTENT
PKS Klaim Jadi Korban Fitnah Spanduk Khilafah di Bekasi,"Senin, 04 Jun 2018 11:27 WIB",https://www.cnnindonesia.com/nasional/20180604105455-32-303195/pks-klaim-jadi-korban-fitnah-spanduk-khilafah-di-bekasi,ADVERTISEMENT SCROLL TO CONTINUE WITH CONTENT
Trump Dimakzulkan Jika Keluarkan Grasi untuk Diri Sendiri,"Senin, 04 Jun 2018 08:20 WIB",https://www.cnnindonesia.com/internasional/20180604080150-134-303159/trump-dimakzulkan-jika-keluarkan-grasi-untuk-diri-sendiri,ADVERTISEMENT SCROLL TO CONTINUE WITH CONTENT
Nasib Eks Koruptor Masih Belum Jelas soal Jadi Caleg DPR,"Senin, 04 Jun 2018 07:44 WIB",https://www.cnnindonesia.com/nasional/20180604064814-32-303149/nasib-eks-koruptor-masih-belum-jelas-soal-jadi-caleg-dpr,ADVERTISEMENT SCROLL TO CONTINUE WITH CONTENT
"Hentikan Kasus PSI, Polri Sebut Ada Keterangan Berbeda KPU","Minggu, 03 Jun 2018 23:59 WIB",https://www.cnnindonesia.com/nasional/20180603200831-12-303114/hentikan-kasus-psi-polri-sebut-ada-keterangan-berbeda-kpu,ADVERTISEMENT SCROLL TO CONTINUE WITH CONTENT
Aksi Cium Tangan SBY dan Keseriusan Gatot di Pilpres 2019,"Minggu, 03 Jun 2018 16:27 WIB",https://www.cnnindonesia.com/nasional/20180603134316-32-303061/aksi-cium-tangan-sby-dan-keseriusan-gatot-di-pilpres-2019,ADVERTISEMENT SCROLL TO CONTINUE WITH CONTENT
"Kembali Menjabat Presiden Mesir, Sisi Sumpah Tumpas Teroris","Sabtu, 02 Jun 2018 21:50 WIB",https://www.cnnindonesia.com/internasional/20180602212155-120-302960/kembali-menjabat-presiden-mesir-sisi-sumpah-tumpas-teroris,ADVERTISEMENT SCROLL TO CONTINUE WITH CONTENT
Romi Cerita Pertemuan SBY-JK Saat Buka Puasa Bersama CT,"Sabtu, 02 Jun 2018 21:22 WIB",https://www.cnnindonesia.com/nasional/20180602210638-32-302956/romi-cerita-pertemuan-sby-jk-saat-buka-puasa-bersama-ct,ADVERTISEMENT SCROLL TO CONTINUE WITH CONTENT
"Dilantik, Pemimpin Catalonia Serukan Kemerdekaan dari Spanyol","Sabtu, 02 Jun 2018 20:47 WIB",https://www.cnnindonesia.com/internasional/20180602202503-134-302954/dilantik-pemimpin-catalonia-serukan-kemerdekaan-dari-spanyol,ADVERTISEMENT SCROLL TO CONTINUE WITH CONTENT
"Fokus Pileg, Partai Berkarya Belum Bersikap di Pilpres 2019","Sabtu, 02 Jun 2018 19:17 WIB",https://www.cnnindonesia.com/nasional/20180602185452-32-302948/fokus-pileg-partai-berkarya-belum-bersikap-di-pilpres-2019,ADVERTISEMENT SCROLL TO CONTINUE WITH CONTENT
SBY-JK Kembali Berkumpul Saat Buka Bersama Chairul Tanjung,"Sabtu, 02 Jun 2018 17:50 WIB",https://www.cnnindonesia.com/nasional/20180602174546-20-302932/sby-jk-kembali-berkumpul-saat-buka-bersama-chairul-tanjung,ADVERTISEMENT SCROLL TO CONTINUE WITH CONTENT
Erdogan: Masa Depan Uber di Turki Sudah Berakhir,"Sabtu, 02 Jun 2018 17:23 WIB",https://www.cnnindonesia.com/teknologi/20180602171009-206-302928/erdogan-masa-depan-uber-di-turki-sudah-berakhir,ADVERTISEMENT SCROLL TO CONTINUE WITH CONTENT
Gerindra: Prabowo ke Mekkah Bukan Umrah Politik,"Sabtu, 02 Jun 2018 15:20 WIB",https://www.cnnindonesia.com/nasional/20180602150220-32-302897/gerindra-prabowo-ke-mekkah-bukan-umrah-politik,ADVERTISEMENT SCROLL TO CONTINUE WITH CONTENT
Pemerintahan Baru Italia Resmi Dilantik,"Sabtu, 02 Jun 2018 05:23 WIB",https://www.cnnindonesia.com/internasional/20180602021144-134-302836/pemerintahan-baru-italia-resmi-dilantik,ADVERTISEMENT SCROLL TO CONTINUE WITH CONTENT
"Partai Terbelit Skandal Korupsi, PM Spanyol Mundur","Jumat, 01 Jun 2018 23:42 WIB",https://www.cnnindonesia.com/internasional/20180601232701-134-302827/partai-terbelit-skandal-korupsi-pm-spanyol-mundur,ADVERTISEMENT SCROLL TO CONTINUE WITH CONTENT
"'Ngebet' Cawapres Jokowi, Golkar Siapkan Strategi","Jumat, 01 Jun 2018 21:16 WIB",https://www.cnnindonesia.com/nasional/20180601210222-32-302809/ngebet-cawapres-jokowi-golkar-siapkan-strategi,ADVERTISEMENT SCROLL TO CONTINUE WITH CONTENT
"Jokowi Temui Aktivis Kamisan, Ngabalin Bantah Buat Pencitraan","Jumat, 01 Jun 2018 20:16 WIB",https://www.cnnindonesia.com/nasional/20180601201128-32-302805/jokowi-temui-aktivis-kamisan-ngabalin-bantah-buat-pencitraan,ADVERTISEMENT SCROLL TO CONTINUE WITH CONTENT
Eks Koruptor 'Haram' Nyaleg dan Inkonsistensi Jokowi,"Jumat, 01 Jun 2018 19:29 WIB",https://www.cnnindonesia.com/nasional/20180531140723-32-302495/eks-koruptor-haram-nyaleg-dan-inkonsistensi-jokowi,ADVERTISEMENT SCROLL TO CONTINUE WITH CONTENT
Bawaslu Sebut Kasus PSI Curi 'Start' Tak Bisa Diusut Ulang,"Jumat, 01 Jun 2018 06:05 WIB",https://www.cnnindonesia.com/nasional/20180601055751-12-302697/bawaslu-sebut-kasus-psi-curi-start-tak-bisa-diusut-ulang,ADVERTISEMENT SCROLL TO CONTINUE WITH CONTENT
"Soal Laporan PKPI, Hasyim Asy'ari Punya Kewenangan Sesuai UU","Jumat, 01 Jun 2018 03:54 WIB",https://www.cnnindonesia.com/nasional/20180531194621-12-302647/soal-laporan-pkpi-hasyim-asyari-punya-kewenangan-sesuai-uu,ADVERTISEMENT SCROLL TO CONTINUE WITH CONTENT
Gerindra Sebut Belum Ada Koalisi dengan PAN dan PKS,"Jumat, 01 Jun 2018 02:22 WIB",https://www.cnnindonesia.com/nasional/20180601010730-32-302691/gerindra-sebut-belum-ada-koalisi-dengan-pan-dan-pks,ADVERTISEMENT SCROLL TO CONTINUE WITH CONTENT
Menkumham Minta KPU Tak Tabrak Undang-Undang,"Kamis, 31 Mei 2018 22:20 WIB",https://www.cnnindonesia.com/nasional/20180531145334-32-302521/menkumham-minta-kpu-tak-tabrak-undang-undang,ADVERTISEMENT SCROLL TO CONTINUE WITH CONTENT
Malaysia Buka Rekening Donasi Warga untuk Bayar Utang Negara,"Kamis, 31 Mei 2018 20:18 WIB",https://www.cnnindonesia.com/internasional/20180531161120-106-302570/malaysia-buka-rekening-donasi-warga-untuk-bayar-utang-negara,ADVERTISEMENT SCROLL TO CONTINUE WITH CONTENT
Pengusutan Kasus Curi Start PSI Dihentikan,"Kamis, 31 Mei 2018 20:02 WIB",https://www.cnnindonesia.com/nasional/20180531191551-32-302648/pengusutan-kasus-curi-start-psi-dihentikan,ADVERTISEMENT SCROLL TO CONTINUE WITH CONTENT
Jokowi Tak Ingin Pesta Demokrasi Menjadi Peretak Persatuan,"Kamis, 31 Mei 2018 16:32 WIB",https://www.cnnindonesia.com/nasional/20180531162457-32-302572/jokowi-tak-ingin-pesta-demokrasi-menjadi-peretak-persatuan,ADVERTISEMENT SCROLL TO CONTINUE WITH CONTENT
Komisioner KPU Penuhi Panggilan Polisi Terkait Laporan PKPI,"Kamis, 31 Mei 2018 13:05 WIB",https://www.cnnindonesia.com/nasional/20180531122010-12-302461/komisioner-kpu-penuhi-panggilan-polisi-terkait-laporan-pkpi,ADVERTISEMENT SCROLL TO CONTINUE WITH CONTENT
Sekjen Demokrat Pertanyakan Tujuan Prabowo Temui SBY,"Kamis, 31 Mei 2018 11:30 WIB",https://www.cnnindonesia.com/nasional/20180531104009-32-302436/sekjen-demokrat-pertanyakan-tujuan-prabowo-temui-sby,ADVERTISEMENT SCROLL TO CONTINUE WITH CONTENT
Mendagri Singgung Etika Sandi Karena Samakan Jokowi dan Najib,"Kamis, 31 Mei 2018 07:47 WIB",https://www.cnnindonesia.com/nasional/20180530221039-32-302376/mendagri-singgung-etika-sandi-karena-samakan-jokowi-dan-najib,ADVERTISEMENT SCROLL TO CONTINUE WITH CONTENT
'Kemenkumham Tak Bisa Tolak Larangan Eks Koruptor Jadi Caleg',"Kamis, 31 Mei 2018 07:22 WIB",https://www.cnnindonesia.com/nasional/20180530205002-32-302369/kemenkumham-tak-bisa-tolak-larangan-eks-koruptor-jadi-caleg,ADVERTISEMENT SCROLL TO CONTINUE WITH CONTENT
"Antisipasi Kembali Tercecer, e-KTP Rusak Akan Dipotong","Kamis, 31 Mei 2018 05:41 WIB",https://www.cnnindonesia.com/nasional/20180530175817-20-302319/antisipasi-kembali-tercecer-e-ktp-rusak-akan-dipotong,ADVERTISEMENT SCROLL TO CONTINUE WITH CONTENT
"Ada Foto, JK Yakin e-KTP Tak Disalahgunakan","Kamis, 31 Mei 2018 05:24 WIB",https://www.cnnindonesia.com/nasional/20180530172325-32-302312/ada-foto-jk-yakin-e-ktp-tak-disalahgunakan,ADVERTISEMENT SCROLL TO CONTINUE WITH CONTENT
Artidjo soal Eks Koruptor Nyaleg: Nanti Korupsi Lagi,"Kamis, 31 Mei 2018 04:10 WIB",https://www.cnnindonesia.com/nasional/20180530211717-32-302370/artidjo-soal-eks-koruptor-nyaleg-nanti-korupsi-lagi,ADVERTISEMENT SCROLL TO CONTINUE WITH CONTENT
"Pasar Kacau, Italia Dikabarkan Bakal Pemilu Ulang Juli Ini","Kamis, 31 Mei 2018 00:32 WIB",https://www.cnnindonesia.com/internasional/20180530134028-134-302224/pasar-kacau-italia-dikabarkan-bakal-pemilu-ulang-juli-ini,ADVERTISEMENT SCROLL TO CONTINUE WITH CONTENT
Malaysia Berencana Bangun Pulau di Selat Singapura,"Rabu, 30 Mei 2018 23:10 WIB",https://www.cnnindonesia.com/internasional/20180530160231-106-302286/malaysia-berencana-bangun-pulau-di-selat-singapura,ADVERTISEMENT SCROLL TO CONTINUE WITH CONTENT
"Beda dengan Jokowi, JK Dukung KPU Larang Eks Koruptor Nyaleg","Rabu, 30 Mei 2018 20:25 WIB",https://www.cnnindonesia.com/nasional/20180530153357-32-302279/beda-dengan-jokowi-jk-dukung-kpu-larang-eks-koruptor-nyaleg,ADVERTISEMENT SCROLL TO CONTINUE WITH CONTENT
KPU Sebut Peluang Salahgunakan e-KTP Rusak Sangat Kecil,"Rabu, 30 Mei 2018 18:15 WIB",https://www.cnnindonesia.com/nasional/20180530154245-32-302281/kpu-sebut-peluang-salahgunakan-e-ktp-rusak-sangat-kecil,ADVERTISEMENT SCROLL TO CONTINUE WITH CONTENT
Seluruh Parpol Diklaim Tak Akan Usung Eks Koruptor Nyaleg,"Rabu, 30 Mei 2018 17:20 WIB",https://www.cnnindonesia.com/nasional/20180530143841-32-302250/seluruh-parpol-diklaim-tak-akan-usung-eks-koruptor-nyaleg,ADVERTISEMENT SCROLL TO CONTINUE WITH CONTENT
"Bukan Soal Capres, Zulkifli-Ical Bahas Pemilu Damai","Rabu, 30 Mei 2018 15:58 WIB",https://www.cnnindonesia.com/nasional/20180530153213-32-302277/bukan-soal-capres-zulkifli-ical-bahas-pemilu-damai,ADVERTISEMENT SCROLL TO CONTINUE WITH CONTENT
"Jokowi Minta Kaji Ulang, KPU Tetap Larang Eks Koruptor Nyaleg","Rabu, 30 Mei 2018 14:37 WIB",https://www.cnnindonesia.com/nasional/20180530132231-32-302216/jokowi-minta-kaji-ulang-kpu-tetap-larang-eks-koruptor-nyaleg,ADVERTISEMENT SCROLL TO CONTINUE WITH CONTENT
Politikus PDIP Sebut KPU Terlalu Genit Larang Eks Napi Nyaleg,"Rabu, 30 Mei 2018 13:41 WIB",https://www.cnnindonesia.com/nasional/20180530125414-32-302211/politikus-pdip-sebut-kpu-terlalu-genit-larang-eks-napi-nyaleg,ADVERTISEMENT SCROLL TO CONTINUE WITH CONTENT
"Wacana Capres Rizieq Shihab, PA 212 Disarankan Jadi Parpol","Rabu, 30 Mei 2018 12:06 WIB",https://www.cnnindonesia.com/nasional/20180530112012-32-302175/wacana-capres-rizieq-shihab-pa-212-disarankan-jadi-parpol,ADVERTISEMENT SCROLL TO CONTINUE WITH CONTENT
'Roseanne' Dibatalkan karena Lelucon Rasisme Penasihat Obama,Tanggal tidak ditemukan,https://www.cnnindonesia.com/hiburan/20180530105635-220-302165/roseanne-dibatalkan-karena-lelucon-rasisme-penasihat-obama,ADVERTISEMENT SCROLL TO CONTINUE WITH CONTENT
KPU: Eks Koruptor 'Haram' Nyaleg karena Pernah Rugikan Negara,"Rabu, 30 Mei 2018 11:22 WIB",https://www.cnnindonesia.com/nasional/20180530110336-32-302160/kpu-eks-koruptor-haram-nyaleg-karena-pernah-rugikan-negara,ADVERTISEMENT SCROLL TO CONTINUE WITH CONTENT
Insiden e-KTP yang Tercecer Masih Jadi Misteri Bagi Fadli Zon,"Rabu, 30 Mei 2018 08:45 WIB",https://www.cnnindonesia.com/nasional/20180530082459-32-302133/insiden-e-ktp-yang-tercecer-masih-jadi-misteri-bagi-fadli-zon,ADVERTISEMENT SCROLL TO CONTINUE WITH CONTENT
"Narendra Modi, Mantan Penjual Teh di Stasiun Kini PM India","Rabu, 30 Mei 2018 07:22 WIB",https://www.cnnindonesia.com/internasional/20180530065631-106-302121/narendra-modi-mantan-penjual-teh-di-stasiun-kini-pm-india,ADVERTISEMENT SCROLL TO CONTINUE WITH CONTENT
Resolusi PA 212: Usut Skandal e-KTP dan Setop Proyek Meikarta,"Rabu, 30 Mei 2018 06:51 WIB",https://www.cnnindonesia.com/nasional/20180529205404-32-302104/resolusi-pa-212-usut-skandal-e-ktp-dan-setop-proyek-meikarta,ADVERTISEMENT SCROLL TO CONTINUE WITH CONTENT
Krisis Politik Italia Bikin Bursa Saham Global Rontok,"Rabu, 30 Mei 2018 06:05 WIB",https://www.cnnindonesia.com/ekonomi/20180530052201-92-302119/krisis-politik-italia-bikin-bursa-saham-global-rontok,ADVERTISEMENT SCROLL TO CONTINUE WITH CONTENT
"Setop Pencarian MH370, Mahathir Dituding Melanggar Janji","Selasa, 29 Mei 2018 17:24 WIB",https://www.cnnindonesia.com/internasional/20180331201354-106-287292/setop-pencarian-mh370-mahathir-dituding-melanggar-janji,ADVERTISEMENT SCROLL TO CONTINUE WITH CONTENT
Jokowi soal Eks Koruptor Nyaleg: Itu Hak Berpolitik,"Selasa, 29 Mei 2018 17:16 WIB",https://www.cnnindonesia.com/nasional/20180529170609-32-302073/jokowi-soal-eks-koruptor-nyaleg-itu-hak-berpolitik,ADVERTISEMENT SCROLL TO CONTINUE WITH CONTENT
Kepala BPIP Sebut Megawati Cs 'Korban' Polemik Gaji,"Selasa, 29 Mei 2018 13:46 WIB",https://www.cnnindonesia.com/nasional/20180529133944-20-302023/kepala-bpip-sebut-megawati-cs-korban-polemik-gaji,ADVERTISEMENT SCROLL TO CONTINUE WITH CONTENT
"e-KTP Tercecer di Bogor, DPR Nilai Kemendagri Ceroboh","Selasa, 29 Mei 2018 13:28 WIB",https://www.cnnindonesia.com/nasional/20180529131500-20-302021/e-ktp-tercecer-di-bogor-dpr-nilai-kemendagri-ceroboh,ADVERTISEMENT SCROLL TO CONTINUE WITH CONTENT
Paraguay Akan Dipimpin Presiden Perempuan untuk Pertama Kali,"Selasa, 29 Mei 2018 11:39 WIB",https://www.cnnindonesia.com/internasional/20180529111845-134-302002/paraguay-akan-dipimpin-presiden-perempuan-untuk-pertama-kali,ADVERTISEMENT SCROLL TO CONTINUE WITH CONTENT
Takjil #2019GantiPresiden dan Sepeda Jokowi,"Selasa, 29 Mei 2018 08:06 WIB",https://www.cnnindonesia.com/nasional/20180528194558-32-301953/takjil-2019gantipresiden-dan-sepeda-jokowi,ADVERTISEMENT SCROLL TO CONTINUE WITH CONTENT
"E-KTP Tercecer, Gerindra Jabar Duga Ada Motif Politik","Selasa, 29 Mei 2018 06:03 WIB",https://www.cnnindonesia.com/nasional/20180528161601-32-301920/e-ktp-tercecer-gerindra-jabar-duga-ada-motif-politik,ADVERTISEMENT SCROLL TO CONTINUE WITH CONTENT
Menkeu Kritik Balik Pembanding Kebijakan Mahathir - Gaji BPIP,"Senin, 28 Mei 2018 23:23 WIB",https://www.cnnindonesia.com/nasional/20180528161508-32-301898/menkeu-kritik-balik-pembanding-kebijakan-mahathir-gaji-bpip,ADVERTISEMENT SCROLL TO CONTINUE WITH CONTENT
"E-KTP Tercecer, Mendagri Tjahjo Siap Pertaruhkan Jabatan","Senin, 28 Mei 2018 18:45 WIB",https://www.cnnindonesia.com/nasional/20180528164101-20-301904/e-ktp-tercecer-mendagri-tjahjo-siap-pertaruhkan-jabatan,ADVERTISEMENT SCROLL TO CONTINUE WITH CONTENT
Petisi Nobel untuk Mahathir Tembus 75 Ribu Pendukung,"Senin, 28 Mei 2018 14:48 WIB",https://www.cnnindonesia.com/internasional/20180528110324-106-301789/petisi-nobel-untuk-mahathir-tembus-75-ribu-pendukung,ADVERTISEMENT SCROLL TO CONTINUE WITH CONTENT
"Calon Menteri Ekonomi Ditolak, PM Terpilih Italia Mundur","Senin, 28 Mei 2018 11:10 WIB",https://www.cnnindonesia.com/internasional/20180528100346-134-301755/calon-menteri-ekonomi-ditolak-pm-terpilih-italia-mundur,ADVERTISEMENT SCROLL TO CONTINUE WITH CONTENT
"Bebaskan Warga Amerika, Venezuela Buka Sinyal Dialog","Minggu, 27 Mei 2018 05:07 WIB",https://www.cnnindonesia.com/internasional/20180527041953-134-301589/bebaskan-warga-amerika-venezuela-buka-sinyal-dialog,ADVERTISEMENT SCROLL TO CONTINUE WITH CONTENT
JK Kritik Pembagian Takjil Berlabel #2019GantiPresiden,"Sabtu, 26 Mei 2018 23:54 WIB",https://www.cnnindonesia.com/nasional/20180526203300-32-301547/jk-kritik-pembagian-takjil-berlabel-2019gantipresiden,ADVERTISEMENT SCROLL TO CONTINUE WITH CONTENT
"Bagi-bagi THR, Investasi Elektoral Jokowi Menuju Pilpres 2019","Sabtu, 26 Mei 2018 09:00 WIB",https://www.cnnindonesia.com/nasional/20180525211547-32-301435/bagi-bagi-thr-investasi-elektoral-jokowi-menuju-pilpres-2019,ADVERTISEMENT SCROLL TO CONTINUE WITH CONTENT
Ketua KPK Sindir DPR yang Dukung Eks Koruptor Nyaleg,"Sabtu, 26 Mei 2018 04:54 WIB",https://www.cnnindonesia.com/nasional/20180525144158-12-301268/ketua-kpk-sindir-dpr-yang-dukung-eks-koruptor-nyaleg,ADVERTISEMENT SCROLL TO CONTINUE WITH CONTENT
KPU Akan Undang Parpol Sosialisasi Larangan Caleg Koruptor,"Sabtu, 26 Mei 2018 01:03 WIB",https://www.cnnindonesia.com/nasional/20180525201459-32-301413/kpu-akan-undang-parpol-sosialisasi-larangan-caleg-koruptor,ADVERTISEMENT SCROLL TO CONTINUE WITH CONTENT
"Singgung SBY, Gatot Nurmantyo Optimis Ikut Pilpres 2019","Jumat, 25 Mei 2018 22:20 WIB",https://www.cnnindonesia.com/nasional/20180525215904-32-301443/singgung-sby-gatot-nurmantyo-optimis-ikut-pilpres-2019,ADVERTISEMENT SCROLL TO CONTINUE WITH CONTENT
"Batal Temui Kim Jong-un, Trump Dinilai Merugi","Jumat, 25 Mei 2018 20:21 WIB",https://www.cnnindonesia.com/internasional/20180525155300-134-301302/batal-temui-kim-jong-un-trump-dinilai-merugi,ADVERTISEMENT SCROLL TO CONTINUE WITH CONTENT
Polisi Malaysia Sita 434 Tas Mewah dari 12 Properti Najib,"Jumat, 25 Mei 2018 16:46 WIB",https://www.cnnindonesia.com/internasional/20180525152434-106-301294/polisi-malaysia-sita-434-tas-mewah-dari-12-properti-najib,ADVERTISEMENT SCROLL TO CONTINUE WITH CONTENT
DKPP Pecat Empat Penyelenggara Pemilu,"Jumat, 25 Mei 2018 12:41 WIB",https://www.cnnindonesia.com/nasional/20180525110717-12-301194/dkpp-pecat-empat-penyelenggara-pemilu,ADVERTISEMENT SCROLL TO CONTINUE WITH CONTENT
Kemendagri: 10 Juta Penduduk Belum Rekam e-KTP,"Jumat, 25 Mei 2018 12:02 WIB",https://www.cnnindonesia.com/nasional/20180525073139-32-301161/kemendagri-10-juta-penduduk-belum-rekam-e-ktp,ADVERTISEMENT SCROLL TO CONTINUE WITH CONTENT
Pejabat UMNO Akui Jam Sitaan Terkait 1MDB Kebanyakan Palsu,"Jumat, 25 Mei 2018 11:12 WIB",https://www.cnnindonesia.com/internasional/20180525104231-106-301187/pejabat-umno-akui-jam-sitaan-terkait-1mdb-kebanyakan-palsu,ADVERTISEMENT SCROLL TO CONTINUE WITH CONTENT
"Bahas Kerja Sama, Satgas Penyelidikan 1MDB Bertemu dengan FBI","Jumat, 25 Mei 2018 08:22 WIB",https://www.cnnindonesia.com/internasional/20180525081014-106-301163/bahas-kerja-sama-satgas-penyelidikan-1mdb-bertemu-dengan-fbi,ADVERTISEMENT SCROLL TO CONTINUE WITH CONTENT
"Jadi Tersangka, Bupati Buton Selatan Ditahan di Rutan KPK","Jumat, 25 Mei 2018 07:15 WIB",https://www.cnnindonesia.com/nasional/20180525070228-12-301150/jadi-tersangka-bupati-buton-selatan-ditahan-di-rutan-kpk,ADVERTISEMENT SCROLL TO CONTINUE WITH CONTENT
"Kurs Rupiah Capai 15.000, Gerindra Sebut Jokowi Bisa Mundur","Jumat, 25 Mei 2018 05:13 WIB",https://www.cnnindonesia.com/nasional/20180524201636-32-301102/kurs-rupiah-capai-15000-gerindra-sebut-jokowi-bisa-mundur,ADVERTISEMENT SCROLL TO CONTINUE WITH CONTENT
"Dipolisikan, PSI Sebut Bawaslu Lakukan Kriminalisasi","Jumat, 25 Mei 2018 02:08 WIB",https://www.cnnindonesia.com/nasional/20180524173416-32-301059/dipolisikan-psi-sebut-bawaslu-lakukan-kriminalisasi,ADVERTISEMENT SCROLL TO CONTINUE WITH CONTENT
"Berkaca Pada Mahathir, Pengusaha Bugis Dorong JK Maju Capres","Kamis, 24 Mei 2018 23:31 WIB",https://www.cnnindonesia.com/nasional/20180524165014-32-301045/berkaca-pada-mahathir-pengusaha-bugis-dorong-jk-maju-capres,ADVERTISEMENT SCROLL TO CONTINUE WITH CONTENT
"Pilkada Berhawa Pilpres, Tjahjo Yakin Tak Segaduh Pilgub DKI","Kamis, 24 Mei 2018 19:48 WIB",https://www.cnnindonesia.com/nasional/20180524183058-32-301091/pilkada-berhawa-pilpres-tjahjo-yakin-tak-segaduh-pilgub-dki,ADVERTISEMENT SCROLL TO CONTINUE WITH CONTENT
"Diduga Curi Start Kampanye, PSI Mengadu ke Ombudsman","Kamis, 24 Mei 2018 17:16 WIB",https://www.cnnindonesia.com/nasional/20180524160122-32-301028/diduga-curi-start-kampanye-psi-mengadu-ke-ombudsman,ADVERTISEMENT SCROLL TO CONTINUE WITH CONTENT
"Larang Eks Koruptor Nyaleg, KPU Disebut Langgar HAM","Kamis, 24 Mei 2018 15:39 WIB",https://www.cnnindonesia.com/nasional/20180524141128-32-300951/larang-eks-koruptor-nyaleg-kpu-disebut-langgar-ham,ADVERTISEMENT SCROLL TO CONTINUE WITH CONTENT
Sandiaga Sebut Larangan Eks Koruptor Jadi Caleg Harga Mati,"Kamis, 24 Mei 2018 12:10 WIB",https://www.cnnindonesia.com/nasional/20180524113153-32-300893/sandiaga-sebut-larangan-eks-koruptor-jadi-caleg-harga-mati,ADVERTISEMENT SCROLL TO CONTINUE WITH CONTENT
"Mahathir Jadi PM, Hubungan Indonesia-Malaysia Tetap Sama","Kamis, 24 Mei 2018 11:33 WIB",https://www.cnnindonesia.com/internasional/20180524104847-106-300886/mahathir-jadi-pm-hubungan-indonesia-malaysia-tetap-sama,ADVERTISEMENT SCROLL TO CONTINUE WITH CONTENT
KPK Dukung KPU Larang Eks Koruptor Jadi Caleg,"Kamis, 24 Mei 2018 10:59 WIB",https://www.cnnindonesia.com/nasional/20180524072634-32-300842/kpk-dukung-kpu-larang-eks-koruptor-jadi-caleg,ADVERTISEMENT SCROLL TO CONTINUE WITH CONTENT
Guru Besar Undip Disidang Etik Karena Unggahan Soal HTI,"Kamis, 24 Mei 2018 08:12 WIB",https://www.cnnindonesia.com/nasional/20180523211918-20-300802/guru-besar-undip-disidang-etik-karena-unggahan-soal-hti,ADVERTISEMENT SCROLL TO CONTINUE WITH CONTENT
'KPK' Malaysia Kembali Panggil Najib Terkait 1MDB Hari Ini,"Kamis, 24 Mei 2018 08:09 WIB",https://www.cnnindonesia.com/internasional/20180524075231-106-300849/kpk-malaysia-kembali-panggil-najib-terkait-1mdb-hari-ini,ADVERTISEMENT SCROLL TO CONTINUE WITH CONTENT
"Kena Sanksi Baru Soal Pemilu, Venezuela Usir Dua Diplomat AS","Kamis, 24 Mei 2018 05:46 WIB",https://www.cnnindonesia.com/internasional/20180523162236-134-300669/kena-sanksi-baru-soal-pemilu-venezuela-usir-dua-diplomat-as,ADVERTISEMENT SCROLL TO CONTINUE WITH CONTENT
KPU Jabar Tegaskan Debat Ketiga Tak Ada Lagi Kampanye Capres,"Kamis, 24 Mei 2018 04:57 WIB",https://www.cnnindonesia.com/nasional/20180524010718-32-300825/kpu-jabar-tegaskan-debat-ketiga-tak-ada-lagi-kampanye-capres,ADVERTISEMENT SCROLL TO CONTINUE WITH CONTENT
Ketua DPR Tantang Alumni KPK Terjun ke Politik,"Kamis, 24 Mei 2018 01:02 WIB",https://www.cnnindonesia.com/nasional/20180523204712-32-300775/ketua-dpr-tantang-alumni-kpk-terjun-ke-politik,ADVERTISEMENT SCROLL TO CONTINUE WITH CONTENT
"Bertemu SBY, Airlangga Sebut Ada Peluang Demokrat ke Jokowi","Rabu, 23 Mei 2018 21:40 WIB",https://www.cnnindonesia.com/nasional/20180523210536-32-300780/bertemu-sby-airlangga-sebut-ada-peluang-demokrat-ke-jokowi,ADVERTISEMENT SCROLL TO CONTINUE WITH CONTENT
Jokowi Sambut Baik Rencana Pertemuan dan Koalisi SBY-Prabowo,"Rabu, 23 Mei 2018 19:53 WIB",https://www.cnnindonesia.com/nasional/20180523194344-32-300758/jokowi-sambut-baik-rencana-pertemuan-dan-koalisi-sby-prabowo,ADVERTISEMENT SCROLL TO CONTINUE WITH CONTENT
PSI Resmi Laporkan Ketua Bawaslu atas Dugaan Langgar Etik,"Rabu, 23 Mei 2018 19:48 WIB",https://www.cnnindonesia.com/nasional/20180523194702-32-300756/psi-resmi-laporkan-ketua-bawaslu-atas-dugaan-langgar-etik,ADVERTISEMENT SCROLL TO CONTINUE WITH CONTENT
"Kasus Curi Start Kampanye, Bawaslu Puji PSI Mau Kooperatif","Rabu, 23 Mei 2018 18:57 WIB",https://www.cnnindonesia.com/nasional/20180523183040-32-300744/kasus-curi-start-kampanye-bawaslu-puji-psi-mau-kooperatif,ADVERTISEMENT SCROLL TO CONTINUE WITH CONTENT
KPU Tak Mau Kompromi Cabut Larangan Eks Koruptor Nyaleg,"Rabu, 23 Mei 2018 18:28 WIB",https://www.cnnindonesia.com/nasional/20180523163736-32-300677/kpu-tak-mau-kompromi-cabut-larangan-eks-koruptor-nyaleg,ADVERTISEMENT SCROLL TO CONTINUE WITH CONTENT
"Ke Malaysia, Prabowo Temui Anwar Ibrahim","Rabu, 23 Mei 2018 17:03 WIB",https://www.cnnindonesia.com/internasional/20180523165040-106-300690/ke-malaysia-prabowo-temui-anwar-ibrahim,ADVERTISEMENT SCROLL TO CONTINUE WITH CONTENT
Pendukung Eks Koruptor Nyaleg Dinilai Ingin Lindungi Kolega,"Rabu, 23 Mei 2018 15:37 WIB",https://www.cnnindonesia.com/nasional/20180523134926-32-300619/pendukung-eks-koruptor-nyaleg-dinilai-ingin-lindungi-kolega,ADVERTISEMENT SCROLL TO CONTINUE WITH CONTENT
"Kukuh Larang Eks Koruptor Nyaleg, KPU Siap Hadapi Gugatan","Rabu, 23 Mei 2018 14:29 WIB",https://www.cnnindonesia.com/nasional/20180523141414-32-300626/kukuh-larang-eks-koruptor-nyaleg-kpu-siap-hadapi-gugatan,ADVERTISEMENT SCROLL TO CONTINUE WITH CONTENT
"Malaysia Utang Rp3.593 T, Mahathir Potong Gaji Menteri","Rabu, 23 Mei 2018 14:00 WIB",https://www.cnnindonesia.com/internasional/20180523132954-106-300602/malaysia-utang-rp3593-t-mahathir-potong-gaji-menteri,ADVERTISEMENT SCROLL TO CONTINUE WITH CONTENT
"Skandal 1MDB, KPK Malaysia Punya Bukti Keterlibatan Najib","Rabu, 23 Mei 2018 12:58 WIB",https://www.cnnindonesia.com/internasional/20180523123548-106-300578/skandal-1mdb-kpk-malaysia-punya-bukti-keterlibatan-najib,ADVERTISEMENT SCROLL TO CONTINUE WITH CONTENT
Komisi II Sebut KPU Harus Bolehkan Eks Koruptor Jadi Caleg,"Rabu, 23 Mei 2018 11:09 WIB",https://www.cnnindonesia.com/nasional/20180523070210-32-300514/komisi-ii-sebut-kpu-harus-bolehkan-eks-koruptor-jadi-caleg,ADVERTISEMENT SCROLL TO CONTINUE WITH CONTENT
Mahathir Akan Copot Menteri Berkinerja Buruk,"Rabu, 23 Mei 2018 11:04 WIB",https://www.cnnindonesia.com/internasional/20180523105507-106-300555/mahathir-akan-copot-menteri-berkinerja-buruk,ADVERTISEMENT SCROLL TO CONTINUE WITH CONTENT
Protes Sambut Empat Tahun Pemerintahan Junta Thailand,"Rabu, 23 Mei 2018 04:38 WIB",https://www.cnnindonesia.com/internasional/20180522162849-106-300399/protes-sambut-empat-tahun-pemerintahan-junta-thailand,ADVERTISEMENT SCROLL TO CONTINUE WITH CONTENT
Mahathir Tuding Najib Palsukan Data Keuangan,"Rabu, 23 Mei 2018 01:47 WIB",https://www.cnnindonesia.com/internasional/20180522150532-106-300351/mahathir-tuding-najib-palsukan-data-keuangan,ADVERTISEMENT SCROLL TO CONTINUE WITH CONTENT
"DPR, Pemerintah dan Bawaslu: Eks Koruptor Boleh Jadi Caleg","Rabu, 23 Mei 2018 00:18 WIB",https://www.cnnindonesia.com/nasional/20180523001204-32-300504/dpr-pemerintah-dan-bawaslu-eks-koruptor-boleh-jadi-caleg,ADVERTISEMENT SCROLL TO CONTINUE WITH CONTENT
PSI Klaim Polisi Bakal Setop Kasus Curi 'Start' Kampanye,"Selasa, 22 Mei 2018 23:15 WIB",https://www.cnnindonesia.com/nasional/20180522210027-32-300491/psi-klaim-polisi-bakal-setop-kasus-curi-start-kampanye,ADVERTISEMENT SCROLL TO CONTINUE WITH CONTENT
"Gerindra: Mahathir Menang, Prabowo Merasa Muda","Selasa, 22 Mei 2018 21:52 WIB",https://www.cnnindonesia.com/nasional/20180522195406-32-300461/gerindra-mahathir-menang-prabowo-merasa-muda,ADVERTISEMENT SCROLL TO CONTINUE WITH CONTENT
Survei: Jelang Pemilu Masih Banyak yang Tidak Tahu Nawacita,"Selasa, 22 Mei 2018 18:15 WIB",https://www.cnnindonesia.com/nasional/20180522172505-32-300425/survei-jelang-pemilu-masih-banyak-yang-tidak-tahu-nawacita,ADVERTISEMENT SCROLL TO CONTINUE WITH CONTENT
Cara Kaskus 'Sundul Gan' Lawan Hoaks di Tahun Politik,"Selasa, 22 Mei 2018 16:05 WIB",https://www.cnnindonesia.com/teknologi/20180521185457-192-300083/cara-kaskus-sundul-gan-lawan-hoaks-di-tahun-politik,ADVERTISEMENT SCROLL TO CONTINUE WITH CONTENT
Upaya Facebook Tekan Laju Hoaks,"Selasa, 22 Mei 2018 15:45 WIB",https://www.cnnindonesia.com/teknologi/20180521200526-185-300113/upaya-facebook-tekan-laju-hoaks,ADVERTISEMENT SCROLL TO CONTINUE WITH CONTENT
"Microtargeting, Cara Facebook Pakai Data untuk Kampanye","Selasa, 22 Mei 2018 12:50 WIB",https://www.cnnindonesia.com/teknologi/20180521144115-185-299990/microtargeting-cara-facebook-pakai-data-untuk-kampanye,ADVERTISEMENT SCROLL TO CONTINUE WITH CONTENT
Bayang-bayang Hoaks di Tahun Politik,"Selasa, 22 Mei 2018 12:11 WIB",https://www.cnnindonesia.com/teknologi/20180521144837-185-299996/bayang-bayang-hoaks-di-tahun-politik,ADVERTISEMENT SCROLL TO CONTINUE WITH CONTENT
Grace Natalie Sebut Bawaslu Tak Adil pada PSI,"Selasa, 22 Mei 2018 11:11 WIB",https://www.cnnindonesia.com/nasional/20180522105622-12-300213/grace-natalie-sebut-bawaslu-tak-adil-pada-psi,ADVERTISEMENT SCROLL TO CONTINUE WITH CONTENT
Elak Najib Razak dari Kasus Dugaan Korupsi 1MDB,"Selasa, 22 Mei 2018 10:34 WIB",https://www.cnnindonesia.com/internasional/20180521185906-106-300088/elak-najib-razak-dari-kasus-dugaan-korupsi-1mdb,ADVERTISEMENT SCROLL TO CONTINUE WITH CONTENT
Jerat Hoaks Terhadap Politisi Lokal,"Selasa, 22 Mei 2018 10:14 WIB",https://www.cnnindonesia.com/teknologi/20180521155829-192-300027/jerat-hoaks-terhadap-politisi-lokal,ADVERTISEMENT SCROLL TO CONTINUE WITH CONTENT
"Diperiksa terkait Korupsi 1MDB, Najib Razak Senyum Santai","Selasa, 22 Mei 2018 10:01 WIB",https://www.cnnindonesia.com/internasional/20180522094940-106-300190/diperiksa-terkait-korupsi-1mdb-najib-razak-senyum-santai,ADVERTISEMENT SCROLL TO CONTINUE WITH CONTENT
Hoaks Kian Subur Jelang Pemilu,"Selasa, 22 Mei 2018 08:45 WIB",https://www.cnnindonesia.com/teknologi/20180503170928-192-295481/hoaks-kian-subur-jelang-pemilu,ADVERTISEMENT SCROLL TO CONTINUE WITH CONTENT
Pengacara Najib Mundur Jelang Pemeriksaan 1MDB,"Selasa, 22 Mei 2018 07:50 WIB",https://www.cnnindonesia.com/internasional/20180522073933-106-300166/pengacara-najib-mundur-jelang-pemeriksaan-1mdb,ADVERTISEMENT SCROLL TO CONTINUE WITH CONTENT
"Meski Oposisi, Agus, Gatot, Anies Favorit Cawapres Jokowi","Selasa, 22 Mei 2018 07:08 WIB",https://www.cnnindonesia.com/nasional/20180522063012-32-300155/meski-oposisi-agus-gatot-anies-favorit-cawapres-jokowi,ADVERTISEMENT SCROLL TO CONTINUE WITH CONTENT
Rizal Ramli Khawatir Ada Perubahan Cepat Sebelum 2019,"Selasa, 22 Mei 2018 06:41 WIB",https://www.cnnindonesia.com/nasional/20180521213811-20-300139/rizal-ramli-khawatir-ada-perubahan-cepat-sebelum-2019,ADVERTISEMENT SCROLL TO CONTINUE WITH CONTENT
Pilkada Jateng: PKB Tak Yakin Hasil Survei Ganjar Unggul,"Selasa, 22 Mei 2018 05:11 WIB",https://www.cnnindonesia.com/nasional/20180522024309-32-300148/pilkada-jateng-pkb-tak-yakin-hasil-survei-ganjar-unggul,ADVERTISEMENT SCROLL TO CONTINUE WITH CONTENT
Survei: PKPI dan Partai Berkarya Terancam Tak Ada Pemilih,"Selasa, 22 Mei 2018 04:39 WIB",https://www.cnnindonesia.com/nasional/20180521210104-32-300129/survei-pkpi-dan-partai-berkarya-terancam-tak-ada-pemilih,ADVERTISEMENT SCROLL TO CONTINUE WITH CONTENT
"Soal Aduan PSI, Bawaslu Mengaku Siap Jalani Proses Hukum","Selasa, 22 Mei 2018 02:52 WIB",https://www.cnnindonesia.com/nasional/20180522010705-32-300145/soal-aduan-psi-bawaslu-mengaku-siap-jalani-proses-hukum,ADVERTISEMENT SCROLL TO CONTINUE WITH CONTENT
Amien Rais Minta Mahathir Dijadikan Kiblat Reformasi,"Selasa, 22 Mei 2018 00:16 WIB",https://www.cnnindonesia.com/nasional/20180521193334-32-300112/amien-rais-minta-mahathir-dijadikan-kiblat-reformasi,ADVERTISEMENT SCROLL TO CONTINUE WITH CONTENT
Mahathir Diprediksi Tak Jabat PM Lebih dari Dua Tahun,"Selasa, 22 Mei 2018 00:07 WIB",https://www.cnnindonesia.com/internasional/20180521200738-106-300114/mahathir-diprediksi-tak-jabat-pm-lebih-dari-dua-tahun,ADVERTISEMENT SCROLL TO CONTINUE WITH CONTENT
Eks Pemimpin UMNO Laporkan Najib ke FBI Terkait 1MDB,"Senin, 21 Mei 2018 20:59 WIB",https://www.cnnindonesia.com/internasional/20180521175205-106-300059/eks-pemimpin-umno-laporkan-najib-ke-fbi-terkait-1mdb,ADVERTISEMENT SCROLL TO CONTINUE WITH CONTENT
Anwar Ibrahim Enggan Disebut Bapak Reformasi Malaysia,"Senin, 21 Mei 2018 19:38 WIB",https://www.cnnindonesia.com/internasional/20180521191933-106-300093/anwar-ibrahim-enggan-disebut-bapak-reformasi-malaysia,ADVERTISEMENT SCROLL TO CONTINUE WITH CONTENT
Kabinet Mahathir Resmi Dilantik,"Senin, 21 Mei 2018 18:52 WIB",https://www.cnnindonesia.com/internasional/20180521184628-106-300081/kabinet-mahathir-resmi-dilantik,ADVERTISEMENT SCROLL TO CONTINUE WITH CONTENT
Mahathir Sebut Utang Malaysia Capai Rp3.593 Triliun,"Senin, 21 Mei 2018 17:48 WIB",https://www.cnnindonesia.com/internasional/20180521125403-106-299958/mahathir-sebut-utang-malaysia-capai-rp3593-triliun,ADVERTISEMENT SCROLL TO CONTINUE WITH CONTENT
"20 Tahun Reformasi, Ideologi NKRI Masih dalam Ancaman","Senin, 21 Mei 2018 16:56 WIB",https://www.cnnindonesia.com/nasional/20180521160425-20-300036/20-tahun-reformasi-ideologi-nkri-masih-dalam-ancaman,ADVERTISEMENT SCROLL TO CONTINUE WITH CONTENT
Lawatan Anwar ke Jakarta Disebut Pertegas Niat Reformasi,"Senin, 21 Mei 2018 16:38 WIB",https://www.cnnindonesia.com/internasional/20180521160615-106-300030/lawatan-anwar-ke-jakarta-disebut-pertegas-niat-reformasi,ADVERTISEMENT SCROLL TO CONTINUE WITH CONTENT
Mahathir Bentuk Tim Khusus Penyelidik Dugaan Pidana 1MDB,"Senin, 21 Mei 2018 15:28 WIB",https://www.cnnindonesia.com/internasional/20180521133621-106-299969/mahathir-bentuk-tim-khusus-penyelidik-dugaan-pidana-1mdb,ADVERTISEMENT SCROLL TO CONTINUE WITH CONTENT
"Kasus 1MDB, Najib Razak Merasa Diperlakukan Seperti Pencuri","Senin, 21 Mei 2018 13:05 WIB",https://www.cnnindonesia.com/internasional/20180521113801-106-299927/kasus-1mdb-najib-razak-merasa-diperlakukan-seperti-pencuri,ADVERTISEMENT SCROLL TO CONTINUE WITH CONTENT
"Dipolisikan Bawaslu soal Curi Start, PSI Lapor ke DKPP","Senin, 21 Mei 2018 11:11 WIB",https://www.cnnindonesia.com/nasional/20180521104714-12-299909/dipolisikan-bawaslu-soal-curi-start-psi-lapor-ke-dkpp,ADVERTISEMENT SCROLL TO CONTINUE WITH CONTENT
Najib Sebut Kekalahannya di Pemilu Malaysia Akibat Hoaks,"Senin, 21 Mei 2018 11:05 WIB",https://www.cnnindonesia.com/internasional/20180521094009-106-299879/najib-sebut-kekalahannya-di-pemilu-malaysia-akibat-hoaks,ADVERTISEMENT SCROLL TO CONTINUE WITH CONTENT
"Usaha Soeharto Bungkam Amien: Beri Kode, Hingga Kriminalisasi","Senin, 21 Mei 2018 10:55 WIB",https://www.cnnindonesia.com/nasional/20180518141238-20-299253/usaha-soeharto-bungkam-amien-beri-kode-hingga-kriminalisasi,ADVERTISEMENT SCROLL TO CONTINUE WITH CONTENT
SBY Ingatkan Reformasi Bisa Kembali Terjadi di Masa Depan,"Senin, 21 Mei 2018 10:48 WIB",https://www.cnnindonesia.com/nasional/20180521103040-32-299904/sby-ingatkan-reformasi-bisa-kembali-terjadi-di-masa-depan,ADVERTISEMENT SCROLL TO CONTINUE WITH CONTENT
"Kisah Tim Thomas 1998 Dilepas Soeharto, Diterima Habibie","Senin, 21 Mei 2018 10:40 WIB",https://www.cnnindonesia.com/olahraga/20180517164223-170-299021/kisah-tim-thomas-1998-dilepas-soeharto-diterima-habibie,ADVERTISEMENT SCROLL TO CONTINUE WITH CONTENT
Maduro Menangi Pemilu Kontroversial Venezuela,"Senin, 21 Mei 2018 10:20 WIB",https://www.cnnindonesia.com/internasional/20180521101800-134-299900/maduro-menangi-pemilu-kontroversial-venezuela,ADVERTISEMENT SCROLL TO CONTINUE WITH CONTENT
"Masih Cari Capres, Berkarya Tak Ikut Tagar #2019GantiPresiden","Senin, 21 Mei 2018 09:31 WIB",https://www.cnnindonesia.com/nasional/20180521090224-32-299870/masih-cari-capres-berkarya-tak-ikut-tagar-2019gantipresiden,ADVERTISEMENT SCROLL TO CONTINUE WITH CONTENT
"Ke PBNU, Anwar Ibrahim Kecam Teror Bom di Indonesia","Senin, 21 Mei 2018 09:10 WIB",https://www.cnnindonesia.com/internasional/20180521080800-106-299862/ke-pbnu-anwar-ibrahim-kecam-teror-bom-di-indonesia,ADVERTISEMENT SCROLL TO CONTINUE WITH CONTENT
"Amien Rais, Sejarah Kritik dan Julukan Pengkhianat Reformasi","Senin, 21 Mei 2018 08:40 WIB",https://www.cnnindonesia.com/nasional/20180518135717-20-299247/amien-rais-sejarah-kritik-dan-julukan-pengkhianat-reformasi,ADVERTISEMENT SCROLL TO CONTINUE WITH CONTENT
"Kunjungi Wapres JK, Anwar Ibrahim Tanya Soal KTT OKI","Senin, 21 Mei 2018 08:05 WIB",https://www.cnnindonesia.com/internasional/20180521075935-106-299859/kunjungi-wapres-jk-anwar-ibrahim-tanya-soal-ktt-oki,ADVERTISEMENT SCROLL TO CONTINUE WITH CONTENT
Hari Ini 20 Tahun Silam: Saat Soeharto Bertekuk Lutut,"Senin, 21 Mei 2018 07:46 WIB",https://www.cnnindonesia.com/nasional/20180520212528-20-299827/hari-ini-20-tahun-silam-saat-soeharto-bertekuk-lutut,ADVERTISEMENT SCROLL TO CONTINUE WITH CONTENT
"Pasokan Global Terancam, Harga Minyak Menguat Pekan Lalu","Senin, 21 Mei 2018 07:38 WIB",https://www.cnnindonesia.com/ekonomi/20180521070038-85-299851/pasokan-global-terancam-harga-minyak-menguat-pekan-lalu,ADVERTISEMENT SCROLL TO CONTINUE WITH CONTENT
"Promosikan AHY, Demokrat Punya Tagar #2019PemimpinMuda","Senin, 21 Mei 2018 06:27 WIB",https://www.cnnindonesia.com/nasional/20180521061312-32-299845/promosikan-ahy-demokrat-punya-tagar-2019pemimpinmuda,ADVERTISEMENT SCROLL TO CONTINUE WITH CONTENT
AS Sebut Hasil Pemilu Presiden Venezuela Tidak Sah,"Senin, 21 Mei 2018 04:37 WIB",https://www.cnnindonesia.com/internasional/20180521042624-134-299840/as-sebut-hasil-pemilu-presiden-venezuela-tidak-sah,ADVERTISEMENT SCROLL TO CONTINUE WITH CONTENT
Habibie Buka Bersama Anwar Ibrahim di Kediamannya,"Senin, 21 Mei 2018 00:26 WIB",https://www.cnnindonesia.com/internasional/20180521001608-113-299833/habibie-buka-bersama-anwar-ibrahim-di-kediamannya,ADVERTISEMENT SCROLL TO CONTINUE WITH CONTENT
Komnas Kritik Minimnya Wakil Perempuan di Parlemen,"Minggu, 20 Mei 2018 21:20 WIB",https://www.cnnindonesia.com/nasional/20180520204245-32-299811/komnas-kritik-minimnya-wakil-perempuan-di-parlemen,ADVERTISEMENT SCROLL TO CONTINUE WITH CONTENT
Sebelum Dibui Anwar Sempat Ditawari Menginap di Rumah Habibie,"Minggu, 20 Mei 2018 19:43 WIB",https://www.cnnindonesia.com/internasional/20180520192950-113-299802/sebelum-dibui-anwar-sempat-ditawari-menginap-di-rumah-habibie,ADVERTISEMENT SCROLL TO CONTINUE WITH CONTENT
Anwar: Malaysia Perlu Bentuk Tim untuk Kaji Reformasi RI,"Minggu, 20 Mei 2018 17:43 WIB",https://www.cnnindonesia.com/internasional/20180520171628-106-299790/anwar-malaysia-perlu-bentuk-tim-untuk-kaji-reformasi-ri,ADVERTISEMENT SCROLL TO CONTINUE WITH CONTENT
Mengulik Kehidupan Glamor Istri Eks PM Malaysia Rosmah Mansor,"Minggu, 20 Mei 2018 16:30 WIB",https://www.cnnindonesia.com/internasional/20180520140243-106-299730/mengulik-kehidupan-glamor-istri-eks-pm-malaysia-rosmah-mansor,ADVERTISEMENT SCROLL TO CONTINUE WITH CONTENT
Anwar Habiskan Dua Jam di Dalam Rumah Habibie,"Minggu, 20 Mei 2018 15:28 WIB",https://www.cnnindonesia.com/internasional/20180520151858-106-299766/anwar-habiskan-dua-jam-di-dalam-rumah-habibie,ADVERTISEMENT SCROLL TO CONTINUE WITH CONTENT
Curahan Hati Anak Tiri Najib Razak: Semoga Anda Bertobat,"Minggu, 20 Mei 2018 14:07 WIB",https://www.cnnindonesia.com/internasional/20180519121503-106-299513/curahan-hati-anak-tiri-najib-razak-semoga-anda-bertobat,ADVERTISEMENT SCROLL TO CONTINUE WITH CONTENT
"Temui Habibie, Anwar Sebut ke Jakarta Peringati Reformasi RI","Minggu, 20 Mei 2018 13:16 WIB",https://www.cnnindonesia.com/internasional/20180520131323-106-299714/temui-habibie-anwar-sebut-ke-jakarta-peringati-reformasi-ri,ADVERTISEMENT SCROLL TO CONTINUE WITH CONTENT
Presiden Mongolia Desak Mahathir Buka Lagi Kasus Altantuya,"Minggu, 20 Mei 2018 12:18 WIB",https://www.cnnindonesia.com/internasional/20180520120655-106-299704/presiden-mongolia-desak-mahathir-buka-lagi-kasus-altantuya,ADVERTISEMENT SCROLL TO CONTINUE WITH CONTENT
"Temui Mahathir dan Anwar, PM Singapura Tak Bahas Hal Khusus","Minggu, 20 Mei 2018 08:44 WIB",https://www.cnnindonesia.com/internasional/20180520084449-106-299696/temui-mahathir-dan-anwar-pm-singapura-tak-bahas-hal-khusus,ADVERTISEMENT SCROLL TO CONTINUE WITH CONTENT
Titian Muhibah Anwar Ibrahim dan Habibie,"Sabtu, 19 Mei 2018 15:43 WIB",https://www.cnnindonesia.com/internasional/20180519145719-106-299534/titian-muhibah-anwar-ibrahim-dan-habibie,ADVERTISEMENT SCROLL TO CONTINUE WITH CONTENT
Sekjen PSI Dipanggil Polisi Terkait Curi Start Kampanye,"Sabtu, 19 Mei 2018 14:36 WIB",https://www.cnnindonesia.com/nasional/20180519141930-12-299527/sekjen-psi-dipanggil-polisi-terkait-curi-start-kampanye,ADVERTISEMENT SCROLL TO CONTINUE WITH CONTENT
Anwar Ibrahim Akan Bertemu Habibie di Jakarta Besok,"Sabtu, 19 Mei 2018 13:50 WIB",https://www.cnnindonesia.com/internasional/20180519134151-106-299521/anwar-ibrahim-akan-bertemu-habibie-di-jakarta-besok,ADVERTISEMENT SCROLL TO CONTINUE WITH CONTENT
Mahathir Protes Polisi Tangkap Pengkritiknya,"Jumat, 18 Mei 2018 20:50 WIB",https://www.cnnindonesia.com/internasional/20180518154332-106-299304/mahathir-protes-polisi-tangkap-pengkritiknya,ADVERTISEMENT SCROLL TO CONTINUE WITH CONTENT
"Soal Logistik Pilpres, Hashim Sebut Prabowo Korban Fitnah","Jumat, 18 Mei 2018 20:41 WIB",https://www.cnnindonesia.com/nasional/20180518184920-32-299388/soal-logistik-pilpres-hashim-sebut-prabowo-korban-fitnah,ADVERTISEMENT SCROLL TO CONTINUE WITH CONTENT
Pandji Pragiwaksono Kritik Politik lewat Tur Stand Up Comedy,Tanggal tidak ditemukan,https://www.cnnindonesia.com/hiburan/20180518123121-234-299217/pandji-pragiwaksono-kritik-politik-lewat-tur-stand-up-comedy,ADVERTISEMENT SCROLL TO CONTINUE WITH CONTENT
"Mahathir Batal Rangkap Jabatan, Kabinet Siap Dilantik Senin","Jumat, 18 Mei 2018 19:35 WIB",https://www.cnnindonesia.com/internasional/20180518183404-106-299384/mahathir-batal-rangkap-jabatan-kabinet-siap-dilantik-senin,ADVERTISEMENT SCROLL TO CONTINUE WITH CONTENT
Komisi Anti-korupsi Panggil Najib Terkait 1MDB Selasa Depan,"Jumat, 18 Mei 2018 18:17 WIB",https://www.cnnindonesia.com/internasional/20180518175657-106-299373/komisi-anti-korupsi-panggil-najib-terkait-1mdb-selasa-depan,ADVERTISEMENT SCROLL TO CONTINUE WITH CONTENT
"Skandal 1MDB, Mahathir Sebut Istri Najib Mungkin Diperiksa","Jumat, 18 Mei 2018 17:22 WIB",https://www.cnnindonesia.com/internasional/20180518163836-106-299358/skandal-1mdb-mahathir-sebut-istri-najib-mungkin-diperiksa,ADVERTISEMENT SCROLL TO CONTINUE WITH CONTENT
OJK Klarifikasi Status Anggota Komite Penyelidik 1MDB,"Jumat, 18 Mei 2018 15:48 WIB",https://www.cnnindonesia.com/internasional/20180518152410-106-299283/ojk-klarifikasi-status-anggota-komite-penyelidik-1mdb,ADVERTISEMENT SCROLL TO CONTINUE WITH CONTENT
Anwar: Rangkap Jabatan Mahathir Tak Langgar Janji Kampanye,"Jumat, 18 Mei 2018 14:48 WIB",https://www.cnnindonesia.com/internasional/20180518133248-106-299237/anwar-rangkap-jabatan-mahathir-tak-langgar-janji-kampanye,ADVERTISEMENT SCROLL TO CONTINUE WITH CONTENT
Badan Siber Pantau Akun Penyebar Paham Radikal,"Jumat, 18 Mei 2018 14:21 WIB",https://www.cnnindonesia.com/nasional/20180518132516-20-299231/badan-siber-pantau-akun-penyebar-paham-radikal,ADVERTISEMENT SCROLL TO CONTINUE WITH CONTENT
Najib Telepon Anwar Dua Kali Minta Nasihat Usai Kalah Pemilu,"Jumat, 18 Mei 2018 13:55 WIB",https://www.cnnindonesia.com/internasional/20180518134508-106-299240/najib-telepon-anwar-dua-kali-minta-nasihat-usai-kalah-pemilu,ADVERTISEMENT SCROLL TO CONTINUE WITH CONTENT
Saling Sindir SBY-Jokowi Diharapkan Tak Pengaruhi Koalisi,"Jumat, 18 Mei 2018 13:11 WIB",https://www.cnnindonesia.com/nasional/20180518125410-32-299226/saling-sindir-sby-jokowi-diharapkan-tak-pengaruhi-koalisi,ADVERTISEMENT SCROLL TO CONTINUE WITH CONTENT
Penasihat OJK Indonesia Jadi Anggota Komite Penyelidik 1MDB,"Jumat, 18 Mei 2018 13:00 WIB",https://www.cnnindonesia.com/internasional/20180518123412-106-299216/penasihat-ojk-indonesia-jadi-anggota-komite-penyelidik-1mdb,ADVERTISEMENT SCROLL TO CONTINUE WITH CONTENT
"INFOGRAFIS: Skandal 1MDB, Dugaan Korupsi yang Membelit Najib","Jumat, 18 Mei 2018 11:25 WIB",https://www.cnnindonesia.com/internasional/20180517171706-109-299026/infografis-skandal-1mdb-dugaan-korupsi-yang-membelit-najib,
Polisi Sita 284 Tas Mewah dari Kondominium Eks PM Najib Razak,"Jumat, 18 Mei 2018 10:35 WIB",https://www.cnnindonesia.com/internasional/20180518094424-106-299170/polisi-sita-284-tas-mewah-dari-kondominium-eks-pm-najib-razak,ADVERTISEMENT SCROLL TO CONTINUE WITH CONTENT
"Skandal 1MDB, Polisi Geledah Dua Kondominium Mewah Najib","Jumat, 18 Mei 2018 09:35 WIB",https://www.cnnindonesia.com/internasional/20180518092828-106-299159/skandal-1mdb-polisi-geledah-dua-kondominium-mewah-najib,ADVERTISEMENT SCROLL TO CONTINUE WITH CONTENT
PSI Tempuh Jalur Hukum Hadapi Laporan Bawaslu,"Jumat, 18 Mei 2018 01:53 WIB",https://www.cnnindonesia.com/nasional/20180518014602-32-299127/psi-tempuh-jalur-hukum-hadapi-laporan-bawaslu,ADVERTISEMENT SCROLL TO CONTINUE WITH CONTENT
Bawaslu Minta Polisi Segera Tetapkan Petinggi PSI Tersangka,"Kamis, 17 Mei 2018 23:16 WIB",https://www.cnnindonesia.com/nasional/20180517174426-32-299046/bawaslu-minta-polisi-segera-tetapkan-petinggi-psi-tersangka,ADVERTISEMENT SCROLL TO CONTINUE WITH CONTENT
Anwar Ibrahim Perkirakan Najib Razak Bakal Dipenjara,"Kamis, 17 Mei 2018 19:26 WIB",https://www.cnnindonesia.com/internasional/20180517191309-106-299066/anwar-ibrahim-perkirakan-najib-razak-bakal-dipenjara,ADVERTISEMENT SCROLL TO CONTINUE WITH CONTENT
"PM Mahathir Rangkap Menteri Pendidikan, Azizah Menteri Wanita","Kamis, 17 Mei 2018 17:46 WIB",https://www.cnnindonesia.com/internasional/20180517173801-106-299032/pm-mahathir-rangkap-menteri-pendidikan-azizah-menteri-wanita,ADVERTISEMENT SCROLL TO CONTINUE WITH CONTENT
"Tak Terima Disebut Langgar Tatib, 'Asyik' Somasi KPU-Bawaslu","Kamis, 17 Mei 2018 15:37 WIB",https://www.cnnindonesia.com/nasional/20180517150830-32-298978/tak-terima-disebut-langgar-tatib-asyik-somasi-kpu-bawaslu,ADVERTISEMENT SCROLL TO CONTINUE WITH CONTENT
Bawaslu Harap Polisi Jerat Ketum PSI soal Curi Start Kampanye,"Kamis, 17 Mei 2018 15:17 WIB",https://www.cnnindonesia.com/nasional/20180517144514-32-298964/bawaslu-harap-polisi-jerat-ketum-psi-soal-curi-start-kampanye,ADVERTISEMENT SCROLL TO CONTINUE WITH CONTENT
AirAsia Targetkan Gaet 90 Juta Penumpang pada 2018,"Kamis, 17 Mei 2018 15:07 WIB",https://www.cnnindonesia.com/ekonomi/20180517083550-92-298853/airasia-targetkan-gaet-90-juta-penumpang-pada-2018,ADVERTISEMENT SCROLL TO CONTINUE WITH CONTENT
Bawaslu Serahkan Kasus Curi Start Kampanye PSI ke Polisi,"Kamis, 17 Mei 2018 14:28 WIB",https://www.cnnindonesia.com/nasional/20180517142720-32-298954/bawaslu-serahkan-kasus-curi-start-kampanye-psi-ke-polisi,ADVERTISEMENT SCROLL TO CONTINUE WITH CONTENT
Parpol Perlu Berkaca dari Malaysia soal Kaderisasi,"Kamis, 17 Mei 2018 09:18 WIB",https://www.cnnindonesia.com/nasional/20180517074548-32-298849/parpol-perlu-berkaca-dari-malaysia-soal-kaderisasi,ADVERTISEMENT SCROLL TO CONTINUE WITH CONTENT
"Tumbangnya Najib, PM Favorit Trump dari 'Takhta' Malaysia","Kamis, 17 Mei 2018 06:29 WIB",https://www.cnnindonesia.com/internasional/20180516163920-106-298755/tumbangnya-najib-pm-favorit-trump-dari-takhta-malaysia,ADVERTISEMENT SCROLL TO CONTINUE WITH CONTENT
Besok Bawaslu Umumkan Putusan Atas PSI,"Rabu, 16 Mei 2018 21:54 WIB",https://www.cnnindonesia.com/nasional/20180516214133-32-298805/besok-bawaslu-umumkan-putusan-atas-psi,ADVERTISEMENT SCROLL TO CONTINUE WITH CONTENT
"Jokowi Dinilai Tak Mau Disalahkan, SBY Makin Galau di Pilpres","Rabu, 16 Mei 2018 21:30 WIB",https://www.cnnindonesia.com/nasional/20180516143237-32-298692/jokowi-dinilai-tak-mau-disalahkan-sby-makin-galau-di-pilpres,ADVERTISEMENT SCROLL TO CONTINUE WITH CONTENT
Kapolresta Denpasar: Teroris Tembak di Tempat,"Rabu, 16 Mei 2018 20:40 WIB",https://www.cnnindonesia.com/nasional/20180516203028-12-298786/kapolresta-denpasar-teroris-tembak-di-tempat,ADVERTISEMENT SCROLL TO CONTINUE WITH CONTENT
"Setelah AS, Guatemala Buka Kedutaan untuk Israel di Yerusalem","Rabu, 16 Mei 2018 20:19 WIB",https://www.cnnindonesia.com/internasional/20180516200847-134-298770/setelah-as-guatemala-buka-kedutaan-untuk-israel-di-yerusalem,ADVERTISEMENT SCROLL TO CONTINUE WITH CONTENT
Anwar Ibrahim Dukung Penuh Pemerintahan Mahathir,"Rabu, 16 Mei 2018 20:00 WIB",https://www.cnnindonesia.com/internasional/20180516181209-106-298733/anwar-ibrahim-dukung-penuh-pemerintahan-mahathir,ADVERTISEMENT SCROLL TO CONTINUE WITH CONTENT
Bawaslu Nyatakan Sudrajat-Syaikhu Langgar Tatib Debat Pilgub,"Rabu, 16 Mei 2018 19:56 WIB",https://www.cnnindonesia.com/nasional/20180516192809-32-298760/bawaslu-nyatakan-sudrajat-syaikhu-langgar-tatib-debat-pilgub,ADVERTISEMENT SCROLL TO CONTINUE WITH CONTENT
"Anwar Bebas, Pengamat Khawatir Mahathir Langgar Janji Pemilu","Rabu, 16 Mei 2018 18:46 WIB",https://www.cnnindonesia.com/internasional/20180516184130-106-298743/anwar-bebas-pengamat-khawatir-mahathir-langgar-janji-pemilu,ADVERTISEMENT SCROLL TO CONTINUE WITH CONTENT
"Mahathir dan Anwar, Dari Murid Jadi Lawan Lalu Kawan","Rabu, 16 Mei 2018 16:31 WIB",https://www.cnnindonesia.com/internasional/20180516103657-106-298562/mahathir-dan-anwar-dari-murid-jadi-lawan-lalu-kawan,ADVERTISEMENT SCROLL TO CONTINUE WITH CONTENT
Dua Perempuan yang Terjun ke Politik demi Anwar Ibrahim,"Rabu, 16 Mei 2018 16:24 WIB",https://www.cnnindonesia.com/internasional/20180516120047-106-298604/dua-perempuan-yang-terjun-ke-politik-demi-anwar-ibrahim,ADVERTISEMENT SCROLL TO CONTINUE WITH CONTENT
Pendekatan Istri Mahathir yang Luluhkan Hati Anwar Ibrahim,"Rabu, 16 Mei 2018 15:37 WIB",https://www.cnnindonesia.com/internasional/20180515200133-106-298464/pendekatan-istri-mahathir-yang-luluhkan-hati-anwar-ibrahim,ADVERTISEMENT SCROLL TO CONTINUE WITH CONTENT
"Anwar Ibrahim, Pejuang Reformasi dari Balik Jeruji Besi","Rabu, 16 Mei 2018 13:55 WIB",https://www.cnnindonesia.com/internasional/20180515170506-106-298408/anwar-ibrahim-pejuang-reformasi-dari-balik-jeruji-besi,ADVERTISEMENT SCROLL TO CONTINUE WITH CONTENT
"Tiba di Rumah, Anwar Disambut Pekik Reformasi Warga","Rabu, 16 Mei 2018 13:38 WIB",https://www.cnnindonesia.com/internasional/20180516124607-106-298615/tiba-di-rumah-anwar-disambut-pekik-reformasi-warga,ADVERTISEMENT SCROLL TO CONTINUE WITH CONTENT
Anwar Ibrahim: Saya Tak Pernah Kehilangan Harapan,"Rabu, 16 Mei 2018 13:14 WIB",https://www.cnnindonesia.com/internasional/20180516094813-106-298548/anwar-ibrahim-saya-tak-pernah-kehilangan-harapan,ADVERTISEMENT SCROLL TO CONTINUE WITH CONTENT
Putri Anwar: Pembebasan Ayah Hadiah Terbaik Bulan Ramadan,"Rabu, 16 Mei 2018 12:17 WIB",https://www.cnnindonesia.com/internasional/20180516121148-106-298602/putri-anwar-pembebasan-ayah-hadiah-terbaik-bulan-ramadan,ADVERTISEMENT SCROLL TO CONTINUE WITH CONTENT
Politisi Malaysia Anwar Ibrahim Resmi Bebas,"Rabu, 16 Mei 2018 10:53 WIB",https://www.cnnindonesia.com/internasional/20180516105016-106-298565/politisi-malaysia-anwar-ibrahim-resmi-bebas,ADVERTISEMENT SCROLL TO CONTINUE WITH CONTENT
Pemerintah AS Mulai Selidiki Cambridge Analytica,"Rabu, 16 Mei 2018 09:00 WIB",https://www.cnnindonesia.com/teknologi/20180516082818-185-298534/pemerintah-as-mulai-selidiki-cambridge-analytica,ADVERTISEMENT SCROLL TO CONTINUE WITH CONTENT
"Sempat Tertunda, Anwar Ibrahim Bakal Dibebaskan Hari Ini","Rabu, 16 Mei 2018 07:34 WIB",https://www.cnnindonesia.com/internasional/20180516072703-106-298526/sempat-tertunda-anwar-ibrahim-bakal-dibebaskan-hari-ini,ADVERTISEMENT SCROLL TO CONTINUE WITH CONTENT
Ormas Islam Minta Parpol Tak Salah Guna Zakat untuk Kampanye,"Rabu, 16 Mei 2018 04:28 WIB",https://www.cnnindonesia.com/nasional/20180516033422-32-298510/ormas-islam-minta-parpol-tak-salah-guna-zakat-untuk-kampanye,ADVERTISEMENT SCROLL TO CONTINUE WITH CONTENT
"Kasus Korupsi 1MDB,  Mahathir Sebut Najib Segera Dituntut","Rabu, 16 Mei 2018 03:30 WIB",https://www.cnnindonesia.com/internasional/20180515183335-106-298438/kasus-korupsi-1mdb-mahathir-sebut-najib-segera-dituntut,ADVERTISEMENT SCROLL TO CONTINUE WITH CONTENT
Sandiaga Bantah Aksi Sudrajat-Syaikhu Pesanan Gerindra,"Rabu, 16 Mei 2018 02:11 WIB",https://www.cnnindonesia.com/nasional/20180515213208-32-298485/sandiaga-bantah-aksi-sudrajat-syaikhu-pesanan-gerindra,ADVERTISEMENT SCROLL TO CONTINUE WITH CONTENT
MPR Nilai Teror Bom Bunuh Diri Surabaya Ganggu Tahun Politik,"Rabu, 16 Mei 2018 00:19 WIB",https://www.cnnindonesia.com/nasional/20180515143244-20-298358/mpr-nilai-teror-bom-bunuh-diri-surabaya-ganggu-tahun-politik,ADVERTISEMENT SCROLL TO CONTINUE WITH CONTENT
Bawaslu: Harusnya Tak Ada Kaus #2019GantiPresiden saat Debat,"Selasa, 15 Mei 2018 22:55 WIB",https://www.cnnindonesia.com/nasional/20180515182921-32-298437/bawaslu-harusnya-tak-ada-kaus-2019gantipresiden-saat-debat,ADVERTISEMENT SCROLL TO CONTINUE WITH CONTENT
Bawaslu Sebut 3 Petinggi PSI Terancam Bui Curi Start Kampanye,"Selasa, 15 Mei 2018 14:18 WIB",https://www.cnnindonesia.com/nasional/20180515135455-32-298344/bawaslu-sebut-3-petinggi-psi-terancam-bui-curi-start-kampanye,ADVERTISEMENT SCROLL TO CONTINUE WITH CONTENT
Kaus #2019GantiPresiden Berujung Polemik Debat Pilgub Jabar,"Selasa, 15 Mei 2018 11:40 WIB",https://www.cnnindonesia.com/nasional/20180515110324-32-298278/kaus-2019gantipresiden-berujung-polemik-debat-pilgub-jabar,ADVERTISEMENT SCROLL TO CONTINUE WITH CONTENT
Kaus Ganti Presiden Petakan Sikap Oposisi Vs Istana di Jabar,"Selasa, 15 Mei 2018 08:47 WIB",https://www.cnnindonesia.com/nasional/20180515080404-32-298242/kaus-ganti-presiden-petakan-sikap-oposisi-vs-istana-di-jabar,ADVERTISEMENT SCROLL TO CONTINUE WITH CONTENT
DFB Kecam Pertemuan Oezil dan Guendogan dengan Erdogan,"Selasa, 15 Mei 2018 08:38 WIB",https://www.cnnindonesia.com/olahraga/20180515082719-142-298246/dfb-kecam-pertemuan-oezil-dan-guendogan-dengan-erdogan,ADVERTISEMENT SCROLL TO CONTINUE WITH CONTENT
"Hadapi Teror Bom, Menhan Mengimbau Semua Pihak Bersatu","Selasa, 15 Mei 2018 05:25 WIB",https://www.cnnindonesia.com/nasional/20180515042950-12-298225/hadapi-teror-bom-menhan-mengimbau-semua-pihak-bersatu,ADVERTISEMENT SCROLL TO CONTINUE WITH CONTENT
Mahathir Janji Investigasi Pemerintahan Najib Razak,"Selasa, 15 Mei 2018 05:04 WIB",https://www.cnnindonesia.com/internasional/20180514184215-106-298140/mahathir-janji-investigasi-pemerintahan-najib-razak,ADVERTISEMENT SCROLL TO CONTINUE WITH CONTENT
Bawaslu Kaji Pernyataan Ganti Presiden di Debat Pilgub Jabar,"Selasa, 15 Mei 2018 01:32 WIB",https://www.cnnindonesia.com/nasional/20180515012956-32-298214/bawaslu-kaji-pernyataan-ganti-presiden-di-debat-pilgub-jabar,ADVERTISEMENT SCROLL TO CONTINUE WITH CONTENT
"Ki Enthus Susmono, dari Dalang Terkenal hingga Bupati Tegal",Tanggal tidak ditemukan,https://www.cnnindonesia.com/hiburan/20180514222342-241-298201/ki-enthus-susmono-dari-dalang-terkenal-hingga-bupati-tegal,ADVERTISEMENT SCROLL TO CONTINUE WITH CONTENT
Mahathir Sebut Pembebasan Anwar Ibrahim Diundur,"Senin, 14 Mei 2018 19:25 WIB",https://www.cnnindonesia.com/internasional/20180514190541-106-298155/mahathir-sebut-pembebasan-anwar-ibrahim-diundur,ADVERTISEMENT SCROLL TO CONTINUE WITH CONTENT
"Tahun Politik, Jokowi Minta Parpol Jangan Bikin Perpecahan","Senin, 14 Mei 2018 16:25 WIB",https://www.cnnindonesia.com/nasional/20180514160749-32-298098/tahun-politik-jokowi-minta-parpol-jangan-bikin-perpecahan,ADVERTISEMENT SCROLL TO CONTINUE WITH CONTENT
Oposisi Pimpinan Xanana Gusmao Menangi Pemilu Timor Leste,"Senin, 14 Mei 2018 08:53 WIB",https://www.cnnindonesia.com/internasional/20180514075935-106-297925/oposisi-pimpinan-xanana-gusmao-menangi-pemilu-timor-leste,ADVERTISEMENT SCROLL TO CONTINUE WITH CONTENT
Ketum PPP: Satu Parpol Sudah Resmi Dukung Jokowi,"Minggu, 13 Mei 2018 23:48 WIB",https://www.cnnindonesia.com/nasional/20180513233938-32-297872/ketum-ppp-satu-parpol-sudah-resmi-dukung-jokowi,ADVERTISEMENT SCROLL TO CONTINUE WITH CONTENT
Menteri Keuangan Malaysia Pernah Dibui Dua Kali oleh Mahathir,"Minggu, 13 Mei 2018 21:46 WIB",https://www.cnnindonesia.com/internasional/20180513125833-106-297767/menteri-keuangan-malaysia-pernah-dibui-dua-kali-oleh-mahathir,ADVERTISEMENT SCROLL TO CONTINUE WITH CONTENT
Rusuh Mako Brimob Disebut Jadi Energi Pelaku Bom Surabaya,"Minggu, 13 Mei 2018 11:00 WIB",https://www.cnnindonesia.com/nasional/20180513105016-20-297733/rusuh-mako-brimob-disebut-jadi-energi-pelaku-bom-surabaya,ADVERTISEMENT SCROLL TO CONTINUE WITH CONTENT
"Dukung PAN, Rhoma Irama Kerahkan Kader Hingga Fan","Sabtu, 12 Mei 2018 22:24 WIB",https://www.cnnindonesia.com/nasional/20180512221619-32-297693/dukung-pan-rhoma-irama-kerahkan-kader-hingga-fan,ADVERTISEMENT SCROLL TO CONTINUE WITH CONTENT
"Safari Politik, Ketum PAN Disebut Jajaki Tokoh Potensial 2019","Sabtu, 12 Mei 2018 21:52 WIB",https://www.cnnindonesia.com/nasional/20180512214604-32-297690/safari-politik-ketum-pan-disebut-jajaki-tokoh-potensial-2019,ADVERTISEMENT SCROLL TO CONTINUE WITH CONTENT
Naik-Turun Hubungan Anwar Ibrahim dengan Mahathir Mohamad,"Sabtu, 12 Mei 2018 20:33 WIB",https://www.cnnindonesia.com/internasional/20180512193045-106-297677/naik-turun-hubungan-anwar-ibrahim-dengan-mahathir-mohamad,ADVERTISEMENT SCROLL TO CONTINUE WITH CONTENT
"Mahathir Menang, Megawati Yakin Indonesia-Malaysia Lebih Baik","Sabtu, 12 Mei 2018 19:13 WIB",https://www.cnnindonesia.com/nasional/20180512190409-32-297659/mahathir-menang-megawati-yakin-indonesia-malaysia-lebih-baik,ADVERTISEMENT SCROLL TO CONTINUE WITH CONTENT
Irak Gelar Pemilu Pertama Pasca-ISIS,"Sabtu, 12 Mei 2018 18:33 WIB",https://www.cnnindonesia.com/internasional/20180512144838-120-297626/irak-gelar-pemilu-pertama-pasca-isis,ADVERTISEMENT SCROLL TO CONTINUE WITH CONTENT
Peter Sondakh Bantah Bantu Rencana Plesir Najib ke Indonesia,"Sabtu, 12 Mei 2018 17:41 WIB",https://www.cnnindonesia.com/internasional/20180512165308-106-297636/peter-sondakh-bantah-bantu-rencana-plesir-najib-ke-indonesia,ADVERTISEMENT SCROLL TO CONTINUE WITH CONTENT
Anwar Ibrahim Dibebaskan Selasa Pekan Depan,"Sabtu, 12 Mei 2018 17:16 WIB",https://www.cnnindonesia.com/internasional/20180512171014-106-297641/anwar-ibrahim-dibebaskan-selasa-pekan-depan,ADVERTISEMENT SCROLL TO CONTINUE WITH CONTENT
Mahathir: Saya yang Perintahkan Najib Razak Dicekal,"Sabtu, 12 Mei 2018 17:09 WIB",https://www.cnnindonesia.com/internasional/20180512170650-106-297640/mahathir-saya-yang-perintahkan-najib-razak-dicekal,ADVERTISEMENT SCROLL TO CONTINUE WITH CONTENT
Kader Idaman Maju Caleg Wajib Terdaftar Anggota PAN,"Sabtu, 12 Mei 2018 16:30 WIB",https://www.cnnindonesia.com/nasional/20180512162421-32-297632/kader-idaman-maju-caleg-wajib-terdaftar-anggota-pan,ADVERTISEMENT SCROLL TO CONTINUE WITH CONTENT
"PM Mahathir Tunjuk Tiga Menteri Senior, Bentuk Dewan Tokoh","Sabtu, 12 Mei 2018 15:53 WIB",https://www.cnnindonesia.com/internasional/20180512153316-106-297630/pm-mahathir-tunjuk-tiga-menteri-senior-bentuk-dewan-tokoh,ADVERTISEMENT SCROLL TO CONTINUE WITH CONTENT
Kemenangan Mahathir Disebut Kemunduran Demokrasi Malaysia,"Sabtu, 12 Mei 2018 15:01 WIB",https://www.cnnindonesia.com/internasional/20180512122552-106-297606/kemenangan-mahathir-disebut-kemunduran-demokrasi-malaysia,ADVERTISEMENT SCROLL TO CONTINUE WITH CONTENT
Najib Mundur Dari Presiden UMNO dan Ketua Barisan Nasional,"Sabtu, 12 Mei 2018 14:33 WIB",https://www.cnnindonesia.com/internasional/20180512142346-106-297618/najib-mundur-dari-presiden-umno-dan-ketua-barisan-nasional,ADVERTISEMENT SCROLL TO CONTINUE WITH CONTENT
"Idaman Gabung PAN, Zulkifli Klaim Tak Ada Transaksi Politik","Sabtu, 12 Mei 2018 14:04 WIB",https://www.cnnindonesia.com/nasional/20180512135853-32-297614/idaman-gabung-pan-zulkifli-klaim-tak-ada-transaksi-politik,ADVERTISEMENT SCROLL TO CONTINUE WITH CONTENT
"Kemenangan Mahathir, Angin Segar untuk Partai-partai Oposisi","Sabtu, 12 Mei 2018 13:35 WIB",https://www.cnnindonesia.com/internasional/20180512130742-106-297611/kemenangan-mahathir-angin-segar-untuk-partai-partai-oposisi,ADVERTISEMENT SCROLL TO CONTINUE WITH CONTENT
Pengusaha Indonesia Disinggung Media di Rencana Plesir Najib,"Sabtu, 12 Mei 2018 12:34 WIB",https://www.cnnindonesia.com/internasional/20180512122430-106-297607/pengusaha-indonesia-disinggung-media-di-rencana-plesir-najib,ADVERTISEMENT SCROLL TO CONTINUE WITH CONTENT
"Partai Idaman Gabung PAN, Zulkifli Sebut Rhoma Tetap Ketum","Sabtu, 12 Mei 2018 11:58 WIB",https://www.cnnindonesia.com/nasional/20180512114803-32-297605/partai-idaman-gabung-pan-zulkifli-sebut-rhoma-tetap-ketum,ADVERTISEMENT SCROLL TO CONTINUE WITH CONTENT
"Dicekal Imigrasi, Najib Razak Janji Tetap di Malaysia","Sabtu, 12 Mei 2018 11:35 WIB",https://www.cnnindonesia.com/internasional/20180512113038-106-297604/dicekal-imigrasi-najib-razak-janji-tetap-di-malaysia,ADVERTISEMENT SCROLL TO CONTINUE WITH CONTENT
Najib Batal Terbang ke Indonesia,"Sabtu, 12 Mei 2018 11:10 WIB",https://www.cnnindonesia.com/internasional/20180512110433-106-297603/najib-batal-terbang-ke-indonesia,ADVERTISEMENT SCROLL TO CONTINUE WITH CONTENT
Massa Berusaha Adang Mobil Najib di Bandara Malaysia,"Sabtu, 12 Mei 2018 10:10 WIB",https://www.cnnindonesia.com/internasional/20180512095733-106-297599/massa-berusaha-adang-mobil-najib-di-bandara-malaysia,ADVERTISEMENT SCROLL TO CONTINUE WITH CONTENT
Najib Razak Disebut Masuk Daftar Hitam Imigrasi Malaysia,"Sabtu, 12 Mei 2018 09:41 WIB",https://www.cnnindonesia.com/internasional/20180512093709-106-297598/najib-razak-disebut-masuk-daftar-hitam-imigrasi-malaysia,ADVERTISEMENT SCROLL TO CONTINUE WITH CONTENT
Gerindra: Cak Imin Belum Pernah Disimulasikan dengan Prabowo,"Sabtu, 12 Mei 2018 05:03 WIB",https://www.cnnindonesia.com/nasional/20180512043146-32-297584/gerindra-cak-imin-belum-pernah-disimulasikan-dengan-prabowo,ADVERTISEMENT SCROLL TO CONTINUE WITH CONTENT
Dua Mahasiswa Papua Terpilih Jadi Ketua PPI Selandia Baru,"Sabtu, 12 Mei 2018 02:59 WIB",https://www.cnnindonesia.com/internasional/20180512022522-113-297580/dua-mahasiswa-papua-terpilih-jadi-ketua-ppi-selandia-baru,ADVERTISEMENT SCROLL TO CONTINUE WITH CONTENT
Eks PM Malaysia Najib Razak Dijadwalkan ke Jakarta Sabtu Pagi,"Sabtu, 12 Mei 2018 01:11 WIB",https://www.cnnindonesia.com/internasional/20180512005933-106-297577/eks-pm-malaysia-najib-razak-dijadwalkan-ke-jakarta-sabtu-pagi,ADVERTISEMENT SCROLL TO CONTINUE WITH CONTENT
Kronologi Skandal 1MDB Penyebab Najib Kalah dari Mahathir,"Sabtu, 12 Mei 2018 00:09 WIB",https://www.cnnindonesia.com/internasional/20180511233313-106-297576/kronologi-skandal-1mdb-penyebab-najib-kalah-dari-mahathir,ADVERTISEMENT SCROLL TO CONTINUE WITH CONTENT
"Oposisi Malaysia Menang, Fahri Prediksi Era Jokowi Berakhir","Jumat, 11 Mei 2018 21:40 WIB",https://www.cnnindonesia.com/nasional/20180511211546-32-297572/oposisi-malaysia-menang-fahri-prediksi-era-jokowi-berakhir,ADVERTISEMENT SCROLL TO CONTINUE WITH CONTENT
"Penuhi Janji Kampanye, Mahathir Bentuk Kabinet 10 Menteri","Jumat, 11 Mei 2018 20:14 WIB",https://www.cnnindonesia.com/internasional/20180511180539-106-297508/penuhi-janji-kampanye-mahathir-bentuk-kabinet-10-menteri,ADVERTISEMENT SCROLL TO CONTINUE WITH CONTENT
Fadli Sebut Kemenangan Mahathir Jadi Inspirasi Prabowo,"Jumat, 11 Mei 2018 19:22 WIB",https://www.cnnindonesia.com/nasional/20180511190837-32-297533/fadli-sebut-kemenangan-mahathir-jadi-inspirasi-prabowo,ADVERTISEMENT SCROLL TO CONTINUE WITH CONTENT
"Tak Lolos Pemilu, Partai Idaman Gabung PAN Mulai Besok","Jumat, 11 Mei 2018 17:31 WIB",https://www.cnnindonesia.com/nasional/20180511170243-32-297481/tak-lolos-pemilu-partai-idaman-gabung-pan-mulai-besok,ADVERTISEMENT SCROLL TO CONTINUE WITH CONTENT
Cak Imin Klaim Ulama Sempat Tak Dukung Jokowi Pada 2014,"Jumat, 11 Mei 2018 17:20 WIB",https://www.cnnindonesia.com/nasional/20180511164951-32-297477/cak-imin-klaim-ulama-sempat-tak-dukung-jokowi-pada-2014,ADVERTISEMENT SCROLL TO CONTINUE WITH CONTENT
"Temui Zulhas, Cak Imin Didukung Jadi Cawapres Jokowi","Jumat, 11 Mei 2018 17:03 WIB",https://www.cnnindonesia.com/nasional/20180511111322-32-297347/temui-zulhas-cak-imin-didukung-jadi-cawapres-jokowi,ADVERTISEMENT SCROLL TO CONTINUE WITH CONTENT
PM Mahathir Mohamad Janji Kembalikan Dana 1MDB,"Jumat, 11 Mei 2018 14:35 WIB",https://www.cnnindonesia.com/internasional/20180511135400-106-297416/pm-mahathir-mohamad-janji-kembalikan-dana-1mdb,ADVERTISEMENT SCROLL TO CONTINUE WITH CONTENT
Mahathir Sebut Raja Indikasikan Pengampunan Anwar Ibrahim,"Jumat, 11 Mei 2018 12:35 WIB",https://www.cnnindonesia.com/internasional/20180511122558-106-297374/mahathir-sebut-raja-indikasikan-pengampunan-anwar-ibrahim,ADVERTISEMENT SCROLL TO CONTINUE WITH CONTENT
Menteri Senior Singapura Bandingkan Mahathir-Lee Kuan Yew,"Jumat, 11 Mei 2018 11:41 WIB",https://www.cnnindonesia.com/internasional/20180511105730-106-297349/menteri-senior-singapura-bandingkan-mahathir-lee-kuan-yew,ADVERTISEMENT SCROLL TO CONTINUE WITH CONTENT
Cara Rusia Membuat Iklan Facebook untuk Pengaruhi Pemilu AS,"Jumat, 11 Mei 2018 11:10 WIB",https://www.cnnindonesia.com/teknologi/20180511093820-185-297318/cara-rusia-membuat-iklan-facebook-untuk-pengaruhi-pemilu-as,ADVERTISEMENT SCROLL TO CONTINUE WITH CONTENT
"Jadi PM Malaysia, Jokowi Ucapkan Selamat pada Mahathir","Jumat, 11 Mei 2018 10:47 WIB",https://www.cnnindonesia.com/internasional/20180511101109-106-297333/jadi-pm-malaysia-jokowi-ucapkan-selamat-pada-mahathir,ADVERTISEMENT SCROLL TO CONTINUE WITH CONTENT
Kongres AS Ungkap 3 Ribu Iklan Facebook yang Didanai Rusia,"Jumat, 11 Mei 2018 09:20 WIB",https://www.cnnindonesia.com/teknologi/20180511084702-185-297310/kongres-as-ungkap-3-ribu-iklan-facebook-yang-didanai-rusia,ADVERTISEMENT SCROLL TO CONTINUE WITH CONTENT
Mahathir Akan Rundingkan Kembali Kesepakatan dengan China,"Jumat, 11 Mei 2018 00:29 WIB",https://www.cnnindonesia.com/internasional/20180511003317-106-297284/mahathir-akan-rundingkan-kembali-kesepakatan-dengan-china,ADVERTISEMENT SCROLL TO CONTINUE WITH CONTENT
Mahathir Mohamad Resmi Menjadi Perdana Menteri Baru Malaysia,"Kamis, 10 Mei 2018 21:21 WIB",https://www.cnnindonesia.com/internasional/20180510205324-106-297276/mahathir-mohamad-resmi-menjadi-perdana-menteri-baru-malaysia,ADVERTISEMENT SCROLL TO CONTINUE WITH CONTENT
MUI Sudah Siapkan Fatwa Cegah Politisasi Agama,"Kamis, 10 Mei 2018 18:13 WIB",https://www.cnnindonesia.com/nasional/20180510145848-32-297198/mui-sudah-siapkan-fatwa-cegah-politisasi-agama,ADVERTISEMENT SCROLL TO CONTINUE WITH CONTENT
"Jelang Pelantikan Mahathir, Warga Malaysia Pekik Reformasi","Kamis, 10 Mei 2018 17:12 WIB",https://www.cnnindonesia.com/internasional/20180510170605-106-297225/jelang-pelantikan-mahathir-warga-malaysia-pekik-reformasi,ADVERTISEMENT SCROLL TO CONTINUE WITH CONTENT
"Dari Maladewa Hingga Singapura: Selamat, Mahathir!","Kamis, 10 Mei 2018 16:52 WIB",https://www.cnnindonesia.com/internasional/20180510160339-106-297214/dari-maladewa-hingga-singapura-selamat-mahathir,ADVERTISEMENT SCROLL TO CONTINUE WITH CONTENT
Jejak Politik Enam Dekade Mahathir Mohamad,"Kamis, 10 Mei 2018 15:34 WIB",https://www.cnnindonesia.com/internasional/20180510152001-109-297205/jejak-politik-enam-dekade-mahathir-mohamad,
Dubes Zahrain: Pemilu ke-14 Bukti Demokrasi di Malaysia,"Kamis, 10 Mei 2018 15:15 WIB",https://www.cnnindonesia.com/internasional/20180510093146-106-297125/dubes-zahrain-pemilu-ke-14-bukti-demokrasi-di-malaysia,ADVERTISEMENT SCROLL TO CONTINUE WITH CONTENT
Mahathir Janji Segera Minta Pengampunan Anwar Ibrahim,"Kamis, 10 Mei 2018 14:04 WIB",https://www.cnnindonesia.com/internasional/20180510132611-106-297166/mahathir-janji-segera-minta-pengampunan-anwar-ibrahim,ADVERTISEMENT SCROLL TO CONTINUE WITH CONTENT
Mahathir Pastikan Akan Dilantik sebagai PM Malaysia Hari Ini,"Kamis, 10 Mei 2018 12:55 WIB",https://www.cnnindonesia.com/internasional/20180510123304-106-297160/mahathir-pastikan-akan-dilantik-sebagai-pm-malaysia-hari-ini,ADVERTISEMENT SCROLL TO CONTINUE WITH CONTENT
"Mahathir Mohamad, PM Tertua Dunia yang Bawa Oposisi Berjaya","Kamis, 10 Mei 2018 12:13 WIB",https://www.cnnindonesia.com/internasional/20180504153451-106-295745/mahathir-mohamad-pm-tertua-dunia-yang-bawa-oposisi-berjaya,ADVERTISEMENT SCROLL TO CONTINUE WITH CONTENT
Najib Razak Terima Kekalahan di Pemilu Malaysia,"Kamis, 10 Mei 2018 11:23 WIB",https://www.cnnindonesia.com/internasional/20180510110058-106-297137/najib-razak-terima-kekalahan-di-pemilu-malaysia,ADVERTISEMENT SCROLL TO CONTINUE WITH CONTENT
Amerika Serikat Ucapkan Selamat atas Pemilu Malaysia,"Kamis, 10 Mei 2018 08:52 WIB",https://www.cnnindonesia.com/internasional/20180510083846-106-297118/amerika-serikat-ucapkan-selamat-atas-pemilu-malaysia,ADVERTISEMENT SCROLL TO CONTINUE WITH CONTENT
Mahathir Mohamad Terpilih Jadi PM Malaysia,"Kamis, 10 Mei 2018 02:22 WIB",https://www.cnnindonesia.com/internasional/20180509194223-106-297045/mahathir-mohamad-terpilih-jadi-pm-malaysia,ADVERTISEMENT SCROLL TO CONTINUE WITH CONTENT
"Rusuh Mako Brimob, Politik Intoleransi Diminta Disetop","Rabu, 09 Mei 2018 23:54 WIB",https://www.cnnindonesia.com/nasional/20180509200904-20-297048/rusuh-mako-brimob-politik-intoleransi-diminta-disetop,ADVERTISEMENT SCROLL TO CONTINUE WITH CONTENT
"Klaim Menang, Mahathir Protes Komisi Pemilu Tak Umumkan Hasil","Rabu, 09 Mei 2018 23:33 WIB",https://www.cnnindonesia.com/internasional/20180509232441-106-297084/klaim-menang-mahathir-protes-komisi-pemilu-tak-umumkan-hasil,ADVERTISEMENT SCROLL TO CONTINUE WITH CONTENT
Langkah Parpol Gandeng Eks Kader HTI Dinilai Positif,"Rabu, 09 Mei 2018 23:18 WIB",https://www.cnnindonesia.com/nasional/20180509200154-32-297047/langkah-parpol-gandeng-eks-kader-hti-dinilai-positif,ADVERTISEMENT SCROLL TO CONTINUE WITH CONTENT
Uji Materi Cawapres untuk JK Bisa Hambat Regenerasi Politik,"Rabu, 09 Mei 2018 20:06 WIB",https://www.cnnindonesia.com/nasional/20180509103416-32-296845/uji-materi-cawapres-untuk-jk-bisa-hambat-regenerasi-politik,ADVERTISEMENT SCROLL TO CONTINUE WITH CONTENT
Istri Anwar Ibrahim Dapat Laporan Kejanggalan Pemilu Malaysia,"Rabu, 09 Mei 2018 20:01 WIB",https://www.cnnindonesia.com/internasional/20180509175506-106-296994/istri-anwar-ibrahim-dapat-laporan-kejanggalan-pemilu-malaysia,ADVERTISEMENT SCROLL TO CONTINUE WITH CONTENT
Baghdadi ISIS Kalahkan Jokowi di Daftar Orang Terkuat Forbes,"Rabu, 09 Mei 2018 18:55 WIB",https://www.cnnindonesia.com/internasional/20180509184503-134-297013/baghdadi-isis-kalahkan-jokowi-di-daftar-orang-terkuat-forbes,ADVERTISEMENT SCROLL TO CONTINUE WITH CONTENT
Sesi Pemungutan Suara Pemilu Malaysia Ditutup,"Rabu, 09 Mei 2018 18:15 WIB",https://www.cnnindonesia.com/internasional/20180509173340-106-296990/sesi-pemungutan-suara-pemilu-malaysia-ditutup,ADVERTISEMENT SCROLL TO CONTINUE WITH CONTENT
Politikus Malaysia Klaim Ada Sabotase Jelang Pemungutan Suara,"Rabu, 09 Mei 2018 17:41 WIB",https://www.cnnindonesia.com/internasional/20180509130507-106-296881/politikus-malaysia-klaim-ada-sabotase-jelang-pemungutan-suara,ADVERTISEMENT SCROLL TO CONTINUE WITH CONTENT
"Tepis Kampanye, PSI Sebut Iklan Polling Demi Pancing Diskusi","Rabu, 09 Mei 2018 16:17 WIB",https://www.cnnindonesia.com/nasional/20180509134250-32-296902/tepis-kampanye-psi-sebut-iklan-polling-demi-pancing-diskusi,ADVERTISEMENT SCROLL TO CONTINUE WITH CONTENT
"Berpayung di Panas Terik, Warga Malaysia Masih Antre Memilih","Rabu, 09 Mei 2018 16:05 WIB",https://www.cnnindonesia.com/internasional/20180509150859-106-296943/berpayung-di-panas-terik-warga-malaysia-masih-antre-memilih,ADVERTISEMENT SCROLL TO CONTINUE WITH CONTENT
Kisah Para Pengemudi Taksi Online Ingin Gulingkan Najib Razak,"Rabu, 09 Mei 2018 15:09 WIB",https://www.cnnindonesia.com/internasional/20180509133848-106-296904/kisah-para-pengemudi-taksi-online-ingin-gulingkan-najib-razak,ADVERTISEMENT SCROLL TO CONTINUE WITH CONTENT
Dubes Malaysia Minta Oposisi Belajar Demokrasi dari Indonesia,"Rabu, 09 Mei 2018 14:26 WIB",https://www.cnnindonesia.com/internasional/20180509141024-106-296921/dubes-malaysia-minta-oposisi-belajar-demokrasi-dari-indonesia,ADVERTISEMENT SCROLL TO CONTINUE WITH CONTENT
"Pemilu Malaysia, Lansia Tewas Saat Antre di TPS","Rabu, 09 Mei 2018 13:42 WIB",https://www.cnnindonesia.com/internasional/20180509122529-106-296856/pemilu-malaysia-lansia-tewas-saat-antre-di-tps,ADVERTISEMENT SCROLL TO CONTINUE WITH CONTENT
Survei Sebut Koalisi Najib Masih Ungguli Pemilu Malaysia,"Rabu, 09 Mei 2018 11:46 WIB",https://www.cnnindonesia.com/internasional/20180509112447-106-296831/survei-sebut-koalisi-najib-masih-ungguli-pemilu-malaysia,ADVERTISEMENT SCROLL TO CONTINUE WITH CONTENT
Indonesia Ikut Pantau Pemilu Malaysia,"Rabu, 09 Mei 2018 11:09 WIB",https://www.cnnindonesia.com/internasional/20180509110439-106-296825/indonesia-ikut-pantau-pemilu-malaysia,ADVERTISEMENT SCROLL TO CONTINUE WITH CONTENT
Survei: Usung Gatot Jadi Capres Dongkrak Elektabilitas Partai,"Rabu, 09 Mei 2018 10:52 WIB",https://www.cnnindonesia.com/nasional/20180509075843-32-296812/survei-usung-gatot-jadi-capres-dongkrak-elektabilitas-partai,ADVERTISEMENT SCROLL TO CONTINUE WITH CONTENT
"Soal Masa Jabatan Wapres, Golkar Minta Kembali ke Konstitusi","Rabu, 09 Mei 2018 10:38 WIB",https://www.cnnindonesia.com/nasional/20180509080627-32-296792/soal-masa-jabatan-wapres-golkar-minta-kembali-ke-konstitusi,ADVERTISEMENT SCROLL TO CONTINUE WITH CONTENT
Menimbang Kekuatan Pembangkang Melepas Kekang Najib Razak,"Rabu, 09 Mei 2018 09:35 WIB",https://www.cnnindonesia.com/internasional/20180505224357-106-296001/menimbang-kekuatan-pembangkang-melepas-kekang-najib-razak,ADVERTISEMENT SCROLL TO CONTINUE WITH CONTENT
Tiga Jurus Najib Kekang Pembangkang Jelang Pilihan Raya,"Rabu, 09 Mei 2018 09:05 WIB",https://www.cnnindonesia.com/internasional/20180506001243-106-296006/tiga-jurus-najib-kekang-pembangkang-jelang-pilihan-raya,ADVERTISEMENT SCROLL TO CONTINUE WITH CONTENT
"Mahathir Mohamad, 'Pengasuh dan Pembunuh' Putra Politik","Rabu, 09 Mei 2018 08:50 WIB",https://www.cnnindonesia.com/internasional/20180505223202-106-295999/mahathir-mohamad-pengasuh-dan-pembunuh-putra-politik,ADVERTISEMENT SCROLL TO CONTINUE WITH CONTENT
"Najib Razak, Darah Biru Politik yang Terinfeksi Korupsi","Rabu, 09 Mei 2018 07:54 WIB",https://www.cnnindonesia.com/internasional/20180505213225-106-295998/najib-razak-darah-biru-politik-yang-terinfeksi-korupsi,ADVERTISEMENT SCROLL TO CONTINUE WITH CONTENT
INFOGRAFIS: Partai yang Bertarung di Pemilu ke-14 Malaysia,"Rabu, 09 Mei 2018 07:35 WIB",https://www.cnnindonesia.com/internasional/20180509073216-109-296783/infografis-partai-yang-bertarung-di-pemilu-ke-14-malaysia,
"TPS Dibuka, Rakyat Malaysia Serbu Bilik Suara Pemilu ke-14","Rabu, 09 Mei 2018 07:21 WIB",https://www.cnnindonesia.com/internasional/20180509071111-106-296780/tps-dibuka-rakyat-malaysia-serbu-bilik-suara-pemilu-ke-14,ADVERTISEMENT SCROLL TO CONTINUE WITH CONTENT
Malaysia Gelar Pemilu Hari Ini,"Rabu, 09 Mei 2018 06:58 WIB",https://www.cnnindonesia.com/internasional/20180509065317-106-296776/malaysia-gelar-pemilu-hari-ini,ADVERTISEMENT SCROLL TO CONTINUE WITH CONTENT
Jokowi Diklaim Rugi 11 Juta Suara PKB Jika Tak Pilih Cak Imin,"Rabu, 09 Mei 2018 05:24 WIB",https://www.cnnindonesia.com/nasional/20180509051406-32-296769/jokowi-diklaim-rugi-11-juta-suara-pkb-jika-tak-pilih-cak-imin,ADVERTISEMENT SCROLL TO CONTINUE WITH CONTENT
Gerindra Sebut 13 Kandidat Siap Jadi Cawapres Prabowo,"Rabu, 09 Mei 2018 05:09 WIB",https://www.cnnindonesia.com/nasional/20180509045837-32-296768/gerindra-sebut-13-kandidat-siap-jadi-cawapres-prabowo,ADVERTISEMENT SCROLL TO CONTINUE WITH CONTENT
Kader PPP Minta Politikus PKS Baca UU soal Usia Minimal Caleg,"Rabu, 09 Mei 2018 04:25 WIB",https://www.cnnindonesia.com/nasional/20180509041101-32-296765/kader-ppp-minta-politikus-pks-baca-uu-soal-usia-minimal-caleg,ADVERTISEMENT SCROLL TO CONTINUE WITH CONTENT
Jokowi: Tak Ada Kepentingan Politik pada Kebijakan Susi,"Rabu, 09 Mei 2018 04:17 WIB",https://www.cnnindonesia.com/nasional/20180508154645-32-296610/jokowi-tak-ada-kepentingan-politik-pada-kebijakan-susi,ADVERTISEMENT SCROLL TO CONTINUE WITH CONTENT
Golkar dan PKB Sepakat Intensifkan Komunikasi Jelang Pilpres,"Rabu, 09 Mei 2018 03:16 WIB",https://www.cnnindonesia.com/nasional/20180509030302-32-296761/golkar-dan-pkb-sepakat-intensifkan-komunikasi-jelang-pilpres,ADVERTISEMENT SCROLL TO CONTINUE WITH CONTENT
"Jelang Pemilu, Istri Bacakan Surat Anwar Ibrahim dari Tahanan","Rabu, 09 Mei 2018 00:18 WIB",https://www.cnnindonesia.com/internasional/20180508235305-106-296749/jelang-pemilu-istri-bacakan-surat-anwar-ibrahim-dari-tahanan,ADVERTISEMENT SCROLL TO CONTINUE WITH CONTENT
Muhammadiyah Diminta Tak Ikut Gerakan Politik Perang Tagar,"Selasa, 08 Mei 2018 20:40 WIB",https://www.cnnindonesia.com/nasional/20180508202706-32-296714/muhammadiyah-diminta-tak-ikut-gerakan-politik-perang-tagar,ADVERTISEMENT SCROLL TO CONTINUE WITH CONTENT
"Usut Iklan PSI Berbau Kampanye, Bawaslu Undang Dewan Pers","Selasa, 08 Mei 2018 19:44 WIB",https://www.cnnindonesia.com/nasional/20180508193908-12-296690/usut-iklan-psi-berbau-kampanye-bawaslu-undang-dewan-pers,ADVERTISEMENT SCROLL TO CONTINUE WITH CONTENT
"Soal Cawapres, Hidayat Nur Wahid Minta Anies Setia Pimpin DKI","Selasa, 08 Mei 2018 18:21 WIB",https://www.cnnindonesia.com/nasional/20180508172140-32-296643/soal-cawapres-hidayat-nur-wahid-minta-anies-setia-pimpin-dki,ADVERTISEMENT SCROLL TO CONTINUE WITH CONTENT
Yusril Siap Tampung Eks HTI Jadi Caleg PBB,"Selasa, 08 Mei 2018 18:11 WIB",https://www.cnnindonesia.com/nasional/20180508180247-32-296655/yusril-siap-tampung-eks-hti-jadi-caleg-pbb,ADVERTISEMENT SCROLL TO CONTINUE WITH CONTENT
LSI Denny JA: PDIP Tertinggi Karena Dianggap Dekat Jokowi,"Selasa, 08 Mei 2018 17:46 WIB",https://www.cnnindonesia.com/nasional/20180508170039-32-296639/lsi-denny-ja-pdip-tertinggi-karena-dianggap-dekat-jokowi,ADVERTISEMENT SCROLL TO CONTINUE WITH CONTENT
"Jelang Pemilu, Anwar Ibrahim Minta Warga Pilih Mahathir","Selasa, 08 Mei 2018 17:40 WIB",https://www.cnnindonesia.com/internasional/20180508164836-106-296633/jelang-pemilu-anwar-ibrahim-minta-warga-pilih-mahathir,ADVERTISEMENT SCROLL TO CONTINUE WITH CONTENT
PAN Ajak PKS Usung Gatot Nurmantyo di Pilpres 2019,"Selasa, 08 Mei 2018 17:22 WIB",https://www.cnnindonesia.com/nasional/20180508170726-32-296638/pan-ajak-pks-usung-gatot-nurmantyo-di-pilpres-2019,ADVERTISEMENT SCROLL TO CONTINUE WITH CONTENT
PKS dan PSI Usul Caleg DPRD Boleh Berusia 19 Tahun,"Selasa, 08 Mei 2018 17:17 WIB",https://www.cnnindonesia.com/nasional/20180508170841-32-296641/pks-dan-psi-usul-caleg-dprd-boleh-berusia-19-tahun,ADVERTISEMENT SCROLL TO CONTINUE WITH CONTENT
Gatot Yakin Dapat Tiket Capres Meski Tanpa Poros Ketiga,"Selasa, 08 Mei 2018 13:46 WIB",https://www.cnnindonesia.com/nasional/20180508131333-32-296556/gatot-yakin-dapat-tiket-capres-meski-tanpa-poros-ketiga,ADVERTISEMENT SCROLL TO CONTINUE WITH CONTENT
Wakil PM Malaysia Sebut Mahathir Mohamad Lebih Baik Jaga Cucu,"Selasa, 08 Mei 2018 12:17 WIB",https://www.cnnindonesia.com/internasional/20180508115513-106-296528/wakil-pm-malaysia-sebut-mahathir-mohamad-lebih-baik-jaga-cucu,ADVERTISEMENT SCROLL TO CONTINUE WITH CONTENT
Zulkifli Hasan Sebut Gatot Nurmantyo Capres,"Selasa, 08 Mei 2018 12:00 WIB",https://www.cnnindonesia.com/nasional/20180508114412-32-296521/zulkifli-hasan-sebut-gatot-nurmantyo-capres,ADVERTISEMENT SCROLL TO CONTINUE WITH CONTENT
"Relawan Pilpres, Antara Perjuangan dan Uang","Selasa, 08 Mei 2018 06:34 WIB",https://www.cnnindonesia.com/nasional/20180507214158-32-296417/relawan-pilpres-antara-perjuangan-dan-uang,ADVERTISEMENT SCROLL TO CONTINUE WITH CONTENT
OSO: Rakernas Hanura Hari Ini Deklarasikan Cawapres Jokowi,"Selasa, 08 Mei 2018 06:10 WIB",https://www.cnnindonesia.com/nasional/20180508060124-32-296438/oso-rakernas-hanura-hari-ini-deklarasikan-cawapres-jokowi,ADVERTISEMENT SCROLL TO CONTINUE WITH CONTENT
Mattarella Minta Dukungan bagi Pemerintahan Netral di Italia,"Selasa, 08 Mei 2018 01:39 WIB",https://www.cnnindonesia.com/internasional/20180508011346-134-296426/mattarella-minta-dukungan-bagi-pemerintahan-netral-di-italia,ADVERTISEMENT SCROLL TO CONTINUE WITH CONTENT
"Bukan Jokowi, ACTA Sebut Lawan Prabowo Adalah Aparat","Senin, 07 Mei 2018 19:27 WIB",https://www.cnnindonesia.com/nasional/20180507190722-32-296386/bukan-jokowi-acta-sebut-lawan-prabowo-adalah-aparat,ADVERTISEMENT SCROLL TO CONTINUE WITH CONTENT
Abraham Samad Deklarasi Calon Presiden,"Senin, 07 Mei 2018 19:16 WIB",https://www.cnnindonesia.com/nasional/20180507185610-32-296381/abraham-samad-deklarasi-calon-presiden,ADVERTISEMENT SCROLL TO CONTINUE WITH CONTENT
Seskab Sebut Pertemuan dengan Sekjen Parpol Tradisi Demokrasi,"Senin, 07 Mei 2018 18:45 WIB",https://www.cnnindonesia.com/nasional/20180507182259-32-296374/seskab-sebut-pertemuan-dengan-sekjen-parpol-tradisi-demokrasi,ADVERTISEMENT SCROLL TO CONTINUE WITH CONTENT
HTI Alirkan Dukungan ke PBB di PIlpres 2019,"Senin, 07 Mei 2018 17:44 WIB",https://www.cnnindonesia.com/nasional/20180507172619-32-296357/hti-alirkan-dukungan-ke-pbb-di-pilpres-2019,ADVERTISEMENT SCROLL TO CONTINUE WITH CONTENT
"Masjid Afghanistan Diserang Bom, Korban Lebih dari 50 Orang","Senin, 07 Mei 2018 16:05 WIB",https://www.cnnindonesia.com/internasional/20180507145141-113-296287/masjid-afghanistan-diserang-bom-korban-lebih-dari-50-orang,ADVERTISEMENT SCROLL TO CONTINUE WITH CONTENT
"Bom di Pos Pendaftaran Pemilih Afghanistan, Belasan Tewas","Minggu, 06 Mei 2018 22:27 WIB",https://www.cnnindonesia.com/internasional/20180506220400-113-296118/bom-di-pos-pendaftaran-pemilih-afghanistan-belasan-tewas,ADVERTISEMENT SCROLL TO CONTINUE WITH CONTENT
Survei INES Sebut Elektabilitas Gerindra Paling Tinggi,"Minggu, 06 Mei 2018 22:10 WIB",https://www.cnnindonesia.com/nasional/20180506173431-32-296098/survei-ines-sebut-elektabilitas-gerindra-paling-tinggi,ADVERTISEMENT SCROLL TO CONTINUE WITH CONTENT
Mendagri Pakistan Lolos dari Percobaan Pembunuhan,"Minggu, 06 Mei 2018 21:50 WIB",https://www.cnnindonesia.com/internasional/20180506214525-113-296116/mendagri-pakistan-lolos-dari-percobaan-pembunuhan,ADVERTISEMENT SCROLL TO CONTINUE WITH CONTENT
Manuver PKS dan Tenggat Prabowo Tentukan Cawapres,"Minggu, 06 Mei 2018 19:00 WIB",https://www.cnnindonesia.com/nasional/20180505124308-32-295913/manuver-pks-dan-tenggat-prabowo-tentukan-cawapres,ADVERTISEMENT SCROLL TO CONTINUE WITH CONTENT
Gerakan #2019GantiPresiden Masih Mungkin Dukung Jokowi,"Minggu, 06 Mei 2018 15:17 WIB",https://www.cnnindonesia.com/nasional/20180506140425-32-296061/gerakan-2019gantipresiden-masih-mungkin-dukung-jokowi,ADVERTISEMENT SCROLL TO CONTINUE WITH CONTENT
Lebanon Gelar Pemilu Pertama dalam Sembilan Tahun,"Minggu, 06 Mei 2018 13:35 WIB",https://www.cnnindonesia.com/internasional/20180506125818-120-296056/lebanon-gelar-pemilu-pertama-dalam-sembilan-tahun,ADVERTISEMENT SCROLL TO CONTINUE WITH CONTENT
Sekitar 1600 Demonstran Anti-Putin Ditahan di Rusia,"Minggu, 06 Mei 2018 03:15 WIB",https://www.cnnindonesia.com/internasional/20180506023637-134-296015/sekitar-1600-demonstran-anti-putin-ditahan-di-rusia,ADVERTISEMENT SCROLL TO CONTINUE WITH CONTENT
Anggota DPR Tersangka Suap APBN-P 2018 Pensiunan Depkeu,"Sabtu, 05 Mei 2018 22:29 WIB",https://www.cnnindonesia.com/nasional/20180505181129-12-295972/anggota-dpr-tersangka-suap-apbn-p-2018-pensiunan-depkeu,ADVERTISEMENT SCROLL TO CONTINUE WITH CONTENT
"Tanggapi Dugaan Intimidasi di CFD, PDIP Singgung Obor Rakyat","Sabtu, 05 Mei 2018 20:39 WIB",https://www.cnnindonesia.com/nasional/20180504212654-32-295856/tanggapi-dugaan-intimidasi-di-cfd-pdip-singgung-obor-rakyat,ADVERTISEMENT SCROLL TO CONTINUE WITH CONTENT
Bawaslu Ingatkan Parpol Tak Boleh Ikut Perang Tanda Pagar,"Sabtu, 05 Mei 2018 18:18 WIB",https://www.cnnindonesia.com/nasional/20180505154856-32-295960/bawaslu-ingatkan-parpol-tak-boleh-ikut-perang-tanda-pagar,ADVERTISEMENT SCROLL TO CONTINUE WITH CONTENT
Relawan #2019GantiPresiden Diminta Tak Bawa Atribut Partai,"Sabtu, 05 Mei 2018 15:50 WIB",https://www.cnnindonesia.com/nasional/20180505151106-32-295938/relawan-2019gantipresiden-diminta-tak-bawa-atribut-partai,ADVERTISEMENT SCROLL TO CONTINUE WITH CONTENT
Yusril Sebut Kondisi Capres Tunggal Akan Bahayakan Negara,"Sabtu, 05 Mei 2018 07:40 WIB",https://www.cnnindonesia.com/nasional/20180505041919-32-295879/yusril-sebut-kondisi-capres-tunggal-akan-bahayakan-negara,ADVERTISEMENT SCROLL TO CONTINUE WITH CONTENT
Bawaslu Minta Media Massa dan Partai Tertib Kampanye,"Sabtu, 05 Mei 2018 07:30 WIB",https://www.cnnindonesia.com/nasional/20180505020405-32-295875/bawaslu-minta-media-massa-dan-partai-tertib-kampanye,ADVERTISEMENT SCROLL TO CONTINUE WITH CONTENT
Menhan Akan Bahas Tahun Politik dengan TNI dan Polri,"Sabtu, 05 Mei 2018 06:58 WIB",https://www.cnnindonesia.com/nasional/20180504235529-12-295866/menhan-akan-bahas-tahun-politik-dengan-tni-dan-polri,ADVERTISEMENT SCROLL TO CONTINUE WITH CONTENT
Partai Tommy Soeharto: Kami Fokus #2019KitaBerkarya,"Sabtu, 05 Mei 2018 06:37 WIB",https://www.cnnindonesia.com/nasional/20180504232413-32-295865/partai-tommy-soeharto-kami-fokus-2019kitaberkarya,ADVERTISEMENT SCROLL TO CONTINUE WITH CONTENT
Bawaslu Anggap Jajak Pendapat di Media PSI Bernada Kampanye,"Sabtu, 05 Mei 2018 06:30 WIB",https://www.cnnindonesia.com/nasional/20180505012654-32-295872/bawaslu-anggap-jajak-pendapat-di-media-psi-bernada-kampanye,ADVERTISEMENT SCROLL TO CONTINUE WITH CONTENT
Yusril Pesimistis MK Kabulkan Uji Materi Masa Jabatan Wapres,"Sabtu, 05 Mei 2018 06:15 WIB",https://www.cnnindonesia.com/nasional/20180505005918-12-295870/yusril-pesimistis-mk-kabulkan-uji-materi-masa-jabatan-wapres,ADVERTISEMENT SCROLL TO CONTINUE WITH CONTENT
"Jelang Pilkada, Wapres Ingatkan Polri Soal Bahaya Teknologi","Sabtu, 05 Mei 2018 03:20 WIB",https://www.cnnindonesia.com/nasional/20180504114412-32-295673/jelang-pilkada-wapres-ingatkan-polri-soal-bahaya-teknologi,ADVERTISEMENT SCROLL TO CONTINUE WITH CONTENT
Mukernas PBB Bahas Langkah Politik ke Depan,"Sabtu, 05 Mei 2018 02:42 WIB",https://www.cnnindonesia.com/nasional/20180505001939-32-295868/mukernas-pbb-bahas-langkah-politik-ke-depan,ADVERTISEMENT SCROLL TO CONTINUE WITH CONTENT
"JK Dijagokan Maju Cawapres, PDIP Serahkan Pada MK","Sabtu, 05 Mei 2018 00:25 WIB",https://www.cnnindonesia.com/nasional/20180504172150-32-295788/jk-dijagokan-maju-cawapres-pdip-serahkan-pada-mk,ADVERTISEMENT SCROLL TO CONTINUE WITH CONTENT
PKS Minta PAN Legawa Jika Tak Dapat Posisi Cawapres Prabowo,"Jumat, 04 Mei 2018 23:53 WIB",https://www.cnnindonesia.com/nasional/20180504150458-32-295734/pks-minta-pan-legawa-jika-tak-dapat-posisi-cawapres-prabowo,ADVERTISEMENT SCROLL TO CONTINUE WITH CONTENT
PKS: Secara Teori Poros Ketiga Mungkin Terbentuk,"Jumat, 04 Mei 2018 21:20 WIB",https://www.cnnindonesia.com/nasional/20180504201151-32-295841/pks-secara-teori-poros-ketiga-mungkin-terbentuk,ADVERTISEMENT SCROLL TO CONTINUE WITH CONTENT
Pemantau Temukan Penyimpangan Daftar Pemilih Malaysia,"Jumat, 04 Mei 2018 20:00 WIB",https://www.cnnindonesia.com/internasional/20180504161035-106-295757/pemantau-temukan-penyimpangan-daftar-pemilih-malaysia,ADVERTISEMENT SCROLL TO CONTINUE WITH CONTENT
PSI Bantah Curi Start Kampanye di Iklan Polling Cawapres,"Jumat, 04 Mei 2018 19:38 WIB",https://www.cnnindonesia.com/nasional/20180504185516-32-295822/psi-bantah-curi-start-kampanye-di-iklan-polling-cawapres,ADVERTISEMENT SCROLL TO CONTINUE WITH CONTENT
Presiden PKS Sebut KSPI Tak Bisa Dilepaskan dari Politik,"Jumat, 04 Mei 2018 11:57 WIB",https://www.cnnindonesia.com/nasional/20180502143129-32-295135/presiden-pks-sebut-kspi-tak-bisa-dilepaskan-dari-politik,ADVERTISEMENT SCROLL TO CONTINUE WITH CONTENT
JK Cawapres Dinilai Belum Tentu Dongkrak Elektabilitas Golkar,"Jumat, 04 Mei 2018 07:51 WIB",https://www.cnnindonesia.com/nasional/20180502173750-32-295177/jk-cawapres-dinilai-belum-tentu-dongkrak-elektabilitas-golkar,ADVERTISEMENT SCROLL TO CONTINUE WITH CONTENT
Ruhut Harus Punya Alasan Ideologis Jika Ingin Gabung PDIP,"Jumat, 04 Mei 2018 05:45 WIB",https://www.cnnindonesia.com/nasional/20180504070931-32-295583/ruhut-harus-punya-alasan-ideologis-jika-ingin-gabung-pdip,ADVERTISEMENT SCROLL TO CONTINUE WITH CONTENT
"Megawati Bertemu Airlangga, Disebut Bakal Bahas Cawapres","Jumat, 04 Mei 2018 04:20 WIB",https://www.cnnindonesia.com/nasional/20180503235956-32-295569/megawati-bertemu-airlangga-disebut-bakal-bahas-cawapres,ADVERTISEMENT SCROLL TO CONTINUE WITH CONTENT
"Belum Bahas Capres-Cawapres, PBB Fokus Pileg","Jumat, 04 Mei 2018 03:30 WIB",https://www.cnnindonesia.com/nasional/20180503180124-32-295501/belum-bahas-capres-cawapres-pbb-fokus-pileg,ADVERTISEMENT SCROLL TO CONTINUE WITH CONTENT
Puan: Insyaallah 2019 PDIP Jadi Partai Pemenang Pemilu,"Jumat, 04 Mei 2018 03:10 WIB",https://www.cnnindonesia.com/nasional/20180503194405-32-295537/puan-insyaallah-2019-pdip-jadi-partai-pemenang-pemilu,ADVERTISEMENT SCROLL TO CONTINUE WITH CONTENT
AJI: Dosa Besar Gunakan Media untuk Kepentingan Politik,"Jumat, 04 Mei 2018 01:10 WIB",https://www.cnnindonesia.com/nasional/20180503155627-32-295462/aji-dosa-besar-gunakan-media-untuk-kepentingan-politik,ADVERTISEMENT SCROLL TO CONTINUE WITH CONTENT
"JK Cawapres, Aman dari Batas Usia, Tergantung Putusan MK","Kamis, 03 Mei 2018 22:50 WIB",https://www.cnnindonesia.com/nasional/20180503160337-32-295463/jk-cawapres-aman-dari-batas-usia-tergantung-putusan-mk,ADVERTISEMENT SCROLL TO CONTINUE WITH CONTENT
Sandiaga Goda Titiek Soeharto soal Jadi Ibu Negara,"Kamis, 03 Mei 2018 20:34 WIB",https://www.cnnindonesia.com/nasional/20180503175417-20-295519/sandiaga-goda-titiek-soeharto-soal-jadi-ibu-negara,ADVERTISEMENT SCROLL TO CONTINUE WITH CONTENT
"Kejar Target, Megawati Minta Kader Bekerja Sampai Pingsan","Kamis, 03 Mei 2018 20:08 WIB",https://www.cnnindonesia.com/nasional/20180503193115-32-295530/kejar-target-megawati-minta-kader-bekerja-sampai-pingsan,ADVERTISEMENT SCROLL TO CONTINUE WITH CONTENT
Megawati soal PDIP Unggul di Survei: Jangan Bangga Dulu,"Kamis, 03 Mei 2018 18:55 WIB",https://www.cnnindonesia.com/nasional/20180503184813-32-295520/megawati-soal-pdip-unggul-di-survei-jangan-bangga-dulu,ADVERTISEMENT SCROLL TO CONTINUE WITH CONTENT
"Iklan Polling Kabinet Jokowi, PSI Diduga Curi Start Kampanye","Kamis, 03 Mei 2018 16:02 WIB",https://www.cnnindonesia.com/nasional/20180503154936-32-295460/iklan-polling-kabinet-jokowi-psi-diduga-curi-start-kampanye,ADVERTISEMENT SCROLL TO CONTINUE WITH CONTENT
Yusril Klaim Ada Kader Parpol Lain Hijrah ke PBB Selain PPP,"Kamis, 03 Mei 2018 15:25 WIB",https://www.cnnindonesia.com/nasional/20180503140456-32-295390/yusril-klaim-ada-kader-parpol-lain-hijrah-ke-pbb-selain-ppp,ADVERTISEMENT SCROLL TO CONTINUE WITH CONTENT
Ide Bisnis Racun Kalajengking Jokowi Menuai Ragam Reaksi,"Kamis, 03 Mei 2018 11:58 WIB",https://www.cnnindonesia.com/nasional/20180503112357-32-295337/ide-bisnis-racun-kalajengking-jokowi-menuai-ragam-reaksi,ADVERTISEMENT SCROLL TO CONTINUE WITH CONTENT
Kuda Hitam Pendobrak Mitos Jawa Barat,"Kamis, 03 Mei 2018 11:23 WIB",https://www.cnnindonesia.com/nasional/20180503103059-33-295334/kuda-hitam-pendobrak-mitos-jawa-barat,ADVERTISEMENT SCROLL TO CONTINUE WITH CONTENT
"Larang TNI Berpolitik, Ryamirzad Minta Tak Asal Pilih Capres","Kamis, 03 Mei 2018 10:59 WIB",https://www.cnnindonesia.com/nasional/20180503105313-32-295327/larang-tni-berpolitik-ryamirzad-minta-tak-asal-pilih-capres,ADVERTISEMENT SCROLL TO CONTINUE WITH CONTENT
Sandiaga Minta Insiden Pesta Rakyat Tak Dipolitisasi,"Kamis, 03 Mei 2018 10:39 WIB",https://www.cnnindonesia.com/nasional/20180503102848-32-295323/sandiaga-minta-insiden-pesta-rakyat-tak-dipolitisasi,ADVERTISEMENT SCROLL TO CONTINUE WITH CONTENT
Bimbang Prabowo Diburu Waktu Pilih Cawapres dari 9 Kader PKS,"Kamis, 03 Mei 2018 10:21 WIB",https://www.cnnindonesia.com/nasional/20180503094245-32-295319/bimbang-prabowo-diburu-waktu-pilih-cawapres-dari-9-kader-pks,ADVERTISEMENT SCROLL TO CONTINUE WITH CONTENT
Mantan PM Malaysia Mahathir Dituduh Sebarkan Berita Palsu,"Kamis, 03 Mei 2018 10:12 WIB",https://www.cnnindonesia.com/internasional/20180503094845-106-295318/mantan-pm-malaysia-mahathir-dituduh-sebarkan-berita-palsu,ADVERTISEMENT SCROLL TO CONTINUE WITH CONTENT
Perseteruan Fahri Hamzah dan PKS Meruncing di Kepolisian,"Kamis, 03 Mei 2018 09:16 WIB",https://www.cnnindonesia.com/nasional/20180503085702-32-295313/perseteruan-fahri-hamzah-dan-pks-meruncing-di-kepolisian,ADVERTISEMENT SCROLL TO CONTINUE WITH CONTENT
Nama Cawapres Diyakini Bakal Pengaruhi Elektabilitas Jokowi,"Kamis, 03 Mei 2018 05:35 WIB",https://www.cnnindonesia.com/nasional/20180502230614-32-295264/nama-cawapres-diyakini-bakal-pengaruhi-elektabilitas-jokowi,ADVERTISEMENT SCROLL TO CONTINUE WITH CONTENT
Mensos: Pendamping PKH Tidak Terlibat Kampanye di Jatim,"Kamis, 03 Mei 2018 03:00 WIB",https://www.cnnindonesia.com/nasional/20180502215720-20-295256/mensos-pendamping-pkh-tidak-terlibat-kampanye-di-jatim,ADVERTISEMENT SCROLL TO CONTINUE WITH CONTENT
Salim Segaf Sebut Pernyataan Sohibul Soal Fahri Sesuai Fakta,"Rabu, 02 Mei 2018 20:35 WIB",https://www.cnnindonesia.com/nasional/20180502202008-12-295238/salim-segaf-sebut-pernyataan-sohibul-soal-fahri-sesuai-fakta,ADVERTISEMENT SCROLL TO CONTINUE WITH CONTENT
Agung Laksono Berharap MK Tolak Gugatan Masa Jabatan JK,"Rabu, 02 Mei 2018 20:02 WIB",https://www.cnnindonesia.com/nasional/20180502193614-32-295233/agung-laksono-berharap-mk-tolak-gugatan-masa-jabatan-jk,ADVERTISEMENT SCROLL TO CONTINUE WITH CONTENT
Fahri Hamzah Minta Sohibul Hadapi Kasus Sendiri Tak Seret PKS,"Rabu, 02 Mei 2018 16:24 WIB",https://www.cnnindonesia.com/nasional/20180502135438-12-295107/fahri-hamzah-minta-sohibul-hadapi-kasus-sendiri-tak-seret-pks,ADVERTISEMENT SCROLL TO CONTINUE WITH CONTENT
Bawaslu Anggap Prabowo Tak Curi Start Kampanye saat May Day,"Rabu, 02 Mei 2018 15:26 WIB",https://www.cnnindonesia.com/nasional/20180502150058-32-295146/bawaslu-anggap-prabowo-tak-curi-start-kampanye-saat-may-day,ADVERTISEMENT SCROLL TO CONTINUE WITH CONTENT
Fahri Pilih Jadi Marbut dan Jual Kopi Ketimbang Presiden PKS,"Rabu, 02 Mei 2018 14:58 WIB",https://www.cnnindonesia.com/nasional/20180502141557-32-295138/fahri-pilih-jadi-marbut-dan-jual-kopi-ketimbang-presiden-pks,ADVERTISEMENT SCROLL TO CONTINUE WITH CONTENT
Jaksa Buka Kemungkinan Rilis Perintah Pemanggilan Trump,"Rabu, 02 Mei 2018 09:50 WIB",https://www.cnnindonesia.com/internasional/20180502093622-134-295019/jaksa-buka-kemungkinan-rilis-perintah-pemanggilan-trump,ADVERTISEMENT SCROLL TO CONTINUE WITH CONTENT
Pengawasan Lemah Jadi Celah Kegiatan Politik di CFD,"Rabu, 02 Mei 2018 06:37 WIB",https://www.cnnindonesia.com/nasional/20180501145904-20-294909/pengawasan-lemah-jadi-celah-kegiatan-politik-di-cfd,ADVERTISEMENT SCROLL TO CONTINUE WITH CONTENT
"Tanda Tangani Kontrak Politik, Prabowo Resmi Didukung KSPI","Selasa, 01 Mei 2018 16:09 WIB",https://www.cnnindonesia.com/nasional/20180501155755-32-294922/tanda-tangani-kontrak-politik-prabowo-resmi-didukung-kspi,ADVERTISEMENT SCROLL TO CONTINUE WITH CONTENT
"Mengaku Sempat Merinding, Prabowo Ikut Joget dengan Buruh","Selasa, 01 Mei 2018 15:41 WIB",https://www.cnnindonesia.com/nasional/20180501153257-32-294920/mengaku-sempat-merinding-prabowo-ikut-joget-dengan-buruh,ADVERTISEMENT SCROLL TO CONTINUE WITH CONTENT
"Datang ke Istora, Prabowo Disambut Pekik Ribuan Buruh","Selasa, 01 Mei 2018 15:24 WIB",https://www.cnnindonesia.com/nasional/20180501150802-20-294914/datang-ke-istora-prabowo-disambut-pekik-ribuan-buruh,ADVERTISEMENT SCROLL TO CONTINUE WITH CONTENT
'Syarat' Ikut Pilpres dari Sandi bagi Zulhas: Bisa Lari 19 Km,"Selasa, 01 Mei 2018 11:58 WIB",https://www.cnnindonesia.com/nasional/20180501113031-32-294862/syarat-ikut-pilpres-dari-sandi-bagi-zulhas-bisa-lari-19-km,ADVERTISEMENT SCROLL TO CONTINUE WITH CONTENT
"KSPI Akan Deklarasi Capres, GBK Izinkan Penggunaan Istora","Selasa, 01 Mei 2018 09:09 WIB",https://www.cnnindonesia.com/nasional/20180501084639-32-294825/kspi-akan-deklarasi-capres-gbk-izinkan-penggunaan-istora,ADVERTISEMENT SCROLL TO CONTINUE WITH CONTENT
Bawaslu Imbau Hari Buruh Tak Disertai Kampanye,"Selasa, 01 Mei 2018 06:48 WIB",https://www.cnnindonesia.com/nasional/20180501004806-20-294807/bawaslu-imbau-hari-buruh-tak-disertai-kampanye,ADVERTISEMENT SCROLL TO CONTINUE WITH CONTENT
KPAI Nilai Intimidasi di CFD Pengaruhi Psikologis Anak,"Selasa, 01 Mei 2018 03:39 WIB",https://www.cnnindonesia.com/nasional/20180430184219-20-294754/kpai-nilai-intimidasi-di-cfd-pengaruhi-psikologis-anak,ADVERTISEMENT SCROLL TO CONTINUE WITH CONTENT
"Sepakati PKS, Gerindra Sebut Sekretariat Bersama Belum Resmi","Selasa, 01 Mei 2018 02:18 WIB",https://www.cnnindonesia.com/nasional/20180501001055-32-294805/sepakati-pks-gerindra-sebut-sekretariat-bersama-belum-resmi,ADVERTISEMENT SCROLL TO CONTINUE WITH CONTENT
"Diduga Curi 'Start' Kampanye, Bawaslu Panggil PSI","Senin, 30 Apr 2018 22:30 WIB",https://www.cnnindonesia.com/nasional/20180430195239-32-294776/diduga-curi-start-kampanye-bawaslu-panggil-psi,ADVERTISEMENT SCROLL TO CONTINUE WITH CONTENT
"Berseragam PDIP, Ruhut Tegaskan Masih Jadi Kader SBY","Senin, 30 Apr 2018 19:30 WIB",https://www.cnnindonesia.com/nasional/20180430191314-32-294761/berseragam-pdip-ruhut-tegaskan-masih-jadi-kader-sby,ADVERTISEMENT SCROLL TO CONTINUE WITH CONTENT
Empat Tewas Akibat Ledakan Ganda di Afghanistan,"Senin, 30 Apr 2018 13:05 WIB",https://www.cnnindonesia.com/internasional/20180430124552-113-294646/empat-tewas-akibat-ledakan-ganda-di-afghanistan,ADVERTISEMENT SCROLL TO CONTINUE WITH CONTENT
Mahathir Duga Ada Upaya Sabotase Pesawatnya,"Senin, 30 Apr 2018 12:03 WIB",https://www.cnnindonesia.com/internasional/20180430112542-106-294616/mahathir-duga-ada-upaya-sabotase-pesawatnya,ADVERTISEMENT SCROLL TO CONTINUE WITH CONTENT
Dilema Kepentingan Buruh dan Politik Indonesia,"Senin, 30 Apr 2018 10:54 WIB",https://www.cnnindonesia.com/nasional/20180430090447-32-294589/dilema-kepentingan-buruh-dan-politik-indonesia,ADVERTISEMENT SCROLL TO CONTINUE WITH CONTENT
"Pemilu Malaysia, Persaingan Najib Razak dan Mahathir Mohamad","Senin, 30 Apr 2018 06:41 WIB",https://www.cnnindonesia.com/internasional/20180428140519-106-294322/pemilu-malaysia-persaingan-najib-razak-dan-mahathir-mohamad,ADVERTISEMENT SCROLL TO CONTINUE WITH CONTENT
"Intimidasi di Car Free Day, Semua Pihak Diminta Tahan Diri","Minggu, 29 Apr 2018 18:10 WIB",https://www.cnnindonesia.com/nasional/20180429174228-20-294517/intimidasi-di-car-free-day-semua-pihak-diminta-tahan-diri,ADVERTISEMENT SCROLL TO CONTINUE WITH CONTENT
"Ingin JK Maju Cawapres, Penggemar Gugat UU Pemilu ke MK","Minggu, 29 Apr 2018 15:48 WIB",https://www.cnnindonesia.com/nasional/20180429153054-32-294495/ingin-jk-maju-cawapres-penggemar-gugat-uu-pemilu-ke-mk,ADVERTISEMENT SCROLL TO CONTINUE WITH CONTENT
Perludem Sebut Peran Perempuan di Urusan Pemilu Masih Minim,"Sabtu, 28 Apr 2018 14:28 WIB",https://www.cnnindonesia.com/nasional/20180427192302-32-294241/perludem-sebut-peran-perempuan-di-urusan-pemilu-masih-minim,ADVERTISEMENT SCROLL TO CONTINUE WITH CONTENT
SBY 'Kalahkan' Jokowi Soal Jumlah Penyerapan Buruh Konstruksi,"Sabtu, 28 Apr 2018 10:30 WIB",https://www.cnnindonesia.com/ekonomi/20180428095801-92-294293/sby-kalahkan-jokowi-soal-jumlah-penyerapan-buruh-konstruksi,ADVERTISEMENT SCROLL TO CONTINUE WITH CONTENT
"Sohibul Tak Hadir ke Sekber, PKS Klaim Cuma Masalah Teknis","Sabtu, 28 Apr 2018 03:22 WIB",https://www.cnnindonesia.com/nasional/20180428031634-32-294278/sohibul-tak-hadir-ke-sekber-pks-klaim-cuma-masalah-teknis,ADVERTISEMENT SCROLL TO CONTINUE WITH CONTENT
Prabowo Sebut Tengah Persiapkan Tongkat Estafet Regenerasi,"Jumat, 27 Apr 2018 22:39 WIB",https://www.cnnindonesia.com/nasional/20180427223211-32-294271/prabowo-sebut-tengah-persiapkan-tongkat-estafet-regenerasi,ADVERTISEMENT SCROLL TO CONTINUE WITH CONTENT
Prabowo Hadiri Peresmian Sekber Pemenangan Gerindra-PKS,"Jumat, 27 Apr 2018 20:01 WIB",https://www.cnnindonesia.com/nasional/20180427195648-32-294251/prabowo-hadiri-peresmian-sekber-pemenangan-gerindra-pks,ADVERTISEMENT SCROLL TO CONTINUE WITH CONTENT
KPU Minta Kepala Daerah Tak Dilantik Jika Tak Lapor Harta,"Jumat, 27 Apr 2018 19:43 WIB",https://www.cnnindonesia.com/nasional/20180427190005-32-294230/kpu-minta-kepala-daerah-tak-dilantik-jika-tak-lapor-harta,ADVERTISEMENT SCROLL TO CONTINUE WITH CONTENT
MK Tunggu Pengajuan Uji Materi UU soal Polemik JK Cawapres,"Jumat, 27 Apr 2018 18:55 WIB",https://www.cnnindonesia.com/nasional/20180427184127-12-294222/mk-tunggu-pengajuan-uji-materi-uu-soal-polemik-jk-cawapres,ADVERTISEMENT SCROLL TO CONTINUE WITH CONTENT
Fadli Zon: Sekber Gerindra-PKS Inisiatif Kader Akar Rumput,"Jumat, 27 Apr 2018 18:30 WIB",https://www.cnnindonesia.com/nasional/20180427180753-32-294213/fadli-zon-sekber-gerindra-pks-inisiatif-kader-akar-rumput,ADVERTISEMENT SCROLL TO CONTINUE WITH CONTENT
Setnov Sempat Ganti Mobil di Kemang Saat Buron,"Jumat, 27 Apr 2018 16:01 WIB",https://www.cnnindonesia.com/nasional/20180427155501-12-294151/setnov-sempat-ganti-mobil-di-kemang-saat-buron,ADVERTISEMENT SCROLL TO CONTINUE WITH CONTENT
Golkar Belum Pernah Bahas Peluang JK Jadi Cawapres Lagi,"Jumat, 27 Apr 2018 09:31 WIB",https://www.cnnindonesia.com/nasional/20180427073539-32-294006/golkar-belum-pernah-bahas-peluang-jk-jadi-cawapres-lagi,ADVERTISEMENT SCROLL TO CONTINUE WITH CONTENT
KSPI: Suara Buruh Tidak Akan Lari ke Jokowi,"Jumat, 27 Apr 2018 08:28 WIB",https://www.cnnindonesia.com/nasional/20180427063833-32-293989/kspi-suara-buruh-tidak-akan-lari-ke-jokowi,ADVERTISEMENT SCROLL TO CONTINUE WITH CONTENT
Kodam Jaya Kerahkan Empat Ribu Personel di Pilkada 2018,"Jumat, 27 Apr 2018 05:53 WIB",https://www.cnnindonesia.com/nasional/20180426155956-32-293803/kodam-jaya-kerahkan-empat-ribu-personel-di-pilkada-2018,ADVERTISEMENT SCROLL TO CONTINUE WITH CONTENT
"Kanye Disebut Gangguan Mental, Kim Kardashian Turun Tangan",Tanggal tidak ditemukan,https://www.cnnindonesia.com/hiburan/20180426184515-234-293892/kanye-disebut-gangguan-mental-kim-kardashian-turun-tangan,ADVERTISEMENT SCROLL TO CONTINUE WITH CONTENT
Menaker Minta Perpres TKA Tidak Dipolitisasi Jelang Pilpres,"Kamis, 26 Apr 2018 23:13 WIB",https://www.cnnindonesia.com/nasional/20180426230221-20-293975/menaker-minta-perpres-tka-tidak-dipolitisasi-jelang-pilpres,ADVERTISEMENT SCROLL TO CONTINUE WITH CONTENT
Pertemuan Bogor dan Nasib Kasus Ulama yang Terkatung,"Kamis, 26 Apr 2018 21:34 WIB",https://www.cnnindonesia.com/nasional/20180426205148-32-293957/pertemuan-bogor-dan-nasib-kasus-ulama-yang-terkatung,ADVERTISEMENT SCROLL TO CONTINUE WITH CONTENT
"Hindari Konflik Kepentingan, Sumarno Mundur Ketua KPU DKI","Kamis, 26 Apr 2018 20:54 WIB",https://www.cnnindonesia.com/nasional/20180426201610-20-293952/hindari-konflik-kepentingan-sumarno-mundur-ketua-kpu-dki,ADVERTISEMENT SCROLL TO CONTINUE WITH CONTENT
MUI: Masjid Tak Boleh Jadi Tempat Kampanye dan Fitnah,"Kamis, 26 Apr 2018 19:15 WIB",https://www.cnnindonesia.com/nasional/20180426185800-20-293894/mui-masjid-tak-boleh-jadi-tempat-kampanye-dan-fitnah,ADVERTISEMENT SCROLL TO CONTINUE WITH CONTENT
MK Tolak Gugatan Partai Garuda soal Ambang Batas Parlemen,"Kamis, 26 Apr 2018 18:45 WIB",https://www.cnnindonesia.com/nasional/20180426183359-12-293889/mk-tolak-gugatan-partai-garuda-soal-ambang-batas-parlemen,ADVERTISEMENT SCROLL TO CONTINUE WITH CONTENT
Mendagri Minta Ceramah di Rumah Ibadah Merujuk Kitab Suci,"Kamis, 26 Apr 2018 17:37 WIB",https://www.cnnindonesia.com/nasional/20180426162827-32-293838/mendagri-minta-ceramah-di-rumah-ibadah-merujuk-kitab-suci,ADVERTISEMENT SCROLL TO CONTINUE WITH CONTENT
PDIP Tunggu Tafsiran MK soal Peluang JK Cawapres,"Kamis, 26 Apr 2018 17:31 WIB",https://www.cnnindonesia.com/nasional/20180426162904-32-293836/pdip-tunggu-tafsiran-mk-soal-peluang-jk-cawapres,ADVERTISEMENT SCROLL TO CONTINUE WITH CONTENT
Akbar Tandjung Akui Golkar Belum Bahas Airlangga Cawapres,"Kamis, 26 Apr 2018 13:07 WIB",https://www.cnnindonesia.com/nasional/20180426083701-32-293671/akbar-tandjung-akui-golkar-belum-bahas-airlangga-cawapres,ADVERTISEMENT SCROLL TO CONTINUE WITH CONTENT
KPU Larang Calon Kepala Daerah Kampanye Capres di Pilkada,"Kamis, 26 Apr 2018 10:52 WIB",https://www.cnnindonesia.com/nasional/20180426092232-32-293686/kpu-larang-calon-kepala-daerah-kampanye-capres-di-pilkada,ADVERTISEMENT SCROLL TO CONTINUE WITH CONTENT
Gatot Nurmantyo Mengaku Tak Kenal Relawan Pendukungnya,"Kamis, 26 Apr 2018 09:28 WIB",https://www.cnnindonesia.com/nasional/20180426080834-32-293667/gatot-nurmantyo-mengaku-tak-kenal-relawan-pendukungnya,ADVERTISEMENT SCROLL TO CONTINUE WITH CONTENT
PDIP Minta Tak Ada Penarikan Dukungan Usai Deklarasi Cawapres,"Kamis, 26 Apr 2018 05:53 WIB",https://www.cnnindonesia.com/nasional/20180425091907-32-293341/pdip-minta-tak-ada-penarikan-dukungan-usai-deklarasi-cawapres,ADVERTISEMENT SCROLL TO CONTINUE WITH CONTENT
"Pindahkan Kedutaan ke Yerusalem, PM Rumania Kunjungi Israel","Rabu, 25 Apr 2018 23:48 WIB",https://www.cnnindonesia.com/internasional/20180425184415-120-293563/pindahkan-kedutaan-ke-yerusalem-pm-rumania-kunjungi-israel,ADVERTISEMENT SCROLL TO CONTINUE WITH CONTENT
Fadli Zon: Politik Identitas Sangat Halal,"Rabu, 25 Apr 2018 23:16 WIB",https://www.cnnindonesia.com/nasional/20180425205627-32-293609/fadli-zon-politik-identitas-sangat-halal,ADVERTISEMENT SCROLL TO CONTINUE WITH CONTENT
PA 212 Tegaskan Tak Dukung Jokowi Usai Pertemuan di Bogor,"Rabu, 25 Apr 2018 21:29 WIB",https://www.cnnindonesia.com/nasional/20180425205530-32-293610/pa-212-tegaskan-tak-dukung-jokowi-usai-pertemuan-di-bogor,ADVERTISEMENT SCROLL TO CONTINUE WITH CONTENT
Jokowi Bakal Pilih Kembali JK Jika Konstitusi Membolehkan,"Rabu, 25 Apr 2018 21:07 WIB",https://www.cnnindonesia.com/nasional/20180425182235-32-293554/jokowi-bakal-pilih-kembali-jk-jika-konstitusi-membolehkan,ADVERTISEMENT SCROLL TO CONTINUE WITH CONTENT
Sekjen PKPI Telah Diperiksa Polisi Terkait Pelaporan KPU,"Rabu, 25 Apr 2018 19:41 WIB",https://www.cnnindonesia.com/nasional/20180425163805-12-293516/sekjen-pkpi-telah-diperiksa-polisi-terkait-pelaporan-kpu,ADVERTISEMENT SCROLL TO CONTINUE WITH CONTENT
"Jelang Pemilu, Album Baru Seringai Bernapaskan Politik",Tanggal tidak ditemukan,https://www.cnnindonesia.com/hiburan/20180425181923-227-293551/jelang-pemilu-album-baru-seringai-bernapaskan-politik,ADVERTISEMENT SCROLL TO CONTINUE WITH CONTENT
Kepentingan Politik di Balik Pertemuan Jokowi dan Alumni 212,"Rabu, 25 Apr 2018 18:45 WIB",https://www.cnnindonesia.com/nasional/20180425134110-32-293413/kepentingan-politik-di-balik-pertemuan-jokowi-dan-alumni-212,ADVERTISEMENT SCROLL TO CONTINUE WITH CONTENT
Pertemuan Alumni 212 dan Jokowi Diklaim Sesuai Arahan Rizieq,"Rabu, 25 Apr 2018 17:45 WIB",https://www.cnnindonesia.com/nasional/20180425173252-32-293530/pertemuan-alumni-212-dan-jokowi-diklaim-sesuai-arahan-rizieq,ADVERTISEMENT SCROLL TO CONTINUE WITH CONTENT
KPU Sebut Pimpinan DPR Tak Mau Larang Eks Koruptor Jadi Caleg,"Rabu, 25 Apr 2018 17:11 WIB",https://www.cnnindonesia.com/nasional/20180425145021-32-293441/kpu-sebut-pimpinan-dpr-tak-mau-larang-eks-koruptor-jadi-caleg,ADVERTISEMENT SCROLL TO CONTINUE WITH CONTENT
Asumsi Pertemuan Bogor Kompromi Politik Dinilai Terlalu Dini,"Rabu, 25 Apr 2018 16:49 WIB",https://www.cnnindonesia.com/nasional/20180425135221-32-293411/asumsi-pertemuan-bogor-kompromi-politik-dinilai-terlalu-dini,ADVERTISEMENT SCROLL TO CONTINUE WITH CONTENT
Fadli Zon Nilai Pertemuan Jokowi dengan Alumni 212 Terlambat,"Rabu, 25 Apr 2018 12:03 WIB",https://www.cnnindonesia.com/nasional/20180425114647-32-293380/fadli-zon-nilai-pertemuan-jokowi-dengan-alumni-212-terlambat,ADVERTISEMENT SCROLL TO CONTINUE WITH CONTENT
Arah Suara Buruh di 2019 dan Perpecahan Serikat Pekerja,"Rabu, 25 Apr 2018 10:04 WIB",https://www.cnnindonesia.com/nasional/20180425081625-32-293331/arah-suara-buruh-di-2019-dan-perpecahan-serikat-pekerja,ADVERTISEMENT SCROLL TO CONTINUE WITH CONTENT
Istri Anwar Ibrahim Maju Jadi Calon Anggota Parlemen Selangor,"Rabu, 25 Apr 2018 09:38 WIB",https://www.cnnindonesia.com/internasional/20180424103851-106-293048/istri-anwar-ibrahim-maju-jadi-calon-anggota-parlemen-selangor,ADVERTISEMENT SCROLL TO CONTINUE WITH CONTENT
Manuver Politik PKB Menjegal Poros Ketiga,"Rabu, 25 Apr 2018 08:23 WIB",https://www.cnnindonesia.com/nasional/20180425071128-32-293326/manuver-politik-pkb-menjegal-poros-ketiga,ADVERTISEMENT SCROLL TO CONTINUE WITH CONTENT
Pertimbangan Jokowi Pilih Cawapres dan Risiko Koalisi Pecah,"Rabu, 25 Apr 2018 06:15 WIB",https://www.cnnindonesia.com/nasional/20180424184612-32-293242/pertimbangan-jokowi-pilih-cawapres-dan-risiko-koalisi-pecah,ADVERTISEMENT SCROLL TO CONTINUE WITH CONTENT
PPP Sebut Masa Pendaftaran Capres dalam PKPU Sudah Sesuai,"Selasa, 24 Apr 2018 22:53 WIB",https://www.cnnindonesia.com/nasional/20180424200043-32-293253/ppp-sebut-masa-pendaftaran-capres-dalam-pkpu-sudah-sesuai,ADVERTISEMENT SCROLL TO CONTINUE WITH CONTENT
KPU Sebut Tenggat Pendaftaran Capres 2019 Bisa Berubah,"Selasa, 24 Apr 2018 22:19 WIB",https://www.cnnindonesia.com/nasional/20180424204131-32-293276/kpu-sebut-tenggat-pendaftaran-capres-2019-bisa-berubah,ADVERTISEMENT SCROLL TO CONTINUE WITH CONTENT
Golkar Doakan Setnov Tabah Divonis 15 Tahun Penjara,"Selasa, 24 Apr 2018 20:22 WIB",https://www.cnnindonesia.com/nasional/20180424201457-32-293256/golkar-doakan-setnov-tabah-divonis-15-tahun-penjara,ADVERTISEMENT SCROLL TO CONTINUE WITH CONTENT
"Tepis Amien Rais, PAN Klaim Masih Buka Pintu Bagi Jokowi","Selasa, 24 Apr 2018 16:10 WIB",https://www.cnnindonesia.com/nasional/20180424140230-12-293108/tepis-amien-rais-pan-klaim-masih-buka-pintu-bagi-jokowi,ADVERTISEMENT SCROLL TO CONTINUE WITH CONTENT
Tokoh Lintas Agama Minta Edy-Ijeck Berdiri di Semua Golongan,"Selasa, 24 Apr 2018 13:55 WIB",https://www.cnnindonesia.com/nasional/20180424134126-32-293104/tokoh-lintas-agama-minta-edy-ijeck-berdiri-di-semua-golongan,ADVERTISEMENT SCROLL TO CONTINUE WITH CONTENT
"Usai Pemakaman Istri, George HW Bush Dilarikan ke Rumah Sakit","Selasa, 24 Apr 2018 06:43 WIB",https://www.cnnindonesia.com/internasional/20180424063921-134-293010/usai-pemakaman-istri-george-hw-bush-dilarikan-ke-rumah-sakit,ADVERTISEMENT SCROLL TO CONTINUE WITH CONTENT
Penjual Data Akun Facebook Ke Cambridge Analytica Minta Maaf,"Selasa, 24 Apr 2018 04:55 WIB",https://www.cnnindonesia.com/teknologi/20180424025204-192-293004/penjual-data-akun-facebook-ke-cambridge-analytica-minta-maaf,ADVERTISEMENT SCROLL TO CONTINUE WITH CONTENT
Fahri Hamzah Minta PKS Beri Tiket Capres ke Anis Matta,"Selasa, 24 Apr 2018 01:00 WIB",https://www.cnnindonesia.com/nasional/20180423191512-32-292955/fahri-hamzah-minta-pks-beri-tiket-capres-ke-anis-matta,ADVERTISEMENT SCROLL TO CONTINUE WITH CONTENT
SBY: Insya Allah Akan Ada Pemimpin-pemimpin Baru yang Amanah,"Senin, 23 Apr 2018 21:20 WIB",https://www.cnnindonesia.com/nasional/20180423202431-32-292979/sby-insya-allah-akan-ada-pemimpin-pemimpin-baru-yang-amanah,ADVERTISEMENT SCROLL TO CONTINUE WITH CONTENT
PKB Minta SBY Lebih Konkret soal Pemimpin Baru 2019,"Senin, 23 Apr 2018 20:07 WIB",https://www.cnnindonesia.com/nasional/20180423183930-32-292959/pkb-minta-sby-lebih-konkret-soal-pemimpin-baru-2019,ADVERTISEMENT SCROLL TO CONTINUE WITH CONTENT
Parpol Koalisi Tentukan Cawapres Jokowi Usai Pilkada,"Senin, 23 Apr 2018 19:14 WIB",https://www.cnnindonesia.com/nasional/20180423183237-32-292945/parpol-koalisi-tentukan-cawapres-jokowi-usai-pilkada,ADVERTISEMENT SCROLL TO CONTINUE WITH CONTENT
KPU Bantah Anggotanya Kampanyekan #2019GantiPresiden di Jambi,"Senin, 23 Apr 2018 18:19 WIB",https://www.cnnindonesia.com/nasional/20180423164052-32-292932/kpu-bantah-anggotanya-kampanyekan-2019gantipresiden-di-jambi,ADVERTISEMENT SCROLL TO CONTINUE WITH CONTENT
Akhir Masa Pendaftaran Capres di KPU Diusulkan 3 Agustus,"Senin, 23 Apr 2018 17:46 WIB",https://www.cnnindonesia.com/nasional/20180423170905-32-292924/akhir-masa-pendaftaran-capres-di-kpu-diusulkan-3-agustus,ADVERTISEMENT SCROLL TO CONTINUE WITH CONTENT
"Elektabilitas Dicap Merosot, Prabowo Tetap Andalan Gerindra","Senin, 23 Apr 2018 13:52 WIB",https://www.cnnindonesia.com/nasional/20180423132947-32-292841/elektabilitas-dicap-merosot-prabowo-tetap-andalan-gerindra,ADVERTISEMENT SCROLL TO CONTINUE WITH CONTENT
KPU Batal Ajukan Peninjauan Kembali Putusan PKPI,"Senin, 23 Apr 2018 12:27 WIB",https://www.cnnindonesia.com/nasional/20180423115730-32-292787/kpu-batal-ajukan-peninjauan-kembali-putusan-pkpi,ADVERTISEMENT SCROLL TO CONTINUE WITH CONTENT
Senyum Jokowi dan Tak Ingin Direcoki Elektabilitas Tinggi,"Senin, 23 Apr 2018 12:17 WIB",https://www.cnnindonesia.com/nasional/20180423115557-32-292806/senyum-jokowi-dan-tak-ingin-direcoki-elektabilitas-tinggi,ADVERTISEMENT SCROLL TO CONTINUE WITH CONTENT
Uganda Kenakan Pajak Rp375 Per Hari untuk Akses Media Sosial,"Senin, 23 Apr 2018 08:22 WIB",https://www.cnnindonesia.com/teknologi/20180420165109-185-292361/uganda-kenakan-pajak-rp375-per-hari-untuk-akses-media-sosial,ADVERTISEMENT SCROLL TO CONTINUE WITH CONTENT
'Sentilan' SBY dan Polemik Kasus Century,"Senin, 23 Apr 2018 06:42 WIB",https://www.cnnindonesia.com/nasional/20180422152639-32-292643/sentilan-sby-dan-polemik-kasus-century,ADVERTISEMENT SCROLL TO CONTINUE WITH CONTENT
Bom Bunuh Diri di Kantor Pemilu Afghanistan Tewaskan 57 Orang,"Minggu, 22 Apr 2018 23:20 WIB",https://www.cnnindonesia.com/internasional/20180422225712-120-292695/bom-bunuh-diri-di-kantor-pemilu-afghanistan-tewaskan-57-orang,ADVERTISEMENT SCROLL TO CONTINUE WITH CONTENT
"May Day, Buruh Bergerak Demo Jokowi soal Perpres TKA","Minggu, 22 Apr 2018 19:22 WIB",https://www.cnnindonesia.com/nasional/20180422191616-20-292679/may-day-buruh-bergerak-demo-jokowi-soal-perpres-tka,ADVERTISEMENT SCROLL TO CONTINUE WITH CONTENT
Relawan Dorong Gatot Tempel Gerindra Agar Bisa Terjun Pilpres,"Minggu, 22 Apr 2018 16:52 WIB",https://www.cnnindonesia.com/nasional/20180422163802-32-292649/relawan-dorong-gatot-tempel-gerindra-agar-bisa-terjun-pilpres,ADVERTISEMENT SCROLL TO CONTINUE WITH CONTENT
"Roy Suryo, Teguran SBY, dan Wacana Poros Ketiga","Minggu, 22 Apr 2018 15:38 WIB",https://www.cnnindonesia.com/nasional/20180422152443-32-292641/roy-suryo-teguran-sby-dan-wacana-poros-ketiga,ADVERTISEMENT SCROLL TO CONTINUE WITH CONTENT
Data Kemiskinan Laris Manis di Tahun Politik,"Sabtu, 21 Apr 2018 22:56 WIB",https://www.cnnindonesia.com/nasional/20180421181011-32-292538/data-kemiskinan-laris-manis-di-tahun-politik,ADVERTISEMENT SCROLL TO CONTINUE WITH CONTENT
"Dirundung Video Seks, Caleg Irak Mundur","Sabtu, 21 Apr 2018 18:28 WIB",https://www.cnnindonesia.com/internasional/20180421173645-120-292513/dirundung-video-seks-caleg-irak-mundur,ADVERTISEMENT SCROLL TO CONTINUE WITH CONTENT
Prabowo Sindir PPP Ketinggalan Informasi soal Pencapresan,"Sabtu, 21 Apr 2018 18:05 WIB",https://www.cnnindonesia.com/nasional/20180421165048-32-292510/prabowo-sindir-ppp-ketinggalan-informasi-soal-pencapresan,ADVERTISEMENT SCROLL TO CONTINUE WITH CONTENT
"Jokowi Capres Tunggal, Ada Parpol Terancam Tak Ikut Pemilu","Sabtu, 21 Apr 2018 15:53 WIB",https://www.cnnindonesia.com/nasional/20180421123316-32-292472/jokowi-capres-tunggal-ada-parpol-terancam-tak-ikut-pemilu,ADVERTISEMENT SCROLL TO CONTINUE WITH CONTENT
Perburuan Keliling Dunia Roi Rahmanto demi Koleksi Musik,Tanggal tidak ditemukan,https://www.cnnindonesia.com/hiburan/20180421105128-227-292465/perburuan-keliling-dunia-roi-rahmanto-demi-koleksi-musik,ADVERTISEMENT SCROLL TO CONTINUE WITH CONTENT
Persoalan Gatot Rebut Tiket Pilpres dan Bayang-bayang Prabowo,"Sabtu, 21 Apr 2018 09:27 WIB",https://www.cnnindonesia.com/nasional/20180420182253-32-292386/persoalan-gatot-rebut-tiket-pilpres-dan-bayang-bayang-prabowo,ADVERTISEMENT SCROLL TO CONTINUE WITH CONTENT
"SBY-PKS Akan Bertemu, PPP Yakin Demokrat Condong ke Jokowi","Jumat, 20 Apr 2018 21:10 WIB",https://www.cnnindonesia.com/nasional/20180420145736-32-292276/sby-pks-akan-bertemu-ppp-yakin-demokrat-condong-ke-jokowi,ADVERTISEMENT SCROLL TO CONTINUE WITH CONTENT
Menimbang Kans Cawapres Nonpartai untuk Jokowi,"Jumat, 20 Apr 2018 19:05 WIB",https://www.cnnindonesia.com/nasional/20180420144639-32-292365/menimbang-kans-cawapres-nonpartai-untuk-jokowi,ADVERTISEMENT SCROLL TO CONTINUE WITH CONTENT
AHY Hanya Bisa Daftar Capres di Hari Terakhir Pendaftaran,"Jumat, 20 Apr 2018 16:15 WIB",https://www.cnnindonesia.com/nasional/20180420140647-32-292254/ahy-hanya-bisa-daftar-capres-di-hari-terakhir-pendaftaran,ADVERTISEMENT SCROLL TO CONTINUE WITH CONTENT
"Romi-Sandi Bertemu, PPP Tetap Setia Dukung Jokowi","Jumat, 20 Apr 2018 15:20 WIB",https://www.cnnindonesia.com/nasional/20180420142749-32-292258/romi-sandi-bertemu-ppp-tetap-setia-dukung-jokowi,ADVERTISEMENT SCROLL TO CONTINUE WITH CONTENT
Amien Sebut Jokowi Otoriter dan Lebih Militer dari Prabowo,"Jumat, 20 Apr 2018 13:02 WIB",https://www.cnnindonesia.com/nasional/20180420104328-32-292181/amien-sebut-jokowi-otoriter-dan-lebih-militer-dari-prabowo,ADVERTISEMENT SCROLL TO CONTINUE WITH CONTENT
Cuitan SBY dan 'Rayuan' Koalisi Jokowi,"Jumat, 20 Apr 2018 09:58 WIB",https://www.cnnindonesia.com/nasional/20180420090259-32-292170/cuitan-sby-dan-rayuan-koalisi-jokowi,ADVERTISEMENT SCROLL TO CONTINUE WITH CONTENT
Amien Rais Anggap Mustahil Prabowo Beri Tiket Capres 2019,"Jumat, 20 Apr 2018 09:20 WIB",https://www.cnnindonesia.com/nasional/20180420081431-32-292165/amien-rais-anggap-mustahil-prabowo-beri-tiket-capres-2019,ADVERTISEMENT SCROLL TO CONTINUE WITH CONTENT
Amien Rais: PAN Bunuh Diri Jika Dukung Jokowi di Pilpres 2019,"Jumat, 20 Apr 2018 08:11 WIB",https://www.cnnindonesia.com/nasional/20180420072217-32-292158/amien-rais-pan-bunuh-diri-jika-dukung-jokowi-di-pilpres-2019,ADVERTISEMENT SCROLL TO CONTINUE WITH CONTENT
Rekomendasi Film Eropa yang Diputar di Europe on Screen,Tanggal tidak ditemukan,https://www.cnnindonesia.com/hiburan/20180419192101-220-292086/rekomendasi-film-eropa-yang-diputar-di-europe-on-screen,ADVERTISEMENT SCROLL TO CONTINUE WITH CONTENT
Fahri Hamzah: Kemungkinan Jokowi Kalah Masih Tinggi,"Jumat, 20 Apr 2018 04:14 WIB",https://www.cnnindonesia.com/nasional/20180419171354-32-292047/fahri-hamzah-kemungkinan-jokowi-kalah-masih-tinggi,ADVERTISEMENT SCROLL TO CONTINUE WITH CONTENT
KPU: Tak Ada Alasan untuk Kembalikan Pilkada ke DPRD,"Jumat, 20 Apr 2018 03:43 WIB",https://www.cnnindonesia.com/nasional/20180419193928-32-292098/kpu-tak-ada-alasan-untuk-kembalikan-pilkada-ke-dprd,ADVERTISEMENT SCROLL TO CONTINUE WITH CONTENT
Waketum Gerindra Duga Wiranto Sandera SBY Lewat Kasus Century,"Jumat, 20 Apr 2018 03:23 WIB",https://www.cnnindonesia.com/nasional/20180420031806-32-292154/waketum-gerindra-duga-wiranto-sandera-sby-lewat-kasus-century,ADVERTISEMENT SCROLL TO CONTINUE WITH CONTENT
Gerindra Jajaki Koalisi dengan PPP,"Kamis, 19 Apr 2018 22:34 WIB",https://www.cnnindonesia.com/nasional/20180419222737-32-292126/gerindra-jajaki-koalisi-dengan-ppp,ADVERTISEMENT SCROLL TO CONTINUE WITH CONTENT
Dewan Pertimbangan PPP Bantah Ada Bedol Desa ke PBB,"Kamis, 19 Apr 2018 22:07 WIB",https://www.cnnindonesia.com/nasional/20180419214602-32-292118/dewan-pertimbangan-ppp-bantah-ada-bedol-desa-ke-pbb,ADVERTISEMENT SCROLL TO CONTINUE WITH CONTENT
PKS Minta Prabowo Segera Deklarasi Capres dan Cawapres,"Kamis, 19 Apr 2018 21:11 WIB",https://www.cnnindonesia.com/nasional/20180419191830-32-292097/pks-minta-prabowo-segera-deklarasi-capres-dan-cawapres,ADVERTISEMENT SCROLL TO CONTINUE WITH CONTENT
Mahfud MD Prediksi Jokowi Lawan Gatot di Pilpres 2019,"Kamis, 19 Apr 2018 13:34 WIB",https://www.cnnindonesia.com/nasional/20180419130626-32-291960/mahfud-md-prediksi-jokowi-lawan-gatot-di-pilpres-2019,ADVERTISEMENT SCROLL TO CONTINUE WITH CONTENT
"Bocor Data Facebook, Strategi Donald Trump, dan Pilpres 2019","Kamis, 19 Apr 2018 13:11 WIB",https://www.cnnindonesia.com/nasional/20180419121109-32-291945/bocor-data-facebook-strategi-donald-trump-dan-pilpres-2019,ADVERTISEMENT SCROLL TO CONTINUE WITH CONTENT
Erdogan Umumkan Bakal Gelar Pemilu Sela 24 Juni,"Kamis, 19 Apr 2018 09:43 WIB",https://www.cnnindonesia.com/internasional/20180419082505-134-291895/erdogan-umumkan-bakal-gelar-pemilu-sela-24-juni,ADVERTISEMENT SCROLL TO CONTINUE WITH CONTENT
Mendagri Sindir Fadli Zon yang Sering Kritik Pemerintah,"Kamis, 19 Apr 2018 05:56 WIB",https://www.cnnindonesia.com/nasional/20180418142021-32-291725/mendagri-sindir-fadli-zon-yang-sering-kritik-pemerintah,ADVERTISEMENT SCROLL TO CONTINUE WITH CONTENT
Wiranto Sebut Safari Politik Tak Terkait Paslon Pilpres 2019,"Kamis, 19 Apr 2018 04:03 WIB",https://www.cnnindonesia.com/nasional/20180418203513-32-291829/wiranto-sebut-safari-politik-tak-terkait-paslon-pilpres-2019,ADVERTISEMENT SCROLL TO CONTINUE WITH CONTENT
KPU Tetapkan Jumlah Dapil dan Kursi Pemilu 2019,"Kamis, 19 Apr 2018 01:00 WIB",https://www.cnnindonesia.com/nasional/20180418181605-32-291797/kpu-tetapkan-jumlah-dapil-dan-kursi-pemilu-2019,ADVERTISEMENT SCROLL TO CONTINUE WITH CONTENT
Menag Ingatkan Ulama Tak Ceramah Politik di Masjid,"Rabu, 18 Apr 2018 23:40 WIB",https://www.cnnindonesia.com/nasional/20180418214531-32-291844/menag-ingatkan-ulama-tak-ceramah-politik-di-masjid,ADVERTISEMENT SCROLL TO CONTINUE WITH CONTENT
PKB dan PPP Saling Sindir soal Kedekatan dengan Jokowi,"Rabu, 18 Apr 2018 22:58 WIB",https://www.cnnindonesia.com/nasional/20180418224545-32-291860/pkb-dan-ppp-saling-sindir-soal-kedekatan-dengan-jokowi,ADVERTISEMENT SCROLL TO CONTINUE WITH CONTENT
Jaksa Agung Sindir SBY: Cuma Tarzan Yang Pakai Hukum Rimba,"Rabu, 18 Apr 2018 19:01 WIB",https://www.cnnindonesia.com/nasional/20180418175855-32-291795/jaksa-agung-sindir-sby-cuma-tarzan-yang-pakai-hukum-rimba,ADVERTISEMENT SCROLL TO CONTINUE WITH CONTENT
PPATK Endus Puluhan Transaksi Mencurigakan Jelang Pilkada,"Rabu, 18 Apr 2018 18:50 WIB",https://www.cnnindonesia.com/nasional/20180418171804-32-291784/ppatk-endus-puluhan-transaksi-mencurigakan-jelang-pilkada,ADVERTISEMENT SCROLL TO CONTINUE WITH CONTENT
"Kader PPP Gabung ke PBB, Yusril Yakin Lolos ke DPR","Rabu, 18 Apr 2018 18:38 WIB",https://www.cnnindonesia.com/nasional/20180418180951-32-291796/kader-ppp-gabung-ke-pbb-yusril-yakin-lolos-ke-dpr,ADVERTISEMENT SCROLL TO CONTINUE WITH CONTENT
PDIP Minta SBY Jelaskan soal Kicauan Hukum Rimba,"Rabu, 18 Apr 2018 17:30 WIB",https://www.cnnindonesia.com/nasional/20180418170653-32-291778/pdip-minta-sby-jelaskan-soal-kicauan-hukum-rimba,ADVERTISEMENT SCROLL TO CONTINUE WITH CONTENT
PDIP Sebut Pertemuan Wiranto dan SBY untuk Cari Titik Temu,"Rabu, 18 Apr 2018 17:11 WIB",https://www.cnnindonesia.com/nasional/20180418135603-32-291707/pdip-sebut-pertemuan-wiranto-dan-sby-untuk-cari-titik-temu,ADVERTISEMENT SCROLL TO CONTINUE WITH CONTENT
Penjelasan Wiranto Soal Pertemuan SBY dan Cawapres 2019,"Rabu, 18 Apr 2018 14:43 WIB",https://www.cnnindonesia.com/nasional/20180418134219-32-291708/penjelasan-wiranto-soal-pertemuan-sby-dan-cawapres-2019,ADVERTISEMENT SCROLL TO CONTINUE WITH CONTENT
"Tak Hanya Temui SBY, Wiranto Juga Safari ke Ketum Parpol Lain","Rabu, 18 Apr 2018 14:37 WIB",https://www.cnnindonesia.com/nasional/20180418142334-32-291716/tak-hanya-temui-sby-wiranto-juga-safari-ke-ketum-parpol-lain,ADVERTISEMENT SCROLL TO CONTINUE WITH CONTENT
"Soal Hukum Rimba SBY, Demokrat Ingatkan Partai Penguasa","Rabu, 18 Apr 2018 09:54 WIB",https://www.cnnindonesia.com/nasional/20180418083935-32-291601/soal-hukum-rimba-sby-demokrat-ingatkan-partai-penguasa,ADVERTISEMENT SCROLL TO CONTINUE WITH CONTENT
Bedol Desa PPP ke PBB Jadi Lampu Merah untuk Romy,"Rabu, 18 Apr 2018 09:47 WIB",https://www.cnnindonesia.com/nasional/20180418081929-32-291616/bedol-desa-ppp-ke-pbb-jadi-lampu-merah-untuk-romy,ADVERTISEMENT SCROLL TO CONTINUE WITH CONTENT
Fahri Hamzah 'Ajari' Sohibul Iman Cara Dekati Prabowo,"Rabu, 18 Apr 2018 07:54 WIB",https://www.cnnindonesia.com/nasional/20180417203433-32-291536/fahri-hamzah-ajari-sohibul-iman-cara-dekati-prabowo,ADVERTISEMENT SCROLL TO CONTINUE WITH CONTENT
Eggi Sudjana Luruskan Maksud 'Partai Setan' Amien Rais,"Rabu, 18 Apr 2018 07:33 WIB",https://www.cnnindonesia.com/nasional/20180417160534-12-291459/eggi-sudjana-luruskan-maksud-partai-setan-amien-rais,ADVERTISEMENT SCROLL TO CONTINUE WITH CONTENT
Ahmad Heryawan Belum Pikirkan Pilpres 2019,"Rabu, 18 Apr 2018 04:46 WIB",https://www.cnnindonesia.com/nasional/20180417134505-32-291400/ahmad-heryawan-belum-pikirkan-pilpres-2019,ADVERTISEMENT SCROLL TO CONTINUE WITH CONTENT
KPU Gunakan Kotak Suara Keliling untuk Negara-negara Konflik,"Rabu, 18 Apr 2018 02:53 WIB",https://www.cnnindonesia.com/nasional/20180417143134-32-291415/kpu-gunakan-kotak-suara-keliling-untuk-negara-negara-konflik,ADVERTISEMENT SCROLL TO CONTINUE WITH CONTENT
Bawaslu Biarkan Baliho Capres Tanpa Lambang dan Nomor Parpol,"Rabu, 18 Apr 2018 01:54 WIB",https://www.cnnindonesia.com/nasional/20180417205122-32-291554/bawaslu-biarkan-baliho-capres-tanpa-lambang-dan-nomor-parpol,ADVERTISEMENT SCROLL TO CONTINUE WITH CONTENT
PKPI Masih Dilanda Konflik Internal Meski Resmi Ikut Pemilu,"Rabu, 18 Apr 2018 00:53 WIB",https://www.cnnindonesia.com/nasional/20180417202100-32-291535/pkpi-masih-dilanda-konflik-internal-meski-resmi-ikut-pemilu,ADVERTISEMENT SCROLL TO CONTINUE WITH CONTENT
Harjono Pimpin Pansel Hakim MK Pengganti Maria Farida,"Selasa, 17 Apr 2018 22:16 WIB",https://www.cnnindonesia.com/nasional/20180417163737-12-291468/harjono-pimpin-pansel-hakim-mk-pengganti-maria-farida,ADVERTISEMENT SCROLL TO CONTINUE WITH CONTENT
PPP Tak Heran dengan Kader yang Pindah ke PBB,"Selasa, 17 Apr 2018 21:58 WIB",https://www.cnnindonesia.com/nasional/20180417205622-32-291549/ppp-tak-heran-dengan-kader-yang-pindah-ke-pbb,ADVERTISEMENT SCROLL TO CONTINUE WITH CONTENT
Waketum Gerindra Sebut Ada Partai Hijau Akan Gabung Prabowo,"Selasa, 17 Apr 2018 20:56 WIB",https://www.cnnindonesia.com/nasional/20180417202652-32-291533/waketum-gerindra-sebut-ada-partai-hijau-akan-gabung-prabowo,ADVERTISEMENT SCROLL TO CONTINUE WITH CONTENT
"Sebut Cak Imin Ngebet Cawapres, Golkar 'Tagih' Dukungan PKB","Selasa, 17 Apr 2018 20:41 WIB",https://www.cnnindonesia.com/nasional/20180417195440-32-291527/sebut-cak-imin-ngebet-cawapres-golkar-tagih-dukungan-pkb,ADVERTISEMENT SCROLL TO CONTINUE WITH CONTENT
"Setahun Jelang Pilpres, SBY Berharap Hukum Rimba Tak Berlaku","Selasa, 17 Apr 2018 18:19 WIB",https://www.cnnindonesia.com/nasional/20180417173550-32-291488/setahun-jelang-pilpres-sby-berharap-hukum-rimba-tak-berlaku,ADVERTISEMENT SCROLL TO CONTINUE WITH CONTENT
Trump Tolak Tambah Sanksi Rusia terkait Senjata Kimia Suriah,"Selasa, 17 Apr 2018 18:02 WIB",https://www.cnnindonesia.com/internasional/20180417150641-134-291425/trump-tolak-tambah-sanksi-rusia-terkait-senjata-kimia-suriah,ADVERTISEMENT SCROLL TO CONTINUE WITH CONTENT
"Pindah ke PBB, Elite PPP Klaim Bisa Bawa 2 Juta Suara","Selasa, 17 Apr 2018 17:44 WIB",https://www.cnnindonesia.com/nasional/20180417173709-32-291484/pindah-ke-pbb-elite-ppp-klaim-bisa-bawa-2-juta-suara,ADVERTISEMENT SCROLL TO CONTINUE WITH CONTENT
Presiden Baru Myanmar Ampuni 8.000 Tahanan,"Selasa, 17 Apr 2018 13:17 WIB",https://www.cnnindonesia.com/internasional/20180417122532-106-291366/presiden-baru-myanmar-ampuni-8000-tahanan,ADVERTISEMENT SCROLL TO CONTINUE WITH CONTENT
"Dirayu Yusril Masuk PBB, Lulung Siap 'Bedol Desa' dari PPP","Selasa, 17 Apr 2018 11:12 WIB",https://www.cnnindonesia.com/nasional/20180417110228-32-291345/dirayu-yusril-masuk-pbb-lulung-siap-bedol-desa-dari-ppp,ADVERTISEMENT SCROLL TO CONTINUE WITH CONTENT
"Jika DPR Menolak, KPU Tetap Larang eks Koruptor 'Nyaleg'","Selasa, 17 Apr 2018 07:07 WIB",https://www.cnnindonesia.com/nasional/20180417064634-32-291297/jika-dpr-menolak-kpu-tetap-larang-eks-koruptor-nyaleg,ADVERTISEMENT SCROLL TO CONTINUE WITH CONTENT
Komisioner KPU Tak Gentar Hadapi Laporan Hendropriyono,"Selasa, 17 Apr 2018 01:26 WIB",https://www.cnnindonesia.com/nasional/20180416212514-12-291267/komisioner-kpu-tak-gentar-hadapi-laporan-hendropriyono,ADVERTISEMENT SCROLL TO CONTINUE WITH CONTENT
