Judul,Tanggal,Link,Isi Berita
Gatot Nurmantyo Ibaratkan Koalisi Jokowi Hegemoni Partai,"Rabu, 25 Jul 2018 05:22 WIB",https://www.cnnindonesia.com/nasional/20180724163308-32-316640/gatot-nurmantyo-ibaratkan-koalisi-jokowi-hegemoni-partai,ADVERTISEMENT SCROLL TO CONTINUE WITH CONTENT
"Tentukan Nasib JK, PDIP Tunggu Putusan MK","Rabu, 25 Jul 2018 04:57 WIB",https://www.cnnindonesia.com/nasional/20180724201436-32-316716/tentukan-nasib-jk-pdip-tunggu-putusan-mk,ADVERTISEMENT SCROLL TO CONTINUE WITH CONTENT
Sudirman Said Duga Jokowi Dorong JK sebagai Pihak Terkait,"Rabu, 25 Jul 2018 04:30 WIB",https://www.cnnindonesia.com/nasional/20180724190130-32-316709/sudirman-said-duga-jokowi-dorong-jk-sebagai-pihak-terkait,ADVERTISEMENT SCROLL TO CONTINUE WITH CONTENT
Bawaslu Limpahkan Sanksi PNS Tak Netral di Pilkada ke Pemda,"Rabu, 25 Jul 2018 03:50 WIB",https://www.cnnindonesia.com/nasional/20180724143343-20-316581/bawaslu-limpahkan-sanksi-pns-tak-netral-di-pilkada-ke-pemda,ADVERTISEMENT SCROLL TO CONTINUE WITH CONTENT
"Diminta Ikut Garap Masalah Bangsa, Anies Akui Jalani Takdir","Rabu, 25 Jul 2018 03:14 WIB",https://www.cnnindonesia.com/nasional/20180724140423-32-316564/diminta-ikut-garap-masalah-bangsa-anies-akui-jalani-takdir,ADVERTISEMENT SCROLL TO CONTINUE WITH CONTENT
Kemunculan Riza Chalid Dicurigai Sarat Kepentingan Mafia,"Rabu, 25 Jul 2018 01:54 WIB",https://www.cnnindonesia.com/nasional/20180724192424-32-316704/kemunculan-riza-chalid-dicurigai-sarat-kepentingan-mafia,ADVERTISEMENT SCROLL TO CONTINUE WITH CONTENT
Gatot Masih Optimis Soal Dukungan Jadi Capres atau Cawapres,"Rabu, 25 Jul 2018 00:36 WIB",https://www.cnnindonesia.com/nasional/20180725000955-32-316747/gatot-masih-optimis-soal-dukungan-jadi-capres-atau-cawapres,ADVERTISEMENT SCROLL TO CONTINUE WITH CONTENT
SBY Soroti 100 Juta Orang Miskin Era Jokowi,"Selasa, 24 Jul 2018 23:01 WIB",https://www.cnnindonesia.com/nasional/20180724221604-32-316744/sby-soroti-100-juta-orang-miskin-era-jokowi,ADVERTISEMENT SCROLL TO CONTINUE WITH CONTENT
SBY Ungkap Hambatan Penjajakan dengan Jokowi Selama Setahun,"Selasa, 24 Jul 2018 22:38 WIB",https://www.cnnindonesia.com/nasional/20180724221729-32-316743/sby-ungkap-hambatan-penjajakan-dengan-jokowi-selama-setahun,ADVERTISEMENT SCROLL TO CONTINUE WITH CONTENT
Menperin Ingin Kerek Kandungan Biodiesel di Solar 100 Persen,"Selasa, 24 Jul 2018 22:05 WIB",https://www.cnnindonesia.com/ekonomi/20180724201325-85-316715/menperin-ingin-kerek-kandungan-biodiesel-di-solar-100-persen,ADVERTISEMENT SCROLL TO CONTINUE WITH CONTENT
Koalisi SBY-Prabowo Terbuka Lebar Lawan Jokowi,"Selasa, 24 Jul 2018 21:55 WIB",https://www.cnnindonesia.com/nasional/20180724201215-32-316713/koalisi-sby-prabowo-terbuka-lebar-lawan-jokowi,ADVERTISEMENT SCROLL TO CONTINUE WITH CONTENT
"Jadi Caleg Gerindra, Sudirman Said Ingin Ikat Massa di Jateng","Selasa, 24 Jul 2018 21:50 WIB",https://www.cnnindonesia.com/nasional/20180724174243-32-316664/jadi-caleg-gerindra-sudirman-said-ingin-ikat-massa-di-jateng,ADVERTISEMENT SCROLL TO CONTINUE WITH CONTENT
"Temui Jokowi, Zulhas Belum Tegaskan Sikap PAN di Pilpres 2019","Selasa, 24 Jul 2018 21:18 WIB",https://www.cnnindonesia.com/nasional/20180724210352-32-316732/temui-jokowi-zulhas-belum-tegaskan-sikap-pan-di-pilpres-2019,ADVERTISEMENT SCROLL TO CONTINUE WITH CONTENT
"Resmi Jadi Cebong, Hasto Yakin Kapitra Sokong Jokowi","Selasa, 24 Jul 2018 21:17 WIB",https://www.cnnindonesia.com/nasional/20180724205213-32-316729/resmi-jadi-cebong-hasto-yakin-kapitra-sokong-jokowi,ADVERTISEMENT SCROLL TO CONTINUE WITH CONTENT
"OSO Sebut Airlangga, Cak Imin, dan Romi Legowo soal Cawapres","Selasa, 24 Jul 2018 20:49 WIB",https://www.cnnindonesia.com/nasional/20180724144435-32-316583/oso-sebut-airlangga-cak-imin-dan-romi-legowo-soal-cawapres,ADVERTISEMENT SCROLL TO CONTINUE WITH CONTENT
PDIP Minta Demokrat Tegas Seperti TGB soal Pilpres 2019,"Selasa, 24 Jul 2018 20:42 WIB",https://www.cnnindonesia.com/nasional/20180724193110-32-316698/pdip-minta-demokrat-tegas-seperti-tgb-soal-pilpres-2019,ADVERTISEMENT SCROLL TO CONTINUE WITH CONTENT
Hasto Buka Peluang untuk TGB Masuk PDIP,"Selasa, 24 Jul 2018 19:14 WIB",https://www.cnnindonesia.com/nasional/20180724173012-32-316659/hasto-buka-peluang-untuk-tgb-masuk-pdip,ADVERTISEMENT SCROLL TO CONTINUE WITH CONTENT
"Jadi Kader PDIP, Kapitra Tafsirkan Makna Cebong dalam Islam","Selasa, 24 Jul 2018 18:32 WIB",https://www.cnnindonesia.com/nasional/20180724170216-32-316651/jadi-kader-pdip-kapitra-tafsirkan-makna-cebong-dalam-islam,ADVERTISEMENT SCROLL TO CONTINUE WITH CONTENT
Relawan Jokowi Ingatkan JK Junjung Tinggi Agenda Reformasi,"Selasa, 24 Jul 2018 17:52 WIB",https://www.cnnindonesia.com/nasional/20180724134925-32-316576/relawan-jokowi-ingatkan-jk-junjung-tinggi-agenda-reformasi,ADVERTISEMENT SCROLL TO CONTINUE WITH CONTENT
PDIP Pastikan TGB Masuk Tim Sukses Jokowi di Pilpres 2019,"Selasa, 24 Jul 2018 17:32 WIB",https://www.cnnindonesia.com/nasional/20180724162155-32-316637/pdip-pastikan-tgb-masuk-tim-sukses-jokowi-di-pilpres-2019,ADVERTISEMENT SCROLL TO CONTINUE WITH CONTENT
Gatot Akui Peluangnya Jadi Capres-Cawapres Kecil,"Selasa, 24 Jul 2018 17:11 WIB",https://www.cnnindonesia.com/nasional/20180724164148-32-316646/gatot-akui-peluangnya-jadi-capres-cawapres-kecil,ADVERTISEMENT SCROLL TO CONTINUE WITH CONTENT
Jokowi Bakal Kerek Anggaran Bantuan PKH Jadi Rp31 T di 2019,"Selasa, 24 Jul 2018 16:54 WIB",https://www.cnnindonesia.com/ekonomi/20180724160523-92-316629/jokowi-bakal-kerek-anggaran-bantuan-pkh-jadi-rp31-t-di-2019,ADVERTISEMENT SCROLL TO CONTINUE WITH CONTENT
"Kapitra: Kalau Jokowi Lawan Rizieq, Saya Pilih Rizieq","Selasa, 24 Jul 2018 16:35 WIB",https://www.cnnindonesia.com/nasional/20180724162425-32-316631/kapitra-kalau-jokowi-lawan-rizieq-saya-pilih-rizieq,ADVERTISEMENT SCROLL TO CONTINUE WITH CONTENT
JK soal Gugatan Cawapres di MK: Ambisi Saya Istirahat,"Selasa, 24 Jul 2018 16:29 WIB",https://www.cnnindonesia.com/nasional/20180724160406-32-316627/jk-soal-gugatan-cawapres-di-mk-ambisi-saya-istirahat,ADVERTISEMENT SCROLL TO CONTINUE WITH CONTENT
Sekjen PPP Sebut Jokowi Umumkan Cawapres 9 atau 10 Agustus,"Selasa, 24 Jul 2018 15:49 WIB",https://www.cnnindonesia.com/nasional/20180724132619-32-316554/sekjen-ppp-sebut-jokowi-umumkan-cawapres-9-atau-10-agustus,ADVERTISEMENT SCROLL TO CONTINUE WITH CONTENT
"Kapitra Ampera:Please, Call MeCebong","Selasa, 24 Jul 2018 14:53 WIB",https://www.cnnindonesia.com/nasional/20180724144218-32-316587/kapitra-ampera-please-call-me-cebong,ADVERTISEMENT SCROLL TO CONTINUE WITH CONTENT
"OSO: Cawapres di Tangan Jokowi, Koalisi 'Nonton Bola Saja'","Selasa, 24 Jul 2018 14:40 WIB",https://www.cnnindonesia.com/nasional/20180724140530-32-316563/oso-cawapres-di-tangan-jokowi-koalisi-nonton-bola-saja,ADVERTISEMENT SCROLL TO CONTINUE WITH CONTENT
Tabir Rahasia Cawapres Jokowi,"Selasa, 24 Jul 2018 14:18 WIB",https://www.cnnindonesia.com/nasional/20180724105002-33-316545/tabir-rahasia-cawapres-jokowi,ADVERTISEMENT SCROLL TO CONTINUE WITH CONTENT
Cerita Anies Digandeng Prabowo saat Masih di Lingkaran Jokowi,"Selasa, 24 Jul 2018 12:19 WIB",https://www.cnnindonesia.com/nasional/20180724115134-32-316525/cerita-anies-digandeng-prabowo-saat-masih-di-lingkaran-jokowi,ADVERTISEMENT SCROLL TO CONTINUE WITH CONTENT
"Progres 74 Persen, Monumen Kapsul Waktu Rampung Oktober","Selasa, 24 Jul 2018 12:19 WIB",https://www.cnnindonesia.com/ekonomi/20180724121217-92-316534/progres-74-persen-monumen-kapsul-waktu-rampung-oktober,ADVERTISEMENT SCROLL TO CONTINUE WITH CONTENT
Demokrat Tak Bergantung Pada TGB yang Mundur demi Jokowi,"Selasa, 24 Jul 2018 11:37 WIB",https://www.cnnindonesia.com/nasional/20180724112548-32-316511/demokrat-tak-bergantung-pada-tgb-yang-mundur-demi-jokowi,ADVERTISEMENT SCROLL TO CONTINUE WITH CONTENT
JK di Bayang-bayang Rasionalitas Publik soal Cawapres,"Selasa, 24 Jul 2018 10:52 WIB",https://www.cnnindonesia.com/nasional/20180724101943-32-316491/jk-di-bayang-bayang-rasionalitas-publik-soal-cawapres,ADVERTISEMENT SCROLL TO CONTINUE WITH CONTENT
SBY dan Prabowo Matangkan Sikap Hadapi Pilpres 2019,"Selasa, 24 Jul 2018 09:32 WIB",https://www.cnnindonesia.com/nasional/20180724092212-20-316462/sby-dan-prabowo-matangkan-sikap-hadapi-pilpres-2019,ADVERTISEMENT SCROLL TO CONTINUE WITH CONTENT
Pamer Koalisi dan Strategi Saling Kunci Jokowi Vs Prabowo,"Selasa, 24 Jul 2018 08:44 WIB",https://www.cnnindonesia.com/nasional/20180724081702-32-316453/pamer-koalisi-dan-strategi-saling-kunci-jokowi-vs-prabowo,ADVERTISEMENT SCROLL TO CONTINUE WITH CONTENT
Koalisi Jokowi Buka Pintu untuk Partai yang Tak Happy Ending,"Selasa, 24 Jul 2018 08:24 WIB",https://www.cnnindonesia.com/nasional/20180724080422-32-316451/koalisi-jokowi-buka-pintu-untuk-partai-yang-tak-happy-ending,ADVERTISEMENT SCROLL TO CONTINUE WITH CONTENT
"Tanpa Dihadiri PKS, Pertemuan PA 212 Sepakat Usung Prabowo","Selasa, 24 Jul 2018 07:53 WIB",https://www.cnnindonesia.com/nasional/20180724073854-32-316446/tanpa-dihadiri-pks-pertemuan-pa-212-sepakat-usung-prabowo,ADVERTISEMENT SCROLL TO CONTINUE WITH CONTENT
MK Persempit Regenerasi Pemimpin Jika Kabulkan soal Cawapres,"Selasa, 24 Jul 2018 07:23 WIB",https://www.cnnindonesia.com/nasional/20180723181301-32-316374/mk-persempit-regenerasi-pemimpin-jika-kabulkan-soal-cawapres,ADVERTISEMENT SCROLL TO CONTINUE WITH CONTENT
Jokowi Disebut Tengah Godok Kenaikan Gaji Walikota dan Bupati,"Selasa, 24 Jul 2018 04:45 WIB",https://www.cnnindonesia.com/ekonomi/20180723203402-532-316414/jokowi-disebut-tengah-godok-kenaikan-gaji-walikota-dan-bupati,ADVERTISEMENT SCROLL TO CONTINUE WITH CONTENT
"Soal Lurah Pungli, Ketua DPRD Desak Anies Turun ke Jalan","Senin, 23 Jul 2018 23:47 WIB",https://www.cnnindonesia.com/nasional/20180723201209-20-316425/soal-lurah-pungli-ketua-dprd-desak-anies-turun-ke-jalan,ADVERTISEMENT SCROLL TO CONTINUE WITH CONTENT
Demokrat Doakan TGB Jadi Cawapres Jokowi,"Senin, 23 Jul 2018 22:25 WIB",https://www.cnnindonesia.com/nasional/20180723220440-32-316426/demokrat-doakan-tgb-jadi-cawapres-jokowi,ADVERTISEMENT SCROLL TO CONTINUE WITH CONTENT
NasDem: Pertemuan Istana Bogor Kerucutkan Cawapres Jokowi,"Senin, 23 Jul 2018 21:53 WIB",https://www.cnnindonesia.com/nasional/20180723213425-32-316423/nasdem-pertemuan-istana-bogor-kerucutkan-cawapres-jokowi,ADVERTISEMENT SCROLL TO CONTINUE WITH CONTENT
TGB Mundur dari Demokrat Terkait Dukungan ke Jokowi,"Senin, 23 Jul 2018 21:39 WIB",https://www.cnnindonesia.com/nasional/20180723212900-32-316420/tgb-mundur-dari-demokrat-terkait-dukungan-ke-jokowi,ADVERTISEMENT SCROLL TO CONTINUE WITH CONTENT
Survei Median Paparkan Elektabilitas Jokowi Hanya 35 Persen,"Senin, 23 Jul 2018 21:16 WIB",https://www.cnnindonesia.com/nasional/20180723204018-32-316417/survei-median-paparkan-elektabilitas-jokowi-hanya-35-persen,ADVERTISEMENT SCROLL TO CONTINUE WITH CONTENT
Waketum Gerindra Enggan Minta Maaf Usai Sebut AHY Anak Kecil,"Senin, 23 Jul 2018 20:58 WIB",https://www.cnnindonesia.com/nasional/20180723203909-32-316413/waketum-gerindra-enggan-minta-maaf-usai-sebut-ahy-anak-kecil,ADVERTISEMENT SCROLL TO CONTINUE WITH CONTENT
Rendang Koalisi Jokowi dan Enam Ketum Parpol di Istana Bogor,"Senin, 23 Jul 2018 20:39 WIB",https://www.cnnindonesia.com/nasional/20180723202150-32-316411/rendang-koalisi-jokowi-dan-enam-ketum-parpol-di-istana-bogor,ADVERTISEMENT SCROLL TO CONTINUE WITH CONTENT
Fahri Kicaukan 'Dosa-dosa Jokowi' soal Ideologi dan Persatuan,"Senin, 23 Jul 2018 20:16 WIB",https://www.cnnindonesia.com/nasional/20180723171304-32-316365/fahri-kicaukan-dosa-dosa-jokowi-soal-ideologi-dan-persatuan,ADVERTISEMENT SCROLL TO CONTINUE WITH CONTENT
Jokowi Dijadwalkan Bertemu Enam Ketum Parpol di Bogor,"Senin, 23 Jul 2018 18:45 WIB",https://www.cnnindonesia.com/nasional/20180723184058-32-316375/jokowi-dijadwalkan-bertemu-enam-ketum-parpol-di-bogor,ADVERTISEMENT SCROLL TO CONTINUE WITH CONTENT
Wali Kota Desak Jokowi Gelontorkan APBN untuk Dana Kelurahan,"Senin, 23 Jul 2018 17:33 WIB",https://www.cnnindonesia.com/ekonomi/20180723150555-532-316311/wali-kota-desak-jokowi-gelontorkan-apbn-untuk-dana-kelurahan,ADVERTISEMENT SCROLL TO CONTINUE WITH CONTENT
Prabowo Tegur Arief Poyuono karena Sebut AHY Anak Kecil,"Senin, 23 Jul 2018 14:36 WIB",https://www.cnnindonesia.com/nasional/20180723142236-32-316299/prabowo-tegur-arief-poyuono-karena-sebut-ahy-anak-kecil,ADVERTISEMENT SCROLL TO CONTINUE WITH CONTENT
Serikat Becak Tak Rela Anies 'Loncat Kayak Kodok' ke Istana,"Senin, 23 Jul 2018 13:10 WIB",https://www.cnnindonesia.com/nasional/20180723125154-32-316266/serikat-becak-tak-rela-anies-loncat-kayak-kodok-ke-istana,ADVERTISEMENT SCROLL TO CONTINUE WITH CONTENT
"Peta Politik di Tangan MK, Jokowi-JK atau Prabowo-Anies","Senin, 23 Jul 2018 11:40 WIB",https://www.cnnindonesia.com/nasional/20180723105828-32-316218/peta-politik-di-tangan-mk-jokowi-jk-atau-prabowo-anies,ADVERTISEMENT SCROLL TO CONTINUE WITH CONTENT
Jokowi Minta Wali Kota Bersiap Hadapi Revolusi Industri 4.0,"Senin, 23 Jul 2018 10:51 WIB",https://www.cnnindonesia.com/ekonomi/20180723103907-532-316204/jokowi-minta-wali-kota-bersiap-hadapi-revolusi-industri-40,ADVERTISEMENT SCROLL TO CONTINUE WITH CONTENT
Gerindra Persoalkan Muradi Jadi Ketua Tim Seleksi KPUD Jabar,"Senin, 23 Jul 2018 09:28 WIB",https://www.cnnindonesia.com/nasional/20180722203704-32-316128/gerindra-persoalkan-muradi-jadi-ketua-tim-seleksi-kpud-jabar,ADVERTISEMENT SCROLL TO CONTINUE WITH CONTENT
"Cak Imin: JK Bak Ferrari, Mewah tapi Tak Banyak Penumpang","Senin, 23 Jul 2018 01:59 WIB",https://www.cnnindonesia.com/nasional/20180723013827-32-316149/cak-imin-jk-bak-ferrari-mewah-tapi-tak-banyak-penumpang,ADVERTISEMENT SCROLL TO CONTINUE WITH CONTENT
"Soal Posisi Cawapres, Cak Imin Singgung Serban dan Jubah FPI","Senin, 23 Jul 2018 00:56 WIB",https://www.cnnindonesia.com/nasional/20180723004528-32-316147/soal-posisi-cawapres-cak-imin-singgung-serban-dan-jubah-fpi,ADVERTISEMENT SCROLL TO CONTINUE WITH CONTENT
Giring Kaitkan Fenomena Artis 'Nyaleg' dengan Jokowi,Tanggal tidak ditemukan,https://www.cnnindonesia.com/hiburan/20180722154956-234-316086/giring-kaitkan-fenomena-artis-nyaleg-dengan-jokowi,ADVERTISEMENT SCROLL TO CONTINUE WITH CONTENT
Jokowi ke Cak Imin Soal Cawapres: Janurnya Belum Melengkung,"Minggu, 22 Jul 2018 22:14 WIB",https://www.cnnindonesia.com/nasional/20180722220454-32-316142/jokowi-ke-cak-imin-soal-cawapres-janurnya-belum-melengkung,ADVERTISEMENT SCROLL TO CONTINUE WITH CONTENT
Jokowi Minta Ekosistem Industri Kreatif dievaluasi,Tanggal tidak ditemukan,https://www.cnnindonesia.com/hiburan/20180722191657-227-316120/jokowi-minta-ekosistem-industri-kreatif-dievaluasi,ADVERTISEMENT SCROLL TO CONTINUE WITH CONTENT
Demokrat Jatim Lebih Pilih Jokowi Ketimbang Prabowo,"Minggu, 22 Jul 2018 19:19 WIB",https://www.cnnindonesia.com/nasional/20180722190301-32-316118/demokrat-jatim-lebih-pilih-jokowi-ketimbang-prabowo,ADVERTISEMENT SCROLL TO CONTINUE WITH CONTENT
"Tampil Santai, Jokowi Kunjungi We The Fest 2018",Tanggal tidak ditemukan,https://www.cnnindonesia.com/hiburan/20180722173309-227-316109/tampil-santai-jokowi-kunjungi-we-the-fest-2018,ADVERTISEMENT SCROLL TO CONTINUE WITH CONTENT
"Akui Kecolongan, Dirjen PAS Minta Maaf ke Jokowi dan Rakyat","Minggu, 22 Jul 2018 00:48 WIB",https://www.cnnindonesia.com/nasional/20180722004142-12-316010/akui-kecolongan-dirjen-pas-minta-maaf-ke-jokowi-dan-rakyat,ADVERTISEMENT SCROLL TO CONTINUE WITH CONTENT
Jokowi Didesak Copot Menteri Yasonna Usai OTT Sukamiskin,"Sabtu, 21 Jul 2018 16:36 WIB",https://www.cnnindonesia.com/nasional/20180721153957-12-315964/jokowi-didesak-copot-menteri-yasonna-usai-ott-sukamiskin,ADVERTISEMENT SCROLL TO CONTINUE WITH CONTENT
Wiranto Kukuh DKN Tetap Dibutuhkan untuk Selesaikan Kasus HAM,"Sabtu, 21 Jul 2018 12:02 WIB",https://www.cnnindonesia.com/nasional/20180720205649-20-315860/wiranto-kukuh-dkn-tetap-dibutuhkan-untuk-selesaikan-kasus-ham,ADVERTISEMENT SCROLL TO CONTINUE WITH CONTENT
"Ke Jakarta, Menlu Malaysia akan Bertemu Presiden Jokowi","Sabtu, 21 Jul 2018 10:11 WIB",https://www.cnnindonesia.com/internasional/20180721101111-106-315897/ke-jakarta-menlu-malaysia-akan-bertemu-presiden-jokowi,ADVERTISEMENT SCROLL TO CONTINUE WITH CONTENT
"Tantowi Yahya Enggan Maju Caleg, Masih Betah Jadi Dubes","Sabtu, 21 Jul 2018 00:14 WIB",https://www.cnnindonesia.com/nasional/20180720124909-32-315652/tantowi-yahya-enggan-maju-caleg-masih-betah-jadi-dubes,ADVERTISEMENT SCROLL TO CONTINUE WITH CONTENT
Relawan-relawan Jokowi Akan Gelar Pertemuan di Sentul,"Jumat, 20 Jul 2018 22:21 WIB",https://www.cnnindonesia.com/nasional/20180720201955-32-315853/relawan-relawan-jokowi-akan-gelar-pertemuan-di-sentul,ADVERTISEMENT SCROLL TO CONTINUE WITH CONTENT
"Kumpul Bareng Anak-anak, Jokowi Ingat Lagu Chicha Koeswoyo","Jumat, 20 Jul 2018 21:41 WIB",https://www.cnnindonesia.com/nasional/20180720205842-20-315856/kumpul-bareng-anak-anak-jokowi-ingat-lagu-chicha-koeswoyo,ADVERTISEMENT SCROLL TO CONTINUE WITH CONTENT
Golkar Hormati JK Jadi Pihak Terkait Gugatan Cawapres,"Jumat, 20 Jul 2018 20:42 WIB",https://www.cnnindonesia.com/nasional/20180720202257-32-315851/golkar-hormati-jk-jadi-pihak-terkait-gugatan-cawapres,ADVERTISEMENT SCROLL TO CONTINUE WITH CONTENT
Airlangga: Tidak Ada Poros Ketiga di Pilpres 2019,"Jumat, 20 Jul 2018 20:25 WIB",https://www.cnnindonesia.com/nasional/20180720201125-32-315850/airlangga-tidak-ada-poros-ketiga-di-pilpres-2019,ADVERTISEMENT SCROLL TO CONTINUE WITH CONTENT
Ngabalin: Istilah Bagi-bagi Jabatan Datang dari Orang Syirik,"Jumat, 20 Jul 2018 19:50 WIB",https://www.cnnindonesia.com/nasional/20180720193503-32-315824/ngabalin-istilah-bagi-bagi-jabatan-datang-dari-orang-syirik,ADVERTISEMENT SCROLL TO CONTINUE WITH CONTENT
"Ali Ngabalin, Tameng Istana dan 'Komisaris Timses' Jokowi","Jumat, 20 Jul 2018 19:30 WIB",https://www.cnnindonesia.com/nasional/20180720180057-32-315789/ali-ngabalin-tameng-istana-dan-komisaris-timses-jokowi,ADVERTISEMENT SCROLL TO CONTINUE WITH CONTENT
Gerindra: Jokowi Masih Kesulitan Cari Cawapres 2019,"Jumat, 20 Jul 2018 18:44 WIB",https://www.cnnindonesia.com/nasional/20180720181856-32-315802/gerindra-jokowi-masih-kesulitan-cari-cawapres-2019,ADVERTISEMENT SCROLL TO CONTINUE WITH CONTENT
Geliat Cak Imin Sebar Posko JOIN Jadi Perhatian Jokowi,"Jumat, 20 Jul 2018 18:13 WIB",https://www.cnnindonesia.com/nasional/20180720160435-32-315741/geliat-cak-imin-sebar-posko-join-jadi-perhatian-jokowi,ADVERTISEMENT SCROLL TO CONTINUE WITH CONTENT
Jabatan Komisaris Ngabalin Dianggap Bagian 'Bagi-bagi Kue',"Jumat, 20 Jul 2018 18:06 WIB",https://www.cnnindonesia.com/nasional/20180720165857-32-315762/jabatan-komisaris-ngabalin-dianggap-bagian-bagi-bagi-kue,ADVERTISEMENT SCROLL TO CONTINUE WITH CONTENT
Jokowi 'Bombardir' 1.000 BLK Pesantren di Tahun Pilpres,"Jumat, 20 Jul 2018 18:06 WIB",https://www.cnnindonesia.com/ekonomi/20180720162849-92-315749/jokowi-bombardir-1000-blk-pesantren-di-tahun-pilpres,ADVERTISEMENT SCROLL TO CONTINUE WITH CONTENT
JK Diajukan sebagai Pihak Terkait Gugatan soal Cawapres,"Jumat, 20 Jul 2018 17:49 WIB",https://www.cnnindonesia.com/nasional/20180720171511-32-315765/jk-diajukan-sebagai-pihak-terkait-gugatan-soal-cawapres,ADVERTISEMENT SCROLL TO CONTINUE WITH CONTENT
Ma'ruf Amin soal Cawapres: Kalau Negara Memanggil Harus Siap,"Jumat, 20 Jul 2018 16:58 WIB",https://www.cnnindonesia.com/nasional/20180720163038-32-315748/maruf-amin-soal-cawapres-kalau-negara-memanggil-harus-siap,ADVERTISEMENT SCROLL TO CONTINUE WITH CONTENT
Gerindra Klaim Demokrat Cenderung ke Prabowo Ketimbang Jokowi,"Jumat, 20 Jul 2018 15:27 WIB",https://www.cnnindonesia.com/nasional/20180720135945-32-315684/gerindra-klaim-demokrat-cenderung-ke-prabowo-ketimbang-jokowi,ADVERTISEMENT SCROLL TO CONTINUE WITH CONTENT
"Ngabalin Jadi Komisaris AP I, Proyek BUMN Rentan Dipolitisasi","Jumat, 20 Jul 2018 14:27 WIB",https://www.cnnindonesia.com/nasional/20180720131818-32-315683/ngabalin-jadi-komisaris-ap-i-proyek-bumn-rentan-dipolitisasi,ADVERTISEMENT SCROLL TO CONTINUE WITH CONTENT
Jokowi Sebut Biodisel Hemat Devisa Rp300 Miliar per Hari,"Jumat, 20 Jul 2018 14:09 WIB",https://www.cnnindonesia.com/ekonomi/20180720135525-85-315682/jokowi-sebut-biodisel-hemat-devisa-rp300-miliar-per-hari,ADVERTISEMENT SCROLL TO CONTINUE WITH CONTENT
RI-Brunei Sepakat MoU Perlindungan TKI Selesai Akhir Tahun,"Jumat, 20 Jul 2018 14:03 WIB",https://www.cnnindonesia.com/internasional/20180720134943-106-315668/ri-brunei-sepakat-mou-perlindungan-tki-selesai-akhir-tahun,ADVERTISEMENT SCROLL TO CONTINUE WITH CONTENT
Golkar Ultimatum Ngabalin Pilih Komisaris atau Caleg,"Jumat, 20 Jul 2018 13:32 WIB",https://www.cnnindonesia.com/nasional/20180720131232-32-315659/golkar-ultimatum-ngabalin-pilih-komisaris-atau-caleg,ADVERTISEMENT SCROLL TO CONTINUE WITH CONTENT
Ombudsman Selidiki Dugaan Maladministrasi Jabatan Ngabalin,"Jumat, 20 Jul 2018 13:00 WIB",https://www.cnnindonesia.com/nasional/20180720124233-20-315651/ombudsman-selidiki-dugaan-maladministrasi-jabatan-ngabalin,ADVERTISEMENT SCROLL TO CONTINUE WITH CONTENT
Hasto Ungkit Sikap Mengalah Megawati untuk Jokowi di Pilpres,"Jumat, 20 Jul 2018 12:35 WIB",https://www.cnnindonesia.com/nasional/20180720082953-32-315598/hasto-ungkit-sikap-mengalah-megawati-untuk-jokowi-di-pilpres,ADVERTISEMENT SCROLL TO CONTINUE WITH CONTENT
Masinton: Pengkritik Jokowi soal Riza Chalid bak Jaka Sembung,"Jumat, 20 Jul 2018 12:00 WIB",https://www.cnnindonesia.com/nasional/20180720111453-32-315639/masinton-pengkritik-jokowi-soal-riza-chalid-bak-jaka-sembung,ADVERTISEMENT SCROLL TO CONTINUE WITH CONTENT
"Ke Indonesia, Menlu Brunei Perkuat Perdagangan dan Pariwisata","Jumat, 20 Jul 2018 11:48 WIB",https://www.cnnindonesia.com/internasional/20180720112459-106-315636/ke-indonesia-menlu-brunei-perkuat-perdagangan-dan-pariwisata,ADVERTISEMENT SCROLL TO CONTINUE WITH CONTENT
Kapitra: Kalau Kapal Perjuangan Sudah Sesak Bisa Mati Semua,"Jumat, 20 Jul 2018 10:03 WIB",https://www.cnnindonesia.com/nasional/20180720095013-32-315614/kapitra-kalau-kapal-perjuangan-sudah-sesak-bisa-mati-semua,ADVERTISEMENT SCROLL TO CONTINUE WITH CONTENT
"Hindari Innova, Mobil Mewah Angkut Tamu IMF-World Bank","Jumat, 20 Jul 2018 09:35 WIB",https://www.cnnindonesia.com/otomotif/20180719203449-579-315536/hindari-innova-mobil-mewah-angkut-tamu-imf-world-bank,ADVERTISEMENT SCROLL TO CONTINUE WITH CONTENT ADVERTISEMENT SCROLL TO CONTINUE WITH CONTENT
"Riza Chalid, Hilang di 'Papa Minta Saham' Muncul di NasDem","Jumat, 20 Jul 2018 08:28 WIB",https://www.cnnindonesia.com/nasional/20180720064139-32-315575/riza-chalid-hilang-di-papa-minta-saham-muncul-di-nasdem,ADVERTISEMENT SCROLL TO CONTINUE WITH CONTENT
Jokowi Minta Lulusan Akademi TNI dan Polri Jaga Intergitas,"Jumat, 20 Jul 2018 05:45 WIB",https://www.cnnindonesia.com/nasional/20180719114618-12-315340/jokowi-minta-lulusan-akademi-tni-dan-polri-jaga-intergitas,ADVERTISEMENT SCROLL TO CONTINUE WITH CONTENT
"Survei LIPI: Demokrasi Kian Dipercaya, Parpol Makin Dijauhi","Jumat, 20 Jul 2018 03:06 WIB",https://www.cnnindonesia.com/nasional/20180720025810-32-315566/survei-lipi-demokrasi-kian-dipercaya-parpol-makin-dijauhi,ADVERTISEMENT SCROLL TO CONTINUE WITH CONTENT
Kemenristekdikti Jawab Tuntutan Demo Dokter Muda soal Ijazah,"Kamis, 19 Jul 2018 22:50 WIB",https://www.cnnindonesia.com/nasional/20180719200718-20-315532/kemenristekdikti-jawab-tuntutan-demo-dokter-muda-soal-ijazah,ADVERTISEMENT SCROLL TO CONTINUE WITH CONTENT
Keluarga Korban Pelanggaran HAM Ogah Bicara dengan Moeldoko,"Kamis, 19 Jul 2018 20:41 WIB",https://www.cnnindonesia.com/nasional/20180719200218-12-315530/keluarga-korban-pelanggaran-ham-ogah-bicara-dengan-moeldoko,ADVERTISEMENT SCROLL TO CONTINUE WITH CONTENT
Hariyono Jabat Plt Kepala BPIP Gantikan Yudi Latif,"Kamis, 19 Jul 2018 18:58 WIB",https://www.cnnindonesia.com/nasional/20180719184356-32-315516/hariyono-jabat-plt-kepala-bpip-gantikan-yudi-latif,ADVERTISEMENT SCROLL TO CONTINUE WITH CONTENT
"Ngabalin Jadi Komisaris, Fadli Cap BUMN Sarang Timses Jokowi","Kamis, 19 Jul 2018 18:36 WIB",https://www.cnnindonesia.com/nasional/20180719182639-32-315511/ngabalin-jadi-komisaris-fadli-cap-bumn-sarang-timses-jokowi,ADVERTISEMENT SCROLL TO CONTINUE WITH CONTENT
Bamsoet Sebut Lebih Baik PAN dan Demokrat Merapat ke Gerindra,"Kamis, 19 Jul 2018 18:19 WIB",https://www.cnnindonesia.com/nasional/20180719174801-32-315490/bamsoet-sebut-lebih-baik-pan-dan-demokrat-merapat-ke-gerindra,ADVERTISEMENT SCROLL TO CONTINUE WITH CONTENT
Jaksa Agung: Kasus 'Papa Minta Saham' Riza Chalid Selesai,"Kamis, 19 Jul 2018 16:40 WIB",https://www.cnnindonesia.com/nasional/20180719163002-12-315458/jaksa-agung-kasus-papa-minta-saham-riza-chalid-selesai,ADVERTISEMENT SCROLL TO CONTINUE WITH CONTENT
Target Pertumbuhan Ekonomi 2019 di Bawah Rencana Awal Jokowi,"Kamis, 19 Jul 2018 16:24 WIB",https://www.cnnindonesia.com/ekonomi/20180719102911-532-315301/target-pertumbuhan-ekonomi-2019-di-bawah-rencana-awal-jokowi,ADVERTISEMENT SCROLL TO CONTINUE WITH CONTENT
"Riza Chalid Ikut Kuliah Jokowi, Luhut Tepis Isu Freeport","Kamis, 19 Jul 2018 15:55 WIB",https://www.cnnindonesia.com/nasional/20180719151835-32-315417/riza-chalid-ikut-kuliah-jokowi-luhut-tepis-isu-freeport,ADVERTISEMENT SCROLL TO CONTINUE WITH CONTENT
Cerita Anak Petani Berjuang Jadi Perwira TNI-Polri,"Kamis, 19 Jul 2018 15:17 WIB",https://www.cnnindonesia.com/nasional/20180719144210-20-315394/cerita-anak-petani-berjuang-jadi-perwira-tni-polri,ADVERTISEMENT SCROLL TO CONTINUE WITH CONTENT
BJ Habibie Besuk SBY di RSPAD Gatot Soebroto,"Kamis, 19 Jul 2018 14:44 WIB",https://www.cnnindonesia.com/nasional/20180719143850-20-315388/bj-habibie-besuk-sby-di-rspad-gatot-soebroto,ADVERTISEMENT SCROLL TO CONTINUE WITH CONTENT
Eggi Sudjana: Kapitra Jadi Bagian Pembela Penista Agama,"Kamis, 19 Jul 2018 14:09 WIB",https://www.cnnindonesia.com/nasional/20180719132259-32-315373/eggi-sudjana-kapitra-jadi-bagian-pembela-penista-agama,ADVERTISEMENT SCROLL TO CONTINUE WITH CONTENT
Kapitra Dinilai Khianati Seruan Ulama 'Tenggelamkan' PDIP,"Kamis, 19 Jul 2018 13:40 WIB",https://www.cnnindonesia.com/nasional/20180719124136-32-315371/kapitra-dinilai-khianati-seruan-ulama-tenggelamkan-pdip,ADVERTISEMENT SCROLL TO CONTINUE WITH CONTENT
"Survei LIPI: Capres 'Sederhana, Merakyat' Ungguli 'Berwibawa'","Kamis, 19 Jul 2018 13:17 WIB",https://www.cnnindonesia.com/nasional/20180719124758-32-315365/survei-lipi-capres-sederhana-merakyat-ungguli-berwibawa,ADVERTISEMENT SCROLL TO CONTINUE WITH CONTENT
"Proyek PLTU Mulut Tambang, antara Efisiensi dan Penyimpangan","Kamis, 19 Jul 2018 13:05 WIB",https://www.cnnindonesia.com/ekonomi/20180719123945-85-315366/proyek-pltu-mulut-tambang-antara-efisiensi-dan-penyimpangan,ADVERTISEMENT SCROLL TO CONTINUE WITH CONTENT
NasDem Bantah Kehadiran Riza Chalid terkait Pilpres 2019,"Kamis, 19 Jul 2018 12:39 WIB",https://www.cnnindonesia.com/nasional/20180719113036-32-315360/nasdem-bantah-kehadiran-riza-chalid-terkait-pilpres-2019,ADVERTISEMENT SCROLL TO CONTINUE WITH CONTENT
"Jenguk ke RSPAD, Jokowi Doakan SBY Cepat Sembuh","Kamis, 19 Jul 2018 11:23 WIB",https://www.cnnindonesia.com/nasional/20180719111150-32-315314/jenguk-ke-rspad-jokowi-doakan-sby-cepat-sembuh,ADVERTISEMENT SCROLL TO CONTINUE WITH CONTENT
Jokowi-JK Jenguk SBY di RSPAD,"Kamis, 19 Jul 2018 10:52 WIB",https://www.cnnindonesia.com/nasional/20180719104233-20-315303/jokowi-jk-jenguk-sby-di-rspad,ADVERTISEMENT SCROLL TO CONTINUE WITH CONTENT
Jokowi Ingin Perbanyak Insentif Fiskal di 2019,"Kamis, 19 Jul 2018 07:23 WIB",https://www.cnnindonesia.com/ekonomi/20180718160058-532-315127/jokowi-ingin-perbanyak-insentif-fiskal-di-2019,ADVERTISEMENT SCROLL TO CONTINUE WITH CONTENT
Ngabalin: Kehadiran Riza Chalid Urusan NasDem,"Kamis, 19 Jul 2018 07:06 WIB",https://www.cnnindonesia.com/nasional/20180719063935-32-315263/ngabalin-kehadiran-riza-chalid-urusan-nasdem,ADVERTISEMENT SCROLL TO CONTINUE WITH CONTENT
Golkar Sebut Gerindra Berpeluang Gabung Koalisi Jokowi,"Kamis, 19 Jul 2018 06:25 WIB",https://www.cnnindonesia.com/nasional/20180718141926-32-315090/golkar-sebut-gerindra-berpeluang-gabung-koalisi-jokowi,ADVERTISEMENT SCROLL TO CONTINUE WITH CONTENT
Jokowi Tawarkan Pesawat PT DI kepada Presiden Mikronesia,"Kamis, 19 Jul 2018 05:10 WIB",https://www.cnnindonesia.com/internasional/20180718142215-106-315082/jokowi-tawarkan-pesawat-pt-di-kepada-presiden-mikronesia,ADVERTISEMENT SCROLL TO CONTINUE WITH CONTENT
"Efek Zohri, Jokowi Siapkan Tim Manajemen Talenta","Rabu, 18 Jul 2018 21:30 WIB",https://www.cnnindonesia.com/olahraga/20180718171649-178-315149/efek-zohri-jokowi-siapkan-tim-manajemen-talenta,ADVERTISEMENT SCROLL TO CONTINUE WITH CONTENT
"Jadi Caleg PDIP, Kapitra Setia Dukung Rizieq Shihab Presiden","Rabu, 18 Jul 2018 18:30 WIB",https://www.cnnindonesia.com/nasional/20180718181714-32-315174/jadi-caleg-pdip-kapitra-setia-dukung-rizieq-shihab-presiden,ADVERTISEMENT SCROLL TO CONTINUE WITH CONTENT
Demokrat Pastikan Tak Ada Sanksi TGB Dukung Jokowi,"Rabu, 18 Jul 2018 17:29 WIB",https://www.cnnindonesia.com/nasional/20180718172459-32-315148/demokrat-pastikan-tak-ada-sanksi-tgb-dukung-jokowi,ADVERTISEMENT SCROLL TO CONTINUE WITH CONTENT
Jokowi: Orang Besarnya Itu Zohri,"Rabu, 18 Jul 2018 16:45 WIB",https://www.cnnindonesia.com/olahraga/20180718162823-178-315135/jokowi-orang-besarnya-itu-zohri,ADVERTISEMENT SCROLL TO CONTINUE WITH CONTENT
Jokowi Kirim Undangan Asian Games bagi Pemimpin Dua Korea,"Rabu, 18 Jul 2018 16:06 WIB",https://www.cnnindonesia.com/internasional/20180718152552-106-315114/jokowi-kirim-undangan-asian-games-bagi-pemimpin-dua-korea,ADVERTISEMENT SCROLL TO CONTINUE WITH CONTENT
Demokrat: Hubungan SBY-Megawati Jadi Barier Dukung Jokowi,"Rabu, 18 Jul 2018 14:36 WIB",https://www.cnnindonesia.com/nasional/20180718142114-32-315085/demokrat-hubungan-sby-megawati-jadi-barier-dukung-jokowi,ADVERTISEMENT SCROLL TO CONTINUE WITH CONTENT
Jokowi Beri Luhut Kewenangan Angkat Lima Staf Khusus,"Rabu, 18 Jul 2018 13:19 WIB",https://www.cnnindonesia.com/nasional/20180718130714-32-315050/jokowi-beri-luhut-kewenangan-angkat-lima-staf-khusus,ADVERTISEMENT SCROLL TO CONTINUE WITH CONTENT
Politik SARA Diproyeksi Tak Laku 'Digoreng' di Pilpres 2019,"Rabu, 18 Jul 2018 12:42 WIB",https://www.cnnindonesia.com/nasional/20180718100127-32-315002/politik-sara-diproyeksi-tak-laku-digoreng-di-pilpres-2019,ADVERTISEMENT SCROLL TO CONTINUE WITH CONTENT
Ojek Online Ngotot Payung Hukum Sebelum Pembukaan Asian Games,"Rabu, 18 Jul 2018 11:58 WIB",https://www.cnnindonesia.com/teknologi/20180718110345-185-315028/ojek-online-ngotot-payung-hukum-sebelum-pembukaan-asian-games,ADVERTISEMENT SCROLL TO CONTINUE WITH CONTENT
Demokrat Klaim Masih Samakan Visi dengan Gerindra,"Rabu, 18 Jul 2018 11:32 WIB",https://www.cnnindonesia.com/nasional/20180717132104-32-314740/demokrat-klaim-masih-samakan-visi-dengan-gerindra,ADVERTISEMENT SCROLL TO CONTINUE WITH CONTENT
"Harga Sembako Naik, Barisan Emak-Emak Militan Demo Jokowi","Rabu, 18 Jul 2018 11:16 WIB",https://www.cnnindonesia.com/nasional/20180718110517-20-315018/harga-sembako-naik-barisan-emak-emak-militan-demo-jokowi,ADVERTISEMENT SCROLL TO CONTINUE WITH CONTENT
Deretan Menteri Jokowi yang Menjadi Caleg,"Rabu, 18 Jul 2018 11:05 WIB",https://www.cnnindonesia.com/nasional/20180718102552-32-315016/deretan-menteri-jokowi-yang-menjadi-caleg,ADVERTISEMENT SCROLL TO CONTINUE WITH CONTENT
Haris Azhar Serukan Golput Jika Capres Tak Usung Masalah Riil,"Rabu, 18 Jul 2018 10:24 WIB",https://www.cnnindonesia.com/nasional/20180718071937-32-314980/haris-azhar-serukan-golput-jika-capres-tak-usung-masalah-riil,ADVERTISEMENT SCROLL TO CONTINUE WITH CONTENT
PDIP Tolak Anggapan Megawati 'Dikte' Jokowi Pilih Cawapres,"Rabu, 18 Jul 2018 09:48 WIB",https://www.cnnindonesia.com/nasional/20180717145624-32-314797/pdip-tolak-anggapan-megawati-dikte-jokowi-pilih-cawapres,ADVERTISEMENT SCROLL TO CONTINUE WITH CONTENT
Pemerintah Klaim Tak Hanya Andalkan Bansos Pangkas Kemiskinan,"Rabu, 18 Jul 2018 09:42 WIB",https://www.cnnindonesia.com/ekonomi/20180718081520-532-314986/pemerintah-klaim-tak-hanya-andalkan-bansos-pangkas-kemiskinan,ADVERTISEMENT SCROLL TO CONTINUE WITH CONTENT
Jusuf Kalla Beberkan Kriteria Cawapres yang Pas untuk Jokowi,"Rabu, 18 Jul 2018 09:22 WIB",https://www.cnnindonesia.com/nasional/20180717162906-32-314840/jusuf-kalla-beberkan-kriteria-cawapres-yang-pas-untuk-jokowi,ADVERTISEMENT SCROLL TO CONTINUE WITH CONTENT
PKS Dambakan Presiden Lebih Muda dari Jokowi-Prabowo,"Rabu, 18 Jul 2018 08:28 WIB",https://www.cnnindonesia.com/nasional/20180717185137-32-314893/pks-dambakan-presiden-lebih-muda-dari-jokowi-prabowo,ADVERTISEMENT SCROLL TO CONTINUE WITH CONTENT
Pertemuan SBY-Prabowo Ancam Peluang Poros Ketiga di Pilpres,"Rabu, 18 Jul 2018 07:01 WIB",https://www.cnnindonesia.com/nasional/20180717221806-32-314928/pertemuan-sby-prabowo-ancam-peluang-poros-ketiga-di-pilpres,ADVERTISEMENT SCROLL TO CONTINUE WITH CONTENT
Fahri Hamzah Sebut Hanya Orang Kuat yang Bisa Kalahkan Jokowi,"Rabu, 18 Jul 2018 06:30 WIB",https://www.cnnindonesia.com/nasional/20180717205314-32-314909/fahri-hamzah-sebut-hanya-orang-kuat-yang-bisa-kalahkan-jokowi,ADVERTISEMENT SCROLL TO CONTINUE WITH CONTENT
"Jelang Rapat Umum, DPR Umbar Lelucon Pergantian Bos Pertamina","Rabu, 18 Jul 2018 06:04 WIB",https://www.cnnindonesia.com/ekonomi/20180717213813-85-314920/jelang-rapat-umum-dpr-umbar-lelucon-pergantian-bos-pertamina,ADVERTISEMENT SCROLL TO CONTINUE WITH CONTENT
Survei KedaiKOPI: Kadar Religius Jokowi dan Prabowo Rendah,"Rabu, 18 Jul 2018 04:07 WIB",https://www.cnnindonesia.com/nasional/20180717183433-32-314892/survei-kedaikopi-kadar-religius-jokowi-dan-prabowo-rendah,ADVERTISEMENT SCROLL TO CONTINUE WITH CONTENT
Prabowo Bakal Bahas AHY Cawapres Bareng SBY,"Rabu, 18 Jul 2018 02:13 WIB",https://www.cnnindonesia.com/nasional/20180717210747-32-314912/prabowo-bakal-bahas-ahy-cawapres-bareng-sby,ADVERTISEMENT SCROLL TO CONTINUE WITH CONTENT
"Taati Perintah Mega dan Jokowi, Tjahjo Kumolo Tak Nyaleg","Rabu, 18 Jul 2018 01:51 WIB",https://www.cnnindonesia.com/nasional/20180717190343-32-314896/taati-perintah-mega-dan-jokowi-tjahjo-kumolo-tak-nyaleg,ADVERTISEMENT SCROLL TO CONTINUE WITH CONTENT
Hasto: Pertemuan Puan-Prabowo Sudah Dikonsultasi ke Megawati,"Rabu, 18 Jul 2018 00:44 WIB",https://www.cnnindonesia.com/nasional/20180717220926-32-314927/hasto-pertemuan-puan-prabowo-sudah-dikonsultasi-ke-megawati,ADVERTISEMENT SCROLL TO CONTINUE WITH CONTENT
Pramono Sebut Jokowi Larang Tjahjo Hingga Sri Mulyani Nyaleg,"Selasa, 17 Jul 2018 21:52 WIB",https://www.cnnindonesia.com/nasional/20180717164333-32-314849/pramono-sebut-jokowi-larang-tjahjo-hingga-sri-mulyani-nyaleg,ADVERTISEMENT SCROLL TO CONTINUE WITH CONTENT
"Prabowo Masih Rangkul Parpol, PDIP Banggakan Koalisi Solid","Selasa, 17 Jul 2018 21:32 WIB",https://www.cnnindonesia.com/nasional/20180717211235-32-314916/prabowo-masih-rangkul-parpol-pdip-banggakan-koalisi-solid,ADVERTISEMENT SCROLL TO CONTINUE WITH CONTENT
JK: Kampanye Menteri yang Nyaleg Ganggu Waktu Kerja Kabinet,"Selasa, 17 Jul 2018 20:53 WIB",https://www.cnnindonesia.com/nasional/20180717173705-32-314880/jk-kampanye-menteri-yang-nyaleg-ganggu-waktu-kerja-kabinet,ADVERTISEMENT SCROLL TO CONTINUE WITH CONTENT
Pramono Sebut Jokowi Umumkan Cawapresnya Detik Terakhir,"Selasa, 17 Jul 2018 20:21 WIB",https://www.cnnindonesia.com/nasional/20180717174601-32-314873/pramono-sebut-jokowi-umumkan-cawapresnya-detik-terakhir,ADVERTISEMENT SCROLL TO CONTINUE WITH CONTENT
Jokowi Utus Menteri Undang Pimpinan Dua Korea ke Asian Games,"Selasa, 17 Jul 2018 18:30 WIB",https://www.cnnindonesia.com/internasional/20180717180329-106-314878/jokowi-utus-menteri-undang-pimpinan-dua-korea-ke-asian-games,ADVERTISEMENT SCROLL TO CONTINUE WITH CONTENT
Pengacara Rizieq Shihab Klarifikasi soal Nyaleg Lewat PDIP,"Selasa, 17 Jul 2018 17:44 WIB",https://www.cnnindonesia.com/nasional/20180717165903-32-314852/pengacara-rizieq-shihab-klarifikasi-soal-nyaleg-lewat-pdip,ADVERTISEMENT SCROLL TO CONTINUE WITH CONTENT
Novel Minta Jokowi Ungkap Kasusnya sebelum Pilpres 2019,"Selasa, 17 Jul 2018 17:37 WIB",https://www.cnnindonesia.com/nasional/20180717171446-12-314857/novel-minta-jokowi-ungkap-kasusnya-sebelum-pilpres-2019,ADVERTISEMENT SCROLL TO CONTINUE WITH CONTENT
Cerita Johan Budi Terima Pinangan PDIP sebagai Caleg,"Selasa, 17 Jul 2018 17:06 WIB",https://www.cnnindonesia.com/nasional/20180717162046-32-314847/cerita-johan-budi-terima-pinangan-pdip-sebagai-caleg,ADVERTISEMENT SCROLL TO CONTINUE WITH CONTENT
Pengacara Rizieq Shihab Disebut Nyaleg Lewat PDIP,"Selasa, 17 Jul 2018 16:36 WIB",https://www.cnnindonesia.com/nasional/20180717163053-32-314839/pengacara-rizieq-shihab-disebut-nyaleg-lewat-pdip,ADVERTISEMENT SCROLL TO CONTINUE WITH CONTENT
PDIP Sempat Pertimbangkan Johan Budi Maju Pilgub Jatim 2018,"Selasa, 17 Jul 2018 15:50 WIB",https://www.cnnindonesia.com/nasional/20180717154227-32-314815/pdip-sempat-pertimbangkan-johan-budi-maju-pilgub-jatim-2018,ADVERTISEMENT SCROLL TO CONTINUE WITH CONTENT
Puan Maharani dan Yasonna Laoly Maju Caleg DPR dari PDIP,"Selasa, 17 Jul 2018 15:26 WIB",https://www.cnnindonesia.com/nasional/20180717142513-32-314785/puan-maharani-dan-yasonna-laoly-maju-caleg-dpr-dari-pdip,ADVERTISEMENT SCROLL TO CONTINUE WITH CONTENT
Pramono Sebut Jokowi Izinkan Johan Budi Daftar Caleg PDIP,"Selasa, 17 Jul 2018 15:18 WIB",https://www.cnnindonesia.com/nasional/20180717150435-32-314798/pramono-sebut-jokowi-izinkan-johan-budi-daftar-caleg-pdip,ADVERTISEMENT SCROLL TO CONTINUE WITH CONTENT
Hati-hati Anggaran Jebol Demi Penurunan Kemiskinan 'Semu',"Selasa, 17 Jul 2018 14:45 WIB",https://www.cnnindonesia.com/ekonomi/20180717143054-532-314784/hati-hati-anggaran-jebol-demi-penurunan-kemiskinan-semu,ADVERTISEMENT SCROLL TO CONTINUE WITH CONTENT
"Bertemu Megawati, Airlangga Jamin Kemenangan Jokowi","Selasa, 17 Jul 2018 14:18 WIB",https://www.cnnindonesia.com/nasional/20180717112933-32-314711/bertemu-megawati-airlangga-jamin-kemenangan-jokowi,ADVERTISEMENT SCROLL TO CONTINUE WITH CONTENT
Sandiaga Sebut Prabowo Akan Bertemu Puan Hari Ini,"Selasa, 17 Jul 2018 13:35 WIB",https://www.cnnindonesia.com/nasional/20180717132139-32-314736/sandiaga-sebut-prabowo-akan-bertemu-puan-hari-ini,ADVERTISEMENT SCROLL TO CONTINUE WITH CONTENT
Romy Ungkap Tak Ada Nama TGB Dalam Daftar Cawapres Jokowi,"Selasa, 17 Jul 2018 13:06 WIB",https://www.cnnindonesia.com/nasional/20180717123756-32-314726/romy-ungkap-tak-ada-nama-tgb-dalam-daftar-cawapres-jokowi,ADVERTISEMENT SCROLL TO CONTINUE WITH CONTENT
"Ketimpangan Pedesaan Naik, Sri Mulyani Evaluasi Dana Desa","Selasa, 17 Jul 2018 10:55 WIB",https://www.cnnindonesia.com/ekonomi/20180717094039-532-314682/ketimpangan-pedesaan-naik-sri-mulyani-evaluasi-dana-desa,ADVERTISEMENT SCROLL TO CONTINUE WITH CONTENT
"Jika Maju Pilpres, Anies Harus Izin Jokowi Maksimal 27 Juli","Selasa, 17 Jul 2018 10:15 WIB",https://www.cnnindonesia.com/nasional/20180717091640-32-314679/jika-maju-pilpres-anies-harus-izin-jokowi-maksimal-27-juli,ADVERTISEMENT SCROLL TO CONTINUE WITH CONTENT
Di balik Sikap 'Malu-malu Kucing' Anies Menatap Pilpres 2019,"Selasa, 17 Jul 2018 10:06 WIB",https://www.cnnindonesia.com/nasional/20180717081059-32-314681/di-balik-sikap-malu-malu-kucing-anies-menatap-pilpres-2019,ADVERTISEMENT SCROLL TO CONTINUE WITH CONTENT
Pasien Kanker Gugat BPJS Kesehatan dan Presiden Jokowi,"Selasa, 17 Jul 2018 08:37 WIB",https://www.cnnindonesia.com/nasional/20180717081902-20-314670/pasien-kanker-gugat-bpjs-kesehatan-dan-presiden-jokowi,ADVERTISEMENT SCROLL TO CONTINUE WITH CONTENT
Nasdem Jamin Kadernya di Kabinet Jokowi Tidak Bakal Nyaleg,"Selasa, 17 Jul 2018 03:18 WIB",https://www.cnnindonesia.com/nasional/20180717022232-32-314653/nasdem-jamin-kadernya-di-kabinet-jokowi-tidak-bakal-nyaleg,ADVERTISEMENT SCROLL TO CONTINUE WITH CONTENT
Sukmawati Soekarnoputri Kerahkan 'Marhaenis' Dukung Jokowi,"Senin, 16 Jul 2018 20:55 WIB",https://www.cnnindonesia.com/nasional/20180716173543-32-314584/sukmawati-soekarnoputri-kerahkan-marhaenis-dukung-jokowi,ADVERTISEMENT SCROLL TO CONTINUE WITH CONTENT
Demokrat: Pertemuan SBY-Prabowo akan Penuh Kejutan,"Senin, 16 Jul 2018 18:21 WIB",https://www.cnnindonesia.com/nasional/20180716181129-32-314595/demokrat-pertemuan-sby-prabowo-akan-penuh-kejutan,ADVERTISEMENT SCROLL TO CONTINUE WITH CONTENT
Jaksa Agung Minta Kasus HAM Masa Lalu Tak Dikaitkan Nawa Cita,"Senin, 16 Jul 2018 17:04 WIB",https://www.cnnindonesia.com/nasional/20180716165039-12-314553/jaksa-agung-minta-kasus-ham-masa-lalu-tak-dikaitkan-nawa-cita,ADVERTISEMENT SCROLL TO CONTINUE WITH CONTENT
Demokrat Masih Bimbang Dukung Jokowi atau Prabowo,"Senin, 16 Jul 2018 15:52 WIB",https://www.cnnindonesia.com/nasional/20180716154254-32-314537/demokrat-masih-bimbang-dukung-jokowi-atau-prabowo,ADVERTISEMENT SCROLL TO CONTINUE WITH CONTENT
Mahfud MD Belum Diajak Bicara Jokowi soal Bursa Cawapres,"Senin, 16 Jul 2018 15:35 WIB",https://www.cnnindonesia.com/nasional/20180716143120-32-314512/mahfud-md-belum-diajak-bicara-jokowi-soal-bursa-cawapres,ADVERTISEMENT SCROLL TO CONTINUE WITH CONTENT
"Kemiskinan Turun, Tingkat Ketimpangan Masih Tinggi","Senin, 16 Jul 2018 14:34 WIB",https://www.cnnindonesia.com/ekonomi/20180716135248-532-314499/kemiskinan-turun-tingkat-ketimpangan-masih-tinggi,ADVERTISEMENT SCROLL TO CONTINUE WITH CONTENT
Jokowi Minta Perjanjian dengan Freeport Tidak Dipolitisasi,"Senin, 16 Jul 2018 14:06 WIB",https://www.cnnindonesia.com/ekonomi/20180716132340-85-314488/jokowi-minta-perjanjian-dengan-freeport-tidak-dipolitisasi,ADVERTISEMENT SCROLL TO CONTINUE WITH CONTENT
"Tingkat Kemiskinan Maret 2018 9,82%, Terendah Sejak Krismon","Senin, 16 Jul 2018 12:47 WIB",https://www.cnnindonesia.com/ekonomi/20180716114007-532-314466/tingkat-kemiskinan-maret-2018-982-terendah-sejak-krismon,ADVERTISEMENT SCROLL TO CONTINUE WITH CONTENT
Jokowi Akui Mahfud MD dan TGB Masuk Daftar Cawapres,"Senin, 16 Jul 2018 11:41 WIB",https://www.cnnindonesia.com/nasional/20180716112446-32-314444/jokowi-akui-mahfud-md-dan-tgb-masuk-daftar-cawapres,ADVERTISEMENT SCROLL TO CONTINUE WITH CONTENT
"Ditanya Soal Rumah dari Jokowi, Lalu Muhammad Zohri Menangis","Senin, 16 Jul 2018 09:49 WIB",https://www.cnnindonesia.com/internasional/20180716093805-106-314405/ditanya-soal-rumah-dari-jokowi-lalu-muhammad-zohri-menangis,ADVERTISEMENT SCROLL TO CONTINUE WITH CONTENT
Gatot Nurmantyo dan Harapan Kejutan Oposisi di Pilpres 2019,"Senin, 16 Jul 2018 07:59 WIB",https://www.cnnindonesia.com/nasional/20180716072027-32-314386/gatot-nurmantyo-dan-harapan-kejutan-oposisi-di-pilpres-2019,ADVERTISEMENT SCROLL TO CONTINUE WITH CONTENT
"Belum Usung Capres, Partai Berkarya Antisipasi Poros Ketiga","Senin, 16 Jul 2018 06:32 WIB",https://www.cnnindonesia.com/nasional/20180715191047-32-314223/belum-usung-capres-partai-berkarya-antisipasi-poros-ketiga,ADVERTISEMENT SCROLL TO CONTINUE WITH CONTENT
Keluarga Lalu Zohri Tak Pernah Menolak Renovasi Rumah,"Senin, 16 Jul 2018 04:38 WIB",https://www.cnnindonesia.com/nasional/20180715103519-20-314157/keluarga-lalu-zohri-tak-pernah-menolak-renovasi-rumah,ADVERTISEMENT SCROLL TO CONTINUE WITH CONTENT
Jokowi MintaRest AreaJalan Tol Tak Jual Merek Asing,"Minggu, 15 Jul 2018 13:50 WIB",https://www.cnnindonesia.com/ekonomi/20180715134044-92-314177/jokowi-minta-rest-area-jalan-tol-tak-jual-merek-asing,ADVERTISEMENT SCROLL TO CONTINUE WITH CONTENT
Insiden Kaliurang Tak Surutkan Rencana Jokowi ke Yogyakarta,"Minggu, 15 Jul 2018 13:14 WIB",https://www.cnnindonesia.com/nasional/20180715124635-20-314170/insiden-kaliurang-tak-surutkan-rencana-jokowi-ke-yogyakarta,ADVERTISEMENT SCROLL TO CONTINUE WITH CONTENT
Jokowi Resmikan Tol Solo-Ngawi Ruas Kartasura-Sragen,"Minggu, 15 Jul 2018 11:09 WIB",https://www.cnnindonesia.com/ekonomi/20180715104829-92-314159/jokowi-resmikan-tol-solo-ngawi-ruas-kartasura-sragen,ADVERTISEMENT SCROLL TO CONTINUE WITH CONTENT
PPP Yakin Cawapres Jokowi Berinisial M Hanya Kabar Angin,"Minggu, 15 Jul 2018 05:52 WIB",https://www.cnnindonesia.com/nasional/20180714175151-32-314047/ppp-yakin-cawapres-jokowi-berinisial-m-hanya-kabar-angin,ADVERTISEMENT SCROLL TO CONTINUE WITH CONTENT
PPP Nilai Hanya Kubu Prabowo yang Patut Jadi Penantang Jokowi,"Minggu, 15 Jul 2018 04:45 WIB",https://www.cnnindonesia.com/nasional/20180714172616-32-314043/ppp-nilai-hanya-kubu-prabowo-yang-patut-jadi-penantang-jokowi,ADVERTISEMENT SCROLL TO CONTINUE WITH CONTENT
Pertemuan Puan-AHY dan Potensi Sejarah Koalisi PDIP-Demokrat,"Minggu, 15 Jul 2018 03:07 WIB",https://www.cnnindonesia.com/nasional/20180714181940-32-314053/pertemuan-puan-ahy-dan-potensi-sejarah-koalisi-pdip-demokrat,ADVERTISEMENT SCROLL TO CONTINUE WITH CONTENT
Hanura Ingin Jokowi Gandeng Cawapres yang Paham Ekonomi,"Minggu, 15 Jul 2018 01:41 WIB",https://www.cnnindonesia.com/nasional/20180714180402-32-314051/hanura-ingin-jokowi-gandeng-cawapres-yang-paham-ekonomi,ADVERTISEMENT SCROLL TO CONTINUE WITH CONTENT
Jokowi: Jangan Sampai karena Pilihan Presiden Tak Saling Sapa,"Minggu, 15 Jul 2018 01:24 WIB",https://www.cnnindonesia.com/nasional/20180715011041-32-314129/jokowi-jangan-sampai-karena-pilihan-presiden-tak-saling-sapa,ADVERTISEMENT SCROLL TO CONTINUE WITH CONTENT
"Koalisi Gerindra Usung Prabowo, PDIP Buka Pintu ke Demokrat","Sabtu, 14 Jul 2018 21:41 WIB",https://www.cnnindonesia.com/nasional/20180714183104-32-314056/koalisi-gerindra-usung-prabowo-pdip-buka-pintu-ke-demokrat,ADVERTISEMENT SCROLL TO CONTINUE WITH CONTENT
Menpora Malaysia Unggah Video Kebersamaan dengan Jokowi,"Sabtu, 14 Jul 2018 20:57 WIB",https://www.cnnindonesia.com/internasional/20180714131124-106-314006/menpora-malaysia-unggah-video-kebersamaan-dengan-jokowi,ADVERTISEMENT SCROLL TO CONTINUE WITH CONTENT
PKS Sebut Demokrat Sulit Ajukan Cawapres di Koalisi Prabowo,"Sabtu, 14 Jul 2018 20:56 WIB",https://www.cnnindonesia.com/nasional/20180714204100-32-314073/pks-sebut-demokrat-sulit-ajukan-cawapres-di-koalisi-prabowo,ADVERTISEMENT SCROLL TO CONTINUE WITH CONTENT
Golkar Usul Jokowi Pilih Cawapres dari Parpol,"Sabtu, 14 Jul 2018 18:47 WIB",https://www.cnnindonesia.com/nasional/20180714133054-32-314008/golkar-usul-jokowi-pilih-cawapres-dari-parpol,ADVERTISEMENT SCROLL TO CONTINUE WITH CONTENT
"Jokowi Diklaim Ajak Berkoalisi, PKS Fokus Ganti Presiden","Sabtu, 14 Jul 2018 18:10 WIB",https://www.cnnindonesia.com/nasional/20180714130244-32-314004/jokowi-diklaim-ajak-berkoalisi-pks-fokus-ganti-presiden,ADVERTISEMENT SCROLL TO CONTINUE WITH CONTENT
Jokowi: Salah Satu Nama Kandidat Cawapres itu Cak Imin,"Sabtu, 14 Jul 2018 16:51 WIB",https://www.cnnindonesia.com/nasional/20180714160829-32-314033/jokowi-salah-satu-nama-kandidat-cawapres-itu-cak-imin,ADVERTISEMENT SCROLL TO CONTINUE WITH CONTENT
"PKB Dukung Jokowi, PDIP Sebut Cak Imin Ambil Keputusan Tepat","Sabtu, 14 Jul 2018 15:43 WIB",https://www.cnnindonesia.com/nasional/20180714153530-32-314026/pkb-dukung-jokowi-pdip-sebut-cak-imin-ambil-keputusan-tepat,ADVERTISEMENT SCROLL TO CONTINUE WITH CONTENT
PKB Resmi Dukung Jokowi di Pilpres 2019,"Sabtu, 14 Jul 2018 13:58 WIB",https://www.cnnindonesia.com/nasional/20180714135821-32-314012/pkb-resmi-dukung-jokowi-di-pilpres-2019,ADVERTISEMENT SCROLL TO CONTINUE WITH CONTENT
Pengamat: Hati-hati 'Perangkap' Divestasi Freeport,"Sabtu, 14 Jul 2018 13:16 WIB",https://www.cnnindonesia.com/ekonomi/20180714102835-85-313988/pengamat-hati-hati-perangkap-divestasi-freeport,ADVERTISEMENT SCROLL TO CONTINUE WITH CONTENT
Janji Manis Anies untuk Jakarta Hingga Jabatan Habis,"Sabtu, 14 Jul 2018 11:07 WIB",https://www.cnnindonesia.com/nasional/20180714105749-32-313991/janji-manis-anies-untuk-jakarta-hingga-jabatan-habis,ADVERTISEMENT SCROLL TO CONTINUE WITH CONTENT
Mempertanyakan Komitmen Nyata Anies Soal Ruas Tol Dalam Kota,"Sabtu, 14 Jul 2018 10:25 WIB",https://www.cnnindonesia.com/nasional/20180713173134-20-313858/mempertanyakan-komitmen-nyata-anies-soal-ruas-tol-dalam-kota,ADVERTISEMENT SCROLL TO CONTINUE WITH CONTENT
Menimbang Cawapres Prabowo dan Peluang Menjungkalkan Jokowi,"Sabtu, 14 Jul 2018 08:45 WIB",https://www.cnnindonesia.com/nasional/20180713161552-32-313837/menimbang-cawapres-prabowo-dan-peluang-menjungkalkan-jokowi,ADVERTISEMENT SCROLL TO CONTINUE WITH CONTENT
PKS Gembira AHY Bukan Harga Mati Cawapres Demokrat,"Sabtu, 14 Jul 2018 05:52 WIB",https://www.cnnindonesia.com/nasional/20180714051317-32-313978/pks-gembira-ahy-bukan-harga-mati-cawapres-demokrat,ADVERTISEMENT SCROLL TO CONTINUE WITH CONTENT
"Tepis Politik Identitas, Mahfud Dinilai Cocok Dampingi Jokowi","Sabtu, 14 Jul 2018 05:43 WIB",https://www.cnnindonesia.com/nasional/20180713164556-32-313845/tepis-politik-identitas-mahfud-dinilai-cocok-dampingi-jokowi,ADVERTISEMENT SCROLL TO CONTINUE WITH CONTENT
Megawati 'Turun Gunung' soal Persiapan Caleg PDIP,"Sabtu, 14 Jul 2018 05:34 WIB",https://www.cnnindonesia.com/nasional/20180713192003-32-313886/megawati-turun-gunung-soal-persiapan-caleg-pdip,ADVERTISEMENT SCROLL TO CONTINUE WITH CONTENT
Anies Sebut Petisi Tukang Becak Tolak Capres Salah Alamat,"Sabtu, 14 Jul 2018 05:07 WIB",https://www.cnnindonesia.com/nasional/20180714045702-32-313976/anies-sebut-petisi-tukang-becak-tolak-capres-salah-alamat,ADVERTISEMENT SCROLL TO CONTINUE WITH CONTENT
JATAM Kritik Langkah Pemerintah Divestasi Saham Freeport,"Sabtu, 14 Jul 2018 03:20 WIB",https://www.cnnindonesia.com/nasional/20180714031307-32-313971/jatam-kritik-langkah-pemerintah-divestasi-saham-freeport,ADVERTISEMENT SCROLL TO CONTINUE WITH CONTENT
Moeldoko Klaim Dukungan Jadi Cawapres Datang Walau Dilarang,"Sabtu, 14 Jul 2018 02:13 WIB",https://www.cnnindonesia.com/nasional/20180714020204-32-313967/moeldoko-klaim-dukungan-jadi-cawapres-datang-walau-dilarang,ADVERTISEMENT SCROLL TO CONTINUE WITH CONTENT
PPP Anggap Kontrak Politik dari Partai Demokrat Tidak Menarik,"Sabtu, 14 Jul 2018 01:19 WIB",https://www.cnnindonesia.com/nasional/20180714010735-32-313964/ppp-anggap-kontrak-politik-dari-partai-demokrat-tidak-menarik,ADVERTISEMENT SCROLL TO CONTINUE WITH CONTENT
"Walau Datang dari Langit, OSO Dukung Siapapun Cawapres Jokowi","Sabtu, 14 Jul 2018 00:59 WIB",https://www.cnnindonesia.com/nasional/20180713201246-32-313922/walau-datang-dari-langit-oso-dukung-siapapun-cawapres-jokowi,ADVERTISEMENT SCROLL TO CONTINUE WITH CONTENT
Lalu Zohri Ingin Bertemu Presiden Jokowi,"Jumat, 13 Jul 2018 21:21 WIB",https://www.cnnindonesia.com/olahraga/20180713193413-178-313904/lalu-zohri-ingin-bertemu-presiden-jokowi,ADVERTISEMENT SCROLL TO CONTINUE WITH CONTENT
Jokowi Sebut RI Berpotensi Ekspor Gerbong LRT,"Jumat, 13 Jul 2018 20:23 WIB",https://www.cnnindonesia.com/ekonomi/20180713160156-92-313834/jokowi-sebut-ri-berpotensi-ekspor-gerbong-lrt,ADVERTISEMENT SCROLL TO CONTINUE WITH CONTENT
"Soal Capres, Khofifah Sebut Relawan Muslimat Ikut Pilihannya","Jumat, 13 Jul 2018 19:40 WIB",https://www.cnnindonesia.com/nasional/20180713175050-32-313865/soal-capres-khofifah-sebut-relawan-muslimat-ikut-pilihannya,ADVERTISEMENT SCROLL TO CONTINUE WITH CONTENT
Kesepakatan Freeport Bikin Rupiah Terdongkrak Tipis,"Jumat, 13 Jul 2018 17:55 WIB",https://www.cnnindonesia.com/ekonomi/20180713174434-78-313864/kesepakatan-freeport-bikin-rupiah-terdongkrak-tipis,ADVERTISEMENT SCROLL TO CONTINUE WITH CONTENT
Anies Tak Tahu Tukang Becak Tolak Dirinya Maju Pilpres,"Jumat, 13 Jul 2018 17:00 WIB",https://www.cnnindonesia.com/nasional/20180713161804-32-313835/anies-tak-tahu-tukang-becak-tolak-dirinya-maju-pilpres,ADVERTISEMENT SCROLL TO CONTINUE WITH CONTENT
Anies Sebut Tol Dalam Kota yang Ditolak Kini Dipegang Pusat,"Jumat, 13 Jul 2018 15:18 WIB",https://www.cnnindonesia.com/nasional/20180713135926-20-313803/anies-sebut-tol-dalam-kota-yang-ditolak-kini-dipegang-pusat,ADVERTISEMENT SCROLL TO CONTINUE WITH CONTENT
Tim Kementerian PUPR Langsung Tinjau Rumah Lalu Zohri,"Jumat, 13 Jul 2018 15:02 WIB",https://www.cnnindonesia.com/olahraga/20180713145124-178-313816/tim-kementerian-pupr-langsung-tinjau-rumah-lalu-zohri,ADVERTISEMENT SCROLL TO CONTINUE WITH CONTENT
Golkar Bantah Ajak Demokrat Bentuk Koalisi Cadangan,"Jumat, 13 Jul 2018 14:30 WIB",https://www.cnnindonesia.com/nasional/20180713140122-32-313801/golkar-bantah-ajak-demokrat-bentuk-koalisi-cadangan,ADVERTISEMENT SCROLL TO CONTINUE WITH CONTENT
"Mengaku Diundang, Elite Demokrat Sambangi Kantor PDIP","Jumat, 13 Jul 2018 14:02 WIB",https://www.cnnindonesia.com/nasional/20180713135231-32-313797/mengaku-diundang-elite-demokrat-sambangi-kantor-pdip,ADVERTISEMENT SCROLL TO CONTINUE WITH CONTENT
Jokowi Instruksikan Menteri PUPR Renovasi Rumah Lalu Zohri,"Jumat, 13 Jul 2018 12:25 WIB",https://www.cnnindonesia.com/olahraga/20180713120006-178-313773/jokowi-instruksikan-menteri-pupr-renovasi-rumah-lalu-zohri,ADVERTISEMENT SCROLL TO CONTINUE WITH CONTENT
"Nama TGB di Kantong Jokowi, Upaya Bendung Politik Identitas","Jumat, 13 Jul 2018 10:39 WIB",https://www.cnnindonesia.com/nasional/20180713090842-32-313742/nama-tgb-di-kantong-jokowi-upaya-bendung-politik-identitas,ADVERTISEMENT SCROLL TO CONTINUE WITH CONTENT
Pemimpin Serikat Becak Bikin Petisi Tolak Anies Jadi Capres,"Jumat, 13 Jul 2018 10:02 WIB",https://www.cnnindonesia.com/nasional/20180713091840-32-313733/pemimpin-serikat-becak-bikin-petisi-tolak-anies-jadi-capres,ADVERTISEMENT SCROLL TO CONTINUE WITH CONTENT
PDIP Nilai Desakan Cak Imin Cawapres Jokowi Cuma 'Gimmick',"Jumat, 13 Jul 2018 07:22 WIB",https://www.cnnindonesia.com/nasional/20180712202524-32-313678/pdip-nilai-desakan-cak-imin-cawapres-jokowi-cuma-gimmick,ADVERTISEMENT SCROLL TO CONTINUE WITH CONTENT
Menteri Eko Mengaku Lagi Dirayu PKB Jadi Caleg 2019,"Jumat, 13 Jul 2018 06:06 WIB",https://www.cnnindonesia.com/nasional/20180713034557-32-313714/menteri-eko-mengaku-lagi-dirayu-pkb-jadi-caleg-2019,ADVERTISEMENT SCROLL TO CONTINUE WITH CONTENT
Empat Parpol Pendukung Jokowi Diklaim Akan Dukung Prabowo,"Jumat, 13 Jul 2018 05:54 WIB",https://www.cnnindonesia.com/nasional/20180712193304-32-313672/empat-parpol-pendukung-jokowi-diklaim-akan-dukung-prabowo,ADVERTISEMENT SCROLL TO CONTINUE WITH CONTENT
Golkar Klaim Setia Walau Parpol Pendukung Jokowi Belum Jelas,"Jumat, 13 Jul 2018 00:23 WIB",https://www.cnnindonesia.com/nasional/20180713001042-32-313703/golkar-klaim-setia-walau-parpol-pendukung-jokowi-belum-jelas,ADVERTISEMENT SCROLL TO CONTINUE WITH CONTENT
Gerindra Umumkan Cawapres Prabowo Subianto Sebelum 10 Agustus,"Kamis, 12 Jul 2018 23:09 WIB",https://www.cnnindonesia.com/nasional/20180712225158-32-313699/gerindra-umumkan-cawapres-prabowo-subianto-sebelum-10-agustus,ADVERTISEMENT SCROLL TO CONTINUE WITH CONTENT
"Tiru Kroasia, PAN Tentukan Koalisi Pilpres di Menit Akhir","Kamis, 12 Jul 2018 22:57 WIB",https://www.cnnindonesia.com/nasional/20180712174334-32-313631/tiru-kroasia-pan-tentukan-koalisi-pilpres-di-menit-akhir,ADVERTISEMENT SCROLL TO CONTINUE WITH CONTENT
"Tjahjo Soal Pilpres 2019: STMJ, Saya Tetap Milih Jokowi","Kamis, 12 Jul 2018 21:33 WIB",https://www.cnnindonesia.com/nasional/20180712211724-32-313691/tjahjo-soal-pilpres-2019-stmj-saya-tetap-milih-jokowi,ADVERTISEMENT SCROLL TO CONTINUE WITH CONTENT
"Tunggu Ahok Bebas, Sandi Ingin Diskusi Pembangunan Jakarta","Kamis, 12 Jul 2018 21:13 WIB",https://www.cnnindonesia.com/nasional/20180712210332-20-313687/tunggu-ahok-bebas-sandi-ingin-diskusi-pembangunan-jakarta,ADVERTISEMENT SCROLL TO CONTINUE WITH CONTENT
Airlangga Bantah Bentuk Poros Usai Bertemu SBY dan Muhaimin,"Kamis, 12 Jul 2018 20:31 WIB",https://www.cnnindonesia.com/nasional/20180712180735-32-313645/airlangga-bantah-bentuk-poros-usai-bertemu-sby-dan-muhaimin,ADVERTISEMENT SCROLL TO CONTINUE WITH CONTENT
Demokrat Jamin 'Netral' di 2014 Tak Terulang di Pilpres 2019,"Kamis, 12 Jul 2018 18:12 WIB",https://www.cnnindonesia.com/nasional/20180712141812-32-313567/demokrat-jamin-netral-di-2014-tak-terulang-di-pilpres-2019,ADVERTISEMENT SCROLL TO CONTINUE WITH CONTENT
Khofifah dan Airlangga Bahas Dukungan untuk Jokowi di Jatim,"Kamis, 12 Jul 2018 17:54 WIB",https://www.cnnindonesia.com/nasional/20180712172055-32-313626/khofifah-dan-airlangga-bahas-dukungan-untuk-jokowi-di-jatim,ADVERTISEMENT SCROLL TO CONTINUE WITH CONTENT
"Cak Imin: Kalau Tidak JOIN, Bahaya","Kamis, 12 Jul 2018 17:23 WIB",https://www.cnnindonesia.com/nasional/20180712171749-32-313623/cak-imin-kalau-tidak-join-bahaya,ADVERTISEMENT SCROLL TO CONTINUE WITH CONTENT
PKS Klaim Anies dan AHY Sudah di Saku Prabowo,"Kamis, 12 Jul 2018 17:01 WIB",https://www.cnnindonesia.com/nasional/20180712134633-32-313548/pks-klaim-anies-dan-ahy-sudah-di-saku-prabowo,ADVERTISEMENT SCROLL TO CONTINUE WITH CONTENT
"Resmi, Jokowi Genggam 51 Persen Saham Freeport","Kamis, 12 Jul 2018 16:59 WIB",https://www.cnnindonesia.com/ekonomi/20180712160412-85-313590/resmi-jokowi-genggam-51-persen-saham-freeport,ADVERTISEMENT SCROLL TO CONTINUE WITH CONTENT
Jokowi: Sukses Lalu Zohri Modal Awal Asian Games 2018,"Kamis, 12 Jul 2018 16:39 WIB",https://www.cnnindonesia.com/olahraga/20180712134341-178-313549/jokowi-sukses-lalu-zohri-modal-awal-asian-games-2018,ADVERTISEMENT SCROLL TO CONTINUE WITH CONTENT
Anas Urbaningrum Sebut TGB Layak Maju di Pilpres,"Kamis, 12 Jul 2018 15:36 WIB",https://www.cnnindonesia.com/nasional/20180712131609-32-313544/anas-urbaningrum-sebut-tgb-layak-maju-di-pilpres,ADVERTISEMENT SCROLL TO CONTINUE WITH CONTENT
Jokowi Minta Koperasi Melek Teknologi,"Kamis, 12 Jul 2018 15:27 WIB",https://www.cnnindonesia.com/ekonomi/20180712142222-92-313566/jokowi-minta-koperasi-melek-teknologi,ADVERTISEMENT SCROLL TO CONTINUE WITH CONTENT
Spesifikasi Motor Listrik Gojek,"Kamis, 12 Jul 2018 14:58 WIB",https://www.cnnindonesia.com/otomotif/20180712140724-579-313561/spesifikasi-motor-listrik-gojek,ADVERTISEMENT SCROLL TO CONTINUE WITH CONTENT ADVERTISEMENT SCROLL TO CONTINUE WITH CONTENT
"Cawapres Jokowi Belum Final, PKB Belum Berniat Cabut Dukungan","Kamis, 12 Jul 2018 14:11 WIB",https://www.cnnindonesia.com/nasional/20180712140031-32-313558/cawapres-jokowi-belum-final-pkb-belum-berniat-cabut-dukungan,ADVERTISEMENT SCROLL TO CONTINUE WITH CONTENT
Jokowi Ucap Alhamdulillah Capai Sepakat dengan Freeport,"Kamis, 12 Jul 2018 13:19 WIB",https://www.cnnindonesia.com/ekonomi/20180712130842-85-313537/jokowi-ucap-alhamdulillah-capai-sepakat-dengan-freeport,ADVERTISEMENT SCROLL TO CONTINUE WITH CONTENT
"Demam Piala Dunia, Jam Tidur Jokowi Ikut Terpangkas","Kamis, 12 Jul 2018 13:00 WIB",https://www.cnnindonesia.com/olahraga/20180712124708-147-313528/demam-piala-dunia-jam-tidur-jokowi-ikut-terpangkas,ADVERTISEMENT SCROLL TO CONTINUE WITH CONTENT
Pemerintah Perlu 'Rombak' Pengelolaan Anggaran Kementerian,"Kamis, 12 Jul 2018 11:18 WIB",https://www.cnnindonesia.com/ekonomi/20180712105549-532-313505/pemerintah-perlu-rombak-pengelolaan-anggaran-kementerian,ADVERTISEMENT SCROLL TO CONTINUE WITH CONTENT
"Balas Budi, Nurdin Halid Siap Menangkan Jokowi di Pilpres","Kamis, 12 Jul 2018 10:29 WIB",https://www.cnnindonesia.com/nasional/20180712102008-32-313496/balas-budi-nurdin-halid-siap-menangkan-jokowi-di-pilpres,ADVERTISEMENT SCROLL TO CONTINUE WITH CONTENT
Politisi PDIP Sebut Jokowi Usung Nawacita Jilid II di Pilpres,"Kamis, 12 Jul 2018 07:46 WIB",https://www.cnnindonesia.com/nasional/20180711150727-32-313288/politisi-pdip-sebut-jokowi-usung-nawacita-jilid-ii-di-pilpres,ADVERTISEMENT SCROLL TO CONTINUE WITH CONTENT
Jokowi Disarankan Pilih Tokoh Islam sebagai Cawapres,"Kamis, 12 Jul 2018 07:08 WIB",https://www.cnnindonesia.com/nasional/20180712063214-32-313455/jokowi-disarankan-pilih-tokoh-islam-sebagai-cawapres,ADVERTISEMENT SCROLL TO CONTINUE WITH CONTENT
PDIP Ungkap Nawacita Jokowi Bisa Berubah Nama,"Kamis, 12 Jul 2018 06:00 WIB",https://www.cnnindonesia.com/nasional/20180712052051-32-313447/pdip-ungkap-nawacita-jokowi-bisa-berubah-nama,ADVERTISEMENT SCROLL TO CONTINUE WITH CONTENT
Deklarasi Bogor Jadi Acuan Konferensi Ulama Se-dunia di Saudi,"Kamis, 12 Jul 2018 05:42 WIB",https://www.cnnindonesia.com/internasional/20180711200006-120-313374/deklarasi-bogor-jadi-acuan-konferensi-ulama-se-dunia-di-saudi,ADVERTISEMENT SCROLL TO CONTINUE WITH CONTENT
Sandiaga Uno Sindir Jokowi Tak Berani Umumkan Nama Cawapres,"Kamis, 12 Jul 2018 05:37 WIB",https://www.cnnindonesia.com/nasional/20180712053139-32-313449/sandiaga-uno-sindir-jokowi-tak-berani-umumkan-nama-cawapres,ADVERTISEMENT SCROLL TO CONTINUE WITH CONTENT
Fraksi PDIP DKI Tolak Ulah Amien Rais Terulang di Balai Kota,"Kamis, 12 Jul 2018 05:29 WIB",https://www.cnnindonesia.com/nasional/20180712011357-32-313401/fraksi-pdip-dki-tolak-ulah-amien-rais-terulang-di-balai-kota,ADVERTISEMENT SCROLL TO CONTINUE WITH CONTENT
Kemenko Polhukam Sesalkan Tudingan Kubu Oso untuk Wiranto,"Kamis, 12 Jul 2018 03:24 WIB",https://www.cnnindonesia.com/nasional/20180712031743-32-313412/kemenko-polhukam-sesalkan-tudingan-kubu-oso-untuk-wiranto,ADVERTISEMENT SCROLL TO CONTINUE WITH CONTENT
KPU Minta Jokowi Rp35 M untuk Penguatan IT di Pemilu 2019,"Kamis, 12 Jul 2018 00:07 WIB",https://www.cnnindonesia.com/nasional/20180711192003-32-313366/kpu-minta-jokowi-rp35-m-untuk-penguatan-it-di-pemilu-2019,ADVERTISEMENT SCROLL TO CONTINUE WITH CONTENT
"'Hijrah' Menteri ke Parlemen, Bukti Parpol Minim Kader","Rabu, 11 Jul 2018 23:41 WIB",https://www.cnnindonesia.com/nasional/20180711160713-32-313301/hijrah-menteri-ke-parlemen-bukti-parpol-minim-kader,ADVERTISEMENT SCROLL TO CONTINUE WITH CONTENT
Puan Yakin Golkar Tidak Akan Tinggalkan Jokowi,"Rabu, 11 Jul 2018 23:07 WIB",https://www.cnnindonesia.com/nasional/20180711185127-32-313359/puan-yakin-golkar-tidak-akan-tinggalkan-jokowi,ADVERTISEMENT SCROLL TO CONTINUE WITH CONTENT
TGB: Jangan Jadikan Pilpres Seperti Pertentangan Mukmin-Kafir,"Rabu, 11 Jul 2018 21:56 WIB",https://www.cnnindonesia.com/nasional/20180711162724-32-313306/tgb-jangan-jadikan-pilpres-seperti-pertentangan-mukmin-kafir,ADVERTISEMENT SCROLL TO CONTINUE WITH CONTENT
"Cak Imin, Anies dan Gatot Masuk Daftar Cawapres Prabowo","Rabu, 11 Jul 2018 21:17 WIB",https://www.cnnindonesia.com/nasional/20180711203507-32-313392/cak-imin-anies-dan-gatot-masuk-daftar-cawapres-prabowo,ADVERTISEMENT SCROLL TO CONTINUE WITH CONTENT
Jokowi Terima Sulaman Besar Alquran dari Tokoh Konghucu,"Rabu, 11 Jul 2018 20:57 WIB",https://www.cnnindonesia.com/nasional/20180711202842-20-313388/jokowi-terima-sulaman-besar-alquran-dari-tokoh-konghucu,ADVERTISEMENT SCROLL TO CONTINUE WITH CONTENT
"Saat Bertemu Luhut, TGB Akui Bahas Dukungannya ke Jokowi","Rabu, 11 Jul 2018 20:39 WIB",https://www.cnnindonesia.com/nasional/20180711145939-32-313281/saat-bertemu-luhut-tgb-akui-bahas-dukungannya-ke-jokowi,ADVERTISEMENT SCROLL TO CONTINUE WITH CONTENT
Demokrat Terhormat Jika TGB Dipilih Jokowi Jadi Cawapres,"Rabu, 11 Jul 2018 20:17 WIB",https://www.cnnindonesia.com/nasional/20180711174222-32-313335/demokrat-terhormat-jika-tgb-dipilih-jokowi-jadi-cawapres,ADVERTISEMENT SCROLL TO CONTINUE WITH CONTENT
Ketua DPR Sarankan Menteri 'Nyaleg' Mundur,"Rabu, 11 Jul 2018 19:59 WIB",https://www.cnnindonesia.com/nasional/20180711172600-32-313329/ketua-dpr-sarankan-menteri-nyaleg-mundur,ADVERTISEMENT SCROLL TO CONTINUE WITH CONTENT
Jokowi Sebut Calon Pendampingnya Mengerucut Lima Orang,"Rabu, 11 Jul 2018 18:03 WIB",https://www.cnnindonesia.com/nasional/20180711174943-32-313342/jokowi-sebut-calon-pendampingnya-mengerucut-lima-orang,ADVERTISEMENT SCROLL TO CONTINUE WITH CONTENT
Hanif Dhakiri Buka Kemungkinan Mendaftar Jadi Caleg,"Rabu, 11 Jul 2018 17:39 WIB",https://www.cnnindonesia.com/nasional/20180711142825-20-313271/hanif-dhakiri-buka-kemungkinan-mendaftar-jadi-caleg,ADVERTISEMENT SCROLL TO CONTINUE WITH CONTENT
Istana Sebut Jokowi Belum Terima Laporan Menteri Ingin Nyaleg,"Rabu, 11 Jul 2018 17:29 WIB",https://www.cnnindonesia.com/nasional/20180711170621-32-313326/istana-sebut-jokowi-belum-terima-laporan-menteri-ingin-nyaleg,ADVERTISEMENT SCROLL TO CONTINUE WITH CONTENT
NasDem Usul Cawapres Jokowi Nonparpol,"Rabu, 11 Jul 2018 16:44 WIB",https://www.cnnindonesia.com/nasional/20180711155229-32-313297/nasdem-usul-cawapres-jokowi-nonparpol,ADVERTISEMENT SCROLL TO CONTINUE WITH CONTENT
"Temui Jokowi, KPU Minta Bantuan Peningkatan TI","Rabu, 11 Jul 2018 16:14 WIB",https://www.cnnindonesia.com/nasional/20180711144229-32-313282/temui-jokowi-kpu-minta-bantuan-peningkatan-ti,ADVERTISEMENT SCROLL TO CONTINUE WITH CONTENT
"Sepakati Asumsi Makro APBN 2019, DPR Beri Sri Mulyani Catatan","Rabu, 11 Jul 2018 15:33 WIB",https://www.cnnindonesia.com/ekonomi/20180711143335-532-313277/sepakati-asumsi-makro-apbn-2019-dpr-beri-sri-mulyani-catatan,ADVERTISEMENT SCROLL TO CONTINUE WITH CONTENT
"Cemas Anies Maju Pilpres, Mahfudz Siddiq Buat Surat Terbuka","Rabu, 11 Jul 2018 15:23 WIB",https://www.cnnindonesia.com/nasional/20180711143508-32-313274/cemas-anies-maju-pilpres-mahfudz-siddiq-buat-surat-terbuka,ADVERTISEMENT SCROLL TO CONTINUE WITH CONTENT
Mahfud MD akan Jawab soal Cawapres ke Jokowi,"Rabu, 11 Jul 2018 14:15 WIB",https://www.cnnindonesia.com/nasional/20180711133843-32-313257/mahfud-md-akan-jawab-soal-cawapres-ke-jokowi,ADVERTISEMENT SCROLL TO CONTINUE WITH CONTENT
TGB Siap Hadapi Risiko Politik Dukung Jokowi,"Rabu, 11 Jul 2018 14:04 WIB",https://www.cnnindonesia.com/nasional/20180711133830-32-313254/tgb-siap-hadapi-risiko-politik-dukung-jokowi,ADVERTISEMENT SCROLL TO CONTINUE WITH CONTENT
PDIP: TGB Masuk Bursa Cawapres yang Sudah Dikantongi Jokowi,"Rabu, 11 Jul 2018 13:28 WIB",https://www.cnnindonesia.com/nasional/20180711132049-32-313242/pdip-tgb-masuk-bursa-cawapres-yang-sudah-dikantongi-jokowi,ADVERTISEMENT SCROLL TO CONTINUE WITH CONTENT
KPU Temui Jokowi Laporkan Hasil Pilkada Serentak 2018,"Rabu, 11 Jul 2018 12:31 WIB",https://www.cnnindonesia.com/nasional/20180711115945-32-313225/kpu-temui-jokowi-laporkan-hasil-pilkada-serentak-2018,ADVERTISEMENT SCROLL TO CONTINUE WITH CONTENT
Politik Dagang Sapi di Balik Gaduh Bursa Cawapres,"Rabu, 11 Jul 2018 11:42 WIB",https://www.cnnindonesia.com/nasional/20180711101838-32-313195/politik-dagang-sapi-di-balik-gaduh-bursa-cawapres,ADVERTISEMENT SCROLL TO CONTINUE WITH CONTENT
"HUT Bhayangkara, Tito Pamer Hasil Survei Polri ke Jokowi","Rabu, 11 Jul 2018 10:24 WIB",https://www.cnnindonesia.com/nasional/20180711100254-20-313184/hut-bhayangkara-tito-pamer-hasil-survei-polri-ke-jokowi,ADVERTISEMENT SCROLL TO CONTINUE WITH CONTENT
"HUT Bhayangkara, Jokowi Soroti Profesionalitas Polri","Rabu, 11 Jul 2018 09:06 WIB",https://www.cnnindonesia.com/nasional/20180711085616-20-313174/hut-bhayangkara-jokowi-soroti-profesionalitas-polri,ADVERTISEMENT SCROLL TO CONTINUE WITH CONTENT
"Cawapres Nonparpol, Jalan Tengah untuk Jokowi","Rabu, 11 Jul 2018 08:30 WIB",https://www.cnnindonesia.com/nasional/20180711075547-32-313158/cawapres-nonparpol-jalan-tengah-untuk-jokowi,ADVERTISEMENT SCROLL TO CONTINUE WITH CONTENT
"Pimpin DKI di Bawah Sumpah, Anies Diminta Tak Maju Capres","Rabu, 11 Jul 2018 06:27 WIB",https://www.cnnindonesia.com/nasional/20180710163005-32-313011/pimpin-dki-di-bawah-sumpah-anies-diminta-tak-maju-capres,ADVERTISEMENT SCROLL TO CONTINUE WITH CONTENT
Mendagri Tak Larang Kepala Daerah Dukung Capres Selain Jokowi,"Rabu, 11 Jul 2018 05:17 WIB",https://www.cnnindonesia.com/nasional/20180710160539-32-313007/mendagri-tak-larang-kepala-daerah-dukung-capres-selain-jokowi,ADVERTISEMENT SCROLL TO CONTINUE WITH CONTENT
Keutuhan Koalisi Disebut Tergantung Cawapres Pilihan Jokowi,"Rabu, 11 Jul 2018 04:36 WIB",https://www.cnnindonesia.com/nasional/20180710181845-32-313038/keutuhan-koalisi-disebut-tergantung-cawapres-pilihan-jokowi,ADVERTISEMENT SCROLL TO CONTINUE WITH CONTENT
Luhut Panjaitan Klaim Jadi Saksi Hidup Kekompakan Jokowi-JK,"Rabu, 11 Jul 2018 04:29 WIB",https://www.cnnindonesia.com/nasional/20180711041055-32-313143/luhut-panjaitan-klaim-jadi-saksi-hidup-kekompakan-jokowi-jk,ADVERTISEMENT SCROLL TO CONTINUE WITH CONTENT
"Mahfud MD, Sri Mulyani dan Susi Masuk Bursa Cawapres Jokowi","Rabu, 11 Jul 2018 04:04 WIB",https://www.cnnindonesia.com/nasional/20180710173113-32-313022/mahfud-md-sri-mulyani-dan-susi-masuk-bursa-cawapres-jokowi,ADVERTISEMENT SCROLL TO CONTINUE WITH CONTENT
Importir Mesir Harap RI Dorong Pengusaha Kopi Nasional,"Rabu, 11 Jul 2018 03:08 WIB",https://www.cnnindonesia.com/internasional/20180710104055-127-312892/importir-mesir-harap-ri-dorong-pengusaha-kopi-nasional,ADVERTISEMENT SCROLL TO CONTINUE WITH CONTENT
"Utang Meningkat, Moeldoko Sebut Jokowi Siap Dimarahi Rakyat","Selasa, 10 Jul 2018 23:34 WIB",https://www.cnnindonesia.com/nasional/20180710231759-32-313108/utang-meningkat-moeldoko-sebut-jokowi-siap-dimarahi-rakyat,ADVERTISEMENT SCROLL TO CONTINUE WITH CONTENT
Jokowi: Pilih Pemimpin Lihat Rekam Jejak dan Prestasinya,"Selasa, 10 Jul 2018 22:15 WIB",https://www.cnnindonesia.com/nasional/20180710215820-32-313105/jokowi-pilih-pemimpin-lihat-rekam-jejak-dan-prestasinya,ADVERTISEMENT SCROLL TO CONTINUE WITH CONTENT
Anggaran Program Keluarga Harapan Ditambah Rp15 Triliun,"Selasa, 10 Jul 2018 20:57 WIB",https://www.cnnindonesia.com/ekonomi/20180710180444-532-313033/anggaran-program-keluarga-harapan-ditambah-rp15-triliun,ADVERTISEMENT SCROLL TO CONTINUE WITH CONTENT
Eggi soal Anies Nyapres: Jangan Sampai Jadi Orang Munafik,"Selasa, 10 Jul 2018 20:33 WIB",https://www.cnnindonesia.com/nasional/20180710184758-32-313066/eggi-soal-anies-nyapres-jangan-sampai-jadi-orang-munafik,ADVERTISEMENT SCROLL TO CONTINUE WITH CONTENT
"Survei LSI: Prabowo, Gatot, Anies, Calon Lawan Kuat Jokowi","Selasa, 10 Jul 2018 20:05 WIB",https://www.cnnindonesia.com/nasional/20180710191650-32-313069/survei-lsi-prabowo-gatot-anies-calon-lawan-kuat-jokowi,ADVERTISEMENT SCROLL TO CONTINUE WITH CONTENT
Jokowi Hadiri Deklarasi Dukungan Ulama Muda,"Selasa, 10 Jul 2018 19:34 WIB",https://www.cnnindonesia.com/nasional/20180710192227-20-313068/jokowi-hadiri-deklarasi-dukungan-ulama-muda,ADVERTISEMENT SCROLL TO CONTINUE WITH CONTENT
Din Syamsuddin: Sebutan 'Cebong'-'Kampret' Bukan Ahlak Islam,"Selasa, 10 Jul 2018 19:22 WIB",https://www.cnnindonesia.com/nasional/20180710164326-32-313015/din-syamsuddin-sebutan-cebong-kampret-bukan-ahlak-islam,ADVERTISEMENT SCROLL TO CONTINUE WITH CONTENT
"Bertemu TGB, Luhut Akui Singgung Dukungan ke Jokowi","Selasa, 10 Jul 2018 19:02 WIB",https://www.cnnindonesia.com/nasional/20180710170258-32-313014/bertemu-tgb-luhut-akui-singgung-dukungan-ke-jokowi,ADVERTISEMENT SCROLL TO CONTINUE WITH CONTENT
Jerinx 'SID' Tagih Janji Jokowi Soal Reklamasi Teluk Benoa,Tanggal tidak ditemukan,https://www.cnnindonesia.com/hiburan/20180710173309-234-313023/jerinx-sid-tagih-janji-jokowi-soal-reklamasi-teluk-benoa,ADVERTISEMENT SCROLL TO CONTINUE WITH CONTENT
Kader PKS Protes Petinggi Partai Lebih Pilih Anies Capres,"Selasa, 10 Jul 2018 18:33 WIB",https://www.cnnindonesia.com/nasional/20180710154108-32-312984/kader-pks-protes-petinggi-partai-lebih-pilih-anies-capres,ADVERTISEMENT SCROLL TO CONTINUE WITH CONTENT
Eks Ketua KPK Abraham Samad Incar Posisi Cawapres Jokowi,"Selasa, 10 Jul 2018 18:01 WIB",https://www.cnnindonesia.com/nasional/20180710161520-32-312999/eks-ketua-kpk-abraham-samad-incar-posisi-cawapres-jokowi,ADVERTISEMENT SCROLL TO CONTINUE WITH CONTENT
Survei LSI: Posisi Jokowi Belum Aman,"Selasa, 10 Jul 2018 17:26 WIB",https://www.cnnindonesia.com/nasional/20180710161537-32-312998/survei-lsi-posisi-jokowi-belum-aman,ADVERTISEMENT SCROLL TO CONTINUE WITH CONTENT
JK soal TGB Dukung Jokowi: Yang Tak Berubah Hanya Kepentingan,"Selasa, 10 Jul 2018 16:58 WIB",https://www.cnnindonesia.com/nasional/20180710155339-32-312990/jk-soal-tgb-dukung-jokowi-yang-tak-berubah-hanya-kepentingan,ADVERTISEMENT SCROLL TO CONTINUE WITH CONTENT
Nasdem Buka Peluang Usung Abraham Samad Jadi Cawapres Jokowi,"Selasa, 10 Jul 2018 16:35 WIB",https://www.cnnindonesia.com/nasional/20180710134231-32-312953/nasdem-buka-peluang-usung-abraham-samad-jadi-cawapres-jokowi,ADVERTISEMENT SCROLL TO CONTINUE WITH CONTENT
Ngabalin Sebut Jokowi Beri Petunjuk Soal Cawapres Nanti Malam,"Selasa, 10 Jul 2018 16:19 WIB",https://www.cnnindonesia.com/nasional/20180710160326-32-312993/ngabalin-sebut-jokowi-beri-petunjuk-soal-cawapres-nanti-malam,ADVERTISEMENT SCROLL TO CONTINUE WITH CONTENT
Jokowi Diminta Pimpin Pengembangan Kendaraan Listrik,"Selasa, 10 Jul 2018 15:00 WIB",https://www.cnnindonesia.com/otomotif/20180710150021-603-312975/jokowi-diminta-pimpin-pengembangan-kendaraan-listrik,ADVERTISEMENT SCROLL TO CONTINUE WITH CONTENT ADVERTISEMENT SCROLL TO CONTINUE WITH CONTENT
Ngabalin: Saya Minta Amien Rais Istigfar,"Selasa, 10 Jul 2018 14:38 WIB",https://www.cnnindonesia.com/nasional/20180710143311-32-312962/ngabalin-saya-minta-amien-rais-istigfar,ADVERTISEMENT SCROLL TO CONTINUE WITH CONTENT
"PKB Ngotot Usung Cak Imin, PPP Ikhlas Romi Tak Dipilih Jokowi","Selasa, 10 Jul 2018 14:32 WIB",https://www.cnnindonesia.com/nasional/20180710135131-32-312950/pkb-ngotot-usung-cak-imin-ppp-ikhlas-romi-tak-dipilih-jokowi,ADVERTISEMENT SCROLL TO CONTINUE WITH CONTENT
JK Sebut Belum Ada Menteri Izin Daftar Caleg,"Selasa, 10 Jul 2018 14:25 WIB",https://www.cnnindonesia.com/nasional/20180710141645-32-312957/jk-sebut-belum-ada-menteri-izin-daftar-caleg,ADVERTISEMENT SCROLL TO CONTINUE WITH CONTENT
Gerindra Pesimistis Usulan Tiga Poros PKS Bisa Terwujud,"Selasa, 10 Jul 2018 14:18 WIB",https://www.cnnindonesia.com/nasional/20180710140616-32-312954/gerindra-pesimistis-usulan-tiga-poros-pks-bisa-terwujud,ADVERTISEMENT SCROLL TO CONTINUE WITH CONTENT
"Dukung Jokowi demi Proyek Mandalika, Alasan TGB Dipertanyakan","Selasa, 10 Jul 2018 13:52 WIB",https://www.cnnindonesia.com/nasional/20180710134249-32-312949/dukung-jokowi-demi-proyek-mandalika-alasan-tgb-dipertanyakan,ADVERTISEMENT SCROLL TO CONTINUE WITH CONTENT
"Pemerintah Suntik Modal Rp3,6 Triliun untuk PT KAI","Selasa, 10 Jul 2018 13:37 WIB",https://www.cnnindonesia.com/ekonomi/20180710103059-92-312894/pemerintah-suntik-modal-rp36-triliun-untuk-pt-kai,ADVERTISEMENT SCROLL TO CONTINUE WITH CONTENT
Wiranto Minta Publik Tak Ributkan Cawapres Jokowi,"Selasa, 10 Jul 2018 13:20 WIB",https://www.cnnindonesia.com/nasional/20180710124043-32-312937/wiranto-minta-publik-tak-ributkan-cawapres-jokowi,ADVERTISEMENT SCROLL TO CONTINUE WITH CONTENT
Luhut Singgung 'Misteri Kehidupan' Anies Jelang Pilpres 2019,"Selasa, 10 Jul 2018 13:00 WIB",https://www.cnnindonesia.com/nasional/20180710125306-32-312936/luhut-singgung-misteri-kehidupan-anies-jelang-pilpres-2019,ADVERTISEMENT SCROLL TO CONTINUE WITH CONTENT
Sanksi Demokrat untuk TGB Bukan karena Dukung Jokowi,"Selasa, 10 Jul 2018 09:56 WIB",https://www.cnnindonesia.com/nasional/20180710094353-32-312882/sanksi-demokrat-untuk-tgb-bukan-karena-dukung-jokowi,ADVERTISEMENT SCROLL TO CONTINUE WITH CONTENT
Jokowi Minta Kajian Mandatori Campuran B-30 untuk BBM,"Selasa, 10 Jul 2018 06:51 WIB",https://www.cnnindonesia.com/ekonomi/20180709204025-85-312819/jokowi-minta-kajian-mandatori-campuran-b-30-untuk-bbm,ADVERTISEMENT SCROLL TO CONTINUE WITH CONTENT
Koalisi Oposisi Matangkan Formasi Calon Penantang Jokowi,"Selasa, 10 Jul 2018 06:42 WIB",https://www.cnnindonesia.com/nasional/20180709194324-32-312804/koalisi-oposisi-matangkan-formasi-calon-penantang-jokowi,ADVERTISEMENT SCROLL TO CONTINUE WITH CONTENT
Moeldoko Tegaskan Nasibnya Jadi Cawapres Ada di Tangan Jokowi,"Selasa, 10 Jul 2018 06:13 WIB",https://www.cnnindonesia.com/nasional/20180710055946-32-312856/moeldoko-tegaskan-nasibnya-jadi-cawapres-ada-di-tangan-jokowi,ADVERTISEMENT SCROLL TO CONTINUE WITH CONTENT
Bupati Batang Klaim Jokowi Setuju Tambah Exit Tol Jateng,"Selasa, 10 Jul 2018 00:53 WIB",https://www.cnnindonesia.com/ekonomi/20180709125444-92-312672/bupati-batang-klaim-jokowi-setuju-tambah-exit-tol-jateng,ADVERTISEMENT SCROLL TO CONTINUE WITH CONTENT
Surya Paloh Larang Menteri dari NasDem Daftar Jadi Caleg,"Senin, 09 Jul 2018 22:45 WIB",https://www.cnnindonesia.com/nasional/20180709193931-32-312803/surya-paloh-larang-menteri-dari-nasdem-daftar-jadi-caleg,ADVERTISEMENT SCROLL TO CONTINUE WITH CONTENT
"Tabayun, GNPF Ulama Belum Coret Nama TGB dari Bursa Capres","Senin, 09 Jul 2018 22:24 WIB",https://www.cnnindonesia.com/nasional/20180709204300-32-312820/tabayun-gnpf-ulama-belum-coret-nama-tgb-dari-bursa-capres,ADVERTISEMENT SCROLL TO CONTINUE WITH CONTENT
PDIP dan Gerindra Dukung Aa Gym Hapus 'Cebong dan Kampret',"Senin, 09 Jul 2018 22:06 WIB",https://www.cnnindonesia.com/nasional/20180709213733-32-312835/pdip-dan-gerindra-dukung-aa-gym-hapus-cebong-dan-kampret,ADVERTISEMENT SCROLL TO CONTINUE WITH CONTENT
PKS: Oposisi Harus Pakai Strategi Pilgub DKI Lawan Jokowi,"Senin, 09 Jul 2018 21:19 WIB",https://www.cnnindonesia.com/nasional/20180709202844-32-312818/pks-oposisi-harus-pakai-strategi-pilgub-dki-lawan-jokowi,ADVERTISEMENT SCROLL TO CONTINUE WITH CONTENT
GNPF Sebut Rizieq Shihab Ingin Partai Oposisi Berkoalisi,"Senin, 09 Jul 2018 21:01 WIB",https://www.cnnindonesia.com/nasional/20180709200210-32-312807/gnpf-sebut-rizieq-shihab-ingin-partai-oposisi-berkoalisi,ADVERTISEMENT SCROLL TO CONTINUE WITH CONTENT
"Soal Capres, Demokrat Masih Terpaku di Jokowi dan Prabowo","Senin, 09 Jul 2018 19:59 WIB",https://www.cnnindonesia.com/nasional/20180709191535-32-312799/soal-capres-demokrat-masih-terpaku-di-jokowi-dan-prabowo,ADVERTISEMENT SCROLL TO CONTINUE WITH CONTENT
"'Cebong dan Kampret', Sinisme Dua Kubu Nihil Gagasan","Senin, 09 Jul 2018 19:30 WIB",https://www.cnnindonesia.com/nasional/20180709153148-32-312746/cebong-dan-kampret-sinisme-dua-kubu-nihil-gagasan,ADVERTISEMENT SCROLL TO CONTINUE WITH CONTENT
"Kepada Sri Mulyani, Jokowi Minta Agar APBN Tak Diubah","Senin, 09 Jul 2018 19:23 WIB",https://www.cnnindonesia.com/ekonomi/20180709190319-532-312794/kepada-sri-mulyani-jokowi-minta-agar-apbn-tak-diubah,ADVERTISEMENT SCROLL TO CONTINUE WITH CONTENT
"TGB Disebut Seperti Hary Tanoe, Dukung Jokowi Karena Terpojok","Senin, 09 Jul 2018 19:01 WIB",https://www.cnnindonesia.com/nasional/20180709174132-32-312771/tgb-disebut-seperti-hary-tanoe-dukung-jokowi-karena-terpojok,ADVERTISEMENT SCROLL TO CONTINUE WITH CONTENT
TGB Tak Hadir di Pertemuan Majelis Tinggi Partai Demokrat,"Senin, 09 Jul 2018 18:36 WIB",https://www.cnnindonesia.com/nasional/20180709182018-32-312779/tgb-tak-hadir-di-pertemuan-majelis-tinggi-partai-demokrat,ADVERTISEMENT SCROLL TO CONTINUE WITH CONTENT
Golkar Belum Diajak Komunikasi Jokowi Soal Cawapres,"Senin, 09 Jul 2018 18:13 WIB",https://www.cnnindonesia.com/nasional/20180709162402-32-312754/golkar-belum-diajak-komunikasi-jokowi-soal-cawapres,ADVERTISEMENT SCROLL TO CONTINUE WITH CONTENT
"Jadi Caleg, Tjahjo Tunggu Perintah 'Bos' Megawati dan Jokowi","Senin, 09 Jul 2018 17:50 WIB",https://www.cnnindonesia.com/nasional/20180709154513-32-312741/jadi-caleg-tjahjo-tunggu-perintah-bos-megawati-dan-jokowi,ADVERTISEMENT SCROLL TO CONTINUE WITH CONTENT
Cak Imin Sambangi Surya Paloh di Kantor DPP NasDem,"Senin, 09 Jul 2018 16:49 WIB",https://www.cnnindonesia.com/nasional/20180709164454-32-312762/cak-imin-sambangi-surya-paloh-di-kantor-dpp-nasdem,ADVERTISEMENT SCROLL TO CONTINUE WITH CONTENT
PDIP Klaim Tak Utamakan Latar Belakang Cawapres Jokowi,"Senin, 09 Jul 2018 16:49 WIB",https://www.cnnindonesia.com/nasional/20180709162111-32-312761/pdip-klaim-tak-utamakan-latar-belakang-cawapres-jokowi,ADVERTISEMENT SCROLL TO CONTINUE WITH CONTENT
Golkar Masih Berharap Airlangga Dipilih Jadi Cawapres Jokowi,"Senin, 09 Jul 2018 15:50 WIB",https://www.cnnindonesia.com/nasional/20180709154018-32-312739/golkar-masih-berharap-airlangga-dipilih-jadi-cawapres-jokowi,ADVERTISEMENT SCROLL TO CONTINUE WITH CONTENT
NasDem Sebut Cawapres Jokowi Hebat dan Bakal Menggemparkan,"Senin, 09 Jul 2018 15:36 WIB",https://www.cnnindonesia.com/nasional/20180709152744-32-312734/nasdem-sebut-cawapres-jokowi-hebat-dan-bakal-menggemparkan,ADVERTISEMENT SCROLL TO CONTINUE WITH CONTENT
Demokrat Pastikan Sanksi TGB Dukung Jokowi,"Senin, 09 Jul 2018 12:48 WIB",https://www.cnnindonesia.com/nasional/20180709121427-32-312663/demokrat-pastikan-sanksi-tgb-dukung-jokowi,ADVERTISEMENT SCROLL TO CONTINUE WITH CONTENT
Aktivis 98: Ada Penggembosan Isu Lansia di Rembuk Nasional,"Senin, 09 Jul 2018 12:31 WIB",https://www.cnnindonesia.com/nasional/20180709120206-20-312657/aktivis-98-ada-penggembosan-isu-lansia-di-rembuk-nasional,ADVERTISEMENT SCROLL TO CONTINUE WITH CONTENT
Cawapres Jokowi Diumumkan saat Matahari Terbit Bulan Agustus,"Senin, 09 Jul 2018 12:00 WIB",https://www.cnnindonesia.com/nasional/20180709115212-32-312656/cawapres-jokowi-diumumkan-saat-matahari-terbit-bulan-agustus,ADVERTISEMENT SCROLL TO CONTINUE WITH CONTENT
"Kantongi Cawapres, Jokowi dan Megawati Atur Waktu Pengumuman","Senin, 09 Jul 2018 08:51 WIB",https://www.cnnindonesia.com/nasional/20180709083928-32-312616/kantongi-cawapres-jokowi-dan-megawati-atur-waktu-pengumuman,ADVERTISEMENT SCROLL TO CONTINUE WITH CONTENT
Amien Rais Minta Publik Tak Ikut Tokoh yang Berubah Haluan,"Senin, 09 Jul 2018 08:28 WIB",https://www.cnnindonesia.com/nasional/20180709005316-32-312574/amien-rais-minta-publik-tak-ikut-tokoh-yang-berubah-haluan,ADVERTISEMENT SCROLL TO CONTINUE WITH CONTENT
Pencabutan Insentif Tarif Impor AS Bisa Ganggu Perdagangan RI,"Senin, 09 Jul 2018 08:17 WIB",https://www.cnnindonesia.com/ekonomi/20180709081018-92-312611/pencabutan-insentif-tarif-impor-as-bisa-ganggu-perdagangan-ri,ADVERTISEMENT SCROLL TO CONTINUE WITH CONTENT
Cak Imin Siap 'Tarung' dengan TGB Jadi Cawapres Jokowi,"Senin, 09 Jul 2018 08:06 WIB",https://www.cnnindonesia.com/nasional/20180709003255-32-312572/cak-imin-siap-tarung-dengan-tgb-jadi-cawapres-jokowi,ADVERTISEMENT SCROLL TO CONTINUE WITH CONTENT
Hatta Rajasa Lebih Pilih Keluarga Ketimbang Pilpres 2019,"Senin, 09 Jul 2018 05:56 WIB",https://www.cnnindonesia.com/nasional/20180709052156-32-312586/hatta-rajasa-lebih-pilih-keluarga-ketimbang-pilpres-2019,ADVERTISEMENT SCROLL TO CONTINUE WITH CONTENT
Moeldoko Anggap TGB Realistis Dukung Jokowi,"Senin, 09 Jul 2018 00:51 WIB",https://www.cnnindonesia.com/nasional/20180708201739-32-312540/moeldoko-anggap-tgb-realistis-dukung-jokowi,ADVERTISEMENT SCROLL TO CONTINUE WITH CONTENT
AHY Tegaskan Dukungan TGB ke Jokowi Bukan Sikap Demokrat,"Minggu, 08 Jul 2018 20:33 WIB",https://www.cnnindonesia.com/nasional/20180708202818-32-312541/ahy-tegaskan-dukungan-tgb-ke-jokowi-bukan-sikap-demokrat,ADVERTISEMENT SCROLL TO CONTINUE WITH CONTENT
Tanggapan Aa Gym dan Bachtiar Nasir soal TGB Dukung Jokowi,"Minggu, 08 Jul 2018 17:42 WIB",https://www.cnnindonesia.com/nasional/20180708172455-32-312503/tanggapan-aa-gym-dan-bachtiar-nasir-soal-tgb-dukung-jokowi,ADVERTISEMENT SCROLL TO CONTINUE WITH CONTENT
"Pasti Dukung Jokowi, TGB Klaim Tidak Ada Deal Posisi Cawapres","Minggu, 08 Jul 2018 15:39 WIB",https://www.cnnindonesia.com/nasional/20180708152030-32-312492/pasti-dukung-jokowi-tgb-klaim-tidak-ada-deal-posisi-cawapres,ADVERTISEMENT SCROLL TO CONTINUE WITH CONTENT
"Didukung Relawan, Moeldoko Belum Tegas soal Jadi Cawapres","Minggu, 08 Jul 2018 15:06 WIB",https://www.cnnindonesia.com/nasional/20180708145203-32-312480/didukung-relawan-moeldoko-belum-tegas-soal-jadi-cawapres,ADVERTISEMENT SCROLL TO CONTINUE WITH CONTENT
"Dukung Jokowi, TGB Akui Belum Komunikasi dengan Demokrat","Minggu, 08 Jul 2018 14:20 WIB",https://www.cnnindonesia.com/nasional/20180708141257-32-312476/dukung-jokowi-tgb-akui-belum-komunikasi-dengan-demokrat,ADVERTISEMENT SCROLL TO CONTINUE WITH CONTENT
Strategi 'Kontes Kecantikan' Jokowi Pilih Cawapres,"Minggu, 08 Jul 2018 09:31 WIB",https://www.cnnindonesia.com/nasional/20180707184501-32-312334/strategi-kontes-kecantikan-jokowi-pilih-cawapres,ADVERTISEMENT SCROLL TO CONTINUE WITH CONTENT
Terlalu Dini Menyebut AS Lancarkan Perang Dagang dengan RI,"Minggu, 08 Jul 2018 08:25 WIB",https://www.cnnindonesia.com/ekonomi/20180707095448-92-312272/terlalu-dini-menyebut-as-lancarkan-perang-dagang-dengan-ri,ADVERTISEMENT SCROLL TO CONTINUE WITH CONTENT
Prabowo Singgung Pelemahan Rupiah Era Jokowi,"Minggu, 08 Jul 2018 08:09 WIB",https://www.cnnindonesia.com/nasional/20180707123422-32-312286/prabowo-singgung-pelemahan-rupiah-era-jokowi,ADVERTISEMENT SCROLL TO CONTINUE WITH CONTENT
Taktik TGB Mencari Celah Kekuasaan Lewat Jokowi,"Minggu, 08 Jul 2018 05:46 WIB",https://www.cnnindonesia.com/nasional/20180707195507-32-312340/taktik-tgb-mencari-celah-kekuasaan-lewat-jokowi,ADVERTISEMENT SCROLL TO CONTINUE WITH CONTENT
Jokowi Janji Bahas Usul Aktivis 98 Gugur Jadi Pahlawan,"Sabtu, 07 Jul 2018 22:00 WIB",https://www.cnnindonesia.com/nasional/20180707203223-20-312347/jokowi-janji-bahas-usul-aktivis-98-gugur-jadi-pahlawan,ADVERTISEMENT SCROLL TO CONTINUE WITH CONTENT
Prabowo Anggap Dukungan TGB ke Jokowi Bukan Ancaman,"Sabtu, 07 Jul 2018 21:42 WIB",https://www.cnnindonesia.com/nasional/20180707192148-32-312337/prabowo-anggap-dukungan-tgb-ke-jokowi-bukan-ancaman,ADVERTISEMENT SCROLL TO CONTINUE WITH CONTENT
Jokowi Senang Nama Anies Baswedan Ramaikan Bursa Capres,"Sabtu, 07 Jul 2018 20:40 WIB",https://www.cnnindonesia.com/nasional/20180707200932-32-312343/jokowi-senang-nama-anies-baswedan-ramaikan-bursa-capres,ADVERTISEMENT SCROLL TO CONTINUE WITH CONTENT
Gerindra Kritik Wacana Menteri Maju Caleg dan Cuti Kampanye,"Sabtu, 07 Jul 2018 19:19 WIB",https://www.cnnindonesia.com/nasional/20180707172622-32-312326/gerindra-kritik-wacana-menteri-maju-caleg-dan-cuti-kampanye,ADVERTISEMENT SCROLL TO CONTINUE WITH CONTENT
"Jokowi Sembunyikan Sosok Cawapres, Minta Masyarakat Sabar","Sabtu, 07 Jul 2018 19:01 WIB",https://www.cnnindonesia.com/nasional/20180707183347-32-312333/jokowi-sembunyikan-sosok-cawapres-minta-masyarakat-sabar,ADVERTISEMENT SCROLL TO CONTINUE WITH CONTENT
"TGB Dukung Jokowi, Demokrat Sebut Hormati Perbedaan","Sabtu, 07 Jul 2018 18:59 WIB",https://www.cnnindonesia.com/nasional/20180707140808-32-312298/tgb-dukung-jokowi-demokrat-sebut-hormati-perbedaan,ADVERTISEMENT SCROLL TO CONTINUE WITH CONTENT
"20 Tahun Reformasi, Aktivis 98 Deklarasi Dukung Jokowi","Sabtu, 07 Jul 2018 17:35 WIB",https://www.cnnindonesia.com/nasional/20180707173527-20-312327/20-tahun-reformasi-aktivis-98-deklarasi-dukung-jokowi,ADVERTISEMENT SCROLL TO CONTINUE WITH CONTENT
Politikus Golkar Yakin JK Dukung Jokowi di Pilpres,"Sabtu, 07 Jul 2018 16:50 WIB",https://www.cnnindonesia.com/nasional/20180707164649-32-312319/politikus-golkar-yakin-jk-dukung-jokowi-di-pilpres,ADVERTISEMENT SCROLL TO CONTINUE WITH CONTENT
Jokowi Cerita Tak Mampu Beli Alat Panah Saat Kecil,"Sabtu, 07 Jul 2018 16:18 WIB",https://www.cnnindonesia.com/nasional/20180707161858-20-312316/jokowi-cerita-tak-mampu-beli-alat-panah-saat-kecil,ADVERTISEMENT SCROLL TO CONTINUE WITH CONTENT
Tes Pasar Politik JK dan Fragmentasi Suara Golkar,"Sabtu, 07 Jul 2018 12:45 WIB",https://www.cnnindonesia.com/nasional/20180706112923-32-311972/tes-pasar-politik-jk-dan-fragmentasi-suara-golkar,ADVERTISEMENT SCROLL TO CONTINUE WITH CONTENT
Potensi Penantang Kuat Jokowi dari Luar Parpol,"Sabtu, 07 Jul 2018 08:34 WIB",https://www.cnnindonesia.com/nasional/20180706205714-32-312178/potensi-penantang-kuat-jokowi-dari-luar-parpol,ADVERTISEMENT SCROLL TO CONTINUE WITH CONTENT
Gerindra Tidak Gentar TGB Zainul Majdi Dukung Jokowi,"Sabtu, 07 Jul 2018 03:58 WIB",https://www.cnnindonesia.com/nasional/20180706213052-32-312179/gerindra-tidak-gentar-tgb-zainul-majdi-dukung-jokowi,ADVERTISEMENT SCROLL TO CONTINUE WITH CONTENT
Fadli Zon Sindir Jokowi Terlalu Sibuk Urus Tol Darat,"Jumat, 06 Jul 2018 23:20 WIB",https://www.cnnindonesia.com/nasional/20180706164158-32-312098/fadli-zon-sindir-jokowi-terlalu-sibuk-urus-tol-darat,ADVERTISEMENT SCROLL TO CONTINUE WITH CONTENT
Gerindra Klaim PAN Merapat karena Dapat Kursi Lebih Banyak,"Jumat, 06 Jul 2018 22:40 WIB",https://www.cnnindonesia.com/nasional/20180706135916-32-312015/gerindra-klaim-pan-merapat-karena-dapat-kursi-lebih-banyak,ADVERTISEMENT SCROLL TO CONTINUE WITH CONTENT
KPU Ingatkan Menteri Jadi Caleg Harus Cuti Saat Kampanye,"Jumat, 06 Jul 2018 21:21 WIB",https://www.cnnindonesia.com/nasional/20180706183413-32-312121/kpu-ingatkan-menteri-jadi-caleg-harus-cuti-saat-kampanye,ADVERTISEMENT SCROLL TO CONTINUE WITH CONTENT
KPK Minta Anies Bijak Laporkan Hadiah Tongkat Ulama Ghana,"Jumat, 06 Jul 2018 21:03 WIB",https://www.cnnindonesia.com/nasional/20180706204510-12-312156/kpk-minta-anies-bijak-laporkan-hadiah-tongkat-ulama-ghana,ADVERTISEMENT SCROLL TO CONTINUE WITH CONTENT
Prabowo: Indonesia Telah Kehilangan Kedaulatan Ekonomi,"Jumat, 06 Jul 2018 20:38 WIB",https://www.cnnindonesia.com/nasional/20180706201927-32-312149/prabowo-indonesia-telah-kehilangan-kedaulatan-ekonomi,ADVERTISEMENT SCROLL TO CONTINUE WITH CONTENT
Peneliti LIPI: Penantang Jokowi Bukan Lagi Prabowo,"Jumat, 06 Jul 2018 20:29 WIB",https://www.cnnindonesia.com/nasional/20180706192706-32-312145/peneliti-lipi-penantang-jokowi-bukan-lagi-prabowo,ADVERTISEMENT SCROLL TO CONTINUE WITH CONTENT
JK 'King Maker' di Pilpres 2019,"Jumat, 06 Jul 2018 17:50 WIB",https://www.cnnindonesia.com/nasional/20180706134944-32-312005/jk-king-maker-di-pilpres-2019,ADVERTISEMENT SCROLL TO CONTINUE WITH CONTENT
"Pekan Depan, Jokowi Kumpulkan Menteri Bahas Perang Dagang AS","Jumat, 06 Jul 2018 17:04 WIB",https://www.cnnindonesia.com/ekonomi/20180706161929-92-312097/pekan-depan-jokowi-kumpulkan-menteri-bahas-perang-dagang-as,ADVERTISEMENT SCROLL TO CONTINUE WITH CONTENT
Jokowi Persilakan Menterinya Nyaleg dan Cuti Kampanye,"Jumat, 06 Jul 2018 16:38 WIB",https://www.cnnindonesia.com/nasional/20180706161744-32-312087/jokowi-persilakan-menterinya-nyaleg-dan-cuti-kampanye,ADVERTISEMENT SCROLL TO CONTINUE WITH CONTENT
Elite Hanura Sebut Demokrat Makin Genit Populerkan AHY,"Jumat, 06 Jul 2018 16:25 WIB",https://www.cnnindonesia.com/nasional/20180706115518-32-311971/elite-hanura-sebut-demokrat-makin-genit-populerkan-ahy,ADVERTISEMENT SCROLL TO CONTINUE WITH CONTENT
Manuver Kejutan TGB Dukung Jokowi Dua Periode,"Jumat, 06 Jul 2018 16:14 WIB",https://www.cnnindonesia.com/nasional/20180706133112-32-312004/manuver-kejutan-tgb-dukung-jokowi-dua-periode,ADVERTISEMENT SCROLL TO CONTINUE WITH CONTENT
"Tangkap Buronan Malaysia, Mahathir Berterima Kasih ke  Jokowi","Jumat, 06 Jul 2018 15:40 WIB",https://www.cnnindonesia.com/internasional/20180706152622-106-312053/tangkap-buronan-malaysia-mahathir-berterima-kasih-ke-jokowi,ADVERTISEMENT SCROLL TO CONTINUE WITH CONTENT
Jokowi: Dukungan TGB Rasionalitas yang Wajar,"Jumat, 06 Jul 2018 15:27 WIB",https://www.cnnindonesia.com/nasional/20180706152216-32-312050/jokowi-dukungan-tgb-rasionalitas-yang-wajar,ADVERTISEMENT SCROLL TO CONTINUE WITH CONTENT
Puan Pertimbangkan Maju Pileg 2019,"Jumat, 06 Jul 2018 14:31 WIB",https://www.cnnindonesia.com/nasional/20180706132546-32-311995/puan-pertimbangkan-maju-pileg-2019,ADVERTISEMENT SCROLL TO CONTINUE WITH CONTENT
Hidayat Nur Wahid Belum Percaya TGB Dukung Jokowi Dua Periode,"Jumat, 06 Jul 2018 14:27 WIB",https://www.cnnindonesia.com/nasional/20180706133540-32-312003/hidayat-nur-wahid-belum-percaya-tgb-dukung-jokowi-dua-periode,ADVERTISEMENT SCROLL TO CONTINUE WITH CONTENT
Pengusaha Khawatir Dolar AS Tembus ke Rp15.000 di Pekan Depan,"Jumat, 06 Jul 2018 14:14 WIB",https://www.cnnindonesia.com/ekonomi/20180706133647-532-312008/pengusaha-khawatir-dolar-as-tembus-ke-rp15000-di-pekan-depan,ADVERTISEMENT SCROLL TO CONTINUE WITH CONTENT
Ustaz Somad dan Arifin Ilham Sepakat Tunggu Rizieq soal TGB,"Jumat, 06 Jul 2018 13:44 WIB",https://www.cnnindonesia.com/nasional/20180706133318-32-311999/ustaz-somad-dan-arifin-ilham-sepakat-tunggu-rizieq-soal-tgb,ADVERTISEMENT SCROLL TO CONTINUE WITH CONTENT
Pekan Ini Jokowi Luncurkan Sistem Perizinan Investasi Terpadu,"Jumat, 06 Jul 2018 13:43 WIB",https://www.cnnindonesia.com/ekonomi/20180706130158-532-311993/pekan-ini-jokowi-luncurkan-sistem-perizinan-investasi-terpadu,ADVERTISEMENT SCROLL TO CONTINUE WITH CONTENT
PAN Bakal Tinggalkan Koalisi Jokowi,"Jumat, 06 Jul 2018 12:25 WIB",https://www.cnnindonesia.com/nasional/20180706122306-32-311978/pan-bakal-tinggalkan-koalisi-jokowi,ADVERTISEMENT SCROLL TO CONTINUE WITH CONTENT
Jokowi Mengaku Sedih Banyak Kepala Daerah Ditangkap KPK,"Jumat, 06 Jul 2018 10:38 WIB",https://www.cnnindonesia.com/nasional/20180706103250-20-311952/jokowi-mengaku-sedih-banyak-kepala-daerah-ditangkap-kpk,ADVERTISEMENT SCROLL TO CONTINUE WITH CONTENT
"Modal Anies Pilpres, Jago Retorika dan Dekat Kelompok Islam","Jumat, 06 Jul 2018 10:00 WIB",https://www.cnnindonesia.com/nasional/20180706091053-32-311943/modal-anies-pilpres-jago-retorika-dan-dekat-kelompok-islam,ADVERTISEMENT SCROLL TO CONTINUE WITH CONTENT
Relawan: Tuan Guru Bajang Hanya Puji Jokowi Bukan Mendukung,"Jumat, 06 Jul 2018 08:19 WIB",https://www.cnnindonesia.com/nasional/20180706080331-32-311926/relawan-tuan-guru-bajang-hanya-puji-jokowi-bukan-mendukung,ADVERTISEMENT SCROLL TO CONTINUE WITH CONTENT
"Dukung Jokowi, TGB Disebut Tafsirkan Petuah Syekh Al Azhar","Jumat, 06 Jul 2018 07:45 WIB",https://www.cnnindonesia.com/nasional/20180705192715-32-311881/dukung-jokowi-tgb-disebut-tafsirkan-petuah-syekh-al-azhar,ADVERTISEMENT SCROLL TO CONTINUE WITH CONTENT
"Khofifah Dukung Jokowi, Emil Yakin Koalisi Tak Terpengaruh","Jumat, 06 Jul 2018 05:45 WIB",https://www.cnnindonesia.com/nasional/20180706011424-32-311912/khofifah-dukung-jokowi-emil-yakin-koalisi-tak-terpengaruh,ADVERTISEMENT SCROLL TO CONTINUE WITH CONTENT
Bupati Sumba Tengah Siap Menangkan Jokowi 2019,"Jumat, 06 Jul 2018 05:40 WIB",https://www.cnnindonesia.com/nasional/20180705224623-32-311906/bupati-sumba-tengah-siap-menangkan-jokowi-2019,ADVERTISEMENT SCROLL TO CONTINUE WITH CONTENT
"Makan Sore Bersama Bupati, Jokowi Cerita Kambing Piaraan","Jumat, 06 Jul 2018 04:20 WIB",https://www.cnnindonesia.com/nasional/20180705222515-20-311904/makan-sore-bersama-bupati-jokowi-cerita-kambing-piaraan,ADVERTISEMENT SCROLL TO CONTINUE WITH CONTENT
Guruh Kritik Kantor Bakamla Terlalu Jauh Dari Laut,"Jumat, 06 Jul 2018 02:31 WIB",https://www.cnnindonesia.com/nasional/20180705205049-20-311887/guruh-kritik-kantor-bakamla-terlalu-jauh-dari-laut,ADVERTISEMENT SCROLL TO CONTINUE WITH CONTENT
SMRC Sebut Anies Dicap Pengkhianat Jika Nyapres Tanpa Prabowo,"Jumat, 06 Jul 2018 01:46 WIB",https://www.cnnindonesia.com/nasional/20180705211146-32-311899/smrc-sebut-anies-dicap-pengkhianat-jika-nyapres-tanpa-prabowo,ADVERTISEMENT SCROLL TO CONTINUE WITH CONTENT
Jokowi Instruksikan Bupati Tak Sebar Dana seperti Garami Laut,"Kamis, 05 Jul 2018 23:09 WIB",https://www.cnnindonesia.com/ekonomi/20180705150631-532-311775/jokowi-instruksikan-bupati-tak-sebar-dana-seperti-garami-laut,ADVERTISEMENT SCROLL TO CONTINUE WITH CONTENT
Saat Para Bupati Ikuti Jatah Makan Satai Dingin Jokowi,"Kamis, 05 Jul 2018 21:51 WIB",https://www.cnnindonesia.com/nasional/20180705211947-32-311894/saat-para-bupati-ikuti-jatah-makan-satai-dingin-jokowi,ADVERTISEMENT SCROLL TO CONTINUE WITH CONTENT
Mardani Ali Sera: Pilgub Jabar-Jateng Lampu Kuning ke Jokowi,"Kamis, 05 Jul 2018 21:30 WIB",https://www.cnnindonesia.com/nasional/20180705163512-32-311813/mardani-ali-sera-pilgub-jabar-jateng-lampu-kuning-ke-jokowi,ADVERTISEMENT SCROLL TO CONTINUE WITH CONTENT
"Usai Bertemu, Pilot dan Manajemen Garuda Temui Titik Terang","Kamis, 05 Jul 2018 20:15 WIB",https://www.cnnindonesia.com/ekonomi/20180705194118-92-311868/usai-bertemu-pilot-dan-manajemen-garuda-temui-titik-terang,ADVERTISEMENT SCROLL TO CONTINUE WITH CONTENT
"TGB Dukung Jokowi, Ustaz Somad Tunggu Arahan Rizieq Shihab","Kamis, 05 Jul 2018 20:07 WIB",https://www.cnnindonesia.com/nasional/20180705195329-32-311869/tgb-dukung-jokowi-ustaz-somad-tunggu-arahan-rizieq-shihab,ADVERTISEMENT SCROLL TO CONTINUE WITH CONTENT
Kapolri Lapor ke Jokowi Soal Ledakan Pasuruan,"Kamis, 05 Jul 2018 19:55 WIB",https://www.cnnindonesia.com/nasional/20180705192254-20-311867/kapolri-lapor-ke-jokowi-soal-ledakan-pasuruan,ADVERTISEMENT SCROLL TO CONTINUE WITH CONTENT
Alumni Al Azhar Tak Urusan TGB Dukung Jokowi di Pilpres 2019,"Kamis, 05 Jul 2018 19:51 WIB",https://www.cnnindonesia.com/nasional/20180705183125-32-311860/alumni-al-azhar-tak-urusan-tgb-dukung-jokowi-di-pilpres-2019,ADVERTISEMENT SCROLL TO CONTINUE WITH CONTENT
Istana Tepis Tuduhan Sofjan Wanandi soal Menteri 'Nyaleg',"Kamis, 05 Jul 2018 19:37 WIB",https://www.cnnindonesia.com/nasional/20180705190403-32-311858/istana-tepis-tuduhan-sofjan-wanandi-soal-menteri-nyaleg,ADVERTISEMENT SCROLL TO CONTINUE WITH CONTENT
SMRC: Mahfud MD dan Sri Mulyani Dijagokan jadi Cawapres 2019,"Kamis, 05 Jul 2018 19:22 WIB",https://www.cnnindonesia.com/nasional/20180705185323-32-311861/smrc-mahfud-md-dan-sri-mulyani-dijagokan-jadi-cawapres-2019,ADVERTISEMENT SCROLL TO CONTINUE WITH CONTENT
Jokowi Minta Bupati Siap Terapkan Perizinan Investasi Terpadu,"Kamis, 05 Jul 2018 18:59 WIB",https://www.cnnindonesia.com/ekonomi/20180705152923-92-311794/jokowi-minta-bupati-siap-terapkan-perizinan-investasi-terpadu,ADVERTISEMENT SCROLL TO CONTINUE WITH CONTENT
Anies Tunggu Aba-Aba Tiga Ketum Parpol Jadi Capres 2019,"Kamis, 05 Jul 2018 16:51 WIB",https://www.cnnindonesia.com/nasional/20180705161430-32-311803/anies-tunggu-aba-aba-tiga-ketum-parpol-jadi-capres-2019,ADVERTISEMENT SCROLL TO CONTINUE WITH CONTENT
Moeldoko: Netralitas TNI Tergantung Pemimpinnya,"Kamis, 05 Jul 2018 15:49 WIB",https://www.cnnindonesia.com/nasional/20180705151307-32-311778/moeldoko-netralitas-tni-tergantung-pemimpinnya,ADVERTISEMENT SCROLL TO CONTINUE WITH CONTENT
Sembilan Calon Hakim MK Pengganti Maria Farida Lolos Seleksi,"Kamis, 05 Jul 2018 14:07 WIB",https://www.cnnindonesia.com/nasional/20180705135242-12-311745/sembilan-calon-hakim-mk-pengganti-maria-farida-lolos-seleksi,ADVERTISEMENT SCROLL TO CONTINUE WITH CONTENT
Moeldoko Tak Punya Niat Jadi Cawapres Jokowi: Itu Spekulasi,"Kamis, 05 Jul 2018 13:20 WIB",https://www.cnnindonesia.com/nasional/20180705121934-32-311718/moeldoko-tak-punya-niat-jadi-cawapres-jokowi-itu-spekulasi,ADVERTISEMENT SCROLL TO CONTINUE WITH CONTENT
Menakar Gerilya Prabowo lewat 'Perang Udara' Jelang Pilpres,"Kamis, 05 Jul 2018 12:46 WIB",https://www.cnnindonesia.com/nasional/20180704123518-32-311447/menakar-gerilya-prabowo-lewat-perang-udara-jelang-pilpres,ADVERTISEMENT SCROLL TO CONTINUE WITH CONTENT
"Kumpulkan Bupati, Jokowi Singgung Penurunan Ekonomi China","Kamis, 05 Jul 2018 12:29 WIB",https://www.cnnindonesia.com/nasional/20180705120845-20-311715/kumpulkan-bupati-jokowi-singgung-penurunan-ekonomi-china,ADVERTISEMENT SCROLL TO CONTINUE WITH CONTENT
"Dukung Jokowi, TGB Dicoret dari Daftar Capres PA 212","Kamis, 05 Jul 2018 12:17 WIB",https://www.cnnindonesia.com/nasional/20180705115835-32-311712/dukung-jokowi-tgb-dicoret-dari-daftar-capres-pa-212,ADVERTISEMENT SCROLL TO CONTINUE WITH CONTENT
"Berkomitmen Atasi Stunting, Jokowi Dipuji Presiden Bank Dunia",Tanggal tidak ditemukan,https://www.cnnindonesia.com/gaya-hidup/20180704142747-255-311478/berkomitmen-atasi-stunting-jokowi-dipuji-presiden-bank-dunia,ADVERTISEMENT SCROLL TO CONTINUE WITH CONTENT
Demokrat Tegaskan Dukungan TGB ke Jokowi Bukan Sikap Partai,"Kamis, 05 Jul 2018 11:44 WIB",https://www.cnnindonesia.com/nasional/20180705113704-32-311706/demokrat-tegaskan-dukungan-tgb-ke-jokowi-bukan-sikap-partai,ADVERTISEMENT SCROLL TO CONTINUE WITH CONTENT
"Pagu Indikatif Belanja K/L Dihemat Rp8,8 Triliun pada 2019","Kamis, 05 Jul 2018 10:42 WIB",https://www.cnnindonesia.com/ekonomi/20180704205836-532-311597/pagu-indikatif-belanja-k-l-dihemat-rp88-triliun-pada-2019,ADVERTISEMENT SCROLL TO CONTINUE WITH CONTENT
"Airlangga-Cak Imin Bertemu, Golkar Sebut Poros Ketiga Tak Ada","Kamis, 05 Jul 2018 09:35 WIB",https://www.cnnindonesia.com/nasional/20180704203917-32-311606/airlangga-cak-imin-bertemu-golkar-sebut-poros-ketiga-tak-ada,ADVERTISEMENT SCROLL TO CONTINUE WITH CONTENT
Imam Masjidil Haram Setuju dengan Paradigma Islam Moderat,"Kamis, 05 Jul 2018 08:10 WIB",https://www.cnnindonesia.com/nasional/20180705072026-20-311641/imam-masjidil-haram-setuju-dengan-paradigma-islam-moderat,ADVERTISEMENT SCROLL TO CONTINUE WITH CONTENT
Gerindra Terus Rapatkan Barisan Godok Nama Cawapres Prabowo,"Kamis, 05 Jul 2018 07:05 WIB",https://www.cnnindonesia.com/nasional/20180704210338-32-311604/gerindra-terus-rapatkan-barisan-godok-nama-cawapres-prabowo,ADVERTISEMENT SCROLL TO CONTINUE WITH CONTENT
Golkar Sebut Dukungan TGB Tambah Kekuatan Jokowi di Pilpres,"Kamis, 05 Jul 2018 06:29 WIB",https://www.cnnindonesia.com/nasional/20180704222349-32-311613/golkar-sebut-dukungan-tgb-tambah-kekuatan-jokowi-di-pilpres,ADVERTISEMENT SCROLL TO CONTINUE WITH CONTENT
Emil Dardak Tak Tampik Bakal Dukung Jokowi,"Kamis, 05 Jul 2018 05:58 WIB",https://www.cnnindonesia.com/nasional/20180705055627-32-311636/emil-dardak-tak-tampik-bakal-dukung-jokowi,ADVERTISEMENT SCROLL TO CONTINUE WITH CONTENT
Pemerintah Dianggap Hambat Penggunaan Panel Surya di Industri,"Kamis, 05 Jul 2018 04:55 WIB",https://www.cnnindonesia.com/teknologi/20180703111259-199-311034/pemerintah-dianggap-hambat-penggunaan-panel-surya-di-industri,ADVERTISEMENT SCROLL TO CONTINUE WITH CONTENT
Cak Imin Yakin Kalahkan JK-AHY Jika Jadi Cawapres Jokowi,"Kamis, 05 Jul 2018 04:10 WIB",https://www.cnnindonesia.com/nasional/20180704200337-32-311589/cak-imin-yakin-kalahkan-jk-ahy-jika-jadi-cawapres-jokowi,ADVERTISEMENT SCROLL TO CONTINUE WITH CONTENT
NasDem Sebut Kedekatan JK-Anies Bukan Ancaman Jokowi,"Kamis, 05 Jul 2018 00:51 WIB",https://www.cnnindonesia.com/nasional/20180704185342-32-311568/nasdem-sebut-kedekatan-jk-anies-bukan-ancaman-jokowi,ADVERTISEMENT SCROLL TO CONTINUE WITH CONTENT
Ketum PPP: Tidak Ada Nama Anies Baswedan Jadi Cawapres Jokowi,"Rabu, 04 Jul 2018 23:32 WIB",https://www.cnnindonesia.com/nasional/20180704215554-32-311611/ketum-ppp-tidak-ada-nama-anies-baswedan-jadi-cawapres-jokowi,ADVERTISEMENT SCROLL TO CONTINUE WITH CONTENT
Ridwan Kamil Beri Sinyal Dukung Jokowi di Pilpres 2019,"Rabu, 04 Jul 2018 22:26 WIB",https://www.cnnindonesia.com/nasional/20180704215313-32-311612/ridwan-kamil-beri-sinyal-dukung-jokowi-di-pilpres-2019,ADVERTISEMENT SCROLL TO CONTINUE WITH CONTENT
"Dukung Jokowi, TGB Dianggap Sudah Mulai Oleng di Demokrat","Rabu, 04 Jul 2018 20:24 WIB",https://www.cnnindonesia.com/nasional/20180704200615-32-311585/dukung-jokowi-tgb-dianggap-sudah-mulai-oleng-di-demokrat,ADVERTISEMENT SCROLL TO CONTINUE WITH CONTENT
Airlangga-Cak Imin Sepakat Bentuk Tim Bahas Cawapres Jokowi,"Rabu, 04 Jul 2018 20:05 WIB",https://www.cnnindonesia.com/nasional/20180704191316-32-311574/airlangga-cak-imin-sepakat-bentuk-tim-bahas-cawapres-jokowi,ADVERTISEMENT SCROLL TO CONTINUE WITH CONTENT
Sandi Ajak Puan 'Kuda-kudaan' Sambil Uji Venue Asian Games,"Rabu, 04 Jul 2018 19:59 WIB",https://www.cnnindonesia.com/nasional/20180704194558-20-311579/sandi-ajak-puan-kuda-kudaan-sambil-uji-venue-asian-games,ADVERTISEMENT SCROLL TO CONTINUE WITH CONTENT
KPK Kembali Minta Tambahan Dana Pengobatan Novel ke Jokowi,"Rabu, 04 Jul 2018 19:34 WIB",https://www.cnnindonesia.com/nasional/20180704192006-12-311572/kpk-kembali-minta-tambahan-dana-pengobatan-novel-ke-jokowi,ADVERTISEMENT SCROLL TO CONTINUE WITH CONTENT
Kader PKS Duga Ada Peran Jokowi di Balik Layar JK dan Anies,"Rabu, 04 Jul 2018 18:23 WIB",https://www.cnnindonesia.com/nasional/20180704173727-32-311543/kader-pks-duga-ada-peran-jokowi-di-balik-layar-jk-dan-anies,ADVERTISEMENT SCROLL TO CONTINUE WITH CONTENT
"Ditemui Airlangga, Cak Imin Ingatkan Waktu Pendaftaran Capres","Rabu, 04 Jul 2018 18:15 WIB",https://www.cnnindonesia.com/nasional/20180704173429-32-311545/ditemui-airlangga-cak-imin-ingatkan-waktu-pendaftaran-capres,ADVERTISEMENT SCROLL TO CONTINUE WITH CONTENT
TGB Zainul Majdi: Sangat Fair Dukung Jokowi Dua Periode,"Rabu, 04 Jul 2018 17:43 WIB",https://www.cnnindonesia.com/nasional/20180704171931-32-311538/tgb-zainul-majdi-sangat-fair-dukung-jokowi-dua-periode,ADVERTISEMENT SCROLL TO CONTINUE WITH CONTENT
Aji Mumpung Anies Baswedan 'Naik Kelas' di Pilpres 2019,"Rabu, 04 Jul 2018 17:20 WIB",https://www.cnnindonesia.com/nasional/20180704085957-32-311361/aji-mumpung-anies-baswedan-naik-kelas-di-pilpres-2019,ADVERTISEMENT SCROLL TO CONTINUE WITH CONTENT
Parpol Koalisi Pemerintah Bertemu Pekan Depan Bahas Rupiah,"Rabu, 04 Jul 2018 16:53 WIB",https://www.cnnindonesia.com/nasional/20180704160542-32-311511/parpol-koalisi-pemerintah-bertemu-pekan-depan-bahas-rupiah,ADVERTISEMENT SCROLL TO CONTINUE WITH CONTENT
"Zulhas: Saf Semakin Rapat, Insya Allah Kemenangan Sudah Dekat","Rabu, 04 Jul 2018 16:44 WIB",https://www.cnnindonesia.com/nasional/20180704161608-32-311509/zulhas-saf-semakin-rapat-insya-allah-kemenangan-sudah-dekat,ADVERTISEMENT SCROLL TO CONTINUE WITH CONTENT
RKUHP Batal Disahkan 17 Agustus,"Rabu, 04 Jul 2018 16:38 WIB",https://www.cnnindonesia.com/nasional/20180704161556-20-311508/rkuhp-batal-disahkan-17-agustus,ADVERTISEMENT SCROLL TO CONTINUE WITH CONTENT
Fahri Hamzah Sindir Jokowi Sekadar Penggunting Pita Proyek,"Rabu, 04 Jul 2018 15:43 WIB",https://www.cnnindonesia.com/nasional/20180704151418-32-311497/fahri-hamzah-sindir-jokowi-sekadar-penggunting-pita-proyek,ADVERTISEMENT SCROLL TO CONTINUE WITH CONTENT
Jokowi Terima Lima Pimpinan KPK di Istana Bogor Bahas RKUHP,"Rabu, 04 Jul 2018 15:21 WIB",https://www.cnnindonesia.com/nasional/20180704150311-32-311489/jokowi-terima-lima-pimpinan-kpk-di-istana-bogor-bahas-rkuhp,ADVERTISEMENT SCROLL TO CONTINUE WITH CONTENT
"Bertemu Jokowi Bahas RKUHP, KPK Berharap Hasil Positif","Rabu, 04 Jul 2018 14:35 WIB",https://www.cnnindonesia.com/nasional/20180704135831-12-311470/bertemu-jokowi-bahas-rkuhp-kpk-berharap-hasil-positif,ADVERTISEMENT SCROLL TO CONTINUE WITH CONTENT
Gugatan Ambang Batas Presiden dan Perubahan Peta Politik,"Rabu, 04 Jul 2018 14:11 WIB",https://www.cnnindonesia.com/nasional/20180704105513-32-311404/gugatan-ambang-batas-presiden-dan-perubahan-peta-politik,ADVERTISEMENT SCROLL TO CONTINUE WITH CONTENT
PDIP Anggap Kedekatan JK-Anies Tak Terkait Pilpres,"Rabu, 04 Jul 2018 13:54 WIB",https://www.cnnindonesia.com/nasional/20180704131531-32-311449/pdip-anggap-kedekatan-jk-anies-tak-terkait-pilpres,ADVERTISEMENT SCROLL TO CONTINUE WITH CONTENT
"Kritik Ekonomi, Amien Rais Sebut Jokowi Beri Prioritas China","Rabu, 04 Jul 2018 13:43 WIB",https://www.cnnindonesia.com/nasional/20180704123752-32-311438/kritik-ekonomi-amien-rais-sebut-jokowi-beri-prioritas-china,ADVERTISEMENT SCROLL TO CONTINUE WITH CONTENT
Zulhas Goda Anies Maju Pilpres dan Romi Cawapres Jokowi,"Rabu, 04 Jul 2018 13:10 WIB",https://www.cnnindonesia.com/nasional/20180704123445-32-311436/zulhas-goda-anies-maju-pilpres-dan-romi-cawapres-jokowi,ADVERTISEMENT SCROLL TO CONTINUE WITH CONTENT
Fadli Zon Kritik Kebijakan BBM Jokowi 'Tak Bisa Dipegang',"Rabu, 04 Jul 2018 12:13 WIB",https://www.cnnindonesia.com/ekonomi/20180704114539-85-311427/fadli-zon-kritik-kebijakan-bbm-jokowi-tak-bisa-dipegang,ADVERTISEMENT SCROLL TO CONTINUE WITH CONTENT
Amien Rais Puji Anies Baswedan dan Sebut Ganti Presiden 2019,"Rabu, 04 Jul 2018 11:58 WIB",https://www.cnnindonesia.com/nasional/20180704113430-32-311422/amien-rais-puji-anies-baswedan-dan-sebut-ganti-presiden-2019,ADVERTISEMENT SCROLL TO CONTINUE WITH CONTENT
Amien Rais Kritik Jokowinomics dan Sebut Dajal Ekonomi,"Rabu, 04 Jul 2018 11:22 WIB",https://www.cnnindonesia.com/nasional/20180704111053-32-311408/amien-rais-kritik-jokowinomics-dan-sebut-dajal-ekonomi,ADVERTISEMENT SCROLL TO CONTINUE WITH CONTENT
Presiden Jokowi dan Pimpinan KPK Akan Bahas RKUHP Hari Ini,"Rabu, 04 Jul 2018 09:45 WIB",https://www.cnnindonesia.com/nasional/20180704084052-32-311360/presiden-jokowi-dan-pimpinan-kpk-akan-bahas-rkuhp-hari-ini,ADVERTISEMENT SCROLL TO CONTINUE WITH CONTENT
"Ada Wacana JK Capres, Golkar Tetap Usung Jokowi-Airlangga","Rabu, 04 Jul 2018 09:10 WIB",https://www.cnnindonesia.com/nasional/20180704031138-32-311281/ada-wacana-jk-capres-golkar-tetap-usung-jokowi-airlangga,ADVERTISEMENT SCROLL TO CONTINUE WITH CONTENT
Luhut Pasrahkan Masalah Mogok Pilot Garuda ke Rini Soemarno,"Rabu, 04 Jul 2018 08:09 WIB",https://www.cnnindonesia.com/ekonomi/20180703212450-92-311231/luhut-pasrahkan-masalah-mogok-pilot-garuda-ke-rini-soemarno,ADVERTISEMENT SCROLL TO CONTINUE WITH CONTENT
Ketum PPP Nilai Duet JK-AHY Tak Punya Prospek di Pilpres 2019,"Rabu, 04 Jul 2018 07:55 WIB",https://www.cnnindonesia.com/nasional/20180704065224-32-311308/ketum-ppp-nilai-duet-jk-ahy-tak-punya-prospek-di-pilpres-2019,ADVERTISEMENT SCROLL TO CONTINUE WITH CONTENT
KPU Klaim Larangan Eks Koruptor Nyaleg Terinspirasi Nawacita,"Rabu, 04 Jul 2018 07:24 WIB",https://www.cnnindonesia.com/nasional/20180703191716-32-311208/kpu-klaim-larangan-eks-koruptor-nyaleg-terinspirasi-nawacita,ADVERTISEMENT SCROLL TO CONTINUE WITH CONTENT
PSI Gugat Aturan terkait Iklan Kampanye ke MK,"Rabu, 04 Jul 2018 05:37 WIB",https://www.cnnindonesia.com/nasional/20180703231654-32-311265/psi-gugat-aturan-terkait-iklan-kampanye-ke-mk,ADVERTISEMENT SCROLL TO CONTINUE WITH CONTENT
Pimpinan DPR Usul UU Presiden Ikut Tanggung Utang Negara,"Rabu, 04 Jul 2018 02:50 WIB",https://www.cnnindonesia.com/nasional/20180703180440-32-311177/pimpinan-dpr-usul-uu-presiden-ikut-tanggung-utang-negara,ADVERTISEMENT SCROLL TO CONTINUE WITH CONTENT
Jokowi Diminta Tegas Sikapi Larangan Eks Koruptor Jadi Caleg,"Selasa, 03 Jul 2018 21:54 WIB",https://www.cnnindonesia.com/nasional/20180703211701-32-311241/jokowi-diminta-tegas-sikapi-larangan-eks-koruptor-jadi-caleg,ADVERTISEMENT SCROLL TO CONTINUE WITH CONTENT
SMRC: Prabowo Taklukkan Jokowi di Jabar Saat Pilkada 2018,"Selasa, 03 Jul 2018 20:33 WIB",https://www.cnnindonesia.com/nasional/20180703162547-32-311144/smrc-prabowo-taklukkan-jokowi-di-jabar-saat-pilkada-2018,ADVERTISEMENT SCROLL TO CONTINUE WITH CONTENT
Fahri Hamzah Pertanyakan Jargon Indonesia Negara Maritim,"Selasa, 03 Jul 2018 19:04 WIB",https://www.cnnindonesia.com/nasional/20180703172925-20-311166/fahri-hamzah-pertanyakan-jargon-indonesia-negara-maritim,ADVERTISEMENT SCROLL TO CONTINUE WITH CONTENT
Pencapresan JK Berpotensi Jadi Batu Sandungan Jokowi,"Selasa, 03 Jul 2018 18:07 WIB",https://www.cnnindonesia.com/nasional/20180703125042-32-311055/pencapresan-jk-berpotensi-jadi-batu-sandungan-jokowi,ADVERTISEMENT SCROLL TO CONTINUE WITH CONTENT
"Pilot Garuda Pastikan Mogok Kerja, Manajemen Minta Pikir Lagi","Selasa, 03 Jul 2018 18:03 WIB",https://www.cnnindonesia.com/ekonomi/20180703173452-92-311167/pilot-garuda-pastikan-mogok-kerja-manajemen-minta-pikir-lagi,ADVERTISEMENT SCROLL TO CONTINUE WITH CONTENT
"Digadang Duet Bareng AHY, JK Tunggu Dinamika Politik","Selasa, 03 Jul 2018 15:57 WIB",https://www.cnnindonesia.com/nasional/20180703143613-32-311110/digadang-duet-bareng-ahy-jk-tunggu-dinamika-politik,ADVERTISEMENT SCROLL TO CONTINUE WITH CONTENT
Uji Materi Ambang Batas Presiden Digelar Jelang Pendaftaran,"Selasa, 03 Jul 2018 14:55 WIB",https://www.cnnindonesia.com/nasional/20180703141409-32-311098/uji-materi-ambang-batas-presiden-digelar-jelang-pendaftaran,ADVERTISEMENT SCROLL TO CONTINUE WITH CONTENT
"Nama Anies Ramaikan Bursa Pilpres 2019, PAN Belum Terpincut","Selasa, 03 Jul 2018 14:01 WIB",https://www.cnnindonesia.com/nasional/20180703133300-32-311079/nama-anies-ramaikan-bursa-pilpres-2019-pan-belum-terpincut,ADVERTISEMENT SCROLL TO CONTINUE WITH CONTENT
Melihat Kerja Setrum 'Kebun Angin' ala Jokowi,"Selasa, 03 Jul 2018 10:54 WIB",https://www.cnnindonesia.com/teknologi/20180703104428-199-311018/melihat-kerja-setrum-kebun-angin-ala-jokowi,ADVERTISEMENT SCROLL TO CONTINUE WITH CONTENT
Fuad Bawazier Kritik Ekonomi Era Jokowi Bikin Tekor,"Selasa, 03 Jul 2018 08:08 WIB",https://www.cnnindonesia.com/ekonomi/20180630113514-532-310356/fuad-bawazier-kritik-ekonomi-era-jokowi-bikin-tekor,ADVERTISEMENT SCROLL TO CONTINUE WITH CONTENT
PKS Terima Kasih Tagar Ganti Presiden Diakui Pengaruhi Jabar,"Selasa, 03 Jul 2018 06:15 WIB",https://www.cnnindonesia.com/nasional/20180703035329-32-310976/pks-terima-kasih-tagar-ganti-presiden-diakui-pengaruhi-jabar,ADVERTISEMENT SCROLL TO CONTINUE WITH CONTENT
Bappenas Jawab Soal BUMN 'Borong' Proyek Infrastruktur Jokowi,"Senin, 02 Jul 2018 20:47 WIB",https://www.cnnindonesia.com/ekonomi/20180702185021-92-310878/bappenas-jawab-soal-bumn-borong-proyek-infrastruktur-jokowi,ADVERTISEMENT SCROLL TO CONTINUE WITH CONTENT
Istana Respons Laporan Amnesty International soal Papua,"Senin, 02 Jul 2018 20:35 WIB",https://www.cnnindonesia.com/nasional/20180702191057-20-310885/istana-respons-laporan-amnesty-international-soal-papua,ADVERTISEMENT SCROLL TO CONTINUE WITH CONTENT
Elite Golkar dan Demokrat Respons Wacana Duet JK-AHY,"Senin, 02 Jul 2018 19:42 WIB",https://www.cnnindonesia.com/nasional/20180702183626-32-310872/elite-golkar-dan-demokrat-respons-wacana-duet-jk-ahy,ADVERTISEMENT SCROLL TO CONTINUE WITH CONTENT
Aksi Ganti Presiden di Markobar Gibran Jadi Sorotan Publik,"Senin, 02 Jul 2018 19:20 WIB",https://www.cnnindonesia.com/nasional/20180702182426-32-310876/aksi-ganti-presiden-di-markobar-gibran-jadi-sorotan-publik,ADVERTISEMENT SCROLL TO CONTINUE WITH CONTENT
Amnesty International: Papua Lubang Hitam Pelanggaran HAM,"Senin, 02 Jul 2018 18:53 WIB",https://www.cnnindonesia.com/nasional/20180702154121-20-310820/amnesty-international-papua-lubang-hitam-pelanggaran-ham,ADVERTISEMENT SCROLL TO CONTINUE WITH CONTENT
Moeldoko Bersiap Mundur dari Hanura,"Senin, 02 Jul 2018 16:50 WIB",https://www.cnnindonesia.com/nasional/20180702164541-32-310831/moeldoko-bersiap-mundur-dari-hanura,ADVERTISEMENT SCROLL TO CONTINUE WITH CONTENT
Gorengan Politik dan Pekerjaan Berat Demokrat Usung Capres JK,"Senin, 02 Jul 2018 14:46 WIB",https://www.cnnindonesia.com/nasional/20180702143517-32-310799/gorengan-politik-dan-pekerjaan-berat-demokrat-usung-capres-jk,ADVERTISEMENT SCROLL TO CONTINUE WITH CONTENT
Jokowi Akan Resmikan Pembangkit Listrik Tenaga Angin,"Senin, 02 Jul 2018 12:32 WIB",https://www.cnnindonesia.com/ekonomi/20180702122742-85-310764/jokowi-akan-resmikan-pembangkit-listrik-tenaga-angin,ADVERTISEMENT SCROLL TO CONTINUE WITH CONTENT
Dedi Mulyadi Sebut Kaus #2019GantiPresiden Gembosi Suaranya,"Senin, 02 Jul 2018 11:29 WIB",https://www.cnnindonesia.com/nasional/20180702111739-32-310746/dedi-mulyadi-sebut-kaus-2019gantipresiden-gembosi-suaranya,ADVERTISEMENT SCROLL TO CONTINUE WITH CONTENT
Buruh Seret Isu Ojek Online untuk Kampanye Ganti Presiden,"Minggu, 01 Jul 2018 18:25 WIB",https://www.cnnindonesia.com/nasional/20180701180042-32-310586/buruh-seret-isu-ojek-online-untuk-kampanye-ganti-presiden,ADVERTISEMENT SCROLL TO CONTINUE WITH CONTENT
"Melejit di Jabar dan Jateng, Gerindra Mantap Bertarung 2019","Minggu, 01 Jul 2018 14:47 WIB",https://www.cnnindonesia.com/nasional/20180701131629-32-310558/melejit-di-jabar-dan-jateng-gerindra-mantap-bertarung-2019,ADVERTISEMENT SCROLL TO CONTINUE WITH CONTENT
"Merasa Diabaikan, Ojek Online akan Gugat Presiden Jokowi","Minggu, 01 Jul 2018 14:07 WIB",https://www.cnnindonesia.com/nasional/20180701134551-20-310555/merasa-diabaikan-ojek-online-akan-gugat-presiden-jokowi,ADVERTISEMENT SCROLL TO CONTINUE WITH CONTENT
"Usung Amien Rais Jadi Capres, KUM Sebut Pemerintah Budek","Sabtu, 30 Jun 2018 23:38 WIB",https://www.cnnindonesia.com/nasional/20180630181422-32-310407/usung-amien-rais-jadi-capres-kum-sebut-pemerintah-budek,ADVERTISEMENT SCROLL TO CONTINUE WITH CONTENT
Kemenkeu Bantah Tudingan Fadli Zon soal Rupiah Jeblok,"Sabtu, 30 Jun 2018 17:15 WIB",https://www.cnnindonesia.com/ekonomi/20180630170355-532-310399/kemenkeu-bantah-tudingan-fadli-zon-soal-rupiah-jeblok,ADVERTISEMENT SCROLL TO CONTINUE WITH CONTENT
Rini Targetkan Inalum Resmi Caplok Freeport Pertengahan Juli,"Sabtu, 30 Jun 2018 16:00 WIB",https://www.cnnindonesia.com/ekonomi/20180630153952-92-310385/rini-targetkan-inalum-resmi-caplok-freeport-pertengahan-juli,ADVERTISEMENT SCROLL TO CONTINUE WITH CONTENT
"Temui Jokowi, Mahathir Singgung Kerja Sama Proton dan Esemka","Sabtu, 30 Jun 2018 15:26 WIB",https://www.cnnindonesia.com/otomotif/20180629173855-579-310245/temui-jokowi-mahathir-singgung-kerja-sama-proton-dan-esemka,ADVERTISEMENT SCROLL TO CONTINUE WITH CONTENT ADVERTISEMENT SCROLL TO CONTINUE WITH CONTENT
Pengamat: Pilkada Bikin Jokowi di Atas Angin untuk 2019,"Sabtu, 30 Jun 2018 14:09 WIB",https://www.cnnindonesia.com/nasional/20180630134257-32-310369/pengamat-pilkada-bikin-jokowi-di-atas-angin-untuk-2019,ADVERTISEMENT SCROLL TO CONTINUE WITH CONTENT
PDIP Laporkan Kekalahan Djarot di Pilgub Sumut ke Jokowi,"Sabtu, 30 Jun 2018 13:23 WIB",https://www.cnnindonesia.com/nasional/20180630111211-32-310352/pdip-laporkan-kekalahan-djarot-di-pilgub-sumut-ke-jokowi,ADVERTISEMENT SCROLL TO CONTINUE WITH CONTENT
Amien Rais Diminta 'Turun Gunung' Tantang Jokowi di 2019,"Sabtu, 30 Jun 2018 11:53 WIB",https://www.cnnindonesia.com/nasional/20180630114307-32-310355/amien-rais-diminta-turun-gunung-tantang-jokowi-di-2019,ADVERTISEMENT SCROLL TO CONTINUE WITH CONTENT
Fadli Zon: Koalisi Bahas Cawapres Prabowo Pekan Depan,"Sabtu, 30 Jun 2018 10:47 WIB",https://www.cnnindonesia.com/nasional/20180629174800-32-310255/fadli-zon-koalisi-bahas-cawapres-prabowo-pekan-depan,ADVERTISEMENT SCROLL TO CONTINUE WITH CONTENT
Golkar Nilai Pilgub Jabar Bukan Ancaman untuk Suara Jokowi,"Sabtu, 30 Jun 2018 06:35 WIB",https://www.cnnindonesia.com/nasional/20180630044903-32-310336/golkar-nilai-pilgub-jabar-bukan-ancaman-untuk-suara-jokowi,ADVERTISEMENT SCROLL TO CONTINUE WITH CONTENT
Rizal Ramli Ungkap Sebab Jokowi Bisa 'Tumbang',"Sabtu, 30 Jun 2018 04:52 WIB",https://www.cnnindonesia.com/nasional/20180630035107-20-310332/rizal-ramli-ungkap-sebab-jokowi-bisa-tumbang,ADVERTISEMENT SCROLL TO CONTINUE WITH CONTENT
"Rupiah Anjlok, Gerindra Tunjuk Hidung Jokowi dan Sri Mulyani","Sabtu, 30 Jun 2018 04:41 WIB",https://www.cnnindonesia.com/nasional/20180629190138-32-310278/rupiah-anjlok-gerindra-tunjuk-hidung-jokowi-dan-sri-mulyani,ADVERTISEMENT SCROLL TO CONTINUE WITH CONTENT
Mahathir dan Jokowi Bicara Kematangan Demokrasi,"Sabtu, 30 Jun 2018 03:31 WIB",https://www.cnnindonesia.com/nasional/20180629210142-32-310292/mahathir-dan-jokowi-bicara-kematangan-demokrasi,ADVERTISEMENT SCROLL TO CONTINUE WITH CONTENT
"Gugatan Ditolak MK, JK Tetap Bisa Maju Capres di Pilpres 2019","Sabtu, 30 Jun 2018 01:28 WIB",https://www.cnnindonesia.com/nasional/20180629134812-32-310148/gugatan-ditolak-mk-jk-tetap-bisa-maju-capres-di-pilpres-2019,ADVERTISEMENT SCROLL TO CONTINUE WITH CONTENT
"Demokrat Wacanakan JK Capres, Golkar Anggap Dinamika Biasa","Sabtu, 30 Jun 2018 00:28 WIB",https://www.cnnindonesia.com/nasional/20180629183211-32-310259/demokrat-wacanakan-jk-capres-golkar-anggap-dinamika-biasa,ADVERTISEMENT SCROLL TO CONTINUE WITH CONTENT
Mahathir Ajak Jokowi Produksi Mobil Malaysia-Indonesia,"Jumat, 29 Jun 2018 22:27 WIB",https://www.cnnindonesia.com/internasional/20180629204920-106-310291/mahathir-ajak-jokowi-produksi-mobil-malaysia-indonesia,ADVERTISEMENT SCROLL TO CONTINUE WITH CONTENT
PDIP Klaim Ada Pihak Ingin Jokowi dan PDIP Pisah di Pilpres,"Jumat, 29 Jun 2018 21:24 WIB",https://www.cnnindonesia.com/nasional/20180629210955-32-310294/pdip-klaim-ada-pihak-ingin-jokowi-dan-pdip-pisah-di-pilpres,ADVERTISEMENT SCROLL TO CONTINUE WITH CONTENT
Program Sertifikat Tanah ala Jokowi Baru Capai 32 Persen,"Jumat, 29 Jun 2018 20:39 WIB",https://www.cnnindonesia.com/ekonomi/20180629203105-532-310289/program-sertifikat-tanah-ala-jokowi-baru-capai-32-persen,ADVERTISEMENT SCROLL TO CONTINUE WITH CONTENT
Dukungan RK dan Khofifah untuk Jokowi Dinilai Tak Berpengaruh,"Jumat, 29 Jun 2018 20:24 WIB",https://www.cnnindonesia.com/nasional/20180629144354-32-310164/dukungan-rk-dan-khofifah-untuk-jokowi-dinilai-tak-berpengaruh,ADVERTISEMENT SCROLL TO CONTINUE WITH CONTENT
Pendukung Gagal Rayakan Ulang Tahun Bersama Ahok di Rutan,"Jumat, 29 Jun 2018 19:28 WIB",https://www.cnnindonesia.com/nasional/20180629134222-20-310143/pendukung-gagal-rayakan-ulang-tahun-bersama-ahok-di-rutan,ADVERTISEMENT SCROLL TO CONTINUE WITH CONTENT
Amien Rais Ingin 2019 Presiden Cerdas dan Gagah Perkasa,"Jumat, 29 Jun 2018 19:01 WIB",https://www.cnnindonesia.com/nasional/20180629165832-32-310220/amien-rais-ingin-2019-presiden-cerdas-dan-gagah-perkasa,ADVERTISEMENT SCROLL TO CONTINUE WITH CONTENT
"Bawakan Salak Bali, Megawati 'Curi' Ilmu Mahatir soal Pilpres","Jumat, 29 Jun 2018 18:44 WIB",https://www.cnnindonesia.com/nasional/20180629182247-32-310258/bawakan-salak-bali-megawati-curi-ilmu-mahatir-soal-pilpres,ADVERTISEMENT SCROLL TO CONTINUE WITH CONTENT
Prabowo soal Pilkada: Rakyat Capek dan Ingin Perubahan,"Jumat, 29 Jun 2018 17:42 WIB",https://www.cnnindonesia.com/nasional/20180629172316-32-310243/prabowo-soal-pilkada-rakyat-capek-dan-ingin-perubahan,ADVERTISEMENT SCROLL TO CONTINUE WITH CONTENT
Jokowi-Mahathir Komitmen Selesaikan Masalah Perbatasan,"Jumat, 29 Jun 2018 17:22 WIB",https://www.cnnindonesia.com/internasional/20180629171727-106-310227/jokowi-mahathir-komitmen-selesaikan-masalah-perbatasan,ADVERTISEMENT SCROLL TO CONTINUE WITH CONTENT
"Amien Rais: JK Capres, No Way","Jumat, 29 Jun 2018 17:01 WIB",https://www.cnnindonesia.com/nasional/20180629165040-32-310218/amien-rais-jk-capres-no-way,ADVERTISEMENT SCROLL TO CONTINUE WITH CONTENT
Aliando Ingin Negara Lindungi dari Aplikator yang Semaunya,"Jumat, 29 Jun 2018 16:50 WIB",https://www.cnnindonesia.com/teknologi/20180629163122-185-310214/aliando-ingin-negara-lindungi-dari-aplikator-yang-semaunya,ADVERTISEMENT SCROLL TO CONTINUE WITH CONTENT
Kolaborasi Mahathir-Jokowi Lawan Kampanye Hitam Sawit Eropa,"Jumat, 29 Jun 2018 15:55 WIB",https://www.cnnindonesia.com/ekonomi/20180629151112-92-310169/kolaborasi-mahathir-jokowi-lawan-kampanye-hitam-sawit-eropa,ADVERTISEMENT SCROLL TO CONTINUE WITH CONTENT
Menilik 'Love-Hate Relationship' Indonesia dan Malaysia,"Jumat, 29 Jun 2018 15:50 WIB",https://www.cnnindonesia.com/internasional/20180629044725-106-310028/menilik-love-hate-relationship-indonesia-dan-malaysia,ADVERTISEMENT SCROLL TO CONTINUE WITH CONTENT
"Khofifah-Emil, Kolaborasi Suara Tradisional-Nasionalis Jatim","Jumat, 29 Jun 2018 15:41 WIB",https://www.cnnindonesia.com/nasional/20180629101604-32-310107/khofifah-emil-kolaborasi-suara-tradisional-nasionalis-jatim,ADVERTISEMENT SCROLL TO CONTINUE WITH CONTENT
"MoU Kedaluwarsa, Jokowi Minta Mahathir Lindungi TKI","Jumat, 29 Jun 2018 14:51 WIB",https://www.cnnindonesia.com/internasional/20180629144326-106-310159/mou-kedaluwarsa-jokowi-minta-mahathir-lindungi-tki,ADVERTISEMENT SCROLL TO CONTINUE WITH CONTENT
"Kisah Jokowi Saat Disopiri Mahathir, 'Ngebut' Tapi Tak Takut","Jumat, 29 Jun 2018 13:59 WIB",https://www.cnnindonesia.com/internasional/20180629135330-106-310142/kisah-jokowi-saat-disopiri-mahathir-ngebut-tapi-tak-takut,ADVERTISEMENT SCROLL TO CONTINUE WITH CONTENT
"Mahathir, Sukarno Kecil Karib Soeharto dengan Doa buat Jokowi","Jumat, 29 Jun 2018 12:57 WIB",https://www.cnnindonesia.com/internasional/20180629075101-106-310055/mahathir-sukarno-kecil-karib-soeharto-dengan-doa-buat-jokowi,ADVERTISEMENT SCROLL TO CONTINUE WITH CONTENT
"Sambut Mahathir, Jokowi Cerita soal Kuda dan Kambing Piaraan","Jumat, 29 Jun 2018 11:47 WIB",https://www.cnnindonesia.com/internasional/20180629113006-106-310108/sambut-mahathir-jokowi-cerita-soal-kuda-dan-kambing-piaraan,ADVERTISEMENT SCROLL TO CONTINUE WITH CONTENT
Pilkada Jawa Barat-Jawa Timur dan 'Sinyal Merah' untuk Jokowi,"Jumat, 29 Jun 2018 11:22 WIB",https://www.cnnindonesia.com/nasional/20180629070553-32-310058/pilkada-jawa-barat-jawa-timur-dan-sinyal-merah-untuk-jokowi,ADVERTISEMENT SCROLL TO CONTINUE WITH CONTENT
Menimbang Peluang Poros Ketiga Selepas Pilkada Serentak,"Jumat, 29 Jun 2018 10:02 WIB",https://www.cnnindonesia.com/nasional/20180629091503-32-310069/menimbang-peluang-poros-ketiga-selepas-pilkada-serentak,ADVERTISEMENT SCROLL TO CONTINUE WITH CONTENT
"Tumbang di Jatim, PKB Klaim Nilai Tawar Cak Imin Masih Kuat","Jumat, 29 Jun 2018 09:10 WIB",https://www.cnnindonesia.com/nasional/20180629084238-32-310066/tumbang-di-jatim-pkb-klaim-nilai-tawar-cak-imin-masih-kuat,ADVERTISEMENT SCROLL TO CONTINUE WITH CONTENT
Ulang Tahun Ahok Hari Ini Dirayakan di Mako Brimob,"Jumat, 29 Jun 2018 07:30 WIB",https://www.cnnindonesia.com/nasional/20180629065339-20-310050/ulang-tahun-ahok-hari-ini-dirayakan-di-mako-brimob,ADVERTISEMENT SCROLL TO CONTINUE WITH CONTENT
Menakar Peta Politik Pilpres 2019 Usai Pilkada Serentak,"Jumat, 29 Jun 2018 06:59 WIB",https://www.cnnindonesia.com/nasional/20180628131546-32-309789/menakar-peta-politik-pilpres-2019-usai-pilkada-serentak,ADVERTISEMENT SCROLL TO CONTINUE WITH CONTENT
Jokowi Ingin Undang Pemimpin Korut dan Korsel ke Asian Games,"Jumat, 29 Jun 2018 06:58 WIB",https://www.cnnindonesia.com/internasional/20180629063939-106-310047/jokowi-ingin-undang-pemimpin-korut-dan-korsel-ke-asian-games,ADVERTISEMENT SCROLL TO CONTINUE WITH CONTENT
PDIP Sebutkan Kriteria Idaman Pendamping Jokowi,"Jumat, 29 Jun 2018 06:02 WIB",https://www.cnnindonesia.com/nasional/20180629042836-32-310025/pdip-sebutkan-kriteria-idaman-pendamping-jokowi,ADVERTISEMENT SCROLL TO CONTINUE WITH CONTENT
"Rupiah Jeblok, Gerindra Tuding Jokowi Makin Tidak Dipercaya","Jumat, 29 Jun 2018 04:47 WIB",https://www.cnnindonesia.com/nasional/20180628203045-32-309915/rupiah-jeblok-gerindra-tuding-jokowi-makin-tidak-dipercaya,ADVERTISEMENT SCROLL TO CONTINUE WITH CONTENT
"PDIP Banyak Kalah, Golkar Pastikan Tetap Dukung Jokowi","Kamis, 28 Jun 2018 21:46 WIB",https://www.cnnindonesia.com/nasional/20180628212642-32-309923/pdip-banyak-kalah-golkar-pastikan-tetap-dukung-jokowi,ADVERTISEMENT SCROLL TO CONTINUE WITH CONTENT
"Pengusaha Persoalkan Libur Pilkada, Menaker Janji Evaluasi","Kamis, 28 Jun 2018 19:51 WIB",https://www.cnnindonesia.com/ekonomi/20180628192601-92-309896/pengusaha-persoalkan-libur-pilkada-menaker-janji-evaluasi,ADVERTISEMENT SCROLL TO CONTINUE WITH CONTENT
Jokowi Jemput Mahathir Mohamad di Halim,"Kamis, 28 Jun 2018 19:43 WIB",https://www.cnnindonesia.com/internasional/20180628193647-106-309899/jokowi-jemput-mahathir-mohamad-di-halim,ADVERTISEMENT SCROLL TO CONTINUE WITH CONTENT
Ketum PPP: PDIP Kehilangan Figur Lokal di Beberapa Provinsi,"Kamis, 28 Jun 2018 19:23 WIB",https://www.cnnindonesia.com/nasional/20180628164816-32-309854/ketum-ppp-pdip-kehilangan-figur-lokal-di-beberapa-provinsi,ADVERTISEMENT SCROLL TO CONTINUE WITH CONTENT
"Pererat Bisnis RI-Malaysia, Mahathir Akan Temui Pengusaha","Kamis, 28 Jun 2018 18:58 WIB",https://www.cnnindonesia.com/internasional/20180628185204-106-309886/pererat-bisnis-ri-malaysia-mahathir-akan-temui-pengusaha,ADVERTISEMENT SCROLL TO CONTINUE WITH CONTENT
RI dan Timor Leste Sepakat Negosiasi Perjanjian Investasi,"Kamis, 28 Jun 2018 18:25 WIB",https://www.cnnindonesia.com/internasional/20180628162719-106-309847/ri-dan-timor-leste-sepakat-negosiasi-perjanjian-investasi,ADVERTISEMENT SCROLL TO CONTINUE WITH CONTENT
Khofifah Siap Dukung Jokowi di Pilpres 2019,"Kamis, 28 Jun 2018 18:20 WIB",https://www.cnnindonesia.com/nasional/20180628170818-32-309855/khofifah-siap-dukung-jokowi-di-pilpres-2019,ADVERTISEMENT SCROLL TO CONTINUE WITH CONTENT
"Didampingi Menlu, Jokowi Akan Jemput PM Mahathir di Bandara","Kamis, 28 Jun 2018 16:18 WIB",https://www.cnnindonesia.com/internasional/20180628150914-106-309816/didampingi-menlu-jokowi-akan-jemput-pm-mahathir-di-bandara,ADVERTISEMENT SCROLL TO CONTINUE WITH CONTENT
"Dukung Jadi Anggota ASEAN, RI Genjot Konektivitas Timor Leste","Kamis, 28 Jun 2018 15:37 WIB",https://www.cnnindonesia.com/internasional/20180628152223-106-309826/dukung-jadi-anggota-asean-ri-genjot-konektivitas-timor-leste,ADVERTISEMENT SCROLL TO CONTINUE WITH CONTENT
Diskon Pajak UMKM dan Investasi Politik Jokowi,"Kamis, 28 Jun 2018 14:53 WIB",https://www.cnnindonesia.com/ekonomi/20180628142904-532-309809/diskon-pajak-umkm-dan-investasi-politik-jokowi,ADVERTISEMENT SCROLL TO CONTINUE WITH CONTENT
Jokowi Minta Mahathir Proses Kasus Siti Aisyah Sesuai Hukum,"Kamis, 28 Jun 2018 14:04 WIB",https://www.cnnindonesia.com/internasional/20180628133521-106-309792/jokowi-minta-mahathir-proses-kasus-siti-aisyah-sesuai-hukum,ADVERTISEMENT SCROLL TO CONTINUE WITH CONTENT
"Perdana Sejak Dilantik, Presiden Timor Leste Temui Jokowi","Kamis, 28 Jun 2018 11:31 WIB",https://www.cnnindonesia.com/internasional/20180628112340-106-309751/perdana-sejak-dilantik-presiden-timor-leste-temui-jokowi,ADVERTISEMENT SCROLL TO CONTINUE WITH CONTENT
MK Tolak Gugatan soal JK Maju Lagi Cawapres,"Kamis, 28 Jun 2018 11:04 WIB",https://www.cnnindonesia.com/nasional/20180628105531-12-309747/mk-tolak-gugatan-soal-jk-maju-lagi-cawapres,ADVERTISEMENT SCROLL TO CONTINUE WITH CONTENT
LSM Surati Jokowi Soal Perusahaan Surga Pajak Sinar Mas,"Kamis, 28 Jun 2018 09:33 WIB",https://www.cnnindonesia.com/ekonomi/20180627162431-92-309520/lsm-surati-jokowi-soal-perusahaan-surga-pajak-sinar-mas,ADVERTISEMENT SCROLL TO CONTINUE WITH CONTENT
"Jokowi Pangkas Tarif Pajak UMKM, Akumindo Minta Gratis","Kamis, 28 Jun 2018 08:26 WIB",https://www.cnnindonesia.com/ekonomi/20180627212615-532-309588/jokowi-pangkas-tarif-pajak-umkm-akumindo-minta-gratis,ADVERTISEMENT SCROLL TO CONTINUE WITH CONTENT
Investasi Politik Antar Khofifah Cetak Sejarah di Jawa Timur,"Kamis, 28 Jun 2018 07:06 WIB",https://www.cnnindonesia.com/nasional/20180628064916-32-309708/investasi-politik-antar-khofifah-cetak-sejarah-di-jawa-timur,ADVERTISEMENT SCROLL TO CONTINUE WITH CONTENT
"Lihat Hasil Pilkada 2018, Golkar 'Pede' Hadapi 2019","Kamis, 28 Jun 2018 05:29 WIB",https://www.cnnindonesia.com/nasional/20180628042128-32-309697/lihat-hasil-pilkada-2018-golkar-pede-hadapi-2019,ADVERTISEMENT SCROLL TO CONTINUE WITH CONTENT
Mahathir Mohamad Kunjungi Indonesia Besok,"Rabu, 27 Jun 2018 16:02 WIB",https://www.cnnindonesia.com/internasional/20180627154917-106-309504/mahathir-mohamad-kunjungi-indonesia-besok,ADVERTISEMENT SCROLL TO CONTINUE WITH CONTENT
Media Asing Kaitkan Pilkada dengan Politik Islam,"Rabu, 27 Jun 2018 14:04 WIB",https://www.cnnindonesia.com/internasional/20180627133551-106-309433/media-asing-kaitkan-pilkada-dengan-politik-islam,ADVERTISEMENT SCROLL TO CONTINUE WITH CONTENT
Riuh Netizen Kaitkan Ucapan Jokowi Soal Bola dengan Pilkada,"Rabu, 27 Jun 2018 13:01 WIB",https://www.cnnindonesia.com/teknologi/20180627120039-192-309416/riuh-netizen-kaitkan-ucapan-jokowi-soal-bola-dengan-pilkada,ADVERTISEMENT SCROLL TO CONTINUE WITH CONTENT
Jokowi: Jangan Tak Bertegur Sapa karena Perbedaan Politik,"Rabu, 27 Jun 2018 11:45 WIB",https://www.cnnindonesia.com/nasional/20180627102505-32-309390/jokowi-jangan-tak-bertegur-sapa-karena-perbedaan-politik,ADVERTISEMENT SCROLL TO CONTINUE WITH CONTENT
"Soal Netralitas, SBY Ikhlas Demokrat Terpuruk di Pemilu 2014","Rabu, 27 Jun 2018 11:16 WIB",https://www.cnnindonesia.com/nasional/20180627110853-32-309401/soal-netralitas-sby-ikhlas-demokrat-terpuruk-di-pemilu-2014,ADVERTISEMENT SCROLL TO CONTINUE WITH CONTENT
"Royal Enfield, 'Motor Chopper Jokowi' Versi Tanpa Modifikasi","Rabu, 27 Jun 2018 10:45 WIB",https://www.cnnindonesia.com/otomotif/20180626170722-579-309158/royal-enfield-motor-chopper-jokowi-versi-tanpa-modifikasi,ADVERTISEMENT SCROLL TO CONTINUE WITH CONTENT ADVERTISEMENT SCROLL TO CONTINUE WITH CONTENT
SBY Haturkan Terima Kasih ke Jokowi soal Netralitas Pilkada,"Rabu, 27 Jun 2018 10:20 WIB",https://www.cnnindonesia.com/nasional/20180627101449-32-309387/sby-haturkan-terima-kasih-ke-jokowi-soal-netralitas-pilkada,ADVERTISEMENT SCROLL TO CONTINUE WITH CONTENT
Tinju Prabowo Ditangkis Kabinet Kerja Jokowi,"Rabu, 27 Jun 2018 08:58 WIB",https://www.cnnindonesia.com/ekonomi/20180626214204-535-309262/tinju-prabowo-ditangkis-kabinet-kerja-jokowi,
Pekerja Harus Dapat Uang Lembur Bila Tak Libur saat Pilkada,"Rabu, 27 Jun 2018 08:13 WIB",https://www.cnnindonesia.com/ekonomi/20180627075629-92-309351/pekerja-harus-dapat-uang-lembur-bila-tak-libur-saat-pilkada,ADVERTISEMENT SCROLL TO CONTINUE WITH CONTENT
Jokowi Minta Persiapan Pertemuan IMF-Bank Dunia Dirampungkan,"Rabu, 27 Jun 2018 07:09 WIB",https://www.cnnindonesia.com/ekonomi/20180626163837-532-309154/jokowi-minta-persiapan-pertemuan-imf-bank-dunia-dirampungkan,ADVERTISEMENT SCROLL TO CONTINUE WITH CONTENT
"Fadli Zon: Prabowo Sudah Benar, Ini Memang Rezim Raja Utang","Selasa, 26 Jun 2018 21:52 WIB",https://www.cnnindonesia.com/nasional/20180626212413-32-309263/fadli-zon-prabowo-sudah-benar-ini-memang-rezim-raja-utang,ADVERTISEMENT SCROLL TO CONTINUE WITH CONTENT
"Telepon Erdogan, Jokowi Beri Selamat dan Undang ke Indonesia","Selasa, 26 Jun 2018 21:42 WIB",https://www.cnnindonesia.com/internasional/20180626212353-106-309257/telepon-erdogan-jokowi-beri-selamat-dan-undang-ke-indonesia,ADVERTISEMENT SCROLL TO CONTINUE WITH CONTENT
Surat Hilang Syarat Santunan Keluarga Korban KM Sinar Bangun,"Selasa, 26 Jun 2018 21:19 WIB",https://www.cnnindonesia.com/nasional/20180626211039-20-309255/surat-hilang-syarat-santunan-keluarga-korban-km-sinar-bangun,ADVERTISEMENT SCROLL TO CONTINUE WITH CONTENT
Airlangga Bantah Adu Domba Megawati dan Jokowi,"Selasa, 26 Jun 2018 19:17 WIB",https://www.cnnindonesia.com/nasional/20180626172537-32-309161/airlangga-bantah-adu-domba-megawati-dan-jokowi,ADVERTISEMENT SCROLL TO CONTINUE WITH CONTENT
Fahri Hamzah Tuding Proyek Jokowi Hanya untuk Orang Kaya,"Selasa, 26 Jun 2018 18:33 WIB",https://www.cnnindonesia.com/nasional/20180626170609-32-309162/fahri-hamzah-tuding-proyek-jokowi-hanya-untuk-orang-kaya,ADVERTISEMENT SCROLL TO CONTINUE WITH CONTENT
"SBY-JK Bertemu, Demokrat Berharap Bisa Koalisi dengan Golkar","Selasa, 26 Jun 2018 15:58 WIB",https://www.cnnindonesia.com/nasional/20180626152612-32-309128/sby-jk-bertemu-demokrat-berharap-bisa-koalisi-dengan-golkar,ADVERTISEMENT SCROLL TO CONTINUE WITH CONTENT
Fahri Sebut Prabowo Jengkel Soal Suap di Balik Sembako,"Selasa, 26 Jun 2018 13:17 WIB",https://www.cnnindonesia.com/nasional/20180626130121-32-309080/fahri-sebut-prabowo-jengkel-soal-suap-di-balik-sembako,ADVERTISEMENT SCROLL TO CONTINUE WITH CONTENT
PDIP: Airlangga Adu Domba Mega dan Jokowi di Pilgub Jatim,"Selasa, 26 Jun 2018 12:00 WIB",https://www.cnnindonesia.com/nasional/20180626111320-32-309060/pdip-airlangga-adu-domba-mega-dan-jokowi-di-pilgub-jatim,ADVERTISEMENT SCROLL TO CONTINUE WITH CONTENT
"Jokowi Potong Pajak UMKM, Kantong Negara Bolong Rp1,5 Triliun","Selasa, 26 Jun 2018 10:31 WIB",https://www.cnnindonesia.com/ekonomi/20180626095545-532-309047/jokowi-potong-pajak-umkm-kantong-negara-bolong-rp15-triliun,ADVERTISEMENT SCROLL TO CONTINUE WITH CONTENT
Reuni JK-SBY Mencari Peluang Poros Ketiga di Pilpres 2019,"Selasa, 26 Jun 2018 10:11 WIB",https://www.cnnindonesia.com/nasional/20180626074154-32-309035/reuni-jk-sby-mencari-peluang-poros-ketiga-di-pilpres-2019,ADVERTISEMENT SCROLL TO CONTINUE WITH CONTENT
Pangeran Waleed Rayakan 'Kemerdekaan' Perempuan Arab Saudi,"Selasa, 26 Jun 2018 05:51 WIB",https://www.cnnindonesia.com/internasional/20180625201214-120-308935/pangeran-waleed-rayakan-kemerdekaan-perempuan-arab-saudi,ADVERTISEMENT SCROLL TO CONTINUE WITH CONTENT
Jokowi Bakal Blusukan Pantau Kesiapan Atlet Asian Games,"Selasa, 26 Jun 2018 05:41 WIB",https://www.cnnindonesia.com/nasional/20180625195301-20-308932/jokowi-bakal-blusukan-pantau-kesiapan-atlet-asian-games,ADVERTISEMENT SCROLL TO CONTINUE WITH CONTENT
Sri Mulyani Sebut Pemerintah Fokus Perkuat Cadangan Devisa,"Selasa, 26 Jun 2018 05:23 WIB",https://www.cnnindonesia.com/ekonomi/20180625164009-532-308885/sri-mulyani-sebut-pemerintah-fokus-perkuat-cadangan-devisa,ADVERTISEMENT SCROLL TO CONTINUE WITH CONTENT
Jokowi Bakal Telepon Erdogan Beri Ucapan Selamat,"Senin, 25 Jun 2018 21:00 WIB",https://www.cnnindonesia.com/internasional/20180625201827-106-308933/jokowi-bakal-telepon-erdogan-beri-ucapan-selamat,ADVERTISEMENT SCROLL TO CONTINUE WITH CONTENT
"Hingga Mei, Utang Pemerintah Capai Rp4.169 Triliun","Senin, 25 Jun 2018 20:27 WIB",https://www.cnnindonesia.com/ekonomi/20180625193538-532-308923/hingga-mei-utang-pemerintah-capai-rp4169-triliun,ADVERTISEMENT SCROLL TO CONTINUE WITH CONTENT
Prabowo Sebut Utang di Era Jokowi Capai Rp9 Ribu Triliun,"Senin, 25 Jun 2018 19:49 WIB",https://www.cnnindonesia.com/nasional/20180625193253-32-308924/prabowo-sebut-utang-di-era-jokowi-capai-rp9-ribu-triliun,ADVERTISEMENT SCROLL TO CONTINUE WITH CONTENT
Jokowi: Aparat Mutlak Bersikap Netral di Pilkada,"Senin, 25 Jun 2018 18:53 WIB",https://www.cnnindonesia.com/nasional/20180625173104-32-308910/jokowi-aparat-mutlak-bersikap-netral-di-pilkada,ADVERTISEMENT SCROLL TO CONTINUE WITH CONTENT
Prabowo Kritik 1 Persen Warga Kuasai Kekayaan di Tanah Air,"Senin, 25 Jun 2018 17:58 WIB",https://www.cnnindonesia.com/nasional/20180625155701-32-308875/prabowo-kritik-1-persen-warga-kuasai-kekayaan-di-tanah-air,ADVERTISEMENT SCROLL TO CONTINUE WITH CONTENT
Fahri Sebut Prabowo Galang Dana karena Bisnis Dihambat,"Senin, 25 Jun 2018 17:49 WIB",https://www.cnnindonesia.com/nasional/20180625134936-32-308837/fahri-sebut-prabowo-galang-dana-karena-bisnis-dihambat,ADVERTISEMENT SCROLL TO CONTINUE WITH CONTENT
Jokowi: Libur Pilkada Agar Masyarakat Bisa Gunakan Hak Pilih,"Senin, 25 Jun 2018 17:24 WIB",https://www.cnnindonesia.com/nasional/20180625171736-32-308896/jokowi-libur-pilkada-agar-masyarakat-bisa-gunakan-hak-pilih,ADVERTISEMENT SCROLL TO CONTINUE WITH CONTENT
Iwan Fals 'Takut Menang' jika Maju Capres 2019,Tanggal tidak ditemukan,https://www.cnnindonesia.com/hiburan/20180625170549-234-308891/iwan-fals-takut-menang-jika-maju-capres-2019,ADVERTISEMENT SCROLL TO CONTINUE WITH CONTENT
"Jelang Asian Games, Jokowi Tinjau Gelora Bung Karno","Senin, 25 Jun 2018 16:18 WIB",https://www.cnnindonesia.com/nasional/20180625160931-20-308876/jelang-asian-games-jokowi-tinjau-gelora-bung-karno,ADVERTISEMENT SCROLL TO CONTINUE WITH CONTENT
"PAN Cari Alternatif, Prabowo dan Zulhas Bicarakan Koalisi","Senin, 25 Jun 2018 12:32 WIB",https://www.cnnindonesia.com/nasional/20180625121806-32-308809/pan-cari-alternatif-prabowo-dan-zulhas-bicarakan-koalisi,ADVERTISEMENT SCROLL TO CONTINUE WITH CONTENT
"Jumpa Menlu Jepang, Jokowi Berterima Kasih Didukung di DK PBB","Senin, 25 Jun 2018 12:25 WIB",https://www.cnnindonesia.com/internasional/20180625121712-106-308808/jumpa-menlu-jepang-jokowi-berterima-kasih-didukung-di-dk-pbb,ADVERTISEMENT SCROLL TO CONTINUE WITH CONTENT
Ketua Pro Jokowi Bantah Anggotanya Jadi Komisioner KPU,"Minggu, 24 Jun 2018 22:02 WIB",https://www.cnnindonesia.com/nasional/20180624194800-32-308668/ketua-pro-jokowi-bantah-anggotanya-jadi-komisioner-kpu,ADVERTISEMENT SCROLL TO CONTINUE WITH CONTENT
Jokowi: Infrastruktur Bangun Budaya Baru di Indonesia,"Minggu, 24 Jun 2018 19:59 WIB",https://www.cnnindonesia.com/nasional/20180624190717-20-308664/jokowi-infrastruktur-bangun-budaya-baru-di-indonesia,ADVERTISEMENT SCROLL TO CONTINUE WITH CONTENT
Gerindra Tuding KPU Pariaman Beranggotakan Relawan Pro Jokowi,"Minggu, 24 Jun 2018 14:25 WIB",https://www.cnnindonesia.com/nasional/20180624140138-32-308603/gerindra-tuding-kpu-pariaman-beranggotakan-relawan-pro-jokowi,ADVERTISEMENT SCROLL TO CONTINUE WITH CONTENT
PDIP Anggap Drama 'Politik Korban' SBY Sudah Usang,"Minggu, 24 Jun 2018 12:10 WIB",https://www.cnnindonesia.com/nasional/20180624114756-32-308563/pdip-anggap-drama-politik-korban-sby-sudah-usang,ADVERTISEMENT SCROLL TO CONTINUE WITH CONTENT
Yahya Staquf Jelaskan 'Kemesraan' Bertemu PM Israel Netanyahu,"Minggu, 24 Jun 2018 09:17 WIB",https://www.cnnindonesia.com/nasional/20180623210819-32-308445/yahya-staquf-jelaskan-kemesraan-bertemu-pm-israel-netanyahu,ADVERTISEMENT SCROLL TO CONTINUE WITH CONTENT
Jokowi DIsarankan Tak Pilih Ketua Partai Jadi Cawapres,"Sabtu, 23 Jun 2018 22:29 WIB",https://www.cnnindonesia.com/nasional/20180623215906-32-308463/jokowi-disarankan-tak-pilih-ketua-partai-jadi-cawapres,ADVERTISEMENT SCROLL TO CONTINUE WITH CONTENT
Prabowo Tak Yakin Indonesia Negara Terkuat 2045 Bisa Terwujud,"Sabtu, 23 Jun 2018 19:16 WIB",https://www.cnnindonesia.com/nasional/20180623183655-32-308423/prabowo-tak-yakin-indonesia-negara-terkuat-2045-bisa-terwujud,ADVERTISEMENT SCROLL TO CONTINUE WITH CONTENT
Prabowo Subianto: 'Rak Pateken' Saya Dibenci Elite Pemerintah,"Sabtu, 23 Jun 2018 19:00 WIB",https://www.cnnindonesia.com/nasional/20180623171308-32-308407/prabowo-subianto-rak-pateken-saya-dibenci-elite-pemerintah,ADVERTISEMENT SCROLL TO CONTINUE WITH CONTENT
"Bangun Terminal 4 Soetta, AP II Akui Banjir Tawaran Berkongsi","Sabtu, 23 Jun 2018 18:32 WIB",https://www.cnnindonesia.com/ekonomi/20180623155759-92-308382/bangun-terminal-4-soetta-ap-ii-akui-banjir-tawaran-berkongsi,ADVERTISEMENT SCROLL TO CONTINUE WITH CONTENT
Galang Dana ala Prabowo dan 'Cek Ombak' Jelang Pilpres 2019,"Sabtu, 23 Jun 2018 13:01 WIB",https://www.cnnindonesia.com/nasional/20180623110201-32-308311/galang-dana-ala-prabowo-dan-cek-ombak-jelang-pilpres-2019,ADVERTISEMENT SCROLL TO CONTINUE WITH CONTENT
Anies Minta Sandi Lari Keliling Jakarta Bawa Obor Asian Games,"Sabtu, 23 Jun 2018 12:35 WIB",https://www.cnnindonesia.com/nasional/20180623123003-20-308321/anies-minta-sandi-lari-keliling-jakarta-bawa-obor-asian-games,ADVERTISEMENT SCROLL TO CONTINUE WITH CONTENT
Sandi Klaim Penataan Tanah Abang Lebih Baik dari Jokowi-Ahok,"Sabtu, 23 Jun 2018 11:50 WIB",https://www.cnnindonesia.com/nasional/20180623113243-20-308313/sandi-klaim-penataan-tanah-abang-lebih-baik-dari-jokowi-ahok,ADVERTISEMENT SCROLL TO CONTINUE WITH CONTENT
"Presiden Sosialisasikan PPh Final UMKM 0,5 Persen di Bali","Sabtu, 23 Jun 2018 10:42 WIB",https://www.cnnindonesia.com/ekonomi/20180623101411-532-308293/presiden-sosialisasikan-pph-final-umkm-05-persen-di-bali,ADVERTISEMENT SCROLL TO CONTINUE WITH CONTENT
"SMRC: Jokowi Ungguli Prabowo di Jabar, Jateng dan Jatim","Sabtu, 23 Jun 2018 07:27 WIB",https://www.cnnindonesia.com/nasional/20180622194323-32-308194/smrc-jokowi-ungguli-prabowo-di-jabar-jateng-dan-jatim,ADVERTISEMENT SCROLL TO CONTINUE WITH CONTENT
"Bertemu Presiden Timor Leste, Jokowi Akan Bahas Investasi","Jumat, 22 Jun 2018 23:14 WIB",https://www.cnnindonesia.com/internasional/20180622191020-106-308182/bertemu-presiden-timor-leste-jokowi-akan-bahas-investasi,ADVERTISEMENT SCROLL TO CONTINUE WITH CONTENT
Mendag Akui Gagal Kendalikan Harga Ayam Saat Lebaran,"Jumat, 22 Jun 2018 19:38 WIB",https://www.cnnindonesia.com/ekonomi/20180622155934-92-308112/mendag-akui-gagal-kendalikan-harga-ayam-saat-lebaran,ADVERTISEMENT SCROLL TO CONTINUE WITH CONTENT
Politikus PKS: Prabowo Jujur Tak Punya Uang,"Jumat, 22 Jun 2018 19:22 WIB",https://www.cnnindonesia.com/nasional/20180622185223-32-308180/politikus-pks-prabowo-jujur-tak-punya-uang,ADVERTISEMENT SCROLL TO CONTINUE WITH CONTENT
"Jokowi Resmi Pangkas PPh Final UMKM Jadi 0,5 persen Hari Ini","Jumat, 22 Jun 2018 11:05 WIB",https://www.cnnindonesia.com/ekonomi/20180622105101-92-308020/jokowi-resmi-pangkas-pph-final-umkm-jadi-05-persen-hari-ini,ADVERTISEMENT SCROLL TO CONTINUE WITH CONTENT
Amien Soal Capres 2019: 'Goodbye' Demokrasi Diskriminatif,"Jumat, 22 Jun 2018 08:10 WIB",https://www.cnnindonesia.com/nasional/20180622073225-32-307999/amien-soal-capres-2019-goodbye-demokrasi-diskriminatif,ADVERTISEMENT SCROLL TO CONTINUE WITH CONTENT
KPK Sudah Siap Buka-bukaan Risiko RKUHP ke Jokowi,"Jumat, 22 Jun 2018 06:49 WIB",https://www.cnnindonesia.com/nasional/20180621131649-12-307766/kpk-sudah-siap-buka-bukaan-risiko-rkuhp-ke-jokowi,ADVERTISEMENT SCROLL TO CONTINUE WITH CONTENT
"Jokowi Ulang Tahun, JK Beri Hadiah Anggrek","Jumat, 22 Jun 2018 04:02 WIB",https://www.cnnindonesia.com/nasional/20180621124031-20-307744/jokowi-ulang-tahun-jk-beri-hadiah-anggrek,ADVERTISEMENT SCROLL TO CONTINUE WITH CONTENT
Polri Sebut SP3 Kasus Cakap Mesum Rizieq Bukan Harga Mati,"Kamis, 21 Jun 2018 18:57 WIB",https://www.cnnindonesia.com/nasional/20180621165453-12-307856/polri-sebut-sp3-kasus-cakap-mesum-rizieq-bukan-harga-mati,ADVERTISEMENT SCROLL TO CONTINUE WITH CONTENT
Habiburokhman Sebut Kritik Mudik Neraka karena Sayang Jokowi,"Kamis, 21 Jun 2018 18:17 WIB",https://www.cnnindonesia.com/nasional/20180621163743-12-307845/habiburokhman-sebut-kritik-mudik-neraka-karena-sayang-jokowi,ADVERTISEMENT SCROLL TO CONTINUE WITH CONTENT
Fadli Zon Sindir Peran Luhut Panjaitan di Pembangunan GWK,"Kamis, 21 Jun 2018 18:03 WIB",https://www.cnnindonesia.com/nasional/20180621172936-32-307860/fadli-zon-sindir-peran-luhut-panjaitan-di-pembangunan-gwk,ADVERTISEMENT SCROLL TO CONTINUE WITH CONTENT
Jokowi Terkecoh Candaan Wartawan di Hari Ulang Tahun,"Kamis, 21 Jun 2018 16:41 WIB",https://www.cnnindonesia.com/nasional/20180621155601-20-307843/jokowi-terkecoh-candaan-wartawan-di-hari-ulang-tahun,ADVERTISEMENT SCROLL TO CONTINUE WITH CONTENT
Alasan Jokowi Ingin Proyek Terminal 4 Bandara Soetta Dibangun,"Kamis, 21 Jun 2018 16:06 WIB",https://www.cnnindonesia.com/ekonomi/20180621132729-92-307772/alasan-jokowi-ingin-proyek-terminal-4-bandara-soetta-dibangun,ADVERTISEMENT SCROLL TO CONTINUE WITH CONTENT
Jokowi Buka Suara soal Penunjukan Komjen Iriawan,"Kamis, 21 Jun 2018 15:37 WIB",https://www.cnnindonesia.com/nasional/20180621140036-20-307776/jokowi-buka-suara-soal-penunjukan-komjen-iriawan,ADVERTISEMENT SCROLL TO CONTINUE WITH CONTENT
Jokowi Tegaskan Tak Campuri Urusan SP3 Kasus Rizieq Shihab,"Kamis, 21 Jun 2018 14:49 WIB",https://www.cnnindonesia.com/nasional/20180621143635-12-307803/jokowi-tegaskan-tak-campuri-urusan-sp3-kasus-rizieq-shihab,ADVERTISEMENT SCROLL TO CONTINUE WITH CONTENT
"Jadi Pj Gubernur, Iriawan 'Kalahkan' Dua Pejabat Kemendagri","Kamis, 21 Jun 2018 13:50 WIB",https://www.cnnindonesia.com/nasional/20180621130453-32-307756/jadi-pj-gubernur-iriawan-kalahkan-dua-pejabat-kemendagri,ADVERTISEMENT SCROLL TO CONTINUE WITH CONTENT
Doa Jokowi di Tengah Kerja saat Ulang Tahun ke-57,"Kamis, 21 Jun 2018 11:49 WIB",https://www.cnnindonesia.com/nasional/20180621112815-20-307725/doa-jokowi-di-tengah-kerja-saat-ulang-tahun-ke-57,ADVERTISEMENT SCROLL TO CONTINUE WITH CONTENT
Habiburokhman Lapor Balik ke Bareskrim soal Mudik 'Neraka',"Kamis, 21 Jun 2018 10:03 WIB",https://www.cnnindonesia.com/nasional/20180621093730-12-307696/habiburokhman-lapor-balik-ke-bareskrim-soal-mudik-neraka,ADVERTISEMENT SCROLL TO CONTINUE WITH CONTENT
"Presiden Jokowi Ulang Tahun, Tokoh dan Rakyat Ungkap Harapan","Kamis, 21 Jun 2018 09:24 WIB",https://www.cnnindonesia.com/teknologi/20180621091932-192-307691/presiden-jokowi-ulang-tahun-tokoh-dan-rakyat-ungkap-harapan,ADVERTISEMENT SCROLL TO CONTINUE WITH CONTENT
"Iriawan, Sebuah Pemanasan Jelang Pilpres 2019","Kamis, 21 Jun 2018 06:15 WIB",https://www.cnnindonesia.com/nasional/20180620203552-32-307599/iriawan-sebuah-pemanasan-jelang-pilpres-2019,ADVERTISEMENT SCROLL TO CONTINUE WITH CONTENT
Demokrat Duga Iriawan Akan Memihak Satu Pasangan Cagub Jabar,"Rabu, 20 Jun 2018 23:45 WIB",https://www.cnnindonesia.com/nasional/20180620194407-32-307590/demokrat-duga-iriawan-akan-memihak-satu-pasangan-cagub-jabar,ADVERTISEMENT SCROLL TO CONTINUE WITH CONTENT
Jokowi Jamin Santunan untuk Keluarga Korban KM Sinar Bangun,"Rabu, 20 Jun 2018 21:02 WIB",https://www.cnnindonesia.com/nasional/20180620205636-20-307606/jokowi-jamin-santunan-untuk-keluarga-korban-km-sinar-bangun,ADVERTISEMENT SCROLL TO CONTINUE WITH CONTENT
Survei: Jokowi Unggul di Jateng dan Jabar Ketimbang Prabowo,"Rabu, 20 Jun 2018 20:44 WIB",https://www.cnnindonesia.com/nasional/20180620183454-32-307582/survei-jokowi-unggul-di-jateng-dan-jabar-ketimbang-prabowo,ADVERTISEMENT SCROLL TO CONTINUE WITH CONTENT
Jokowi Sebut Pencabutan Larangan Terbang Eropa Hadiah Lebaran,"Rabu, 20 Jun 2018 19:35 WIB",https://www.cnnindonesia.com/ekonomi/20180620143102-92-307492/jokowi-sebut-pencabutan-larangan-terbang-eropa-hadiah-lebaran,ADVERTISEMENT SCROLL TO CONTINUE WITH CONTENT
"Bantah Tudingan SBY, PDIP Ungkit Cela Pemilu 2009","Rabu, 20 Jun 2018 19:18 WIB",https://www.cnnindonesia.com/nasional/20180620150502-32-307507/bantah-tudingan-sby-pdip-ungkit-cela-pemilu-2009,ADVERTISEMENT SCROLL TO CONTINUE WITH CONTENT
PKS Rinci Potensi Penyalahgunaan Wewenang M Iriawan di Jabar,"Rabu, 20 Jun 2018 15:21 WIB",https://www.cnnindonesia.com/nasional/20180620141619-32-307490/pks-rinci-potensi-penyalahgunaan-wewenang-m-iriawan-di-jabar,ADVERTISEMENT SCROLL TO CONTINUE WITH CONTENT
"Komjen Iriawan: Saya Akan Netral, Masyarakat Jangan Ragu","Rabu, 20 Jun 2018 11:34 WIB",https://www.cnnindonesia.com/nasional/20180620111115-32-307452/komjen-iriawan-saya-akan-netral-masyarakat-jangan-ragu,ADVERTISEMENT SCROLL TO CONTINUE WITH CONTENT
"Belum Umumkan Cawapres Prabowo, Sandi Ingin Hormati Jokowi","Selasa, 19 Jun 2018 20:09 WIB",https://www.cnnindonesia.com/nasional/20180619180504-32-307302/belum-umumkan-cawapres-prabowo-sandi-ingin-hormati-jokowi,ADVERTISEMENT SCROLL TO CONTINUE WITH CONTENT
PPP Ungkap Obrolan Cak Imin dan Rommy soal Gatot Nurmantyo,"Selasa, 19 Jun 2018 18:39 WIB",https://www.cnnindonesia.com/nasional/20180619182916-32-307303/ppp-ungkap-obrolan-cak-imin-dan-rommy-soal-gatot-nurmantyo,ADVERTISEMENT SCROLL TO CONTINUE WITH CONTENT
"Protes Pelantikan Iriawan, FUIB Demo Istana dan Kemendagri","Selasa, 19 Jun 2018 18:21 WIB",https://www.cnnindonesia.com/nasional/20180619173246-32-307293/protes-pelantikan-iriawan-fuib-demo-istana-dan-kemendagri,ADVERTISEMENT SCROLL TO CONTINUE WITH CONTENT
PD Sebut Pemerintahan Jokowi 2 Kali Salah Angkat Pj Gubernur,"Selasa, 19 Jun 2018 17:33 WIB",https://www.cnnindonesia.com/nasional/20180619170905-32-307287/pd-sebut-pemerintahan-jokowi-2-kali-salah-angkat-pj-gubernur,ADVERTISEMENT SCROLL TO CONTINUE WITH CONTENT
Komisioner HAM PBB Pertanyakan Undangan Jokowi ke Papua,"Selasa, 19 Jun 2018 08:43 WIB",https://www.cnnindonesia.com/internasional/20180619083421-134-307182/komisioner-ham-pbb-pertanyakan-undangan-jokowi-ke-papua,ADVERTISEMENT SCROLL TO CONTINUE WITH CONTENT
Politikus Gerindra Sebut Arus Mudik 2018 Seperti 'Neraka',"Selasa, 19 Jun 2018 06:09 WIB",https://www.cnnindonesia.com/nasional/20180619022701-32-307153/politikus-gerindra-sebut-arus-mudik-2018-seperti-neraka,ADVERTISEMENT SCROLL TO CONTINUE WITH CONTENT
ACTA Sebut Banyak Masyarakat Ingin Ganti Presiden,"Selasa, 19 Jun 2018 04:11 WIB",https://www.cnnindonesia.com/nasional/20180618233637-12-307123/acta-sebut-banyak-masyarakat-ingin-ganti-presiden,ADVERTISEMENT SCROLL TO CONTINUE WITH CONTENT
"SP3 Rizieq Terbit, PA 212 Belum Tentu Akan Dukung Jokowi","Senin, 18 Jun 2018 21:35 WIB",https://www.cnnindonesia.com/nasional/20180618183637-12-307072/sp3-rizieq-terbit-pa-212-belum-tentu-akan-dukung-jokowi,ADVERTISEMENT SCROLL TO CONTINUE WITH CONTENT
Jokowi Manjakan Cucu dengan 'Bumper Car' di Transmart Bogor,"Senin, 18 Jun 2018 13:40 WIB",https://www.cnnindonesia.com/nasional/20180618131749-20-307003/jokowi-manjakan-cucu-dengan-bumper-car-di-transmart-bogor,ADVERTISEMENT SCROLL TO CONTINUE WITH CONTENT
Jokowi Gendong Cucu Sambangi Transmart Bogor Yasmin,"Senin, 18 Jun 2018 12:22 WIB",https://www.cnnindonesia.com/nasional/20180618121209-20-306985/jokowi-gendong-cucu-sambangi-transmart-bogor-yasmin,ADVERTISEMENT SCROLL TO CONTINUE WITH CONTENT
Fadli Zon Tuding Pemerintahan Jokowi Berbohong soal Iriawan,"Senin, 18 Jun 2018 11:59 WIB",https://www.cnnindonesia.com/nasional/20180618113844-32-306980/fadli-zon-tuding-pemerintahan-jokowi-berbohong-soal-iriawan,ADVERTISEMENT SCROLL TO CONTINUE WITH CONTENT
"Ingin Istirahat, JK Kembali Tegaskan Tak Mau Dampingi Jokowi","Minggu, 17 Jun 2018 21:32 WIB",https://www.cnnindonesia.com/nasional/20180617170616-32-306826/ingin-istirahat-jk-kembali-tegaskan-tak-mau-dampingi-jokowi,ADVERTISEMENT SCROLL TO CONTINUE WITH CONTENT
Novel Ungkit Lagi Dugaan Oknum Jenderal dalam Teror Air Keras,"Minggu, 17 Jun 2018 15:26 WIB",https://www.cnnindonesia.com/nasional/20180617150608-12-306807/novel-ungkit-lagi-dugaan-oknum-jenderal-dalam-teror-air-keras,ADVERTISEMENT SCROLL TO CONTINUE WITH CONTENT
"Tuntut TGPF Kasus Novel, Pegawai KPK Akan Surati Jokowi","Minggu, 17 Jun 2018 15:03 WIB",https://www.cnnindonesia.com/nasional/20180617145533-12-306802/tuntut-tgpf-kasus-novel-pegawai-kpk-akan-surati-jokowi,ADVERTISEMENT SCROLL TO CONTINUE WITH CONTENT
Novel Baswedan Tagih Janji Jokowi Kuak Kasus Teror Air Keras,"Minggu, 17 Jun 2018 14:30 WIB",https://www.cnnindonesia.com/nasional/20180617135027-12-306781/novel-baswedan-tagih-janji-jokowi-kuak-kasus-teror-air-keras,ADVERTISEMENT SCROLL TO CONTINUE WITH CONTENT
Pengacara Sebut SP3 Rizieq Shihab Diurus Sejak Tahun Lalu,"Minggu, 17 Jun 2018 13:09 WIB",https://www.cnnindonesia.com/nasional/20180617125140-20-306763/pengacara-sebut-sp3-rizieq-shihab-diurus-sejak-tahun-lalu,ADVERTISEMENT SCROLL TO CONTINUE WITH CONTENT
Darmin Targetkan Usai Lebaran OSS Diluncurkan,"Minggu, 17 Jun 2018 10:44 WIB",https://www.cnnindonesia.com/ekonomi/20180616203108-532-306646/darmin-targetkan-usai-lebaran-oss-diluncurkan,ADVERTISEMENT SCROLL TO CONTINUE WITH CONTENT
Gerindra Tak Terpengaruh Uji Materi Ambang Batas Presiden,"Minggu, 17 Jun 2018 06:06 WIB",https://www.cnnindonesia.com/nasional/20180616195800-32-306635/gerindra-tak-terpengaruh-uji-materi-ambang-batas-presiden,ADVERTISEMENT SCROLL TO CONTINUE WITH CONTENT
Idrus Sarankan Partai Pendukung 'Nrimo' soal Cawapres Jokowi,"Sabtu, 16 Jun 2018 22:44 WIB",https://www.cnnindonesia.com/nasional/20180616165800-32-306600/idrus-sarankan-partai-pendukung-nrimo-soal-cawapres-jokowi,ADVERTISEMENT SCROLL TO CONTINUE WITH CONTENT
Pengusaha Incar Cuan Dari Perang Dagang AS-China,"Sabtu, 16 Jun 2018 20:15 WIB",https://www.cnnindonesia.com/ekonomi/20180616195033-92-306637/pengusaha-incar-cuan-dari-perang-dagang-as-china,ADVERTISEMENT SCROLL TO CONTINUE WITH CONTENT
"Anies Disoraki di Open House Jokowi, PKS Duga Pendukung Ahok","Sabtu, 16 Jun 2018 18:45 WIB",https://www.cnnindonesia.com/nasional/20180616182843-32-306624/anies-disoraki-di-open-house-jokowi-pks-duga-pendukung-ahok,ADVERTISEMENT SCROLL TO CONTINUE WITH CONTENT
Darmin Harap Neraca Dagang RI Kembali Surplus di Akhir Tahun,"Sabtu, 16 Jun 2018 15:55 WIB",https://www.cnnindonesia.com/ekonomi/20180616151311-532-306571/darmin-harap-neraca-dagang-ri-kembali-surplus-di-akhir-tahun,ADVERTISEMENT SCROLL TO CONTINUE WITH CONTENT
Akomodasi Politik Jokowi di Balik SP3 Kasus Rizieq Shihab,"Sabtu, 16 Jun 2018 14:34 WIB",https://www.cnnindonesia.com/nasional/20180616140153-32-306545/akomodasi-politik-jokowi-di-balik-sp3-kasus-rizieq-shihab,ADVERTISEMENT SCROLL TO CONTINUE WITH CONTENT
Yusril Minta Penyebar Konten Porno Rizieq Shihab Dipidana,"Sabtu, 16 Jun 2018 12:59 WIB",https://www.cnnindonesia.com/nasional/20180616120941-12-306529/yusril-minta-penyebar-konten-porno-rizieq-shihab-dipidana,ADVERTISEMENT SCROLL TO CONTINUE WITH CONTENT
Sikap Ketum Partai soal Cawapres Jokowi Disebut Masih Cair,"Sabtu, 16 Jun 2018 06:36 WIB",https://www.cnnindonesia.com/nasional/20180615180055-32-306403/sikap-ketum-partai-soal-cawapres-jokowi-disebut-masih-cair,ADVERTISEMENT SCROLL TO CONTINUE WITH CONTENT
Politikus PKS Usul Jokowi Nonaktifkan Yahya Staquf,"Jumat, 15 Jun 2018 21:08 WIB",https://www.cnnindonesia.com/nasional/20180615203843-20-306430/politikus-pks-usul-jokowi-nonaktifkan-yahya-staquf,ADVERTISEMENT SCROLL TO CONTINUE WITH CONTENT
Jokowi Satu Jam Lebaran di Rumah Megawati,"Jumat, 15 Jun 2018 20:40 WIB",https://www.cnnindonesia.com/nasional/20180615203026-20-306428/jokowi-satu-jam-lebaran-di-rumah-megawati,ADVERTISEMENT SCROLL TO CONTINUE WITH CONTENT
Kuasa Hukum Rizieq Shihab Bantah Jokowi Islamofobia,"Jumat, 15 Jun 2018 20:16 WIB",https://www.cnnindonesia.com/nasional/20180615200252-20-306426/kuasa-hukum-rizieq-shihab-bantah-jokowi-islamofobia,ADVERTISEMENT SCROLL TO CONTINUE WITH CONTENT
Tukang Becak dan Para Menteri Berbaur di Open House Jokowi,"Jumat, 15 Jun 2018 19:57 WIB",https://www.cnnindonesia.com/nasional/20180615190711-20-306415/tukang-becak-dan-para-menteri-berbaur-di-open-house-jokowi,ADVERTISEMENT SCROLL TO CONTINUE WITH CONTENT
Rizieq Shihab Haturkan Terima Kasih ke Pemerintahan Jokowi,"Jumat, 15 Jun 2018 17:51 WIB",https://www.cnnindonesia.com/nasional/20180615172349-32-306399/rizieq-shihab-haturkan-terima-kasih-ke-pemerintahan-jokowi,ADVERTISEMENT SCROLL TO CONTINUE WITH CONTENT
Pemerintah Bantah Terlibat Bekukan Twitter Politikus Demokrat,"Jumat, 15 Jun 2018 17:05 WIB",https://www.cnnindonesia.com/nasional/20180615155413-20-306353/pemerintah-bantah-terlibat-bekukan-twitter-politikus-demokrat,ADVERTISEMENT SCROLL TO CONTINUE WITH CONTENT
"Khotbah Eggi Sudjana: Tak Ada Kebencian, Saya Sayang Presiden","Jumat, 15 Jun 2018 13:27 WIB",https://www.cnnindonesia.com/nasional/20180615124148-20-306302/khotbah-eggi-sudjana-tak-ada-kebencian-saya-sayang-presiden,ADVERTISEMENT SCROLL TO CONTINUE WITH CONTENT
"Ke Open House Jokowi, AHY Kembali Sampaikan Salam dari SBY","Jumat, 15 Jun 2018 12:59 WIB",https://www.cnnindonesia.com/nasional/20180615123048-20-306301/ke-open-house-jokowi-ahy-kembali-sampaikan-salam-dari-sby,ADVERTISEMENT SCROLL TO CONTINUE WITH CONTENT
"Anies pada Jokowi di Hari Lebaran: Saling Mendoakan, Pak","Jumat, 15 Jun 2018 11:41 WIB",https://www.cnnindonesia.com/nasional/20180615112657-20-306280/anies-pada-jokowi-di-hari-lebaran-saling-mendoakan-pak,ADVERTISEMENT SCROLL TO CONTINUE WITH CONTENT
"Eggi Sudjana: Kalau Tobat Konstitusi, Jokowi Bisa Dua Periode","Jumat, 15 Jun 2018 11:10 WIB",https://www.cnnindonesia.com/nasional/20180615103115-20-306270/eggi-sudjana-kalau-tobat-konstitusi-jokowi-bisa-dua-periode,ADVERTISEMENT SCROLL TO CONTINUE WITH CONTENT
Al Khathath Singgung Grasi untuk Alfian Tanjung dalam Khotbah,"Jumat, 15 Jun 2018 10:43 WIB",https://www.cnnindonesia.com/nasional/20180615102351-20-306271/al-khathath-singgung-grasi-untuk-alfian-tanjung-dalam-khotbah,ADVERTISEMENT SCROLL TO CONTINUE WITH CONTENT
Golkar Izinkan JK 'Nyapres',"Jumat, 15 Jun 2018 10:09 WIB",https://www.cnnindonesia.com/nasional/20180615095112-32-306263/golkar-izinkan-jk-nyapres,ADVERTISEMENT SCROLL TO CONTINUE WITH CONTENT
'OOTD' Jokowi Salat Idul Fitri: Jas dan Sarung Fuschia,Tanggal tidak ditemukan,https://www.cnnindonesia.com/gaya-hidup/20180615082533-277-306249/ootd-jokowi-salat-idul-fitri-jas-dan-sarung-fuschia,ADVERTISEMENT SCROLL TO CONTINUE WITH CONTENT
Jokowi dan Keluarga Salat Id di Kebun Raya Bogor,"Jumat, 15 Jun 2018 06:48 WIB",https://www.cnnindonesia.com/nasional/20180615063903-20-306242/jokowi-dan-keluarga-salat-id-di-kebun-raya-bogor,ADVERTISEMENT SCROLL TO CONTINUE WITH CONTENT
"Elektabilitas Masih Rendah, AHY Tak Buru-buru Maju Capres","Jumat, 15 Jun 2018 04:30 WIB",https://www.cnnindonesia.com/nasional/20180614114647-32-306031/elektabilitas-masih-rendah-ahy-tak-buru-buru-maju-capres,ADVERTISEMENT SCROLL TO CONTINUE WITH CONTENT
"Idul Fitri, Jokowi Buka Istana Bogor untuk Warga","Kamis, 14 Jun 2018 21:21 WIB",https://www.cnnindonesia.com/nasional/20180614195349-20-306166/idul-fitri-jokowi-buka-istana-bogor-untuk-warga,ADVERTISEMENT SCROLL TO CONTINUE WITH CONTENT
Kontroversi Sabuk 'LV' AHY Versus Tunggangan Chooper Jokowi,"Kamis, 14 Jun 2018 15:13 WIB",https://www.cnnindonesia.com/nasional/20180614144235-32-306077/kontroversi-sabuk-lv-ahy-versus-tunggangan-chooper-jokowi,ADVERTISEMENT SCROLL TO CONTINUE WITH CONTENT
Universitas Glasgow Beri Honoris Causa pada Pendiri Jababeka,"Kamis, 14 Jun 2018 13:03 WIB",https://www.cnnindonesia.com/ekonomi/20180614125833-92-306048/universitas-glasgow-beri-honoris-causa-pada-pendiri-jababeka,ADVERTISEMENT SCROLL TO CONTINUE WITH CONTENT
Politikus Demokrat: Pembekuan Akun Twitter Terkait Penguasa,"Kamis, 14 Jun 2018 11:51 WIB",https://www.cnnindonesia.com/nasional/20180614113142-32-306017/politikus-demokrat-pembekuan-akun-twitter-terkait-penguasa,ADVERTISEMENT SCROLL TO CONTINUE WITH CONTENT
"Akun Politikus Demokrat Dibekukan, Netizen 'Gempur' Twitter","Kamis, 14 Jun 2018 10:05 WIB",https://www.cnnindonesia.com/teknologi/20180614092847-192-306001/akun-politikus-demokrat-dibekukan-netizen-gempur-twitter,ADVERTISEMENT SCROLL TO CONTINUE WITH CONTENT
Drama 'Jalan Tol Pak Jokowi' dalam Mudik Lebaran 2018,"Kamis, 14 Jun 2018 07:34 WIB",https://www.cnnindonesia.com/nasional/20180613084158-20-305732/drama-jalan-tol-pak-jokowi-dalam-mudik-lebaran-2018,ADVERTISEMENT SCROLL TO CONTINUE WITH CONTENT
"Bantah PDIP, AHY Sebut Demokrat Konsisten","Rabu, 13 Jun 2018 20:36 WIB",https://www.cnnindonesia.com/nasional/20180613180125-32-305941/bantah-pdip-ahy-sebut-demokrat-konsisten,ADVERTISEMENT SCROLL TO CONTINUE WITH CONTENT
Beda Visi Ahok dan Anies soal Reklamasi Teluk Jakarta,"Rabu, 13 Jun 2018 18:45 WIB",https://www.cnnindonesia.com/nasional/20180613173851-20-305939/beda-visi-ahok-dan-anies-soal-reklamasi-teluk-jakarta,ADVERTISEMENT SCROLL TO CONTINUE WITH CONTENT
Fadli Zon Minta Pemerintah Tegur Yahya Staquf Soal Israel,"Rabu, 13 Jun 2018 18:06 WIB",https://www.cnnindonesia.com/nasional/20180613143023-32-305836/fadli-zon-minta-pemerintah-tegur-yahya-staquf-soal-israel,ADVERTISEMENT SCROLL TO CONTINUE WITH CONTENT
"Kembali Bertemu, Jokowi-Megawati Bahas Cawapres","Rabu, 13 Jun 2018 10:03 WIB",https://www.cnnindonesia.com/nasional/20180613095431-32-305741/kembali-bertemu-jokowi-megawati-bahas-cawapres,ADVERTISEMENT SCROLL TO CONTINUE WITH CONTENT
Komisi I DPR: Yahya Staquf Sakiti Palestina dan Islam,"Rabu, 13 Jun 2018 08:42 WIB",https://www.cnnindonesia.com/nasional/20180613081825-32-305728/komisi-i-dpr-yahya-staquf-sakiti-palestina-dan-islam,ADVERTISEMENT SCROLL TO CONTINUE WITH CONTENT
Sandi Buka Peluang Koalisi Gerindra-PDIP,"Rabu, 13 Jun 2018 01:45 WIB",https://www.cnnindonesia.com/nasional/20180612211459-32-305699/sandi-buka-peluang-koalisi-gerindra-pdip,ADVERTISEMENT SCROLL TO CONTINUE WITH CONTENT
Sandi Sebut Spanduk Klaim Tol Cipali Kekanak-kanakan,"Selasa, 12 Jun 2018 22:05 WIB",https://www.cnnindonesia.com/nasional/20180612203841-20-305693/sandi-sebut-spanduk-klaim-tol-cipali-kekanak-kanakan,ADVERTISEMENT SCROLL TO CONTINUE WITH CONTENT
Sandi: Anies Masuk Daftar Calon Pendamping Prabowo,"Selasa, 12 Jun 2018 21:05 WIB",https://www.cnnindonesia.com/nasional/20180612204304-32-305696/sandi-anies-masuk-daftar-calon-pendamping-prabowo,ADVERTISEMENT SCROLL TO CONTINUE WITH CONTENT
Gerindra Nilai Klaim PDIP soal Mudik untuk Raih Suara Pemilu,"Selasa, 12 Jun 2018 19:37 WIB",https://www.cnnindonesia.com/nasional/20180612155206-32-305600/gerindra-nilai-klaim-pdip-soal-mudik-untuk-raih-suara-pemilu,ADVERTISEMENT SCROLL TO CONTINUE WITH CONTENT
"Ribut soal Capres, Amien Rais Dianggap Cuma Cek Ombak","Selasa, 12 Jun 2018 18:34 WIB",https://www.cnnindonesia.com/nasional/20180612160925-32-305599/ribut-soal-capres-amien-rais-dianggap-cuma-cek-ombak,ADVERTISEMENT SCROLL TO CONTINUE WITH CONTENT
PDIP Respons Kritik AHY soal Revolusi Mental Jokowi,"Selasa, 12 Jun 2018 17:42 WIB",https://www.cnnindonesia.com/nasional/20180612172357-32-305634/pdip-respons-kritik-ahy-soal-revolusi-mental-jokowi,ADVERTISEMENT SCROLL TO CONTINUE WITH CONTENT
Jokowi Sebut Palestina Fokus Utama Indonesia Masuk DK PBB,"Selasa, 12 Jun 2018 15:55 WIB",https://www.cnnindonesia.com/nasional/20180612140300-20-305526/jokowi-sebut-palestina-fokus-utama-indonesia-masuk-dk-pbb,ADVERTISEMENT SCROLL TO CONTINUE WITH CONTENT
Jokowi: Senioritas Amien Rais di Kancah Politik Tak Diragukan,"Selasa, 12 Jun 2018 15:07 WIB",https://www.cnnindonesia.com/nasional/20180612141725-32-305549/jokowi-senioritas-amien-rais-di-kancah-politik-tak-diragukan,ADVERTISEMENT SCROLL TO CONTINUE WITH CONTENT
Jokowi Berharap Trump-Kim Berkontribusi pada Perdamaian Dunia,"Selasa, 12 Jun 2018 15:05 WIB",https://www.cnnindonesia.com/internasional/20180612145359-106-305557/jokowi-berharap-trump-kim-berkontribusi-pada-perdamaian-dunia,ADVERTISEMENT SCROLL TO CONTINUE WITH CONTENT
Jokowi Rayakan Idul Fitri di Istana Bogor,"Selasa, 12 Jun 2018 14:50 WIB",https://www.cnnindonesia.com/nasional/20180612144525-20-305547/jokowi-rayakan-idul-fitri-di-istana-bogor,ADVERTISEMENT SCROLL TO CONTINUE WITH CONTENT
Jokowi: Kampanye Jadi Anggota DK PBB Tak Hamburkan Uang,"Selasa, 12 Jun 2018 14:05 WIB",https://www.cnnindonesia.com/nasional/20180612135459-20-305519/jokowi-kampanye-jadi-anggota-dk-pbb-tak-hamburkan-uang,ADVERTISEMENT SCROLL TO CONTINUE WITH CONTENT
"Yahya ke Israel, Jokowi Minta Beri Dukungan ke Palestina","Selasa, 12 Jun 2018 13:54 WIB",https://www.cnnindonesia.com/nasional/20180612133822-32-305515/yahya-ke-israel-jokowi-minta-beri-dukungan-ke-palestina,ADVERTISEMENT SCROLL TO CONTINUE WITH CONTENT
PDIP: Mudik Aman Jadi Tolok Ukur Capaian Kinerja Jokowi,"Selasa, 12 Jun 2018 13:45 WIB",https://www.cnnindonesia.com/nasional/20180612123345-32-305493/pdip-mudik-aman-jadi-tolok-ukur-capaian-kinerja-jokowi,ADVERTISEMENT SCROLL TO CONTINUE WITH CONTENT
"Berkat Jokowi, PDIP Yakin Mudik Ini Terlancar dalam 30 Tahun","Selasa, 12 Jun 2018 11:59 WIB",https://www.cnnindonesia.com/nasional/20180612113347-32-305455/berkat-jokowi-pdip-yakin-mudik-ini-terlancar-dalam-30-tahun,ADVERTISEMENT SCROLL TO CONTINUE WITH CONTENT
PDIP Tak Terancam dengan Wacana Pencapresan Amien Rais,"Selasa, 12 Jun 2018 10:58 WIB",https://www.cnnindonesia.com/nasional/20180612103009-32-305428/pdip-tak-terancam-dengan-wacana-pencapresan-amien-rais,ADVERTISEMENT SCROLL TO CONTINUE WITH CONTENT
Golkar Kritik Alasan Titiek Soeharto Pindah ke Berkarya,"Senin, 11 Jun 2018 21:07 WIB",https://www.cnnindonesia.com/nasional/20180611191608-32-305340/golkar-kritik-alasan-titiek-soeharto-pindah-ke-berkarya,ADVERTISEMENT SCROLL TO CONTINUE WITH CONTENT
Pencapresan Amien Rais Dinilai Usaha Kerek Elektabilitas PAN,"Senin, 11 Jun 2018 16:58 WIB",https://www.cnnindonesia.com/nasional/20180611133910-32-305223/pencapresan-amien-rais-dinilai-usaha-kerek-elektabilitas-pan,ADVERTISEMENT SCROLL TO CONTINUE WITH CONTENT
"Alfian Tanjung Pindah Lapas, Kuasa Hukum Ungkit Kasus Ahok","Senin, 11 Jun 2018 16:35 WIB",https://www.cnnindonesia.com/nasional/20180611162750-12-305297/alfian-tanjung-pindah-lapas-kuasa-hukum-ungkit-kasus-ahok,ADVERTISEMENT SCROLL TO CONTINUE WITH CONTENT
Wacana Amien Rais Nyapres Dianggap Khayalan Tingkat Tinggi,"Senin, 11 Jun 2018 16:30 WIB",https://www.cnnindonesia.com/nasional/20180611142617-32-305295/wacana-amien-rais-nyapres-dianggap-khayalan-tingkat-tinggi,ADVERTISEMENT SCROLL TO CONTINUE WITH CONTENT
Alfian Tanjung Ajukan PK Usai Lebaran,"Senin, 11 Jun 2018 15:47 WIB",https://www.cnnindonesia.com/nasional/20180611151549-12-305270/alfian-tanjung-ajukan-pk-usai-lebaran,ADVERTISEMENT SCROLL TO CONTINUE WITH CONTENT
Penolakan Menkumham dan Hambatan Jaring Caleg Bebas Korupsi,"Senin, 11 Jun 2018 14:02 WIB",https://www.cnnindonesia.com/nasional/20180611130226-32-305193/penolakan-menkumham-dan-hambatan-jaring-caleg-bebas-korupsi,ADVERTISEMENT SCROLL TO CONTINUE WITH CONTENT
Kedewasaan Berpolitik dan Perang Spanduk di Tol saat Mudik,"Senin, 11 Jun 2018 12:11 WIB",https://www.cnnindonesia.com/nasional/20180611105942-32-305154/kedewasaan-berpolitik-dan-perang-spanduk-di-tol-saat-mudik,ADVERTISEMENT SCROLL TO CONTINUE WITH CONTENT
"Naik ke Bus, Jokowi Doakan Pemudik Selamat Sampai Tujuan","Senin, 11 Jun 2018 10:48 WIB",https://www.cnnindonesia.com/nasional/20180611102918-20-305141/naik-ke-bus-jokowi-doakan-pemudik-selamat-sampai-tujuan,ADVERTISEMENT SCROLL TO CONTINUE WITH CONTENT
'Kekalahan' Indonesia di Balik Pertemuan Trump dan Kim,"Senin, 11 Jun 2018 08:47 WIB",https://www.cnnindonesia.com/internasional/20180611011546-106-305094/kekalahan-indonesia-di-balik-pertemuan-trump-dan-kim,ADVERTISEMENT SCROLL TO CONTINUE WITH CONTENT
Cak Imin Soal Kritik Amien: Banyak Hal Yang Dilakukan Jokowi,"Senin, 11 Jun 2018 00:02 WIB",https://www.cnnindonesia.com/nasional/20180610235540-32-305088/cak-imin-soal-kritik-amien-banyak-hal-yang-dilakukan-jokowi,ADVERTISEMENT SCROLL TO CONTINUE WITH CONTENT
Cak Imin Tak Tertarik Jadi Cawapres Amien Rais,"Minggu, 10 Jun 2018 19:52 WIB",https://www.cnnindonesia.com/nasional/20180610191027-32-305049/cak-imin-tak-tertarik-jadi-cawapres-amien-rais,ADVERTISEMENT SCROLL TO CONTINUE WITH CONTENT
"Amien Rais Maju Capres 2019, Mahathir Mohamad Jadi Inspirasi","Minggu, 10 Jun 2018 13:53 WIB",https://www.cnnindonesia.com/nasional/20180610133929-32-304994/amien-rais-maju-capres-2019-mahathir-mohamad-jadi-inspirasi,ADVERTISEMENT SCROLL TO CONTINUE WITH CONTENT
Amien Rais: Saya Sedikit Agak Layak Jadi Capres,"Minggu, 10 Jun 2018 04:56 WIB",https://www.cnnindonesia.com/nasional/20180610044733-32-304942/amien-rais-saya-sedikit-agak-layak-jadi-capres,ADVERTISEMENT SCROLL TO CONTINUE WITH CONTENT
Amien Tantang Jokowi 'Duel Suara' Tanpa Politik Uang,"Minggu, 10 Jun 2018 03:16 WIB",https://www.cnnindonesia.com/nasional/20180610030820-32-304937/amien-tantang-jokowi-duel-suara-tanpa-politik-uang,ADVERTISEMENT SCROLL TO CONTINUE WITH CONTENT
"Orasi, AHY Singgung Kelanjutan Revolusi Mental Jokowi","Sabtu, 09 Jun 2018 23:43 WIB",https://www.cnnindonesia.com/nasional/20180609233435-32-304917/orasi-ahy-singgung-kelanjutan-revolusi-mental-jokowi,ADVERTISEMENT SCROLL TO CONTINUE WITH CONTENT
Amien: Tak Perlu Takut 'Cebong' Jika Terbiasa Takbir,"Sabtu, 09 Jun 2018 23:12 WIB",https://www.cnnindonesia.com/nasional/20180609230254-32-304916/amien-tak-perlu-takut-cebong-jika-terbiasa-takbir,ADVERTISEMENT SCROLL TO CONTINUE WITH CONTENT
Amien: Tuhan Malu Tak Kabulkan Doa Ganti Presiden Jutaan Umat,"Sabtu, 09 Jun 2018 22:36 WIB",https://www.cnnindonesia.com/nasional/20180609222750-32-304913/amien-tuhan-malu-tak-kabulkan-doa-ganti-presiden-jutaan-umat,ADVERTISEMENT SCROLL TO CONTINUE WITH CONTENT
Reklamasi dan Panggung Anies Baswedan Menuju Pilpres 2019,"Sabtu, 09 Jun 2018 21:21 WIB",https://www.cnnindonesia.com/nasional/20180609154932-32-304851/reklamasi-dan-panggung-anies-baswedan-menuju-pilpres-2019,ADVERTISEMENT SCROLL TO CONTINUE WITH CONTENT
Amien Rais Sebut Rizieq Siapkan Paslon untuk Kalahkan Jokowi,"Sabtu, 09 Jun 2018 21:08 WIB",https://www.cnnindonesia.com/nasional/20180609203925-32-304902/amien-rais-sebut-rizieq-siapkan-paslon-untuk-kalahkan-jokowi,ADVERTISEMENT SCROLL TO CONTINUE WITH CONTENT
"Masuk DK PBB, Jokowi Pastikan Indonesia Jaga Ketertiban Dunia","Sabtu, 09 Jun 2018 20:55 WIB",https://www.cnnindonesia.com/nasional/20180609173716-20-304871/masuk-dk-pbb-jokowi-pastikan-indonesia-jaga-ketertiban-dunia,ADVERTISEMENT SCROLL TO CONTINUE WITH CONTENT
SBY Minta Pemerintah Lebih Peka dengan Rakyat Miskin,"Sabtu, 09 Jun 2018 20:05 WIB",https://www.cnnindonesia.com/nasional/20180609192939-32-304897/sby-minta-pemerintah-lebih-peka-dengan-rakyat-miskin,ADVERTISEMENT SCROLL TO CONTINUE WITH CONTENT
Din Syamsuddin Nilai Amien Wajar Minta Jokowi Satu Periode,"Sabtu, 09 Jun 2018 19:53 WIB",https://www.cnnindonesia.com/nasional/20180609191318-32-304893/din-syamsuddin-nilai-amien-wajar-minta-jokowi-satu-periode,ADVERTISEMENT SCROLL TO CONTINUE WITH CONTENT
Cerita Refly Harun Soal Yudi Latif dan 'Dewa-Dewa' di BPIP,"Sabtu, 09 Jun 2018 09:50 WIB",https://www.cnnindonesia.com/nasional/20180608162703-32-304651/cerita-refly-harun-soal-yudi-latif-dan-dewa-dewa-di-bpip,ADVERTISEMENT SCROLL TO CONTINUE WITH CONTENT
PBB Nilai Poros Ketiga Muncul Jika Kubu Jokowi Terpecah,"Sabtu, 09 Jun 2018 06:15 WIB",https://www.cnnindonesia.com/nasional/20180608192056-32-304689/pbb-nilai-poros-ketiga-muncul-jika-kubu-jokowi-terpecah,ADVERTISEMENT SCROLL TO CONTINUE WITH CONTENT
Jokowi Akan Bahas RKUHP Dengan KPK Usai Libur Lebaran,"Sabtu, 09 Jun 2018 05:57 WIB",https://www.cnnindonesia.com/nasional/20180608200520-20-304719/jokowi-akan-bahas-rkuhp-dengan-kpk-usai-libur-lebaran,ADVERTISEMENT SCROLL TO CONTINUE WITH CONTENT
Ketua LPSK Minta Presiden Jokowi Perhatikan Korban HAM Berat,"Sabtu, 09 Jun 2018 05:50 WIB",https://www.cnnindonesia.com/nasional/20180608142507-20-304586/ketua-lpsk-minta-presiden-jokowi-perhatikan-korban-ham-berat,ADVERTISEMENT SCROLL TO CONTINUE WITH CONTENT
Imparsial Ungkit Janji Jokowi Grasi Untuk Terpidana Zulfiqar,"Sabtu, 09 Jun 2018 04:20 WIB",https://www.cnnindonesia.com/nasional/20180608175421-12-304674/imparsial-ungkit-janji-jokowi-grasi-untuk-terpidana-zulfiqar,ADVERTISEMENT SCROLL TO CONTINUE WITH CONTENT
Golkar Sebut soal Cawapres Jadi Kewenangan Jokowi,"Sabtu, 09 Jun 2018 04:08 WIB",https://www.cnnindonesia.com/nasional/20180608204534-32-304739/golkar-sebut-soal-cawapres-jadi-kewenangan-jokowi,ADVERTISEMENT SCROLL TO CONTINUE WITH CONTENT
Kemenpora Sosialisasikan Asian Games Selama Arus Mudik,"Sabtu, 09 Jun 2018 01:01 WIB",https://www.cnnindonesia.com/olahraga/20180608213050-178-304749/kemenpora-sosialisasikan-asian-games-selama-arus-mudik,ADVERTISEMENT SCROLL TO CONTINUE WITH CONTENT
Anggaran 'Macet' ala Lembaga Penyemai Pancasila Era Jokowi,"Jumat, 08 Jun 2018 21:43 WIB",https://www.cnnindonesia.com/nasional/20180608163440-32-304639/anggaran-macet-ala-lembaga-penyemai-pancasila-era-jokowi,ADVERTISEMENT SCROLL TO CONTINUE WITH CONTENT
"Buka Bersama Ketum PBNU, Golkar Sampaikan Dukungan ke Jokowi","Jumat, 08 Jun 2018 20:46 WIB",https://www.cnnindonesia.com/nasional/20180608201209-32-304733/buka-bersama-ketum-pbnu-golkar-sampaikan-dukungan-ke-jokowi,ADVERTISEMENT SCROLL TO CONTINUE WITH CONTENT
9 Kabupaten di Jabar Kembangkan Digitalisasi Pertanian,"Jumat, 08 Jun 2018 20:46 WIB",https://www.cnnindonesia.com/ekonomi/20180608203030-92-304736/9-kabupaten-di-jabar-kembangkan-digitalisasi-pertanian,ADVERTISEMENT SCROLL TO CONTINUE WITH CONTENT
Gerindra Enggan Beri Tiket Capres 2019 untuk Gatot Nurmantyo,"Jumat, 08 Jun 2018 20:39 WIB",https://www.cnnindonesia.com/nasional/20180608193912-32-304715/gerindra-enggan-beri-tiket-capres-2019-untuk-gatot-nurmantyo,ADVERTISEMENT SCROLL TO CONTINUE WITH CONTENT
Jokowi: Yudi Latif Mundur dari BPIP karena Alasan Keluarga,"Jumat, 08 Jun 2018 19:38 WIB",https://www.cnnindonesia.com/nasional/20180608184839-20-304693/jokowi-yudi-latif-mundur-dari-bpip-karena-alasan-keluarga,ADVERTISEMENT SCROLL TO CONTINUE WITH CONTENT
"Koalisi Gerindra, PAN, dan PKS Disebut Sudah Sampai Tahap TST","Jumat, 08 Jun 2018 19:34 WIB",https://www.cnnindonesia.com/nasional/20180608190511-32-304685/koalisi-gerindra-pan-dan-pks-disebut-sudah-sampai-tahap-tst,ADVERTISEMENT SCROLL TO CONTINUE WITH CONTENT
Ketum PBNU Sebut BPIP Merugi Akibat Mundurnya Yudi Latif,"Jumat, 08 Jun 2018 19:15 WIB",https://www.cnnindonesia.com/nasional/20180608183922-20-304678/ketum-pbnu-sebut-bpip-merugi-akibat-mundurnya-yudi-latif,ADVERTISEMENT SCROLL TO CONTINUE WITH CONTENT
"Buka Puasa Bersama, Zulhas Puji Jokowi Rajin Sambangi Ulama","Jumat, 08 Jun 2018 18:44 WIB",https://www.cnnindonesia.com/nasional/20180608183647-32-304677/buka-puasa-bersama-zulhas-puji-jokowi-rajin-sambangi-ulama,ADVERTISEMENT SCROLL TO CONTINUE WITH CONTENT
Komnas HAM Yakin Jokowi Serius Tuntaskan HAM Masa Lalu,"Jumat, 08 Jun 2018 18:09 WIB",https://www.cnnindonesia.com/nasional/20180608135717-20-304574/komnas-ham-yakin-jokowi-serius-tuntaskan-ham-masa-lalu,ADVERTISEMENT SCROLL TO CONTINUE WITH CONTENT
"Yudi Latif Mundur dari BPIP, DPR Minta Jokowi Klarifikasi","Jumat, 08 Jun 2018 15:46 WIB",https://www.cnnindonesia.com/nasional/20180608133512-20-304572/yudi-latif-mundur-dari-bpip-dpr-minta-jokowi-klarifikasi,ADVERTISEMENT SCROLL TO CONTINUE WITH CONTENT
"Kasasi Ditolak MA, Alfian Tanjung Tetap Dihukum 2 Tahun","Jumat, 08 Jun 2018 15:33 WIB",https://www.cnnindonesia.com/nasional/20180608150323-12-304599/kasasi-ditolak-ma-alfian-tanjung-tetap-dihukum-2-tahun,ADVERTISEMENT SCROLL TO CONTINUE WITH CONTENT
Istana Buka Kemungkinan Yudi Latif Tetap Terima Hak Keuangan,"Jumat, 08 Jun 2018 13:15 WIB",https://www.cnnindonesia.com/nasional/20180608125613-20-304558/istana-buka-kemungkinan-yudi-latif-tetap-terima-hak-keuangan,ADVERTISEMENT SCROLL TO CONTINUE WITH CONTENT
Yudi Latif Resmi Ajukan Surat Pengunduran Diri ke Jokowi,"Jumat, 08 Jun 2018 10:52 WIB",https://www.cnnindonesia.com/nasional/20180608104257-32-304515/yudi-latif-resmi-ajukan-surat-pengunduran-diri-ke-jokowi,ADVERTISEMENT SCROLL TO CONTINUE WITH CONTENT
"Radikalisme di Kampus, Jokowi Ajak Semua Pihak Deradikalisasi","Jumat, 08 Jun 2018 05:50 WIB",https://www.cnnindonesia.com/nasional/20180607181834-20-304406/radikalisme-di-kampus-jokowi-ajak-semua-pihak-deradikalisasi,ADVERTISEMENT SCROLL TO CONTINUE WITH CONTENT
Jokowi Resmikan Bandara Apung Ahmad Yani di Semarang,"Kamis, 07 Jun 2018 21:55 WIB",https://www.cnnindonesia.com/nasional/20180607212436-20-304467/jokowi-resmikan-bandara-apung-ahmad-yani-di-semarang,ADVERTISEMENT SCROLL TO CONTINUE WITH CONTENT
Nasib BBM Premium antara Lingkungan dan Pertaruhan Politik,"Kamis, 07 Jun 2018 20:26 WIB",https://www.cnnindonesia.com/ekonomi/20180607164525-85-304354/nasib-bbm-premium-antara-lingkungan-dan-pertaruhan-politik,ADVERTISEMENT SCROLL TO CONTINUE WITH CONTENT
"Enggan di Bawah Rizieq, Demokrat Wacanakan Poros Nusantara","Kamis, 07 Jun 2018 20:24 WIB",https://www.cnnindonesia.com/nasional/20180607180014-32-304390/enggan-di-bawah-rizieq-demokrat-wacanakan-poros-nusantara,ADVERTISEMENT SCROLL TO CONTINUE WITH CONTENT
Jokowi: 380 Daerah Cairkan PNS,"Kamis, 07 Jun 2018 20:05 WIB",https://www.cnnindonesia.com/ekonomi/20180607175222-532-304391/jokowi-380-daerah-cairkan-pns,ADVERTISEMENT SCROLL TO CONTINUE WITH CONTENT
"Koalisi Keummatan, Antara Wacana dan Romantisme Pilgub DKI","Kamis, 07 Jun 2018 19:43 WIB",https://www.cnnindonesia.com/nasional/20180607152617-32-304329/koalisi-keummatan-antara-wacana-dan-romantisme-pilgub-dki,ADVERTISEMENT SCROLL TO CONTINUE WITH CONTENT
Petani Dijanjikan Untung 80 Persen Jika Berkongsi dengan BUMN,"Kamis, 07 Jun 2018 18:54 WIB",https://www.cnnindonesia.com/ekonomi/20180607154439-92-304334/petani-dijanjikan-untung-80-persen-jika-berkongsi-dengan-bumn,ADVERTISEMENT SCROLL TO CONTINUE WITH CONTENT
PD Akui Hubungan SBY-Mega Jadi Dinding Penghalang Koalisi,"Kamis, 07 Jun 2018 18:49 WIB",https://www.cnnindonesia.com/nasional/20180607165123-32-304353/pd-akui-hubungan-sby-mega-jadi-dinding-penghalang-koalisi,ADVERTISEMENT SCROLL TO CONTINUE WITH CONTENT
"Besok, Maskapai Siap Lepas Landas dari Bandara Kertajati","Kamis, 07 Jun 2018 18:28 WIB",https://www.cnnindonesia.com/ekonomi/20180607131913-92-304336/besok-maskapai-siap-lepas-landas-dari-bandara-kertajati,ADVERTISEMENT SCROLL TO CONTINUE WITH CONTENT
Berkas Perkara Pemuda Pengancam Jokowi Dinyatakan Lengkap,"Kamis, 07 Jun 2018 17:35 WIB",https://www.cnnindonesia.com/nasional/20180607172016-12-304370/berkas-perkara-pemuda-pengancam-jokowi-dinyatakan-lengkap,ADVERTISEMENT SCROLL TO CONTINUE WITH CONTENT
"SBY: Ada Pemilu Atau Tidak, Beri Bantuan Secara Ikhlas","Kamis, 07 Jun 2018 15:37 WIB",https://www.cnnindonesia.com/nasional/20180607122713-32-304233/sby-ada-pemilu-atau-tidak-beri-bantuan-secara-ikhlas,ADVERTISEMENT SCROLL TO CONTINUE WITH CONTENT
OJK: Jokowi Minta Bunga Kredit untuk Nelayan Rendah,"Kamis, 07 Jun 2018 14:51 WIB",https://www.cnnindonesia.com/ekonomi/20180607103331-78-304201/ojk-jokowi-minta-bunga-kredit-untuk-nelayan-rendah,ADVERTISEMENT SCROLL TO CONTINUE WITH CONTENT
Fadli Zon Sebut Utang BUMN Karya era Jokowi Bahaya,"Kamis, 07 Jun 2018 14:04 WIB",https://www.cnnindonesia.com/ekonomi/20180607133508-532-304262/fadli-zon-sebut-utang-bumn-karya-era-jokowi-bahaya,ADVERTISEMENT SCROLL TO CONTINUE WITH CONTENT
TNI Sebut Tunjangan Bukan Satu-satunya Faktor Kesejahteraan,"Kamis, 07 Jun 2018 13:15 WIB",https://www.cnnindonesia.com/nasional/20180607090110-20-304171/tni-sebut-tunjangan-bukan-satu-satunya-faktor-kesejahteraan,ADVERTISEMENT SCROLL TO CONTINUE WITH CONTENT
KPK Berencana Temui Jokowi Bahas RKUHP,"Kamis, 07 Jun 2018 12:52 WIB",https://www.cnnindonesia.com/nasional/20180607124335-12-304236/kpk-berencana-temui-jokowi-bahas-rkuhp,ADVERTISEMENT SCROLL TO CONTINUE WITH CONTENT
Komnas HAM Desak Jaksa Agung Bentuk Tim Penyidikan Kasus HAM,"Kamis, 07 Jun 2018 10:56 WIB",https://www.cnnindonesia.com/nasional/20180607080944-12-304165/komnas-ham-desak-jaksa-agung-bentuk-tim-penyidikan-kasus-ham,ADVERTISEMENT SCROLL TO CONTINUE WITH CONTENT
Eks Pimpinan KPK Minta Jokowi Revisi Delik Korupsi di RKUHP,"Kamis, 07 Jun 2018 10:02 WIB",https://www.cnnindonesia.com/nasional/20180607093806-12-304188/eks-pimpinan-kpk-minta-jokowi-revisi-delik-korupsi-di-rkuhp,ADVERTISEMENT SCROLL TO CONTINUE WITH CONTENT
Charta Politika: Pilihan Cawapres Bukan Hal Utama Buat Jokowi,"Kamis, 07 Jun 2018 09:04 WIB",https://www.cnnindonesia.com/nasional/20180607072240-32-304157/charta-politika-pilihan-cawapres-bukan-hal-utama-buat-jokowi,ADVERTISEMENT SCROLL TO CONTINUE WITH CONTENT
Ngabalin: Jokowi Siapkan Waktu Berjumpa Amien Rais,"Kamis, 07 Jun 2018 08:45 WIB",https://www.cnnindonesia.com/nasional/20180607075738-32-304162/ngabalin-jokowi-siapkan-waktu-berjumpa-amien-rais,ADVERTISEMENT SCROLL TO CONTINUE WITH CONTENT
Pemerintah Sebut Ancaman Pidana Korupsi di RKUHP Proporsional,"Kamis, 07 Jun 2018 07:29 WIB",https://www.cnnindonesia.com/nasional/20180606210810-32-304112/pemerintah-sebut-ancaman-pidana-korupsi-di-rkuhp-proporsional,ADVERTISEMENT SCROLL TO CONTINUE WITH CONTENT
Neno: #2019GantiPresiden Jangan Dianggap Momok Menakutkan,"Kamis, 07 Jun 2018 02:25 WIB",https://www.cnnindonesia.com/nasional/20180607022012-20-304136/neno-2019gantipresiden-jangan-dianggap-momok-menakutkan,ADVERTISEMENT SCROLL TO CONTINUE WITH CONTENT
GP Ansor Nilai Cawapres Agamis Bisa Imbangi Jokowi,"Kamis, 07 Jun 2018 01:46 WIB",https://www.cnnindonesia.com/nasional/20180606073133-32-303851/gp-ansor-nilai-cawapres-agamis-bisa-imbangi-jokowi,ADVERTISEMENT SCROLL TO CONTINUE WITH CONTENT
Ali Ngabalin Ingatkan Rizieq Shihab Jika Jokowi Juga Umat,"Rabu, 06 Jun 2018 23:55 WIB",https://www.cnnindonesia.com/nasional/20180606205634-32-304109/ali-ngabalin-ingatkan-rizieq-shihab-jika-jokowi-juga-umat,ADVERTISEMENT SCROLL TO CONTINUE WITH CONTENT
Sandiaga Ogah Turuti MUI Ungkap 40 Masjid Radikal ke Publik,"Rabu, 06 Jun 2018 21:55 WIB",https://www.cnnindonesia.com/nasional/20180606211740-20-304116/sandiaga-ogah-turuti-mui-ungkap-40-masjid-radikal-ke-publik,ADVERTISEMENT SCROLL TO CONTINUE WITH CONTENT
Survei Charta Politika: Jokowi Kuasai Jawa Kecuali Banten,"Rabu, 06 Jun 2018 21:00 WIB",https://www.cnnindonesia.com/nasional/20180606204509-32-304105/survei-charta-politika-jokowi-kuasai-jawa-kecuali-banten,ADVERTISEMENT SCROLL TO CONTINUE WITH CONTENT
Politikus PAN Puji Jokowi di Depan Ngabalin,"Rabu, 06 Jun 2018 18:40 WIB",https://www.cnnindonesia.com/nasional/20180606182624-32-304078/politikus-pan-puji-jokowi-di-depan-ngabalin,ADVERTISEMENT SCROLL TO CONTINUE WITH CONTENT
"Moeldoko Soal Lagu Ganti Presiden: Sabar, 2019 Masih Lama","Rabu, 06 Jun 2018 17:55 WIB",https://www.cnnindonesia.com/nasional/20180606163902-32-304066/moeldoko-soal-lagu-ganti-presiden-sabar-2019-masih-lama,ADVERTISEMENT SCROLL TO CONTINUE WITH CONTENT
Istana Usul Tambah Anggaran Rp966 M untuk Stafsus dan BPIP,"Rabu, 06 Jun 2018 16:53 WIB",https://www.cnnindonesia.com/nasional/20180606151622-20-304053/istana-usul-tambah-anggaran-rp966-m-untuk-stafsus-dan-bpip,ADVERTISEMENT SCROLL TO CONTINUE WITH CONTENT
"Tunjangan Polisi Naik 70 Persen, Kinerja Aparat Dibenahi","Rabu, 06 Jun 2018 16:39 WIB",https://www.cnnindonesia.com/nasional/20180606143422-12-303983/tunjangan-polisi-naik-70-persen-kinerja-aparat-dibenahi,ADVERTISEMENT SCROLL TO CONTINUE WITH CONTENT
PDIP Anggap Aksi #2019GantiPresiden Hanya Lucu-lucuan,"Rabu, 06 Jun 2018 14:50 WIB",https://www.cnnindonesia.com/nasional/20180606134624-32-303952/pdip-anggap-aksi-2019gantipresiden-hanya-lucu-lucuan,ADVERTISEMENT SCROLL TO CONTINUE WITH CONTENT
Istana: Jokowi Sudah Punya Sosok Cawapres,"Rabu, 06 Jun 2018 14:36 WIB",https://www.cnnindonesia.com/nasional/20180606134738-32-303956/istana-jokowi-sudah-punya-sosok-cawapres,ADVERTISEMENT SCROLL TO CONTINUE WITH CONTENT
MUI Anggap Pernyataan Sandi soal Masjid Radikal Meresahkan,"Rabu, 06 Jun 2018 13:41 WIB",https://www.cnnindonesia.com/nasional/20180606132646-20-303943/mui-anggap-pernyataan-sandi-soal-masjid-radikal-meresahkan,ADVERTISEMENT SCROLL TO CONTINUE WITH CONTENT
Sandiaga Sebut Dakwah Radikalisme Ada di 40 Masjid Jakarta,"Rabu, 06 Jun 2018 13:34 WIB",https://www.cnnindonesia.com/nasional/20180606130615-20-303944/sandiaga-sebut-dakwah-radikalisme-ada-di-40-masjid-jakarta,ADVERTISEMENT SCROLL TO CONTINUE WITH CONTENT
PPP Sebut Jokowi Percepat Seleksi Cawapres Usai Lebaran,"Rabu, 06 Jun 2018 10:15 WIB",https://www.cnnindonesia.com/nasional/20180606075858-32-303857/ppp-sebut-jokowi-percepat-seleksi-cawapres-usai-lebaran,ADVERTISEMENT SCROLL TO CONTINUE WITH CONTENT
"Ansor Nilai Jokowi Tak Usah Temui Amien Rais, Cukup Ditelepon","Rabu, 06 Jun 2018 08:06 WIB",https://www.cnnindonesia.com/nasional/20180606073527-32-303853/ansor-nilai-jokowi-tak-usah-temui-amien-rais-cukup-ditelepon,ADVERTISEMENT SCROLL TO CONTINUE WITH CONTENT
Jokowi Naikkan Tukin TNI-Polri 70 Persen Bulan Depan,"Rabu, 06 Jun 2018 06:07 WIB",https://www.cnnindonesia.com/nasional/20180606054434-20-303843/jokowi-naikkan-tukin-tni-polri-70-persen-bulan-depan,ADVERTISEMENT SCROLL TO CONTINUE WITH CONTENT
Jaksa Agung Tunggu Perintah Jokowi Tuntaskan Kasus HAM,"Rabu, 06 Jun 2018 05:35 WIB",https://www.cnnindonesia.com/nasional/20180606021858-12-303826/jaksa-agung-tunggu-perintah-jokowi-tuntaskan-kasus-ham,ADVERTISEMENT SCROLL TO CONTINUE WITH CONTENT
Golkar Tak Khawatir dengan Koalisi Umat Usulan Rizieq Shihab,"Rabu, 06 Jun 2018 00:57 WIB",https://www.cnnindonesia.com/nasional/20180605210659-32-303799/golkar-tak-khawatir-dengan-koalisi-umat-usulan-rizieq-shihab,ADVERTISEMENT SCROLL TO CONTINUE WITH CONTENT
"Jokowi Naikkan Tunjangan Babinsa, Bantah Tudingan Politis","Selasa, 05 Jun 2018 23:21 WIB",https://www.cnnindonesia.com/nasional/20180605212830-20-303803/jokowi-naikkan-tunjangan-babinsa-bantah-tudingan-politis,ADVERTISEMENT SCROLL TO CONTINUE WITH CONTENT
"Ditahan KPK, Bupati Purbalingga Acungkan Salam Metal PDIP","Selasa, 05 Jun 2018 22:53 WIB",https://www.cnnindonesia.com/nasional/20180605224719-20-303813/ditahan-kpk-bupati-purbalingga-acungkan-salam-metal-pdip,ADVERTISEMENT SCROLL TO CONTINUE WITH CONTENT
"RKUHP Jadi Polemik, Jokowi Tak Ingin Lemahkan KPK","Selasa, 05 Jun 2018 21:59 WIB",https://www.cnnindonesia.com/nasional/20180605200455-12-303774/rkuhp-jadi-polemik-jokowi-tak-ingin-lemahkan-kpk,ADVERTISEMENT SCROLL TO CONTINUE WITH CONTENT
Ketum PPP Yakin Koalisi Usulan Rizieq Tidak Akan Terjadi,"Selasa, 05 Jun 2018 20:49 WIB",https://www.cnnindonesia.com/nasional/20180605194625-32-303773/ketum-ppp-yakin-koalisi-usulan-rizieq-tidak-akan-terjadi,ADVERTISEMENT SCROLL TO CONTINUE WITH CONTENT
TNI-Polri Terjunkan Pasukan Gabungan Amankan Mudik dari Teror,"Selasa, 05 Jun 2018 20:07 WIB",https://www.cnnindonesia.com/nasional/20180605195130-20-303771/tni-polri-terjunkan-pasukan-gabungan-amankan-mudik-dari-teror,ADVERTISEMENT SCROLL TO CONTINUE WITH CONTENT
Jokowi: Indonesia Tenang Kalau TNI-Polri Solid,"Selasa, 05 Jun 2018 19:41 WIB",https://www.cnnindonesia.com/nasional/20180605193229-20-303765/jokowi-indonesia-tenang-kalau-tni-polri-solid,ADVERTISEMENT SCROLL TO CONTINUE WITH CONTENT
Presiden Jokowi Minta Bantuan Ciptakan Demam Asian Games,"Selasa, 05 Jun 2018 15:47 WIB",https://www.cnnindonesia.com/olahraga/20180605150758-178-303629/presiden-jokowi-minta-bantuan-ciptakan-demam-asian-games,ADVERTISEMENT SCROLL TO CONTINUE WITH CONTENT
Jokowi Teken Aturan PNS Cuti Bersama Delapan Hari,"Selasa, 05 Jun 2018 13:29 WIB",https://www.cnnindonesia.com/ekonomi/20180605130735-532-303589/jokowi-teken-aturan-pns-cuti-bersama-delapan-hari,ADVERTISEMENT SCROLL TO CONTINUE WITH CONTENT
Manuver Amien Rais Dekati Rizieq dan Bumerang untuk PAN,"Selasa, 05 Jun 2018 13:13 WIB",https://www.cnnindonesia.com/nasional/20180605115858-32-303585/manuver-amien-rais-dekati-rizieq-dan-bumerang-untuk-pan,ADVERTISEMENT SCROLL TO CONTINUE WITH CONTENT
Jokowi Ingin UIII Jadi Pusat Kajian Peradaban Islam Dunia,"Selasa, 05 Jun 2018 10:48 WIB",https://www.cnnindonesia.com/nasional/20180605102738-20-303532/jokowi-ingin-uiii-jadi-pusat-kajian-peradaban-islam-dunia,ADVERTISEMENT SCROLL TO CONTINUE WITH CONTENT
Rizieq Disebut Berpengaruh tapi Tak Ubah Peta Pilpres,"Selasa, 05 Jun 2018 08:24 WIB",https://www.cnnindonesia.com/nasional/20180605074020-32-303498/rizieq-disebut-berpengaruh-tapi-tak-ubah-peta-pilpres,ADVERTISEMENT SCROLL TO CONTINUE WITH CONTENT
Putri Soeharto: Siapapun Presidennya Saat Ini Harus Didukung,"Selasa, 05 Jun 2018 08:06 WIB",https://www.cnnindonesia.com/nasional/20180605062302-32-303475/putri-soeharto-siapapun-presidennya-saat-ini-harus-didukung,ADVERTISEMENT SCROLL TO CONTINUE WITH CONTENT
Jokowi Yakin Alquran dan Iptek Naikkan Derajat Bangsa,"Selasa, 05 Jun 2018 02:24 WIB",https://www.cnnindonesia.com/nasional/20180604224119-32-303451/jokowi-yakin-alquran-dan-iptek-naikkan-derajat-bangsa,ADVERTISEMENT SCROLL TO CONTINUE WITH CONTENT
KPK Peringatkan Pejabat Negara Tak Minta THR ke Pengusaha,"Senin, 04 Jun 2018 20:49 WIB",https://www.cnnindonesia.com/nasional/20180604201516-12-303422/kpk-peringatkan-pejabat-negara-tak-minta-thr-ke-pengusaha,ADVERTISEMENT SCROLL TO CONTINUE WITH CONTENT
"Korupsi Masuk RKUHP, Menkumham Jamin KPK Tetap Lex Specialis","Senin, 04 Jun 2018 20:02 WIB",https://www.cnnindonesia.com/nasional/20180604195411-12-303415/korupsi-masuk-rkuhp-menkumham-jamin-kpk-tetap-lex-specialis,ADVERTISEMENT SCROLL TO CONTINUE WITH CONTENT
Amien Rais Enggan Temui Jokowi di Istana Demi Hindari Suuzan,"Senin, 04 Jun 2018 17:40 WIB",https://www.cnnindonesia.com/nasional/20180604172636-32-303377/amien-rais-enggan-temui-jokowi-di-istana-demi-hindari-suuzan,ADVERTISEMENT SCROLL TO CONTINUE WITH CONTENT
"Jokowi Bagi-bagi Sembako, Fadli Zon Ibaratkan Tugas Ketua RT","Senin, 04 Jun 2018 16:48 WIB",https://www.cnnindonesia.com/nasional/20180604142032-32-303345/jokowi-bagi-bagi-sembako-fadli-zon-ibaratkan-tugas-ketua-rt,ADVERTISEMENT SCROLL TO CONTINUE WITH CONTENT
"Foto Rizieq Hilang, Jokowi Dituding Halalkan Segala Cara","Senin, 04 Jun 2018 16:29 WIB",https://www.cnnindonesia.com/nasional/20180604155342-32-303351/foto-rizieq-hilang-jokowi-dituding-halalkan-segala-cara,ADVERTISEMENT SCROLL TO CONTINUE WITH CONTENT
"Jengkel dengan BKPM, Darmin Ambil Alih Pelaksanaan OSS","Senin, 04 Jun 2018 15:45 WIB",https://www.cnnindonesia.com/ekonomi/20180604145624-532-303323/jengkel-dengan-bkpm-darmin-ambil-alih-pelaksanaan-oss,ADVERTISEMENT SCROLL TO CONTINUE WITH CONTENT
"Instagram Hapus Foto Rizieq, PA 212 Salahkan Pemerintah","Senin, 04 Jun 2018 15:04 WIB",https://www.cnnindonesia.com/nasional/20180604140752-20-303301/instagram-hapus-foto-rizieq-pa-212-salahkan-pemerintah,ADVERTISEMENT SCROLL TO CONTINUE WITH CONTENT
Jokowi Targetkan Laporan Keuangan K/L Dapat Opini Wajar BPK,"Senin, 04 Jun 2018 11:43 WIB",https://www.cnnindonesia.com/ekonomi/20180604111118-532-303198/jokowi-targetkan-laporan-keuangan-k-l-dapat-opini-wajar-bpk,ADVERTISEMENT SCROLL TO CONTINUE WITH CONTENT
Dua WNI asal NTB Lolos dari Hukuman Mati di Saudi,"Senin, 04 Jun 2018 10:43 WIB",https://www.cnnindonesia.com/internasional/20180604103545-120-303188/dua-wni-asal-ntb-lolos-dari-hukuman-mati-di-saudi,ADVERTISEMENT SCROLL TO CONTINUE WITH CONTENT
"RKUHP Akan Disahkan, Ribuan Warganet Petisi #KPKdalamBahaya","Senin, 04 Jun 2018 09:48 WIB",https://www.cnnindonesia.com/nasional/20180604091121-12-303175/rkuhp-akan-disahkan-ribuan-warganet-petisi-kpkdalambahaya,ADVERTISEMENT SCROLL TO CONTINUE WITH CONTENT
Lapas Teroris Nusakambangan Ditargetkan Rampung Akhir Tahun,"Senin, 04 Jun 2018 05:41 WIB",https://www.cnnindonesia.com/nasional/20180604053706-20-303142/lapas-teroris-nusakambangan-ditargetkan-rampung-akhir-tahun,ADVERTISEMENT SCROLL TO CONTINUE WITH CONTENT
KPK Tetap Menolak Korupsi Masuk RKUHP,"Minggu, 03 Jun 2018 19:35 WIB",https://www.cnnindonesia.com/nasional/20180603154935-12-303081/kpk-tetap-menolak-korupsi-masuk-rkuhp,ADVERTISEMENT SCROLL TO CONTINUE WITH CONTENT
Romi Bantah Kabar Kesepakatan Koalisi Soal Cawapres Jokowi,"Minggu, 03 Jun 2018 03:36 WIB",https://www.cnnindonesia.com/nasional/20180603030555-32-302990/romi-bantah-kabar-kesepakatan-koalisi-soal-cawapres-jokowi,ADVERTISEMENT SCROLL TO CONTINUE WITH CONTENT
Romi Sebut Rencana Pertemuan Jokowi-Amien Rais Sudah Setahun,"Minggu, 03 Jun 2018 02:12 WIB",https://www.cnnindonesia.com/nasional/20180603020629-32-302986/romi-sebut-rencana-pertemuan-jokowi-amien-rais-sudah-setahun,ADVERTISEMENT SCROLL TO CONTINUE WITH CONTENT
JK: Presiden Tak Berwenang Tanggapi Keberatan RKUHP dari KPK,"Minggu, 03 Jun 2018 02:02 WIB",https://www.cnnindonesia.com/nasional/20180603015736-32-302985/jk-presiden-tak-berwenang-tanggapi-keberatan-rkuhp-dari-kpk,ADVERTISEMENT SCROLL TO CONTINUE WITH CONTENT
Gerindra: Prabowo ke Mekkah Bukan Umrah Politik,"Sabtu, 02 Jun 2018 15:20 WIB",https://www.cnnindonesia.com/nasional/20180602150220-32-302897/gerindra-prabowo-ke-mekkah-bukan-umrah-politik,ADVERTISEMENT SCROLL TO CONTINUE WITH CONTENT
"'Ngebet' Cawapres Jokowi, Golkar Siapkan Strategi","Jumat, 01 Jun 2018 21:16 WIB",https://www.cnnindonesia.com/nasional/20180601210222-32-302809/ngebet-cawapres-jokowi-golkar-siapkan-strategi,ADVERTISEMENT SCROLL TO CONTINUE WITH CONTENT
"Jokowi Temui Aktivis Kamisan, Ngabalin Bantah Buat Pencitraan","Jumat, 01 Jun 2018 20:16 WIB",https://www.cnnindonesia.com/nasional/20180601201128-32-302805/jokowi-temui-aktivis-kamisan-ngabalin-bantah-buat-pencitraan,ADVERTISEMENT SCROLL TO CONTINUE WITH CONTENT
Eks Koruptor 'Haram' Nyaleg dan Inkonsistensi Jokowi,"Jumat, 01 Jun 2018 19:29 WIB",https://www.cnnindonesia.com/nasional/20180531140723-32-302495/eks-koruptor-haram-nyaleg-dan-inkonsistensi-jokowi,ADVERTISEMENT SCROLL TO CONTINUE WITH CONTENT
Golkar Nilai Pertemuan Jokowi-Amien Bisa Redam Tensi Politik,"Jumat, 01 Jun 2018 19:06 WIB",https://www.cnnindonesia.com/nasional/20180601183201-32-302794/golkar-nilai-pertemuan-jokowi-amien-bisa-redam-tensi-politik,ADVERTISEMENT SCROLL TO CONTINUE WITH CONTENT
Menteri BUMN Jamin Kesiapan BBM di Jawa Tengah saat Lebaran,"Jumat, 01 Jun 2018 18:55 WIB",https://www.cnnindonesia.com/ekonomi/20180601183523-85-302797/menteri-bumn-jamin-kesiapan-bbm-di-jawa-tengah-saat-lebaran,ADVERTISEMENT SCROLL TO CONTINUE WITH CONTENT
"Bertemu Aktivis, Jokowi Dapat Surat Pengakuan Pelanggaran HAM","Jumat, 01 Jun 2018 15:46 WIB",https://www.cnnindonesia.com/nasional/20180601151713-20-302765/bertemu-aktivis-jokowi-dapat-surat-pengakuan-pelanggaran-ham,ADVERTISEMENT SCROLL TO CONTINUE WITH CONTENT
Respons Sri Mulyani Soal Cicilan Utang Lapindo di Era Jokowi,"Jumat, 01 Jun 2018 11:16 WIB",https://www.cnnindonesia.com/ekonomi/20180601104622-532-302727/respons-sri-mulyani-soal-cicilan-utang-lapindo-di-era-jokowi,ADVERTISEMENT SCROLL TO CONTINUE WITH CONTENT
Jokowi Ingin Negeri 'Baldatun Thoyyibatun Wa Rabbun Ghafur',"Jumat, 01 Jun 2018 08:14 WIB",https://www.cnnindonesia.com/nasional/20180601073751-20-302701/jokowi-ingin-negeri-baldatun-thoyyibatun-wa-rabbun-ghafur,ADVERTISEMENT SCROLL TO CONTINUE WITH CONTENT
Fahri Hamzah Sebut Tak Perlu Tanggapi Keberatan KPK di RKUHP,"Jumat, 01 Jun 2018 05:15 WIB",https://www.cnnindonesia.com/nasional/20180601025217-32-302695/fahri-hamzah-sebut-tak-perlu-tanggapi-keberatan-kpk-di-rkuhp,ADVERTISEMENT SCROLL TO CONTINUE WITH CONTENT
Gerindra Sebut Belum Ada Koalisi dengan PAN dan PKS,"Jumat, 01 Jun 2018 02:22 WIB",https://www.cnnindonesia.com/nasional/20180601010730-32-302691/gerindra-sebut-belum-ada-koalisi-dengan-pan-dan-pks,ADVERTISEMENT SCROLL TO CONTINUE WITH CONTENT
Zulkifli Hasan: Jokowi Hampir Bertemu Amien Rais 3 Bulan Lalu,"Kamis, 31 Mei 2018 21:14 WIB",https://www.cnnindonesia.com/nasional/20180531203405-32-302669/zulkifli-hasan-jokowi-hampir-bertemu-amien-rais-3-bulan-lalu,ADVERTISEMENT SCROLL TO CONTINUE WITH CONTENT
Jokowi Bertemu Pakar Politik Bahas Hoaks Hingga Parpol,"Kamis, 31 Mei 2018 20:54 WIB",https://www.cnnindonesia.com/nasional/20180531195744-32-302652/jokowi-bertemu-pakar-politik-bahas-hoaks-hingga-parpol,ADVERTISEMENT SCROLL TO CONTINUE WITH CONTENT
Cerita Megawati Sesak Napas karena Dirundung di Medsos,"Kamis, 31 Mei 2018 20:48 WIB",https://www.cnnindonesia.com/nasional/20180531192008-20-302643/cerita-megawati-sesak-napas-karena-dirundung-di-medsos,ADVERTISEMENT SCROLL TO CONTINUE WITH CONTENT
Canda OSO soal Duet Zulhas-Rizieq saat Buka Bersama Jokowi,"Kamis, 31 Mei 2018 20:37 WIB",https://www.cnnindonesia.com/nasional/20180531200223-32-302653/canda-oso-soal-duet-zulhas-rizieq-saat-buka-bersama-jokowi,ADVERTISEMENT SCROLL TO CONTINUE WITH CONTENT
Jokowi soal Pertemuan dengan Amien: Nanti Kita Atur Waktu,"Kamis, 31 Mei 2018 20:20 WIB",https://www.cnnindonesia.com/nasional/20180531193855-32-302644/jokowi-soal-pertemuan-dengan-amien-nanti-kita-atur-waktu,ADVERTISEMENT SCROLL TO CONTINUE WITH CONTENT
Istana: Belum Ada Jadwal Pertemuan Jokowi-Amien Rais,"Kamis, 31 Mei 2018 18:41 WIB",https://www.cnnindonesia.com/nasional/20180531182820-32-302622/istana-belum-ada-jadwal-pertemuan-jokowi-amien-rais,ADVERTISEMENT SCROLL TO CONTINUE WITH CONTENT
"Terima Peserta Kamisan, Jokowi Disebut Lebih Banyak Mendengar","Kamis, 31 Mei 2018 18:12 WIB",https://www.cnnindonesia.com/nasional/20180531174312-32-302615/terima-peserta-kamisan-jokowi-disebut-lebih-banyak-mendengar,ADVERTISEMENT SCROLL TO CONTINUE WITH CONTENT
Jokowi Tunjuk Moeldoko Jadi Perantara Massa Aksi Kamisan,"Kamis, 31 Mei 2018 17:54 WIB",https://www.cnnindonesia.com/nasional/20180531170502-20-302609/jokowi-tunjuk-moeldoko-jadi-perantara-massa-aksi-kamisan,ADVERTISEMENT SCROLL TO CONTINUE WITH CONTENT
Megawati soal Gaji BPIP: Saya Sering 'Dimeriahkan' di Medsos,"Kamis, 31 Mei 2018 16:39 WIB",https://www.cnnindonesia.com/nasional/20180531162042-32-302575/megawati-soal-gaji-bpip-saya-sering-dimeriahkan-di-medsos,ADVERTISEMENT SCROLL TO CONTINUE WITH CONTENT
Jokowi Tak Ingin Pesta Demokrasi Menjadi Peretak Persatuan,"Kamis, 31 Mei 2018 16:32 WIB",https://www.cnnindonesia.com/nasional/20180531162457-32-302572/jokowi-tak-ingin-pesta-demokrasi-menjadi-peretak-persatuan,ADVERTISEMENT SCROLL TO CONTINUE WITH CONTENT
Pertemuan Jokowi dan Peserta Aksi Kamisan Digelar Tertutup,"Kamis, 31 Mei 2018 15:48 WIB",https://www.cnnindonesia.com/nasional/20180531153159-20-302548/pertemuan-jokowi-dan-peserta-aksi-kamisan-digelar-tertutup,ADVERTISEMENT SCROLL TO CONTINUE WITH CONTENT
Jokowi Temui Peserta Aksi Kamisan,"Kamis, 31 Mei 2018 15:18 WIB",https://www.cnnindonesia.com/nasional/20180531150840-20-302536/jokowi-temui-peserta-aksi-kamisan,ADVERTISEMENT SCROLL TO CONTINUE WITH CONTENT
Mahfud Nilai Gaji BPIP Dipolitisasi untuk Hantam Megawati,"Kamis, 31 Mei 2018 14:53 WIB",https://www.cnnindonesia.com/nasional/20180531140936-32-302501/mahfud-nilai-gaji-bpip-dipolitisasi-untuk-hantam-megawati,ADVERTISEMENT SCROLL TO CONTINUE WITH CONTENT
"Gus Yahya, Putra Pendiri PKB di Kursi Wantimpres Jokowi","Kamis, 31 Mei 2018 14:49 WIB",https://www.cnnindonesia.com/nasional/20180531124413-20-302472/gus-yahya-putra-pendiri-pkb-di-kursi-wantimpres-jokowi,ADVERTISEMENT SCROLL TO CONTINUE WITH CONTENT
Mahfud MD Sebut Jokowi Merasa Bersalah soal Gaji BPIP,"Kamis, 31 Mei 2018 14:35 WIB",https://www.cnnindonesia.com/nasional/20180531131313-32-302481/mahfud-md-sebut-jokowi-merasa-bersalah-soal-gaji-bpip,ADVERTISEMENT SCROLL TO CONTINUE WITH CONTENT
Jokowi Resmi Lantik Eks Jubir Gus Dur Jadi Wantimpres,"Kamis, 31 Mei 2018 14:04 WIB",https://www.cnnindonesia.com/nasional/20180531135857-20-302488/jokowi-resmi-lantik-eks-jubir-gus-dur-jadi-wantimpres,ADVERTISEMENT SCROLL TO CONTINUE WITH CONTENT
Jokowi Sedih Masih Diisukan Terkait PKI,"Kamis, 31 Mei 2018 12:54 WIB",https://www.cnnindonesia.com/nasional/20180531124347-20-302469/jokowi-sedih-masih-diisukan-terkait-pki,ADVERTISEMENT SCROLL TO CONTINUE WITH CONTENT
PAN Sarankan Jokowi Sambangi Amien Rais Karena Lebih Senior,"Kamis, 31 Mei 2018 12:47 WIB",https://www.cnnindonesia.com/nasional/20180531120533-32-302458/pan-sarankan-jokowi-sambangi-amien-rais-karena-lebih-senior,ADVERTISEMENT SCROLL TO CONTINUE WITH CONTENT
Guru Honorer di DKI Jakarta Dipastikan Dapat THR,"Kamis, 31 Mei 2018 12:31 WIB",https://www.cnnindonesia.com/nasional/20180531115717-20-302459/guru-honorer-di-dki-jakarta-dipastikan-dapat-thr,ADVERTISEMENT SCROLL TO CONTINUE WITH CONTENT
Jokowi Lantik Yahya Cholil Staquf Sebagai Watimpres Hari Ini,"Kamis, 31 Mei 2018 12:20 WIB",https://www.cnnindonesia.com/nasional/20180531120304-20-302460/jokowi-lantik-yahya-cholil-staquf-sebagai-watimpres-hari-ini,ADVERTISEMENT SCROLL TO CONTINUE WITH CONTENT
Jokowi Melayat Almarhum Dawam Rahardjo,"Kamis, 31 Mei 2018 11:54 WIB",https://www.cnnindonesia.com/nasional/20180531114214-20-302453/jokowi-melayat-almarhum-dawam-rahardjo,ADVERTISEMENT SCROLL TO CONTINUE WITH CONTENT
Sekjen Demokrat Pertanyakan Tujuan Prabowo Temui SBY,"Kamis, 31 Mei 2018 11:30 WIB",https://www.cnnindonesia.com/nasional/20180531104009-32-302436/sekjen-demokrat-pertanyakan-tujuan-prabowo-temui-sby,ADVERTISEMENT SCROLL TO CONTINUE WITH CONTENT
"Amien Rais Enggan ke Istana, PDIP Ungkit Pertemuan dengan SBY","Kamis, 31 Mei 2018 11:08 WIB",https://www.cnnindonesia.com/nasional/20180531103532-32-302437/amien-rais-enggan-ke-istana-pdip-ungkit-pertemuan-dengan-sby,ADVERTISEMENT SCROLL TO CONTINUE WITH CONTENT
Mendagri Singgung Etika Sandi Karena Samakan Jokowi dan Najib,"Kamis, 31 Mei 2018 07:47 WIB",https://www.cnnindonesia.com/nasional/20180530221039-32-302376/mendagri-singgung-etika-sandi-karena-samakan-jokowi-dan-najib,ADVERTISEMENT SCROLL TO CONTINUE WITH CONTENT
'Kemenkumham Tak Bisa Tolak Larangan Eks Koruptor Jadi Caleg',"Kamis, 31 Mei 2018 07:22 WIB",https://www.cnnindonesia.com/nasional/20180530205002-32-302369/kemenkumham-tak-bisa-tolak-larangan-eks-koruptor-jadi-caleg,ADVERTISEMENT SCROLL TO CONTINUE WITH CONTENT
Aburizal Bakrie Tak Ajak PAN Bergabung Koalisi Jokowi,"Kamis, 31 Mei 2018 05:05 WIB",https://www.cnnindonesia.com/nasional/20180530174503-32-302317/aburizal-bakrie-tak-ajak-pan-bergabung-koalisi-jokowi,ADVERTISEMENT SCROLL TO CONTINUE WITH CONTENT
Jokowi Bakal Temui Keluarga Korban Pelanggaran HAM Hari Ini,"Kamis, 31 Mei 2018 03:59 WIB",https://www.cnnindonesia.com/nasional/20180531035102-20-302385/jokowi-bakal-temui-keluarga-korban-pelanggaran-ham-hari-ini,ADVERTISEMENT SCROLL TO CONTINUE WITH CONTENT
Aroma Politik di Acara Buka Bersama Zulkifli Hasan,"Kamis, 31 Mei 2018 02:36 WIB",https://www.cnnindonesia.com/nasional/20180531022320-32-302383/aroma-politik-di-acara-buka-bersama-zulkifli-hasan,ADVERTISEMENT SCROLL TO CONTINUE WITH CONTENT
"Soal Utang, JK Tak Ingin Tiru Malaysia Potong Gaji Menteri","Kamis, 31 Mei 2018 01:06 WIB",https://www.cnnindonesia.com/nasional/20180530201614-20-302356/soal-utang-jk-tak-ingin-tiru-malaysia-potong-gaji-menteri,ADVERTISEMENT SCROLL TO CONTINUE WITH CONTENT
Kader PDIP Protes Berita soal Gaji Megawati Rp112 Juta,"Rabu, 30 Mei 2018 21:00 WIB",https://www.cnnindonesia.com/nasional/20180530204045-20-302357/kader-pdip-protes-berita-soal-gaji-megawati-rp112-juta,ADVERTISEMENT SCROLL TO CONTINUE WITH CONTENT
Ngabalin Minta PA 212 dan Amien Rais Tak Kebelet Memimpin,"Rabu, 30 Mei 2018 20:49 WIB",https://www.cnnindonesia.com/nasional/20180530203412-32-302359/ngabalin-minta-pa-212-dan-amien-rais-tak-kebelet-memimpin,ADVERTISEMENT SCROLL TO CONTINUE WITH CONTENT
"Beda dengan Jokowi, JK Dukung KPU Larang Eks Koruptor Nyaleg","Rabu, 30 Mei 2018 20:25 WIB",https://www.cnnindonesia.com/nasional/20180530153357-32-302279/beda-dengan-jokowi-jk-dukung-kpu-larang-eks-koruptor-nyaleg,ADVERTISEMENT SCROLL TO CONTINUE WITH CONTENT
Polisi Limpahkan Berkas Pemuda Pengancam Jokowi ke Kejaksaan,"Rabu, 30 Mei 2018 19:16 WIB",https://www.cnnindonesia.com/nasional/20180530152501-12-302271/polisi-limpahkan-berkas-pemuda-pengancam-jokowi-ke-kejaksaan,ADVERTISEMENT SCROLL TO CONTINUE WITH CONTENT
"Enggan ke Istana, Amien Rais Persilakan Jokowi ke Rumahnya","Rabu, 30 Mei 2018 18:49 WIB",https://www.cnnindonesia.com/nasional/20180530183824-32-302328/enggan-ke-istana-amien-rais-persilakan-jokowi-ke-rumahnya,ADVERTISEMENT SCROLL TO CONTINUE WITH CONTENT
Kelakar Kaesang Pakai Nama Jokowi Saat 'Menghadapi' Pejabat,Tanggal tidak ditemukan,https://www.cnnindonesia.com/hiburan/20180530173442-234-302313/kelakar-kaesang-pakai-nama-jokowi-saat-menghadapi-pejabat,ADVERTISEMENT SCROLL TO CONTINUE WITH CONTENT
Menteri Desa Klaim Nominal Dana Desa akan Meningkat Lagi 2019,"Rabu, 30 Mei 2018 17:12 WIB",https://www.cnnindonesia.com/ekonomi/20180530161713-532-302299/menteri-desa-klaim-nominal-dana-desa-akan-meningkat-lagi-2019,ADVERTISEMENT SCROLL TO CONTINUE WITH CONTENT
"Temui Jokowi, PM India Serukan Kerja Sama Lawan Terorisme","Rabu, 30 Mei 2018 16:56 WIB",https://www.cnnindonesia.com/internasional/20180530164223-106-302307/temui-jokowi-pm-india-serukan-kerja-sama-lawan-terorisme,ADVERTISEMENT SCROLL TO CONTINUE WITH CONTENT
"Jelang Lebaran, Jokowi Tagih Kesiapan BBM sampai Keamanan","Rabu, 30 Mei 2018 16:11 WIB",https://www.cnnindonesia.com/nasional/20180530150048-20-302253/jelang-lebaran-jokowi-tagih-kesiapan-bbm-sampai-keamanan,ADVERTISEMENT SCROLL TO CONTINUE WITH CONTENT
Riset Ungkap 20 Perusahaan Surga Pajak Berpusar ke Sinar Mas,"Rabu, 30 Mei 2018 15:48 WIB",https://www.cnnindonesia.com/ekonomi/20180529230606-92-302109/riset-ungkap-20-perusahaan-surga-pajak-berpusar-ke-sinar-mas,ADVERTISEMENT SCROLL TO CONTINUE WITH CONTENT
"Raih WTP, Sandiaga Akui Peran Empat Gubernur DKI Jakarta","Rabu, 30 Mei 2018 15:13 WIB",https://www.cnnindonesia.com/nasional/20180530142614-20-302251/raih-wtp-sandiaga-akui-peran-empat-gubernur-dki-jakarta,ADVERTISEMENT SCROLL TO CONTINUE WITH CONTENT
India Belum Amini Jokowi yang Minta Penurunan Bea Masuk Sawit,"Rabu, 30 Mei 2018 15:02 WIB",https://www.cnnindonesia.com/ekonomi/20180530135154-92-302233/india-belum-amini-jokowi-yang-minta-penurunan-bea-masuk-sawit,ADVERTISEMENT SCROLL TO CONTINUE WITH CONTENT
Diplomasi Layang-layang Jokowi dan PM India Narendra Modi,"Rabu, 30 Mei 2018 14:53 WIB",https://www.cnnindonesia.com/internasional/20180530132038-106-302214/diplomasi-layang-layang-jokowi-dan-pm-india-narendra-modi,ADVERTISEMENT SCROLL TO CONTINUE WITH CONTENT
Proses Penyusunan UU MD3 Digugat ke MK,"Rabu, 30 Mei 2018 14:42 WIB",https://www.cnnindonesia.com/nasional/20180530140920-32-302241/proses-penyusunan-uu-md3-digugat-ke-mk,ADVERTISEMENT SCROLL TO CONTINUE WITH CONTENT
"Jokowi Minta Kaji Ulang, KPU Tetap Larang Eks Koruptor Nyaleg","Rabu, 30 Mei 2018 14:37 WIB",https://www.cnnindonesia.com/nasional/20180530132231-32-302216/jokowi-minta-kaji-ulang-kpu-tetap-larang-eks-koruptor-nyaleg,ADVERTISEMENT SCROLL TO CONTINUE WITH CONTENT
Indonesia di Tengah Pengaruh China dan India,"Rabu, 30 Mei 2018 13:03 WIB",https://www.cnnindonesia.com/internasional/20180530111727-106-302169/indonesia-di-tengah-pengaruh-china-dan-india,ADVERTISEMENT SCROLL TO CONTINUE WITH CONTENT
"INFOGRAFIS: Relasi RI-India, dari Soekarno hingga Joko Widodo","Rabu, 30 Mei 2018 12:00 WIB",https://www.cnnindonesia.com/internasional/20180530101233-109-302155/infografis-relasi-ri-india-dari-soekarno-hingga-joko-widodo,
"Tiba di Istana Merdeka, PM India Disambut Pasukan Nusantara","Rabu, 30 Mei 2018 11:33 WIB",https://www.cnnindonesia.com/internasional/20180530111025-106-302163/tiba-di-istana-merdeka-pm-india-disambut-pasukan-nusantara,ADVERTISEMENT SCROLL TO CONTINUE WITH CONTENT
Mahfud MD: Sampai Detik Ini Anggota BPIP Belum Digaji,"Rabu, 30 Mei 2018 09:17 WIB",https://www.cnnindonesia.com/nasional/20180530083624-32-302137/mahfud-md-sampai-detik-ini-anggota-bpip-belum-digaji,ADVERTISEMENT SCROLL TO CONTINUE WITH CONTENT
"Amien Rais: Pak Jokowi Tenang Saja, Kekuasaan Tak Abadi","Rabu, 30 Mei 2018 07:27 WIB",https://www.cnnindonesia.com/nasional/20180530070608-32-302123/amien-rais-pak-jokowi-tenang-saja-kekuasaan-tak-abadi,ADVERTISEMENT SCROLL TO CONTINUE WITH CONTENT
Resolusi PA 212: Usut Skandal e-KTP dan Setop Proyek Meikarta,"Rabu, 30 Mei 2018 06:51 WIB",https://www.cnnindonesia.com/nasional/20180529205404-32-302104/resolusi-pa-212-usut-skandal-e-ktp-dan-setop-proyek-meikarta,ADVERTISEMENT SCROLL TO CONTINUE WITH CONTENT
Jokowi Anggap Ormas Berperan Bentuk Karakter Bangsa,"Rabu, 30 Mei 2018 06:39 WIB",https://www.cnnindonesia.com/nasional/20180529155003-20-302054/jokowi-anggap-ormas-berperan-bentuk-karakter-bangsa,ADVERTISEMENT SCROLL TO CONTINUE WITH CONTENT
Dubes RI: India Tak Boleh Jadi 'Blind Spot' Indonesia,"Rabu, 30 Mei 2018 06:26 WIB",https://www.cnnindonesia.com/internasional/20180530061833-106-302120/dubes-ri-india-tak-boleh-jadi-blind-spot-indonesia,ADVERTISEMENT SCROLL TO CONTINUE WITH CONTENT
Jokowi Ucap Syukur Dolar AS Kembali di Bawah Rp14 Ribu,"Selasa, 29 Mei 2018 23:24 WIB",https://www.cnnindonesia.com/ekonomi/20180529211119-78-302106/jokowi-ucap-syukur-dolar-as-kembali-di-bawah-rp14-ribu,ADVERTISEMENT SCROLL TO CONTINUE WITH CONTENT
Moeldoko Duga Polemik soal Gaji untuk Melemahkan BPIP,"Selasa, 29 Mei 2018 19:10 WIB",https://www.cnnindonesia.com/nasional/20180529190833-20-302082/moeldoko-duga-polemik-soal-gaji-untuk-melemahkan-bpip,ADVERTISEMENT SCROLL TO CONTINUE WITH CONTENT
Jokowi soal Eks Koruptor Nyaleg: Itu Hak Berpolitik,"Selasa, 29 Mei 2018 17:16 WIB",https://www.cnnindonesia.com/nasional/20180529170609-32-302073/jokowi-soal-eks-koruptor-nyaleg-itu-hak-berpolitik,ADVERTISEMENT SCROLL TO CONTINUE WITH CONTENT
Jokowi: Gaji Pejabat BPIP Sudah Dikalkulasi Kemenkeu,"Selasa, 29 Mei 2018 15:04 WIB",https://www.cnnindonesia.com/nasional/20180529145917-20-302046/jokowi-gaji-pejabat-bpip-sudah-dikalkulasi-kemenkeu,ADVERTISEMENT SCROLL TO CONTINUE WITH CONTENT
Kepala BPIP Sebut Megawati Cs 'Korban' Polemik Gaji,"Selasa, 29 Mei 2018 13:46 WIB",https://www.cnnindonesia.com/nasional/20180529133944-20-302023/kepala-bpip-sebut-megawati-cs-korban-polemik-gaji,ADVERTISEMENT SCROLL TO CONTINUE WITH CONTENT
Takjil #2019GantiPresiden dan Sepeda Jokowi,"Selasa, 29 Mei 2018 08:06 WIB",https://www.cnnindonesia.com/nasional/20180528194558-32-301953/takjil-2019gantipresiden-dan-sepeda-jokowi,ADVERTISEMENT SCROLL TO CONTINUE WITH CONTENT
"Soal Anak Hina Jokowi, KPAI Minta Kepolisian Pilih Diversi","Selasa, 29 Mei 2018 05:18 WIB",https://www.cnnindonesia.com/nasional/20180528161624-12-301899/soal-anak-hina-jokowi-kpai-minta-kepolisian-pilih-diversi,ADVERTISEMENT SCROLL TO CONTINUE WITH CONTENT
Ibas Sebut SBY Tak Batasi Komunikasi Politik,"Selasa, 29 Mei 2018 05:10 WIB",https://www.cnnindonesia.com/nasional/20180529004703-32-301980/ibas-sebut-sby-tak-batasi-komunikasi-politik,ADVERTISEMENT SCROLL TO CONTINUE WITH CONTENT
Guyonan Kesepakatan Meja Bundar Jokowi di Rumah Ketua DPR,"Selasa, 29 Mei 2018 00:26 WIB",https://www.cnnindonesia.com/nasional/20180528224942-20-301976/guyonan-kesepakatan-meja-bundar-jokowi-di-rumah-ketua-dpr,ADVERTISEMENT SCROLL TO CONTINUE WITH CONTENT
Menkeu Kritik Balik Pembanding Kebijakan Mahathir - Gaji BPIP,"Senin, 28 Mei 2018 23:23 WIB",https://www.cnnindonesia.com/nasional/20180528161508-32-301898/menkeu-kritik-balik-pembanding-kebijakan-mahathir-gaji-bpip,ADVERTISEMENT SCROLL TO CONTINUE WITH CONTENT
"Temui Jokowi, PM India Bakal Teken Kerja Sama Pertahanan","Senin, 28 Mei 2018 20:44 WIB",https://www.cnnindonesia.com/internasional/20180528204042-113-301965/temui-jokowi-pm-india-bakal-teken-kerja-sama-pertahanan,ADVERTISEMENT SCROLL TO CONTINUE WITH CONTENT
"Menakar Fungsi BPIP, Lembaga Tempat Megawati Cs Bergaji Besar","Senin, 28 Mei 2018 20:24 WIB",https://www.cnnindonesia.com/nasional/20180528151719-20-301874/menakar-fungsi-bpip-lembaga-tempat-megawati-cs-bergaji-besar,ADVERTISEMENT SCROLL TO CONTINUE WITH CONTENT
"Buka Bersama Jokowi, Bamsoet Janjikan KUHP Selesai 17 Agustus","Senin, 28 Mei 2018 19:07 WIB",https://www.cnnindonesia.com/nasional/20180528184423-32-301941/buka-bersama-jokowi-bamsoet-janjikan-kuhp-selesai-17-agustus,ADVERTISEMENT SCROLL TO CONTINUE WITH CONTENT
Jokowi Ingin Peserta Asian Games Meyakini Indonesia Aman,"Senin, 28 Mei 2018 18:03 WIB",https://www.cnnindonesia.com/nasional/20180528130340-20-301826/jokowi-ingin-peserta-asian-games-meyakini-indonesia-aman,ADVERTISEMENT SCROLL TO CONTINUE WITH CONTENT
Menkeu Sebut Gaji Megawati Cs di BPIP Dirapel Sejak Februari,"Senin, 28 Mei 2018 16:39 WIB",https://www.cnnindonesia.com/nasional/20180528155913-32-301890/menkeu-sebut-gaji-megawati-cs-di-bpip-dirapel-sejak-februari,ADVERTISEMENT SCROLL TO CONTINUE WITH CONTENT
Jokowi-JK dan Bamsoet Bayar Zakat Rp50 Juta di Istana,"Senin, 28 Mei 2018 16:05 WIB",https://www.cnnindonesia.com/nasional/20180528155755-20-301892/jokowi-jk-dan-bamsoet-bayar-zakat-rp50-juta-di-istana,ADVERTISEMENT SCROLL TO CONTINUE WITH CONTENT
"Anies Raih WTP, Ketua DPRD DKI Terima Kasih kepada Ahok","Senin, 28 Mei 2018 15:23 WIB",https://www.cnnindonesia.com/nasional/20180528141103-20-301852/anies-raih-wtp-ketua-dprd-dki-terima-kasih-kepada-ahok,ADVERTISEMENT SCROLL TO CONTINUE WITH CONTENT
Perpres Jokowi soal Gaji Ratusan Juta Megawati Cs di BPIP,"Senin, 28 Mei 2018 15:16 WIB",https://www.cnnindonesia.com/nasional/20180528145003-32-301867/perpres-jokowi-soal-gaji-ratusan-juta-megawati-cs-di-bpip,ADVERTISEMENT SCROLL TO CONTINUE WITH CONTENT
Menkeu Sebut Gaji Megawati Cs di BPIP Setara Pejabat Lain,"Senin, 28 Mei 2018 14:52 WIB",https://www.cnnindonesia.com/nasional/20180528144035-32-301864/menkeu-sebut-gaji-megawati-cs-di-bpip-setara-pejabat-lain,ADVERTISEMENT SCROLL TO CONTINUE WITH CONTENT
DPR Minta Pemerintah Jelaskan Gaji Ratusan Juta Mega di BPIP,"Senin, 28 Mei 2018 14:37 WIB",https://www.cnnindonesia.com/nasional/20180528135413-20-301850/dpr-minta-pemerintah-jelaskan-gaji-ratusan-juta-mega-di-bpip,ADVERTISEMENT SCROLL TO CONTINUE WITH CONTENT
"Gaji BPIP Picu Polemik, Jokowi Diminta Berkaca Pada Mahathir","Senin, 28 Mei 2018 13:10 WIB",https://www.cnnindonesia.com/nasional/20180528115929-32-301817/gaji-bpip-picu-polemik-jokowi-diminta-berkaca-pada-mahathir,ADVERTISEMENT SCROLL TO CONTINUE WITH CONTENT
Jokowi Kembali Soroti Promosi Asian Games 2018,"Senin, 28 Mei 2018 12:11 WIB",https://www.cnnindonesia.com/olahraga/20180528115815-178-301801/jokowi-kembali-soroti-promosi-asian-games-2018,ADVERTISEMENT SCROLL TO CONTINUE WITH CONTENT
Fadli Zon Kritik Gaji 'Setinggi Langit' Megawati Cs di Istana,"Senin, 28 Mei 2018 11:13 WIB",https://www.cnnindonesia.com/nasional/20180528110241-32-301787/fadli-zon-kritik-gaji-setinggi-langit-megawati-cs-di-istana,ADVERTISEMENT SCROLL TO CONTINUE WITH CONTENT
Panglima TNI Beri Tugas KSAL Siwi Dukung Program Jokowi,"Senin, 28 Mei 2018 10:56 WIB",https://www.cnnindonesia.com/nasional/20180528102728-20-301776/panglima-tni-beri-tugas-ksal-siwi-dukung-program-jokowi,ADVERTISEMENT SCROLL TO CONTINUE WITH CONTENT
"PM India ke Jakarta, Perkuat Kemitraan Strategis","Senin, 28 Mei 2018 09:03 WIB",https://www.cnnindonesia.com/internasional/20180528085731-106-301738/pm-india-ke-jakarta-perkuat-kemitraan-strategis,ADVERTISEMENT SCROLL TO CONTINUE WITH CONTENT
Survei Alvara: Kepuasan Publik Terhadap Jokowi-JK Menurun,"Minggu, 27 Mei 2018 19:06 WIB",https://www.cnnindonesia.com/nasional/20180527190344-32-301686/survei-alvara-kepuasan-publik-terhadap-jokowi-jk-menurun,ADVERTISEMENT SCROLL TO CONTINUE WITH CONTENT
Survei Terbaru: Rival Terkuat Jokowi Masih Prabowo,"Minggu, 27 Mei 2018 17:34 WIB",https://www.cnnindonesia.com/nasional/20180527173029-32-301678/survei-terbaru-rival-terkuat-jokowi-masih-prabowo,ADVERTISEMENT SCROLL TO CONTINUE WITH CONTENT
Relevansi dan Batasan Peran TNI dalam UU Terorisme,"Minggu, 27 Mei 2018 13:23 WIB",https://www.cnnindonesia.com/nasional/20180527124708-32-301635/relevansi-dan-batasan-peran-tni-dalam-uu-terorisme,ADVERTISEMENT SCROLL TO CONTINUE WITH CONTENT
Mengintip Draf Perpres Pencegahan Korupsi 'di Meja' Jokowi,"Minggu, 27 Mei 2018 12:07 WIB",https://www.cnnindonesia.com/nasional/20180526175006-12-301542/mengintip-draf-perpres-pencegahan-korupsi-di-meja-jokowi,ADVERTISEMENT SCROLL TO CONTINUE WITH CONTENT
Pemuda Ditilang demi Bergaya ala Jokowi Saat Naik Motor,"Minggu, 27 Mei 2018 08:33 WIB",https://www.cnnindonesia.com/otomotif/20180527083314-579-301608/pemuda-ditilang-demi-bergaya-ala-jokowi-saat-naik-motor,ADVERTISEMENT SCROLL TO CONTINUE WITH CONTENT ADVERTISEMENT SCROLL TO CONTINUE WITH CONTENT
Komnas HAM Sebut Perpres Jokowi Syarat Koopsusgab Gebuk Teror,"Sabtu, 26 Mei 2018 11:57 WIB",https://www.cnnindonesia.com/nasional/20180526114422-12-301472/komnas-ham-sebut-perpres-jokowi-syarat-koopsusgab-gebuk-teror,ADVERTISEMENT SCROLL TO CONTINUE WITH CONTENT
"Bagi-bagi THR, Investasi Elektoral Jokowi Menuju Pilpres 2019","Sabtu, 26 Mei 2018 09:00 WIB",https://www.cnnindonesia.com/nasional/20180525211547-32-301435/bagi-bagi-thr-investasi-elektoral-jokowi-menuju-pilpres-2019,ADVERTISEMENT SCROLL TO CONTINUE WITH CONTENT
Moeldoko: Perpres Terorisme Atur Indikator Keterlibatan TNI,"Sabtu, 26 Mei 2018 02:44 WIB",https://www.cnnindonesia.com/nasional/20180526023732-20-301457/moeldoko-perpres-terorisme-atur-indikator-keterlibatan-tni,ADVERTISEMENT SCROLL TO CONTINUE WITH CONTENT
Moeldoko Sebut Perpres Korupsi Tinggal Diteken Jokowi,"Sabtu, 26 Mei 2018 00:24 WIB",https://www.cnnindonesia.com/nasional/20180525213336-32-301437/moeldoko-sebut-perpres-korupsi-tinggal-diteken-jokowi,ADVERTISEMENT SCROLL TO CONTINUE WITH CONTENT
Rohan Akui Aman Abdurrahman Tolak Kompromi dengan Pemerintah,"Jumat, 25 Mei 2018 21:27 WIB",https://www.cnnindonesia.com/nasional/20180525195113-20-301398/rohan-akui-aman-abdurrahman-tolak-kompromi-dengan-pemerintah,ADVERTISEMENT SCROLL TO CONTINUE WITH CONTENT
"Soal Perpres TNI, Jokowi Tekankan Pemberantasan Terorisme","Jumat, 25 Mei 2018 18:14 WIB",https://www.cnnindonesia.com/nasional/20180525142347-12-301256/soal-perpres-tni-jokowi-tekankan-pemberantasan-terorisme,ADVERTISEMENT SCROLL TO CONTINUE WITH CONTENT
Daftar Tunjangan yang Tak Masuk dalam Komponen THR PNS,"Jumat, 25 Mei 2018 16:49 WIB",https://www.cnnindonesia.com/ekonomi/20180525105329-532-301190/daftar-tunjangan-yang-tak-masuk-dalam-komponen-thr-pns,ADVERTISEMENT SCROLL TO CONTINUE WITH CONTENT
KPAI Minta Pemuda Pengancam Jokowi Tak Diadili,"Jumat, 25 Mei 2018 16:35 WIB",https://www.cnnindonesia.com/nasional/20180525160613-12-301303/kpai-minta-pemuda-pengancam-jokowi-tak-diadili,ADVERTISEMENT SCROLL TO CONTINUE WITH CONTENT
"Ancaman di Bawah 7 Tahun, Pemuda Pengancam Jokowi Tak Ditahan","Jumat, 25 Mei 2018 14:03 WIB",https://www.cnnindonesia.com/nasional/20180525133806-12-301238/ancaman-di-bawah-7-tahun-pemuda-pengancam-jokowi-tak-ditahan,ADVERTISEMENT SCROLL TO CONTINUE WITH CONTENT
Anggaran THR PNS Gemuk Demi Dongkrak 'Secuil' Konsumsi,"Jumat, 25 Mei 2018 13:14 WIB",https://www.cnnindonesia.com/ekonomi/20180525072555-532-301158/anggaran-thr-pns-gemuk-demi-dongkrak-secuil-konsumsi,ADVERTISEMENT SCROLL TO CONTINUE WITH CONTENT
Pemuda Pengancam Jokowi Jadi Tersangka Dijerat UU ITE,"Jumat, 25 Mei 2018 13:09 WIB",https://www.cnnindonesia.com/nasional/20180525130000-12-301220/pemuda-pengancam-jokowi-jadi-tersangka-dijerat-uu-ite,ADVERTISEMENT SCROLL TO CONTINUE WITH CONTENT
Perpres Pengelolaan Proyek Negara-BUMN oleh Swasta Akan Rilis,"Jumat, 25 Mei 2018 11:30 WIB",https://www.cnnindonesia.com/ekonomi/20180524195459-532-301098/perpres-pengelolaan-proyek-negara-bumn-oleh-swasta-akan-rilis,ADVERTISEMENT SCROLL TO CONTINUE WITH CONTENT
Sri Mulyani Minta Satker Percepat Pengajuan Pencairan THR PNS,"Jumat, 25 Mei 2018 11:02 WIB",https://www.cnnindonesia.com/ekonomi/20180525091021-532-301171/sri-mulyani-minta-satker-percepat-pengajuan-pencairan-thr-pns,ADVERTISEMENT SCROLL TO CONTINUE WITH CONTENT
Gubernur Baru BI Janji Pro Stabilitas dan Pertumbuhan Ekonomi,"Jumat, 25 Mei 2018 05:52 WIB",https://www.cnnindonesia.com/ekonomi/20180524165719-532-301046/gubernur-baru-bi-janji-pro-stabilitas-dan-pertumbuhan-ekonomi,ADVERTISEMENT SCROLL TO CONTINUE WITH CONTENT
"Kurs Rupiah Capai 15.000, Gerindra Sebut Jokowi Bisa Mundur","Jumat, 25 Mei 2018 05:13 WIB",https://www.cnnindonesia.com/nasional/20180524201636-32-301102/kurs-rupiah-capai-15000-gerindra-sebut-jokowi-bisa-mundur,ADVERTISEMENT SCROLL TO CONTINUE WITH CONTENT
Pemprov DKI akan Melakukan Penataan 21 Kampung di Jakarta,"Jumat, 25 Mei 2018 02:32 WIB",https://www.cnnindonesia.com/nasional/20180524202644-20-301107/pemprov-dki-akan-melakukan-penataan-21-kampung-di-jakarta,ADVERTISEMENT SCROLL TO CONTINUE WITH CONTENT
KPAI Minta Polisi Pengancam Jokowi Tidak Ditahan,"Kamis, 24 Mei 2018 23:45 WIB",https://www.cnnindonesia.com/nasional/20180524184418-12-301073/kpai-minta-polisi-pengancam-jokowi-tidak-ditahan,ADVERTISEMENT SCROLL TO CONTINUE WITH CONTENT
"Berkaca Pada Mahathir, Pengusaha Bugis Dorong JK Maju Capres","Kamis, 24 Mei 2018 23:31 WIB",https://www.cnnindonesia.com/nasional/20180524165014-32-301045/berkaca-pada-mahathir-pengusaha-bugis-dorong-jk-maju-capres,ADVERTISEMENT SCROLL TO CONTINUE WITH CONTENT
Stafsus Jokowi Sebut Pelemahan Rupiah Mending Dari Yang Lain,"Kamis, 24 Mei 2018 21:01 WIB",https://www.cnnindonesia.com/ekonomi/20180524201500-78-301103/stafsus-jokowi-sebut-pelemahan-rupiah-mending-dari-yang-lain,ADVERTISEMENT SCROLL TO CONTINUE WITH CONTENT
Sumarsih Kecewa Jokowi Tak Singgung 20 Tahun Reformasi,"Kamis, 24 Mei 2018 20:07 WIB",https://www.cnnindonesia.com/nasional/20180524192800-20-301096/sumarsih-kecewa-jokowi-tak-singgung-20-tahun-reformasi,ADVERTISEMENT SCROLL TO CONTINUE WITH CONTENT
"Ali Ngabalin, Jurus Jokowi Bangun Pondasi Lawan Oposisi","Kamis, 24 Mei 2018 19:02 WIB",https://www.cnnindonesia.com/nasional/20180524174524-32-301064/ali-ngabalin-jurus-jokowi-bangun-pondasi-lawan-oposisi,ADVERTISEMENT SCROLL TO CONTINUE WITH CONTENT
Lima Teman Remaja Pengancam Jokowi Ikut Diperiksa Polisi,"Kamis, 24 Mei 2018 17:45 WIB",https://www.cnnindonesia.com/nasional/20180524173148-12-301058/lima-teman-remaja-pengancam-jokowi-ikut-diperiksa-polisi,ADVERTISEMENT SCROLL TO CONTINUE WITH CONTENT
Polisi Belum Tentukan Status Pemuda Pengancam Jokowi,"Kamis, 24 Mei 2018 17:20 WIB",https://www.cnnindonesia.com/nasional/20180524165436-12-301044/polisi-belum-tentukan-status-pemuda-pengancam-jokowi,ADVERTISEMENT SCROLL TO CONTINUE WITH CONTENT
"Masuk Istana, Ali Ngabalin Lantang Bela Rezim Jokowi","Kamis, 24 Mei 2018 16:56 WIB",https://www.cnnindonesia.com/nasional/20180524161048-32-301026/masuk-istana-ali-ngabalin-lantang-bela-rezim-jokowi,ADVERTISEMENT SCROLL TO CONTINUE WITH CONTENT
Video Pemuda Ancam Tembak Jokowi Dibuat di Sekolah,"Kamis, 24 Mei 2018 16:38 WIB",https://www.cnnindonesia.com/nasional/20180524162721-12-301035/video-pemuda-ancam-tembak-jokowi-dibuat-di-sekolah,ADVERTISEMENT SCROLL TO CONTINUE WITH CONTENT
"Puji THR PNS, SBY Minta Jokowi Pikirkan Nasib Rakyat Miskin","Kamis, 24 Mei 2018 16:24 WIB",https://www.cnnindonesia.com/nasional/20180524155941-32-301024/puji-thr-pns-sby-minta-jokowi-pikirkan-nasib-rakyat-miskin,ADVERTISEMENT SCROLL TO CONTINUE WITH CONTENT
Anies Tepis Kritik Jokowi Soal Biaya Kesehatan Jakarta Mahal,"Kamis, 24 Mei 2018 15:26 WIB",https://www.cnnindonesia.com/nasional/20180524140443-20-300953/anies-tepis-kritik-jokowi-soal-biaya-kesehatan-jakarta-mahal,ADVERTISEMENT SCROLL TO CONTINUE WITH CONTENT
Kaesang Pangarep Rutin Minum Jamu Jokowi Selama Puasa,Tanggal tidak ditemukan,https://www.cnnindonesia.com/hiburan/20180524135335-234-300950/kaesang-pangarep-rutin-minum-jamu-jokowi-selama-puasa,ADVERTISEMENT SCROLL TO CONTINUE WITH CONTENT
Sandiaga Respons Jokowi Soal Biaya Kesehatan Jakarta Mahal,"Kamis, 24 Mei 2018 13:48 WIB",https://www.cnnindonesia.com/nasional/20180524120219-20-300901/sandiaga-respons-jokowi-soal-biaya-kesehatan-jakarta-mahal,ADVERTISEMENT SCROLL TO CONTINUE WITH CONTENT
KSP Berharap Ngabalin Jembatani Pemerintah-Ormas Islam,"Kamis, 24 Mei 2018 13:36 WIB",https://www.cnnindonesia.com/nasional/20180524131205-32-300927/ksp-berharap-ngabalin-jembatani-pemerintah-ormas-islam,ADVERTISEMENT SCROLL TO CONTINUE WITH CONTENT
DPR Berharap Bandara Kertajati Dapat Layani Pemudik,"Kamis, 24 Mei 2018 13:30 WIB",https://www.cnnindonesia.com/nasional/20180524131528-20-300928/dpr-berharap-bandara-kertajati-dapat-layani-pemudik,ADVERTISEMENT SCROLL TO CONTINUE WITH CONTENT
Ngabalin: Subhanallah di Istana Semua Memikirkan Bangsa,"Kamis, 24 Mei 2018 13:07 WIB",https://www.cnnindonesia.com/nasional/20180524101811-32-300881/ngabalin-subhanallah-di-istana-semua-memikirkan-bangsa,ADVERTISEMENT SCROLL TO CONTINUE WITH CONTENT
"Daya Beli Membaik, Penjualan di Ramadan Bisa Dua Digit","Kamis, 24 Mei 2018 12:09 WIB",https://www.cnnindonesia.com/ekonomi/20180523195929-92-300760/daya-beli-membaik-penjualan-di-ramadan-bisa-dua-digit,ADVERTISEMENT SCROLL TO CONTINUE WITH CONTENT
Pemerintah Lepas 977 Ribu Hektare Tanah untuk Reforma Agraria,"Kamis, 24 Mei 2018 11:52 WIB",https://www.cnnindonesia.com/nasional/20180524101627-20-300873/pemerintah-lepas-977-ribu-hektare-tanah-untuk-reforma-agraria,ADVERTISEMENT SCROLL TO CONTINUE WITH CONTENT
"Respons Jokowi, Sandi Siapkan THR bagi PHL dan Pasukan Oranye","Kamis, 24 Mei 2018 11:22 WIB",https://www.cnnindonesia.com/nasional/20180524105722-20-300883/respons-jokowi-sandi-siapkan-thr-bagi-phl-dan-pasukan-oranye,ADVERTISEMENT SCROLL TO CONTINUE WITH CONTENT
"THR dan Gaji 13 PNS Naik, Nasib Honorer Masih 'Gantung'","Kamis, 24 Mei 2018 11:16 WIB",https://www.cnnindonesia.com/ekonomi/20180524093131-532-300865/thr-dan-gaji-13-pns-naik-nasib-honorer-masih-gantung,ADVERTISEMENT SCROLL TO CONTINUE WITH CONTENT
Polda Sebut Pemuda 16 Tahun Ancam Tembak Jokowi Cuma Bercanda,"Kamis, 24 Mei 2018 09:53 WIB",https://www.cnnindonesia.com/nasional/20180524092053-12-300863/polda-sebut-pemuda-16-tahun-ancam-tembak-jokowi-cuma-bercanda,ADVERTISEMENT SCROLL TO CONTINUE WITH CONTENT
"Ngabalin ke KSP, Airlangga Bangga Kader Golkar Bantu Istana","Kamis, 24 Mei 2018 04:16 WIB",https://www.cnnindonesia.com/nasional/20180523202636-32-300770/ngabalin-ke-ksp-airlangga-bangga-kader-golkar-bantu-istana,ADVERTISEMENT SCROLL TO CONTINUE WITH CONTENT
"Bersama Orang Tua, Pemuda yang Ancam Jokowi Diperiksa Polisi","Kamis, 24 Mei 2018 02:48 WIB",https://www.cnnindonesia.com/nasional/20180524022011-12-300829/bersama-orang-tua-pemuda-yang-ancam-jokowi-diperiksa-polisi,ADVERTISEMENT SCROLL TO CONTINUE WITH CONTENT
Jokowi Mengaku Mesra dengan Airlangga Setiap Hari,"Kamis, 24 Mei 2018 01:55 WIB",https://www.cnnindonesia.com/nasional/20180523204057-32-300772/jokowi-mengaku-mesra-dengan-airlangga-setiap-hari,ADVERTISEMENT SCROLL TO CONTINUE WITH CONTENT
Jokowi Sebut Lapas Super di Nusakambangan Selesai Empat Bulan,"Kamis, 24 Mei 2018 00:00 WIB",https://www.cnnindonesia.com/nasional/20180523203257-20-300774/jokowi-sebut-lapas-super-di-nusakambangan-selesai-empat-bulan,ADVERTISEMENT SCROLL TO CONTINUE WITH CONTENT
KSP Bantah Tudingan Jadi 'Sarang' Tim Sukses Jokowi,"Rabu, 23 Mei 2018 23:42 WIB",https://www.cnnindonesia.com/nasional/20180523201641-32-300771/ksp-bantah-tudingan-jadi-sarang-tim-sukses-jokowi,ADVERTISEMENT SCROLL TO CONTINUE WITH CONTENT
"Bertemu SBY, Airlangga Sebut Ada Peluang Demokrat ke Jokowi","Rabu, 23 Mei 2018 21:40 WIB",https://www.cnnindonesia.com/nasional/20180523210536-32-300780/bertemu-sby-airlangga-sebut-ada-peluang-demokrat-ke-jokowi,ADVERTISEMENT SCROLL TO CONTINUE WITH CONTENT
Jokowi Klaim Tak Beri Lahan Semeter pun untuk Orang Kaya,"Rabu, 23 Mei 2018 20:31 WIB",https://www.cnnindonesia.com/ekonomi/20180523130322-92-300593/jokowi-klaim-tak-beri-lahan-semeter-pun-untuk-orang-kaya,ADVERTISEMENT SCROLL TO CONTINUE WITH CONTENT
"Kembali ke Polda Metro, Faizal Assegaf Klaim Serius Lawan PKS","Rabu, 23 Mei 2018 20:19 WIB",https://www.cnnindonesia.com/nasional/20180523195820-12-300763/kembali-ke-polda-metro-faizal-assegaf-klaim-serius-lawan-pks,ADVERTISEMENT SCROLL TO CONTINUE WITH CONTENT
Jokowi Sambut Baik Rencana Pertemuan dan Koalisi SBY-Prabowo,"Rabu, 23 Mei 2018 19:53 WIB",https://www.cnnindonesia.com/nasional/20180523194344-32-300758/jokowi-sambut-baik-rencana-pertemuan-dan-koalisi-sby-prabowo,ADVERTISEMENT SCROLL TO CONTINUE WITH CONTENT
Fadli Zon Endus Bau Politik di Balik Kenaikan THR PNS,"Rabu, 23 Mei 2018 19:34 WIB",https://www.cnnindonesia.com/nasional/20180523193211-32-300755/fadli-zon-endus-bau-politik-di-balik-kenaikan-thr-pns,ADVERTISEMENT SCROLL TO CONTINUE WITH CONTENT
Polisi Kantongi Identitas Remaja Penghina Jokowi di Instagram,"Rabu, 23 Mei 2018 19:23 WIB",https://www.cnnindonesia.com/nasional/20180523192235-12-300753/polisi-kantongi-identitas-remaja-penghina-jokowi-di-instagram,ADVERTISEMENT SCROLL TO CONTINUE WITH CONTENT
"Jejak Ngabalin, Hina Jokowi Kerempeng dan Dekat Rizieq Shihab","Rabu, 23 Mei 2018 18:13 WIB",https://www.cnnindonesia.com/nasional/20180523174428-32-300722/jejak-ngabalin-hina-jokowi-kerempeng-dan-dekat-rizieq-shihab,ADVERTISEMENT SCROLL TO CONTINUE WITH CONTENT
"Ali Ngabalin, Upaya Jokowi Pegang Ekor Lawan Jelang Pilpres","Rabu, 23 Mei 2018 18:03 WIB",https://www.cnnindonesia.com/nasional/20180523174544-32-300720/ali-ngabalin-upaya-jokowi-pegang-ekor-lawan-jelang-pilpres,ADVERTISEMENT SCROLL TO CONTINUE WITH CONTENT
SBY Singgung Tudingan Asbun Politisi soal Rekayasa Aksi Teror,"Rabu, 23 Mei 2018 17:30 WIB",https://www.cnnindonesia.com/nasional/20180523171457-32-300701/sby-singgung-tudingan-asbun-politisi-soal-rekayasa-aksi-teror,ADVERTISEMENT SCROLL TO CONTINUE WITH CONTENT
"Bukber Golkar, Jokowi Pamer Jaket Kuning Asian Games","Rabu, 23 Mei 2018 17:11 WIB",https://www.cnnindonesia.com/nasional/20180523171130-32-300696/bukber-golkar-jokowi-pamer-jaket-kuning-asian-games,ADVERTISEMENT SCROLL TO CONTINUE WITH CONTENT
"Jokowi Ingatkan Anies: Jakarta Mahal Kalau Sakit, Pak Gub","Rabu, 23 Mei 2018 17:01 WIB",https://www.cnnindonesia.com/nasional/20180523162315-20-300686/jokowi-ingatkan-anies-jakarta-mahal-kalau-sakit-pak-gub,ADVERTISEMENT SCROLL TO CONTINUE WITH CONTENT
"Fahri Hamzah Geram, Manuver Faizal Dicap Bisnis Intelijen","Rabu, 23 Mei 2018 16:56 WIB",https://www.cnnindonesia.com/nasional/20180523160605-32-300667/fahri-hamzah-geram-manuver-faizal-dicap-bisnis-intelijen,ADVERTISEMENT SCROLL TO CONTINUE WITH CONTENT
Polisi Buru Pemuda yang Sebut Jokowi Gila dan Kacung,"Rabu, 23 Mei 2018 16:39 WIB",https://www.cnnindonesia.com/nasional/20180523161713-12-300666/polisi-buru-pemuda-yang-sebut-jokowi-gila-dan-kacung,ADVERTISEMENT SCROLL TO CONTINUE WITH CONTENT
Fadli Zon: KSP Jangan Jadi Sarang Timses,"Rabu, 23 Mei 2018 16:04 WIB",https://www.cnnindonesia.com/nasional/20180523160416-32-300660/fadli-zon-ksp-jangan-jadi-sarang-timses,ADVERTISEMENT SCROLL TO CONTINUE WITH CONTENT
"Jokowi Teken Beleid, THR PNS dan Pensiunan Cair Awal Juni","Rabu, 23 Mei 2018 13:22 WIB",https://www.cnnindonesia.com/ekonomi/20180523131757-532-300595/jokowi-teken-beleid-thr-pns-dan-pensiunan-cair-awal-juni,ADVERTISEMENT SCROLL TO CONTINUE WITH CONTENT
"KSAL Laksamana Siwi Sukma Adji Punya Harta Rp3,47 Miliar","Rabu, 23 Mei 2018 13:05 WIB",https://www.cnnindonesia.com/nasional/20180523101808-20-300548/ksal-laksamana-siwi-sukma-adji-punya-harta-rp347-miliar,ADVERTISEMENT SCROLL TO CONTINUE WITH CONTENT
Laksamana Siwi Sukma Adji KSAL Baru Gantikan Ade Supandi,"Rabu, 23 Mei 2018 11:52 WIB",https://www.cnnindonesia.com/nasional/20180523113738-20-300564/laksamana-siwi-sukma-adji-ksal-baru-gantikan-ade-supandi,ADVERTISEMENT SCROLL TO CONTINUE WITH CONTENT
Moeldoko Tegaskan Koopssusgab Hanya Turun di Situasi Genting,"Rabu, 23 Mei 2018 09:00 WIB",https://www.cnnindonesia.com/nasional/20180523082012-20-300527/moeldoko-tegaskan-koopssusgab-hanya-turun-di-situasi-genting,ADVERTISEMENT SCROLL TO CONTINUE WITH CONTENT
Jokowi Sebut Ideologi Terorisme Telah Masuk ke Sekolah,"Rabu, 23 Mei 2018 08:36 WIB",https://www.cnnindonesia.com/nasional/20180523075157-20-300522/jokowi-sebut-ideologi-terorisme-telah-masuk-ke-sekolah,ADVERTISEMENT SCROLL TO CONTINUE WITH CONTENT
Jokowi Lantik KSAL Baru Di Istana Negara Hari Ini,"Rabu, 23 Mei 2018 07:34 WIB",https://www.cnnindonesia.com/nasional/20180523070312-20-300517/jokowi-lantik-ksal-baru-di-istana-negara-hari-ini,ADVERTISEMENT SCROLL TO CONTINUE WITH CONTENT
Pemerintah Targetkan DPR Sahkan Revisi UU Terorisme Jumat,"Rabu, 23 Mei 2018 07:26 WIB",https://www.cnnindonesia.com/nasional/20180522190332-32-300453/pemerintah-targetkan-dpr-sahkan-revisi-uu-terorisme-jumat,ADVERTISEMENT SCROLL TO CONTINUE WITH CONTENT
Survei Indo Barometer: Jokowi Unggul Jauh dari Prabowo,"Selasa, 22 Mei 2018 19:31 WIB",https://www.cnnindonesia.com/nasional/20180522190315-32-300444/survei-indo-barometer-jokowi-unggul-jauh-dari-prabowo,ADVERTISEMENT SCROLL TO CONTINUE WITH CONTENT
Pencairan THR PNS Tinggal Tunggu Tandatangan Jokowi,"Selasa, 22 Mei 2018 18:46 WIB",https://www.cnnindonesia.com/ekonomi/20180522174412-532-300426/pencairan-thr-pns-tinggal-tunggu-tandatangan-jokowi,ADVERTISEMENT SCROLL TO CONTINUE WITH CONTENT
"Idrus Marham di KPK: Kemarin Diperiksa, Sekarang Buka Bersama","Selasa, 22 Mei 2018 18:39 WIB",https://www.cnnindonesia.com/nasional/20180522182127-20-300436/idrus-marham-di-kpk-kemarin-diperiksa-sekarang-buka-bersama,ADVERTISEMENT SCROLL TO CONTINUE WITH CONTENT
Survei: Jelang Pemilu Masih Banyak yang Tidak Tahu Nawacita,"Selasa, 22 Mei 2018 18:15 WIB",https://www.cnnindonesia.com/nasional/20180522172505-32-300425/survei-jelang-pemilu-masih-banyak-yang-tidak-tahu-nawacita,ADVERTISEMENT SCROLL TO CONTINUE WITH CONTENT
Jokowi Minta Keseimbangan Pencegahan dan Penindakan Terorisme,"Selasa, 22 Mei 2018 16:56 WIB",https://www.cnnindonesia.com/nasional/20180522152541-20-300350/jokowi-minta-keseimbangan-pencegahan-dan-penindakan-terorisme,ADVERTISEMENT SCROLL TO CONTINUE WITH CONTENT
Bayang-bayang Hoaks di Tahun Politik,"Selasa, 22 Mei 2018 12:11 WIB",https://www.cnnindonesia.com/teknologi/20180521144837-185-299996/bayang-bayang-hoaks-di-tahun-politik,ADVERTISEMENT SCROLL TO CONTINUE WITH CONTENT
Tiket Kereta Bandara Minangkabau Hanya Rp10 Ribu,"Selasa, 22 Mei 2018 09:55 WIB",https://www.cnnindonesia.com/ekonomi/20180522083953-92-300176/tiket-kereta-bandara-minangkabau-hanya-rp10-ribu,ADVERTISEMENT SCROLL TO CONTINUE WITH CONTENT
AHY soal Cawapres: Tunggu Tanggal Mainnya,"Selasa, 22 Mei 2018 09:34 WIB",https://www.cnnindonesia.com/nasional/20180522083256-32-300175/ahy-soal-cawapres-tunggu-tanggal-mainnya,ADVERTISEMENT SCROLL TO CONTINUE WITH CONTENT
"Usai Demo Ricuh, Tujuh Anggota HMI Sempat Dirawat di RS","Selasa, 22 Mei 2018 08:41 WIB",https://www.cnnindonesia.com/nasional/20180522065042-20-300156/usai-demo-ricuh-tujuh-anggota-hmi-sempat-dirawat-di-rs,ADVERTISEMENT SCROLL TO CONTINUE WITH CONTENT
Cameron Diaz Ikut 'Surati' Jokowi soal Daging Anjing,Tanggal tidak ditemukan,https://www.cnnindonesia.com/hiburan/20180521203006-234-300121/cameron-diaz-ikut-surati-jokowi-soal-daging-anjing,ADVERTISEMENT SCROLL TO CONTINUE WITH CONTENT
"Meski Oposisi, Agus, Gatot, Anies Favorit Cawapres Jokowi","Selasa, 22 Mei 2018 07:08 WIB",https://www.cnnindonesia.com/nasional/20180522063012-32-300155/meski-oposisi-agus-gatot-anies-favorit-cawapres-jokowi,ADVERTISEMENT SCROLL TO CONTINUE WITH CONTENT
Rizal Ramli Khawatir Ada Perubahan Cepat Sebelum 2019,"Selasa, 22 Mei 2018 06:41 WIB",https://www.cnnindonesia.com/nasional/20180521213811-20-300139/rizal-ramli-khawatir-ada-perubahan-cepat-sebelum-2019,ADVERTISEMENT SCROLL TO CONTINUE WITH CONTENT
Komnas HAM Desak Aparat Tindak Tegas Penyerangan Ahmadiyah,"Selasa, 22 Mei 2018 06:10 WIB",https://www.cnnindonesia.com/nasional/20180521203104-20-300125/komnas-ham-desak-aparat-tindak-tegas-penyerangan-ahmadiyah,ADVERTISEMENT SCROLL TO CONTINUE WITH CONTENT
Ungkapan Hati Rizal Ramli Soal Belum Dapat 'Tiket' Capres,"Selasa, 22 Mei 2018 04:58 WIB",https://www.cnnindonesia.com/nasional/20180522025852-32-300149/ungkapan-hati-rizal-ramli-soal-belum-dapat-tiket-capres,ADVERTISEMENT SCROLL TO CONTINUE WITH CONTENT
Elektabilitas Jokowi Ungguli Prabowo Subianto di Jawa Tengah,"Selasa, 22 Mei 2018 03:07 WIB",https://www.cnnindonesia.com/nasional/20180521220740-32-300142/elektabilitas-jokowi-ungguli-prabowo-subianto-di-jawa-tengah,ADVERTISEMENT SCROLL TO CONTINUE WITH CONTENT
"Maknai Harkitnas, Tjahjo Sesumbar Sudah Pangkas Ribuan Perda","Selasa, 22 Mei 2018 01:16 WIB",https://www.cnnindonesia.com/nasional/20180521134440-20-299973/maknai-harkitnas-tjahjo-sesumbar-sudah-pangkas-ribuan-perda,ADVERTISEMENT SCROLL TO CONTINUE WITH CONTENT
Bamsoet: Kenapa Tak Kita Satukan Saja Jokowi dan Prabowo,"Senin, 21 Mei 2018 21:57 WIB",https://www.cnnindonesia.com/nasional/20180521211452-32-300134/bamsoet-kenapa-tak-kita-satukan-saja-jokowi-dan-prabowo,ADVERTISEMENT SCROLL TO CONTINUE WITH CONTENT
Pengamat: Agenda Reformasi Era Jokowi Ditelikung Aktor Orba,"Senin, 21 Mei 2018 19:54 WIB",https://www.cnnindonesia.com/nasional/20180521152607-32-300021/pengamat-agenda-reformasi-era-jokowi-ditelikung-aktor-orba,ADVERTISEMENT SCROLL TO CONTINUE WITH CONTENT
"Demo HMI di Istana Ricuh, Massa Bersitegang dengan Aparat","Senin, 21 Mei 2018 18:10 WIB",https://www.cnnindonesia.com/nasional/20180521174004-20-300057/demo-hmi-di-istana-ricuh-massa-bersitegang-dengan-aparat,ADVERTISEMENT SCROLL TO CONTINUE WITH CONTENT
"20 Tahun Reformasi, Ideologi NKRI Masih dalam Ancaman","Senin, 21 Mei 2018 16:56 WIB",https://www.cnnindonesia.com/nasional/20180521160425-20-300036/20-tahun-reformasi-ideologi-nkri-masih-dalam-ancaman,ADVERTISEMENT SCROLL TO CONTINUE WITH CONTENT
Lirik Lagu 2019 Ganti Presiden: Awas Kursimu Nanti Tergusur,"Senin, 21 Mei 2018 16:27 WIB",https://www.cnnindonesia.com/nasional/20180521151937-20-300004/lirik-lagu-2019-ganti-presiden-awas-kursimu-nanti-tergusur,ADVERTISEMENT SCROLL TO CONTINUE WITH CONTENT
"Sejak 1994, Internet 'Ajari' Cara Gulingkan Soeharto","Senin, 21 Mei 2018 15:34 WIB",https://www.cnnindonesia.com/nasional/20180518133743-20-299241/sejak-1994-internet-ajari-cara-gulingkan-soeharto,ADVERTISEMENT SCROLL TO CONTINUE WITH CONTENT
Eks Gitaris Boomerang Tepis Ciptakan Lagu 2019 Ganti Presiden,"Senin, 21 Mei 2018 14:18 WIB",https://www.cnnindonesia.com/nasional/20180521140706-32-299980/eks-gitaris-boomerang-tepis-ciptakan-lagu-2019-ganti-presiden,ADVERTISEMENT SCROLL TO CONTINUE WITH CONTENT
Jokowi Kembali Tegaskan Dirinya Bukan Kader PKI,"Senin, 21 Mei 2018 13:16 WIB",https://www.cnnindonesia.com/nasional/20180521124543-32-299959/jokowi-kembali-tegaskan-dirinya-bukan-kader-pki,ADVERTISEMENT SCROLL TO CONTINUE WITH CONTENT
Moeldoko Klaim Jokowi Tetap Jalankan Agenda Reformasi,"Senin, 21 Mei 2018 12:59 WIB",https://www.cnnindonesia.com/nasional/20180521110901-32-299916/moeldoko-klaim-jokowi-tetap-jalankan-agenda-reformasi,ADVERTISEMENT SCROLL TO CONTINUE WITH CONTENT
"Wawan, Rompi Antipeluru, dan Sayur Asam Yang Belum Disantap","Senin, 21 Mei 2018 12:52 WIB",https://www.cnnindonesia.com/nasional/20180516222451-20-298812/wawan-rompi-antipeluru-dan-sayur-asam-yang-belum-disantap,ADVERTISEMENT SCROLL TO CONTINUE WITH CONTENT
SBY Ingatkan Reformasi Bisa Kembali Terjadi di Masa Depan,"Senin, 21 Mei 2018 10:48 WIB",https://www.cnnindonesia.com/nasional/20180521103040-32-299904/sby-ingatkan-reformasi-bisa-kembali-terjadi-di-masa-depan,ADVERTISEMENT SCROLL TO CONTINUE WITH CONTENT
"Amien Rais, Sejarah Kritik dan Julukan Pengkhianat Reformasi","Senin, 21 Mei 2018 08:40 WIB",https://www.cnnindonesia.com/nasional/20180518135717-20-299247/amien-rais-sejarah-kritik-dan-julukan-pengkhianat-reformasi,ADVERTISEMENT SCROLL TO CONTINUE WITH CONTENT
DPR Diminta Tak Buru-buru Sahkan RUU Terorisme,"Minggu, 20 Mei 2018 22:59 WIB",https://www.cnnindonesia.com/nasional/20180520151605-32-299767/dpr-diminta-tak-buru-buru-sahkan-ruu-terorisme,ADVERTISEMENT SCROLL TO CONTINUE WITH CONTENT
Survei: Lima Amanat Reformasi Belum Terpenuhi di Era Jokowi,"Minggu, 20 Mei 2018 19:06 WIB",https://www.cnnindonesia.com/nasional/20180520185410-20-299800/survei-lima-amanat-reformasi-belum-terpenuhi-di-era-jokowi,ADVERTISEMENT SCROLL TO CONTINUE WITH CONTENT
Anwar: Malaysia Perlu Bentuk Tim untuk Kaji Reformasi RI,"Minggu, 20 Mei 2018 17:43 WIB",https://www.cnnindonesia.com/internasional/20180520171628-106-299790/anwar-malaysia-perlu-bentuk-tim-untuk-kaji-reformasi-ri,ADVERTISEMENT SCROLL TO CONTINUE WITH CONTENT
"Mengenal Koopssusgab, Satuan Elit Antiteror Indonesia","Minggu, 20 Mei 2018 12:02 WIB",https://www.cnnindonesia.com/nasional/20180520102638-20-299700/mengenal-koopssusgab-satuan-elit-antiteror-indonesia,ADVERTISEMENT SCROLL TO CONTINUE WITH CONTENT
DPR Yakin RUU Terorisme Selesai Pekan Depan,"Sabtu, 19 Mei 2018 19:56 WIB",https://www.cnnindonesia.com/nasional/20180519184737-32-299575/dpr-yakin-ruu-terorisme-selesai-pekan-depan,ADVERTISEMENT SCROLL TO CONTINUE WITH CONTENT
LSM Tolak Pengaktifan Koopsusgab untuk Sikat Terorisme,"Sabtu, 19 Mei 2018 13:35 WIB",https://www.cnnindonesia.com/nasional/20180519122617-20-299518/lsm-tolak-pengaktifan-koopsusgab-untuk-sikat-terorisme,ADVERTISEMENT SCROLL TO CONTINUE WITH CONTENT
Moeldoko: Koopssusgab Diaktifkan Karena Teror di Depan Mata,"Sabtu, 19 Mei 2018 06:40 WIB",https://www.cnnindonesia.com/nasional/20180519031620-20-299465/moeldoko-koopssusgab-diaktifkan-karena-teror-di-depan-mata,ADVERTISEMENT SCROLL TO CONTINUE WITH CONTENT
Kilau Prestasi dan Seruan Evaluasi Kinerja Tito Karnavian,"Sabtu, 19 Mei 2018 03:20 WIB",https://www.cnnindonesia.com/nasional/20180518210335-32-299441/kilau-prestasi-dan-seruan-evaluasi-kinerja-tito-karnavian,ADVERTISEMENT SCROLL TO CONTINUE WITH CONTENT
"Pekan Depan, Komite Tetapkan Calon Komisioner BP Tapera","Sabtu, 19 Mei 2018 02:15 WIB",https://www.cnnindonesia.com/ekonomi/20180518203541-78-299435/pekan-depan-komite-tetapkan-calon-komisioner-bp-tapera,ADVERTISEMENT SCROLL TO CONTINUE WITH CONTENT
Draf RPP e-Commerce Ditargetkan Rampung Pekan Depan,"Jumat, 18 Mei 2018 23:51 WIB",https://www.cnnindonesia.com/ekonomi/20180518204938-92-299440/draf-rpp-e-commerce-ditargetkan-rampung-pekan-depan,ADVERTISEMENT SCROLL TO CONTINUE WITH CONTENT
"Tiga Tahun Terakhir, Layar Bioskop Indonesia Bertambah 600-an",Tanggal tidak ditemukan,https://www.cnnindonesia.com/hiburan/20180518191431-220-299398/tiga-tahun-terakhir-layar-bioskop-indonesia-bertambah-600-an,ADVERTISEMENT SCROLL TO CONTINUE WITH CONTENT
Jokowi: Koopsusgab Memberi Rasa Aman untuk Rakyat,"Jumat, 18 Mei 2018 20:10 WIB",https://www.cnnindonesia.com/nasional/20180518184125-12-299385/jokowi-koopsusgab-memberi-rasa-aman-untuk-rakyat,ADVERTISEMENT SCROLL TO CONTINUE WITH CONTENT
Membandingkan Kondisi Bank Era Soeharto Hingga Jokowi,"Jumat, 18 Mei 2018 20:03 WIB",https://www.cnnindonesia.com/ekonomi/20180518194007-78-299415/membandingkan-kondisi-bank-era-soeharto-hingga-jokowi,ADVERTISEMENT SCROLL TO CONTINUE WITH CONTENT
Jokowi Kembali Soroti Kejamnya Teroris karena Libatkan Anak,"Jumat, 18 Mei 2018 19:04 WIB",https://www.cnnindonesia.com/nasional/20180518182551-20-299383/jokowi-kembali-soroti-kejamnya-teroris-karena-libatkan-anak,ADVERTISEMENT SCROLL TO CONTINUE WITH CONTENT
Mensesneg Sebut Peluang Penerbitan Perppu Terorisme Kecil,"Jumat, 18 Mei 2018 17:17 WIB",https://www.cnnindonesia.com/nasional/20180518170837-12-299361/mensesneg-sebut-peluang-penerbitan-perppu-terorisme-kecil,ADVERTISEMENT SCROLL TO CONTINUE WITH CONTENT
"PDIP Sindir Gerindra, Prabowo Harusnya Deklarasikan Cawapres","Jumat, 18 Mei 2018 15:35 WIB",https://www.cnnindonesia.com/nasional/20180518152538-32-299297/pdip-sindir-gerindra-prabowo-harusnya-deklarasikan-cawapres,ADVERTISEMENT SCROLL TO CONTINUE WITH CONTENT
"Bahas Terorisme, Wiranto Panggil Kapolri Hingga Panglima TNI","Jumat, 18 Mei 2018 15:28 WIB",https://www.cnnindonesia.com/nasional/20180518151750-12-299280/bahas-terorisme-wiranto-panggil-kapolri-hingga-panglima-tni,ADVERTISEMENT SCROLL TO CONTINUE WITH CONTENT
Tiga Elite Gerindra-PKS Tentukan Cawapres Prabowo,"Jumat, 18 Mei 2018 13:33 WIB",https://www.cnnindonesia.com/nasional/20180518130853-32-299227/tiga-elite-gerindra-pks-tentukan-cawapres-prabowo,ADVERTISEMENT SCROLL TO CONTINUE WITH CONTENT
Saling Sindir SBY-Jokowi Diharapkan Tak Pengaruhi Koalisi,"Jumat, 18 Mei 2018 13:11 WIB",https://www.cnnindonesia.com/nasional/20180518125410-32-299226/saling-sindir-sby-jokowi-diharapkan-tak-pengaruhi-koalisi,ADVERTISEMENT SCROLL TO CONTINUE WITH CONTENT
"Sambil Berpantun, Ketua DPR Janji Selesaikan RUU Terorisme","Jumat, 18 Mei 2018 11:46 WIB",https://www.cnnindonesia.com/nasional/20180518112709-12-299191/sambil-berpantun-ketua-dpr-janji-selesaikan-ruu-terorisme,ADVERTISEMENT SCROLL TO CONTINUE WITH CONTENT
"Puasa Pertama, Jokowi Ajak Masyarakat Jaga Toleransi","Kamis, 17 Mei 2018 22:16 WIB",https://www.cnnindonesia.com/nasional/20180517135409-20-298948/puasa-pertama-jokowi-ajak-masyarakat-jaga-toleransi,ADVERTISEMENT SCROLL TO CONTINUE WITH CONTENT
GP Ansor: Masjid Instansi Pemerintah Terpapar Paham Radikal,"Kamis, 17 Mei 2018 21:04 WIB",https://www.cnnindonesia.com/nasional/20180517194448-20-299080/gp-ansor-masjid-instansi-pemerintah-terpapar-paham-radikal,ADVERTISEMENT SCROLL TO CONTINUE WITH CONTENT
Daftar Penceramah di BUMN Jadi Sorotan NU dan Muhammadiyah,"Kamis, 17 Mei 2018 18:25 WIB",https://www.cnnindonesia.com/nasional/20180517145617-20-298976/daftar-penceramah-di-bumn-jadi-sorotan-nu-dan-muhammadiyah,ADVERTISEMENT SCROLL TO CONTINUE WITH CONTENT
Aura Panas SBY vs Jokowi Terbakar Subsidi BBM,"Kamis, 17 Mei 2018 17:27 WIB",https://www.cnnindonesia.com/ekonomi/20180517114423-85-298888/aura-panas-sby-vs-jokowi-terbakar-subsidi-bbm,ADVERTISEMENT SCROLL TO CONTINUE WITH CONTENT
"Tak Terima Disebut Langgar Tatib, 'Asyik' Somasi KPU-Bawaslu","Kamis, 17 Mei 2018 15:37 WIB",https://www.cnnindonesia.com/nasional/20180517150830-32-298978/tak-terima-disebut-langgar-tatib-asyik-somasi-kpu-bawaslu,ADVERTISEMENT SCROLL TO CONTINUE WITH CONTENT
Dua Pendaki Wanita Indonesia Cetak Sejarah Baru Seven Summits,"Kamis, 17 Mei 2018 14:54 WIB",https://www.cnnindonesia.com/olahraga/20180517144238-178-298965/dua-pendaki-wanita-indonesia-cetak-sejarah-baru-seven-summits,ADVERTISEMENT SCROLL TO CONTINUE WITH CONTENT
"Singgung Kebijakan SBY, Jokowi Diminta Fokus Benahi Negara","Kamis, 17 Mei 2018 13:18 WIB",https://www.cnnindonesia.com/nasional/20180517130936-32-298928/singgung-kebijakan-sby-jokowi-diminta-fokus-benahi-negara,ADVERTISEMENT SCROLL TO CONTINUE WITH CONTENT
Pengamat: Defisit APBN Era Jokowi Lebih Besar dari SBY,"Kamis, 17 Mei 2018 11:24 WIB",https://www.cnnindonesia.com/ekonomi/20180516204148-532-298791/pengamat-defisit-apbn-era-jokowi-lebih-besar-dari-sby,ADVERTISEMENT SCROLL TO CONTINUE WITH CONTENT
Kantor Staf Presiden Bentukan Jokowi Dianggap Pemborosan,"Kamis, 17 Mei 2018 10:10 WIB",https://www.cnnindonesia.com/nasional/20180517094224-32-298865/kantor-staf-presiden-bentukan-jokowi-dianggap-pemborosan,ADVERTISEMENT SCROLL TO CONTINUE WITH CONTENT
"Nyinyir #SBYJelaskan, Demokrat Sindir Cuit Jokowi soal JKT48","Kamis, 17 Mei 2018 09:44 WIB",https://www.cnnindonesia.com/nasional/20180517090923-32-298861/nyinyir-sbyjelaskan-demokrat-sindir-cuit-jokowi-soal-jkt48,ADVERTISEMENT SCROLL TO CONTINUE WITH CONTENT
Intelijen Gagal Redam Kebangkitan Sel Tidur Kelompok Teroris,"Kamis, 17 Mei 2018 06:30 WIB",https://www.cnnindonesia.com/nasional/20180516182437-20-298739/intelijen-gagal-redam-kebangkitan-sel-tidur-kelompok-teroris,ADVERTISEMENT SCROLL TO CONTINUE WITH CONTENT
Prabowo dan Moeldoko Kompak Soal TNI Terlibat Atasi Terorisme,"Kamis, 17 Mei 2018 05:37 WIB",https://www.cnnindonesia.com/nasional/20180516215601-20-298811/prabowo-dan-moeldoko-kompak-soal-tni-terlibat-atasi-terorisme,ADVERTISEMENT SCROLL TO CONTINUE WITH CONTENT
Wiranto Minta RUU Terorisme Tak Dijadikan Polemik,"Kamis, 17 Mei 2018 02:47 WIB",https://www.cnnindonesia.com/nasional/20180516200642-32-298772/wiranto-minta-ruu-terorisme-tak-dijadikan-polemik,ADVERTISEMENT SCROLL TO CONTINUE WITH CONTENT
PA 212 Tolak RUU dan Perppu Terorisme,"Rabu, 16 Mei 2018 23:30 WIB",https://www.cnnindonesia.com/nasional/20180516211014-32-298803/pa-212-tolak-ruu-dan-perppu-terorisme,ADVERTISEMENT SCROLL TO CONTINUE WITH CONTENT
"Jokowi Dinilai Tak Mau Disalahkan, SBY Makin Galau di Pilpres","Rabu, 16 Mei 2018 21:30 WIB",https://www.cnnindonesia.com/nasional/20180516143237-32-298692/jokowi-dinilai-tak-mau-disalahkan-sby-makin-galau-di-pilpres,ADVERTISEMENT SCROLL TO CONTINUE WITH CONTENT
"Jamin Keamanan, Polri Pertahankan Siaga Satu Selama Ramadan","Rabu, 16 Mei 2018 19:54 WIB",https://www.cnnindonesia.com/nasional/20180516183918-20-298745/jamin-keamanan-polri-pertahankan-siaga-satu-selama-ramadan,ADVERTISEMENT SCROLL TO CONTINUE WITH CONTENT
Pertamina dan Gelengan Kepala Jokowi,"Rabu, 16 Mei 2018 19:05 WIB",https://www.cnnindonesia.com/ekonomi/20180516142159-86-298650/pertamina-dan-gelengan-kepala-jokowi,ADVERTISEMENT SCROLL TO CONTINUE WITH CONTENT
Marak Teror dan Bincang Serius Para Jenderal di Rapat Kabinet,"Rabu, 16 Mei 2018 17:47 WIB",https://www.cnnindonesia.com/nasional/20180516170221-20-298728/marak-teror-dan-bincang-serius-para-jenderal-di-rapat-kabinet,ADVERTISEMENT SCROLL TO CONTINUE WITH CONTENT
"Akun Jokowi Balas Cuitan Beby JKT48, Admin Dibebastugaskan","Rabu, 16 Mei 2018 17:31 WIB",https://www.cnnindonesia.com/nasional/20180516172225-20-298727/akun-jokowi-balas-cuitan-beby-jkt48-admin-dibebastugaskan,ADVERTISEMENT SCROLL TO CONTINUE WITH CONTENT
"Jokowi Minta Kapolri, TNI dan BIN Jamin Keamanan Ramadan","Rabu, 16 Mei 2018 17:17 WIB",https://www.cnnindonesia.com/nasional/20180516161632-20-298707/jokowi-minta-kapolri-tni-dan-bin-jamin-keamanan-ramadan,ADVERTISEMENT SCROLL TO CONTINUE WITH CONTENT
Prabowo Sebut Kehebatan Polisi Tergantung Pemimpin Politiknya,"Rabu, 16 Mei 2018 17:01 WIB",https://www.cnnindonesia.com/nasional/20180516165514-20-298719/prabowo-sebut-kehebatan-polisi-tergantung-pemimpin-politiknya,ADVERTISEMENT SCROLL TO CONTINUE WITH CONTENT
"Teror di Mapolda Riau, Moeldoko Sebut Pentingnya Peran TNI","Rabu, 16 Mei 2018 15:27 WIB",https://www.cnnindonesia.com/nasional/20180516152117-20-298672/teror-di-mapolda-riau-moeldoko-sebut-pentingnya-peran-tni,ADVERTISEMENT SCROLL TO CONTINUE WITH CONTENT
Fadli Zon 'Colek' Jokowi soal Rupiah Ambruk Rp14.108 per US$1,"Rabu, 16 Mei 2018 15:15 WIB",https://www.cnnindonesia.com/nasional/20180516143317-20-298655/fadli-zon-colek-jokowi-soal-rupiah-ambruk-rp14108-per-us-1,ADVERTISEMENT SCROLL TO CONTINUE WITH CONTENT
Perbedaan Strategi Subsidi BBM Jokowi vs SBY,"Rabu, 16 Mei 2018 14:41 WIB",https://www.cnnindonesia.com/ekonomi/20180516143633-88-298653/perbedaan-strategi-subsidi-bbm-jokowi-vs-sby,
"Polemik Subsidi BBM Jokowi, Demokrat Klaim SBY Lebih Unggul","Rabu, 16 Mei 2018 13:37 WIB",https://www.cnnindonesia.com/nasional/20180516130711-32-298619/polemik-subsidi-bbm-jokowi-demokrat-klaim-sby-lebih-unggul,ADVERTISEMENT SCROLL TO CONTINUE WITH CONTENT
"Rupiah Melemah, Jokowi Sebut RI Hadapi Keseimbangan Baru","Rabu, 16 Mei 2018 08:32 WIB",https://www.cnnindonesia.com/ekonomi/20180515144913-532-298370/rupiah-melemah-jokowi-sebut-ri-hadapi-keseimbangan-baru,ADVERTISEMENT SCROLL TO CONTINUE WITH CONTENT
Ombudsman Dukung Percepatan Pengesahan RUU Terorisme,"Rabu, 16 Mei 2018 06:01 WIB",https://www.cnnindonesia.com/nasional/20180515181353-32-298445/ombudsman-dukung-percepatan-pengesahan-ruu-terorisme,ADVERTISEMENT SCROLL TO CONTINUE WITH CONTENT
Waka MPR Minta Jokowi Tegur Yasonna Laoly Soal RUU Terorisme,"Rabu, 16 Mei 2018 04:10 WIB",https://www.cnnindonesia.com/nasional/20180515132521-32-298347/waka-mpr-minta-jokowi-tegur-yasonna-laoly-soal-ruu-terorisme,ADVERTISEMENT SCROLL TO CONTINUE WITH CONTENT
Menyoal Bahasan Citarum dalam Debat Kedua Pilgub Jabar,"Rabu, 16 Mei 2018 00:03 WIB",https://www.cnnindonesia.com/nasional/20180515145102-32-298381/menyoal-bahasan-citarum-dalam-debat-kedua-pilgub-jabar,ADVERTISEMENT SCROLL TO CONTINUE WITH CONTENT
Kicauan SBY Balas Kritik Jokowi soal Subsidi BBM,"Selasa, 15 Mei 2018 22:24 WIB",https://www.cnnindonesia.com/ekonomi/20180515221845-85-298493/kicauan-sby-balas-kritik-jokowi-soal-subsidi-bbm,ADVERTISEMENT SCROLL TO CONTINUE WITH CONTENT
KPK Surati Jokowi untuk Terbitkan Perpres Mobil Listrik,"Selasa, 15 Mei 2018 21:31 WIB",https://www.cnnindonesia.com/nasional/20180515205129-20-298476/kpk-surati-jokowi-untuk-terbitkan-perpres-mobil-listrik,ADVERTISEMENT SCROLL TO CONTINUE WITH CONTENT
"Lepas Kapal Ekspor, Jokowi Optimis Ekspor RI Bisa Kompetitif","Selasa, 15 Mei 2018 19:44 WIB",https://www.cnnindonesia.com/ekonomi/20180515190527-92-298448/lepas-kapal-ekspor-jokowi-optimis-ekspor-ri-bisa-kompetitif,ADVERTISEMENT SCROLL TO CONTINUE WITH CONTENT
JK Nilai Perppu Terorisme Tak Perlu Diterbitkan,"Selasa, 15 Mei 2018 17:29 WIB",https://www.cnnindonesia.com/nasional/20180515170502-32-298409/jk-nilai-perppu-terorisme-tak-perlu-diterbitkan,ADVERTISEMENT SCROLL TO CONTINUE WITH CONTENT
"Butuh Ahli Medsos dan Framing, Jokowi Tambah Stafsus Presiden","Selasa, 15 Mei 2018 17:17 WIB",https://www.cnnindonesia.com/nasional/20180515163326-20-298403/butuh-ahli-medsos-dan-framing-jokowi-tambah-stafsus-presiden,ADVERTISEMENT SCROLL TO CONTINUE WITH CONTENT
Fadli Zon Sebut Pamer Kaus #2019GantiPresiden 'Asyik' Brilian,"Selasa, 15 Mei 2018 16:38 WIB",https://www.cnnindonesia.com/nasional/20180515162248-32-298397/fadli-zon-sebut-pamer-kaus-2019gantipresiden-asyik-brilian,ADVERTISEMENT SCROLL TO CONTINUE WITH CONTENT
Jokowi: Fokus Inovasi Teknologi Setelah Infrastruktur,"Selasa, 15 Mei 2018 14:44 WIB",https://www.cnnindonesia.com/teknologi/20180515143303-185-298357/jokowi-fokus-inovasi-teknologi-setelah-infrastruktur,ADVERTISEMENT SCROLL TO CONTINUE WITH CONTENT
Jokowi Minta Menteri Ekonomi Singkirkan Hambatan Ekspor,"Selasa, 15 Mei 2018 14:40 WIB",https://www.cnnindonesia.com/ekonomi/20180515132702-92-298337/jokowi-minta-menteri-ekonomi-singkirkan-hambatan-ekspor,ADVERTISEMENT SCROLL TO CONTINUE WITH CONTENT
Spontanitas Jokowi Singgung Romi PPP Cocok Jadi Cawapres,"Selasa, 15 Mei 2018 14:28 WIB",https://www.cnnindonesia.com/nasional/20180515142146-32-298352/spontanitas-jokowi-singgung-romi-ppp-cocok-jadi-cawapres,ADVERTISEMENT SCROLL TO CONTINUE WITH CONTENT
Pimpinan DPR Yakin RUU Terorisme Bisa Rampung Juni,"Selasa, 15 Mei 2018 13:39 WIB",https://www.cnnindonesia.com/nasional/20180515123904-32-298332/pimpinan-dpr-yakin-ruu-terorisme-bisa-rampung-juni,ADVERTISEMENT SCROLL TO CONTINUE WITH CONTENT
"Revisi UU Terorisme, Keresahan Negara Usai Bom Surabaya","Selasa, 15 Mei 2018 09:44 WIB",https://www.cnnindonesia.com/nasional/20180515084244-32-298254/revisi-uu-terorisme-keresahan-negara-usai-bom-surabaya,ADVERTISEMENT SCROLL TO CONTINUE WITH CONTENT
Polri Sepakat TNI Dilibatkan dalam Penanggulangan Teror,"Selasa, 15 Mei 2018 09:15 WIB",https://www.cnnindonesia.com/nasional/20180515082412-12-298245/polri-sepakat-tni-dilibatkan-dalam-penanggulangan-teror,ADVERTISEMENT SCROLL TO CONTINUE WITH CONTENT
Kaus Ganti Presiden Petakan Sikap Oposisi Vs Istana di Jabar,"Selasa, 15 Mei 2018 08:47 WIB",https://www.cnnindonesia.com/nasional/20180515080404-32-298242/kaus-ganti-presiden-petakan-sikap-oposisi-vs-istana-di-jabar,ADVERTISEMENT SCROLL TO CONTINUE WITH CONTENT
Tarik Ulur RUU Terorisme di Bayang-bayang Bom Surabaya,"Selasa, 15 Mei 2018 06:58 WIB",https://www.cnnindonesia.com/nasional/20180514161122-32-298136/tarik-ulur-ruu-terorisme-di-bayang-bayang-bom-surabaya,ADVERTISEMENT SCROLL TO CONTINUE WITH CONTENT
Cerita Jokowi Bisa Bermain dengan Dua Kuda KPK Setiap Hari,"Selasa, 15 Mei 2018 04:37 WIB",https://www.cnnindonesia.com/nasional/20180515041209-20-298223/cerita-jokowi-bisa-bermain-dengan-dua-kuda-kpk-setiap-hari,ADVERTISEMENT SCROLL TO CONTINUE WITH CONTENT
Teror Bom Surabaya Diharapkan Tak Lemahkan Semangat Persatuan,"Selasa, 15 Mei 2018 04:01 WIB",https://www.cnnindonesia.com/nasional/20180514170737-20-298114/teror-bom-surabaya-diharapkan-tak-lemahkan-semangat-persatuan,ADVERTISEMENT SCROLL TO CONTINUE WITH CONTENT
Anggota Komisi III Sepakati RUU Terorisme Selesai Akhir Mei,"Selasa, 15 Mei 2018 03:04 WIB",https://www.cnnindonesia.com/nasional/20180514214500-32-298194/anggota-komisi-iii-sepakati-ruu-terorisme-selesai-akhir-mei,ADVERTISEMENT SCROLL TO CONTINUE WITH CONTENT
DPR Imbau Pansus Segera Selesaikan Kendala RUU Terorisme,"Selasa, 15 Mei 2018 01:19 WIB",https://www.cnnindonesia.com/nasional/20180514180721-32-298125/dpr-imbau-pansus-segera-selesaikan-kendala-ruu-terorisme,ADVERTISEMENT SCROLL TO CONTINUE WITH CONTENT
"Survei LSI: Elektabilitas Jokowi Tertinggi, Namun Mulai Goyah","Selasa, 15 Mei 2018 00:27 WIB",https://www.cnnindonesia.com/nasional/20180514190420-32-298159/survei-lsi-elektabilitas-jokowi-tertinggi-namun-mulai-goyah,ADVERTISEMENT SCROLL TO CONTINUE WITH CONTENT
Hasanuddin Klaim Bisa Benahi Citarum dalam Lima Tahun,"Senin, 14 Mei 2018 21:59 WIB",https://www.cnnindonesia.com/nasional/20180514215503-32-298195/hasanuddin-klaim-bisa-benahi-citarum-dalam-lima-tahun,ADVERTISEMENT SCROLL TO CONTINUE WITH CONTENT
Jokowi: Dana Desa Tak Boleh Kembali ke Ibu Kota,"Senin, 14 Mei 2018 20:07 WIB",https://www.cnnindonesia.com/ekonomi/20180514131848-532-298032/jokowi-dana-desa-tak-boleh-kembali-ke-ibu-kota,ADVERTISEMENT SCROLL TO CONTINUE WITH CONTENT
Bamsoet Pastikan RUU Terorisme Rampung Bulan Ini,"Senin, 14 Mei 2018 19:55 WIB",https://www.cnnindonesia.com/nasional/20180514192801-32-298160/bamsoet-pastikan-ruu-terorisme-rampung-bulan-ini,ADVERTISEMENT SCROLL TO CONTINUE WITH CONTENT
"Jelang Debat Pilgub Jabar, Paslon Saling Lempar Soal Citarum","Senin, 14 Mei 2018 19:51 WIB",https://www.cnnindonesia.com/nasional/20180514193954-32-298165/jelang-debat-pilgub-jabar-paslon-saling-lempar-soal-citarum,ADVERTISEMENT SCROLL TO CONTINUE WITH CONTENT
Johan Budi Mewanti-wanti soal Hoaks Bom,"Senin, 14 Mei 2018 18:50 WIB",https://www.cnnindonesia.com/teknologi/20180514184144-192-298139/johan-budi-mewanti-wanti-soal-hoaks-bom,ADVERTISEMENT SCROLL TO CONTINUE WITH CONTENT
Fadli Zon Salahkan Pemerintah atas Tertundanya UU Terorisme,"Senin, 14 Mei 2018 18:22 WIB",https://www.cnnindonesia.com/nasional/20180514144711-20-298077/fadli-zon-salahkan-pemerintah-atas-tertundanya-uu-terorisme,ADVERTISEMENT SCROLL TO CONTINUE WITH CONTENT
"Teror Bom Surabaya, Jokowi Sebut Semua Elemen Perlu Bersatu","Senin, 14 Mei 2018 17:44 WIB",https://www.cnnindonesia.com/nasional/20180514143315-20-298071/teror-bom-surabaya-jokowi-sebut-semua-elemen-perlu-bersatu,ADVERTISEMENT SCROLL TO CONTINUE WITH CONTENT
"Tahun Politik, Jokowi Minta Parpol Jangan Bikin Perpecahan","Senin, 14 Mei 2018 16:25 WIB",https://www.cnnindonesia.com/nasional/20180514160749-32-298098/tahun-politik-jokowi-minta-parpol-jangan-bikin-perpecahan,ADVERTISEMENT SCROLL TO CONTINUE WITH CONTENT
Peneliti: Bom Surabaya Dapat Rugikan Elektabilitas Jokowi,"Senin, 14 Mei 2018 16:07 WIB",https://www.cnnindonesia.com/nasional/20180514153803-32-298089/peneliti-bom-surabaya-dapat-rugikan-elektabilitas-jokowi,ADVERTISEMENT SCROLL TO CONTINUE WITH CONTENT
Wiranto Pastikan UU Terorisme Tak Buat TNI Superior,"Senin, 14 Mei 2018 15:47 WIB",https://www.cnnindonesia.com/nasional/20180514141654-20-298064/wiranto-pastikan-uu-terorisme-tak-buat-tni-superior,ADVERTISEMENT SCROLL TO CONTINUE WITH CONTENT
"Kecam Bom Surabaya, PM Singapura Kirim Surat ke Jokowi","Senin, 14 Mei 2018 15:10 WIB",https://www.cnnindonesia.com/internasional/20180514144009-106-298073/kecam-bom-surabaya-pm-singapura-kirim-surat-ke-jokowi,ADVERTISEMENT SCROLL TO CONTINUE WITH CONTENT
"Cegah Teror Bom, Aparat Awasi WNI yang Kembali dari Suriah","Senin, 14 Mei 2018 13:36 WIB",https://www.cnnindonesia.com/nasional/20180514132011-20-298033/cegah-teror-bom-aparat-awasi-wni-yang-kembali-dari-suriah,ADVERTISEMENT SCROLL TO CONTINUE WITH CONTENT
Moeldoko: Penyebar Hoaks Teror Bom Akan Ditindak,"Senin, 14 Mei 2018 13:03 WIB",https://www.cnnindonesia.com/nasional/20180514125511-20-298018/moeldoko-penyebar-hoaks-teror-bom-akan-ditindak,ADVERTISEMENT SCROLL TO CONTINUE WITH CONTENT
Jokowi Tak Habis Pikir Pelaku Bom Surabaya Libatkan Anak-anak,"Senin, 14 Mei 2018 12:48 WIB",https://www.cnnindonesia.com/nasional/20180514123611-20-298011/jokowi-tak-habis-pikir-pelaku-bom-surabaya-libatkan-anak-anak,ADVERTISEMENT SCROLL TO CONTINUE WITH CONTENT
Teror Bom di Surabaya Disebut Tiru ISIS Dengan Target Lawas,"Senin, 14 Mei 2018 11:56 WIB",https://www.cnnindonesia.com/nasional/20180514113546-20-297993/teror-bom-di-surabaya-disebut-tiru-isis-dengan-target-lawas,ADVERTISEMENT SCROLL TO CONTINUE WITH CONTENT
Jokowi: Bom Surabaya Tindakan Pengecut,"Senin, 14 Mei 2018 11:46 WIB",https://www.cnnindonesia.com/nasional/20180514112418-20-297988/jokowi-bom-surabaya-tindakan-pengecut,ADVERTISEMENT SCROLL TO CONTINUE WITH CONTENT
"Singgung Perppu, Ketua Pansus RUU Terorisme Minta Tito Mundur","Senin, 14 Mei 2018 11:45 WIB",https://www.cnnindonesia.com/nasional/20180514090515-32-297941/singgung-perppu-ketua-pansus-ruu-terorisme-minta-tito-mundur,ADVERTISEMENT SCROLL TO CONTINUE WITH CONTENT
4 Polisi Terluka dalam Serangan Bom Mapolrestabes Surabaya,"Senin, 14 Mei 2018 11:12 WIB",https://www.cnnindonesia.com/nasional/20180514110150-20-297971/4-polisi-terluka-dalam-serangan-bom-mapolrestabes-surabaya,ADVERTISEMENT SCROLL TO CONTINUE WITH CONTENT
Jokowi Akan Terbitkan Perppu Terorisme Bulan Depan,"Senin, 14 Mei 2018 11:10 WIB",https://www.cnnindonesia.com/nasional/20180514105745-20-297970/jokowi-akan-terbitkan-perppu-terorisme-bulan-depan,ADVERTISEMENT SCROLL TO CONTINUE WITH CONTENT
Presiden Jokowi Kecam Serangan Bom Mapolrestabes Surabaya,"Senin, 14 Mei 2018 10:50 WIB",https://www.cnnindonesia.com/nasional/20180514104144-20-297958/presiden-jokowi-kecam-serangan-bom-mapolrestabes-surabaya,ADVERTISEMENT SCROLL TO CONTINUE WITH CONTENT
Jokowi Desak DPR Segera Selesaikan RUU Anti-Terorisme,"Senin, 14 Mei 2018 10:40 WIB",https://www.cnnindonesia.com/nasional/20180514102539-20-297956/jokowi-desak-dpr-segera-selesaikan-ruu-anti-terorisme,ADVERTISEMENT SCROLL TO CONTINUE WITH CONTENT
Jokowi Ajak Kepala Desa Doakan Korban Bom Surabaya,"Senin, 14 Mei 2018 10:06 WIB",https://www.cnnindonesia.com/nasional/20180514100138-20-297947/jokowi-ajak-kepala-desa-doakan-korban-bom-surabaya,ADVERTISEMENT SCROLL TO CONTINUE WITH CONTENT
Rekapitulasi Fakta Rentetan Bom Surabaya dan Sidoarjo,"Senin, 14 Mei 2018 09:52 WIB",https://www.cnnindonesia.com/nasional/20180514084714-20-297934/rekapitulasi-fakta-rentetan-bom-surabaya-dan-sidoarjo,ADVERTISEMENT SCROLL TO CONTINUE WITH CONTENT
Kesaksian Tragedi Bom Gereja Katolik Santa Maria Tak Bercela,"Senin, 14 Mei 2018 09:04 WIB",https://www.cnnindonesia.com/nasional/20180514085029-20-297935/kesaksian-tragedi-bom-gereja-katolik-santa-maria-tak-bercela,ADVERTISEMENT SCROLL TO CONTINUE WITH CONTENT
Perang Tagar Tak Berguna untuk Kepentingan Rakyat,"Senin, 14 Mei 2018 06:39 WIB",https://www.cnnindonesia.com/nasional/20180513155355-32-297803/perang-tagar-tak-berguna-untuk-kepentingan-rakyat,ADVERTISEMENT SCROLL TO CONTINUE WITH CONTENT
SBY Soal Bom Surabaya: Jangan Saling Menyalahkan,"Senin, 14 Mei 2018 02:53 WIB",https://www.cnnindonesia.com/nasional/20180514024150-32-297894/sby-soal-bom-surabaya-jangan-saling-menyalahkan,ADVERTISEMENT SCROLL TO CONTINUE WITH CONTENT
Ketum PPP: Satu Parpol Sudah Resmi Dukung Jokowi,"Minggu, 13 Mei 2018 23:48 WIB",https://www.cnnindonesia.com/nasional/20180513233938-32-297872/ketum-ppp-satu-parpol-sudah-resmi-dukung-jokowi,ADVERTISEMENT SCROLL TO CONTINUE WITH CONTENT
Jokowi Minta Warga Tenang dan Bersatu Perangi Terorisme,"Minggu, 13 Mei 2018 21:36 WIB",https://www.cnnindonesia.com/nasional/20180513170606-20-297826/jokowi-minta-warga-tenang-dan-bersatu-perangi-terorisme,ADVERTISEMENT SCROLL TO CONTINUE WITH CONTENT
"Usai Bom Surabaya, Tjahjo Instruksikan Satpol PP Tak Libur","Minggu, 13 Mei 2018 19:05 WIB",https://www.cnnindonesia.com/nasional/20180513184532-20-297841/usai-bom-surabaya-tjahjo-instruksikan-satpol-pp-tak-libur,ADVERTISEMENT SCROLL TO CONTINUE WITH CONTENT
"Bom Surabaya, Tito Mohon Jokowi Terbitkan Perppu Terorisme","Minggu, 13 Mei 2018 17:42 WIB",https://www.cnnindonesia.com/nasional/20180513173418-12-297830/bom-surabaya-tito-mohon-jokowi-terbitkan-perppu-terorisme,ADVERTISEMENT SCROLL TO CONTINUE WITH CONTENT
Tito Ungkap Tiga Jenis Bom Berbeda di Surabaya,"Minggu, 13 Mei 2018 17:17 WIB",https://www.cnnindonesia.com/nasional/20180513170713-20-297827/tito-ungkap-tiga-jenis-bom-berbeda-di-surabaya,ADVERTISEMENT SCROLL TO CONTINUE WITH CONTENT
Jokowi: Teror Bom Surabaya di Luar Batas Kemanusiaan,"Minggu, 13 Mei 2018 16:58 WIB",https://www.cnnindonesia.com/nasional/20180513165339-20-297824/jokowi-teror-bom-surabaya-di-luar-batas-kemanusiaan,ADVERTISEMENT SCROLL TO CONTINUE WITH CONTENT
Jokowi Jamin Negara Biayai Korban Luka Bom Surabaya,"Minggu, 13 Mei 2018 16:51 WIB",https://www.cnnindonesia.com/nasional/20180513153814-12-297821/jokowi-jamin-negara-biayai-korban-luka-bom-surabaya,ADVERTISEMENT SCROLL TO CONTINUE WITH CONTENT
Jokowi Perintahkan Kapolri Bongkar Jaringan Pelaku,"Minggu, 13 Mei 2018 16:45 WIB",https://www.cnnindonesia.com/nasional/20180513154452-12-297808/jokowi-perintahkan-kapolri-bongkar-jaringan-pelaku,ADVERTISEMENT SCROLL TO CONTINUE WITH CONTENT
"Keamanan Terminal, Pelabuhan dan Bandara Diperketat","Minggu, 13 Mei 2018 16:42 WIB",https://www.cnnindonesia.com/nasional/20180513163758-20-297820/keamanan-terminal-pelabuhan-dan-bandara-diperketat,ADVERTISEMENT SCROLL TO CONTINUE WITH CONTENT
Jokowi Kunjungi Gereja Lokasi Bom Surabaya,"Minggu, 13 Mei 2018 16:39 WIB",https://www.cnnindonesia.com/nasional/20180513163657-20-297807/jokowi-kunjungi-gereja-lokasi-bom-surabaya,ADVERTISEMENT SCROLL TO CONTINUE WITH CONTENT
Mendagri Imbau Ormas Jangan Sebar Ajaran Sesat,"Minggu, 13 Mei 2018 16:01 WIB",https://www.cnnindonesia.com/nasional/20180513154712-20-297799/mendagri-imbau-ormas-jangan-sebar-ajaran-sesat,ADVERTISEMENT SCROLL TO CONTINUE WITH CONTENT
Gerindra Minta Jokowi Evaluasi Kapolri dan Kepala BIN,"Minggu, 13 Mei 2018 15:59 WIB",https://www.cnnindonesia.com/nasional/20180513153928-32-297796/gerindra-minta-jokowi-evaluasi-kapolri-dan-kepala-bin,ADVERTISEMENT SCROLL TO CONTINUE WITH CONTENT
Korban Tewas Bom Surabaya Bertambah Jadi 11 Orang,"Minggu, 13 Mei 2018 15:36 WIB",https://www.cnnindonesia.com/nasional/20180513152912-20-297795/korban-tewas-bom-surabaya-bertambah-jadi-11-orang,ADVERTISEMENT SCROLL TO CONTINUE WITH CONTENT
"Batalkan Agenda di Jakarta, Jokowi Tiba di Surabaya","Minggu, 13 Mei 2018 14:53 WIB",https://www.cnnindonesia.com/nasional/20180513144127-20-297786/batalkan-agenda-di-jakarta-jokowi-tiba-di-surabaya,ADVERTISEMENT SCROLL TO CONTINUE WITH CONTENT
Jokowi Batal Hadiri Workshop Nasional PPP,"Minggu, 13 Mei 2018 14:37 WIB",https://www.cnnindonesia.com/nasional/20180513143223-32-297781/jokowi-batal-hadiri-workshop-nasional-ppp,ADVERTISEMENT SCROLL TO CONTINUE WITH CONTENT
Sekjen PDIP Sebut Pelaku Peledakan Bom Surabaya Pengecut,"Minggu, 13 Mei 2018 12:04 WIB",https://www.cnnindonesia.com/nasional/20180513120123-20-297753/sekjen-pdip-sebut-pelaku-peledakan-bom-surabaya-pengecut,ADVERTISEMENT SCROLL TO CONTINUE WITH CONTENT
"Aksi 115, Modal Jokowi Bela Palestina di Dunia Internasional","Minggu, 13 Mei 2018 06:38 WIB",https://www.cnnindonesia.com/nasional/20180512152340-20-297629/aksi-115-modal-jokowi-bela-palestina-di-dunia-internasional,ADVERTISEMENT SCROLL TO CONTINUE WITH CONTENT
Jokowi Soal Diskon Tarif Tol Mudik: Itu Urusan Operator,"Minggu, 13 Mei 2018 02:52 WIB",https://www.cnnindonesia.com/ekonomi/20180512195340-78-297680/jokowi-soal-diskon-tarif-tol-mudik-itu-urusan-operator,ADVERTISEMENT SCROLL TO CONTINUE WITH CONTENT
Kapolda: Penyerangan Polsek Bayah Karena Warga Salah Paham,"Minggu, 13 Mei 2018 00:52 WIB",https://www.cnnindonesia.com/nasional/20180513004407-12-297699/kapolda-penyerangan-polsek-bayah-karena-warga-salah-paham,ADVERTISEMENT SCROLL TO CONTINUE WITH CONTENT
"Mahathir Menang, Megawati Yakin Indonesia-Malaysia Lebih Baik","Sabtu, 12 Mei 2018 19:13 WIB",https://www.cnnindonesia.com/nasional/20180512190409-32-297659/mahathir-menang-megawati-yakin-indonesia-malaysia-lebih-baik,ADVERTISEMENT SCROLL TO CONTINUE WITH CONTENT
Polisi Telusuri Penyebab Penyerangan Polsek Bayah oleh Warga,"Sabtu, 12 Mei 2018 18:40 WIB",https://www.cnnindonesia.com/nasional/20180512182417-20-297657/polisi-telusuri-penyebab-penyerangan-polsek-bayah-oleh-warga,ADVERTISEMENT SCROLL TO CONTINUE WITH CONTENT
PAN: Amien Rais dan Zulkifli Hasan Bakal Satu Suara,"Sabtu, 12 Mei 2018 18:11 WIB",https://www.cnnindonesia.com/nasional/20180512170658-32-297639/pan-amien-rais-dan-zulkifli-hasan-bakal-satu-suara,ADVERTISEMENT SCROLL TO CONTINUE WITH CONTENT
Fadli Zon: Cawapres Prabowo Ditentukan Setelah Pilkada,"Sabtu, 12 Mei 2018 14:25 WIB",https://www.cnnindonesia.com/nasional/20180512134856-32-297615/fadli-zon-cawapres-prabowo-ditentukan-setelah-pilkada,ADVERTISEMENT SCROLL TO CONTINUE WITH CONTENT
"Rupiah Melemah, Elektabilitas Jokowi Dinilai Akan Merosot","Sabtu, 12 Mei 2018 06:15 WIB",https://www.cnnindonesia.com/nasional/20180508115115-32-296526/rupiah-melemah-elektabilitas-jokowi-dinilai-akan-merosot,ADVERTISEMENT SCROLL TO CONTINUE WITH CONTENT
Cak Imin Pilih Jokowi dan Singgung Prabowo di Pilpres 2019,"Sabtu, 12 Mei 2018 04:36 WIB",https://www.cnnindonesia.com/nasional/20180511190251-32-297529/cak-imin-pilih-jokowi-dan-singgung-prabowo-di-pilpres-2019,ADVERTISEMENT SCROLL TO CONTINUE WITH CONTENT
Jokowi Janji Angkat KH Syamun Jadi Pahlawan Nasional,"Sabtu, 12 Mei 2018 03:10 WIB",https://www.cnnindonesia.com/nasional/20180512025950-20-297581/jokowi-janji-angkat-kh-syamun-jadi-pahlawan-nasional,ADVERTISEMENT SCROLL TO CONTINUE WITH CONTENT
"Oposisi Malaysia Menang, Fahri Prediksi Era Jokowi Berakhir","Jumat, 11 Mei 2018 21:40 WIB",https://www.cnnindonesia.com/nasional/20180511211546-32-297572/oposisi-malaysia-menang-fahri-prediksi-era-jokowi-berakhir,ADVERTISEMENT SCROLL TO CONTINUE WITH CONTENT
"Jokowi ke Banten, Ruas Jalan Mendadak 'Disulap' Mulus","Jumat, 11 Mei 2018 20:52 WIB",https://www.cnnindonesia.com/nasional/20180511203652-20-297563/jokowi-ke-banten-ruas-jalan-mendadak-disulap-mulus,ADVERTISEMENT SCROLL TO CONTINUE WITH CONTENT
GNPF Ulama Desak Pemerintah Konkret soal Palestina,"Jumat, 11 Mei 2018 19:48 WIB",https://www.cnnindonesia.com/nasional/20180511191355-20-297531/gnpf-ulama-desak-pemerintah-konkret-soal-palestina,ADVERTISEMENT SCROLL TO CONTINUE WITH CONTENT
Cak Imin Klaim Ulama Sempat Tak Dukung Jokowi Pada 2014,"Jumat, 11 Mei 2018 17:20 WIB",https://www.cnnindonesia.com/nasional/20180511164951-32-297477/cak-imin-klaim-ulama-sempat-tak-dukung-jokowi-pada-2014,ADVERTISEMENT SCROLL TO CONTINUE WITH CONTENT
"Temui Zulhas, Cak Imin Didukung Jadi Cawapres Jokowi","Jumat, 11 Mei 2018 17:03 WIB",https://www.cnnindonesia.com/nasional/20180511111322-32-297347/temui-zulhas-cak-imin-didukung-jadi-cawapres-jokowi,ADVERTISEMENT SCROLL TO CONTINUE WITH CONTENT
"Di Depan Ulama, Jokowi Kembali Bela Palestina Soal Yerusalem","Jumat, 11 Mei 2018 11:05 WIB",https://www.cnnindonesia.com/internasional/20180511103912-106-297338/di-depan-ulama-jokowi-kembali-bela-palestina-soal-yerusalem,ADVERTISEMENT SCROLL TO CONTINUE WITH CONTENT
"Jadi PM Malaysia, Jokowi Ucapkan Selamat pada Mahathir","Jumat, 11 Mei 2018 10:47 WIB",https://www.cnnindonesia.com/internasional/20180511101109-106-297333/jadi-pm-malaysia-jokowi-ucapkan-selamat-pada-mahathir,ADVERTISEMENT SCROLL TO CONTINUE WITH CONTENT
Presiden Jokowi: Ulama Harus Jadi Agen Perdamaian,"Jumat, 11 Mei 2018 10:24 WIB",https://www.cnnindonesia.com/internasional/20180511101931-106-297332/presiden-jokowi-ulama-harus-jadi-agen-perdamaian,ADVERTISEMENT SCROLL TO CONTINUE WITH CONTENT
Jokowi Instruksi Perketat Pengawasan Pengelolaan PNBP,"Jumat, 11 Mei 2018 10:23 WIB",https://www.cnnindonesia.com/ekonomi/20180511100340-532-297331/jokowi-instruksi-perketat-pengawasan-pengelolaan-pnbp,ADVERTISEMENT SCROLL TO CONTINUE WITH CONTENT
Anak Polisi Korban Rusuh Mako Brimob Ingin Jadi Tentara,"Jumat, 11 Mei 2018 01:01 WIB",https://www.cnnindonesia.com/nasional/20180510164148-20-297221/anak-polisi-korban-rusuh-mako-brimob-ingin-jadi-tentara,ADVERTISEMENT SCROLL TO CONTINUE WITH CONTENT
Polisi Belum Temukan Bukti Napi Teroris Simpan Senjata Tajam,"Kamis, 10 Mei 2018 23:21 WIB",https://www.cnnindonesia.com/nasional/20180510162812-20-297216/polisi-belum-temukan-bukti-napi-teroris-simpan-senjata-tajam,ADVERTISEMENT SCROLL TO CONTINUE WITH CONTENT
Akhir Drama 36 Jam Mako Brimob yang Meninggalkan Tanda Tanya,"Kamis, 10 Mei 2018 20:24 WIB",https://www.cnnindonesia.com/nasional/20180510201659-20-297261/akhir-drama-36-jam-mako-brimob-yang-meninggalkan-tanda-tanya,ADVERTISEMENT SCROLL TO CONTINUE WITH CONTENT
Olah TKP di Mako Brimob Selesai Malam Ini,"Kamis, 10 Mei 2018 19:25 WIB",https://www.cnnindonesia.com/nasional/20180510191604-20-297255/olah-tkp-di-mako-brimob-selesai-malam-ini,ADVERTISEMENT SCROLL TO CONTINUE WITH CONTENT
Tito Ungkap Alasan Polisi Tak Langsung Serbu Mako Brimob,"Kamis, 10 Mei 2018 19:08 WIB",https://www.cnnindonesia.com/nasional/20180510190325-20-297254/tito-ungkap-alasan-polisi-tak-langsung-serbu-mako-brimob,ADVERTISEMENT SCROLL TO CONTINUE WITH CONTENT
"Sambangi Mako Brimob, Kapolri Jelaskan Kronologi Penyanderaan","Kamis, 10 Mei 2018 18:56 WIB",https://www.cnnindonesia.com/nasional/20180510184708-20-297252/sambangi-mako-brimob-kapolri-jelaskan-kronologi-penyanderaan,ADVERTISEMENT SCROLL TO CONTINUE WITH CONTENT
Budi Gunawan Minta Insiden Mako Brimob Tak Dipolitisasi,"Kamis, 10 Mei 2018 16:43 WIB",https://www.cnnindonesia.com/nasional/20180510163849-20-297217/budi-gunawan-minta-insiden-mako-brimob-tak-dipolitisasi,ADVERTISEMENT SCROLL TO CONTINUE WITH CONTENT
"Rusuh Mako Brimob, Pemerintah Segera Rampungkan UU Terorisme","Kamis, 10 Mei 2018 14:15 WIB",https://www.cnnindonesia.com/nasional/20180510132345-20-297171/rusuh-mako-brimob-pemerintah-segera-rampungkan-uu-terorisme,ADVERTISEMENT SCROLL TO CONTINUE WITH CONTENT
"Kisruh Mako Brimob Usai, Jokowi Sampaikan Belasungkawa","Kamis, 10 Mei 2018 13:43 WIB",https://www.cnnindonesia.com/nasional/20180510133514-20-297169/kisruh-mako-brimob-usai-jokowi-sampaikan-belasungkawa,ADVERTISEMENT SCROLL TO CONTINUE WITH CONTENT
Istri Polisi Korban Jiwa Rusuh Mako Brimob Melahirkan,"Kamis, 10 Mei 2018 13:22 WIB",https://www.cnnindonesia.com/nasional/20180510131002-20-297164/istri-polisi-korban-jiwa-rusuh-mako-brimob-melahirkan,ADVERTISEMENT SCROLL TO CONTINUE WITH CONTENT
Jokowi: Rakyat Tidak Takut dan Tak Ada Ruang untuk Terorisme,"Kamis, 10 Mei 2018 13:02 WIB",https://www.cnnindonesia.com/nasional/20180510125302-20-297163/jokowi-rakyat-tidak-takut-dan-tak-ada-ruang-untuk-terorisme,ADVERTISEMENT SCROLL TO CONTINUE WITH CONTENT
Ultimatum untuk Teroris: Menyerah atau Terima Serbuan,"Kamis, 10 Mei 2018 09:50 WIB",https://www.cnnindonesia.com/nasional/20180510092430-20-297124/ultimatum-untuk-teroris-menyerah-atau-terima-serbuan,ADVERTISEMENT SCROLL TO CONTINUE WITH CONTENT
"Wiranto: Kami Bukan Negosiasi, Tapi Ultimatum Penyandera","Kamis, 10 Mei 2018 09:29 WIB",https://www.cnnindonesia.com/nasional/20180510090558-20-297121/wiranto-kami-bukan-negosiasi-tapi-ultimatum-penyandera,ADVERTISEMENT SCROLL TO CONTINUE WITH CONTENT
Wiranto: Rencana Penyerbuan Mako Brimob Sebelum Fajar Merekah,"Kamis, 10 Mei 2018 08:55 WIB",https://www.cnnindonesia.com/nasional/20180510081916-20-297119/wiranto-rencana-penyerbuan-mako-brimob-sebelum-fajar-merekah,ADVERTISEMENT SCROLL TO CONTINUE WITH CONTENT
Ombudsman Desak Jokowi Evaluasi Menkominfo,"Kamis, 10 Mei 2018 06:59 WIB",https://www.cnnindonesia.com/nasional/20180509141505-20-296919/ombudsman-desak-jokowi-evaluasi-menkominfo,ADVERTISEMENT SCROLL TO CONTINUE WITH CONTENT
Pemerintah Didesak Buat Kebijakan untuk Hapus Hukuman Mati,"Kamis, 10 Mei 2018 04:26 WIB",https://www.cnnindonesia.com/nasional/20180509183558-12-297008/pemerintah-didesak-buat-kebijakan-untuk-hapus-hukuman-mati,ADVERTISEMENT SCROLL TO CONTINUE WITH CONTENT
Uji Materi Cawapres untuk JK Bisa Hambat Regenerasi Politik,"Rabu, 09 Mei 2018 20:06 WIB",https://www.cnnindonesia.com/nasional/20180509103416-32-296845/uji-materi-cawapres-untuk-jk-bisa-hambat-regenerasi-politik,ADVERTISEMENT SCROLL TO CONTINUE WITH CONTENT
Baghdadi ISIS Kalahkan Jokowi di Daftar Orang Terkuat Forbes,"Rabu, 09 Mei 2018 18:55 WIB",https://www.cnnindonesia.com/internasional/20180509184503-134-297013/baghdadi-isis-kalahkan-jokowi-di-daftar-orang-terkuat-forbes,ADVERTISEMENT SCROLL TO CONTINUE WITH CONTENT
"Mendesak, Pemerintah Mulai Program Peremajaan Sawit di Riau","Rabu, 09 Mei 2018 18:25 WIB",https://www.cnnindonesia.com/ekonomi/20180509180142-92-296995/mendesak-pemerintah-mulai-program-peremajaan-sawit-di-riau,ADVERTISEMENT SCROLL TO CONTINUE WITH CONTENT
Survei: Usung Gatot Jadi Capres Dongkrak Elektabilitas Partai,"Rabu, 09 Mei 2018 10:52 WIB",https://www.cnnindonesia.com/nasional/20180509075843-32-296812/survei-usung-gatot-jadi-capres-dongkrak-elektabilitas-partai,ADVERTISEMENT SCROLL TO CONTINUE WITH CONTENT
"Soal Masa Jabatan Wapres, Golkar Minta Kembali ke Konstitusi","Rabu, 09 Mei 2018 10:38 WIB",https://www.cnnindonesia.com/nasional/20180509080627-32-296792/soal-masa-jabatan-wapres-golkar-minta-kembali-ke-konstitusi,ADVERTISEMENT SCROLL TO CONTINUE WITH CONTENT
PDIP Duga Manuver Amien Rais Picu Keresahan di Internal PAN,"Rabu, 09 Mei 2018 10:05 WIB",https://www.cnnindonesia.com/nasional/20180509084252-32-296799/pdip-duga-manuver-amien-rais-picu-keresahan-di-internal-pan,ADVERTISEMENT SCROLL TO CONTINUE WITH CONTENT
"Singgung Jokowi, Kasus Marsinah Dinilai Pelanggaran HAM","Rabu, 09 Mei 2018 05:57 WIB",https://www.cnnindonesia.com/nasional/20180509055118-12-296772/singgung-jokowi-kasus-marsinah-dinilai-pelanggaran-ham,ADVERTISEMENT SCROLL TO CONTINUE WITH CONTENT
Jokowi Diklaim Rugi 11 Juta Suara PKB Jika Tak Pilih Cak Imin,"Rabu, 09 Mei 2018 05:24 WIB",https://www.cnnindonesia.com/nasional/20180509051406-32-296769/jokowi-diklaim-rugi-11-juta-suara-pkb-jika-tak-pilih-cak-imin,ADVERTISEMENT SCROLL TO CONTINUE WITH CONTENT
Jokowi: Tak Ada Kepentingan Politik pada Kebijakan Susi,"Rabu, 09 Mei 2018 04:17 WIB",https://www.cnnindonesia.com/nasional/20180508154645-32-296610/jokowi-tak-ada-kepentingan-politik-pada-kebijakan-susi,ADVERTISEMENT SCROLL TO CONTINUE WITH CONTENT
PKB Resmi Dukung Jokowi dengan Cawapres Cak Imin,"Rabu, 09 Mei 2018 03:32 WIB",https://www.cnnindonesia.com/nasional/20180509031810-32-296762/pkb-resmi-dukung-jokowi-dengan-cawapres-cak-imin,ADVERTISEMENT SCROLL TO CONTINUE WITH CONTENT
Golkar dan PKB Sepakat Intensifkan Komunikasi Jelang Pilpres,"Rabu, 09 Mei 2018 03:16 WIB",https://www.cnnindonesia.com/nasional/20180509030302-32-296761/golkar-dan-pkb-sepakat-intensifkan-komunikasi-jelang-pilpres,ADVERTISEMENT SCROLL TO CONTINUE WITH CONTENT
Dua Terpidana Kasus Obor Rakyat Ditahan di Cipinang,"Rabu, 09 Mei 2018 00:44 WIB",https://www.cnnindonesia.com/nasional/20180509003530-12-296751/dua-terpidana-kasus-obor-rakyat-ditahan-di-cipinang,ADVERTISEMENT SCROLL TO CONTINUE WITH CONTENT
"Cak Imin Sambangi Airlangga, Bahas Kelanjutan Dukung Jokowi","Selasa, 08 Mei 2018 22:27 WIB",https://www.cnnindonesia.com/nasional/20180508221527-32-296740/cak-imin-sambangi-airlangga-bahas-kelanjutan-dukung-jokowi,ADVERTISEMENT SCROLL TO CONTINUE WITH CONTENT
"Minta Bertemu di Hotel, Jokowi Batal Hadiri Rakernas Hanura","Selasa, 08 Mei 2018 20:10 WIB",https://www.cnnindonesia.com/nasional/20180508200436-32-296711/minta-bertemu-di-hotel-jokowi-batal-hadiri-rakernas-hanura,ADVERTISEMENT SCROLL TO CONTINUE WITH CONTENT
PAN Klaim Hanya Berkomunikasi dengan Sekber Gerindra-PKS,"Selasa, 08 Mei 2018 20:01 WIB",https://www.cnnindonesia.com/nasional/20180508195011-32-296704/pan-klaim-hanya-berkomunikasi-dengan-sekber-gerindra-pks,ADVERTISEMENT SCROLL TO CONTINUE WITH CONTENT
"Sopir Truk Curhat ke Jokowi, Menhub Kumpulkan Pelaku Usaha","Selasa, 08 Mei 2018 19:52 WIB",https://www.cnnindonesia.com/nasional/20180508190805-20-296688/sopir-truk-curhat-ke-jokowi-menhub-kumpulkan-pelaku-usaha,ADVERTISEMENT SCROLL TO CONTINUE WITH CONTENT
Fadli Zon Minta Jokowi Nonton Film 212 Agar Tak Salah Paham,"Selasa, 08 Mei 2018 19:23 WIB",https://www.cnnindonesia.com/nasional/20180508191030-32-296687/fadli-zon-minta-jokowi-nonton-film-212-agar-tak-salah-paham,ADVERTISEMENT SCROLL TO CONTINUE WITH CONTENT
Rekayasa Metodologi di Balik Anomali Survei Pilpres 2019,"Selasa, 08 Mei 2018 18:25 WIB",https://www.cnnindonesia.com/nasional/20180508124738-32-296559/rekayasa-metodologi-di-balik-anomali-survei-pilpres-2019,ADVERTISEMENT SCROLL TO CONTINUE WITH CONTENT
LSI Denny JA: PDIP Tertinggi Karena Dianggap Dekat Jokowi,"Selasa, 08 Mei 2018 17:46 WIB",https://www.cnnindonesia.com/nasional/20180508170039-32-296639/lsi-denny-ja-pdip-tertinggi-karena-dianggap-dekat-jokowi,ADVERTISEMENT SCROLL TO CONTINUE WITH CONTENT
"Aksi 25 Tahun Marsinah, Buruh dan Aktivis Menolak Lupa","Selasa, 08 Mei 2018 17:13 WIB",https://www.cnnindonesia.com/nasional/20180508170607-20-296635/aksi-25-tahun-marsinah-buruh-dan-aktivis-menolak-lupa,ADVERTISEMENT SCROLL TO CONTINUE WITH CONTENT
"Curhat Sopir Truk ke Jokowi, Dishub DKI Gandeng Saber Pungli","Selasa, 08 Mei 2018 16:56 WIB",https://www.cnnindonesia.com/nasional/20180508164329-20-296630/curhat-sopir-truk-ke-jokowi-dishub-dki-gandeng-saber-pungli,ADVERTISEMENT SCROLL TO CONTINUE WITH CONTENT
Moeldoko Sebut Jokowi Tak Bisa Intervensi Kasus Marsinah,"Selasa, 08 Mei 2018 16:39 WIB",https://www.cnnindonesia.com/nasional/20180508161014-20-296615/moeldoko-sebut-jokowi-tak-bisa-intervensi-kasus-marsinah,ADVERTISEMENT SCROLL TO CONTINUE WITH CONTENT
PKS Kritik Pertemuan Sekjen Parpol di Kantor Setkab,"Selasa, 08 Mei 2018 16:34 WIB",https://www.cnnindonesia.com/nasional/20180508161809-32-296617/pks-kritik-pertemuan-sekjen-parpol-di-kantor-setkab,ADVERTISEMENT SCROLL TO CONTINUE WITH CONTENT
Fahri Hamzah Ramal Jokowi Gagal Jadi Capres 2019,"Selasa, 08 Mei 2018 16:29 WIB",https://www.cnnindonesia.com/nasional/20180508141810-32-296614/fahri-hamzah-ramal-jokowi-gagal-jadi-capres-2019,ADVERTISEMENT SCROLL TO CONTINUE WITH CONTENT
JK Bantah Bahas Anies Dampingi Prabowo saat Bertemu Sandi,"Selasa, 08 Mei 2018 15:59 WIB",https://www.cnnindonesia.com/nasional/20180508155549-32-296611/jk-bantah-bahas-anies-dampingi-prabowo-saat-bertemu-sandi,ADVERTISEMENT SCROLL TO CONTINUE WITH CONTENT
"Dengar Cerita Nelayan Papua, Jokowi Penasaran Tangkap Buaya","Selasa, 08 Mei 2018 14:33 WIB",https://www.cnnindonesia.com/nasional/20180508141533-20-296577/dengar-cerita-nelayan-papua-jokowi-penasaran-tangkap-buaya,ADVERTISEMENT SCROLL TO CONTINUE WITH CONTENT
"Temui Jokowi Usai Pensiun, Gatot Ucapkan Terima Kasih","Selasa, 08 Mei 2018 14:02 WIB",https://www.cnnindonesia.com/nasional/20180508134348-32-296560/temui-jokowi-usai-pensiun-gatot-ucapkan-terima-kasih,ADVERTISEMENT SCROLL TO CONTINUE WITH CONTENT
Sopir Truk Jalan Kaki dari Sidoarjo untuk 'Curhat' ke Jokowi,"Selasa, 08 Mei 2018 13:15 WIB",https://www.cnnindonesia.com/nasional/20180508113522-12-296530/sopir-truk-jalan-kaki-dari-sidoarjo-untuk-curhat-ke-jokowi,ADVERTISEMENT SCROLL TO CONTINUE WITH CONTENT
Jokowi Kaget Dengar Curhat Sopir Truk Dipalak Rp2 Juta,"Selasa, 08 Mei 2018 10:56 WIB",https://www.cnnindonesia.com/nasional/20180508103444-20-296493/jokowi-kaget-dengar-curhat-sopir-truk-dipalak-rp2-juta,ADVERTISEMENT SCROLL TO CONTINUE WITH CONTENT
"Relawan Pilpres, Antara Perjuangan dan Uang","Selasa, 08 Mei 2018 06:34 WIB",https://www.cnnindonesia.com/nasional/20180507214158-32-296417/relawan-pilpres-antara-perjuangan-dan-uang,ADVERTISEMENT SCROLL TO CONTINUE WITH CONTENT
OSO: Rakernas Hanura Hari Ini Deklarasikan Cawapres Jokowi,"Selasa, 08 Mei 2018 06:10 WIB",https://www.cnnindonesia.com/nasional/20180508060124-32-296438/oso-rakernas-hanura-hari-ini-deklarasikan-cawapres-jokowi,ADVERTISEMENT SCROLL TO CONTINUE WITH CONTENT
Srikandi ACTA Tolak Kriminalisasi Gerakan #2019GantiPresiden,"Selasa, 08 Mei 2018 03:01 WIB",https://www.cnnindonesia.com/nasional/20180507174150-20-296363/srikandi-acta-tolak-kriminalisasi-gerakan-2019gantipresiden,ADVERTISEMENT SCROLL TO CONTINUE WITH CONTENT
"Temui Prabowo, Sandi Sampaikan Hasil Diskusi dengan JK","Senin, 07 Mei 2018 20:35 WIB",https://www.cnnindonesia.com/nasional/20180507202422-20-296405/temui-prabowo-sandi-sampaikan-hasil-diskusi-dengan-jk,ADVERTISEMENT SCROLL TO CONTINUE WITH CONTENT
Jokowi Ingin Asian Games Jadi Ajang Persahabatan Negara Asia,"Senin, 07 Mei 2018 20:25 WIB",https://www.cnnindonesia.com/nasional/20180507185431-20-296384/jokowi-ingin-asian-games-jadi-ajang-persahabatan-negara-asia,ADVERTISEMENT SCROLL TO CONTINUE WITH CONTENT
Seskab soal Cawapres: Yang Tahu Jokowi dan Gusti Allah,"Senin, 07 Mei 2018 20:00 WIB",https://www.cnnindonesia.com/nasional/20180507194733-32-296398/seskab-soal-cawapres-yang-tahu-jokowi-dan-gusti-allah,ADVERTISEMENT SCROLL TO CONTINUE WITH CONTENT
"Bukan Jokowi, ACTA Sebut Lawan Prabowo Adalah Aparat","Senin, 07 Mei 2018 19:27 WIB",https://www.cnnindonesia.com/nasional/20180507190722-32-296386/bukan-jokowi-acta-sebut-lawan-prabowo-adalah-aparat,ADVERTISEMENT SCROLL TO CONTINUE WITH CONTENT
Hanura Kubu Daryatmo 'Larang' OSO Gelar Rakernas,"Senin, 07 Mei 2018 18:50 WIB",https://www.cnnindonesia.com/nasional/20180507183409-32-296378/hanura-kubu-daryatmo-larang-oso-gelar-rakernas,ADVERTISEMENT SCROLL TO CONTINUE WITH CONTENT
PM China Minta Indonesia Buka Keran Impor Jeruk Mandarin,"Senin, 07 Mei 2018 18:41 WIB",https://www.cnnindonesia.com/ekonomi/20180507180653-92-296367/pm-china-minta-indonesia-buka-keran-impor-jeruk-mandarin,ADVERTISEMENT SCROLL TO CONTINUE WITH CONTENT
"Tak Diundang, PAN Sempat 'Dicari' di Pertemuan Sekjen Parpol","Senin, 07 Mei 2018 18:29 WIB",https://www.cnnindonesia.com/nasional/20180507181550-32-296369/tak-diundang-pan-sempat-dicari-di-pertemuan-sekjen-parpol,ADVERTISEMENT SCROLL TO CONTINUE WITH CONTENT
"Jadi Duda di Penjara, Ahok Cerita Persahabatan dengan Jokowi","Senin, 07 Mei 2018 18:09 WIB",https://www.cnnindonesia.com/nasional/20180507155349-20-296349/jadi-duda-di-penjara-ahok-cerita-persahabatan-dengan-jokowi,ADVERTISEMENT SCROLL TO CONTINUE WITH CONTENT
Fadli Zon Kritik Kantor Setkab untuk Pertemuan Sekjen Parpol,"Senin, 07 Mei 2018 17:58 WIB",https://www.cnnindonesia.com/nasional/20180507173542-32-296359/fadli-zon-kritik-kantor-setkab-untuk-pertemuan-sekjen-parpol,ADVERTISEMENT SCROLL TO CONTINUE WITH CONTENT
PAN Kalem Tak Diundang Pertemuan Koalisi Jokowi dengan Setkab,"Senin, 07 Mei 2018 17:18 WIB",https://www.cnnindonesia.com/nasional/20180507170513-32-296347/pan-kalem-tak-diundang-pertemuan-koalisi-jokowi-dengan-setkab,ADVERTISEMENT SCROLL TO CONTINUE WITH CONTENT
Seskab Pamer Keberhasilan Jokowi di Depan Sekjen Parpol,"Senin, 07 Mei 2018 16:37 WIB",https://www.cnnindonesia.com/nasional/20180507163142-32-296321/seskab-pamer-keberhasilan-jokowi-di-depan-sekjen-parpol,ADVERTISEMENT SCROLL TO CONTINUE WITH CONTENT
Jokowi Sebut China Dukung Penuh Perjuangan Palestina,"Senin, 07 Mei 2018 15:09 WIB",https://www.cnnindonesia.com/nasional/20180507142956-20-296274/jokowi-sebut-china-dukung-penuh-perjuangan-palestina,ADVERTISEMENT SCROLL TO CONTINUE WITH CONTENT
Setkab Kumpulkan Sekjen Parpol Pendukung Pemerintah,"Senin, 07 Mei 2018 14:45 WIB",https://www.cnnindonesia.com/nasional/20180507142633-32-296277/setkab-kumpulkan-sekjen-parpol-pendukung-pemerintah,ADVERTISEMENT SCROLL TO CONTINUE WITH CONTENT
PM China Puji Kemajuan Indonesia dalam 10 Tahun Terakhir,"Senin, 07 Mei 2018 14:26 WIB",https://www.cnnindonesia.com/nasional/20180507141212-20-296269/pm-china-puji-kemajuan-indonesia-dalam-10-tahun-terakhir,ADVERTISEMENT SCROLL TO CONTINUE WITH CONTENT
"Bertemu Jokowi, PM China Setuju Tambah Impor CPO 500 Ribu Ton","Senin, 07 Mei 2018 13:28 WIB",https://www.cnnindonesia.com/ekonomi/20180507130848-92-296240/bertemu-jokowi-pm-china-setuju-tambah-impor-cpo-500-ribu-ton,ADVERTISEMENT SCROLL TO CONTINUE WITH CONTENT
Pemerintah Klaim Tak Intervensi Penghentian Kasus Rizieq,"Senin, 07 Mei 2018 12:44 WIB",https://www.cnnindonesia.com/nasional/20180507121234-20-296233/pemerintah-klaim-tak-intervensi-penghentian-kasus-rizieq,ADVERTISEMENT SCROLL TO CONTINUE WITH CONTENT
Lawatan 'Mahal' PM Li dan Ketegasan Jokowi di Depan China,"Senin, 07 Mei 2018 11:35 WIB",https://www.cnnindonesia.com/internasional/20180507100641-113-296189/lawatan-mahal-pm-li-dan-ketegasan-jokowi-di-depan-china,ADVERTISEMENT SCROLL TO CONTINUE WITH CONTENT
Jokowi Sambut Perdana Menteri China di Istana Bogor,"Senin, 07 Mei 2018 11:12 WIB",https://www.cnnindonesia.com/nasional/20180507110147-20-296203/jokowi-sambut-perdana-menteri-china-di-istana-bogor,ADVERTISEMENT SCROLL TO CONTINUE WITH CONTENT
"Bertemu PM China, Jokowi Didesak Minta Penjelasan soal LCS","Senin, 07 Mei 2018 09:51 WIB",https://www.cnnindonesia.com/internasional/20180507092822-113-296185/bertemu-pm-china-jokowi-didesak-minta-penjelasan-soal-lcs,ADVERTISEMENT SCROLL TO CONTINUE WITH CONTENT
"Rizieq, Antara Petuah dan Komoditas Panas di Tahun Politik","Senin, 07 Mei 2018 08:28 WIB",https://www.cnnindonesia.com/nasional/20180506194929-32-296109/rizieq-antara-petuah-dan-komoditas-panas-di-tahun-politik,ADVERTISEMENT SCROLL TO CONTINUE WITH CONTENT
'Jeratan Manis' China pada Ekonomi Indonesia,"Senin, 07 Mei 2018 08:08 WIB",https://www.cnnindonesia.com/ekonomi/20180505202056-95-295988/jeratan-manis-china-pada-ekonomi-indonesia,
PM China Dijadwalkan Bertemu Jokowi di Istana Hari Ini,"Senin, 07 Mei 2018 04:37 WIB",https://www.cnnindonesia.com/internasional/20180507043004-106-296135/pm-china-dijadwalkan-bertemu-jokowi-di-istana-hari-ini,ADVERTISEMENT SCROLL TO CONTINUE WITH CONTENT
Survei INES Sebut Elektabilitas Gerindra Paling Tinggi,"Minggu, 06 Mei 2018 22:10 WIB",https://www.cnnindonesia.com/nasional/20180506173431-32-296098/survei-ines-sebut-elektabilitas-gerindra-paling-tinggi,ADVERTISEMENT SCROLL TO CONTINUE WITH CONTENT
Survei INES: Responden Tanggapi Sinis Kebijakan Fiskal Jokowi,"Minggu, 06 Mei 2018 20:29 WIB",https://www.cnnindonesia.com/ekonomi/20180506163948-532-296093/survei-ines-responden-tanggapi-sinis-kebijakan-fiskal-jokowi,ADVERTISEMENT SCROLL TO CONTINUE WITH CONTENT
Manuver PKS dan Tenggat Prabowo Tentukan Cawapres,"Minggu, 06 Mei 2018 19:00 WIB",https://www.cnnindonesia.com/nasional/20180505124308-32-295913/manuver-pks-dan-tenggat-prabowo-tentukan-cawapres,ADVERTISEMENT SCROLL TO CONTINUE WITH CONTENT
"Pimpin Relawan Jokowi, Elite Demokrat Lepas Jabatan Partai","Minggu, 06 Mei 2018 16:56 WIB",https://www.cnnindonesia.com/nasional/20180506162325-32-296090/pimpin-relawan-jokowi-elite-demokrat-lepas-jabatan-partai,ADVERTISEMENT SCROLL TO CONTINUE WITH CONTENT
Survei INES: Prabowo Kalahkan Jokowi Jika Pilpres Hari ini,"Minggu, 06 Mei 2018 15:50 WIB",https://www.cnnindonesia.com/nasional/20180506151229-32-296080/survei-ines-prabowo-kalahkan-jokowi-jika-pilpres-hari-ini,ADVERTISEMENT SCROLL TO CONTINUE WITH CONTENT
Gerakan #2019GantiPresiden Masih Mungkin Dukung Jokowi,"Minggu, 06 Mei 2018 15:17 WIB",https://www.cnnindonesia.com/nasional/20180506140425-32-296061/gerakan-2019gantipresiden-masih-mungkin-dukung-jokowi,ADVERTISEMENT SCROLL TO CONTINUE WITH CONTENT
Deklarator #2019GantiPresiden Minta Maaf soal Insiden di CFD,"Minggu, 06 Mei 2018 14:55 WIB",https://www.cnnindonesia.com/nasional/20180506144707-20-296073/deklarator-2019gantipresiden-minta-maaf-soal-insiden-di-cfd,ADVERTISEMENT SCROLL TO CONTINUE WITH CONTENT
Mardani Pertanyakan Ide Bisnis Racun Kalajengking Jokowi,"Minggu, 06 Mei 2018 12:43 WIB",https://www.cnnindonesia.com/nasional/20180506123509-32-296055/mardani-pertanyakan-ide-bisnis-racun-kalajengking-jokowi,ADVERTISEMENT SCROLL TO CONTINUE WITH CONTENT
Utang Pemerintah Tak Hambat Elektabilitas Jokowi,"Sabtu, 05 Mei 2018 16:38 WIB",https://www.cnnindonesia.com/nasional/20180505134630-32-295927/utang-pemerintah-tak-hambat-elektabilitas-jokowi,ADVERTISEMENT SCROLL TO CONTINUE WITH CONTENT
Yusril Sebut Kondisi Capres Tunggal Akan Bahayakan Negara,"Sabtu, 05 Mei 2018 07:40 WIB",https://www.cnnindonesia.com/nasional/20180505041919-32-295879/yusril-sebut-kondisi-capres-tunggal-akan-bahayakan-negara,ADVERTISEMENT SCROLL TO CONTINUE WITH CONTENT
PBB Tak Akan Dukung Jokowi,"Sabtu, 05 Mei 2018 07:10 WIB",https://www.cnnindonesia.com/nasional/20180505022704-32-295876/pbb-tak-akan-dukung-jokowi,ADVERTISEMENT SCROLL TO CONTINUE WITH CONTENT
"Bertemu PM China, Jokowi Ingin Kurangi Defisit Perdagangan","Sabtu, 05 Mei 2018 06:49 WIB",https://www.cnnindonesia.com/internasional/20180505013412-106-295873/bertemu-pm-china-jokowi-ingin-kurangi-defisit-perdagangan,ADVERTISEMENT SCROLL TO CONTINUE WITH CONTENT
Partai Tommy Soeharto: Kami Fokus #2019KitaBerkarya,"Sabtu, 05 Mei 2018 06:37 WIB",https://www.cnnindonesia.com/nasional/20180504232413-32-295865/partai-tommy-soeharto-kami-fokus-2019kitaberkarya,ADVERTISEMENT SCROLL TO CONTINUE WITH CONTENT
Menkumham Bantah Kalah Negosiasi UU MD3 dengan DPR,"Sabtu, 05 Mei 2018 04:42 WIB",https://www.cnnindonesia.com/nasional/20180504140408-12-295710/menkumham-bantah-kalah-negosiasi-uu-md3-dengan-dpr,ADVERTISEMENT SCROLL TO CONTINUE WITH CONTENT
Canda Sekjen PDIP: Kami Satu-satunya Partai yang Punya ISO,"Sabtu, 05 Mei 2018 02:35 WIB",https://www.cnnindonesia.com/nasional/20180504223123-32-295862/canda-sekjen-pdip-kami-satu-satunya-partai-yang-punya-iso,ADVERTISEMENT SCROLL TO CONTINUE WITH CONTENT
PDIP Kumpulkan Sekjen Partai Pendukung Jokowi 7 Mei,"Sabtu, 05 Mei 2018 01:38 WIB",https://www.cnnindonesia.com/nasional/20180504142917-32-295715/pdip-kumpulkan-sekjen-partai-pendukung-jokowi-7-mei,ADVERTISEMENT SCROLL TO CONTINUE WITH CONTENT
"JK Dijagokan Maju Cawapres, PDIP Serahkan Pada MK","Sabtu, 05 Mei 2018 00:25 WIB",https://www.cnnindonesia.com/nasional/20180504172150-32-295788/jk-dijagokan-maju-cawapres-pdip-serahkan-pada-mk,ADVERTISEMENT SCROLL TO CONTINUE WITH CONTENT
PKS: Secara Teori Poros Ketiga Mungkin Terbentuk,"Jumat, 04 Mei 2018 21:20 WIB",https://www.cnnindonesia.com/nasional/20180504201151-32-295841/pks-secara-teori-poros-ketiga-mungkin-terbentuk,ADVERTISEMENT SCROLL TO CONTINUE WITH CONTENT
Perhatian dan 'Kode Cinta' Iriana Kepada Jokowi,Tanggal tidak ditemukan,https://www.cnnindonesia.com/gaya-hidup/20180504202628-282-295844/perhatian-dan-kode-cinta-iriana-kepada-jokowi,ADVERTISEMENT SCROLL TO CONTINUE WITH CONTENT
Mabes Polri: Tak Ada 'Deal' di Penerbitan SP3 Kasus Rizieq,"Jumat, 04 Mei 2018 20:29 WIB",https://www.cnnindonesia.com/nasional/20180504193911-12-295831/mabes-polri-tak-ada-deal-di-penerbitan-sp3-kasus-rizieq,ADVERTISEMENT SCROLL TO CONTINUE WITH CONTENT
Kak Seto Usul Pemerintah Patenkan 'Permainan Tradisional',Tanggal tidak ditemukan,https://www.cnnindonesia.com/gaya-hidup/20180504183144-282-295815/kak-seto-usul-pemerintah-patenkan-permainan-tradisional,ADVERTISEMENT SCROLL TO CONTINUE WITH CONTENT
Survei Indikator: Ekonomi Rumah Tangga Membaik di Era Jokowi,"Jumat, 04 Mei 2018 20:15 WIB",https://www.cnnindonesia.com/ekonomi/20180504195954-532-295835/survei-indikator-ekonomi-rumah-tangga-membaik-di-era-jokowi,ADVERTISEMENT SCROLL TO CONTINUE WITH CONTENT
PSI Bantah Curi Start Kampanye di Iklan Polling Cawapres,"Jumat, 04 Mei 2018 19:38 WIB",https://www.cnnindonesia.com/nasional/20180504185516-32-295822/psi-bantah-curi-start-kampanye-di-iklan-polling-cawapres,ADVERTISEMENT SCROLL TO CONTINUE WITH CONTENT
"Hardiknas, Jokowi Ubah Istana Jadi Taman Bermain Anak",Tanggal tidak ditemukan,https://www.cnnindonesia.com/gaya-hidup/20180504181955-282-295811/hardiknas-jokowi-ubah-istana-jadi-taman-bermain-anak,ADVERTISEMENT SCROLL TO CONTINUE WITH CONTENT
"Demi Promosi, Para Menteri Juga Akan Pakai Jaket Asian Games",Tanggal tidak ditemukan,https://www.cnnindonesia.com/gaya-hidup/20180504173131-282-295807/demi-promosi-para-menteri-juga-akan-pakai-jaket-asian-games,ADVERTISEMENT SCROLL TO CONTINUE WITH CONTENT
GP Ansor Akan Gali Alasan Polisi Hentikan Kasus Rizieq,"Jumat, 04 Mei 2018 17:11 WIB",https://www.cnnindonesia.com/nasional/20180504164211-12-295767/gp-ansor-akan-gali-alasan-polisi-hentikan-kasus-rizieq,ADVERTISEMENT SCROLL TO CONTINUE WITH CONTENT
Pemerintah Jajaki Diplomasi Dagang dengan Pasifik,"Jumat, 04 Mei 2018 17:03 WIB",https://www.cnnindonesia.com/ekonomi/20180504142407-92-295714/pemerintah-jajaki-diplomasi-dagang-dengan-pasifik,ADVERTISEMENT SCROLL TO CONTINUE WITH CONTENT
"Bukan Cuma di Jabar, PA 212 Ingin Semua Kasus Rizieq Disetop","Jumat, 04 Mei 2018 16:03 WIB",https://www.cnnindonesia.com/nasional/20180504153907-12-295747/bukan-cuma-di-jabar-pa-212-ingin-semua-kasus-rizieq-disetop,ADVERTISEMENT SCROLL TO CONTINUE WITH CONTENT
Membedah Jaket Asian Games yang Dipakai Jokowi,Tanggal tidak ditemukan,https://www.cnnindonesia.com/gaya-hidup/20180504152620-277-295742/membedah-jaket-asian-games-yang-dipakai-jokowi,ADVERTISEMENT SCROLL TO CONTINUE WITH CONTENT
Kuasa Hukum Rizieq soal Penghentian Kasus: Alhamdullilah,"Jumat, 04 Mei 2018 15:11 WIB",https://www.cnnindonesia.com/nasional/20180504150341-12-295729/kuasa-hukum-rizieq-soal-penghentian-kasus-alhamdullilah,ADVERTISEMENT SCROLL TO CONTINUE WITH CONTENT
Studi: Racun Kalajengking 'Calon' Obat Rematik Masa Depan,Tanggal tidak ditemukan,https://www.cnnindonesia.com/gaya-hidup/20180504145655-255-295727/studi-racun-kalajengking-calon-obat-rematik-masa-depan,ADVERTISEMENT SCROLL TO CONTINUE WITH CONTENT
Polda Jabar Hentikan Kasus Rizieq Shihab,"Jumat, 04 Mei 2018 14:40 WIB",https://www.cnnindonesia.com/nasional/20180504143627-12-295719/polda-jabar-hentikan-kasus-rizieq-shihab,ADVERTISEMENT SCROLL TO CONTINUE WITH CONTENT
"Soal #2019GantiPresiden, PDIP Enggan Urusi Rumah Tangga Orang","Jumat, 04 Mei 2018 14:05 WIB",https://www.cnnindonesia.com/nasional/20180504134349-32-295704/soal-2019gantipresiden-pdip-enggan-urusi-rumah-tangga-orang,ADVERTISEMENT SCROLL TO CONTINUE WITH CONTENT
Jokowi: Indonesia Harus Kuasai Pasar Dagang Pasifik Selatan,"Jumat, 04 Mei 2018 12:02 WIB",https://www.cnnindonesia.com/ekonomi/20180504114740-532-295676/jokowi-indonesia-harus-kuasai-pasar-dagang-pasifik-selatan,ADVERTISEMENT SCROLL TO CONTINUE WITH CONTENT
Novel Harap Pengusutan Komnas HAM Lekas Dilaporkan Ke Jokowi,"Jumat, 04 Mei 2018 10:41 WIB",https://www.cnnindonesia.com/nasional/20180504073058-12-295587/novel-harap-pengusutan-komnas-ham-lekas-dilaporkan-ke-jokowi,ADVERTISEMENT SCROLL TO CONTINUE WITH CONTENT
"Promosi Lesu, Jokowi Pakai Jaket Asian Games Saat Rapat","Jumat, 04 Mei 2018 10:30 WIB",https://www.cnnindonesia.com/nasional/20180504095158-20-295617/promosi-lesu-jokowi-pakai-jaket-asian-games-saat-rapat,ADVERTISEMENT SCROLL TO CONTINUE WITH CONTENT
JK Cawapres Dinilai Belum Tentu Dongkrak Elektabilitas Golkar,"Jumat, 04 Mei 2018 07:51 WIB",https://www.cnnindonesia.com/nasional/20180502173750-32-295177/jk-cawapres-dinilai-belum-tentu-dongkrak-elektabilitas-golkar,ADVERTISEMENT SCROLL TO CONTINUE WITH CONTENT
PDIP soal Ternak Kalajengking: Jokowi Pahami Persoalan Rakyat,"Jumat, 04 Mei 2018 07:14 WIB",https://www.cnnindonesia.com/nasional/20180504065757-32-295582/pdip-soal-ternak-kalajengking-jokowi-pahami-persoalan-rakyat,ADVERTISEMENT SCROLL TO CONTINUE WITH CONTENT
"Indikator Politik: 71,3 Persen Responden Puas Kinerja Jokowi","Jumat, 04 Mei 2018 06:47 WIB",https://www.cnnindonesia.com/nasional/20180504062515-32-295579/indikator-politik-713-persen-responden-puas-kinerja-jokowi,ADVERTISEMENT SCROLL TO CONTINUE WITH CONTENT
Survei Indikator Unggulkan AHY dan Anies Jadi Cawapres,"Jumat, 04 Mei 2018 04:50 WIB",https://www.cnnindonesia.com/nasional/20180503220130-32-295562/survei-indikator-unggulkan-ahy-dan-anies-jadi-cawapres,ADVERTISEMENT SCROLL TO CONTINUE WITH CONTENT
"Megawati Bertemu Airlangga, Disebut Bakal Bahas Cawapres","Jumat, 04 Mei 2018 04:20 WIB",https://www.cnnindonesia.com/nasional/20180503235956-32-295569/megawati-bertemu-airlangga-disebut-bakal-bahas-cawapres,ADVERTISEMENT SCROLL TO CONTINUE WITH CONTENT
"JK Cawapres, Aman dari Batas Usia, Tergantung Putusan MK","Kamis, 03 Mei 2018 22:50 WIB",https://www.cnnindonesia.com/nasional/20180503160337-32-295463/jk-cawapres-aman-dari-batas-usia-tergantung-putusan-mk,ADVERTISEMENT SCROLL TO CONTINUE WITH CONTENT
Jokowi Sebut Brunei Darusalam Beli Senjata Buatan BUMN,"Kamis, 03 Mei 2018 22:20 WIB",https://www.cnnindonesia.com/ekonomi/20180503202326-92-295542/jokowi-sebut-brunei-darusalam-beli-senjata-buatan-bumn,ADVERTISEMENT SCROLL TO CONTINUE WITH CONTENT
Diplomasi Bulu Tangkis ala Jokowi ke Sultan Brunei Darussalam,"Kamis, 03 Mei 2018 21:06 WIB",https://www.cnnindonesia.com/nasional/20180503204439-20-295549/diplomasi-bulu-tangkis-ala-jokowi-ke-sultan-brunei-darussalam,ADVERTISEMENT SCROLL TO CONTINUE WITH CONTENT
Deklarasi #2019GantiPresiden Diklaim Bukan Gerakan Politik,"Kamis, 03 Mei 2018 19:52 WIB",https://www.cnnindonesia.com/nasional/20180503182913-20-295516/deklarasi-2019gantipresiden-diklaim-bukan-gerakan-politik,ADVERTISEMENT SCROLL TO CONTINUE WITH CONTENT
Luhut Tak Yakin Target 7 Tahun Jokowi Tercapai Soal Citarum,"Kamis, 03 Mei 2018 19:39 WIB",https://www.cnnindonesia.com/nasional/20180503172835-32-295493/luhut-tak-yakin-target-7-tahun-jokowi-tercapai-soal-citarum,ADVERTISEMENT SCROLL TO CONTINUE WITH CONTENT
Fadli Nilai Penyataan Jokowi soal Kalajengking Memalukan,"Kamis, 03 Mei 2018 18:33 WIB",https://www.cnnindonesia.com/nasional/20180503175409-32-295502/fadli-nilai-penyataan-jokowi-soal-kalajengking-memalukan,ADVERTISEMENT SCROLL TO CONTINUE WITH CONTENT
Indonesia Minta MoU Perlindungan TKI di Brunei Rampung 2018,"Kamis, 03 Mei 2018 18:11 WIB",https://www.cnnindonesia.com/internasional/20180503135150-106-295389/indonesia-minta-mou-perlindungan-tki-di-brunei-rampung-2018,ADVERTISEMENT SCROLL TO CONTINUE WITH CONTENT
Sultan Brunei dan Jokowi Berseragam Loreng ke Mabes TNI,"Kamis, 03 Mei 2018 18:01 WIB",https://www.cnnindonesia.com/nasional/20180503172835-20-295488/sultan-brunei-dan-jokowi-berseragam-loreng-ke-mabes-tni,ADVERTISEMENT SCROLL TO CONTINUE WITH CONTENT
"Survei Indikator: Jokowi 60,6 Persen, Prabowo 29 Persen","Kamis, 03 Mei 2018 17:30 WIB",https://www.cnnindonesia.com/nasional/20180503172132-32-295483/survei-indikator-jokowi-606-persen-prabowo-29-persen,ADVERTISEMENT SCROLL TO CONTINUE WITH CONTENT
"Iklan Polling Kabinet Jokowi, PSI Diduga Curi Start Kampanye","Kamis, 03 Mei 2018 16:02 WIB",https://www.cnnindonesia.com/nasional/20180503154936-32-295460/iklan-polling-kabinet-jokowi-psi-diduga-curi-start-kampanye,ADVERTISEMENT SCROLL TO CONTINUE WITH CONTENT
Perdana Menteri China Kunjungi Indonesia Bahas Kereta Cepat,"Kamis, 03 Mei 2018 15:06 WIB",https://www.cnnindonesia.com/internasional/20180503135244-113-295377/perdana-menteri-china-kunjungi-indonesia-bahas-kereta-cepat,ADVERTISEMENT SCROLL TO CONTINUE WITH CONTENT
"Bertemu Jokowi, Sultan Brunei Tertarik Alusista buatan RI","Kamis, 03 Mei 2018 14:11 WIB",https://www.cnnindonesia.com/internasional/20180503125250-106-295366/bertemu-jokowi-sultan-brunei-tertarik-alusista-buatan-ri,ADVERTISEMENT SCROLL TO CONTINUE WITH CONTENT
"Tak Kunjung Debat, Rizal Ramli Sebut Sri Mulyani Tak Bernyali","Kamis, 03 Mei 2018 13:38 WIB",https://www.cnnindonesia.com/nasional/20180503131746-32-295372/tak-kunjung-debat-rizal-ramli-sebut-sri-mulyani-tak-bernyali,ADVERTISEMENT SCROLL TO CONTINUE WITH CONTENT
Sultan Brunei Bertemu Jokowi di Istana Bogor Hari Ini,"Kamis, 03 Mei 2018 12:48 WIB",https://www.cnnindonesia.com/internasional/20180503112042-106-295338/sultan-brunei-bertemu-jokowi-di-istana-bogor-hari-ini,ADVERTISEMENT SCROLL TO CONTINUE WITH CONTENT
Ide Bisnis Racun Kalajengking Jokowi Menuai Ragam Reaksi,"Kamis, 03 Mei 2018 11:58 WIB",https://www.cnnindonesia.com/nasional/20180503112357-32-295337/ide-bisnis-racun-kalajengking-jokowi-menuai-ragam-reaksi,ADVERTISEMENT SCROLL TO CONTINUE WITH CONTENT
"Jelang Ramadan, Jokowi Minta Bulog Hitung Ulang Stok Beras","Kamis, 03 Mei 2018 11:46 WIB",https://www.cnnindonesia.com/ekonomi/20180502203143-92-295241/jelang-ramadan-jokowi-minta-bulog-hitung-ulang-stok-beras,ADVERTISEMENT SCROLL TO CONTINUE WITH CONTENT
"Kaji Ulang Libur Lebaran, Jokowi Dinilai Pahami Pengusaha","Kamis, 03 Mei 2018 11:21 WIB",https://www.cnnindonesia.com/ekonomi/20180502193607-92-295229/kaji-ulang-libur-lebaran-jokowi-dinilai-pahami-pengusaha,ADVERTISEMENT SCROLL TO CONTINUE WITH CONTENT
Bimbang Prabowo Diburu Waktu Pilih Cawapres dari 9 Kader PKS,"Kamis, 03 Mei 2018 10:21 WIB",https://www.cnnindonesia.com/nasional/20180503094245-32-295319/bimbang-prabowo-diburu-waktu-pilih-cawapres-dari-9-kader-pks,ADVERTISEMENT SCROLL TO CONTINUE WITH CONTENT
'Panah' Komisioner Baru KPPU Bidik Ekonomi Digital,"Kamis, 03 Mei 2018 09:21 WIB",https://www.cnnindonesia.com/ekonomi/20180502211033-92-295249/panah-komisioner-baru-kppu-bidik-ekonomi-digital,ADVERTISEMENT SCROLL TO CONTINUE WITH CONTENT
Jokowi Minta Industri Berbenah agar Dilirik Generasi milenial,"Kamis, 03 Mei 2018 08:52 WIB",https://www.cnnindonesia.com/ekonomi/20180502160202-85-295164/jokowi-minta-industri-berbenah-agar-dilirik-generasi-milenial,ADVERTISEMENT SCROLL TO CONTINUE WITH CONTENT
Pansel MK Mulai Cari Pengganti Hakim Maria Farida,"Kamis, 03 Mei 2018 07:03 WIB",https://www.cnnindonesia.com/nasional/20180502134539-12-295105/pansel-mk-mulai-cari-pengganti-hakim-maria-farida,ADVERTISEMENT SCROLL TO CONTINUE WITH CONTENT
Nama Cawapres Diyakini Bakal Pengaruhi Elektabilitas Jokowi,"Kamis, 03 Mei 2018 05:35 WIB",https://www.cnnindonesia.com/nasional/20180502230614-32-295264/nama-cawapres-diyakini-bakal-pengaruhi-elektabilitas-jokowi,ADVERTISEMENT SCROLL TO CONTINUE WITH CONTENT
"Soal Pansus, Politisi PDIP Tuding Fadli Zon Tak Baca Perpres","Kamis, 03 Mei 2018 05:20 WIB",https://www.cnnindonesia.com/nasional/20180502184407-32-295201/soal-pansus-politisi-pdip-tuding-fadli-zon-tak-baca-perpres,ADVERTISEMENT SCROLL TO CONTINUE WITH CONTENT
Ulama Sepakat Tolak Agama Jadi Alat Politik,"Kamis, 03 Mei 2018 00:10 WIB",https://www.cnnindonesia.com/nasional/20180502224806-20-295262/ulama-sepakat-tolak-agama-jadi-alat-politik,ADVERTISEMENT SCROLL TO CONTINUE WITH CONTENT
Golkar Nilai Pembentukan Pansus TKA Hanya Buat Gaduh,"Rabu, 02 Mei 2018 21:53 WIB",https://www.cnnindonesia.com/nasional/20180502200343-32-295240/golkar-nilai-pembentukan-pansus-tka-hanya-buat-gaduh,ADVERTISEMENT SCROLL TO CONTINUE WITH CONTENT
"Temui Jokowi, Sultan Brunei Bahas Perlindungan Pekerja Migran","Rabu, 02 Mei 2018 20:45 WIB",https://www.cnnindonesia.com/internasional/20180502193413-106-295227/temui-jokowi-sultan-brunei-bahas-perlindungan-pekerja-migran,ADVERTISEMENT SCROLL TO CONTINUE WITH CONTENT
OSO Sindir Jatah Menteri dan Kontrak Politik KSPI-Prabowo,"Rabu, 02 Mei 2018 20:24 WIB",https://www.cnnindonesia.com/nasional/20180502192003-32-295224/oso-sindir-jatah-menteri-dan-kontrak-politik-kspi-prabowo,ADVERTISEMENT SCROLL TO CONTINUE WITH CONTENT
Agung Laksono Berharap MK Tolak Gugatan Masa Jabatan JK,"Rabu, 02 Mei 2018 20:02 WIB",https://www.cnnindonesia.com/nasional/20180502193614-32-295233/agung-laksono-berharap-mk-tolak-gugatan-masa-jabatan-jk,ADVERTISEMENT SCROLL TO CONTINUE WITH CONTENT
"Gelar Rakornas Bahas Capres 2019, PA 212 Undang Gerindra-PKS","Rabu, 02 Mei 2018 18:19 WIB",https://www.cnnindonesia.com/nasional/20180502175702-32-295185/gelar-rakornas-bahas-capres-2019-pa-212-undang-gerindra-pks,ADVERTISEMENT SCROLL TO CONTINUE WITH CONTENT
Golkar: Dukungan KSPI ke Prabowo Bukan Aspirasi Tunggal Buruh,"Rabu, 02 Mei 2018 17:21 WIB",https://www.cnnindonesia.com/nasional/20180502142236-32-295122/golkar-dukungan-kspi-ke-prabowo-bukan-aspirasi-tunggal-buruh,ADVERTISEMENT SCROLL TO CONTINUE WITH CONTENT
Puan Sebut Revisi Libur Lebaran Diputuskan Jumat,"Rabu, 02 Mei 2018 16:58 WIB",https://www.cnnindonesia.com/ekonomi/20180502161747-92-295170/puan-sebut-revisi-libur-lebaran-diputuskan-jumat,ADVERTISEMENT SCROLL TO CONTINUE WITH CONTENT
Jokowi Akhirnya Lantik Sembilan Anggota Komisioner KPPU,"Rabu, 02 Mei 2018 15:26 WIB",https://www.cnnindonesia.com/ekonomi/20180502151749-92-295149/jokowi-akhirnya-lantik-sembilan-anggota-komisioner-kppu,ADVERTISEMENT SCROLL TO CONTINUE WITH CONTENT
Bawaslu Anggap Prabowo Tak Curi Start Kampanye saat May Day,"Rabu, 02 Mei 2018 15:26 WIB",https://www.cnnindonesia.com/nasional/20180502150058-32-295146/bawaslu-anggap-prabowo-tak-curi-start-kampanye-saat-may-day,ADVERTISEMENT SCROLL TO CONTINUE WITH CONTENT
"Respons Jokowi, Sandi Bakal Pamer Bus Listrik di Asian Games","Rabu, 02 Mei 2018 13:36 WIB",https://www.cnnindonesia.com/nasional/20180502131959-20-295095/respons-jokowi-sandi-bakal-pamer-bus-listrik-di-asian-games,ADVERTISEMENT SCROLL TO CONTINUE WITH CONTENT
Jokowi Geleng-geleng Lihat Pertamina Minim Eksplorasi Minyak,"Rabu, 02 Mei 2018 11:21 WIB",https://www.cnnindonesia.com/ekonomi/20180502111640-85-295036/jokowi-geleng-geleng-lihat-pertamina-minim-eksplorasi-minyak,ADVERTISEMENT SCROLL TO CONTINUE WITH CONTENT
"Jelang Akhir Jabatan, Ketua KPPU Desak Jokowi Perkuat Lembaga","Rabu, 02 Mei 2018 10:28 WIB",https://www.cnnindonesia.com/ekonomi/20180502102246-92-295027/jelang-akhir-jabatan-ketua-kppu-desak-jokowi-perkuat-lembaga,ADVERTISEMENT SCROLL TO CONTINUE WITH CONTENT
Jokowi Dorong Anies Tiru China Beralih Gunakan Bus Listrik,"Rabu, 02 Mei 2018 10:21 WIB",https://www.cnnindonesia.com/nasional/20180502101147-20-295025/jokowi-dorong-anies-tiru-china-beralih-gunakan-bus-listrik,ADVERTISEMENT SCROLL TO CONTINUE WITH CONTENT
Palagan Akhir Prabowo dan Pertaruhan Janji di Hadapan Buruh,"Rabu, 02 Mei 2018 09:43 WIB",https://www.cnnindonesia.com/nasional/20180502090243-32-295011/palagan-akhir-prabowo-dan-pertaruhan-janji-di-hadapan-buruh,ADVERTISEMENT SCROLL TO CONTINUE WITH CONTENT
Bedah Pasal Kontroversi Perpres Jokowi soal TKA,"Rabu, 02 Mei 2018 09:17 WIB",https://www.cnnindonesia.com/nasional/20180502071142-12-295009/bedah-pasal-kontroversi-perpres-jokowi-soal-tka,ADVERTISEMENT SCROLL TO CONTINUE WITH CONTENT
Wakil Menlu Korsel ke Indonesia Bahas Isu Inter-Korea,"Selasa, 01 Mei 2018 22:08 WIB",https://www.cnnindonesia.com/internasional/20180501163130-113-294927/wakil-menlu-korsel-ke-indonesia-bahas-isu-inter-korea,ADVERTISEMENT SCROLL TO CONTINUE WITH CONTENT
"Beda dengan KSPI, KSPSI Tetap Dukung Jokowi","Selasa, 01 Mei 2018 20:52 WIB",https://www.cnnindonesia.com/nasional/20180501204711-32-294961/beda-dengan-kspi-kspsi-tetap-dukung-jokowi,ADVERTISEMENT SCROLL TO CONTINUE WITH CONTENT
Moeldoko Tegaskan Perpres TKA untuk Lindungi Pekerja Lokal,"Selasa, 01 Mei 2018 18:39 WIB",https://www.cnnindonesia.com/nasional/20180501182244-20-294952/moeldoko-tegaskan-perpres-tka-untuk-lindungi-pekerja-lokal,ADVERTISEMENT SCROLL TO CONTINUE WITH CONTENT
Sate Ayam buat Imam Besar Al Azhar dan Wapres Iran,"Selasa, 01 Mei 2018 16:50 WIB",https://www.cnnindonesia.com/internasional/20180501144559-106-294907/sate-ayam-buat-imam-besar-al-azhar-dan-wapres-iran,ADVERTISEMENT SCROLL TO CONTINUE WITH CONTENT
Jokowi Dukung Gerakan Wasatiyyah Islam Mendunia,"Selasa, 01 Mei 2018 15:34 WIB",https://www.cnnindonesia.com/internasional/20180501133635-106-294900/jokowi-dukung-gerakan-wasatiyyah-islam-mendunia,ADVERTISEMENT SCROLL TO CONTINUE WITH CONTENT
"Bertemu Menaker di Istana, Utusan Buruh Sampaikan 5 Tuntutan","Selasa, 01 Mei 2018 13:19 WIB",https://www.cnnindonesia.com/nasional/20180501131142-20-294879/bertemu-menaker-di-istana-utusan-buruh-sampaikan-5-tuntutan,ADVERTISEMENT SCROLL TO CONTINUE WITH CONTENT
"Beda dari KSPI, Buruh Transportasi Ingin Jokowi Dua Periode","Selasa, 01 Mei 2018 12:17 WIB",https://www.cnnindonesia.com/nasional/20180501121146-20-294874/beda-dari-kspi-buruh-transportasi-ingin-jokowi-dua-periode,ADVERTISEMENT SCROLL TO CONTINUE WITH CONTENT
"Sambut Wapres Iran, Puan dan Menlu RI Kompak Kenakan Hijab","Selasa, 01 Mei 2018 10:51 WIB",https://www.cnnindonesia.com/nasional/20180501103234-20-294851/sambut-wapres-iran-puan-dan-menlu-ri-kompak-kenakan-hijab,ADVERTISEMENT SCROLL TO CONTINUE WITH CONTENT
Momok Perpres Tenaga Kerja Asing Akibat Pengawasan Loyo,"Selasa, 01 Mei 2018 10:08 WIB",https://www.cnnindonesia.com/ekonomi/20180501074618-92-294822/momok-perpres-tenaga-kerja-asing-akibat-pengawasan-loyo,ADVERTISEMENT SCROLL TO CONTINUE WITH CONTENT
Gerindra Tantang Jokowi Minta KPK Buka Rekaman Rini-Dirut PLN,"Selasa, 01 Mei 2018 04:30 WIB",https://www.cnnindonesia.com/nasional/20180430171346-32-294732/gerindra-tantang-jokowi-minta-kpk-buka-rekaman-rini-dirut-pln,ADVERTISEMENT SCROLL TO CONTINUE WITH CONTENT
Korut-Korsel Bakal Kirim Tim Gabungan ke Asian Games,"Selasa, 01 Mei 2018 01:49 WIB",https://www.cnnindonesia.com/internasional/20180430201201-106-294773/korut-korsel-bakal-kirim-tim-gabungan-ke-asian-games,ADVERTISEMENT SCROLL TO CONTINUE WITH CONTENT
Korsel Apresiasi Jokowi Dukung Perdamaian dengan Korut,"Selasa, 01 Mei 2018 00:50 WIB",https://www.cnnindonesia.com/internasional/20180430185738-106-294756/korsel-apresiasi-jokowi-dukung-perdamaian-dengan-korut,ADVERTISEMENT SCROLL TO CONTINUE WITH CONTENT
"Diduga Curi 'Start' Kampanye, Bawaslu Panggil PSI","Senin, 30 Apr 2018 22:30 WIB",https://www.cnnindonesia.com/nasional/20180430195239-32-294776/diduga-curi-start-kampanye-bawaslu-panggil-psi,ADVERTISEMENT SCROLL TO CONTINUE WITH CONTENT
Pengamat Sebut Rekaman Rini-Sofyan untuk Jatuhkan Jokowi,"Senin, 30 Apr 2018 20:10 WIB",https://www.cnnindonesia.com/ekonomi/20180430153944-85-294713/pengamat-sebut-rekaman-rini-sofyan-untuk-jatuhkan-jokowi,ADVERTISEMENT SCROLL TO CONTINUE WITH CONTENT
Jokowi Bahas Wasatiyyah Islam Bersama Imam Besar Al-Azhar,"Senin, 30 Apr 2018 19:44 WIB",https://www.cnnindonesia.com/internasional/20180430175312-106-294736/jokowi-bahas-wasatiyyah-islam-bersama-imam-besar-al-azhar,ADVERTISEMENT SCROLL TO CONTINUE WITH CONTENT
"Berseragam PDIP, Ruhut Tegaskan Masih Jadi Kader SBY","Senin, 30 Apr 2018 19:30 WIB",https://www.cnnindonesia.com/nasional/20180430191314-32-294761/berseragam-pdip-ruhut-tegaskan-masih-jadi-kader-sby,ADVERTISEMENT SCROLL TO CONTINUE WITH CONTENT
Jokowi: Indonesia Siap Bantu Perdamaian Korut dan Korsel,"Senin, 30 Apr 2018 17:40 WIB",https://www.cnnindonesia.com/internasional/20180430164415-106-294725/jokowi-indonesia-siap-bantu-perdamaian-korut-dan-korsel,ADVERTISEMENT SCROLL TO CONTINUE WITH CONTENT
PKS Sebut Pembentukan Sekber dengan Gerindra Belum Resmi,"Senin, 30 Apr 2018 17:16 WIB",https://www.cnnindonesia.com/nasional/20180430163956-32-294723/pks-sebut-pembentukan-sekber-dengan-gerindra-belum-resmi,ADVERTISEMENT SCROLL TO CONTINUE WITH CONTENT
Jokowi Minta Perizinan Selesai dalam Hitungan Jam,"Senin, 30 Apr 2018 16:50 WIB",https://www.cnnindonesia.com/ekonomi/20180430124738-532-294654/jokowi-minta-perizinan-selesai-dalam-hitungan-jam,ADVERTISEMENT SCROLL TO CONTINUE WITH CONTENT
Jokowi Tawarkan Trump dan Kim Jong-un Bertemu di Indonesia,"Senin, 30 Apr 2018 16:00 WIB",https://www.cnnindonesia.com/internasional/20180430155026-106-294709/jokowi-tawarkan-trump-dan-kim-jong-un-bertemu-di-indonesia,ADVERTISEMENT SCROLL TO CONTINUE WITH CONTENT
Jokowi Tolak Ide Singapura Integrasi e-Payment Seantero ASEAN,"Senin, 30 Apr 2018 15:24 WIB",https://www.cnnindonesia.com/ekonomi/20180430150353-78-294699/jokowi-tolak-ide-singapura-integrasi-e-payment-seantero-asean,ADVERTISEMENT SCROLL TO CONTINUE WITH CONTENT
Fadli Zon soal PSI Lapor Polisi: Nanti Memercik Muka Sendiri,"Senin, 30 Apr 2018 14:06 WIB",https://www.cnnindonesia.com/nasional/20180430133433-32-294674/fadli-zon-soal-psi-lapor-polisi-nanti-memercik-muka-sendiri,ADVERTISEMENT SCROLL TO CONTINUE WITH CONTENT
Jokowi Enggan Komentar Soal Rekaman Rini dan Dirut PLN,"Senin, 30 Apr 2018 13:30 WIB",https://www.cnnindonesia.com/ekonomi/20180430120121-85-294633/jokowi-enggan-komentar-soal-rekaman-rini-dan-dirut-pln,ADVERTISEMENT SCROLL TO CONTINUE WITH CONTENT
Korban Massa #2019GantiPresiden Resmi Lapor Polisi,"Senin, 30 Apr 2018 13:25 WIB",https://www.cnnindonesia.com/nasional/20180430131156-12-294667/korban-massa-2019gantipresiden-resmi-lapor-polisi,ADVERTISEMENT SCROLL TO CONTINUE WITH CONTENT
Jokowi Minta Budi Waseso Pimpin Bulog dengan Tegas,"Senin, 30 Apr 2018 12:26 WIB",https://www.cnnindonesia.com/ekonomi/20180430122230-92-294640/jokowi-minta-budi-waseso-pimpin-bulog-dengan-tegas,ADVERTISEMENT SCROLL TO CONTINUE WITH CONTENT
Jokowi Soal Rupiah Nyaris Rp14 Ribu: Semua Mata Uang Melemah,"Senin, 30 Apr 2018 11:21 WIB",https://www.cnnindonesia.com/ekonomi/20180430111710-532-294613/jokowi-soal-rupiah-nyaris-rp14-ribu-semua-mata-uang-melemah,ADVERTISEMENT SCROLL TO CONTINUE WITH CONTENT
Dugaan Intimidasi Massa #2019GantiPresiden Akan Dipolisikan,"Senin, 30 Apr 2018 07:34 WIB",https://www.cnnindonesia.com/nasional/20180430070055-12-294563/dugaan-intimidasi-massa-2019gantipresiden-akan-dipolisikan,ADVERTISEMENT SCROLL TO CONTINUE WITH CONTENT
KSPI Putuskan Dukung Prabowo-Rizal Ramli di Pilpres 2019,"Minggu, 29 Apr 2018 21:59 WIB",https://www.cnnindonesia.com/nasional/20180429215111-32-294542/kspi-putuskan-dukung-prabowo-rizal-ramli-di-pilpres-2019,ADVERTISEMENT SCROLL TO CONTINUE WITH CONTENT
Pemerintah 'Putar' Dana Haji di Proyek Nasional Minim Risiko,"Minggu, 29 Apr 2018 17:59 WIB",https://www.cnnindonesia.com/ekonomi/20180429144944-92-294488/pemerintah-putar-dana-haji-di-proyek-nasional-minim-risiko,ADVERTISEMENT SCROLL TO CONTINUE WITH CONTENT
"Ingin JK Maju Cawapres, Penggemar Gugat UU Pemilu ke MK","Minggu, 29 Apr 2018 15:48 WIB",https://www.cnnindonesia.com/nasional/20180429153054-32-294495/ingin-jk-maju-cawapres-penggemar-gugat-uu-pemilu-ke-mk,ADVERTISEMENT SCROLL TO CONTINUE WITH CONTENT
Airlangga Dijadwalkan Bertemu Megawati Pekan Depan,"Minggu, 29 Apr 2018 13:34 WIB",https://www.cnnindonesia.com/nasional/20180429131008-32-294469/airlangga-dijadwalkan-bertemu-megawati-pekan-depan,ADVERTISEMENT SCROLL TO CONTINUE WITH CONTENT
PDIP Sebut Rekaman Rini Soemarno Langgar Perintah Jokowi,"Minggu, 29 Apr 2018 10:47 WIB",https://www.cnnindonesia.com/nasional/20180429104004-32-294460/pdip-sebut-rekaman-rini-soemarno-langgar-perintah-jokowi,ADVERTISEMENT SCROLL TO CONTINUE WITH CONTENT
"Prihatin Kondisi Rakhine, Indonesia Siap Bantu Myanmar","Minggu, 29 Apr 2018 02:14 WIB",https://www.cnnindonesia.com/internasional/20180428180441-106-294377/prihatin-kondisi-rakhine-indonesia-siap-bantu-myanmar,ADVERTISEMENT SCROLL TO CONTINUE WITH CONTENT
GP Ansor Tak Rela Jokowi Hentikan Kasus Rizieq Shihab,"Sabtu, 28 Apr 2018 19:32 WIB",https://www.cnnindonesia.com/nasional/20180428185603-12-294400/gp-ansor-tak-rela-jokowi-hentikan-kasus-rizieq-shihab,ADVERTISEMENT SCROLL TO CONTINUE WITH CONTENT
Menhub Klaim Sudah Pangkas 156 Aturan Demi Genjot Investasi,"Sabtu, 28 Apr 2018 18:40 WIB",https://www.cnnindonesia.com/ekonomi/20180427125918-92-294082/menhub-klaim-sudah-pangkas-156-aturan-demi-genjot-investasi,ADVERTISEMENT SCROLL TO CONTINUE WITH CONTENT
"Di KTT ASEAN, Indonesia Terus Usung Gagasan Indo-Pasifik","Sabtu, 28 Apr 2018 18:30 WIB",https://www.cnnindonesia.com/internasional/20180428173256-106-294375/di-ktt-asean-indonesia-terus-usung-gagasan-indo-pasifik,ADVERTISEMENT SCROLL TO CONTINUE WITH CONTENT
Menaker Sebut TKA China Sudah Marak Sejak Era SBY,"Sabtu, 28 Apr 2018 18:17 WIB",https://www.cnnindonesia.com/nasional/20180428180234-20-294380/menaker-sebut-tka-china-sudah-marak-sejak-era-sby,ADVERTISEMENT SCROLL TO CONTINUE WITH CONTENT
Jokowi Waspadai 'Kebocoran' Data Pribadi Facebook di ASEAN,"Sabtu, 28 Apr 2018 14:19 WIB",https://www.cnnindonesia.com/internasional/20180428140943-106-294324/jokowi-waspadai-kebocoran-data-pribadi-facebook-di-asean,ADVERTISEMENT SCROLL TO CONTINUE WITH CONTENT
Komisi IX Desak Anak Buah Jokowi Bentuk Satgas TKA Ilegal,"Sabtu, 28 Apr 2018 13:15 WIB",https://www.cnnindonesia.com/nasional/20180428130005-20-294314/komisi-ix-desak-anak-buah-jokowi-bentuk-satgas-tka-ilegal,ADVERTISEMENT SCROLL TO CONTINUE WITH CONTENT
NasDem Sebut Jokowi Tengah Cari Pendamping Macam JK,"Sabtu, 28 Apr 2018 12:16 WIB",https://www.cnnindonesia.com/nasional/20180428120932-32-294297/nasdem-sebut-jokowi-tengah-cari-pendamping-macam-jk,ADVERTISEMENT SCROLL TO CONTINUE WITH CONTENT
Lakon Ribuan TKA Ilegal China Mengadu Nasib di Indonesia,"Sabtu, 28 Apr 2018 11:25 WIB",https://www.cnnindonesia.com/nasional/20180427161601-20-294160/lakon-ribuan-tka-ilegal-china-mengadu-nasib-di-indonesia,ADVERTISEMENT SCROLL TO CONTINUE WITH CONTENT
SBY 'Kalahkan' Jokowi Soal Jumlah Penyerapan Buruh Konstruksi,"Sabtu, 28 Apr 2018 10:30 WIB",https://www.cnnindonesia.com/ekonomi/20180428095801-92-294293/sby-kalahkan-jokowi-soal-jumlah-penyerapan-buruh-konstruksi,ADVERTISEMENT SCROLL TO CONTINUE WITH CONTENT
Hanafi Rais Beri Sinyal PAN Merapat ke Gerindra,"Sabtu, 28 Apr 2018 03:55 WIB",https://www.cnnindonesia.com/nasional/20180428034850-32-294279/hanafi-rais-beri-sinyal-pan-merapat-ke-gerindra,ADVERTISEMENT SCROLL TO CONTINUE WITH CONTENT
Jokowi Harapkan Hasil KTT Bawa Perdamaian untuk Korea,"Sabtu, 28 Apr 2018 01:30 WIB",https://www.cnnindonesia.com/internasional/20180428012517-106-294275/jokowi-harapkan-hasil-ktt-bawa-perdamaian-untuk-korea,ADVERTISEMENT SCROLL TO CONTINUE WITH CONTENT
PDIP Kecewa Nawacita Jokowi Diplesetkan Jadi Nawasengsara,"Jumat, 27 Apr 2018 20:40 WIB",https://www.cnnindonesia.com/nasional/20180427201754-32-294254/pdip-kecewa-nawacita-jokowi-diplesetkan-jadi-nawasengsara,ADVERTISEMENT SCROLL TO CONTINUE WITH CONTENT
"Dicopot Jokowi, Eks Sekjen KPK Kembali ke BPKP","Jumat, 27 Apr 2018 20:08 WIB",https://www.cnnindonesia.com/nasional/20180427200101-12-294252/dicopot-jokowi-eks-sekjen-kpk-kembali-ke-bpkp,ADVERTISEMENT SCROLL TO CONTINUE WITH CONTENT
Kapitra: Pertemuan 2 Jam Bogor Dirusak Konpers 30 Menit,"Jumat, 27 Apr 2018 20:00 WIB",https://www.cnnindonesia.com/nasional/20180427194351-20-294249/kapitra-pertemuan-2-jam-bogor-dirusak-konpers-30-menit,ADVERTISEMENT SCROLL TO CONTINUE WITH CONTENT
Zulkifli Respons Tudingan Amien soal Sandiwara Dukung Jokowi,"Jumat, 27 Apr 2018 19:05 WIB",https://www.cnnindonesia.com/nasional/20180427185936-32-294227/zulkifli-respons-tudingan-amien-soal-sandiwara-dukung-jokowi,ADVERTISEMENT SCROLL TO CONTINUE WITH CONTENT
MK Tunggu Pengajuan Uji Materi UU soal Polemik JK Cawapres,"Jumat, 27 Apr 2018 18:55 WIB",https://www.cnnindonesia.com/nasional/20180427184127-12-294222/mk-tunggu-pengajuan-uji-materi-uu-soal-polemik-jk-cawapres,ADVERTISEMENT SCROLL TO CONTINUE WITH CONTENT
"Alasan Kinerja, Sekjen KPK Dicopot Jokowi","Jumat, 27 Apr 2018 16:47 WIB",https://www.cnnindonesia.com/nasional/20180427161546-20-294167/alasan-kinerja-sekjen-kpk-dicopot-jokowi,ADVERTISEMENT SCROLL TO CONTINUE WITH CONTENT
Polisi Dukung Jokowi Tolak Intervensi Hukum Kasus Ulama,"Jumat, 27 Apr 2018 15:19 WIB",https://www.cnnindonesia.com/nasional/20180427143912-12-294131/polisi-dukung-jokowi-tolak-intervensi-hukum-kasus-ulama,ADVERTISEMENT SCROLL TO CONTINUE WITH CONTENT
"Moeldoko soal Kasus Novel: Protes ke Polisi, Jangan ke Jokowi","Jumat, 27 Apr 2018 14:47 WIB",https://www.cnnindonesia.com/nasional/20180427140012-12-294103/moeldoko-soal-kasus-novel-protes-ke-polisi-jangan-ke-jokowi,ADVERTISEMENT SCROLL TO CONTINUE WITH CONTENT
Amien Rais Dicap Nyinyir Soal Nawasengsara,"Jumat, 27 Apr 2018 14:41 WIB",https://www.cnnindonesia.com/nasional/20180427140404-32-294109/amien-rais-dicap-nyinyir-soal-nawasengsara,ADVERTISEMENT SCROLL TO CONTINUE WITH CONTENT
Yusril Sentil Menteri Hanif soal Aturan TKA Era Jokowi,"Jumat, 27 Apr 2018 13:51 WIB",https://www.cnnindonesia.com/nasional/20180427111814-32-294083/yusril-sentil-menteri-hanif-soal-aturan-tka-era-jokowi,ADVERTISEMENT SCROLL TO CONTINUE WITH CONTENT
Moeldoko Pertanyakan 'Nawasengsara' Amien Rais,"Jumat, 27 Apr 2018 11:15 WIB",https://www.cnnindonesia.com/nasional/20180427105401-32-294040/moeldoko-pertanyakan-nawasengsara-amien-rais,ADVERTISEMENT SCROLL TO CONTINUE WITH CONTENT
KAMMI Siapkan Debat Terbuka Rizal Ramli-Sri Mulyani,"Jumat, 27 Apr 2018 10:16 WIB",https://www.cnnindonesia.com/nasional/20180427095350-20-294027/kammi-siapkan-debat-terbuka-rizal-ramli-sri-mulyani,ADVERTISEMENT SCROLL TO CONTINUE WITH CONTENT
Golkar Belum Pernah Bahas Peluang JK Jadi Cawapres Lagi,"Jumat, 27 Apr 2018 09:31 WIB",https://www.cnnindonesia.com/nasional/20180427073539-32-294006/golkar-belum-pernah-bahas-peluang-jk-jadi-cawapres-lagi,ADVERTISEMENT SCROLL TO CONTINUE WITH CONTENT
"Alumni 212 Bertemu Jokowi, Rizieq Klaim Utamakan Dialog","Jumat, 27 Apr 2018 09:04 WIB",https://www.cnnindonesia.com/nasional/20180427083443-20-294012/alumni-212-bertemu-jokowi-rizieq-klaim-utamakan-dialog,ADVERTISEMENT SCROLL TO CONTINUE WITH CONTENT
KSPI: Suara Buruh Tidak Akan Lari ke Jokowi,"Jumat, 27 Apr 2018 08:28 WIB",https://www.cnnindonesia.com/nasional/20180427063833-32-293989/kspi-suara-buruh-tidak-akan-lari-ke-jokowi,ADVERTISEMENT SCROLL TO CONTINUE WITH CONTENT
Perpres TKA Dinilai Tak Sesuai dengan UU Ketenagakerjaan,"Jumat, 27 Apr 2018 07:50 WIB",https://www.cnnindonesia.com/nasional/20180426203748-20-293949/perpres-tka-dinilai-tak-sesuai-dengan-uu-ketenagakerjaan,ADVERTISEMENT SCROLL TO CONTINUE WITH CONTENT
Amien Rais Sebut Nawacita Jokowi Jadi Nawasengsara,"Jumat, 27 Apr 2018 07:32 WIB",https://www.cnnindonesia.com/nasional/20180427064619-32-293995/amien-rais-sebut-nawacita-jokowi-jadi-nawasengsara,ADVERTISEMENT SCROLL TO CONTINUE WITH CONTENT
Pengusaha Sebut Aturan TKA Banyak Manfaat dari Mudarat,"Jumat, 27 Apr 2018 07:25 WIB",https://www.cnnindonesia.com/ekonomi/20180427063718-532-293997/pengusaha-sebut-aturan-tka-banyak-manfaat-dari-mudarat,ADVERTISEMENT SCROLL TO CONTINUE WITH CONTENT
Golkar Nilai Pertemuan Jokowi-PKS Bukan Buat Pecahkan Koalisi,"Jumat, 27 Apr 2018 07:03 WIB",https://www.cnnindonesia.com/nasional/20180426201907-32-293945/golkar-nilai-pertemuan-jokowi-pks-bukan-buat-pecahkan-koalisi,ADVERTISEMENT SCROLL TO CONTINUE WITH CONTENT
Golkar Tak Persoalkan Cak Imin Lobi Akbar Tanjung,"Jumat, 27 Apr 2018 05:50 WIB",https://www.cnnindonesia.com/nasional/20180426201001-32-293930/golkar-tak-persoalkan-cak-imin-lobi-akbar-tanjung,ADVERTISEMENT SCROLL TO CONTINUE WITH CONTENT
Politikus PDIP Tak Bicara Cawapres dengan Prabowo,"Jumat, 27 Apr 2018 05:36 WIB",https://www.cnnindonesia.com/nasional/20180426195300-32-293914/politikus-pdip-tak-bicara-cawapres-dengan-prabowo,ADVERTISEMENT SCROLL TO CONTINUE WITH CONTENT
Pertemuan Bogor dan Nasib Kasus Ulama yang Terkatung,"Kamis, 26 Apr 2018 21:34 WIB",https://www.cnnindonesia.com/nasional/20180426205148-32-293957/pertemuan-bogor-dan-nasib-kasus-ulama-yang-terkatung,ADVERTISEMENT SCROLL TO CONTINUE WITH CONTENT
PDIP Sanggah Pertemuan Jokowi-PKS Bentuk Kepanikan,"Kamis, 26 Apr 2018 21:26 WIB",https://www.cnnindonesia.com/nasional/20180426211440-32-293960/pdip-sanggah-pertemuan-jokowi-pks-bentuk-kepanikan,ADVERTISEMENT SCROLL TO CONTINUE WITH CONTENT
Fadli Zon Yakin Alumni 212 Tetap Dukung Prabowo,"Kamis, 26 Apr 2018 20:45 WIB",https://www.cnnindonesia.com/nasional/20180426203015-32-293948/fadli-zon-yakin-alumni-212-tetap-dukung-prabowo,ADVERTISEMENT SCROLL TO CONTINUE WITH CONTENT
Moeldoko Tegaskan Nasib Kasus Rizieq Ada di Tangan Jokowi,"Kamis, 26 Apr 2018 19:58 WIB",https://www.cnnindonesia.com/nasional/20180426194021-32-293908/moeldoko-tegaskan-nasib-kasus-rizieq-ada-di-tangan-jokowi,ADVERTISEMENT SCROLL TO CONTINUE WITH CONTENT
Megawati dan Ikhwanul Muballighin Bahas Bela Negara,"Kamis, 26 Apr 2018 19:21 WIB",https://www.cnnindonesia.com/nasional/20180426185000-20-293897/megawati-dan-ikhwanul-muballighin-bahas-bela-negara,ADVERTISEMENT SCROLL TO CONTINUE WITH CONTENT
"Respons Tuntutan PA 212, Jokowi Tolak Intervensi Kasus Ulama","Kamis, 26 Apr 2018 18:30 WIB",https://www.cnnindonesia.com/nasional/20180426174534-12-293882/respons-tuntutan-pa-212-jokowi-tolak-intervensi-kasus-ulama,ADVERTISEMENT SCROLL TO CONTINUE WITH CONTENT
Istana Respons Klaim PA 212: Tak Ada Alasan Umat Benci Jokowi,"Kamis, 26 Apr 2018 17:47 WIB",https://www.cnnindonesia.com/nasional/20180426172424-32-293858/istana-respons-klaim-pa-212-tak-ada-alasan-umat-benci-jokowi,ADVERTISEMENT SCROLL TO CONTINUE WITH CONTENT
"Puji Gatot, Amien Rais Tetap Prediksi Jokowi Lawan Prabowo","Kamis, 26 Apr 2018 17:43 WIB",https://www.cnnindonesia.com/nasional/20180426172448-32-293856/puji-gatot-amien-rais-tetap-prediksi-jokowi-lawan-prabowo,ADVERTISEMENT SCROLL TO CONTINUE WITH CONTENT
PDIP Tunggu Tafsiran MK soal Peluang JK Cawapres,"Kamis, 26 Apr 2018 17:31 WIB",https://www.cnnindonesia.com/nasional/20180426162904-32-293836/pdip-tunggu-tafsiran-mk-soal-peluang-jk-cawapres,ADVERTISEMENT SCROLL TO CONTINUE WITH CONTENT
Fadli Zon dan Amien Rais Berembuk Cari Penantang Jokowi,"Kamis, 26 Apr 2018 17:20 WIB",https://www.cnnindonesia.com/nasional/20180426170219-32-293841/fadli-zon-dan-amien-rais-berembuk-cari-penantang-jokowi,ADVERTISEMENT SCROLL TO CONTINUE WITH CONTENT
Mendagri Respons Tausiah Politik Amien Rais di Balai Kota,"Kamis, 26 Apr 2018 16:50 WIB",https://www.cnnindonesia.com/nasional/20180426154914-32-293804/mendagri-respons-tausiah-politik-amien-rais-di-balai-kota,ADVERTISEMENT SCROLL TO CONTINUE WITH CONTENT
Rizal Ramli Minta Debat Terbuka dengan Sri Mulyani soal Utang,"Kamis, 26 Apr 2018 16:21 WIB",https://www.cnnindonesia.com/nasional/20180426155226-32-293806/rizal-ramli-minta-debat-terbuka-dengan-sri-mulyani-soal-utang,ADVERTISEMENT SCROLL TO CONTINUE WITH CONTENT
Amien Rais Sebut Tak Ada Amplop saat Jokowi Bertemu PA 212,"Kamis, 26 Apr 2018 16:07 WIB",https://www.cnnindonesia.com/nasional/20180426155122-32-293801/amien-rais-sebut-tak-ada-amplop-saat-jokowi-bertemu-pa-212,ADVERTISEMENT SCROLL TO CONTINUE WITH CONTENT
Amien Rais Sebut Zulkifli Hasan Sandiwara Dukung Jokowi,"Kamis, 26 Apr 2018 14:58 WIB",https://www.cnnindonesia.com/nasional/20180426145446-32-293778/amien-rais-sebut-zulkifli-hasan-sandiwara-dukung-jokowi,ADVERTISEMENT SCROLL TO CONTINUE WITH CONTENT
"Sempat Diajak Berkoalisi, PKS Akui Bertemu Jokowi Dua Kali","Kamis, 26 Apr 2018 14:24 WIB",https://www.cnnindonesia.com/nasional/20180426135330-32-293751/sempat-diajak-berkoalisi-pks-akui-bertemu-jokowi-dua-kali,ADVERTISEMENT SCROLL TO CONTINUE WITH CONTENT
PDIP Sebut Komunikasi ke PKS Bukan Cari Dukungan Politik,"Kamis, 26 Apr 2018 13:36 WIB",https://www.cnnindonesia.com/nasional/20180426125234-32-293742/pdip-sebut-komunikasi-ke-pks-bukan-cari-dukungan-politik,ADVERTISEMENT SCROLL TO CONTINUE WITH CONTENT
Akbar Tandjung Akui Golkar Belum Bahas Airlangga Cawapres,"Kamis, 26 Apr 2018 13:07 WIB",https://www.cnnindonesia.com/nasional/20180426083701-32-293671/akbar-tandjung-akui-golkar-belum-bahas-airlangga-cawapres,ADVERTISEMENT SCROLL TO CONTINUE WITH CONTENT
Buruh Sebut Jokowi Salah Arah Terkait Perpres TKA,"Kamis, 26 Apr 2018 12:38 WIB",https://www.cnnindonesia.com/nasional/20180426105816-32-293701/buruh-sebut-jokowi-salah-arah-terkait-perpres-tka,ADVERTISEMENT SCROLL TO CONTINUE WITH CONTENT
Gerindra Belum Pastikan Aher Jadi Calon Pendamping Prabowo,"Kamis, 26 Apr 2018 12:05 WIB",https://www.cnnindonesia.com/nasional/20180426113520-32-293711/gerindra-belum-pastikan-aher-jadi-calon-pendamping-prabowo,ADVERTISEMENT SCROLL TO CONTINUE WITH CONTENT
Jokowi Optimis RI Jadi Pusat Industri Fesyen Muslim Dunia,"Kamis, 26 Apr 2018 11:38 WIB",https://www.cnnindonesia.com/ekonomi/20180426105725-92-293703/jokowi-optimis-ri-jadi-pusat-industri-fesyen-muslim-dunia,ADVERTISEMENT SCROLL TO CONTINUE WITH CONTENT
"Jokowi Untung, Alumni 212 'Buntung' Usai Pertemuan Bogor","Kamis, 26 Apr 2018 08:54 WIB",https://www.cnnindonesia.com/nasional/20180426075405-32-293654/jokowi-untung-alumni-212-buntung-usai-pertemuan-bogor,ADVERTISEMENT SCROLL TO CONTINUE WITH CONTENT
PA 212 Klaim Umat Benci Jokowi Jika Tak Setop Kasus Rizieq,"Kamis, 26 Apr 2018 08:03 WIB",https://www.cnnindonesia.com/nasional/20180425211604-20-293611/pa-212-klaim-umat-benci-jokowi-jika-tak-setop-kasus-rizieq,ADVERTISEMENT SCROLL TO CONTINUE WITH CONTENT
Jokowi Tantang Pengkritik Utang Adu Data dengan Sri Mulyani,"Kamis, 26 Apr 2018 06:32 WIB",https://www.cnnindonesia.com/nasional/20180425213919-32-293621/jokowi-tantang-pengkritik-utang-adu-data-dengan-sri-mulyani,ADVERTISEMENT SCROLL TO CONTINUE WITH CONTENT
Jokowi Janji Desak Kapolri Tuntaskan Kasus Novel,"Kamis, 26 Apr 2018 06:11 WIB",https://www.cnnindonesia.com/nasional/20180425214040-20-293616/jokowi-janji-desak-kapolri-tuntaskan-kasus-novel,ADVERTISEMENT SCROLL TO CONTINUE WITH CONTENT
PDIP Minta Tak Ada Penarikan Dukungan Usai Deklarasi Cawapres,"Kamis, 26 Apr 2018 05:53 WIB",https://www.cnnindonesia.com/nasional/20180425091907-32-293341/pdip-minta-tak-ada-penarikan-dukungan-usai-deklarasi-cawapres,ADVERTISEMENT SCROLL TO CONTINUE WITH CONTENT
Sandi Tak Temukan Referensi Larangan Bicara Politik di Balkot,"Kamis, 26 Apr 2018 04:52 WIB",https://www.cnnindonesia.com/nasional/20180425150814-32-293462/sandi-tak-temukan-referensi-larangan-bicara-politik-di-balkot,ADVERTISEMENT SCROLL TO CONTINUE WITH CONTENT
Idrus Jadi Mensos Karena Pernah Jadi Ketum Pemuda Masjid,"Kamis, 26 Apr 2018 04:45 WIB",https://www.cnnindonesia.com/nasional/20180425192653-20-293583/idrus-jadi-mensos-karena-pernah-jadi-ketum-pemuda-masjid,ADVERTISEMENT SCROLL TO CONTINUE WITH CONTENT
PDIP soal Pertemuan PA 212-Jokowi: Tidak Ada Intervensi Hukum,"Kamis, 26 Apr 2018 04:11 WIB",https://www.cnnindonesia.com/nasional/20180425194839-32-293593/pdip-soal-pertemuan-pa-212-jokowi-tidak-ada-intervensi-hukum,ADVERTISEMENT SCROLL TO CONTINUE WITH CONTENT
"Bela Jokowi, Mendikbud Sebut Ilmu Dari TKA Harus Diserap","Kamis, 26 Apr 2018 03:10 WIB",https://www.cnnindonesia.com/nasional/20180425140250-20-293414/bela-jokowi-mendikbud-sebut-ilmu-dari-tka-harus-diserap,ADVERTISEMENT SCROLL TO CONTINUE WITH CONTENT
"Amien Sebut Elektabilitas Jokowi Turun, PAN Singgung Ahok","Kamis, 26 Apr 2018 02:26 WIB",https://www.cnnindonesia.com/nasional/20180425204404-32-293604/amien-sebut-elektabilitas-jokowi-turun-pan-singgung-ahok,ADVERTISEMENT SCROLL TO CONTINUE WITH CONTENT
Akbar Tandjung Sebut Cak Imin Cocok 'Duet' dengan Jokowi,"Kamis, 26 Apr 2018 00:06 WIB",https://www.cnnindonesia.com/nasional/20180426000050-32-293627/akbar-tandjung-sebut-cak-imin-cocok-duet-dengan-jokowi,ADVERTISEMENT SCROLL TO CONTINUE WITH CONTENT
Gatot Punya Cara Tingkatkan Elektabilitas: Saya Ikhtiar,"Rabu, 25 Apr 2018 22:03 WIB",https://www.cnnindonesia.com/nasional/20180425215618-32-293619/gatot-punya-cara-tingkatkan-elektabilitas-saya-ikhtiar,ADVERTISEMENT SCROLL TO CONTINUE WITH CONTENT
Jokowi Buka Suara soal Sertifikat Tanah dengan Foto Dirinya,"Rabu, 25 Apr 2018 21:56 WIB",https://www.cnnindonesia.com/nasional/20180425185712-32-293562/jokowi-buka-suara-soal-sertifikat-tanah-dengan-foto-dirinya,ADVERTISEMENT SCROLL TO CONTINUE WITH CONTENT
Gatot Nurmantyo Respons Positif Pertemuan Jokowi-PA 212,"Rabu, 25 Apr 2018 21:44 WIB",https://www.cnnindonesia.com/nasional/20180425202552-32-293615/gatot-nurmantyo-respons-positif-pertemuan-jokowi-pa-212,ADVERTISEMENT SCROLL TO CONTINUE WITH CONTENT
PA 212 Tegaskan Tak Dukung Jokowi Usai Pertemuan di Bogor,"Rabu, 25 Apr 2018 21:29 WIB",https://www.cnnindonesia.com/nasional/20180425205530-32-293610/pa-212-tegaskan-tak-dukung-jokowi-usai-pertemuan-di-bogor,ADVERTISEMENT SCROLL TO CONTINUE WITH CONTENT
Jokowi Bakal Pilih Kembali JK Jika Konstitusi Membolehkan,"Rabu, 25 Apr 2018 21:07 WIB",https://www.cnnindonesia.com/nasional/20180425182235-32-293554/jokowi-bakal-pilih-kembali-jk-jika-konstitusi-membolehkan,ADVERTISEMENT SCROLL TO CONTINUE WITH CONTENT
Gatot Nurmantyo soal Maju Pilpres: Ini Belum Final,"Rabu, 25 Apr 2018 20:51 WIB",https://www.cnnindonesia.com/nasional/20180425203309-32-293602/gatot-nurmantyo-soal-maju-pilpres-ini-belum-final,ADVERTISEMENT SCROLL TO CONTINUE WITH CONTENT
Jokowi Akui Bicarakan Pilpres dengan PKS,"Rabu, 25 Apr 2018 20:45 WIB",https://www.cnnindonesia.com/nasional/20180425190618-32-293566/jokowi-akui-bicarakan-pilpres-dengan-pks,ADVERTISEMENT SCROLL TO CONTINUE WITH CONTENT
Jokowi Buka Peluang Gandeng Prabowo di Pilpres 2019,"Rabu, 25 Apr 2018 20:38 WIB",https://www.cnnindonesia.com/nasional/20180425183703-32-293561/jokowi-buka-peluang-gandeng-prabowo-di-pilpres-2019,ADVERTISEMENT SCROLL TO CONTINUE WITH CONTENT
Cerita Kebanggaan 'Kartini' Paspampres Mengawal Jokowi,"Rabu, 25 Apr 2018 20:21 WIB",https://www.cnnindonesia.com/nasional/20180425194622-20-293599/cerita-kebanggaan-kartini-paspampres-mengawal-jokowi,ADVERTISEMENT SCROLL TO CONTINUE WITH CONTENT
Fadli Zon: Menolak Perpres TKA Bukan Berarti Menggoreng Isu,"Rabu, 25 Apr 2018 19:43 WIB",https://www.cnnindonesia.com/nasional/20180425185439-32-293567/fadli-zon-menolak-perpres-tka-bukan-berarti-menggoreng-isu,ADVERTISEMENT SCROLL TO CONTINUE WITH CONTENT
"Fadli Zon: Jokowi-Prabowo Tidak Cocok, Orientasinya Berbeda","Rabu, 25 Apr 2018 19:21 WIB",https://www.cnnindonesia.com/nasional/20180425190126-32-293565/fadli-zon-jokowi-prabowo-tidak-cocok-orientasinya-berbeda,ADVERTISEMENT SCROLL TO CONTINUE WITH CONTENT
Kronologi Detail Pertemuan Jokowi dan PA 212 di Bogor,"Rabu, 25 Apr 2018 19:12 WIB",https://www.cnnindonesia.com/nasional/20180425173434-20-293531/kronologi-detail-pertemuan-jokowi-dan-pa-212-di-bogor,ADVERTISEMENT SCROLL TO CONTINUE WITH CONTENT
Kepentingan Politik di Balik Pertemuan Jokowi dan Alumni 212,"Rabu, 25 Apr 2018 18:45 WIB",https://www.cnnindonesia.com/nasional/20180425134110-32-293413/kepentingan-politik-di-balik-pertemuan-jokowi-dan-alumni-212,ADVERTISEMENT SCROLL TO CONTINUE WITH CONTENT
"Ditegur Tim 11, Presidium Alumni 212 Batal Konferensi Pers","Rabu, 25 Apr 2018 18:18 WIB",https://www.cnnindonesia.com/nasional/20180425175718-20-293536/ditegur-tim-11-presidium-alumni-212-batal-konferensi-pers,ADVERTISEMENT SCROLL TO CONTINUE WITH CONTENT
Tawa dan Canda Warnai Pertemuan Jokowi dan Tim 11 Alumni 212,"Rabu, 25 Apr 2018 18:05 WIB",https://www.cnnindonesia.com/nasional/20180425174511-20-293533/tawa-dan-canda-warnai-pertemuan-jokowi-dan-tim-11-alumni-212,ADVERTISEMENT SCROLL TO CONTINUE WITH CONTENT
Pertemuan Alumni 212 dan Jokowi Diklaim Sesuai Arahan Rizieq,"Rabu, 25 Apr 2018 17:45 WIB",https://www.cnnindonesia.com/nasional/20180425173252-32-293530/pertemuan-alumni-212-dan-jokowi-diklaim-sesuai-arahan-rizieq,ADVERTISEMENT SCROLL TO CONTINUE WITH CONTENT
PKS Minta Alumni 212 Waspada Dimanfaatkan Kepentingan Jokowi,"Rabu, 25 Apr 2018 16:59 WIB",https://www.cnnindonesia.com/nasional/20180425165132-32-293520/pks-minta-alumni-212-waspada-dimanfaatkan-kepentingan-jokowi,ADVERTISEMENT SCROLL TO CONTINUE WITH CONTENT
Asumsi Pertemuan Bogor Kompromi Politik Dinilai Terlalu Dini,"Rabu, 25 Apr 2018 16:49 WIB",https://www.cnnindonesia.com/nasional/20180425135221-32-293411/asumsi-pertemuan-bogor-kompromi-politik-dinilai-terlalu-dini,ADVERTISEMENT SCROLL TO CONTINUE WITH CONTENT
Eggi Sudjana Tuntut Istana Ungkap Isi Pertemuan PA 212-Jokowi,"Rabu, 25 Apr 2018 16:39 WIB",https://www.cnnindonesia.com/nasional/20180425162326-20-293513/eggi-sudjana-tuntut-istana-ungkap-isi-pertemuan-pa-212-jokowi,ADVERTISEMENT SCROLL TO CONTINUE WITH CONTENT
Daftar Tim 11 Ulama Alumni 212 yang Bertemu Jokowi di Bogor,"Rabu, 25 Apr 2018 15:27 WIB",https://www.cnnindonesia.com/nasional/20180425150931-20-293461/daftar-tim-11-ulama-alumni-212-yang-bertemu-jokowi-di-bogor,ADVERTISEMENT SCROLL TO CONTINUE WITH CONTENT
Alumni 212 Sebut Pertemuan Bogor Jihad ke Penguasa 'Jair',"Rabu, 25 Apr 2018 15:09 WIB",https://www.cnnindonesia.com/nasional/20180425144709-20-293435/alumni-212-sebut-pertemuan-bogor-jihad-ke-penguasa-jair,ADVERTISEMENT SCROLL TO CONTINUE WITH CONTENT
"Gembar-Gembor Tenaga Kerja Asing, Jokowi 'Endus' Bau Politik","Rabu, 25 Apr 2018 15:02 WIB",https://www.cnnindonesia.com/ekonomi/20180425142009-532-293425/gembar-gembor-tenaga-kerja-asing-jokowi-endus-bau-politik,ADVERTISEMENT SCROLL TO CONTINUE WITH CONTENT
Alumni 212 Desak Istana Usut Pembocor Pertemuan dengan Jokowi,"Rabu, 25 Apr 2018 14:46 WIB",https://www.cnnindonesia.com/nasional/20180425143250-32-293431/alumni-212-desak-istana-usut-pembocor-pertemuan-dengan-jokowi,ADVERTISEMENT SCROLL TO CONTINUE WITH CONTENT
Alumni 212 Minta Jokowi Setop Kriminalisasi Ulama,"Rabu, 25 Apr 2018 14:44 WIB",https://www.cnnindonesia.com/nasional/20180425143407-20-293432/alumni-212-minta-jokowi-setop-kriminalisasi-ulama,ADVERTISEMENT SCROLL TO CONTINUE WITH CONTENT
"Peringati Hari Kartini, Jokowi Dikawal Paspampres Perempuan","Rabu, 25 Apr 2018 14:23 WIB",https://www.cnnindonesia.com/nasional/20180425133718-20-293412/peringati-hari-kartini-jokowi-dikawal-paspampres-perempuan,ADVERTISEMENT SCROLL TO CONTINUE WITH CONTENT
Gerindra Yakin Alumni 212 Takkan Merapat ke Jokowi,"Rabu, 25 Apr 2018 13:36 WIB",https://www.cnnindonesia.com/nasional/20180425124100-32-293398/gerindra-yakin-alumni-212-takkan-merapat-ke-jokowi,ADVERTISEMENT SCROLL TO CONTINUE WITH CONTENT
Jokowi Hadir Resmikan Ekspor 400 Unit Xpander ke Filipina,"Rabu, 25 Apr 2018 13:27 WIB",https://www.cnnindonesia.com/otomotif/20180425131641-579-293402/jokowi-hadir-resmikan-ekspor-400-unit-xpander-ke-filipina,ADVERTISEMENT SCROLL TO CONTINUE WITH CONTENT ADVERTISEMENT SCROLL TO CONTINUE WITH CONTENT
"Jokowi: Izin Investasi, Jangan 'Asal Bapak Senang'","Rabu, 25 Apr 2018 12:38 WIB",https://www.cnnindonesia.com/ekonomi/20180425123210-92-293391/jokowi-izin-investasi-jangan-asal-bapak-senang,ADVERTISEMENT SCROLL TO CONTINUE WITH CONTENT
Fadli Zon Nilai Pertemuan Jokowi dengan Alumni 212 Terlambat,"Rabu, 25 Apr 2018 12:03 WIB",https://www.cnnindonesia.com/nasional/20180425114647-32-293380/fadli-zon-nilai-pertemuan-jokowi-dengan-alumni-212-terlambat,ADVERTISEMENT SCROLL TO CONTINUE WITH CONTENT
Jokowi soal Pertemuan Alumni 212:  Semangatnya Silaturahmi,"Rabu, 25 Apr 2018 10:43 WIB",https://www.cnnindonesia.com/nasional/20180425103148-32-293361/jokowi-soal-pertemuan-alumni-212-semangatnya-silaturahmi,ADVERTISEMENT SCROLL TO CONTINUE WITH CONTENT
Arah Suara Buruh di 2019 dan Perpecahan Serikat Pekerja,"Rabu, 25 Apr 2018 10:04 WIB",https://www.cnnindonesia.com/nasional/20180425081625-32-293331/arah-suara-buruh-di-2019-dan-perpecahan-serikat-pekerja,ADVERTISEMENT SCROLL TO CONTINUE WITH CONTENT
Jokowi Puji Korps Wanita TNI-Polri Lembut tapi Tegas,"Rabu, 25 Apr 2018 09:03 WIB",https://www.cnnindonesia.com/nasional/20180425082145-20-293334/jokowi-puji-korps-wanita-tni-polri-lembut-tapi-tegas,ADVERTISEMENT SCROLL TO CONTINUE WITH CONTENT
"Ponsel Disita Saat Temui Jokowi, Alumni 212 Heran Foto Viral","Rabu, 25 Apr 2018 08:35 WIB",https://www.cnnindonesia.com/nasional/20180425081412-20-293335/ponsel-disita-saat-temui-jokowi-alumni-212-heran-foto-viral,ADVERTISEMENT SCROLL TO CONTINUE WITH CONTENT
Jokowi Dikabarkan Bertemu Petinggi PA 212 dan FPI di Bogor,"Rabu, 25 Apr 2018 06:37 WIB",https://www.cnnindonesia.com/nasional/20180424221730-20-293293/jokowi-dikabarkan-bertemu-petinggi-pa-212-dan-fpi-di-bogor,ADVERTISEMENT SCROLL TO CONTINUE WITH CONTENT
Pertimbangan Jokowi Pilih Cawapres dan Risiko Koalisi Pecah,"Rabu, 25 Apr 2018 06:15 WIB",https://www.cnnindonesia.com/nasional/20180424184612-32-293242/pertimbangan-jokowi-pilih-cawapres-dan-risiko-koalisi-pecah,ADVERTISEMENT SCROLL TO CONTINUE WITH CONTENT
Canda Hasto soal Pidato SBY Pemimpin Baru: Maksudnya Jokowi,"Rabu, 25 Apr 2018 05:56 WIB",https://www.cnnindonesia.com/nasional/20180424213034-32-293285/canda-hasto-soal-pidato-sby-pemimpin-baru-maksudnya-jokowi,ADVERTISEMENT SCROLL TO CONTINUE WITH CONTENT
Amien Rais Sebut Cawapres Prabowo Masih Teka-teki,"Rabu, 25 Apr 2018 00:54 WIB",https://www.cnnindonesia.com/nasional/20180425004932-32-293304/amien-rais-sebut-cawapres-prabowo-masih-teka-teki,ADVERTISEMENT SCROLL TO CONTINUE WITH CONTENT
"Genjot Hasil Ikan, Jokowi Puji Keramba Apung di Kampung Susi","Selasa, 24 Apr 2018 21:00 WIB",https://www.cnnindonesia.com/nasional/20180424094329-20-293031/genjot-hasil-ikan-jokowi-puji-keramba-apung-di-kampung-susi,ADVERTISEMENT SCROLL TO CONTINUE WITH CONTENT
Amien Rais Anggap Mustahil Poros Ketiga,"Selasa, 24 Apr 2018 20:15 WIB",https://www.cnnindonesia.com/nasional/20180424195303-32-293251/amien-rais-anggap-mustahil-poros-ketiga,ADVERTISEMENT SCROLL TO CONTINUE WITH CONTENT
Moeldoko Sebut Berita soal 'Serbuan' TKA China Menyesatkan,"Selasa, 24 Apr 2018 19:59 WIB",https://www.cnnindonesia.com/nasional/20180424194413-20-293252/moeldoko-sebut-berita-soal-serbuan-tka-china-menyesatkan,ADVERTISEMENT SCROLL TO CONTINUE WITH CONTENT
Yusril Sebut Rezim Jokowi Tunduk pada China soal TKA,"Selasa, 24 Apr 2018 18:56 WIB",https://www.cnnindonesia.com/nasional/20180424183554-20-293232/yusril-sebut-rezim-jokowi-tunduk-pada-china-soal-tka,ADVERTISEMENT SCROLL TO CONTINUE WITH CONTENT
Jokowi Sindir Menteri Susi Ingin Jadi Cawapres,"Selasa, 24 Apr 2018 18:27 WIB",https://www.cnnindonesia.com/nasional/20180424181310-20-293221/jokowi-sindir-menteri-susi-ingin-jadi-cawapres,ADVERTISEMENT SCROLL TO CONTINUE WITH CONTENT
Istana Angkat Suara soal Tas Sembako Jokowi Rp3 Miliar,"Selasa, 24 Apr 2018 18:07 WIB",https://www.cnnindonesia.com/nasional/20180424135325-32-293116/istana-angkat-suara-soal-tas-sembako-jokowi-rp3-miliar,ADVERTISEMENT SCROLL TO CONTINUE WITH CONTENT
Amien Rais Tunjuk Foto Jokowi: Elektabilitasnya 'Going Down',"Selasa, 24 Apr 2018 16:33 WIB",https://www.cnnindonesia.com/nasional/20180424162241-20-293170/amien-rais-tunjuk-foto-jokowi-elektabilitasnya-going-down,ADVERTISEMENT SCROLL TO CONTINUE WITH CONTENT
JK Ingin Istirahat saat Pilpres 2019,"Selasa, 24 Apr 2018 16:20 WIB",https://www.cnnindonesia.com/nasional/20180424155946-32-293165/jk-ingin-istirahat-saat-pilpres-2019,ADVERTISEMENT SCROLL TO CONTINUE WITH CONTENT
"Tepis Amien Rais, PAN Klaim Masih Buka Pintu Bagi Jokowi","Selasa, 24 Apr 2018 16:10 WIB",https://www.cnnindonesia.com/nasional/20180424140230-12-293108/tepis-amien-rais-pan-klaim-masih-buka-pintu-bagi-jokowi,ADVERTISEMENT SCROLL TO CONTINUE WITH CONTENT
Mewujudkan Mimpi Jokowi RI Punya Kredit Pendidikan seperti AS,"Selasa, 24 Apr 2018 12:32 WIB",https://www.cnnindonesia.com/ekonomi/20180424120038-78-293078/mewujudkan-mimpi-jokowi-ri-punya-kredit-pendidikan-seperti-as,ADVERTISEMENT SCROLL TO CONTINUE WITH CONTENT
Cerita Warga Banjarnegara Tinggalkan Toko Demi Lihat Jokowi,"Selasa, 24 Apr 2018 06:53 WIB",https://www.cnnindonesia.com/nasional/20180423210908-20-292984/cerita-warga-banjarnegara-tinggalkan-toko-demi-lihat-jokowi,ADVERTISEMENT SCROLL TO CONTINUE WITH CONTENT
Moeldoko Siap Pasang Badan Jika Jokowi Diganggu,"Selasa, 24 Apr 2018 06:14 WIB",https://www.cnnindonesia.com/nasional/20180423221424-32-292990/moeldoko-siap-pasang-badan-jika-jokowi-diganggu,ADVERTISEMENT SCROLL TO CONTINUE WITH CONTENT
Makna Menanjaknya Elektabilitas Jokowi di Mata Politisi PDIP,"Selasa, 24 Apr 2018 05:23 WIB",https://www.cnnindonesia.com/nasional/20180423192502-32-292961/makna-menanjaknya-elektabilitas-jokowi-di-mata-politisi-pdip,ADVERTISEMENT SCROLL TO CONTINUE WITH CONTENT
PPP Sebut Posisi Jokowi di Pilpres Belum Aman,"Selasa, 24 Apr 2018 04:42 WIB",https://www.cnnindonesia.com/nasional/20180423141551-32-292855/ppp-sebut-posisi-jokowi-di-pilpres-belum-aman,ADVERTISEMENT SCROLL TO CONTINUE WITH CONTENT
Menaker: Jumlah Tenaga Kerja Asing di Indonesia Masih Wajar,"Senin, 23 Apr 2018 20:21 WIB",https://www.cnnindonesia.com/nasional/20180423195021-20-292970/menaker-jumlah-tenaga-kerja-asing-di-indonesia-masih-wajar,ADVERTISEMENT SCROLL TO CONTINUE WITH CONTENT
Jokowi Minta Perencanaan Renovasi Banjarnegara Kelar Sebulan,"Senin, 23 Apr 2018 20:14 WIB",https://www.cnnindonesia.com/nasional/20180423195005-20-292967/jokowi-minta-perencanaan-renovasi-banjarnegara-kelar-sebulan,ADVERTISEMENT SCROLL TO CONTINUE WITH CONTENT
PKB Minta SBY Lebih Konkret soal Pemimpin Baru 2019,"Senin, 23 Apr 2018 20:07 WIB",https://www.cnnindonesia.com/nasional/20180423183930-32-292959/pkb-minta-sby-lebih-konkret-soal-pemimpin-baru-2019,ADVERTISEMENT SCROLL TO CONTINUE WITH CONTENT
Wiranto Minta Bukti atas Tudingan 'Menyandera' SBY,"Senin, 23 Apr 2018 20:00 WIB",https://www.cnnindonesia.com/nasional/20180423193505-32-292964/wiranto-minta-bukti-atas-tudingan-menyandera-sby,ADVERTISEMENT SCROLL TO CONTINUE WITH CONTENT
Ojek Online Anggap Jokowi 'Bohong' soal Payung Hukum,"Senin, 23 Apr 2018 19:20 WIB",https://www.cnnindonesia.com/teknologi/20180423185037-185-292949/ojek-online-anggap-jokowi-bohong-soal-payung-hukum,ADVERTISEMENT SCROLL TO CONTINUE WITH CONTENT
Parpol Koalisi Tentukan Cawapres Jokowi Usai Pilkada,"Senin, 23 Apr 2018 19:14 WIB",https://www.cnnindonesia.com/nasional/20180423183237-32-292945/parpol-koalisi-tentukan-cawapres-jokowi-usai-pilkada,ADVERTISEMENT SCROLL TO CONTINUE WITH CONTENT
Komisi V DPR Dorong Jokowi Terbitkan Perpres Ojek Online,"Senin, 23 Apr 2018 18:02 WIB",https://www.cnnindonesia.com/teknologi/20180423171058-185-292922/komisi-v-dpr-dorong-jokowi-terbitkan-perpres-ojek-online,ADVERTISEMENT SCROLL TO CONTINUE WITH CONTENT
Jokowi Kunjungi Korban Gempa Banjarnegara,"Senin, 23 Apr 2018 17:16 WIB",https://www.cnnindonesia.com/nasional/20180423164759-20-292916/jokowi-kunjungi-korban-gempa-banjarnegara,ADVERTISEMENT SCROLL TO CONTINUE WITH CONTENT
Jokowi Kejutkan Buruh Pabrik Rambut Palsu di Purbalingga,"Senin, 23 Apr 2018 16:50 WIB",https://www.cnnindonesia.com/nasional/20180423163104-20-292914/jokowi-kejutkan-buruh-pabrik-rambut-palsu-di-purbalingga,ADVERTISEMENT SCROLL TO CONTINUE WITH CONTENT
"Tas Sembako Rp3 M, Fadli Tuding Jokowi Kampanye Pakai APBN","Senin, 23 Apr 2018 16:39 WIB",https://www.cnnindonesia.com/nasional/20180423155321-32-292910/tas-sembako-rp3-m-fadli-tuding-jokowi-kampanye-pakai-apbn,ADVERTISEMENT SCROLL TO CONTINUE WITH CONTENT
Tas Sembako Jokowi Senilai Rp3 Miliar Gunakan Uang Negara,"Senin, 23 Apr 2018 14:53 WIB",https://www.cnnindonesia.com/nasional/20180423135541-20-292861/tas-sembako-jokowi-senilai-rp3-miliar-gunakan-uang-negara,ADVERTISEMENT SCROLL TO CONTINUE WITH CONTENT
"Sepakat SBY, Fahri Sebut Banyak Janji Tak Dipenuhi Jokowi","Senin, 23 Apr 2018 14:43 WIB",https://www.cnnindonesia.com/nasional/20180423142330-32-292857/sepakat-sby-fahri-sebut-banyak-janji-tak-dipenuhi-jokowi,ADVERTISEMENT SCROLL TO CONTINUE WITH CONTENT
"Elektabilitas Dicap Merosot, Prabowo Tetap Andalan Gerindra","Senin, 23 Apr 2018 13:52 WIB",https://www.cnnindonesia.com/nasional/20180423132947-32-292841/elektabilitas-dicap-merosot-prabowo-tetap-andalan-gerindra,ADVERTISEMENT SCROLL TO CONTINUE WITH CONTENT
Senyum Jokowi dan Tak Ingin Direcoki Elektabilitas Tinggi,"Senin, 23 Apr 2018 12:17 WIB",https://www.cnnindonesia.com/nasional/20180423115557-32-292806/senyum-jokowi-dan-tak-ingin-direcoki-elektabilitas-tinggi,ADVERTISEMENT SCROLL TO CONTINUE WITH CONTENT
Jokowi Harap Purbalingga Tak Hanya Sentra Industri Bulu Mata,"Senin, 23 Apr 2018 11:49 WIB",https://www.cnnindonesia.com/ekonomi/20180423111608-92-292782/jokowi-harap-purbalingga-tak-hanya-sentra-industri-bulu-mata,ADVERTISEMENT SCROLL TO CONTINUE WITH CONTENT
Lagi-lagi Soal Harga BBM Jokowi di Tahun Politik,"Senin, 23 Apr 2018 11:05 WIB",https://www.cnnindonesia.com/ekonomi/20180423102228-86-292764/lagi-lagi-soal-harga-bbm-jokowi-di-tahun-politik,ADVERTISEMENT SCROLL TO CONTINUE WITH CONTENT
Jokowi Tinjau Pengembangan Bandara Soedirman Purbalingga,"Senin, 23 Apr 2018 09:36 WIB",https://www.cnnindonesia.com/nasional/20180423091445-20-292748/jokowi-tinjau-pengembangan-bandara-soedirman-purbalingga,ADVERTISEMENT SCROLL TO CONTINUE WITH CONTENT
SBY Minta Pemerintah Buka-bukaan soal Tenaga Kerja Asing,"Senin, 23 Apr 2018 08:56 WIB",https://www.cnnindonesia.com/nasional/20180423073908-32-292738/sby-minta-pemerintah-buka-bukaan-soal-tenaga-kerja-asing,ADVERTISEMENT SCROLL TO CONTINUE WITH CONTENT
SBY: Insya Allah Ada Pemimpin Baru 2019,"Senin, 23 Apr 2018 08:08 WIB",https://www.cnnindonesia.com/nasional/20180423065350-32-292730/sby-insya-allah-ada-pemimpin-baru-2019,ADVERTISEMENT SCROLL TO CONTINUE WITH CONTENT
Fahri Hamzah Tantang Elite Parpol Bikin 4 Poros di Pilpres,"Senin, 23 Apr 2018 06:11 WIB",https://www.cnnindonesia.com/nasional/20180422191938-32-292680/fahri-hamzah-tantang-elite-parpol-bikin-4-poros-di-pilpres,ADVERTISEMENT SCROLL TO CONTINUE WITH CONTENT
Yusril Bantu Serikat Pekerja Uji Materi Perpres TKA ke MA,"Senin, 23 Apr 2018 03:07 WIB",https://www.cnnindonesia.com/nasional/20180423030000-12-292716/yusril-bantu-serikat-pekerja-uji-materi-perpres-tka-ke-ma,ADVERTISEMENT SCROLL TO CONTINUE WITH CONTENT
Habiburokhman Minta Romahurmuziy Fokus Urus PPP,"Senin, 23 Apr 2018 02:08 WIB",https://www.cnnindonesia.com/nasional/20180422211928-32-292687/habiburokhman-minta-romahurmuziy-fokus-urus-ppp,ADVERTISEMENT SCROLL TO CONTINUE WITH CONTENT
Mahfud MD Yakin Prabowo Enggan Memilihnya Kembali Jadi Timses,"Minggu, 22 Apr 2018 22:49 WIB",https://www.cnnindonesia.com/nasional/20180422221035-32-292692/mahfud-md-yakin-prabowo-enggan-memilihnya-kembali-jadi-timses,ADVERTISEMENT SCROLL TO CONTINUE WITH CONTENT
Mahfud MD Ramal Anies Baswedan Calon Kuat Pendamping Prabowo,"Minggu, 22 Apr 2018 20:03 WIB",https://www.cnnindonesia.com/nasional/20180422193617-32-292681/mahfud-md-ramal-anies-baswedan-calon-kuat-pendamping-prabowo,ADVERTISEMENT SCROLL TO CONTINUE WITH CONTENT
"May Day, Buruh Bergerak Demo Jokowi soal Perpres TKA","Minggu, 22 Apr 2018 19:22 WIB",https://www.cnnindonesia.com/nasional/20180422191616-20-292679/may-day-buruh-bergerak-demo-jokowi-soal-perpres-tka,ADVERTISEMENT SCROLL TO CONTINUE WITH CONTENT
"Pemerintah Cegah Nikah Dini, MUI Minta Aspek Agama Dikaji","Minggu, 22 Apr 2018 18:35 WIB",https://www.cnnindonesia.com/nasional/20180422183103-20-292668/pemerintah-cegah-nikah-dini-mui-minta-aspek-agama-dikaji,ADVERTISEMENT SCROLL TO CONTINUE WITH CONTENT
"Roy Suryo, Teguran SBY, dan Wacana Poros Ketiga","Minggu, 22 Apr 2018 15:38 WIB",https://www.cnnindonesia.com/nasional/20180422152443-32-292641/roy-suryo-teguran-sby-dan-wacana-poros-ketiga,ADVERTISEMENT SCROLL TO CONTINUE WITH CONTENT
"Cerita Abu Yus, Tokoh PPP Aceh yang Pindah ke PBB","Minggu, 22 Apr 2018 13:57 WIB",https://www.cnnindonesia.com/nasional/20180421215558-32-292561/cerita-abu-yus-tokoh-ppp-aceh-yang-pindah-ke-pbb,ADVERTISEMENT SCROLL TO CONTINUE WITH CONTENT
PPP Tak Ambil Pusing Gerakan #2019GantiPresiden,"Minggu, 22 Apr 2018 11:30 WIB",https://www.cnnindonesia.com/nasional/20180422095235-32-292606/ppp-tak-ambil-pusing-gerakan-2019gantipresiden,ADVERTISEMENT SCROLL TO CONTINUE WITH CONTENT
Iriana Jokowi dan Mufidah Kalla Buka Kartini Run 2018,"Minggu, 22 Apr 2018 08:50 WIB",https://www.cnnindonesia.com/nasional/20180422082855-20-292600/iriana-jokowi-dan-mufidah-kalla-buka-kartini-run-2018,ADVERTISEMENT SCROLL TO CONTINUE WITH CONTENT
Menteri Yohana Sebut Jokowi Setujui Perppu Cegah Kawin Dini,"Minggu, 22 Apr 2018 02:51 WIB",https://www.cnnindonesia.com/nasional/20180421190517-20-292539/menteri-yohana-sebut-jokowi-setujui-perppu-cegah-kawin-dini,ADVERTISEMENT SCROLL TO CONTINUE WITH CONTENT
Data Kemiskinan Laris Manis di Tahun Politik,"Sabtu, 21 Apr 2018 22:56 WIB",https://www.cnnindonesia.com/nasional/20180421181011-32-292538/data-kemiskinan-laris-manis-di-tahun-politik,ADVERTISEMENT SCROLL TO CONTINUE WITH CONTENT
Demokrat Ramal Pendukung Jokowi Pecah Gabung Poros Ketiga,"Sabtu, 21 Apr 2018 19:39 WIB",https://www.cnnindonesia.com/nasional/20180421152356-32-292492/demokrat-ramal-pendukung-jokowi-pecah-gabung-poros-ketiga,ADVERTISEMENT SCROLL TO CONTINUE WITH CONTENT
Prabowo Sindir PPP Ketinggalan Informasi soal Pencapresan,"Sabtu, 21 Apr 2018 18:05 WIB",https://www.cnnindonesia.com/nasional/20180421165048-32-292510/prabowo-sindir-ppp-ketinggalan-informasi-soal-pencapresan,ADVERTISEMENT SCROLL TO CONTINUE WITH CONTENT
PKS Usul Susunan Menteri Poros Prabowo Keluar Sebelum Pilpres,"Sabtu, 21 Apr 2018 17:15 WIB",https://www.cnnindonesia.com/nasional/20180421144907-32-292487/pks-usul-susunan-menteri-poros-prabowo-keluar-sebelum-pilpres,ADVERTISEMENT SCROLL TO CONTINUE WITH CONTENT
"Jokowi Capres Tunggal, Ada Parpol Terancam Tak Ikut Pemilu","Sabtu, 21 Apr 2018 15:53 WIB",https://www.cnnindonesia.com/nasional/20180421123316-32-292472/jokowi-capres-tunggal-ada-parpol-terancam-tak-ikut-pemilu,ADVERTISEMENT SCROLL TO CONTINUE WITH CONTENT
Cerita Menteri Siti Dandan dari Subuh di Hari Kartini,"Sabtu, 21 Apr 2018 13:28 WIB",https://www.cnnindonesia.com/nasional/20180421130718-20-292474/cerita-menteri-siti-dandan-dari-subuh-di-hari-kartini,ADVERTISEMENT SCROLL TO CONTINUE WITH CONTENT
"Hari Kartini, Iriana Jokowi Mendadak Jadi 'Wartawan'","Sabtu, 21 Apr 2018 10:57 WIB",https://www.cnnindonesia.com/nasional/20180421105203-20-292459/hari-kartini-iriana-jokowi-mendadak-jadi-wartawan,ADVERTISEMENT SCROLL TO CONTINUE WITH CONTENT
Persoalan Gatot Rebut Tiket Pilpres dan Bayang-bayang Prabowo,"Sabtu, 21 Apr 2018 09:27 WIB",https://www.cnnindonesia.com/nasional/20180420182253-32-292386/persoalan-gatot-rebut-tiket-pilpres-dan-bayang-bayang-prabowo,ADVERTISEMENT SCROLL TO CONTINUE WITH CONTENT
Pertaruhan Elektabilitas dan Polemik Perpres TKA Jokowi,"Sabtu, 21 Apr 2018 08:16 WIB",https://www.cnnindonesia.com/nasional/20180420145631-32-292291/pertaruhan-elektabilitas-dan-polemik-perpres-tka-jokowi,ADVERTISEMENT SCROLL TO CONTINUE WITH CONTENT
Menhub Targetkan Proyek LRT Palembang Rampung Awal Juni 2018,"Sabtu, 21 Apr 2018 01:40 WIB",https://www.cnnindonesia.com/nasional/20180421013135-20-292441/menhub-targetkan-proyek-lrt-palembang-rampung-awal-juni-2018,ADVERTISEMENT SCROLL TO CONTINUE WITH CONTENT
Komisi IX DPR Dukung Pansus Tenaga Kerja Asing,"Sabtu, 21 Apr 2018 01:15 WIB",https://www.cnnindonesia.com/nasional/20180420183255-32-292394/komisi-ix-dpr-dukung-pansus-tenaga-kerja-asing,ADVERTISEMENT SCROLL TO CONTINUE WITH CONTENT
Rachmawati Yakin Jokowi Akan Bertarung dengan Prabowo,"Sabtu, 21 Apr 2018 00:04 WIB",https://www.cnnindonesia.com/nasional/20180420235824-32-292438/rachmawati-yakin-jokowi-akan-bertarung-dengan-prabowo,ADVERTISEMENT SCROLL TO CONTINUE WITH CONTENT
Sandiaga Ungkap Isi Pembicaraan dengan Romahurmuziy,"Jumat, 20 Apr 2018 23:14 WIB",https://www.cnnindonesia.com/nasional/20180420220934-32-292437/sandiaga-ungkap-isi-pembicaraan-dengan-romahurmuziy,ADVERTISEMENT SCROLL TO CONTINUE WITH CONTENT
"SBY-PKS Akan Bertemu, PPP Yakin Demokrat Condong ke Jokowi","Jumat, 20 Apr 2018 21:10 WIB",https://www.cnnindonesia.com/nasional/20180420145736-32-292276/sby-pks-akan-bertemu-ppp-yakin-demokrat-condong-ke-jokowi,ADVERTISEMENT SCROLL TO CONTINUE WITH CONTENT
Rizal Ramli Bahas Keinginan Jadi Capres Saat Temui Sandiaga,"Jumat, 20 Apr 2018 20:55 WIB",https://www.cnnindonesia.com/nasional/20180420181550-32-292383/rizal-ramli-bahas-keinginan-jadi-capres-saat-temui-sandiaga,ADVERTISEMENT SCROLL TO CONTINUE WITH CONTENT
Menimbang Kans Cawapres Nonpartai untuk Jokowi,"Jumat, 20 Apr 2018 19:05 WIB",https://www.cnnindonesia.com/nasional/20180420144639-32-292365/menimbang-kans-cawapres-nonpartai-untuk-jokowi,ADVERTISEMENT SCROLL TO CONTINUE WITH CONTENT
"Di IIMS 2018, Hyundai Umumkan Produk dan Rencana Pabrik","Jumat, 20 Apr 2018 18:25 WIB",https://www.cnnindonesia.com/otomotif/20180420181022-579-292379/di-iims-2018-hyundai-umumkan-produk-dan-rencana-pabrik,ADVERTISEMENT SCROLL TO CONTINUE WITH CONTENT ADVERTISEMENT SCROLL TO CONTINUE WITH CONTENT
Gerindra Tak Khawatirkan Rencana Pertemuan SBY-Sohibul Iman,"Jumat, 20 Apr 2018 17:28 WIB",https://www.cnnindonesia.com/nasional/20180420161724-32-292332/gerindra-tak-khawatirkan-rencana-pertemuan-sby-sohibul-iman,ADVERTISEMENT SCROLL TO CONTINUE WITH CONTENT
"Romi-Sandi Bertemu, PPP Tetap Setia Dukung Jokowi","Jumat, 20 Apr 2018 15:20 WIB",https://www.cnnindonesia.com/nasional/20180420142749-32-292258/romi-sandi-bertemu-ppp-tetap-setia-dukung-jokowi,ADVERTISEMENT SCROLL TO CONTINUE WITH CONTENT
PPP Sebut Sandi Lontarkan Opsi Prabowo 'King Maker' pada Romi,"Jumat, 20 Apr 2018 14:35 WIB",https://www.cnnindonesia.com/nasional/20180420135307-32-292251/ppp-sebut-sandi-lontarkan-opsi-prabowo-king-maker-pada-romi,ADVERTISEMENT SCROLL TO CONTINUE WITH CONTENT
"Tolak Pansus, Golkar Tak Cemaskan Perpres Tenaga Kerja Asing","Jumat, 20 Apr 2018 13:49 WIB",https://www.cnnindonesia.com/nasional/20180420131713-32-292233/tolak-pansus-golkar-tak-cemaskan-perpres-tenaga-kerja-asing,ADVERTISEMENT SCROLL TO CONTINUE WITH CONTENT
Amien Sebut Jokowi Otoriter dan Lebih Militer dari Prabowo,"Jumat, 20 Apr 2018 13:02 WIB",https://www.cnnindonesia.com/nasional/20180420104328-32-292181/amien-sebut-jokowi-otoriter-dan-lebih-militer-dari-prabowo,ADVERTISEMENT SCROLL TO CONTINUE WITH CONTENT
Amien Rais Ingin Bertemu Jokowi Meski Sering Mengkritik,"Jumat, 20 Apr 2018 10:50 WIB",https://www.cnnindonesia.com/nasional/20180420092826-32-292173/amien-rais-ingin-bertemu-jokowi-meski-sering-mengkritik,ADVERTISEMENT SCROLL TO CONTINUE WITH CONTENT
Cuitan SBY dan 'Rayuan' Koalisi Jokowi,"Jumat, 20 Apr 2018 09:58 WIB",https://www.cnnindonesia.com/nasional/20180420090259-32-292170/cuitan-sby-dan-rayuan-koalisi-jokowi,ADVERTISEMENT SCROLL TO CONTINUE WITH CONTENT
Amien Rais Anggap Mustahil Prabowo Beri Tiket Capres 2019,"Jumat, 20 Apr 2018 09:20 WIB",https://www.cnnindonesia.com/nasional/20180420081431-32-292165/amien-rais-anggap-mustahil-prabowo-beri-tiket-capres-2019,ADVERTISEMENT SCROLL TO CONTINUE WITH CONTENT
Amien Rais: PAN Bunuh Diri Jika Dukung Jokowi di Pilpres 2019,"Jumat, 20 Apr 2018 08:11 WIB",https://www.cnnindonesia.com/nasional/20180420072217-32-292158/amien-rais-pan-bunuh-diri-jika-dukung-jokowi-di-pilpres-2019,ADVERTISEMENT SCROLL TO CONTINUE WITH CONTENT
7 Trik Padu Padan 'Double Denim',Tanggal tidak ditemukan,https://www.cnnindonesia.com/gaya-hidup/20180419180539-277-292067/7-trik-padu-padan-double-denim,ADVERTISEMENT SCROLL TO CONTINUE WITH CONTENT
"Bukan Kader Partai, Gatot Nurmantyo Dinilai Sulit Jadi Capres","Jumat, 20 Apr 2018 05:06 WIB",https://www.cnnindonesia.com/nasional/20180419223635-32-292127/bukan-kader-partai-gatot-nurmantyo-dinilai-sulit-jadi-capres,ADVERTISEMENT SCROLL TO CONTINUE WITH CONTENT
Fahri Hamzah: Kemungkinan Jokowi Kalah Masih Tinggi,"Jumat, 20 Apr 2018 04:14 WIB",https://www.cnnindonesia.com/nasional/20180419171354-32-292047/fahri-hamzah-kemungkinan-jokowi-kalah-masih-tinggi,ADVERTISEMENT SCROLL TO CONTINUE WITH CONTENT
Cak Imin Diajari JK Menaikkan Elektabilitas,"Jumat, 20 Apr 2018 04:01 WIB",https://www.cnnindonesia.com/nasional/20180419170756-32-292050/cak-imin-diajari-jk-menaikkan-elektabilitas,ADVERTISEMENT SCROLL TO CONTINUE WITH CONTENT
Waketum Gerindra Duga Wiranto Sandera SBY Lewat Kasus Century,"Jumat, 20 Apr 2018 03:23 WIB",https://www.cnnindonesia.com/nasional/20180420031806-32-292154/waketum-gerindra-duga-wiranto-sandera-sby-lewat-kasus-century,ADVERTISEMENT SCROLL TO CONTINUE WITH CONTENT
"AHY Terpopuler Jadi Cawapres Jokowi, Anies Cawapres Prabowo","Jumat, 20 Apr 2018 00:46 WIB",https://www.cnnindonesia.com/nasional/20180419203431-32-292105/ahy-terpopuler-jadi-cawapres-jokowi-anies-cawapres-prabowo,ADVERTISEMENT SCROLL TO CONTINUE WITH CONTENT
Gerindra Jajaki Koalisi dengan PPP,"Kamis, 19 Apr 2018 22:34 WIB",https://www.cnnindonesia.com/nasional/20180419222737-32-292126/gerindra-jajaki-koalisi-dengan-ppp,ADVERTISEMENT SCROLL TO CONTINUE WITH CONTENT
"Tolak Angket, NasDem Bela Jokowi Soal Tenaga Kerja Asing","Kamis, 19 Apr 2018 21:35 WIB",https://www.cnnindonesia.com/nasional/20180419181825-32-292074/tolak-angket-nasdem-bela-jokowi-soal-tenaga-kerja-asing,ADVERTISEMENT SCROLL TO CONTINUE WITH CONTENT
PKS Minta Prabowo Segera Deklarasi Capres dan Cawapres,"Kamis, 19 Apr 2018 21:11 WIB",https://www.cnnindonesia.com/nasional/20180419191830-32-292097/pks-minta-prabowo-segera-deklarasi-capres-dan-cawapres,ADVERTISEMENT SCROLL TO CONTINUE WITH CONTENT
Mahfud MD Akui Tawaran Cawapres Tak Kunjung Datang,"Kamis, 19 Apr 2018 20:21 WIB",https://www.cnnindonesia.com/nasional/20180419135757-32-291978/mahfud-md-akui-tawaran-cawapres-tak-kunjung-datang,ADVERTISEMENT SCROLL TO CONTINUE WITH CONTENT
Wiranto Bungkam Soal Wacana Demokrat Ikut Dukung Jokowi,"Kamis, 19 Apr 2018 18:19 WIB",https://www.cnnindonesia.com/nasional/20180419125230-32-291956/wiranto-bungkam-soal-wacana-demokrat-ikut-dukung-jokowi,ADVERTISEMENT SCROLL TO CONTINUE WITH CONTENT
Pegawai Swasta 'Teriak' soal Libur Lebaran Potong Cuti,"Kamis, 19 Apr 2018 18:05 WIB",https://www.cnnindonesia.com/ekonomi/20180419174914-92-292061/pegawai-swasta-teriak-soal-libur-lebaran-potong-cuti,ADVERTISEMENT SCROLL TO CONTINUE WITH CONTENT
Jokowi Sebut Pemerintah Butuh Waktu Uji Coba Lanjut Esemka,"Kamis, 19 Apr 2018 15:28 WIB",https://www.cnnindonesia.com/otomotif/20180419142839-579-291994/jokowi-sebut-pemerintah-butuh-waktu-uji-coba-lanjut-esemka,ADVERTISEMENT SCROLL TO CONTINUE WITH CONTENT ADVERTISEMENT SCROLL TO CONTINUE WITH CONTENT
Basuki Dapat 'Lampu Hijau' Ganti 8 Proyek Bendungan Jokowi,"Kamis, 19 Apr 2018 15:17 WIB",https://www.cnnindonesia.com/ekonomi/20180419143109-92-292016/basuki-dapat-lampu-hijau-ganti-8-proyek-bendungan-jokowi,ADVERTISEMENT SCROLL TO CONTINUE WITH CONTENT
Fahri Hamzah Sepakat Gulirkan Angket Perpres Jokowi soal TKA,"Kamis, 19 Apr 2018 14:57 WIB",https://www.cnnindonesia.com/nasional/20180419142446-32-291996/fahri-hamzah-sepakat-gulirkan-angket-perpres-jokowi-soal-tka,ADVERTISEMENT SCROLL TO CONTINUE WITH CONTENT
"Satu Pesawat dengan Jokowi, Cak Imin Klaim Bahas soal Pilpres","Kamis, 19 Apr 2018 14:45 WIB",https://www.cnnindonesia.com/nasional/20180419142728-32-291995/satu-pesawat-dengan-jokowi-cak-imin-klaim-bahas-soal-pilpres,ADVERTISEMENT SCROLL TO CONTINUE WITH CONTENT
'Pesan' Jokowi untuk Desainer Busana Muslim Indonesia,Tanggal tidak ditemukan,https://www.cnnindonesia.com/gaya-hidup/20180419142956-277-291991/pesan-jokowi-untuk-desainer-busana-muslim-indonesia,ADVERTISEMENT SCROLL TO CONTINUE WITH CONTENT
"Cak Imin Soal Baliho: Jokowi Bukan Menyindir, Itu Memuja","Kamis, 19 Apr 2018 13:48 WIB",https://www.cnnindonesia.com/nasional/20180419132612-32-291969/cak-imin-soal-baliho-jokowi-bukan-menyindir-itu-memuja,ADVERTISEMENT SCROLL TO CONTINUE WITH CONTENT
Mahfud MD Prediksi Jokowi Lawan Gatot di Pilpres 2019,"Kamis, 19 Apr 2018 13:34 WIB",https://www.cnnindonesia.com/nasional/20180419130626-32-291960/mahfud-md-prediksi-jokowi-lawan-gatot-di-pilpres-2019,ADVERTISEMENT SCROLL TO CONTINUE WITH CONTENT
"Bocor Data Facebook, Strategi Donald Trump, dan Pilpres 2019","Kamis, 19 Apr 2018 13:11 WIB",https://www.cnnindonesia.com/nasional/20180419121109-32-291945/bocor-data-facebook-strategi-donald-trump-dan-pilpres-2019,ADVERTISEMENT SCROLL TO CONTINUE WITH CONTENT
"'Sehari' Busana Jokowi, dari Jaket Denim sampai Kain Tenun",Tanggal tidak ditemukan,https://www.cnnindonesia.com/gaya-hidup/20180419124512-277-291955/sehari-busana-jokowi-dari-jaket-denim-sampai-kain-tenun,ADVERTISEMENT SCROLL TO CONTINUE WITH CONTENT
"Pakai Jaket Denim, Jokowi Sambangi Motor Modifikasi","Kamis, 19 Apr 2018 12:53 WIB",https://www.cnnindonesia.com/otomotif/20180419113459-579-291937/pakai-jaket-denim-jokowi-sambangi-motor-modifikasi,ADVERTISEMENT SCROLL TO CONTINUE WITH CONTENT ADVERTISEMENT SCROLL TO CONTINUE WITH CONTENT
"OSO: Kalau SBY Bertemu Megawati, Itu Baru Luar Biasa","Kamis, 19 Apr 2018 12:12 WIB",https://www.cnnindonesia.com/nasional/20180419115903-32-291943/oso-kalau-sby-bertemu-megawati-itu-baru-luar-biasa,ADVERTISEMENT SCROLL TO CONTINUE WITH CONTENT
Jokowi: Revolusi Industri 4.0 Tak Gerus Industri Otomotif,"Kamis, 19 Apr 2018 11:18 WIB",https://www.cnnindonesia.com/otomotif/20180419103620-579-291923/jokowi-revolusi-industri-40-tak-gerus-industri-otomotif,ADVERTISEMENT SCROLL TO CONTINUE WITH CONTENT ADVERTISEMENT SCROLL TO CONTINUE WITH CONTENT
"Jokowi Istimewakan Pekerja Asing, Fadli Zon Naik Pitam","Kamis, 19 Apr 2018 10:26 WIB",https://www.cnnindonesia.com/nasional/20180419085318-32-291904/jokowi-istimewakan-pekerja-asing-fadli-zon-naik-pitam,ADVERTISEMENT SCROLL TO CONTINUE WITH CONTENT
"'Jokowi, Presiden Indonesia Multimoda Transportasi Pertama'","Kamis, 19 Apr 2018 09:58 WIB",https://www.cnnindonesia.com/otomotif/20180419094641-579-291908/jokowi-presiden-indonesia-multimoda-transportasi-pertama,ADVERTISEMENT SCROLL TO CONTINUE WITH CONTENT ADVERTISEMENT SCROLL TO CONTINUE WITH CONTENT
Jokowi Paksa Semua Pemda Jalankan Perizinan Satu Pintu Online,"Kamis, 19 Apr 2018 08:30 WIB",https://www.cnnindonesia.com/ekonomi/20180418164931-92-291777/jokowi-paksa-semua-pemda-jalankan-perizinan-satu-pintu-online,ADVERTISEMENT SCROLL TO CONTINUE WITH CONTENT
"Cak Imin Curi Start, Airlangga Masih Kalem","Kamis, 19 Apr 2018 08:06 WIB",https://www.cnnindonesia.com/nasional/20180419072902-32-291888/cak-imin-curi-start-airlangga-masih-kalem,ADVERTISEMENT SCROLL TO CONTINUE WITH CONTENT
Rencana Aksi HAM Diharap Tak Cuma Wacana Populis Jokowi,"Kamis, 19 Apr 2018 07:26 WIB",https://www.cnnindonesia.com/nasional/20180418164038-20-291774/rencana-aksi-ham-diharap-tak-cuma-wacana-populis-jokowi,ADVERTISEMENT SCROLL TO CONTINUE WITH CONTENT
Mendagri Sindir Fadli Zon yang Sering Kritik Pemerintah,"Kamis, 19 Apr 2018 05:56 WIB",https://www.cnnindonesia.com/nasional/20180418142021-32-291725/mendagri-sindir-fadli-zon-yang-sering-kritik-pemerintah,ADVERTISEMENT SCROLL TO CONTINUE WITH CONTENT
PDIP Tak Yakin Gerindra Usung Prabowo di Pilpres 2019,"Kamis, 19 Apr 2018 05:31 WIB",https://www.cnnindonesia.com/nasional/20180418192127-32-291815/pdip-tak-yakin-gerindra-usung-prabowo-di-pilpres-2019,ADVERTISEMENT SCROLL TO CONTINUE WITH CONTENT
Wiranto Sindir Tokoh Reformasi Sering Kritik Tanpa Data,"Kamis, 19 Apr 2018 05:03 WIB",https://www.cnnindonesia.com/nasional/20180418160607-32-291768/wiranto-sindir-tokoh-reformasi-sering-kritik-tanpa-data,ADVERTISEMENT SCROLL TO CONTINUE WITH CONTENT
Wiranto Sebut Safari Politik Tak Terkait Paslon Pilpres 2019,"Kamis, 19 Apr 2018 04:03 WIB",https://www.cnnindonesia.com/nasional/20180418203513-32-291829/wiranto-sebut-safari-politik-tak-terkait-paslon-pilpres-2019,ADVERTISEMENT SCROLL TO CONTINUE WITH CONTENT
Jokowi Keluhkan Minimnya Promosi Asian Games 2018,"Kamis, 19 Apr 2018 00:30 WIB",https://www.cnnindonesia.com/olahraga/20180418181256-178-291800/jokowi-keluhkan-minimnya-promosi-asian-games-2018,ADVERTISEMENT SCROLL TO CONTINUE WITH CONTENT
PKB dan PPP Saling Sindir soal Kedekatan dengan Jokowi,"Rabu, 18 Apr 2018 22:58 WIB",https://www.cnnindonesia.com/nasional/20180418224545-32-291860/pkb-dan-ppp-saling-sindir-soal-kedekatan-dengan-jokowi,ADVERTISEMENT SCROLL TO CONTINUE WITH CONTENT
Gatot Dituntut Lepaskan Label Alumni 212 Jika Jadi Capres,"Rabu, 18 Apr 2018 21:38 WIB",https://www.cnnindonesia.com/nasional/20180418201231-32-291827/gatot-dituntut-lepaskan-label-alumni-212-jika-jadi-capres,ADVERTISEMENT SCROLL TO CONTINUE WITH CONTENT
Sandi: Jokowi Bercanda Baliho Cak Imin Kalahkan Asian Games,"Rabu, 18 Apr 2018 20:39 WIB",https://www.cnnindonesia.com/nasional/20180418200145-20-291821/sandi-jokowi-bercanda-baliho-cak-imin-kalahkan-asian-games,ADVERTISEMENT SCROLL TO CONTINUE WITH CONTENT
"Kader PPP Gabung ke PBB, Yusril Yakin Lolos ke DPR","Rabu, 18 Apr 2018 18:38 WIB",https://www.cnnindonesia.com/nasional/20180418180951-32-291796/kader-ppp-gabung-ke-pbb-yusril-yakin-lolos-ke-dpr,ADVERTISEMENT SCROLL TO CONTINUE WITH CONTENT
Proyek Strategis Jokowi yang Finis di Akhir Kabinet Kerja,"Rabu, 18 Apr 2018 18:19 WIB",https://www.cnnindonesia.com/ekonomi/20180418165336-95-291775/proyek-strategis-jokowi-yang-finis-di-akhir-kabinet-kerja,
"Setelah Luhut dan Susi, Siti Nurbaya Diperiksa soal Reklamasi","Rabu, 18 Apr 2018 17:56 WIB",https://www.cnnindonesia.com/nasional/20180418170937-12-291783/setelah-luhut-dan-susi-siti-nurbaya-diperiksa-soal-reklamasi,ADVERTISEMENT SCROLL TO CONTINUE WITH CONTENT
Cak Imin Pamer Naik Pesawat Kepresidenan Bareng Jokowi,"Rabu, 18 Apr 2018 17:44 WIB",https://www.cnnindonesia.com/nasional/20180418161852-32-291766/cak-imin-pamer-naik-pesawat-kepresidenan-bareng-jokowi,ADVERTISEMENT SCROLL TO CONTINUE WITH CONTENT
PDIP Sebut Pertemuan Wiranto dan SBY untuk Cari Titik Temu,"Rabu, 18 Apr 2018 17:11 WIB",https://www.cnnindonesia.com/nasional/20180418135603-32-291707/pdip-sebut-pertemuan-wiranto-dan-sby-untuk-cari-titik-temu,ADVERTISEMENT SCROLL TO CONTINUE WITH CONTENT
PNS Bisa Cicil Rumah Tanpa Uang Muka,"Rabu, 18 Apr 2018 16:59 WIB",https://www.cnnindonesia.com/ekonomi/20180418142841-532-291718/pns-bisa-cicil-rumah-tanpa-uang-muka,ADVERTISEMENT SCROLL TO CONTINUE WITH CONTENT
PDIP Sebut Airlangga Hartarto Bukan Prioritas Cawapres Jokowi,"Rabu, 18 Apr 2018 16:52 WIB",https://www.cnnindonesia.com/nasional/20180418132620-32-291686/pdip-sebut-airlangga-hartarto-bukan-prioritas-cawapres-jokowi,ADVERTISEMENT SCROLL TO CONTINUE WITH CONTENT
Sirkuit Sentul Segera Direnovasi Demi MotoGP Indonesia 2020,"Rabu, 18 Apr 2018 16:18 WIB",https://www.cnnindonesia.com/olahraga/20180418150142-156-291742/sirkuit-sentul-segera-direnovasi-demi-motogp-indonesia-2020,ADVERTISEMENT SCROLL TO CONTINUE WITH CONTENT
Palestina Harap Indonesia Buka Kedutaan di Yerusalem,"Rabu, 18 Apr 2018 16:12 WIB",https://www.cnnindonesia.com/internasional/20180418150141-106-291759/palestina-harap-indonesia-buka-kedutaan-di-yerusalem,ADVERTISEMENT SCROLL TO CONTINUE WITH CONTENT
"Wiranto Bertemu SBY, Golkar Berharap Demokrat Dukung Jokowi","Rabu, 18 Apr 2018 15:04 WIB",https://www.cnnindonesia.com/nasional/20180418143928-32-291723/wiranto-bertemu-sby-golkar-berharap-demokrat-dukung-jokowi,ADVERTISEMENT SCROLL TO CONTINUE WITH CONTENT
Penjelasan Wiranto Soal Pertemuan SBY dan Cawapres 2019,"Rabu, 18 Apr 2018 14:43 WIB",https://www.cnnindonesia.com/nasional/20180418134219-32-291708/penjelasan-wiranto-soal-pertemuan-sby-dan-cawapres-2019,ADVERTISEMENT SCROLL TO CONTINUE WITH CONTENT
Daftar 14 Proyek Strategis yang Dicoret Jokowi,"Rabu, 18 Apr 2018 13:48 WIB",https://www.cnnindonesia.com/ekonomi/20180418134039-95-291690/daftar-14-proyek-strategis-yang-dicoret-jokowi,
Yusril: Kader PPP Bedol Desa karena Tak Setuju Dukung Jokowi,"Rabu, 18 Apr 2018 13:17 WIB",https://www.cnnindonesia.com/nasional/20180418131228-32-291684/yusril-kader-ppp-bedol-desa-karena-tak-setuju-dukung-jokowi,ADVERTISEMENT SCROLL TO CONTINUE WITH CONTENT
"Poros Ketiga Butuh Keajaiban, PAN Wacanakan Koalisi Nasional","Rabu, 18 Apr 2018 11:03 WIB",https://www.cnnindonesia.com/nasional/20180418103028-32-291630/poros-ketiga-butuh-keajaiban-pan-wacanakan-koalisi-nasional,ADVERTISEMENT SCROLL TO CONTINUE WITH CONTENT
Hanafi Rais Nilai Pernyataan 'Partai Setan' Disalahpahami,"Rabu, 18 Apr 2018 05:09 WIB",https://www.cnnindonesia.com/nasional/20180417225736-32-291568/hanafi-rais-nilai-pernyataan-partai-setan-disalahpahami,ADVERTISEMENT SCROLL TO CONTINUE WITH CONTENT
"Sempat Diprotes Jokowi, Otomotif RI Boleh Masuk Vietnam Lagi","Rabu, 18 Apr 2018 02:05 WIB",https://www.cnnindonesia.com/internasional/20180417173502-106-291482/sempat-diprotes-jokowi-otomotif-ri-boleh-masuk-vietnam-lagi,ADVERTISEMENT SCROLL TO CONTINUE WITH CONTENT
Harjono Pimpin Pansel Hakim MK Pengganti Maria Farida,"Selasa, 17 Apr 2018 22:16 WIB",https://www.cnnindonesia.com/nasional/20180417163737-12-291468/harjono-pimpin-pansel-hakim-mk-pengganti-maria-farida,ADVERTISEMENT SCROLL TO CONTINUE WITH CONTENT
Waketum Gerindra Sebut Ada Partai Hijau Akan Gabung Prabowo,"Selasa, 17 Apr 2018 20:56 WIB",https://www.cnnindonesia.com/nasional/20180417202652-32-291533/waketum-gerindra-sebut-ada-partai-hijau-akan-gabung-prabowo,ADVERTISEMENT SCROLL TO CONTINUE WITH CONTENT
"Sebut Cak Imin Ngebet Cawapres, Golkar 'Tagih' Dukungan PKB","Selasa, 17 Apr 2018 20:41 WIB",https://www.cnnindonesia.com/nasional/20180417195440-32-291527/sebut-cak-imin-ngebet-cawapres-golkar-tagih-dukungan-pkb,ADVERTISEMENT SCROLL TO CONTINUE WITH CONTENT
Jokowi Harap Bandara Kertajati Dongkrak Ekonomi Jawa Barat,"Selasa, 17 Apr 2018 17:28 WIB",https://www.cnnindonesia.com/ekonomi/20180417171628-92-291479/jokowi-harap-bandara-kertajati-dongkrak-ekonomi-jawa-barat,ADVERTISEMENT SCROLL TO CONTINUE WITH CONTENT
Fadli Zon Sebut Pernyataan Nasir Soal Gatot Tak Wakili PKS,"Selasa, 17 Apr 2018 17:08 WIB",https://www.cnnindonesia.com/nasional/20180417163851-32-291470/fadli-zon-sebut-pernyataan-nasir-soal-gatot-tak-wakili-pks,ADVERTISEMENT SCROLL TO CONTINUE WITH CONTENT
Jokowi Teken Revisi Perpres Rencana Aksi Nasional HAM,"Selasa, 17 Apr 2018 13:22 WIB",https://www.cnnindonesia.com/nasional/20180417124311-12-291382/jokowi-teken-revisi-perpres-rencana-aksi-nasional-ham,ADVERTISEMENT SCROLL TO CONTINUE WITH CONTENT
Progres Pembangunan Bandara Kertajati Capai 96 Persen,"Selasa, 17 Apr 2018 12:55 WIB",https://www.cnnindonesia.com/ekonomi/20180417124614-92-291380/progres-pembangunan-bandara-kertajati-capai-96-persen,ADVERTISEMENT SCROLL TO CONTINUE WITH CONTENT
Peluang PrabowoKing Makerdan Serahkan Tiket ke Gatot,"Selasa, 17 Apr 2018 12:39 WIB",https://www.cnnindonesia.com/nasional/20180417114253-32-291355/peluang-prabowo-king-maker-dan-serahkan-tiket-ke-gatot,ADVERTISEMENT SCROLL TO CONTINUE WITH CONTENT
"Bikin Aturan Baru, Jokowi Permudah Pembebasan Lahan Proyek","Selasa, 17 Apr 2018 09:28 WIB",https://www.cnnindonesia.com/ekonomi/20180416213251-92-291269/bikin-aturan-baru-jokowi-permudah-pembebasan-lahan-proyek,ADVERTISEMENT SCROLL TO CONTINUE WITH CONTENT
Pemerintah akan Coret 14 Proyek Strategis Nasional,"Selasa, 17 Apr 2018 08:33 WIB",https://www.cnnindonesia.com/ekonomi/20180416202855-532-291244/pemerintah-akan-coret-14-proyek-strategis-nasional,ADVERTISEMENT SCROLL TO CONTINUE WITH CONTENT
Gelombang Serangan dan Amunisi Jokowi di Tahun Politik,"Selasa, 17 Apr 2018 07:56 WIB",https://www.cnnindonesia.com/nasional/20180417062844-32-291303/gelombang-serangan-dan-amunisi-jokowi-di-tahun-politik,ADVERTISEMENT SCROLL TO CONTINUE WITH CONTENT
Pemerintah Patok Standar Uang Santunan bagi Warga 'Gusuran',"Selasa, 17 Apr 2018 06:40 WIB",https://www.cnnindonesia.com/ekonomi/20180416214222-92-291270/pemerintah-patok-standar-uang-santunan-bagi-warga-gusuran,ADVERTISEMENT SCROLL TO CONTINUE WITH CONTENT
"Peluang Duet Jokowi-Prabowo Terbuka, Golkar Tak Masalah","Selasa, 17 Apr 2018 06:25 WIB",https://www.cnnindonesia.com/nasional/20180416185555-32-291217/peluang-duet-jokowi-prabowo-terbuka-golkar-tak-masalah,ADVERTISEMENT SCROLL TO CONTINUE WITH CONTENT
Prabowo Didesak Tunjuk Cawapres dari PKS,"Selasa, 17 Apr 2018 05:41 WIB",https://www.cnnindonesia.com/nasional/20180416140722-32-291123/prabowo-didesak-tunjuk-cawapres-dari-pks,ADVERTISEMENT SCROLL TO CONTINUE WITH CONTENT
Mensos Minta Eggi Sudjana Akui Prestasi Pemerintah,"Selasa, 17 Apr 2018 04:19 WIB",https://www.cnnindonesia.com/nasional/20180417041009-20-291292/mensos-minta-eggi-sudjana-akui-prestasi-pemerintah,ADVERTISEMENT SCROLL TO CONTINUE WITH CONTENT
Duet Maut Pilpres Versi Median: Jokowi-Cak Imin Prabowo-Anies,"Senin, 16 Apr 2018 19:19 WIB",https://www.cnnindonesia.com/nasional/20180416185757-32-291222/duet-maut-pilpres-versi-median-jokowi-cak-imin-prabowo-anies,ADVERTISEMENT SCROLL TO CONTINUE WITH CONTENT
Pengamat: Kartu Kuning Kepada Jokowi Nirsubtansi,"Kamis, 08 Feb 2018 03:42 WIB",https://www.cnnindonesia.com/nasional/20180207072721-32-274440/pengamat-kartu-kuning-kepada-jokowi-nirsubtansi,ADVERTISEMENT SCROLL TO CONTINUE WITH CONTENT
Isu Agama Bak Politik Uang di Pilkada 2018,"Sabtu, 03 Feb 2018 16:04 WIB",https://www.cnnindonesia.com/nasional/20180202173724-32-273464/isu-agama-bak-politik-uang-di-pilkada-2018,ADVERTISEMENT SCROLL TO CONTINUE WITH CONTENT
HRW: PBB Harus Hubungi Jokowi soal Wiranto,"Jumat, 29 Jul 2016 15:17 WIB",https://www.cnnindonesia.com/nasional/20160729151700-20-147931/hrw-pbb-harus-hubungi-jokowi-soal-wiranto,ADVERTISEMENT SCROLL TO CONTINUE WITH CONTENT
Doktrin Jokowi Buat Kredit Infrastruktur dan Maritim Bersaing,"Selasa, 19 Mei 2015 13:12 WIB",https://www.cnnindonesia.com/ekonomi/20150519124727-92-54179/doktrin-jokowi-buat-kredit-infrastruktur-dan-maritim-bersaing,ADVERTISEMENT SCROLL TO CONTINUE WITH CONTENT
