url,tanggal,judul,isi
https://surabaya.inews.id/read/403177/gagas-gayuh-aji-dosen-muda-unair-menyikapi-pemilu-legislatif-2024-dengan-mendengar-di-era-digital,"Sabtu, 03 Februari 2024 | 12:39 WIB","Gagas Gayuh Aji, Dosen Muda Unair Menyikapi Pemilu Legislatif 2024 dengan Mendengar di Era Digital","Scan this QR or download app from:
SURABAYA, iNewsSurabaya.id -Dosen mudaUniversitas Airlangga (Unair) Surabaya,Gagas Gayuh Aji, mengubah paradigma politik menjelangPemilu Legislatif2024 di Indonesia. Ia menyoroti arti mendengar dalam konteks digital di era saat ini.
Gagas menekankan perlunya riset dan analisis data media sosial sebagai langkah progresif dalam pengambilan keputusan berbasis data.
Menurutnya, mendengar dalam era digital melibatkan lebih dari sekadar mendengarkan ucapan; hal tersebut mencakup pemahaman terhadap suara-suara yang terwujud dalam data digital.
""Berbicara bukan hanya tentang orasi di atas panggung, mencetak banner atau baliho, tetapi juga mengenali pola suara di media sosial yang mencerminkan aspirasi rakyat,"" ujar Gagas.
Dalam visiSuko Widodotentang ""mendengar adalah komunikasi,"" Gagas menafsirkan konsep tersebut sebagai landasan untuk mengadopsi keputusan berbasis data.
""Mendengarkan di era digital berarti memahami sentimen masyarakat yang termanifestasi dalam data, bukan sekadar mendengar kata-kata,"" tambahnya.
Editor : Arif Ardliyanto"
https://sleman.inews.id/read/383711/bukan-ormas-politik-pemuda-pancasila-siap-menangkan-kader-pada-pemilu-2024/2,"Senin, 18 Desember 2023 | 14:56 WIB","Bukan Ormas Politik, Pemuda Pancasila Siap Menangkan Kader pada Pemilu 2024","Scan this QR or download app from:
Dari data MPC PP Kulonprogo, ada sekitar enam kader yang maju sebagai calon anggota legislatif (Caleg) DPRD  Kulonprogo. Mereka juga akan mendukung kader yang memiliki potensi untuk maju dalam pencalonan bupati Kulonprogo.Terkait rapat Konsolidasi, Dwi Wahyu mengaku kepengurusan PP sudah terbentuk di 12 kecamatan/kapanewon. Selain itu juga sudah ada kepengurusan di 88 kalurahan/kelurahan.
Editor : A Najib"
https://www.inews.id/sport/soccer/kiprah-bio-paulin-dari-persipura-timnas-indonesia-hingga-caleg-pemilu-2024/2,"Rabu, 07 Februari 2024 - 13:00:00 WIB","Kiprah Bio Paulin: Dari Persipura, Timnas Indonesia hingga Caleg Pemilu 2024","Scan this QR or download app from:


Duet Bio Paulin dan Victor Igbonefo kala itu menjadi momok para penyerang lawan. Keduanya bahkan sempat bahu-membahu memperkuatTimnas Indonesia.
Hal tersebut bisa terjadi setelah Bio Paulin dinaturalisasi pada 2015. Dia debut berkostum Garuda di dada saat melawan Myanmar dalam laga uji coba.

Bio Paulin diberikan kepercayaan mengisi lini pertahanan oleh pelatih Timnas Indonesia saat itu, Benny Dollo. Kemudian dirinya pindah ke Sriwijaya pada 2017.
Dua tahun kemudian, Bio Paulin memperkuat Klub Liga 3 PSGS Ciamis sebelum akhirnya pensiun di 2020. Dia sempat ditunjuk sebagai asisten pelatih Persipura musim lalu.
Namun kiprahnya di dunia kepelatihan tak berlangsung lama. Sebab ada tragedi Kanjuruhan yang menghentikan sepak bola Indonesia.
Kini Bio Paulin banting setir ke dunia politik. Dia maju sebagai calon legislatif untuk pemilihan anggota DPRD Kota Jayapura Daerah Pemilihan (Dapil) 4 untuk wilayah Abepura.
Editor: Reynaldi Hermawan"
https://www.inews.id/multimedia/infografis/infografis-bawaslu-temukan-80-dugaan-pelanggaran-pemilu-di-medsos,,Infografis Bawaslu Temukan 80 Dugaan Pelanggaran Pemilu di Medsos,"JAKARTA, iNews.id- Badan Pengawas Pemilihan Umum (Bawaslu) menemukan 80 kasus dugaan pelanggaran Pemilihan Umum (Pemilu) 2024 di platform internet, terutama dalam bentuk konten yang tersebar di media sosial.
Koordinator Divisi Pencegahan, Parmas, dan Humas Bawaslu, Lolly Suhenty, menyatakan bahwa temuan ini berasal dari patroli pengawasan siber. Pihak Bawaslu melakukan penelusuran melalui Intelligent Media Monitoring (IMM) Bawaslu di https://imm.bawaslu.go.id dan juga merespons aduan masyarakat selama dua pekan masa kampanye, mulai dari 28 November hingga 11 Desember 2023.
Berdasarkan jenis pelanggaran tersebut, ujaran kebencian 78 konten, hoaks 1 konten dan politisasi SARA 1 konten. Sementara sasaran dari konten tersebut mengarah kepada paslon 01 (25 konten), paslon 02 (43 konten) dan paslon 03 (9 konten).
Editor: made prisni"
https://www.inews.id/news/nasional/caleg-perindo-agnesal-jona-ajak-anak-muda-aktif-cari-informasi-seputar-pemilu-2024,"Jumat, 24 November 2023 - 19:32:00 WIB",Caleg Perindo Agnesal Jona Ajak Anak Muda Aktif Cari Informasi Seputar Pemilu 2024,"Scan this QR or download app from:
JAKARTA, iNews.id- Caleg DPRD Kota Tangerang Selatan Dapil 3Partai PerindoAgnesal Jona Putra Silaban mengatakananak mudaharus aktif mencari informasi mengenaiPemilu 2024. Hal itu untuk mendapatkan pencerahan mengenai pilihan pemimpin di masa depan.
""Nah kita harus tekankan bahwa kita anak muda pemegang saham mayoritas di 2024, 50 persen lebih pemilih muda. Jadi memang anak muda ini harus mencari informasi terkait pemimpin kita yang akan dipilih baik dari sisi gagasan maupun visi misinya,"" kata Agnesal dalam Podcast Aksi Nyata #DariKamuUntukIndonesia, Jumat (24/11/2023).


Menurut dia, banyak cara yang bisa dilakukan anak muda dalam mencari informasi terkait politik, salah satunya bisa melalui media sosial (medsos) atau di portal berita terpercaya.
""Kita bisa lihat konten-konten tentang politik, berita-berita politik. Yang teman-teman di kampus bisa buat kajian atau diskusi. Yang di luar kampus bisa terlibat aktif di relawan atau di masyarakat,"" ujarnya.

Dia menyadari tingkat pengguna medsos di Indonesia sangat tinggi. Hal inilah yang harus digarap oleh partai politik untuk mengedukasi pemilih muda.
Tak hanya memberikan informasi, langkah ini diyakini bisa mengurangi angka golongan putih (golput)."
https://www.inews.id/multimedia/infografis/infografis-kpu-tetapkan-hasil-pemilu-2024-paling-lambat-20-maret,,Infografis KPU Tetapkan Hasil Pemilu 2024 Paling Lambat 20 Maret,"JAKARTA, iNews.id– Ketua Komisi Pemilihan Umum (KPU) Hasyim Asy'ari memastikan bahwa penentuan perhitungan suara untukPemilu 2024selesai paling lambat pada tanggal 20 Maret 2024. Hal itu sesuai dengan ketentuan yang diatur dalam Undang-undang nomor 7 tahun 2017 tentang Pemilu.
Dia menyatakan bahwa ketentuan tersebut juga berlaku untuk perhitungan suara pemilih di luar negeri. Para Panitia Pemilihan Luar Negeri (PPLN) akan diundang ke kantor KPU untuk menyampaikan hasil perhitungan suara yang telah dilakukan di berbagai wilayah.
""Jadi ketika dalam proses-proses rekapitulasi sebelum 20 maret 2024 temen-teman PPLN sebagaimana pemilu-pemilu sebelumnya diundang ke Jakarta ke kantor KPU pusat,"" kata Hasyim, Selasa (6/2/2024).
Editor: Johan Jaelani"
https://bandungraya.inews.id/read/375912/cegah-kerawanan-panwascam-kertasari-dibekali-strategi-pengawasan-logistik-pemilu,"Selasa, 28 November 2023 | 10:33 WIB","Cegah Kerawanan, Panwascam Kertasari Dibekali Strategi Pengawasan Logistik Pemilu","Scan this QR or download app from:
BANDUNG, iNewsBandungRaya.id -Salah satu tingkat kerawanan pada penyelenggaraan pemilu yakni tahapan pengawasan logistik. Kerawanan inilah yang dikhawatirkan berpotensi terjadi pada Pemilu 2024.
Untuk mencegah hal itu, Panitia Pengawas Kecamatan (Panwascam) Kertasari,Kabupaten Bandungmenggelar Rapat Kordinasi (Rakor) pada Tahapan Pengawasan Logistik.
Dalam rakor yang berlangsung di Villa Sejiwa Kertasari itu, diikuti oleh PKD seluruh kecamatan di Kertasari, SekretariatPanwascam Kertasari, Ketua dan Anggota PPK Kertasari. Turut hadir juga KPU dan Bawaslu Kabupaten Bandung.
""Tahapan pengawasan logistik itu momen penting untuk dibahas bersama. Makanya kami menghadirkan seluruh perangkat penyelenggara pemilu ditingkat Kecamatan Kertasari karena logistik memiliki potensi sangat rawan sehingga membutuhkan pengawasan bersama,” ucap Ketua Panwascam Kertasari, Moch Aditia Gunawan dalam keterangannya, Selasa (28/11/2023).
Selain itu, para pengawas pemilu juga dibekali pengetahuan dan pemahaman tentang strategi pengawasan logistik termasuk dalam pemetaan potensi kerawanan pendistribusian logistik.
Editor : Rizal Fadillah"
https://nganjuk.inews.id/read/407292/unik-tps-pemilu-di-desa-kuncir-dihias-dengan-nuansa-pernikahan-jawa,"Selasa, 13 Februari 2024 | 15:08 WIB",Unik! TPS Pemilu di Desa Kuncir Dihias dengan Nuansa Pernikahan Jawa,"Scan this QR or download app from:
NGANJUK,iNewsNganjuk.id,-Pemiluyang akan dilaksanakan pada 14 Februari 2024 di Kabupaten Nganjuk, Jawa Timur, menampilkanTPSyangunikyaitu di Desa Kuncir, Kecamatan Ngetos, yang menarik perhatian masyarakat.
Di TPS 07 Desa Kuncir, petugas KPPS menghiastempat pemungutan suaraseperti sebuah perhelatanpernikahan Jawa, lengkap dengan dekorasikhas pernikahanyang disebut Kwadenya. Terletak di Balai Desa Kuncir, TPS 07 dipenuhi dengan bunga-bunga beraneka ragam dansimbol gunungandalampewayangan, memberikan suasana yang sejuk dan menawan sejak pintu masuk.
Kepala Desa Kuncir, Wiwit Sukartinem, mengakui bahwa TPS 07 dihiasi dengan nuansa pernikahan Jawa untuk menciptakan lingkungan yang nyaman dan menarik minat warga untuk menggunakan hak pilihnya. Wiwit juga menegaskan bahwa pemilihantema Jawabertujuan untuk memperkenalkan kearifan lokal kepada pemilih, terutama generasi milenial. ""Mengambil tema Jawa, kami menyambut para pemilih dengan ucapan 'sugeng rawuh', dan besok para petugas akan mengenakanpakaian adat Jawa,"" ujar Wiwit.
Selain dekorasi yang mencolok, pemilih di TPS Desa Kuncir juga disuguhialunan gamelanJawa pada hari pemilihan untuk menciptakan suasana yang santai, sehingga pemilih merasa nyaman tanpa adanya ketegangan meskipun memiliki pilihan yang berbeda.
Editor : Agus suprianto"
https://www.inews.id/news/nasional/mahfud-ungkap-ada-operasi-bungkam-kritik-kampus-ke-jokowi-diminta-bilang-pemilu-berjalan-baik,"Selasa, 06 Februari 2024 - 13:34:00 WIB","Mahfud Ungkap Ada Operasi Bungkam Kritik Kampus ke Jokowi, Diminta Bilang Pemilu Berjalan Baik","Scan this QR or download app from:
YOGYAKARTA, iNews.id- Calon Wakil Presiden (Cawapres) Nomor Urut 3Mahfud MDmengungkapkan adanya operasi untuk membungkamkritikperguruan tinggi ataukampusterhadap pemerintahan Presiden Joko Widodo (Jokowi). Menurutnya, para rektor diminta oknum tertentu menyatakan sikap bertolak belakang dengan kritik yang disampaikan paraguru besar, salah satunya menyebut Pemilu 2024 berjalan dengan baik.
Pernyataan itu disampaikan Mahfud dalam acara Tabrak Prof! di Koat Kopi, Yogyakarta, Senin (5/2/2024). Semula, dia menanggapi aspirasi yang disampaikan anak muda bernama Irsyad.


Irsyad merasa bangga karena kampus-kampus, terutama di Yogyakarta, sudah menunjukkan upaya penyelamatan demokrasi. Akan tetapi, dia mempertanyakan apakah pemerintah dan aparat penegak hukum mengintervensi upaya tersebut.
Menanggapi aspirasi pemuda tersebut, Mahfud menjelaskan kemungkinan intervensi bisa terjadi. Sejauh ini, kata dia, sudah ada 59 kampus yang telah menyatakan sikap.

“Karena sampai sore ini ada 59 perguruan tinggi yang terus mengalir ya, dan ini akan terus perguruan tinggi menyatakan sikap untuk mengawal pemilu dan munculnya pemerintahan yang beretika,” kata Mahfud.
Dia pun mengucapkan terima kasih kepada guru besar dan sivitas akademika UGM yang telah mengawali pernyataan sikap dan mengajak perguruan tinggi lain untuk melakukan tindakan serupa."
https://jayapura.inews.id/read/407074/penjabat-gubernur-papua-selatan-tinjau-kesiapan-pemilu-di-mappi,"Selasa, 13 Februari 2024 | 04:52 WIB",Penjabat Gubernur Papua Selatan Tinjau Kesiapan Pemilu di Mappi,"Scan this QR or download app from:
MAPPI, iNewsJayapura.id- Penjabat Gubernur Papua Selatan, Apolo Safanpo bersama Forkopimda melakukan peninjauan kesiapan Pemilu di Kabupaten Mappi, dengan mengunjungi gudang logistik KPU, Senin (12/2/2024).
Dalam kunjungan tersebut, Apolo Safanpo secara simbolis menyerahkan kotak suara kepada Ketua PPD Distrik Mur, Dambioman Bapai.
Penjabat Gubernur mengharapkanlogistik Pemilutelah selesai didistribusikan ke seluruh distrik hingga tanggal 14 Februari 2024, sehingga Pemilu di kabupaten tersebut dapat dilaksanakan secara serentak.
Ketua Komisi Pemilihan Umum (KPU) Kabupaten Mappi, Yati Enoch mengatakan, kesiapan Pemilu di Kabupaten Mappi hingga saat ini mencapai 90 persen.
Untuk pendistribusian logistik di mulai sejak tanggal 9 Februari yang diawali dengan apel siaga dan pendistribusian diprioritaskan pada distrik terjauh.
""Saat ini pendistribusian logistik sudah dilakukan di 14 distrik pada 260 tempat pemungutan suarat (TPS), sehingga tersisa satu distrik dalam kota yakni Obaa dengan 99 TPS,yang akan dilakukan pendistribusianya di H minus 1 pelaksanaan pemilu,"" ucapnya, Senin (12/2/2024).
Yati menambahkan, Pemilu di Kabupaten Mappi dipastikan berlangsung serentak di 15 distrik pada tanggal 14 februari 2024, dimulai Pukul 07 : 00 hingga 13 : 00 WIT.
Editor : Sari"
https://pangandaran.inews.id/read/383120/sambut-pesta-demokrasi-gmbi-pangandaran-gelar-apel-serentak-nasional-siap-sukseskan-pemilu-2024,"Sabtu, 16 Desember 2023 | 16:19 WIB","Sambut Pesta Demokrasi, GMBI Pangandaran Gelar Apel Serentak Nasional Siap Sukseskan Pemilu 2024","Scan this QR or download app from:
PANGANDARAN,iNewsPangandaran.id- Lembaga Swadaya Masyarakat Gerakan Masyarakat Bawah Indonesia (GMBI) Distrik Kabupaten Pangandaran melaksanakanApel Nasionalyang dilaksanakan Serentak Seluruh Indonesia sebagai bentuk kebersamaan dan Taat Patuh Satu Komando. Jumat 15 Desember 2023.
Hal tersebut berdasarkan Maklumat Ketua Umum GMBI Mochamad Fauzan Rachman Dalam Zoom Meeting (Pertemuan secara Online) pada tanggal 13 Desember 2023 lalu.
Kegiatan Apel Nasional serentak ini merupakan bentuk Pernyataan SikapLSM GMBIdalam Rangka menyambut Pesta Demokrasi 14 Februari 2024 mendatang.
LSM GMBI sendiri merupakan suatu wadah yang sudah berkembang di lebih 15 Provinsi taat pada Satu Komando Ketua Umum, menyatakan sikap siap untuk mensukseskanPemilu 2024menjadiPemilu Damaisebagai hajat Besar Bangsa dalam Demokrasi yang Jurdil Langsung Umum bebas dan Rahasia.
Editor : Irfan Ramdiansyah"
https://www.inews.id/news/internasional/2-hari-lagi-gelar-pemilu-banyak-desa-di-kongo-belum-terima-surat-suara,"Senin, 18 Desember 2023 - 16:26:00 WIB","2 Hari Lagi Gelar Pemilu, Banyak Desa di Kongo Belum Terima Surat Suara","Scan this QR or download app from:
KINSHAHA, iNews.id-Kongoakan menggelar pemilihan umum (pemilu) pada Rabu (20/12/2023). Namun ternyata masih banyak desa-desa di Kongo yang belum menerima suara.
Melansir dariABC, Senin (18/12/2023), sekitar 44 juta warga Kongo mendapat hak pilih. Pemilu minggu ini merupakan pemilu keempat negara itu sejak perang saudara berakhir pada awal tahun 2000-an.


Namun, pemilihan ini menghadapi masalahlogistikyang parah. Pemilu Kongo diragukan kredibilitasnya karenasurat suarahingga tinta untuk pemilu belum terdistribusi seluruhnya.
Bahkan, tinta pada surat suara telah luntur, membuat banyak surat suara tidak terbaca.

Selain itu, staf KPU Kongo tidak diberi edukasi yang memadai sehingga dikhawatirkan terjadi kekacauan saat pemilu."
https://www.inews.id/news/nasional/besaran-gaji-linmas-tps-pemilu-2024-naik-10-persen-ini-rinciannya,"Selasa, 19 Desember 2023 - 15:21:00 WIB","Besaran Gaji Linmas TPS Pemilu 2024 Naik 10 Persen, Ini Rinciannya","Scan this QR or download app from:
JAKARTA, iNews.id-Besaran gaji Linmas TPSpemilu 2024penting untuk kamu ketahui. Pemilihan Umum (Pemilu) 2024 akan segera digelar.  Pemilu 2024 merupakan pesta demokrasi yang melibatkan seluruh rakyat Indonesia untuk memilih pemimpin dan wakilnya di tingkat nasional, provinsi, dan kabupaten/kota.
Pemilu 2024 juga merupakan ajang untuk menentukan arah dan kebijakan negara untuk lima tahun ke depan. Salah satu hal yang penting dalam penyelenggaraan Pemilu 2024 adalah keamanan dan ketertiban. Untuk itu, dibutuhkan peran dari Linmas atau Perlindungan Masyarakat.


Linmas merupakan salah satu Badan Adhoc Penyelenggara Pemilu 2024 yang bertugas untuk mengamankan dan menjaga kondusifitas Pemilu di setiap Tempat Pemungutan Suara (TPS).
Linmas adalah relawan yang berasal dari masyarakat setempat yang bersedia membantu penyelenggaraan Pemilu 2024. Linmas dipilih dan ditetapkan oleh Kepala Desa/Lurah berdasarkan usulan dari Panitia Pemilihan Kecamatan (PPK).

Linmas harus memenuhi syarat-syarat tertentu, seperti berusia minimal 17 tahun, berpendidikan minimal SD, dan tidak terlibat dalam organisasi terlarang."
https://www.inews.id/news/nasional/gaji-saksi-di-tps-pemilu-2024-dan-tugasnya-berikut-rinciannya,"Senin, 18 Desember 2023 - 20:33:00 WIB","Gaji Saksi di TPS Pemilu 2024 dan Tugasnya, Berikut Rinciannya","Scan this QR or download app from:
JAKARTA, iNews.id-Gaji saksi di TPSPemilu 2024 dan tugasnya jadi informasi menarik yang penting untuk diketahui banyak orang. Terlebih lagi, bagi kamu yang akan melakukan seleksi calon anggota KPPS Pemilu 2024.
Masa pendaftaran KPPS Pemilu 2024 atau Kelompok Penyelenggara Pemungutan Suara Pemilihan Umum 2024 telah dibuka sejak 11 Desember 2023. Lalu, pengumuman hasil seleksi calon anggota KPPS Pemilu 2024 akan dilangsungkan pada 29-30 Desember 2023.


KPPS adalah bagian dari badan ad hoc yang dibentuk oleh PPS atau Panitia Pemungutan Suara. Pembentukan PPS tersebut paling lambat 14 hari sebelum pelaksanaan pemungutan suara.
Lalu, berapa gajisaksi di TPS Pemilu 2024dan tugasnya? Berikut iNews.id akan berikan ulasan mengenai hal tersebut dirangkum dari berbagai sumber, Senin (18/12/2023).

Melansir laman resmi KPU, gaji saksi KPPS Pemilu 2024 naik dibandingkan dengan Pemilu 2019. Di mana, gaji di saat itu sebesar Rp500.00. Adapun, di tahun 2024 saksi akan mendapatkan gaji Rp1.100.000."
https://jabar.inews.id/berita/lsm-gmbi-dukung-pemilu-2024-damai-siap-jaga-keamanan-dan-kondusivitas,"Kamis, 14 Desember 2023 - 19:38:00 WIB","LSM GMBI Dukung Pemilu 2024 Damai, Siap Jaga Keamanan dan Kondusivitas","Scan this QR or download app from:
BANDUNG, iNews.id -Sekretaris Jenderal (Sekjen) Lembaga Swadaya Masyarakat (LSM) Gerakan Masyarakat Bawah Indonesia (GMBI) A Rahmat BA menyatakan sikap tegas dan komitmen GMBI mendukungPemilu Damai2024. GMBI siap aktif berperan dalam menjaga keamanan, kondusivitas, dan mendukungPemilu 2024damai dan bermartabat.
Pernyataan itu disampaikan SekjenLSM GMBIdalam konferensi pers di Kantor Dewan Pimpinan Pusat LSM GMBI, Kota Bandung, Kamis (14/12/2023). ""Sikap ini menjadi manifestasi nyata dari komitmen LSM GMBI sebagai bagian dari fungsi sosial politik dalam mendukung proses demokrasi di Indonesia. Pemilu adalah sarana integrasi bangsa, dan kami, sebagai warga negara Indonesia, ingin memberikan kontribusi positif untuk menjaga proses demokrasi,"" kata Sekjen LSM GMBI.

A Rahmat BA mengatakan, pernyataan sikap ini juga mencerminkan langkah transformasi LSM GMBI dalam menghadapi dinamika zaman dan kebutuhan masyarakat. ""Wujud bela negara dalam rangka transformasi LSM GMBI adalah komitmen kami untuk menjadi lebih responsif dan berkontribusi nyata dalam mewujudkan pemerintahan yang lebih baik,"" ujar A Rahmat BA.
Dalam menjaga kondusivitas, ketertiban, tutur dia, LSM GMBI siap bersinergi dengan penyelenggara pemilu. GMBI mengajak seluruh masyarakat menjalin komunikasi terbuka dan memberikan dukungan penuh dalam menjaga ketertiban dan keamanan selama proses Pemilu 2024.


Editor: Agus Warsudi"
https://portalaceh.inews.id/read/405833/hindari-money-politik-panwaslih-aceh-selatan-ajak-masyarakat-aktif-kawal-pemilu,"Jum'at, 09 Februari 2024 | 18:30 WIB","Hindari Money Politik, Panwaslih Aceh Selatan Ajak Masyarakat Aktif Kawal Pemilu","Scan this QR or download app from:
ACEHSELATAN,iNewsPortalAceh.id- KetuaPanwaslihAceh selatanDeri Friadi menghimbau kepada seluruh peserta pemilu tahun 2024 di Aceh selatan untuk menghindari moneypolitik(politik uang) Politik Identitas, Penyebaran Berita Hoax yang dapat menyebabkan perpecahan antar sesama pada saat ini maupun pada masa tenang menjelang pemilu 14 Februari tahun 2024 mendatang.
Menurutnya, tindakan bagi-bagi uang atau di sering dikenal dengan serangan fajar merupakan tindakan pelanggaran pemilu sesuai UU Nomor 7 tahun 2017 tentang pemilihan umum.
Pasal 523 Ayat 2 UU No 17 Tahun 2017 Tentang Pemilu berbunyi"" Setiap Pelaksana, Peserta, dan/ atau tim kampanye pemilu yg menjanjikan atau memberikan imbalan uang atau materi lainnya kepada pemilih secara langsung ataupun tidak langsung sebagai mana dimaksud pada pasal 278 Ayat (2) di pidana dengan pidana penjara 4 Tahun dan denda Rp. 48.000.000 Oleh karena itu, kita harapkan pelakasanaan pemilu ini berjalan dengan sejuk aman dan damai Serta dengan penuh rasa riang dan gembira.
""Semua peserta pemilu pasti ingin menang pada kontestan domokrasi ini, tapi ingat, meraih kemenangan itu jangan melanggar aturan, raihlah kemenganan dengan mengetuk pintu hati pemilih ,"" ungkap Ketua Panwaslih Aceh Selatan Jumat sore (9/2/2024).
jika tidak mengindahkan, Panwaslih akan menindak tegas terhadap pelanggaran pemilu apa lagi pelanggaran di masa tenang. ""Jika masyarakat menemukan adanya pelanggaran seperti politik uang segera laporkan kepada pengawas pemilu,"" Kata Deri.
Tak hanya politik uang, Panwaslih juga menghimbau peserta pemilu ,menjelang pemungutan dan penghitungan suara pemilu tahun 2024, untuk tidak melaksanakan kampanye pada masa tenang, termasuk netralitas ASN ,TNI & POLRI, Kepala Desa, Perangkat Desa, Badan Permusyawaratan Desa (BPD), dan Pengurus BUMG.
""Kita berikan kesempatan kepada masyarakat untuk menentukan pilihan sesuai dengan hati nurani pada masa tenang,""tutur Ketua Panwaslih Aceh Selatan.
""Kita berharap tidak ada catatan demokrasi yang buruk di aceh selatan pada tahun 2024, apalagi terkait pelanggaran pidana pemilu politik uang dan pidana lainnya,"" pungkas Ketua Panwaslih Aceh Selatan.
Editor : Jamaluddin"
https://muria.inews.id/read/382193/balon-dan-burung-merpati-dilepas-saat-deklarasi-pemilu-damai-di-kedungjati-ini-maknanya,"Kamis, 14 Desember 2023 | 08:31 WIB","Balon dan Burung Merpati Dilepas Saat Deklarasi Pemilu Damai di Kedungjati, Ini Maknanya","Scan this QR or download app from:
GROBOGAN,iNewsMuria.id -Forum Komunikasi Pimpinan Kecamatan (Forkopimca) bersama komponenpenyelenggara Pemiludi Kedungjati, Grobogan gelar deklarasiPemilu 2024damai.
Selepas pembacaan ikrar damai para pesertadeklrasiPemilu damaimelepaskan 30balonwarna warni dan burungmerpati. Kemudian dilanjutkan penandatanganan kesepakatan pemilu damai di aulaKecamatan Kedungjati, Rabu(13/12/2023)
Ternyata pelepasan 30 balon warna warni dan burung merpati tersebut mengandung makna. Menurut Camat Kedungjati Kuspriyati, jumlah balon melambangkan 18 partai politik peserta Pemilu 2024 di Grobogan.
""Sedang 12 balon yang dilepas melambangkan jumlah caleg yang ada di Kedungjati,"" tambah Camat Kuspriyati kepada wartawan.
Lantas apa makna pelepasan sepasang merpati? Camat Kedungjati pun mengatakan hal itu sebagai lambang kebebasan,kedamaian dan cinta yang diharapkan hadir selama penyelenggaraan Pemilu 2024.
""Jadi ini ajakan untuk menciptakan pemilu dengan kebebasan,namun tetap dengan kondisi penuh cinta dan damai,”tutut Camat Kuspriyati.
Kuspriyati berharap dengan deklarasi Pemilu damai dapat tercipta. Untuk itu Forkopimca,anggota partai politik,penyelenggara pemilu dan masyarakat harus berkomitmen menciptakan Pemilu 2024 berlangsung damai
Semetara itu Harnomo, salah satu caleg dari Partai Kebangkitan Bangsa (PKB) mengaku senang dengan diadakannya deklarasi Pemilu damai di Kecamatan Kedungjati.
""Semoga dengan deklarasi ini, penyelenggara Pemilu benar-benar melaksanakan tugasnya dengan baik dan tetap menjaga netralitas. Sehingga pemilu di Kedungjati bisa berjalan jujur adil dan aman,"" ujar Harnomo. (*)
Editor : Arif F"
https://toraja.inews.id/read/393574/kodim-1414tator-gelar-apel-pasukan-dalam-rangka-pengamanan-jelang-pemilu-tahun-2024,"Kamis, 11 Januari 2024 | 19:06 WIB",Kodim 1414/Tator Gelar Apel Pasukan Dalam Rangka Pengamanan Jelang Pemilu Tahun 2024,"Scan this QR or download app from:
TANA TORAJA, iNews.id- Apel dalam rangka Pengamanan Pemilu Serentak 2024, bertempat yang di laksanakan di Lapangan Upacara Kodim 1414/Tator, Rantepao, Toraja Utara, Selasa (9/1/2024) kemarin.
Apel di ikuti puluhan pasukan terdiri dari  personel Kodim 1414/Tator dan di pimpin oleh Kepala Staf Kodim 1414/Tator, Mayor Inf Oberan.
Dalam sambutannya, Kasdim menyampaikan pemilu serentak Tahun 2024 merupakan pesta demokrasi Indonesia yang akan menjadi tonggak sejarah karena dilaksanakan secara serentak yakni lima jenis pemilihan dalam waktu yang bersamaan.
“Pemilu serentak kali ini akan menjadi warisan kebanggaan sekaligus menjadi sorotan dunia internasional terkait apakah bangsa Indonesia mampu konsolidasi politik dengan demokratis dan berintegritas dalam rangka memilih pemimpin nasionalnya,” kata Kasdim.
Ia menyampaikan beberapa penekanan untuk bersama dalam pedomani melaksanakan tugas pengamanan pemilu serentak tahun 2024.
Seperti memahami bahwa tugas pengamanan pemilu serentak tahun 2024, menjalin sinergi antara unsur Pemerintah, TNI-Polri, dan seluruh komponen mewujudkan keamanan dan kelancaran melaksanakan tugas.
“Segera kenali, cari, temukan dan atas serta netralisir potensi kerawanan ada atau tidak berkembang dan menggandeng penyelenggaraan Pemilu Serentak 2024,” sebutnya.
Editor : Jufri Tonapa"
https://www.inews.id/news/nasional/5-perbedaan-pemilu-2024-dengan-pemilu-2019-tahun-ini-tidak-setegang-sebelumnya,"Rabu, 14 Februari 2024 - 16:49:00 WIB",5 Perbedaan Pemilu 2024 dengan Pemilu 2019: Tahun Ini Tidak Setegang Sebelumnya?,"Scan this QR or download app from:
JAKARTA, iNews.id -Perbedaan Pemilu2024 denganPemilu 2019masih menjadi perbincangan. Saat ini, Indonesia tengah menyelenggarakan pesta demokrasi.
Dalam kontestasi politik tersebut, masyarakat Indonesia telah memilih Presiden dan Wakil Presiden, Anggota DPR, DPD, DPRD Provinsi dan DPRD Kabupaten/Kota.


Namun, Pemilihan Umum atau Pemilu tentu bukan kali pertama diadakan.
Sebelumnya, Pemilu 2019 juga dilaksanakan secara serentak di seluruh Indonesia. Meskipun demikian, terdapat beberapa perbedaan antara Pemilu 2019 dengan 2024.

Pada 2019, Pilkada baru diadakan setahun setelah Pemilu Presiden, DPR, DPD, DPRD provinsi dan kabupaten/kota digelar secara serentak.
Pada 2024, Pilkada akan diadakan di tahun yang sama, tepatnya pada 27 November.

Pada 2019, calon kepala daerah bisa diusung melalui jalur independen.
Pada 2024, calon independen dihilangkan dan partai politik harus memiliki minimal 20% kursi di DPRD untuk mengusung calon."
https://medan.inews.id/read/397316/pemuda-muslimin-kota-medan-ajak-generasi-muda-aktif-di-pemilu-2024,"Sabtu, 20 Januari 2024 | 19:08 WIB",Pemuda Muslimin Kota Medan Ajak Generasi Muda Aktif di Pemilu 2024,"Scan this QR or download app from:
MEDAN, iNewsMedan.id-Pemuda Muslimin IndonesiaKota Medan mengajak kader dan generasi muda untuk aktif menggunakan hak pilih padaPemilu 2024. Dengan bonus demografi, suara pemuda dianggap krusial dalam menentukan arah kepemimpinan lima tahun ke depan.
Ajakan ini disampaikan Ketua CabangPemuda MusliminIndonesia Kota Medan, Hanafi Siregar.
Dia mengimbau seluruh kader dan masyarakat untuk tidak hanya memilih, tetapi juga aktif memahami visi, misi, dan program partai serta kandidat politik.
""Dengan partisipasi pemilih pada Pemilu 2019 mencapai 81,9%, diharapkan dapat meningkat hingga 95% pada Pemilu 2024, sebagai tanda kesadaran tinggi terhadap pembangunan bangsa,"" ucap Hanafi kepada wartawan, Sabtu (20/1).
Hanafi menyebutkan pentingnya peran pemuda sebagai pemilih cerdas. Dia menekankan tiga hal: menyadari pentingnya hak pilih, memperhatikan track record caleg dan capres, serta mempelajari visi, misi, dan program kerja yang diusung.
Editor : Ismail"
https://www.inews.id/news/nasional/jokowi-ajak-masyarakat-datang-ke-tps-gunakan-hak-pilih-di-pemilu-2024,"Rabu, 07 Februari 2024 - 11:38:00 WIB",Jokowi Ajak Masyarakat Datang ke TPS Gunakan Hak Pilih di Pemilu 2024,"Scan this QR or download app from:
JAKARTA, iNews.id- Presiden Joko Widodo (Jokowi) mengajak masyarakat menggunakanhak pilihditempat pemungutan suara(TPS) padaPemilu 2024, Rabu (14/2/2024) mendatang. Dia mengimbau masyarakat memberikan suara sesuai pilihan masing-masing.
“Saya menghimbau, saya mengajak kepada seluruh masyarakat agar menggunakan hak pilihnya, datang ke TPS memberikan suara sesuai dengan pilihannya,” ungkap Jokowi di sela kunjungan kerja ke Kabupaten Batubara, Sumatera Utara, Rabu (7/2/2024).


Jokowi juga meminta Aparatur Sipil Negara (ASN), TNI-Polri, termasuk Badan Intelijen Negara (BIN) harus netral dan menjaga kedaulatan rakyat.
“Dan saya ingin menegaskan kembali bahwa ASN, TNI, Polri, termasuk BIN harus netral dan menjaga kedaulatan rakyat,” tuturnya.

Dia meminta KPU hingga Bawaslu profesional dan memastikan integritas pemilu supaya suara rakyat benar-benar berdaulat.
“Kita semua harus menjaga pemilu yang damai, yang jujur dan adil. Menghargai hasil pemilu dan bersatu padu kembali untuk membangun Indonesia,” katanya.

Editor: Rizky Agustian"
https://indramayu.inews.id/read/385184/komitmen-panwascam-ciledug-hadapi-tahapan-pemilu,"Kamis, 21 Desember 2023 | 18:50 WIB",Komitmen Panwascam Ciledug Hadapi Tahapan Pemilu,"Scan this QR or download app from:
CIREBON, iNewsIndramayu.id– Setiap tahapanpemilu, terus dikawal Panitia Pengawas Pemilu Kecamatan (Panwascam) Ciledug. Bentuk komitmen Panwaslu menghadapi pelaksanaan pemilihan umum (Pemilu) yang akan dilaksanakan pada 14 Februari 2024 yang akan datang.
Sebagai informasi, KomisionerPanwascam Ciledugterdiri dari Ketua merangkap sebagai Koordinator Divisi SDM, Organisasi, Data dan Informasi, Udin Mauluddin. Anggota merangkap sebagai koordinator Divisi Hukum, Pencegahan, Parmas dan Humas, Aris Nugraha.
Sedangkan Kordinator Divisi Penindakan Pelanggaran dan Penyelesaian Sengketa, Ali Sadikin dan Kepala Kesekretariatan, Mustafid Rahman.
Ketua Komisioner Panwascam Ciledug, Udin Mauluddin, menyebutkan Kecamatan Ciledug memiliki 10 desa yang terdiri dari Desa Bojong Negera, Ciledug Kulon, Ciledug Lor, Ciledug Tengah, Ciledug Wetan, Damarguna, Jatiseeng, Jatiseeng Kidul, Leuweunggajah dan Tenjomaya.
“Dari 10 desa tersebut, ditempatkan masing-masing 1 pengawas desa/kelurahan (PKD),” ujarnya.
Ia menegaskan, setelah dilantik, PKD se-Kecamatan Ciledug pun langsung melakukan pengawasan pencocokan data pemilih (Coklit) yang dilaksanakan pada Februari hingga Maret 2023. Selain itu Panwascam juga selalu hadir dalam setiap tahapan pada pelaksanaan Pemilu baik dilakukan oleh PPS maupun PPK.
“Pada masa kampanye ini juga Panwascam Ciledug selalu hadir untuk melakukan pengawasan pada kegiatan kampanye yang dilakukan di wilayah Kecamatan Ciledug,” katanya.
Panwascam juga selalu memberikan himbauan baik kepada peserta pemilu maupun kepada seluruh pihak. ” Agar taat terhadap aturan pemilu 2024 yang tertuang dalam undang-undang nomor 7 tahun 2017,” pungkasnya. (*)
Editor : Tomi Indra Priyanto"
https://purwokerto.inews.id/read/407159/bagaimana-hukum-menerima-uang-sogokan-pemilu-dalam-islam-halal-atau-haram,"Selasa, 13 Februari 2024 | 10:18 WIB","Bagaimana Hukum Menerima Uang Sogokan Pemilu dalam Islam, Halal Atau Haram?","Scan this QR or download app from:
JAKARTA, iNewsPurwokerto.id- Bagaimanahukum menerimauang sogokanPemiludalam Islam menjelang pemungutan suara Pemilu 2024 akan dilaksanakan secara serentak pada Rabu 14 Februari 2024. Terlebih, mendekati hari pencoblosan, praktikpolitik uangatau money politics seringkali ditemukan, lalu bagaimana hukum menerimauang sogokan pemilu?
Biasanya, menjelang pemilihan, beberapa tim sukses aktif melakukanserangan fajardengan mengunjungi masyarakat secara langsung untuk membeli suara mereka dengan imbalan uang.
Bahkan, belakangan ini muncul sejumlah spanduk yang secara terang-terangan menuliskan Nolak 50'an, kabeh mundak bosss!!!. 200 tak coblos” (Nolak 50’an semua naik bos, 200 kucoblos).
Dikutip iNews.id dari situs NU Online, Komisi Waqi'iyyah Bahtsul Masail Pengurus Wilayah Nahdlatul Ulama (PWNU) Jawa Tengah baru-baru ini mengumumkan keputusan terkait praktik politik uang yang sering disebut sebagai serangan fajar.
Putusan ini menyatakan bahwa politik uang hukumnya haram. Terdapat tiga alasan utama yang mendukung keharaman politik uang.
Pertama, serangan fajar tergolong sebagai praktik risywah (suap). Memberikan atau menerima uang dengan maksud untuk mempengaruhi suara dalam pemilihan umum termasuk dalam kategori risywah (suap), yang hukumnya haram secara mutlak.
Dalam agama Islam, suap dianggap sebagai tindakan yang melanggar hak-hak orang lain dan dianggap sebagai dosa yang sangat besar.
Editor : Arbi Anugrah"
https://www.inews.id/news/nasional/ganjar-sowan-ke-kh-abdullah-ubab-maimoen-minta-doa-agar-pemilu-berjalan-lancar-dan-damai,"Kamis, 04 Januari 2024 - 21:46:00 WIB","Ganjar Sowan ke KH Abdullah Ubab Maimoen, Minta Doa agar Pemilu Berjalan Lancar dan Damai","Scan this QR or download app from:
REMBANG, iNews.id -Calon Presiden nomor urut 3,Ganjar Pranowo-- yang juga diusung Partai Perindo -- menyempatkan diri sowan keulamakarismatik KH Abdullah Ubab Maimoen. Hal itu dilakukan Ganjar saat tengah bersafari politik di Kabupaten Rembang,Jawa Tengah, pada Kamis (4/1/2024).
Saat tiba di Pondok Pesantren Al Anwar, Sarang, Rembang, Jawa Tengah, Ganjar langsung disambut ribuan santri yang sudah menantinya. Bahkan Gus Ubab, panggilan akrab KH Abdullah Ubab Maimoen ikut menanti di depan pintu masuk Pondok Pesantren Al Anwar.


Capres berambut putih ini kemudian diajak masuk ke dalam ruangan untuk ngobrol bersama membahas beragam hal. Salah satunya mengenai Pemilu 2024 agar bisa berjalan dengan damai.
“Saya mohon doa, mohon dukungan, yang pertama semoga proses pemilunya berjalan dengan baik, mudah-mudahan lancar,” kata Ganjar di hadapan ribuan santri di Pondok Pesantren Al Anwar.

Menurut Ganjar, apapun hasil Pilpres 2024 nanti pastinya Allah SWT sudah menuliskan takdir siapa yang berhak menjadi pemenang. Sebagai manusia, Ganjar sedang berikhtiar untuk menjadi pemimpin Indonesia.
Apalagi dia mempunyai cita-cita untuk membangun Indonesia unggul, mulai dari pendidikan, kesehatan, jaminan sosial, hingga sektor ekonomi.
“Dan Indonesia diberikan yang terbaik. Dan Allah sudah menuliskan di sana bahwa ini akan dicarikan yang paling baik. Kita berdoa saja, karena apa? Dunia juga sedang tidak baik,” ujar Ganjar."
https://www.inews.id/news/nasional/pekerja-di-bandara-soetta-tak-libur-saat-pemilu-dapat-keringanan-jam-kerja,"Selasa, 13 Februari 2024 - 23:12:00 WIB","Pekerja di Bandara Soetta Tak Libur saat Pemilu, Dapat Keringanan Jam Kerja","Scan this QR or download app from:
TANGERANG, iNews.id -Para pekerja diBandara Soekarno-Hattatidak mendapatkan libur meskipunPemilu 2024ditetapkan sebagai harilibur nasional. Hal itu dikarenakan operasional bandara tetap berjalan meski ada agenda lima tahunan itu.
Wakapolres Kota Bandara Soekarno-Hatta, AKBP Ronald Sipayung mengatakan, beberapa perusahaan yang ada di wilayah Bandara Soetta memberikan dispensasi atau keringanan jam kerja. Pekerja ada yang diizinkan untuk datang lebih awal atau lebih lambat untuk bisa memberikan hak pilihnya.


""Dan hasil rapat tersebut sudah disampaikan disosialisasikan ke seluruh karyawan,"" ujar Ronald, Selasa (13/2/2024).
Kebijakan tersebut diterapkan karena tak ada satu pun TPS yang disiapkan di wilayah Bandara Soetta. Oleh karena itu perlu ada kebijakan lain agar para pekerja tetap bisa memberikan suaranya.

""Perlu kami sampaikan bahwa komunitas Bandara Soekarno-Hatta beberapa waktu yang lalu sudah melaksanakan rapat beberapa kali bersama dengan KPU Kabupaten Tangerang dan Kota Tangerang dan memang tidak ada TPS di dalam area Bandara Soetta,"" kata Ronald."
https://sulsel.inews.id/berita/dpd-partai-perindo-bone-gelar-konsolidasi-dan-pendidikan-politik-jelang-pemilu-2024,"Senin, 11 Desember 2023 - 23:30:00 WITA",DPD Partai Perindo Bone Gelar Konsolidasi dan Pendidikan Politik Jelang Pemilu 2024,"Scan this QR or download app from:
BONE, iNews.id- Dewan Pimpinan Daerah (DPD) Partai PerindoKabupaten Bonemenggelar rapat koordinasi pemenangan danpendidikan politikjelangPemilu 2024, Senin (11/12/2023).
Acara yang diikuti oleh ratusan pengurus Partai Perindo itu bertujuan untuk memberikan dan menambah pengetahuan politik, dan meningkatkan sumber daya manusia kepada para pengurus, caleg, dan kader Partai Perindo.

Acara yang bertema mewujudkan demokrasi yang bermartabat melalui pemilu yang jujur, adil dan berintegritas dibuka oleh Ketua DPW Partai Perindo Sulawesi Selatan, Sanusi Ramadhan.
Dalam sambutannya, Sanusi Ramadhan mengajak pengurus, caleg dan kader untuk terus membesarkan Partai Perindo dan berjuang meraup suara yang banyak agar target Partai Perindo di Kabupaten Bone dapat tercapai.

“Kami tidak mau muluk-muluk dalam menentukan target kursi, tapi kami tetap optimistis akan mendapat dua atau tiga kursi di Kabupaten Bone,” katanya.
Sanusi mengaku tidak mau menentukan target yang besar, namun berharap dapat meraup suara melebihi target.
Sanusi juga meminta para caleg, pengurus dan kader Partai Perindo agar terus melakukan konsolidasi dan konsisten mendukung Partai Perindo.
Selain itu, kata dia, DPW Partai Perindo Sulsel akan memperketat saksi di tempat pemungutan suara (TPS). Hal ini harus diperhatikan dan dilaksanankan secara maksimal agar perolehan suara Partai Perindo dapat terjaga.
Selain pengurus, caleg, dan kader Partai Perindo turut hadir dalam acara tersebut mantan komisioner KPU Bone, Nasruddin Jaelani sebagai pemateri.
Editor: Kastolani Marzuki"
https://jabar.inews.id/berita/pemilu-2024-rsud-oto-iskandar-dinata-bandung-siap-tangani-caleg-stres,"Rabu, 22 November 2023 - 14:53:00 WIB","Pemilu 2024, RSUD Oto Iskandar Dinata Bandung Siap Tangani Caleg Stres","Scan this QR or download app from:
BANDUNG, iNews.id- Rumah Sakit Umum Daerah (RSUD) Oto Iskandar Dinata, Soreang, Kabupaten Bandung menyiapkan ruangan khusus bagi calon legislatif (caleg) stres akibat gagal menang padaPemilu 2024mendatang. Selain itu, dokter spesialis gangguan jiwa juga disiapkan untuk menangani hal itu.
Saat ini, RSUD Oto Iskandar Dinata sudah menyiapkan sebanyak 10 ruangan untuk kepentingan penanganancaleg stres. Tidak menutup kemungkinan jumlah ruangan tersebut akan ditambah.
Selain itu, ruangan khusus rawat inap juga disediakan bagi pasien yang mengalami kondisi tertentu, seperti gelisah, gemetar, susah tidur, tertekan dan cemas.
""Seandainya pascapemilu nanti ada caleg yang memiliki simptom atau gejala yang merujuk pada gangguan jiwa berat, kami siap menangani. Tapi mudah-mudahan tidak ada,"" kata Wadir Pelayanan RSUD Oto Iskandar Dinata, dokter Irfan Agusta, Rabu (22/11/2023).
Tidak hanya itu, guna persiapan yang lebih baik, pihak rumah sakit akan berkoordinasi dengan Pemprov Jabar agar pelayanan lebih maksimal.
Editor: Asep Supiandi"
https://dumai.inews.id/read/407546/kapolsek-bukit-kapur-melalui-bhabinkamtibmas-laksanakan-giat-rutin-cooling-system-untuk-pemilu-2024,"Rabu, 14 Februari 2024 | 09:00 WIB",Kapolsek Bukit Kapur Melalui Bhabinkamtibmas Laksanakan Giat Rutin Cooling System Untuk Pemilu 2024,"Scan this QR or download app from:
DUMAI, iNewsDumai.id – Wujud komitmen Polri ciptakanPemilu Damai 2024,Polres DumaidanPolsekJajarannya terus menggulirkan pesan dan himbauanKamtibmaskepada masyarakat dalam rangka Cooling System.
Dengan semangat Polri Presisi dan rasa tulus ikhlas mengabdi, Polres Dumai dan Polsek Jajarannya secara rutin menggelar Cooling System yang dilaksanakan dalam berbagai kegiatan seperti Bakti Sosial, Bakti Kesehatan, Sosialisasi, Patroli Dialog, Edukasi hingga Pembagian Brosur dan Pamflet guna memberikan pemahaman terkait pentingnya menjaga perdamaian, kerukunan dan persatuan baik di dunia nyata ataupun di dunia maya demi terwujudnya Pemilu Damai 2024 di Kota Dumai.
Kapolsek Bukit Kapur Iptu Irsanuddin Harahap, S.H, M.H melalui Bhabinkamtibmas Jajaran Polsek Bukit Kapur yang merupakan perpanjangan tangan dan ujung tombak dari institusi Polri rutin melaksanakan cooling system untuk Pemilu Damai 2024 setiap harinya dengan hadir dan bersentuhan langsung dengan masyarakat binaannya.
Menindaklanjuti hal tersebut, Bhabinkamtibmas Kelurahan Bukit Kapur Aiptu Subandi dan Bhabinkamtibmas Kelurahan Gurun Panjang Aipda F.H. Sihombing menyambangi warga binaannya di Jalan Soekarno - Hatta RT. 010 Kelurahan Bukit Kapur Kecamatan Bukit Kapur, Selasa (13/2/2024).
Kegiatan sambang tersebut rutin dilaksanakan Bhabinkamtibmas Jajaran Polsek Bukit Kapur sebagai wujud implementasi Polri hadir untuk masyarakat, mempererat silaturahmi dan membangun sinergitas, kedekatan ataupun keakraban dan rasa kekeluargaan antara Bhabinkamtibmas dan warga binaannya. Keduanya tampak bersilaturahmi, berdiskusi dan saling bertukar informasi dengan warga binaannya guna mengetahui situasi dan isu-isu yang berkembang ditengah masyarakat.
Dalam pelaksanaannya, Bhabinkamtibmas Kelurahan Bukit Kapur mengajak seluruh masyarakat untuk bersama-sama menciptakan Pemilu 2024 yang aman dan damai serta meminta masyarakat untuk tidak terprovokasi dengan isu-isu negatif yang belum tentu kebenarannya.
Dengan tegas Aipda J. Butar-Butar juga meminta seluruh masyarakat untuk bijak dalam bermedia sosial dan tidak terprovokasi oleh berita bohong (hoax), ujaran kebencian dan isu SARA serta menolak segala bentuk kampanye hitam, intoleransi, hingga politik uang dan politik identitas.
Bhabinkamtibmas Kelurahan Bukit Kapur juga mendorong partisipasi aktif seluruh masyarakat Kecamatan Bukit Kapur untuk mewujudkan Pemilu Damai 2024 dan menggunakan hak pilihnya dengan datang ke Tempat Pemungutan Suara (TPS) sebab golput bukan pilihan.
""Pilihan boleh berbeda tapi kerukunan dan kesatuan tetap harus terjaga, jangan mudah terhasut oleh isu-isu negatif yang belum tentu kebenarannya dan berpotensi menimbulkan perpecahan ataupun konflik ditengah masyarakat. Mari bersama-sama kita wujudkan Pemilu 2024 yang aman dan damai, dan menjaga situasi Kamtibmas Kota Dumai tetap tentram dan kondusif,"" tegasnya.
Lebih lanjut disampaikan Aiptu Subandi, dirinya meminta seluruh masyarakat khususnya warga binaannya tidak sembarangan membuat dan menyebarluaskan konten bermuatan politik di media sosial, khususnya yang mengandung informasi dari sumber yang tidak kredibel sehingga berpotensi menyebabkan disinformasi di media sosial.
Terakhir, dirinya meminta seluruh masyarakat untuk bersikap dewasa dan penuh tanggung jawab wujudkan Pemilu Damai 2024 dan dapat menerima apapun hasil akhir penghitungan suara ataupun penetapan Pemilu 2024 dengan lapang dada.
“Kami dari Polsek Bukit Kapur melaksanakan kegiatan penyuluhan dan sambang warga dalam rangka cooling system guna mewujudkan Pemilu Damai 2024 dan menjaga kerukunan serta memelihara keamanan dan ketertiban masyarakat (Harkamtibmas) agar situasi di Kota Dumai tetap aman dan kondusif. Secara rutin, kami juga terus menghimbau masyarakat agar berperan aktif dalam rangka mensukseskan Pemilu 2024 serta tidak Golput dan tetap menjaga kondusifitas lingkungannya meskipun berbeda pandangan politik jangan sampai terjadi konflik,” pungkas Aiptu Subandi.
Editor : Ari Susanto"
https://semarang.inews.id/read/407139/hukum-menerima-uang-serangan-fajar-pemilu,"Selasa, 13 Februari 2024 | 09:21 WIB",Hukum Menerima Uang Serangan Fajar Pemilu,"Scan this QR or download app from:
JAKARTA,iNewsSemarang.id- Hukummenerimauangserangan fajarharus diketahui oleh para pemilih menjelangpemilu2024. Pasalnya, praktek politik uang (money politics) atau yang biasa dikenal masyarakat dengan serangan fajar kerap kali ditemukan setiap perhelatan pemilu.
Dalam dua hari ke depan, seluruh rakyat Indonesia yang telah memiliki hak pilihnya akan menggunakan suaranya pada Pemilu 2024.
Lazimnya, jelang pencoblosan sejumlah tim sukses gencar melakukan serangan fajar dengan mendatangi masyarakat langsung untuk membeli suaranya dengan imbalan uang.
Bahkan, di beberapa daerah belakangan ini marak spanduk yang terang-terangan bertuliskan Nolak 50’an, kabeh mundak bosss!!!. 200 tak coblos” (Nolak 50’an semua naik bos, 200 kucoblos).

Hukum Menerima Uang Sogokan Pemilu
Dilansir dari laman NU Online, Komisi Waqi'iyyah Bahtsul Masail Pengurus Wilayah Nahdlatul Ulama (PWNU) Jawa Tengah telah mengeluarkan keputusan terkait politik uang yang dikenal dengan istilah serangan fajar.
Keputusan ini menyatakan bahwa hukum politik uang hukumnya haram. Terdapat tiga alasan utama di balik keharaman politik uang.
Pertama, serangan fajar tergolong dalam praktik risywah (suap). Memberi atau menerima uang dengan tujuan untuk memengaruhi suara dalam pemilihan umum termasuk dalam kategori risywah (suap), yang hukumnya haram secara mutlak.
Dalam Islam, suap dianggap sebagai bentuk pelanggaran terhadap hak-hak orang lain dan merupakan dosa besar.
Kedua, praktik politik uang, termasuk serangan fajar, merupakan perkara yang dilarang oleh Undang-Undang Nomor 10 Tahun 2016 tentang Pemilihan Umum. Pasal 187A melarang dengan tegas pemberian dan penerimaan uang atau imbalan lain untuk mempengaruhi suara dalam pemilihan umum. Pelanggaran terhadap pasal ini dapat dikenakan sanksi pidana.
Ketiga, politik uang mengakibatkan kerusakan dalam sistem bernegara. Melarang money politics juga merupakan upaya untuk menutup semua peluang (saddan li dzari'ah) terjadinya kerusakan tatanan kehidupan sosial kemasyarakatan dan kehidupan bernegara.
Syekh Khatib Asy-Syirbini dalam kitab Mughni Muhtaj mengatakan, dalam ilmu fiqih suap atau risywah didefinisikan sebagai tindakan memberi sesuatu kepada orang lain dengan tujuan agar dia melakukan sesuatu yang tidak adil atau tidak benar. Suap adalah tindakan yang tercela dan bertentangan dengan dihukum.
الرشوة هي ما يبذل للغير ليحكم بغير الحق أو ليمتنع من الحكم بالحق
Artinya; ""Suap adalah pemberian sesuatu kepada orang lain agar dia memutuskan perkara dengan tidak adil atau agar dia tidak memutuskan perkara dengan adil."" (Asy-Syirbini, Mughni Muhtaj, jilid VI, halaman 288).
Suap adalah memberi sesuatu agar seseorang memutuskan sesuatu dengan tidak adil. Serangan fajar bisa dianggap suap karena bertujuan agar rakyat tidak memilih pemimpin dengan objektif.
Dengan demikian, dalam konteks pemilihan umum, masyarakat seharusnya memahami dan menghindari praktik serangan fajar agar dapat menjaga integritas dan keadilan dalam pelaksanaan proses demokrasi.
Editor : Maulana Salman"
https://garut.inews.id/read/374166/bawaslu-kabupaten-garut-gelar-rakor-persiapan-pengawasan-masa-kampanye-pemilu-2024,"Kamis, 23 November 2023 | 16:37 WIB",Bawaslu Kabupaten Garut Gelar Rakor Persiapan Pengawasan Masa Kampanye Pemilu 2024,"Scan this QR or download app from:
GARUT, iNewsGarut.id –Badan Pengawas Pemilihan Umum (Bawaslu)Kabupaten Garut, Jawa Barat, menggelar kegiatan Rapat Koordinasi (Rakor) Persiapan Pengawasan MasaKampanye Pemilu 2024Bersama Stakeholder.
Kegiatan tersebut berlangsung di Kampung Sampireun Resort dan Spa, Jalan Raya Kamojang, Desa Sukakarya, Kecamatan Samarang, Kabupaten Garut, Kamis (23/11/2023).
Ketua Bawaslu Kabupaten Garut Ahmad Nurul Syahid mengatakan, pihaknya hari ini melaksanakan kegiatan sosialisasi persiapan tahapan kampanye dengan mengundang beberapa stakeholder tingkat Kabupaten Garut.
""Yang dilakukan hari ini sosialisasi persiapan tahapan kampanye, mensosialisasikan ke beberapa stakeholder yang kita undang ada PNS, peserta pemilu, kemudian TNI-Polri pun kita undang,"" ujarnya.
Menurut dia, karena melihat dari indeks kerawanan Pemilu  di Kabupaten Garut, pada tahapan kampanye salah satu isu yang cukup menonjol adalah netralitas.
""Jadi kita mencoba mengundang temen-temen ASN dan TNI-Polri,"" tambahnya.
Editor : ii Solihin"
https://mamuju.inews.id/read/376204/hadiri-deklarasi-damai-pemprov-kabinda-sulbar-bin-netral-di-pemilu-2024,"Selasa, 28 November 2023 | 21:18 WIB","Hadiri Deklarasi Damai Pemprov, Kabinda Sulbar: BIN Netral di Pemilu 2024","Scan this QR or download app from:
MAMUJU, iNewsMamuju.id--Kepala Badan Intelijen NegaraDaerah (Kabinda) ProvinsiSulawesi BaratRomi Setiawan turut menghadiri deklarasi Pemilu dan Pilkada damai 2024 dalam rangka mewujudkan Pemilu yang aman, tertib dan berintegritas di Sulbar yang digelar Pemprov Sulbar, Selasa, 28 Nopember 2023
Kegiatan yang di gelar di Gedung PKK ditandai dengan penandatanganan komitmen antara Pemprov Sulbar, partai politik peserta Pemilu, KPU Sulbar, Bawaslu Sulbar dan instansi vertikal di Sulbar.
Disela-sela kegiatan tersebut,Kabinda Sulbar Romi Setiawan, mengajak semua pihak untuk bersama-sama menciptakan suasana dan stabilitas keamanan menjelang Pemilu atau sesudah Pemilu 2024 sesuai tujuan digelarnya deklarasi ini.
""Mewujudkan Pemilu yang aman, tertib, damai, sejuk, bermartabat dan berintegritas merupakan tugas kita bersama termasuk BIN. Sehingga, kami berharap agar kita saling mendukung mensukseskan penyelenggaraan Pemilu 2024, "" kata Romi Setiawan.
Pj Gubernur Sulbar Prof Zudan Arif Fakrulloh sendiri dalam sambutannya via zoom, mengapresiasi atas terlaksananya deklarasi itu. Dia pun berharap, Pemilu dan Pilkada serentak 2024 menjadi momentum untuk menjaga kerukunan dan persatuan di Sulbar dan Indonesia pada umumnya.
""Kita harapkan bisa berjalan dengan aman, lancar, harmonis dan tidak terjadi apapun yang tidak diinginkan. Kita berupaya supaya Sulbar terus berjalan diatas kebenaran karena ini adalah langkah menuju Sulbar yang lebih sejahtera,"" kata Prof Zudan Arif Fakrulloh.
Prof Zudan menjelaskan, ada tujuh unsur utama yang berperan penting dalam proses Pemilu dan Pilkada serentak 2024. Ketujuh unsur itu, harus bekerjasama demi suksesnya pesta demokrasi lima tahunan itu.
""Tujuh unsur itu, yakni yang pertama KPU, kedua Bawaslu, DKPP dan lembaga non Bawaslu, ketiga pemerintah pusat dan pemerintah daerah, keempat aparat keamanan, kelima Parpol, Paslon dan Caleg, keenam media atau pers, serta yang ketujuh masyarakat,"" ungkapnya.
Editor : A. Rudi Fathir"
https://cilacap.inews.id/read/407060/rektor-iain-ponorogo-serukan-pemilu-damai-2024-evi-muafiah-pilih-dengan-bijak,"Senin, 12 Februari 2024 | 23:28 WIB","Rektor IAIN Ponorogo Serukan Pemilu Damai 2024, Evi Muafiah : Pilih dengan Bijak","Scan this QR or download app from:
iNews,Ponorogo- Profesor Evi Muafiah, yang menjabat sebagaiRektorIAIN Ponorogo, menyerukan semangat perdamaian dalam perhelatan Pemilu 2024.
Dengan harapan yang membara, Prof. Evi memperingatkan tentang potensi bahaya jika proses demokrasi rutin lima tahunan ini mengalihkan masyarakat menjadi medan konflik yang tidak produktif.
Sorotannya terutama terarah pada meningkatnya kontroversi di ranah digital, di mana pendukung pasangan calon saling serang dengan semakin ganas.
Prof. Evi menekankan pentingnya momen ini bagi masyarakat untuk memilih dengan bijaksana, menimbang program dan visi setiap kandidat dengan cermat.
Editor : Arbi Anugrah"
https://banten.inews.id/read/372917/pps-desa-sujung-kabupaten-serang-siap-sukseskan-pemilu-2024,"Senin, 20 November 2023 | 19:07 WIB","PPS Desa Sujung, Kabupaten Serang Siap Sukseskan  Pemilu 2024","Scan this QR or download app from:
SERANG,iNewsBanten- Tahapan pelaksanaan pemilihan umum (Pemilu) serentak tahun 2024 sudah berlangsung, Panitia Pemungutan Suara (PPS) Desa Sujung, Kecamatan Tirtayasa, Kabupaten Serang, Banten sudah bekerja sesuai tahapan dan arahan dari Komisi Pemilihan Umum (KPU), pada Senin (20/11/2023).
Ketua PPS Desa Sujung, Sahroni Subakti, saat ditemui awak media iNews Banten mengatakan kami selaku PPS Desa sujung siap mengikuti tahapan sesuai arahan dari Panitia Pemilihan Kecamatan (PPK) Kecamatan Tirtayasa.
Editor : Mahesa Apriandi"
https://cianjur.inews.id/read/402955/sebanyak-700-anggota-polres-cianjur-diterjunkan-amankan-pemilu-2024,"Jum'at, 02 Februari 2024 | 19:20 WIB",Sebanyak 700 Anggota Polres Cianjur Diterjunkan Amankan Pemilu 2024,"Scan this QR or download app from:
CIANJUR,iNewsCianjur.id-PolresCianjur menyiapkan 700personiluntuk mengantisipasi setiap potensi ancaman gangguan keamanan dan ketertiban masyarakat (kamtibmas) dalam menghadapi gelaranPemilu2024.
Kapolres Cianjur AKBP Aszhari Kurniawan mengatakan, persiapan pemilu di Kabupaten Cianjur sudah disiapkan jauh-jauh hari bekerja sama dengan aparat TNI.
""Jadi untuk persiapan sudah kita siapkan dari mulai keamanan pada saat kampanye, pendistribusian logistik maupun nanti pada saat pencoblosan,"" ujar Azshari, Jumat (2/2/2024).
Menurut Azshari, pihaknya sudah melakukan rapat kordinasi bersama Pemerintah Kabupaten (Pemkab), Komisi Pemilihan Umum Daerah (KPUD) dan Badan Pengawas Pemilu (Bawaslu) Kabupaten Cianjur terkait pendistribusian logistik agar berjalan dengan lancar.
Aszahari mengatakan, pihaknya berkaca pada tahun 2019 dimana pendistribusian logistik di Kabupaten Cianjur kacau.
""Tentunya kita berkaca pada tahun 2019 yang agak kacau dalam pendistribusiannya, maka untuk tahun ini KPUD akan ditertibkan dengan membuat suatu jadwal pengambilan logistik sehingga sampai di tempat tepat waktu dan tepat sasaran,"" paparnya.
Pihaknya mengajak kepada seluruh masyarakat Kabupaten Cianjur untuk berpartisipasi aktif menggunakan hak pilihnya secara langsung, umum, bebas dan rahasia (LUBER) pada saat tanggal 14 Februari di Tempat Pemungutan Suara (TPS) seluruh wilayah di Kabupaten Cianjur.
""Kami tidak ingin ada pihak-pihak yang berusaha untuk kemudian mencoba menggagalkan pelaksanaan Pemilu 2024. Nanti untuk itu kami menjamin pelaksanaannya akan berjalan aman dan masyarakat secara langsung hadir di TPS terdekat sesuai dengan tempat pemilihan masing-masing dengan aman,"" pungkasnya.
Editor : Ayi Sopiandi"
https://indramayu.inews.id/read/407467/komitmen-tegas-panwascam-karangwareng-menjaga-integritas-pemilu-di-masa-tenang,"Selasa, 13 Februari 2024 | 22:46 WIB",Komitmen Tegas Panwascam Karangwareng Menjaga Integritas Pemilu di Masa Tenang,"Scan this QR or download app from:
CIREBON, iNewsIndramayu.id–Panwascam Karangwareng, Kabupaten Cirebon terus menelusuri  puluhan Alat PeragaKampanye(APK) yang belum diturunkan dimasa tenang. Hal itu sebagai komitmen dan menjaga integritaspemilu 2024.
Ketua Panitia Pengawas Pemilihan Kecamatan (Panwascam) Karangwareng, Lili Sumarli, mengatakan, pihaknya komitmen tegas dalam menjaga integritas pemilihan dengan melarang pemasangan Alat Peraga Kampanye (APK) yang masih bertahan di wilayahnya selama masa tenang pemilu, yang berlangsung dari 11 hingga 13 Februari 2024.
Karenanya, Tim pengawas pemilu, bekerja sama dengan Pengawas Kelurahan atau Desa (PKD) dan Petugas Pemungutan Suara (PTPS), fokus pada penegakan aturan ini untuk memastikan kelancaran proses pemilihan. Mereka turun tangan menurunkan APK yang masih terpasang, menganggapnya sebagai pelanggaran serius terhadap ketentuan masa tenang.
Ia mengaku, dalam penertiban APK itu melibatkan PTPS, apalagi yang berdekatan dengan TPS. Sebab, TPS harus tetap netral dari segala bentuk kampanye. 'Karenanya, sanksi tegas berupa pencopotan APK akan diberlakukan sesuai instruksi kepada PTPS untuk menjaga wilayah TPS agar bebas dari pemasangan APK,"" katanya, Minggu (11/2/2024)
Menurutnya, Panwascam Karangwareng juga telah menggelar apel kesiapan bagi jajaran pengawas di wilayahnya guna menghadapi masa tenang dengan baik. ""Patroli masa tenang dilakukan untuk meminimalisir upaya kampanye dari peserta pemilu dan mencegah pelanggaran lainnya,"" tambah Sumarli.
Mengingat kondisi cuaca ekstrim, Sumarli mengingatkan stafnya untuk menjaga kesehatan. ""Kesehatan kami adalah prioritas, agar kami dapat melaksanakan tugas pengawasan dengan optimal,"" pungkasnya. (*)
Editor : Tomi Indra Priyanto"
https://ttu.inews.id/read/376240/ketua-bawaslu-kabupaten-ttu-pastikan-kesiapan-265-pengawas-pemilu-untuk-awasi-kampanye,"Selasa, 28 November 2023 | 23:23 WIB",Ketua Bawaslu Kabupaten TTU Pastikan Kesiapan 265 Pengawas Pemilu untuk Awasi Kampanye,"Scan this QR or download app from:
KEFAMENANU, iNewsTTU.id- Ketua Badan Pengawas Pemilu (Bawaslu) Kabupaten Timor Tengah Utara (TTU), Martinus Kolo, menegaskan kesiapan 265 Panitia Pengawas Kecamatan (PPK) dan Panitia Pengawas Kelurahan/Desa (PKD) dalam mengawasi tahapankampanye pemilu.
Diharapkan agar para pengawas tetap mematuhi regulasi yang berlaku dalam melaksanakan tugas pengawasan di lapangan khususnya tugas pencegahan maupun penindakan.
""Dengan berpedoman pada regulasi yang ada, kita arahkan mereka (pengawas) untuk memahami peraturan-peraturan terkait pengawasan tahapan kampanye pemilu,"" ujar Kolo pada Selasa, (28/11/2023).
Kolo juga menekankan bahwa saat ini publik menanti untuk melihat sejauh mana Bawaslu dalam menegakkan norma dan aturan.
Editor : Sefnat Besie"
https://medan.inews.id/read/403179/bnbg-minta-aparat-hukum-tindak-tegas-pihak-yang-buat-gaduh-jelang-pemilu-2024,"Sabtu, 03 Februari 2024 | 12:41 WIB",BNBG Minta Aparat Hukum Tindak Tegas Pihak yang Buat Gaduh Jelang Pemilu 2024,"Scan this QR or download app from:
MEDAN, iNewsMedan.id- Barisan Nasional Bela Ganjar (BNBG) danAngkatan Muda Sisingamangaraja XII, mendesak aparat penegak hukum untuk bertindak tegas kepada pihak yang dengan sengaja membuat kegaduhan di tengah masyarakat hingga dapat mengganggu keamanan dan ketertiban umum menjelangPemilu 2024.
Harapan ini disampaikan Ketua Tim Hukum dan Advokasi BNBG, Rion Arios bersama Sekjen BNBG Feri Nofirman Tanjung dan Pengurus Angkatan Muda Sisingamangaraja XII Emeraldo Sinambela kepada wartawan di Warkop Jurnalis, Jl. Agus Salim, Medan, Jumat (2/2/2024) malam.
Rion menyayangkan viralnya video abang becak yang diunggah akun Tiktok Lamsiang Hbb. Dalam video berdurasi 3 menit 9 detik tersebut, terlihat abang becak mengaku kecewa karena tidak mendapatkan uang pengganti BBM setelah mengikuti acara Hajatan RakyatGanjar-Mahfuddi Istana Maimoon, Jl. Sisingamangaraja, Medan, Minggu (28/1/2024).
""Tidak hanya yang tersurat, tetapi kita juga bisa melihat apa yang tersirat dari sebuah tayang video. Kuat dugaan, video itu dimaksudkan untuk mendiskriditkan Ganjar-Mahfud,"" kata Rion.
Rion juga mengklarifikasi pernyataan abang becak yang menyatakan tidak menerima uang pengganti BBM saat terlibat dalam kampanye Ganjar-Mahfud.
Editor : Jafar Sembiring"
https://banten.inews.id/read/399497/jelang-pemilu-2024-kapolsek-purwakarta-kota-cilegon-iptu-iwan-sofyan-cek-kesiapan-linmas,"Kamis, 25 Januari 2024 | 19:35 WIB","Jelang Pemilu 2024, Kapolsek Purwakarta Kota Cilegon, IPTU Iwan Sofyan Cek Kesiapan Linmas","Scan this QR or download app from:
CILEGON,iNewsBanten- Kapolsek Purwakarta Kota Cilegon, Banten,IPTU Iwan Sofyanturut hadir dalam kegiatan gelar pengecekan Linmas yang diselenggarakan di Kecamatan Purwakarta, Kota Cilegon, Provinsi Banten, dalam rangka persiapan menyongsong Pemilihan Umum (Pemilu) 2024. Kehadiran Kapolsek dalam kegiatan tersebut menjadi bentuk komitmen Polri dalam menjaga keamanan dan kelancaran pelaksanaan demokrasi.
Dalam acara yang berlangsung di Aula Kecamatan Purwakarta, Kapolsek, IPTU Iwan menyampaikan pentingnya peran Linmas dalam menciptakan suasana aman dan kondusif selama proses pemilu berlangsung.

“Linmas memiliki peran strategis dalam pengamanan wilayah, terutama dalam mengantisipasi potensi kerawanan atau gangguan kamtibmas selama pemilu berlangsung. Kehadiran para Linmas ini sangat penting untuk menciptakan pemilu yang damai, aman dan lancar,” ucapnya.
Editor : Mahesa Apriandi"
https://banten.inews.id/read/407262/ditpolairud-polda-banten-kawal-pendistribusian-logistik-pemilu-2024-ke-pulau-panjang,"Selasa, 13 Februari 2024 | 14:13 WIB",Ditpolairud Polda Banten Kawal Pendistribusian Logistik Pemilu 2024  ke Pulau Panjang,"Scan this QR or download app from:
SERANG,iNewsBanten- Direktorat Kepolisian Perairan dan Udara (Ditpolairud) Polda Banten melaksanakan kegiatan pengamanan dan pengawalan distribusilogistikdan kotak suarapemilu 2024ke Pulau Panjang, pendistribusian Logistik ini yang di angkut menggunakan kapal KM Banowati 4 dari Pelabuhan Grenyang ke Pulau Panjang pada Senin (12/02).
Dirpolairud Polda Banten Kombes Pol Yunus Hadith Pranoto melalui Kasubdit Patroliairud AKBP Saidin mengatakan pelaksanaan kegiatan pengawalan dan pengamanan pendistribusian logistik dan kotak suara Pemilu 2024 yang diangkut menggunakan perahu dari pelabuhan Grenyang Bojonegara menuju Pulau Panjang.
""Untuk memberikan pengamanan dan pengawalan distribusi logistik dan kotak suara pemilu 2024, Kami dari Ditpolairud Polda Banten selalu siaga dalam menjamin keamanan yang saat ini dikirim dari pelabuhan Grenyang menuju dermaga Pulau Panjang,"" Kata Kasubdit Patroliairud AKBP Saidin pada Selasa (13/02).
Editor : Mahesa Apriandi"
https://pandeglang.inews.id/read/400030/tugas-anggota-kpps-1-7-di-pemilu-2024-apa-saja-cek-di-sini,"Jum'at, 26 Januari 2024 | 21:53 WIB","Tugas Anggota KPPS 1-7 di Pemilu 2024 Apa Saja, Cek di Sini!","Scan this QR or download app from:
PANDEGLANG, iNewsPandeglang.id - Tugas AnggotaKPPS1 hingga 7 diPemilu 2024menarik untuk di bahas dalam artikel kali ini. Kelompok Penyelenggara Pemungutan Suara (KPPS) memiliki peran sentral dalam melaksanakan pemungutan suara diTempat Pemungutan Suara(TPS) selama Pemilu.
Pembagian tugas di antara anggota KPPS, mulai dari Ketua KPPS hingga Petugas Ketertiban TPS, dirancang untuk memastikan kelancaran, transparansi, dan keamanan proses pemungutan suara di tingkat TPS.
Pembagian tugas anggota KPPS (Kelompok Penyelenggara Pemungutan Suara) pada Pemilu melibatkan berbagai peran yang esensial untuk memastikan kelancaran dan keberhasilan proses pemungutan suara. Berikut adalah penjelasan pembagian tugas masing-masing anggota KPPS, yang terdiri dari KPPS 1 hingga KPPS 7 dikutip dari Buku Panduan KPPS di antaranya :
KPPS 1 (Ketua KPPS)- Memimpin rapat pemungutan suara.- Memberikan penjelasan mengenai tata cara pemberian suara.- Menyiapkan dan menandatangani Surat Suara.- Memeriksa kategori pemilih untuk disesuaikan dengan jumlah surat suara.KPPS 2 (Anggota KPPS Kedua)- Menerima surat pemberitahuan, formulir Model C, Surat Pindah Memilih, dan KTP-el atau Suket.- Menjadi dasar pemilih mendapatkan Surat Suara sesuai jenis Pemilu dan urutan kehadiran.- Melakukan tugas lain yang diberikan oleh Ketua KPPS.
KPPS 3 (Anggota KPPS Ketiga)- Mengumpulkan surat pemberitahuan dan Surat Pindah Memilih setelah pemilih mendapatkan Surat Suara.- Melakukan tugas lain yang diberikan oleh Ketua KPPS.
Editor : Iskandar Nasution"
https://mamuju.inews.id/read/396744/propam-wanti-wanti-anggota-polres-mamuju-tengah-untuk-netral-di-pemilu-2024,"Jum'at, 19 Januari 2024 | 09:30 WIB",Propam Wanti-wanti Anggota Polres Mamuju Tengah untuk Netral di Pemilu 2024,"Scan this QR or download app from:
MATENG, iNewsMamuju.id- Kasi Propam Polres MamujuTengah, Ipda Anto Junardi mengingatkan kepada seluruh personilPolres Mamuju Tengahuntuk tetap menjaga netralitas selama tahun Politik, menjelangPemilu 2024.
Masuki tahapan kampanye saat ini, Ipda Anto Junardi mewanti-wanti seluruh anggota Polresta Mamuju Tengah tidak terlibat politik praktis dan menjaga netralitas dalam Pemilu 2024.
""Sebagai pengemban fungsi pengawasan, ini merupakan upaya kami, memastikan anggota Polri tidak terlibat politik praktis dan tetap menjaga netralitas,"" kata Ipda Anto Junardi saat memimpin apel pagi. Jumat (19/12/2024).
Saat memimpin apel ini juga, Kasi Propam membacakan Surat Telegram Kapolri Nomor : ST/2407/X/HUK.7.1/2023 yang secara tegas melarang anggota Polri untuk terlibat politik praktis dan netralitas Polri dalam Pemilu 2024.
Editor : Lukman Rahim"
https://medan.inews.id/read/394483/polres-labuhanbatu-selatan-gelar-cooling-system-pengamanan-pemilu-2024,"Minggu, 14 Januari 2024 | 11:00 WIB",Polres Labuhanbatu Selatan Gelar Cooling System Pengamanan Pemilu 2024,"Scan this QR or download app from:
LABUHANBATU SELATAN, iNewsMedan.id-Polres Labuhanbatu Selatanmelakukan mobilisasi besar dengan mengerahkan total 156 personel melaksanakanCooling SystemPengamananPemilu 2024di berbagai Tempat Pemungutan Suara (TPS) di Kabupaten Labusel pada Sabtu (13/1/2024).
Kegiatan ini merupakan bagian dari upaya yang diinisiasi oleh Kepolisian Resor (Polres) Labusel dalam menjaga keamanan dan kelancaran pelaksanaan Pemilu tahun 2024.
Menindaklanjuti Surat Perintah Kapolres Labuhanbatu Selatan Nomor: Sprin/64/ll/OPS.1.1.1./2024, yang diterbitkan pada tanggal 12 Januari 2024, Kapolres Labuhanbatu Selatan, AKBP Maringan Simanjuntak, menyampaikan bahwa kegiatan tersebut merupakan langkah strategis untuk menjalankan Cooling System oleh Personel Pam TPS di seluruh TPS se-Kabupaten Labuhanbatu Selatan.
Pukul 08.00 WIB, 156 personel yang terlibat dalam pengamanan TPS Pemilu 2024 berkumpul untuk melaksanakan apel pemberangkatan di masing-masing Polsek, dengan alokasi personel antara lain 28 orang di Polsekta, 30 orang di Polsek Kampung Rakyat, 60 orang di Polsek Torgamba, 12 orang di Polsek Silangkitang, dan 26 orang di Polsek Sungai Kanan.
“Kita lakukan kegiatan tersebut sesuai perintah Kapolres,” ungkap Maringan Simanjuntak.
Pukul 09.00 WIB, seluruh personel yang terlibat Pam TPS diberangkatkan menuju lokasi TPS masing-masing untuk melaksanakan cooling system, menjalin komunikasi dengan penyelenggara pemilu, tokoh agama, tokoh pemuda, toko masyarakat, serta masyarakat setempat.
Kegiatan ini tidak hanya mencakup aspek keamanan, tetapi juga melibatkan personel dalam pemetaan lokasi TPS, termasuk kondisi alam dan jarak tempuh masing-masing TPS.
Imbauan turut diberikan kepada masyarakat untuk datang ke TPS pada 14 Februari 2024, dalam memberikan hak suara, serta bersama-sama menjaga Ketertiban dan Keamanan (Kamtibmas) demi terwujudnya Pemilu yang aman dan damai di Wilayah Kabupaten Labuhanbatu Selatan.
Editor : Odi Siregar"
https://sumsel.inews.id/berita/gelar-rakor-di-pali-dpw-partai-perindo-sumsel-optimistis-raih-kemenangan-pemilu-2024,"Kamis, 16 November 2023 - 15:22:00 WIB","Gelar Rakor di Pali, DPW Partai Perindo Sumsel Optimistis Raih Kemenangan Pemilu 2024","Scan this QR or download app from:
PALI, iNews.id -Ketua Dewan Pimpinan Wilayah (DPW)Partai PerindoProvinsi Sumatera Selatan (Sulmsel) Febuar Rahman optimistis atas kemenangan partainya diPemilu2024. Hal itu dia sampaikan saat rapat koordinasi di Kabupaten Penukal Abab Lematang Ilir (PALI). Agenda ini sebagai langkah memenangkanPemilu 2024.
""Saya lihat dan merasakan kesiapan DPD Pali dan calegnya untuk memenangkan pemilu. Saya yakin kursi yang akan didapat akan berlipat ganda yang tadinya dua jadi lebih empat,"" ucap Febuar Rahman.

Agenda itu juga dihadiri Ketua DPD Partai Perindo Kabupaten PALI, Iskandar Kuntji. Caleg DPR RI Zulkarnain Adinegara yang merupakan Jendral Bintan Dua Purnawirawan Porli dan Ike Juliawati, Caleg DPR RI dan Juru Bicara Nasional DPP Partai Perindo.
Editor: Nani Suherni"
https://banten.inews.id/read/376427/ormas-lmp-banten-gelar-silaturahmi-akbar-siap-dukung-pemilu-2024-damai,"Senin, 27 November 2023 | 14:05 WIB","Ormas LMP Banten Gelar Silaturahmi Akbar, Siap Dukung Pemilu 2024 Damai","Scan this QR or download app from:
SERANG, iNewsBanten- Demokrasi menjelangpemilupadatahun 2024.Laskar Merah PutihatauLMPmenggelar acara silaturahmi Akbar, kegiatan tersebut bertempat di markas daerah  LMP Provinsi Banten di kawasan pusat Pemerintahan Provinsi Banten (KP3B) Provinsi Banten. Pada Minggu (26/11/2023).
Wawan Susanto selaku Ketua Mada LMP Provinsi Banten, beserta pengurus jajarannya dan anggota, selain menyambut juga mendukung Pemilu 2024 yang damai, terkait anti hoax, ujaran kebencian dan provokasi di media sosial.
Kegiatan ini juga bertujuan untuk menyambung tali silaturahmi antara pimpinan Laskar Merah Putih (LMP) Pusat dan Daerah antara pengurus, anggota dari berbagai daerah juga kota hal tersebut dikatakan oleh ketua Madea LMP Provinsi Banten.
Editor : Mahesa Apriandi"
https://yogya.inews.id/berita/gelar-bazar-murah-di-bantul-caleg-perindo-ajak-masyarakat-sukseskan-pemilu-2024,"Sabtu, 13 Januari 2024 - 18:18:00 WIB","Gelar Bazar Murah di Bantul, Caleg Perindo Ajak Masyarakat Sukseskan Pemilu 2024","Scan this QR or download app from:
BANTUL, iNews.id-CalegPartai Perindountuk DPR, DPRD Provinsi DIY dan DPRD Kabupaten Bantul menggelar bazar minyak goreng murah. Kegiatan tersebut digelar di kantor Dewan Pimpinan Daerah (DPD) Partai Perindo Kabupaten Bantul, Sabtu (13/1/2024).
Para caleg tersebut, Brigjen TNI (Purn) Bonifasius Widiyantoko Sambodo (untuk DPR) dapil Yogyakarta, Kurniati Febriningsih untuk DPRD Yogyakarta  dan Samuel Edy Rebini untuk DPRD Bantul.

Selain untuk membantu meringankan beban masyarakat, kegiatan itu juga menjadi ajang sosialisasi visi misi serta tatap muka para caleg Partai Perindo dengan masyarakat.
Bazar minyak goreng murah ini  berlangsung selama dua hari. Sedikitnya, ada 1.000 liter minyak goreng yang dapat dibeli oleh masyarakat dengan harga Rp5.000 per liter.


Editor: Kurnia Illahi"
https://palembang.inews.id/view/404467/potret-seragam-baru-linmas-di-apel-jelang-pemilu-di-kota-palembang,,Potret Seragam Baru Linmas di Apel Jelang Pemilu di Kota Palembang,"

PALEMBANG, iNewspalembang.id -Ribuan anggota Satuan Tugas Perlindungan Masyarakat (Satlinmas) dengan seragam baru mengikuti apel siaga jelang Pemilu di Pelataran Benteng Kuto Besak Palembang, Selasa (6/2/2024).
Satlinmas dari 18 kecamatan diKota Palembangini nantinya akan bersinergi dengan TNI-Polri guna pengamanan di masing-masing Tempat Pemungutan Suara (TPS). Pj Wali Kota Palembang Ratu Dewa yang memimpin apel menyatakan Satlinmas TPS sebanyak 9.554 orang yang tersebar di 4.777 TPS termasuk TPS khusus yang berjumlah 11 TPS.

Follow Berita iNews Palembang diGoogle News"
https://boyolali.inews.id/read/388683/kesbangpol-jateng-pasang-spanduk-ajakan-mewujudkan-pemilu-damai-ini-tujuannya,"Sabtu, 30 Desember 2023 | 18:44 WIB","Kesbangpol Jateng Pasang Spanduk Ajakan Mewujudkan Pemilu Damai, Ini Tujuannya","Scan this QR or download app from:
SALATIGA, iNewsBoyolali.id– Badan Kesatuan Bangsa dan Politik (Kesbangpol)Provinsi Jatengbersama dengan sejumlah pemuda peduli Pemiludamaidi Kota Salatiga memasang baliho dan spanduk bertuliskan ajakan untuk mewujudkanpesta demokrasi 2024yangamandan damai, Sabtu (30/12/2023). Ini dilakukan agar pelaksanaan Pemilu 2024 dapat terlaksana dengan aman, lancar, langsung, umum, bebas, rahasia, jujur dan adil.
Salah seorang pemuda peduli Pemilu damai di Salatiga, Dimas (23) mengatakan, baliho dan spanduk tersebut diantaranya dipasang di kawasan exit tol Tingkir, Isep-isep dan kawasan jalan lingkar selatan (JLS) Cebongan. Pemasangan baliho ini bertujuan untuk mengajak masyarakat untuk saling menghormati perbedaan pandangan politik serta tetap menjaga persatuan dan kesatuan bangsa.
""Disamping itu, juga untuk mengimbau masyarakat untuk waspada terhadap provokasi, berita hoax yang bisa menimbulkan hal tidak baik,"" katanya.
Editor : Tata Rahmanta"
https://medan.inews.id/read/407881/pamatwil-dan-asistensi-mabes-polri-monitoring-pengamanan-pemilu-2024-di-wilkum-polres-tebing-tinggi,"Rabu, 14 Februari 2024 | 21:10 WIB",Pamatwil dan Asistensi Mabes Polri Monitoring Pengamanan Pemilu 2024 di Wilkum Polres Tebing Tinggi,"Scan this QR or download app from:
TEBING TINGGI, iNewsMedan.id- Perwira Pengamat Wilayah (Pamatwil) dan Asistensi Pengamanan Pemungutan Suara Pemilihan Umum Tahun 2024 dariMabes Polrimengunjungi wilayah hukumPolres Tebing Tinggipada Rabu (14/2/2024) pukul 10.00 WIB.
Kehadiran Pamatwil disambut langsung Kapolres Tebing Tinggi AKBP Andreas Luhut Jaya Tampubolon, didampingi Wakapolres Kompol Asrul Robert Sembiring, Kabag Ops Kompol Yengki Deswandi, dan Kasat Lantas AKP Agnis Juwita.
Kunjungan itu dipimpin Ketua Tim Pamatwil Brigjen Pol Drs Mashudi selaku Auditor Sispamobvitnas Utama TK II Baharkam Polri didampingi Sekretaris Tim AKBP Sofyar Alvamino, selaku Kasubbagkamsis Bagduknis Rotekinfo Divtik Polri bersama Anggota Tim diantaranya, Danmen I Gegana Pasbrimob I Korbrimob Polri Kombes Pol Gunawan Tri Laksono, dan Anjak Madya Bidang Sabhara Baharkam Polri Kombes Pol Dheny Dariady.
Lewat kunjungannya, Tim Pamatwil melakukanmonitoringPengamanan Pemungutan Suarapemilihan Umum Tahun 2024 pada TPS 11,12,13,14 bertempat di Wisma Mangamputua, Jalan Dr Hamka, Kelurahan Durian, Kecamatan Bajenis, Kota Tebing Tinggi.
Kasi Humas Polres Tebing Tinggi, AKP Agus Arianto, mengatakan dari hasil pemantauan situasi aman terkendali dan masyarakat antusias mengikuti pemilihan umum.
""Salah seorang tokoh agama, Ustadz M Ridho juga menyampaikan testimoni tentang berlangsungnya pengamanan TPS yang sangat kondusif dan berterima kasih kepada petugas Polri yang melaksanakan pengamanan di TPS,"" pungkasnya.
Editor : Odi Siregar"
https://blitar.inews.id/read/407630/wasekjen-timnas-amin-anggia-ermarini-ajak-semua-orang-awasi-pemilu-dan-laporkan-kecurangan,"Rabu, 14 Februari 2024 | 14:02 WIB","Wasekjen Timnas Amin,  Anggia Ermarini Ajak Semua Orang Awasi Pemilu dan Laporkan Kecurangan","Scan this QR or download app from:
BLITAR,iNewsBlitar- Wakil Sekretaris Jenderal (Wasekjen) Timnas Capres nomor urut 1,Anis Baswedandan Muhaimin Iskandar (Amin), Anggia Ermarini mengajak semua orang mengawasiPemilu 2024. Tidak hanya mengawasi, ia juga mengajak untuk melaporkan ke pihak terkait jika ada pelanggaran dalam pelaksanaan Pemilu 2024.

Wanita yang juga menjabat sebagai anggotaDPR RIini mengaku, selama ini banyak mendapatkan laporan dari berbagai pihak adanya intimidasi terhadap beberapa pihak. ""Ada (intimidasi) saya mendapatkan masukan dan laporan, saya tidak pernah merasakan itu tapi pada pihak lain,"" ungkap Anggia Ermarini usai menyalurkan aspirasinya di TPS Desa Gaprang, Kecamatan Kanigoro, Kabupaten Blitar, Rabu (14/02/2024).

Ia mengajak seluruh masyarakat berani berbicara dan menyampaikan temuanya, jika ada temuan pelangaran dalam Pemilu. Anggota DPR RI dariPKBini meminta pesta demokrasi berjalan dengan adil dan harus dihormati oleh semua kalangan. ""Siapapun punya hak untuk memantau dan berteriak melalui jalurnya,"" ujarnya.

Anggia Ermarini juga mengajak semua kalangan baik masyarakat dan mematuhi semua aturan. ""Setiap hak yang dimiliki oleh setiap warga harus dihormati, siapapun harus bermain fair,"" tegasnya.

Sementara itu, terkait target untuk DPR RI dari Fraksi PKB, Anggia Ermarini menargetkan ada kenaikan jumlah kursi. PKB menargetkan 85 kursi saat ini 58 kursi DPR RI.

""Mudah-mudahan tercapai, ikhtiar sudah dilakukan menyapa warga dan memberikan manfaat pada warga juga sudah dilakukan,"" katanya.

Untuk Dapil 6 Jawa Timur meliputi Kota Blitar, Kabupaten Blitar, Kota Kediri, Kabupaten Kediri, dan Kabupaten Tulungagung PKB menargetkan ada penambahan kursi, yakni 3 kursi dari sebelumnya 2 kursi. ""Semoga saya kembali terpilih dan duduk serta dilantik,"" harapnya.
Editor : Robby Ridwan"
https://deliraya.inews.id/read/401498/ir-rudi-zulham-hasibuan-pemilu-serentak-2024-ajang-memperkokoh-persatuan-dan-kesatuan-bangsa,"Selasa, 30 Januari 2024 | 16:24 WIB",Ir. Rudi Zulham Hasibuan Pemilu Serentak 2024 Ajang Memperkokoh Persatuan dan Kesatuan Bangsa,"Scan this QR or download app from:
Medan, iNewsDeliRaya.id -Ir. Rudi Zulham Hasibuan KetuaDPW Partai PerindoSumutCaleg DPRD Dapil Sumut 1, Medan A, Ajak Anak Bangsa JadikanPemilu 2024Ajang Memperkokoh Persatuan dan Kesatuan Bangsa.
Menurutnya, Tinggal menghitung hari, pesta demokrasi bagi rakyat Indonesia akan dilangsungkan pada 14 Februari 2024 melalui Pemilihan Umum (Pemilu) Serentak. Pemilu 2024 inilah merupakan momentum yang sangat penting bagi anak bangsa memperkokoh persatuan dan kesatuan bangsa.
“Kita harus mengubah mindset, bahwa pemilu  awalnya dianggap sebagai ajang kontestasi politik dan perebutan kekuasaan, menjadi ajang memperkuat rasa kesatuan dan persatuan dari kebhinnekaan bangsa Indonesia,” kata Rudi, Selasa (30/1) sore.
Rudi menambahkan, bahwa dalam kegiatan  bazar murah minyak goreng bentuk keberagaman sebagai upaya pemberdayaan sektor usaha mikro, kecil dan menengah (UMKM) di Sumatera utara. Termasuk asuransi gratis bagi masyarakat Sumut.
Rudi menambahkan, Semua caleg-caleg di Partai Perindo memiliki program minyak goreng murah, memperkokoh persatuan dan kesatuan bangsa pada sektor pemberdayaan ekonomi dan tetap konsisten.
Editor : Sadam Husin"
https://www.inews.id/lifestyle/music/lirik-lagu-jingle-pemilu-2024-kita-memilih-untuk-indonesia,"Selasa, 23 Januari 2024 - 19:57:00 WIB",Lirik Lagu Jingle Pemilu 2024: Kita memilih untuk Indonesia,"Scan this QR or download app from:
JAKARTA, iNews.id-Lirik lagujingle Pemilu 2024ini diciptakan olehKikan Namara, vokalis band Cokelat, dan dirilis oleh Komisi Pemilihan Umum (KPU) pada 12 Januari 2024.
Lagu ini bertujuan untuk mengajak masyarakat menggunakan hak pilihnya dalam pemilu yang akan digelar pada 14 Februari 2024. Lagu JinglePemilu 2024ini juga mengandung pesan tentang pentingnya suara rakyat, prinsip-prinsip pemilu, dan integrasi bangsa


Berikut adalah lirik lagu jingle Pemilu 2024 ‘Memilih untuk Indonesia’
Tiba waktunya untuk gunakan hak pilih kitaSalurkan aspirasi bersama demi bangsaTeguh percaya suara kita sangat berhargaMenentukan arah masa depan Indonesia

Langsung umum bebas rahasiaJujur dan adilSebagai sarana integrasi bangsa"
https://bandungraya.inews.id/read/388250/guru-besar-unpad-muradi-nilai-tensi-politik-pemilu-2024-turun-masyarakat-dewasa-sikapi-hoaks,"Jum'at, 29 Desember 2023 | 16:55 WIB","Guru Besar Unpad Muradi Nilai Tensi Politik Pemilu 2024 Turun, Masyarakat Dewasa Sikapi Hoaks","Scan this QR or download app from:
BANDUNG, iNewsBandungRaya -Guru Besar Ilmu Pemerintahan Unpad ProfMuradimenilai tensi politik Pemilu 2024 menurun. Kondisi ini bukti masyarakat dewasa dan bijak dalam menyikapi hoaks.
""Saat ini di kampanye pemilu 2024 tidak ada black propaganda. Yang ada hanya nyindir menyindir, "" kata Prof Muradi, Jumat (29/12/2023).
Prof Muradi menyatakan, saat ini elite politik lebih dewasa menyikapi situasi di masyarakat. ""Kalau dilihat 2014 dan 2019 lalu, (Pemilu 2024) beda sekali. Saat ini tensi politik boleh saya bilang normal. Ini karena elite politik dewasa dan banyak memberikan edukasi, "" ujar Prof Muradi.
Hoaks yang beredar selama pelaksanaan Pemilu 2024, tutur Prof Muradi, jauh sekali intensitasnya dibandung pada Pemilu 2014 dan 2019. ""Sekarang ini hoaks bisa ditangani cepat ya. Masyarakat mention ke akun Polri, misalnya Kapolri, itu bisa langsung terungkap. Ini hasil dari edukasi dan literasi pemerintah kepada masyarakat yang masif tentang bagaimana mencegah hoaks,"" tutur dia.
Editor : Ude D Gunadi"
https://deliraya.inews.id/read/405970/pkn-sumut-gelar-aksi-pemilu-damai,"Sabtu, 10 Februari 2024 | 05:17 WIB",PKN Sumut Gelar Aksi  Pemilu Damai,"Scan this QR or download app from:
MEDAN, iNewsDeliRaya.id -Seratusan massa PKN (Pemuda Karya Nasional)Sumutmenggelar aksi damai di Bundaran Mayestik Jalan Gatot Subroto Medan, Selasa sore (6/2).
Pada aksi yang berlangsung, PKN se-Sumatera Utara menyampaikan pernyataan sikap mereka tentang Pemilu 2024 yang damai serta .
Hal ini juga sebagaimana disampaikan Ketua DPD PKN SumutMaruli Aner Siagian. Bahwa pada intinya, mereka ingin mengajak seluruh masyarakat agar mengikuti pesta demokrasi dengan menjaga keharmonisan.
""Bahwa PKN Sumut sangat mendukung TNI Polri serta seluruh lapisan masyarakat untuk mencipatakan Pemilu yang damai dan riang gembira tanpa perpecahan,"" katanya.
PKN, lanjut Maruli, juga siap membantu menjaga kondusifitas Sumatera Utara, khususnya Kota Medan sebagai ibukota Provinsi Sumut.
Sedangkan Ketua Harian DPC PKN Kota Medan Bobby Octavianus Zulkarnaini mengingatkan, agar selama mengikuti Pemilu 2024, tetap menjaga kondusifitas. Selain itu juga berharap agar Pemilu 2024 lebih mengedepankan harmonisasi.
mengingatkan kepada semua agar melakukan tahapan Pemilu 2024, mulai dari kampanye hingga hari pencoblosan dengan damai, tertib, dan taat hukum,""jelasnya.
Oleh karenanya, Bobby Octavianus mengajak semua  warga untuk menggunakan hak pilih dengan menjalankan segala ketentuan. bahwa suara rakyat yang menentukan. Suara rakyat yang menang,""ungkap Bobby.
Pada kesempatan itu, Bobby mengutarakan, bahwa seluruh masyarakat pasti menginginkan Pemilu yang bersih, transparan, tanpa kecurangan apa pun. ""Sekali lagi, mari semua pihak untuk berpesta demokrasi dengan damai,"" tutupnya.
Selain, Maruli Aner Siagian danBobby Octavianus Zulkarnain, hadir Ketua Harian DPD PKN Sumut Rendi Siagian, Ketua DPC PKN Medan Sutomo Tarigan, Sekretaris DPC PKN Medan Budi Dharma SH, dan unsur pengurus DPC PKN Medan M Mutohar. Hadir juga seluruh ketua dan pengurus PAC Kecamatan PKN Medan sekitarnya.Seluruh rangkaian aksi berlangsung lancar dan damai sampai kemudian massa membubarkan diri dengan tertib.
Editor : Sadam Husin"
https://probolinggo.inews.id/read/372143/10-larangan-pose-foto-diperagakan-asn-jelang-pemilu-2024,"Sabtu, 18 November 2023 | 19:28 WIB",10 Larangan Pose Foto Diperagakan ASN Jelang Pemilu 2024,"Scan this QR or download app from:
PROBOLINGGO, iNewsProbolinggo.id - Aparatur Sipil Negara (ASN), khususnya ASN di lingkunganPemerintahKabupaten Probolinggo. Dilarang melakukanposetertentu menjelangpemilu2024. Total ada 10 gaya pose yang dilarang diperagakan oleh seluruh ASN.
Kepala Kejaksaan Negeri (Kajari) Kabupaten Probolinggo David Palapa Duarsa mengatakan, 10 pose yang dilarang tersebut meliputi, pose dengan jari simbol hati ala korea, pose dengan menunjukkan jari jempol.
Lalu pose jari tangan dengan jumlah angka tiga, pose jari metal, pose dengan tangan membentuk pistol, pose dengan mengangkat jari telunjuk, pose tangan angka dua, pose tangan membentuk sedang telepon, pose dengan 5 atau 4 jari, dan pose membentuk simbol ok dengan angkat tiga jari.
""Intinya berpose dengan mengangkat jari atau pose yang mengarah pada ajakan untuk memilih salah satu parpol,"" terangnya, Sabtu (18/11/2023)
Laranganbatasanberpose bagi ASN itu sesuai dengan Surat Keputusan Bersama (SKB) lima pejabat negara, yang terdiri dari Mentri PANRB Abdullah Azwar, Menteri Dalam Negeri Tito Karnavian, PLT Kepala BKN Bima Haria Wibisana.
Kemudian Ketua Komisi ASN Agus Pramusinto, serta Ketua Badan Pengawas Pemilu (Bawaslu) Rahmad Bagja. Pada tanggal 22 September 2022 tentang Pedoman Pembinaan dan Pengawasan Netralitas pegawai ASN dlm penyelenggaraan Pemilu 2024.
""Tujuannya untuk menjaga netralitas ASN menjelang pemilu 2024 ini,"" katanya.
David menambahkan, jika selain berpose, ada larangan pula untuk memposting pada media sosial ketika berfoto dengan calon presiden dan wakilnya. Dan berfoto dengan tim sukses dengan latar belakang parpol ditambah memperagakan simbol parpol.
Editor : Ahmad Hilmiddin"
https://jabar.inews.id/berita/jelang-pemilu-2024-rsud-cianjur-siapkan-2-ruangan-rawat-inap-untuk-caleg-stres,"Sabtu, 25 November 2023 - 08:53:00 WIB","Jelang Pemilu 2024, RSUD Cianjur Siapkan 2 Ruangan Rawat Inap untuk Caleg Stres","Scan this QR or download app from:
CIAJUR, iNews.id-RSUD Cianjur, Jawa Barat (Jabar) menyiapkan dua ruangan rawat inap untuk calon legislatif yang stres lantaran tak lolos di Pemilu Legislatif (Pileg) 2024. Pihak rumah sakit juga menyiapkan tim dokter kejiwaan untuk pemeriksaan kesehatan.
Dari pantauan iNews, dua ruangan khusus itu sama dengan kamar pasien lainnya. Namun hanya ada satu kasur dan sofa untuk pasien.

""Kami menyiapkan untuk mereka yang rentan stres pasca Pileg,"" ucapnya Dirut RSUD Cianjur Irfan Nur Fauzy, Jumat (24/11/2023).
""Kami menyiapkan dokter jiwa dan psikolog siap untuk menerima konsultasi,"" katanya lagi.

Pihak RSUD Cianjur juga telah berkerja sama dengan RSJ di Bogor dan kota lainnya sebagai rujukan. Data RSUD Cianjur mencatat jika di pemilu tahun sebelumnya ada satu caleg yang mengalami gangguan jiwa berat akibat gagal dalam pemilihan. Pasien itu pun harus dirujuk ke RSJ di Kota Bogor.
Editor: Nani Suherni"
https://sragen.inews.id/read/402918/personil-terbatas-satpol-pp-sukoharjo-siap-bersinergi-amankan-pemilu-2024,"Jum'at, 02 Februari 2024 | 18:47 WIB","Personil Terbatas, Satpol PP Sukoharjo Siap Bersinergi Amankan Pemilu 2024","Scan this QR or download app from:
SUKOHARJO,iNewsSragen.id- Keterbatasan jumlah personil tidak membuatSatuan Polisi Pamong Praja(Satpol PP) Kabupaten Sukoharjo surut langkah dalam menegakkan Peraturan Daerah (Perda) dan Peraturan Bupati (Perbup), khususnya berkaitan dengan pengamananPemilu 2024saat ini.
Menyambut HUT ke-74 yang dimeriahkan dengan kegiatan jalan sehat, Plt Kepala Satpol PP Sukoharjo Heru Indarjo mengakui bahwa jumlah personel Satpol PP Sukoharjo masih kurang, terutama jika dibandingkan dengan rasio jumlah penduduk dan Perda yang harus ditegakkan.
""Ke depan kami berharap ada penambahan personel. Kami juga berharap semua pejabat dan anggota Satpol PP memahami tugasnya dan selalu bersinergi dengan TNI-Polri untuk menjaga pelaksanaan Pileg dan Pilpres 2024 aman, tertib, dan sukses,"" kata Heru disela acara jalan sehat, Jum'at (2/2/2024)
Dalam kegiatan itu, selain dalam rangka menyambut HUT ke-74 Satpol PP juga dalam rangka HUT ke-62 Satlinmas, dan HUT ke-105 Pemadam Kebakaran (Damkar). Oleh karenanya peserta tidak hanya anggota Satpol PP termasuk didalamnya Damkar saja, tapi juga diikuti anggota Linmas se-Kabupaten Sukoharjo.
Editor : Joko Piroso"
https://cilegon.inews.id/read/393467/viral-presiden-soeharto-hidup-lagi-ajak-masyarakat-coblos-di-pemilu-2024,"Kamis, 11 Januari 2024 | 15:48 WIB","Viral Presiden Soeharto Hidup Lagi, Ajak Masyarakat Coblos di Pemilu 2024","Scan this QR or download app from:
CILEGON,iNewsCilegon.id-ViralPresiden kedua RI Soeharto ‘hidup’ lagi dalam video deepfake kecerdasan buatan (AI), yang diunggah dalam akun media sosial belum lama ini. Dalam unggahan video,Presiden Soehartomenyerukan ajak masyarakat untuk mencoblos diPemilu 2024, yang akan dilaksanakan pada 14 Februari mendatang.
Hal itu terungkap dalam video yang diunggah oleh Wakil Ketua Umum Partai Golkar Erwin Aksa di akunnya. Minggu (7/1/2024). Dalam caption unggahannya, Erwin Aksa menyebut bahwa video tersebut adalah hasil rekayasa teknologi kecerdasan buatan (AI).
Dalam video, mendiang Presiden Soeharto tampak menggunakan peci dan baju batik warna cokelat mengajak kepada seluruh masyarakat Indonesia agar datang ke tempat pemungutan suara (TPS) pada 14 Februari 2024.
“Pada 14 Februari 2024 kita akan berkumpul untuk menentukan nasib bangsa kita. Kita akan memilih wakil rakyat yang punya kemampuan untuk mendengar, dan mewujudken aspirasi masyarakat,” ucap Presiden Soeharto dengan logat khasnya yang dibuat dengan menggunakan rekayasa teknologi AI.
Tak hanya berisi ajakan untuk mencoblos, dalam video itu juga Presiden kedua Republik Indonesia ini sempat menyinggung partai tertentu dan kelanjutannya soal mimpi tentang kemajuan Indonesia.
“Saya Presiden Soeharto, Presiden Indonesia yang kedua, mengajak Anda untuk memilih wakil rakyat,” sambungnya.
Editor : M Mahfud"
https://pringsewu.inews.id/read/392522/camat-pringsewu-moudy-ary-nazolla-ingatkan-asn-agar-tetap-netral-pemilu-2024,"Selasa, 09 Januari 2024 | 14:18 WIB",Camat Pringsewu Moudy Ary Nazolla Ingatkan ASN agar Tetap Netral Pemilu 2024,"Scan this QR or download app from:
PRINGSEWU,iNewsPringsewu.id-Menjelang Pemilu 2024,Camat Pringsewu, Moudy Ary Nazolla, menegaskan pentingnya netralitas bagi seluruh Aparatur Sipil Negara (ASN) di wilayahnya. Dalam arahannya, Moudy mengingatkan ASN untuk tidak menunjukkan keberpihakan melalui gestur tubuh, menyelenggarakan kampanye, atau terlibat sebagai tim kampanye.
""Netralitas harus diutamakan, tidak memihak kemanapun. Kita sebagai ASN harus fokus dalam melayani masyarakat dengan pelayanan publik yang baik,"" tegasnya.
Moudy juga menekankan bahwa ASN tidak boleh mengajak atau memobilisasi masyarakat untuk memilih partai politik demi kepentingan pribadi. Upaya menjaganetralitas ASNmenjadi kunci dalam menjalankan proses Pemilu dengan integritas dan profesionalisme.
Camat Pringsewu menghimbau masyarakat untuk aktif dalam Pemilu dan menghindari golput. Ia menekankan perlunya sukseskan Pemilu pada 14 Februari 2024 dengan partisipasi yang tinggi.
""Kita perlu sukseskan Pemilu dengan tidak golput. ASN diharapkan tetap netral dan aktif mengawasi media sosial serta aspek lainnya untuk menjaga kinerja yang baik,"" tambah Moudy.
Upaya memastikan netralitas ASN dalam Pemilu juga melibatkan pengawasan terhadap berbagai media sosial dan aspek lainnya, dengan tujuan memastikan kinerja yang transparan dan adil selama proses Pemilu berlangsung.
Editor : Indra Siregar"
https://jatim.inews.id/berita/yenny-wahid-tegaskan-ponpes-tebuireng-jombang-netral-di-pemilu-2024,"Rabu, 07 Februari 2024 - 16:51:00 WIB",Yenny Wahid Tegaskan Ponpes Tebuireng Jombang Netral di Pemilu 2024,"Scan this QR or download app from:
PASURUAN, iNews.id- Zannuba Ariffah Chafsoh atauYenny Wahidmembantah pemberitaan yang menyebutkan Pondok Pesantren (Ponpes) Tebuireng, Kabupaten Jombang, Jawa Timur mendukung pasangan capres-cawapres nomor urut 02, Prabowo Subianto-Gibran Rakabuming Raka. Putri Presiden ke-4 RI KH Abdurahman Wahid itu menegaskan posisiPonpes Tebuirengnetral.
Yenny Wahid mengatakan, dirinya sudah berkomunikasi langsung dengan pengasuh ponpes tersebut, yakni Kiai Haji Abdul Hakim Mahfudz alias Gus Kikin.

""Posisi Ponpes Tebuireng saat ini adalah netral. Jadi tidak betul kalau ada yang mengatasnamakan Pondok Pesantren Tebuireng dan mengatakan mendukung paslon 02,"" kata Yenny Wahid di Pasuruan, Rabu (7/2/2024).
Menurutnya, kalau ada keluarga Ponpes Tebuireng yang mendukung paslon teretentu, hal itu dipastikan sikap pribadi, tidak mengatasnamakan Ponpes Tebuireng. Ini termasuk dirinya yang menjadi Dewan PenasihatTPNPaslon 03Ganjar-Mahfud.

""Kalau pribadi silakan saja, tapi jangan mengatasnamakan Pondok Pesantren Tebuireng. Saya juga keluarga besar Ponpes Tebuireng, tapi ketika beraktivitas politik di luar sana dan sudah jelas dukungan kita di paslon 03.""
""Saya tidak akan mengatasnamakan Ponpes Tebuireng karena kita menjaga marwah dan kehormatan dari Ponpes Tebuireng. Jangan dibawa-bawa ke urusan politik praktis,"" katanya.

Editor: Maria Christina"
https://ciamisraya.inews.id/read/382350/pepi-tomy-sudrajat-ajak-relawan-menangkan-pemilu-2024-untuk-perubahan,"Kamis, 14 Desember 2023 | 15:20 WIB",Pepi Tomy Sudrajat Ajak Relawan Menangkan Pemilu 2024 untuk Perubahan,"Scan this QR or download app from:
CIAMIS, iNewsCiamisRaya.id- Calon Legislatif (Caleg) Dewan Perwakilan Rakyat (DPR) Republik Indonesia di daerah pemilihan Jawa Barat X, Pepi Tomy Sudrajat mengajakrelawanmenjaga solidaritas dan saling mendukung untuk mencapai tujuan bersama yakni ciptakan Indonesia yang lebih baik.
Hal itu diucapkan Pepy saat menghadiri acara deklarasai relawan pemanis tingkat Kecamatan di gedung Dakwah Kecamatan Rancah,Kabupaten Ciamis, Jawa Barat, Kamis, (14/12/2023).
Caleg DPR RI Jabar X dari Partai Nasdem itu mengajak seluruh relawan dan simpatisan di wilayah kabupaten Ciamis bahu membahu untuk memenangkan capres yang diusung partainya.
""Pasangan capres kita harus menang, begitu juga dengan para caleg dari partai koalisi harus didukung oleh seluruh relawan, agar bisa mengawal program perubahan,""kata Pepi kepada wartawan, Kamis (14/12/2023).
""Saya juga ingin seluruh relawan juga turut menyukseskan para caleg dari partai koalisi baik di tingkat daerah, provinsi maupun pusat di pemilu yang akan dilaksanakan pada14 Februari 2024 nanti,"" sambungnya.
Ketua Relawan Pemanis wilayah Priangan Timur Muhammad Syarif Hidayat mengatakan, pihaknya sudah sangat optimis untuk memenangkan pasangan capres mereka padaPilpres 2024mendatang.
Editor : Asep Juhariyono"
https://banten.inews.id/read/394764/h-gufron-mantan-anggota-dprd-kota-cilegon-maju-kembali-dalam-pemilu-2024,"Minggu, 14 Januari 2024 | 22:31 WIB",H. Gufron Mantan Anggota DPRD Kota Cilegon Maju Kembali Dalam Pemilu 2024,"Scan this QR or download app from:
CILEGON,iNewsBanten- H. Gufron kembali maju sebagai calon legislatif DPRD Kota Cilegondalam Pemilu2024 yaitu pada tanggal 14 Februari 2024. Kini H. Gufron maju melalui Partai Demokrat dari dapil l (Jombang-Purwakarta).
""H. Gufron maju ke DPRD Kota Cilegon atau nyaleg kembali dari dapil Jombang-Purwakarta,"" kata H. Gufron, Minggu (14/1/2024).
Diketahui, H. Gufron pada periode 2019-2024 mampu meraih dan unggul dipartai internalnya di dapil l (Jombang-Purwakarta) dan sudah teruji. Hanya saja waktu itu dia bersama Partai Gerindra.
Menurutnya, dengan merapatnya (H.Gufron Caleg, Red) ke Demokrat in shaa allah turut menambah kekuatan partai pada saat ini, Paparnya.
Editor : Mahesa Apriandi"
https://cilegon.inews.id/read/379504/apk-pps-pemilu-2024-palsu-beredar-di-jagat-maya-masyarakat-diminta-waspada,"Kamis, 07 Desember 2023 | 12:50 WIB","Apk PPS Pemilu 2024 Palsu Beredar di Jagat Maya, Masyarakat Diminta Waspada","Scan this QR or download app from:
Cilegon, iNews Cilegon.id- Baru-baru ini warganet dihebohkan dengan beredarnya sebuah pesan berantai pada platformWhatsAppberisi file aplikasi android berekstensi APK. File tersebut diberi nama ""PPS PEMILU 2024"".
Faktanya, file apk yang beredar tersebut merupakan modus penipuan. Pemerintah Kabupaten Sukoharjo melalui akun X/Twitter resminya @sukoharjo_kab memberikan klarifikasi bahwa fileapk PPS PEMILU 2024tersebut mirip dengan modus penipuan apk undangan pernikahan.
Dilansir iNewsCilegon.id dari akun instagram @divisihumaspolri, Kamis (7/12/2023), aplikasi tersebut adalah salah satu upaya penipuan dengan cara membobolmobile bankingcalon korban. Ketika di-install, aplikasi tersebut akan meminta akses Short Message Service (SMS).
Dari sini pelaku sudah mendapatkan username dan password mobile banking korban yang didapat dari kebocoran data yang ketika dilakukan log in mobile banking akan mengirimkan kode One Time Password (OTP) melalui SMS yang nantinya dapat dibaca oleh pelaku melalui aplikasi yang telah terpasang tersebut.
Untuk menghindari risiko seperti ini, masyarakat disarankan untuk memasang aplikasi hanya dari toko aplikasi resmi, seperti Google Play Store atau App Store.
Editor : M Mahfud"
https://karawang.inews.id/read/398807/undangan-pernikahan-mirip-surat-suara-pemilu-dipenuhi-foto-keluarga-kok-bisa,"Rabu, 24 Januari 2024 | 11:27 WIB","Undangan Pernikahan Mirip Surat Suara Pemilu Dipenuhi Foto Keluarga, Kok Bisa?","Scan this QR or download app from:
JAKARTA,iNewsKarawang.id-Undangan hajatan pernikahan miripsurat suara pemiluatau pemilihan umum, videonya beredarviral.
Terlebih desainundangan pernikahantersebut dipenuhi foto anggota keluarga dari kedua mempelai.
Video viral itu diunggah akun TikTok @punyaiyaaa_, memperlihatkan penampakan undangan hajatan pernikahan itu memang tidak seperti biasanya. Di kartu undangan hajatan ini terdapat foto semua keluarga, warganet pun dibuat heran.
Awalnya sekilas tidak ada yang salah dengan undangan hajatan pernikahan tersebut. Diketahui pemilik hajat bernama Mukamar dan Lilik. Ia merupakan warga Balesari, Ngajum, Malang, Jawa Timur.
Ternyata keluarga pendamping dari kedua belah pihak mempelai pernikahan pun dicantumkan. Tampak foto dari keluarga yang terpampang di kartu undangan mirip surat suara pemilu itu.
Ternyata setelah dibuka secara penuh, penampakan kerabat dari pihak yang mempunyai hajatan cukup banyak. Foto-foto semua kerabat tersebut dicantumkan di kartu undangan.
Hal ini sukses membuat heran para penerima undangan. Tidak heran jika sampai viral di linimasa media sosial.
Netizen yang menyaksikan video viral undangan hajatan pernikahan mirip surat suara pemilu ini pun memberi komentar beragam.
""Yang nikah malah nggak ada fotonya,"" tulis pemilik akun @ndoroayu***** di kolom komentar.
""Sek ta, undangan opo surat suara?"" tanya @dianoktaviani*****.
""Effort bngt ngumpulin fotonya,"" ungkap @mikabikinkado*****.
""Ini undangan versi seperti orang orang zaman dulu di desa, soalnya pernah liat gw waktu masih SD di desa gw,"" komentar @a*****.
""Ng daerah ku sek usum undangan ngno kui,"" pungkas @sitial*****.
Wallahu a'lam bisshawab.
Editor : Boby"
https://surabaya.inews.id/read/342479/smp-bina-karya-surabaya-pilih-ketua-osis-dengan-sistem-pemilu,"Rabu, 06 September 2023 | 18:01 WIB",SMP Bina Karya Surabaya Pilih Ketua OSIS dengan Sistem Pemilu,"Scan this QR or download app from:
SURABAYA, iNewsSurabaya.id- Organisasi Siswa Intra Sekolah (OSIS)SMP Bina Karya Surabayamemiliki cara unik untuk memilih Ketua dan Wakil Ketua OSIS Periode 2023-2024, Rabu (6/9/2023).
Pemilihan diadakan sesuai dengan tata cara seperti pemilihan presiden atau kepala daerah di Indonesia dengan pencoblosan secara langsung.
Adapun yang mempunyai hak pilih adalah seluruh peserta didik Kelas VII, VIII dan IX sebanyak 210 siswa. Serta kepala sekolah, wakil, guru dan staf sejumlah 21 orang.
Carapemilihan ketua OSISdan wakil ketua ini dimulai pukul 12.30 WIB dan dilaksanakan di halaman SMP Bina Karya di Jalan Tambak Asri 133.
Pemilihan ketua dan wakil ketua OSIS ini cukup menarik, karena sebelum pencoblosan, masing-masing calon diberi kesempatan untuk berkampanye dengan menyampaikan visi dan misi. Serta ada sesi debat antar calon.
Dua kandidat yang bertarung memperebutkan jabatan sebagai Ketua dan Wakil OSIS adalah Zaskia Ningrum dan Azzila Vela Melana yang mendapatkan nomer urut 1 dari Partai Aspirasi Siswa.
Sedangkan kandidat nomer urut 2 adalah Dony Hendra Prasetya dan Danny Marco dari PartaiDemokrasiSiswa.
Muhammad Bagus Solichin, S.Pd selaku Kepala Sekolah sengaja ingin mengajarkan siswanya untuk belajar berdemokrasi sedari dini. Termasuk memperkenalkansistem Pemiludengan cara mencoblos dan menggunakan hak pilihnya.
""Semoga ke depannya, ada dari mereka (siswa) yang menjadi pejabat pemerintahan, menteri bahkan Presiden,"" harap Bagus.
Hal senada juga diungkapkan Daniel Lukas Rorong, Wakil Sekretaris Yayasan Bina Karya yang ikut hadir dan memantau selama acara berlangsung.
Daniel mengapresiasi siswa-siswi SMP Bina Karya yang sudah belajar sistem berdemokrasi meski masih duduk di bangku SMP.
""Bahkan saya melihat sendiri, antar kandidat bisa duduk bareng bahkan becanda selama pemungutan suara berlangsung. Ini bisa dicontoh oleh seluruh kandidat yang kan mju sebagai Calon Presiden, Calon Kepala Daerah atau bahkan Calon Anggota Legislatif (Caleg) agar tetap rukun dan bisa bersaing secara sehat,"" tegas Daniel.
Sementara itu, hasil akhir penghitungan suara, kandidat nomer urut 2 yakni Dony Hendra Prasetya dan Danny Marco dari Partai Demokrasi Siswa berhasil menang mutlak dengan perolehan sebanyak 166 suara.
Sedangkan kandidat nomer urut 1 yakni Zaskia Ningrum dan Azzila Vela Melana dari Partai Aspirasi Siswa mendapatkan 62 suara. Dan ada 2 suara yang tidak sah dikarenakan mencoblos keduanya.
Usai memgetahui hasil akhir pemilihan, Dony Hendra Prasetya sellau Ketua OSIS terpilih mengucapkan terima kasih atas kepercayaan yang diberikan.
""Semoga saya bisa amanah dan bisa mengajak teman-teman untuk membangun almamater tercinta ke depannya menjadi lebih baik lagi,"" ujarnya dalam kata sambutan.
Editor : Ali Masduki"
https://www.inews.id/news/nasional/sejarah-pemilu-di-indonesia-dari-masa-ke-masa-yuk-pahami,"Jumat, 03 November 2023 - 18:54:00 WIB","Sejarah Pemilu di Indonesia dari Masa ke Masa, Yuk Pahami!","Scan this QR or download app from:
JAKARTA, iNews.id –Sejarahpemiludi Indonesia penting untuk diketahui. Pasalnya,pemilihan umumatau pemilu menjadi pilar utama Indonesia sebagai negara demokrasi ketika memilih pemimpin.
Terlebih, pesta demokrasi akan segera digelar pada 2024 mendatang. Komisi Pemilihan Umum telah menetapkan Pemilihan Umum (Pemilu) akan dilaksanakan pada 14 Februari 2024.


Nantinya masyarakat Indonesia akan menggunakan hal pilihnya untuk memilih calon presiden, calon wakil rakyat hingga kepala daerah secara serentak pada Pemilu 2024.
Menarik untuk disimaksejarah pemiludi Indonesia yang telah mengalami berbagai perubahan dan evolusi sejak masa kolonial hingga era modern. Berikut ini ulasannya, dikutip dari berbagai sumber, Jumat (3/11/2023).

Sejarah pemilu (pemilihan umum) di Indonesia dimulai pada tahun 1955. Seiring perjalanan waktu, pemilihan anggota legislatif (pileg) dan pemilihan presiden dan wakil presiden pun digelar serentak."
https://banjarnegara.inews.id/read/341191/lindu-aji-banjarnegara-tetap-kompak-siap-bersinergi-dan-sukseskan-pemilu-2024,"Minggu, 03 September 2023 | 18:49 WIB","Lindu Aji Banjarnegara Tetap Kompak, Siap Bersinergi dan Sukseskan Pemilu 2024","Scan this QR or download app from:
BANJARNEGARA,iNewsBanjarnegara.id-Sebagai organisasi kemasyarakatanLindu Aji Banjarnegarasiapbersinergidengan pemerintah dan menyukseskan gelaranPemiluserentak yang akan dilaksanakan pada 14 Februari 2024.
Hal ini diungkapkan oleh Ketua DPC Lindu Aji Banjarnegara M Arif Bruri Widodo saat perayaan HUT Lindu Aji Banjarnegara ke 4 di ObjekWisata Kalionggok, Desa Adipasir, Kecamatan Rakit, Banjarnegara, Minggu (3/9/2023).
Menurutnya, terjadinya gesekan antar organisasi kemasyarakatan yang terjadi satu faktornya karena kurangnya komunikasi dan lunturnya sikap kegotong royongan. Untuk itu, DPC Lindu Aji Banjarnegara mengajak semua anggota untuk tetap kompak dan menjagakesatuan dan persatuan, termasuk bersinergi dengan pemerintah dan menyukseskan Pemilu serentak 2024 yang aman dan damai.
""Lindu Aji Banjarnegara tidak kemana-mana, tetapi kami ada dan siap untuk bersinergi dengan pemerintah demi suksesi Pemilu yang aman dan damai,"" katanya.
Lindu Aji merupakan organisasi kemasyarakatan yang siap untuk bersinergi dengan pemerintah demi mewujudkan kebersamaan dan keutuhan NKRI, kebersamaan dan suksesiPemilu 2024menjadi tanggungjawab semua, sehingga semua memiliki tanggungjawab dalam menyukseskan gelaran Pemilu serentak 2024 yang aman, damai, dan demokratis.
""Lindu Aji tetap netral dalampesta demokrasi2024, anggota kami juga banyak yang terjun ke partai politik yang berbeda, namun mereka tetap bersatu dalam wadah Lindu Aji. Untuk itu, kmai menegaskan bahwa Lindu Aji Banjarnegara tetap netral dan siap bersinergi demi suksesi Pemilu 2024,"" ujarnya.
Sebagai organisasi kemasyarakatan di Banjarnegara yang memasuki usia 4 tahun, Lindu Aji terus mengedepankan guyub rukun. Dia juga mengajak semua anggota Lindu Aji Kabupaten Banjarnegara untuk terus berkarya agar bisa lebih bermanfaat lagi bagi masyarakatnya Kendal.
Tak hanya itu, dia juga mengajak seluruh aggota Lindu Aji untuk bersinergi dengan pemerintah daerah dalam menjaga kondusifitas wilayah dan mengisi pembangunan dengan sikap kegotong royongan.
Editor : Adel"
https://www.inews.id/news/nasional/kpu-dan-bawaslu-upayakan-pemilu-2024-ramah-disabilitas/2,"Jumat, 15 September 2023 - 17:51:00 WIB",KPU dan Bawaslu Upayakan Pemilu 2024 Ramah Disabilitas,"Scan this QR or download app from:

Bawaslu menegaskan partisipasi penyandang disabilitas dalam menggunakan hak pilihnya mengalami tren kenaikan. Namun, acapkali masih ditemukan layanan pemilu yang tidak ramah atau akses bagi penyandang disabilitas. Pada Pemilu 2019 misalnya, 2.366 TPS masih sulit dijangkau pemilih penyandang disabilitas.
Perlindungan hukum hak pilih bagi penyandang disabilitas telah ditegaskan dalam Pasal 27 Ayat (1), Pasal 28D Ayat (3), dan pasal 28E Ayat (3) UUD 1945. Demikian halnya dengan ketentuan Pasal 43 Ayat (1) UU Nomor 39 Tahun 1999 tentang HAM, UU Nomor 8 Tahun 2016 tentang Penyandang Disabilitas, dan ketentuan teknis yang diatur dalam UU Nomor 7 Tahun 2017 tentang Pemilu. Para penyandang disabilitas merupakan bagian dari warga negara Indonesia yang berhak terlibat aktif dalam berkehidupan politik.
Sementara itu terkait dengan pemilih disabilitas, KPU telah mempersiapkan fasilitas dan pelayanan yang terbaik untuk pemilih disabilitas agar dapat memberikan hak suara dengan mudah dan nyaman pada Pemilihan Serentak 2024. Contohnya lokasi Tempat Pemungutan Suara (TPS) yang mudah dijangkau bagi pengguna kursi roda serta bagi pemilih tunanetra bisa membawa pendamping yang telah memenuhi persyaratan dan menandatangani formulir C3 yang merupakan surat pernyataan pendamping diizinkan.
Deputi Bidang Dukungan Teknis Komisi Pemilihan Umum (KPU), Eberta Kawima mengatakan, dalam rangka menuju Pemilu 2024 yang ramah bagi penyandang Pemilih disabilitas, yaitu memberikan sosialisasi dan edukasi kepada para penyandang disabilitas tentang urgensi dan tata cara menggunakan hak suara.
Selanjutnya, kata Eberta Kawima, KPU menyediakan akses yang aman bagi penyandang disabilitas untuk datang ke Tempat Pemungutan Suara (TPS). Kemudian mengadakan pelatihan untuk petugas KPU di seluruh daerah agar bisa melayani pemilih disabilitas dengan baik. “Memberikan edukasi kepada masyarakat. Lalu, sediakan akses yang bikin mereka nyaman untuk ke TPS,” katanya.
Seperti diketahui, pada Pemilihan Presiden 2019 lalu, KPU mencatat terdapat setidaknya lima wilayah dengan partisipasi pemilih disabilitas terendah. Daerah tersebut antara lain, yaitu Papua Barat, Lampung, Kepulauan Bangka Belitung, Bali, dan Jawa Tengah.
Editor: Rizqa Leony Putri"
https://bali.inews.id/berita/bawaslu-badung-awasi-kedatangan-logistik-pemilu-serentak-2024,"Jumat, 13 Oktober 2023 - 19:28:00 WITA",Bawaslu Badung Awasi Kedatangan Logistik Pemilu Serentak 2024,"Scan this QR or download app from:
BADUNG, iNews.id -Dua truk yang membawalogistik Pemilu2024 berupa bilik suara telah sampai di Gudang Logistik milik KPU KabupatenBadung, Jumat (13/10/2023). Logistik itu dikirim dari Kota Surabaya ke Gudang KPU yang beralamat di Jalan Gatot Subroto Barat, Denpasar.
Terdata jika dua truk itu membawa 5.940 buah bilik suara khusus Kabupaten Badung. Logistik itu dikirim secara bertahap.

Truk pertama membawa 5.620 bilik suara tiba pukul 09.15 WITA dan disusul truk kedua membawa 320 bilik suara tiba pukul 11.05 WITA.
Bilik suara diterima oleh KPU Badung dengan supervisi oleh Kabag KPU Provinsi Bali, Santi Coparida bersama dua jajaran stafnya. SementaraBawasluKabupaten Badung sebagai lembaga pengawas, turut hadir langsung mengawasi proses penerimaan logistik berupa bilik suara tersebut.
Editor: Nani Suherni"
https://blitar.inews.id/read/333070/cerita-pemilu-1955-hoaks-peracunan-massal-hingga-serangan-siluman-kuning-hantui-coblosan-suara,"Selasa, 15 Agustus 2023 | 12:14 WIB","Cerita Pemilu 1955, Hoaks Peracunan Massal Hingga Serangan Siluman Kuning Hantui Coblosan Suara","Scan this QR or download app from:
BLITAR,iNewsBlitar-Hoaksatau kabarbohongternyata sudah ada sejak Pemilihan Umum 1955.Pemilu 1955merupakan pemilu langsung pertama di Indonesia di manaPNI,NU, PartaiMasyumidanPKImenjadi lima partai politik yang meraup suara terbesar.
Beberapa hari jelang pemungutan suara 29 September 1955, beredarisuyangmencekammasyarakat, yakni terutama di wilayahJawaTimur dan Jawa Tengah. Semua isu yang menggelisahkan rakyat itu terkait dengan pemilu.
“Di beberapa tempat desas-desus yang berkembang tidak jelas. Di tempat-tempat lain kisah yang beredar lebih rinci,” demikian dikutip dari buku Pemilihan Umum 1955 di Indonesia (1999).
Salah satu isu hoaks yang lebih rinci itu adalah adanya kabar pendaratan kapal selam, yang itu tidak terjelaskan maksud dan tujuannya. Kemudian juga kabar datangnya orang-orang kulit putih.
Mereka diisukan turun dari gunung-gunung dan itu membuat rakyat tercekam. Sebab orang-orang putih itu seolah hendak melakukan penyerangan. “Dan mengenai (isu) serangan dari balatentarasiluman berpakaian kuning”.
Isu hoaks jelang pemilu 1955 itu berhembus kencang. Beriring dengan itu, di sejumlah daerah di Jawa muncul kabar adanya para penjaja jimat untuk pemilu. Mereka menawarkan ramuan-ramuan khusus kekebalan untuk pemilihan umum.
Kemudian juga kabar adanya pedagang yang beramai-ramai melakukan aksi penimbunan barang kebutuhan pokok. Kabar itu disusul isu di beberapa tempat terpencil, penduduk berebut di rumah gadai.
Diduga ada upaya dari pihak tertentu untuk menciptakan situasi keruh yang berujung terjadinya konflik horizontal.
Yang paling menonjol dari desas-desus yang mencemaskan publik seluruh Jawa itu adalah kabar adanya aksiperacunananggota parlemen. Isu tidak jelas sumbernya itu menimbulkan ketakutan di mana-mana.
Akibatnya muncul kasus kekerasan di sejumlah daerah, yakni di mana beberapa penjaja makanan dipukuli karena dituduh hendak melakukan aksi peracunan. Kasus ini dibahas secara serius di tingkat parlemen.
Lembaga bakteriologi Eyckmann di Rumah Sakit Umum Pusat Jakarta selama empat hari menerima lebih 600 contoh makanan yang diduga telah diracuni. Hasilnya, tidak ada satupun sampel makanan yang mengandung racun.
Beberapa partai politik sebelumnya mendapat tuduhan berada di belakang operasi peracunan itu. Mereka juga disangka melakukan penyebaran isu peracunan yang tidak benar tersebut.
“Tetapi bukti-bukti memperlihatkan penyebab utamanya adalah ketegangan yang ditimbulkan keadaan sosial”.
PemerintahanSoekarnoatauBung Karnoberusaha meredam isu atau desas-desus yang mencemaskan rakyat dengan seruan tetap tenang melalui radio. Namun yang dilakukan pemerintah tidak sepenuhnya berhasil.
Ketegangan sosial tetap terjadi. Ketegangan diperparah dengan adanya satuan-satuan tentara yang bergerak di kota-kota besar, kecil dan setiap jalan besar beberapa hari jelang 29 September 1955.
Di beberapa daerah bahkan berlaku jam malam tidak resmi, yakni dua atau tiga malam sebelum pemungutan suara. Di sejumlah tempat, toko-toko dan pasar-pasar di kota-kota dan desa-desa tutup setelah tengah hari pada 28 September 1955.
“Di beberapa tempat, suasana tenang dan sepi digambarkan tidak ubahnya seperti suasana habis serangan udara,” demikian dikutip dari Pemilihan Umum 1955 di Indonesia.
Kendati diwarnai situasi sosial yang mencekam karena hoax, pemilu 1955 berlangsung lancar. Secara nasional PNI meraup suara tertinggi yakni, 8.434.653 suara. Tempat kedua disusul Masyumi sebanyak 7.903.866 suara, NU sebanyak 6.955.141 suara, PKI sebanyak 6.176.914 suara dan PSII sebanyak 1.091.160 suara.
Sementara perolehan suaraPSI(Partai Sosialis Indonesia) berada di urutan ke-8, yakni sebanyak 753.191 suara.
Editor : Solichan Arif"
https://medan.inews.id/read/359357/fisip-usu-bahas-potensi-polarisasi-jelang-pemilu-2024,"Kamis, 19 Oktober 2023 | 14:20 WIB",Fisip USU Bahas Potensi Polarisasi Jelang Pemilu 2024,"Scan this QR or download app from:
MEDAN, iNewsMedan.id-Fakultas Ilmu Sosial dan Ilmu Politik (FISIP) Universitas Sumatera Utara (USU) bersama Badan Eksekutif Mahasiswa (BEM) menggelar Diskusi Kepemiluan mengusung tema ""Potensi Polarisasi DalamPemilu 2024"" di AulaFISIP USURabu (18/10/2023).
Diskusi ini menghadirkan Dekan FISIP USU, Hatta Ridho, Ketua KPU Sumut Agus Arifin, Sekretaris DPD Partai Gerindra Sumut, Sugiat Santoso, Sekretaris DPD PDI Perjuangan Sumut Sutarto, Ketua Dewan Pakar DPW Partai NasDem Sumut, Rahudman Harahap, Pengurus DPD Partai Demokrat Sumut Chairil Huda dan Ketua Ikatan Mahasiswa Doktor Ilmu Komunikasi USU, Irsan Mulyadi, sebagai pemateri
Dekan FISIP USU Hatta Ridho mengatakan diskusi ini digelar untuk mengedukasi mahasiswa dan juga pemilih pemula jelang Pemilu 2024.
""Kita mengundang pengurus parpol di sini untuk membahas apakah Sumut yang heterogen ini memiliki potensi polarisasi? Forum ini bukan forum kampanye, melainkan sebuah dialog. Mari saling mengingatkan bahwa polarisasi politik itu tidak baik,” katanya.
Menurut Hatta Ridho hal yang dapat memicu polarisasi ada tiga. Di antaranya adalah tergantung pada delegasi politik, narasi yang dibangun, sampai regulasi penyelenggara.
“Jika masyarakat terbelah susah untuk menyatukannya kembali” tambahnya.
Ketua BEM FISIP USU Haris M Hasibuan menjelaskan bahwa diselenggarakannya acara ini berawal dari keresahan mahasiswa, seperti pada pemilu lima tahun lalu yang memunculkan istilah “cebong” dan “kampret” dari masing-masing kubu politik.
""Apa yang kami resahkan yakni menyangkut persoalan kebangsaan. Jujur, kami resah jika pasca pemilu ada gap dan polarisasi masyarakat. Atas keresahan ini lah kami buatlah acara yang memuat pendapat dari stake holder dan para pelaku politik"" katanya.
Editor : Ismail"
https://papua.inews.id/berita/konsolidasi-partai-perindo-jayapura-rapatkan-barisan-untuk-menangkan-pemilu-2024/2,"Rabu, 20 September 2023 - 19:41:00 WIT","Konsolidasi Partai Perindo Jayapura, Rapatkan Barisan untuk Menangkan Pemilu 2024","Scan this QR or download app from:


Ketua Badan Pemenangan Pemilu (Bappilu) Partai Perindo Kota Jayapura Saling menambahkan, rakor ini sekaligus untuk penguatan kepada seluruh anggota yang ada. Termasuk bacaleg yang pada setiap tingkatan diberikan beban untuk mencapai tujuan Partai Perindo yang dipimpin oleh Ketua Umum Partai Perindo Hary Tanoesoedibjo dan mendukung Bacapres Pemilu 2024 Ganjar Pranowo.
""Kami berharap seluruh bacaleg dapat memberikan pemikiran atau masukan langkah strategis untuk pemenangan di setiap daerah pemilihan,"" ucapnya.

Diketahui, Partai Perindo merupakan partai modern yang dikenal peduli rakyat kecil, gigih berjuang untuk penciptaan lapangan kerja dan Indonesia sejahtera.
Editor: Donald Karouw"
https://joglosemar.inews.id/read/359030/operasi-pengamanan-pemilu-2024-polda-jateng-pamerkan-drone-pelontar-gas-air-mata,"Rabu, 18 Oktober 2023 | 19:11 WIB","Operasi Pengamanan Pemilu 2024, Polda Jateng Pamerkan Drone Pelontar Gas Air Mata","Scan this QR or download app from:
SEMARANG, iNewsJoglosemar.id-Polda Jatengpamerkandronepelontargas air mataketika apel gelar pasukan Operasi Mantap Brata (OMB) Candi 2023 di Lapangan Parade Kodam IV/Diponegoro, Rabu (18/10/2023). Operasi itu dalam rangka pengamanan rangkaian Pemilu sejak 2023 hingga 2024.
Drone berukuran besar itu memiliki empat kaki dengan delapan baling-baling. Beratnya mencapai 10 kilogram dan mampu membawa muatan gas air mata seberat 5 kilogram. Sementara kemampuan terbang bisa mencapai jarak 5 kilometer yang dikendalikan dari jarak jauh.
Selain drone atau pesawat tanpa awak, polisi juga memamerkan sejumlah alat untuk mendeteksi bahan peledak atau cairan kimia. Ada pula peralatan selam lengkap dengan tabung oksigen, serta beragam perlengkapan modern lain yang menunjang tugas polisi untuk melindungi masyarakat.
Kapolda Jateng Irjen Pol Ahmad Luthfi mengatakan operasi ini digelar terpusat dari Markas Besar hingga ke tingkat satuan wilayah. Operasi berlangsung sejak 19 Oktober 2023 hingga 20 Oktober 2024 dengan melibatkan hampir 22.000 personel di Jateng.
Editor : M Taufik Budi Nurcahyanto"
https://demak.inews.id/read/341656/pemilu-2024-polwan-polda-jateng-diterjunkan-jaga-tps,"Senin, 04 September 2023 | 19:38 WIB","Pemilu 2024, Polwan Polda Jateng Diterjunkan Jaga TPS","Scan this QR or download app from:
SEMARANG, iNewsDemak.id–PolwanPolda Jatengakan dilibatkan secara maksimal dalam tugas pengamananPemilu 2024. Selain itu, Polda Jateng akan melibatkan polwan dalam berbagai kegiatan operasional kepolisian.
“Polwan akan kita terjunkan secara maksimal dalam pengamanan Pemilu 2024 baik itu melalui kegiatan preemtif, preventif serta penegakan hukum,” kata Kapolda Jateng Irjen Pol Ahmad Luthfi saat menghadiri acara Syukuran HUT ke-75 Polwan Tingkat Polda Jateng di Gedung Borobudur Mapolda Jateng, Senin (4/9/2023).
“Sebelumnya akan kita persiapkan melalui berbagai pelatihan pengamanan termasuk dalam pengamananTPSnanti akan diterjunkan personel Polwan,” tutur Kapolda.
Menurut Kapolda, polwan merupakan putri-putri pilihan terbaik yang dicetak untuk melaksanakan tugas-tugas kepolisian. Oleh karena itu personel polwan harus harus menjaga marwah nama baik intitusi dengan terus mempertahankan profesionalitas serta menampilkan prestasi.
""Untuk itu, sebagai sosok pilihan, polwan agar tidak melakukan pelanggaran,"" tegas Kapolda yang disanggupi seluruh perwakilan polwan yang hadir.
Editor : Taufik Budi Nurcahyanto"
https://tasikmalaya.inews.id/read/361444/danlanud-wiriadinata-tasikmalaya-kami-tetap-netral-dalam-pemilu-2024,"Selasa, 24 Oktober 2023 | 13:24 WIB",Danlanud Wiriadinata Tasikmalaya: Kami Tetap Netral dalam Pemilu 2024,"Scan this QR or download app from:
TASIKMALAYA, iNewsTasikmalaya.id- Komandan Lanud (Danlanud) Wiriadinata TasikmalayaLetkol Pnb Adi Putra Buanamenyampaikan, dalam menghadapipemilihan umum(pemilu) dan pemilihan legislatif (pileg) 2024, pihaknya menegaskan bahwa Lanud Wiriadinata sangat netral.
Ia menyebut, Lanud Wiriadinata tidak memihak terhadap salah satu pasangan calon atau partai politik tertentu.
Hal tersebut disampaikan Adi dalam konferensi pers bersama awak media di Ruang Briefing Lanud Wiriadinata, Selasa (24/10/2023).
Assalamualaikum wr wb. Selamat pagi,
Pada hari ini, saya sengaja mengundang rekan-rekan wartawan sebagai tindak lanjut dari perkembangan informasi di dunia maya terkait kegiatan Festival Musik Konser yang terlaksana di Lanud Wiriadinata pada tanggal 21 Oktober 2023 yang lalu, yang mana dalam acara tersebut, disinyalir salah seorang dari talent/artis/grup band memanfaatkan momenkonser musiksebagai ajang kampanye dengan menyerukan untuk memilih salah satu Calon Anggota Legislatif.
Oleh karena itu, pada kesempatan ini, saya selaku Komandan Lanud Wiriadinata akan menyampaikan pernyataan atensi sebagai berikut:
1. Lanud Wiriadinata menyatakan sikap NETRAL terhadap segala kegiatan politik praktis baik yang disampaikan secara langsung maupun tidak langsung oleh pribadi tertentu maupun bersama-sama dan tidak dalam posisi mendukung salah satu calon anggota legislatif maupun partai politik. Dalam hal tersebut, Lanud Wiriadinata sudah menyampaikan atensi secara tertulis yang tercantum dalam surat yang disampaikan kepada penyelenggara (EO), pada tanggal 9 Agustus 2023. Arahan langsung juga sudah saya sampaikan langsung pada Konferensi Pers di Hotel Santika Tasikmalaya pada tanggal 20 September 2023.
Editor : Asep Juhariyono"
https://cilegon.inews.id/read/358726/jelang-pemilu-2024-bupati-lebak-ajak-warga-ajak-warga-tangkis-isu-hoaks,"Rabu, 18 Oktober 2023 | 08:43 WIB","Jelang Pemilu 2024, Bupati Lebak Ajak Warga Ajak Warga Tangkis Isu Hoaks","Scan this QR or download app from:
LEBAK,iNewsCilegon.id- Pemerintah Kabupaten (Pemkab) Lebak melalui Badan Kesatuan Bangsa dan Politik (Kesbangpol) Kabupaten Lebak, menyelenggarakan Kegiatan Sosialisasi Kewaspadaan Dini Bagi Masyarakat Dalam Rangka Mewujudkan Iklim Kondusifitas dantangkis isu hoaksjelang Pemilu 2024 di Wilayah Kabupaten Lebak.
Bupati Lebak Iti Octovia Jayabaya mengatakan, kewaspadaan dini di Kabupaten Lebak saat ini telah terbantu dengan terbitnya Peraturan Bupati Lebak Nomor 63 Tahun 2023 Tentang Pedoman Pemeliharaan Kerukunan Umat Beragama.
""Mengingat Kabupate Lebak merupakan salah satu wilayah dengan masyarakat yang plural dan memiliki kearifan lokal dalam kehidupan sosial, maka penting untuk menciptakan kondusifitas sejak dini,"" kata Bupati Lebak Iti Octovia Jayabaya. Senin (16/10/2023).
Dihadapan ratusan peserta Bupati juga mengajak, kepada seluruh elemen masyarakat untuk menjaga kondusifitas wilayah demi keberlangsungan Pembangunan yang ada di Kabupaten Lebak, terlebih menjelang Pemilu 2024. Masyarakat diharapkan lebih waspada terhadap isu-isu hoaks yang dapat memecah belah bangsa.
""Mari kita songsong Pemilu 2024 dengan cinta damai dan mengedepankaan rasa kesatuan dan persaturan kita sebagai ideologi kita yaitu Pancasila,"" ujar Iti.
Ia menuturkan, bahwa mensukseskan Pemilu berarti mensukseskan pembangunan di wilayah Kabupaten Lebak.
""Dan mensukseskan Pemilu berarti bagian dari insan yang bermartabat yang memiliki keimanan dan ketaqwaan sesuai dengan kepercayaan masing-masing,"" ucapnya.
Sementara itu KepalaKesbangpol Kabupaten Lebak, Sukanta menambahkan, kegiatan hari ini dimaksudkan sebagai sarana penyampaian informasi dan arahan serta himbauan kepada masyarakat terkait isu-isu kerawanan menjelang pemilu tahun 2024 kepada masyarakat Kabupaten Lebak.
""Kegiatan ini juga bertujuan agar masyarakat bersama Pemerintah dan segenap elemen masyarakat berkoordinasi secara harmonis menjaga stabilitas ketahanan dan keamanan di Kabupaten Lebak menjelang Pemilu Tahun 2024,"" tandasnya.
Editor : M Mahfud"
https://kalbar.inews.id/berita/pontianak-mencekam-begini-simulasi-penanganan-demo-anarkistis-pemilu-2024,"Kamis, 19 Oktober 2023 - 18:58:00 WIB","Pontianak Mencekam, Begini Simulasi Penanganan Demo Anarkistis Pemilu 2024","Scan this QR or download app from:
PONTIANAK, iNews.id–Aksi demonstrasimassa dari berbagai kelompok di depan KantorKPU Kalimantan Barat,Kota Pontianakberujung ricuh. Massa yang tidak terima dengan hasil penghitungan suaraPemilu 2024terlibat bentrok dengan polisi.
Massa yang beringas berusaha merusak kantor KPU namun berhasil di pukul mundur petugas pengendali massa (dalmas). Aksimencekamitu terekam dalam simulasi pengamanan Sispamkota Pemilu 2024 yang digelar Polda Kalbar, Kamis (19/10/2023).

Pada simulasi itu, ratusan personel gabungan Polda Kalbar lengkap dengan berbagai perlengkapan.
Kapolda Kalimantan Barat, Irjen Polisi Pipit Rismanto mengatakan, melalui simulasi tersebut diharapkan personel dapat memahami cara bertindak sesuai prosedur bila terjadi hal-hal yang tidak diinginkan.

“Dalam pelaksanaannya, tidak hanya satuan pengendali dan pengurai massa serta pasukan anti huru-hara yang menjadi garda terdepan. Namun juga terdapat tim satuan khusus dari Direktorat Intelijen Reserse Kriminal hingga Detasemen antiteror,” kata Kapolda.
Hasil pemetaan Direktorat Intelijen Bidang PolitikPolda Kalimantan Barat, terdapat 7.626 tempat pemungutan suara (TPS) yang tersebar di 14 kabupaten-kota di Kalbar. Sedangkan jumlah daftar pemilih tetap lebih dari 3,9 juta jiwa.
“Kondisi ini menjadi prioritas utama kepolisian untuk meniadakan berbagai bentuk gangguan keamanan di daerah,” kata Kapolda.
Editor: Kastolani Marzuki"
https://ttu.inews.id/read/346519/kapolres-malaka-ingatkan-anggotanya-jaga-netralitas-jelang-pemilu-2024,"Sabtu, 16 September 2023 | 20:00 WIB",Kapolres Malaka Ingatkan Anggotanya Jaga Netralitas Jelang Pemilu 2024,"Scan this QR or download app from:
BETUN, iNewsTTU.id-Kapolres Malaka,AKBP Rudy Junus Jacob Ledomengenai netralitas anggota Polri dalam tahun politik 2024 sangat penting. Ia menegaskan bahwa netralitas anggota Polri adalah kewajiban, mengingat tahapan-tahapan pemilu sudah dimulai.
Pasalnya ini langkah yang penting untuk menjaga marwah dan harga diri institusi Polri, serta untuk menghindari pelanggaran yang dapat mencoreng nama baik institusi dan keluarga.
""Saya mengimbau semua anggota untuk tidak terlibat politik praktis, jaga netralitas kita karena kita abdi negara,"" tegas AKBP Rudy pada Senin, (11/09/2023).
Tahapan pelaksanaan Pemilu tahun 2024, katanya, telah dimulai sejak awal tahun 2023, dan komitmen Polri adalah untuk selalu bersifat netral, tidak berpihak kepada pihak manapun, dan tidak terlibat dalam politik praktis.
""Polri juga tidak memilih atau dipilih, tidak melibatkan diri dalam politik praktis dan pemilu dapat berjalan dengan aman,"" katanya.
Polri, ujarnya, tidak dapat bekerja sendiri dalam menjaga netralitas selama pemilu, dan ia meminta partisipasi seluruh masyarakat untuk taat pada aturan yang berlaku serta menjadi contoh masyarakat yang patuh hukum.
Editor : Sefnat Besie"
https://sumut.inews.id/berita/dpc-partai-perindo-deliserdang-gelar-konsolidasi-hadapi-pemilu-2024,"Selasa, 03 Oktober 2023 - 16:35:00 WIB",DPC Partai Perindo Deliserdang Gelar Konsolidasi Hadapi Pemilu 2024,"Scan this QR or download app from:
DELISERDANG, iNews.id–DPC Partai PerindoDeliserdangkembali melakukankonsolidasiuntuk menghadapiPemilu 2024. Dengan konsolidasi, partai berlambang rajawali mengembangkan sayap dan bernomor urut 16 pada kertas suara itu optimistis bisa memenangkan Pemilu 2024 mendatang.
Konsolidasi tersebut dihadiri seluruh kader dan pengurus hingga tingkat ranting serta para bacaleg DPR, DPRD provinsi maupun kabupaten-kota.

Ketua DPC Partai Perindo Deliserdang, Bornok Simanjuntak mengatakan, konsolidasi bertujuan menguatkan lagi struktur partai sampai ke tingkat akar rumput.
“Konsolidasi ini sekaligus pembekalan dan pelatihan dalam melakukan sosialisasi ke masyarakat untuk memberikan dukungan kepada bacaleg-bacaleg dari Partai Perindo,” katanya.

Bornok yang juga bacaleg DPRD Deliserdang mengatakan, langkah utama Partai Perindo yang dipimpin Ketua Umum Partai Perindo Hary Tanoesoedibjo dan mendukung bacapres Pemilu 2024 Ganjar Pranowo yakni menyejahterakan rakyat.
Karena itu, strategi pemenangan Pemilu 2024 kelak akan diterapkan kepada seluruh kader, kordus dan pengurus DPC Partai Perindo Kabupaten Deliserdang.
“Kami optimistis kemenangan (Partai Perindo) tampak dari semangat perjuangan anak ranting, kordus maupun pengurus yang bekerja keras membangun komunikasi yang baik kepada masyarakat,” katanya.
Editor: Kastolani Marzuki"
https://cilegon.inews.id/read/368238/berminat-jadi-kpps-di-pemilu-2024-ini-syaratnya,"Kamis, 09 November 2023 | 12:17 WIB",Berminat Jadi KPPS di Pemilu 2024? Ini Syaratnya,"Scan this QR or download app from:
CILEGON, iNewsCilegon.id- Pemilihan Umum (Pemilu) sudah didepan mata, Komisi Pemilihan Umum Republik Indonesia (KPU RI) pun sudah menerbitkan PKPU Nomor 8 Tahun 2022 tentang Pembentukan dan Tata Kerja badan adhoc Pemilu dan Pilkada. Jika kamu berminat untuk jadi bagian dari Pemilu dengan menjadi Kelompok Penyelenggara Pemungutan Suara (KPPS), maka jangan sampai terlewatkan, ini syaratnya.
Berbeda dengan sebelumnya, pendaftaran PPKPemilu 2024dan pendaftaran PPS Pemilu 2024 yang akan segera dilakukan ini akan dilakukan secaraonline, menggunakan sistem teknologi informasi khusus yang dibuat KPU. Aplikasi itu diberi nama Sistem Informasi Anggota KPU dan Badan Adhoc atau disingkatSIAKBA.
SIAKBA merupakan aplikasi resmi KPU dan telah diluncurkan pada Kamis 20 Oktober 2022 di Kendari, Sulawesi Tenggara. Maka aplikasi itu akan digunakan dalam proses rekrutmen PPK untuk Pemilu serentak 2024.
Bagi pendaftar PPK dan PPS, tidak lagi harus datang ke kantor KPU karena menggunakan sistem online atau aplikasi SIAKBA.
Bagi masyarakat yang ingin mendaftarkan diri menjadi Badan Ad Hoc (KPPS), berikutsyaratuntuk menjadi anggota badan adhoc berdasarkan PKPU Nomor 8 Tahun 2022 :
Itulah syarat menjadi KPPS di Pemilu 2024. Semoga bermanfaat!
Editor : M Mahfud"
https://jateng.inews.id/berita/kirab-pemilu-2024-di-kota-semarang-hari-ini-berikut-pengalihan-arus-lalu-lintas/all,"Rabu, 20 September 2023 - 06:00:00 WIB","Kirab Pemilu 2024 di Kota Semarang Hari Ini, Berikut Pengalihan Arus Lalu Lintas","Scan this QR or download app from:
SEMARANG, iNews.id–Kirab Pemilu 2024diKota Semarangdigelar hari ini, Rabu 20 September 2023. Pengendara diimbau untuk menghindari rute yang dilalui Kirab Pemilu 2024.
Rute yang dilalui peserta kirab yakni dariBalai KotaSemarang melintasi Jalan Pandanaran dan finish diSimpang Lima.Pemkot Semarangmenyampaikan informasipengalihan arus lalu lintasterkait pelaksanaan Kirab Pemilu 2023 melalui akun Instagram.

“Dalam rangka Kirab Pemilu Tahun 2024 akan dilaksanakan pengalihan arus lalu lintas pada Jalan Pemuda dan arus lalu lintas Jl. Depok yang dialihkan ke Jl. MH. Thamrin pada hari Rabu, 20 September 2023 pukul 14.00 WIB – selesai,” tulis akun @semarangpemkot.
Terkait Kirab Pemilu 2024, anggotaKPU Kota Semarang, Novi Maria Ulfah mengatakan bahwa KPU Kota Semarang akan menggelar kegiatan seremonial pada 20 September 2023.

""Kirab dimulai tanggal 20 mulai jam 14.00 siang, melibatkan pemerintah kota sekarang, parpol, masyarakat, PPK bahkan PPS,"" kata Novi dikutip dari laman KPU Kota Semarang.


Dia mengatakan, kegiatan kirab akan dibarengkan dengan acara Semarjamu (Semarang Jelajah Musik) 2023 yang berlangsung pada sore hingga malam hari di Balai Kota Semarang.
""Kita mendapat dukungan dari Pemkot Semarang sehingga kirab nanti dibarengkan dengan acara musik pada malam hari di Balai Kota Semarang yang merupakan kegiatan rutin Pemerintah Kota Semarang melalui Dinas Pariwisata dengan tajuk Semarang Jelajah Musik,"" katanya.

Karena kegiatan tersebut melibatkan banyak pihak, Novi meminta PPK dan PPS untuk ambil bagian dalam kegiatan tersebut sehingga dapat menyemarakkan kegiatan Kirab Pemilu 2024.
""Nah saat arak-arakan kami minta PPK dan PPS dan sekretariat untuk ikut ya, jadi sama-sama kita meriahkan baik sebagai pengunjung ataupun peserta kirab,"" ujarnya.
Editor: Ahmad Antoni"
https://manado.inews.id/read/334747/maknai-hut-ke-78-ri-ketua-perindo-minut-jangan-terpecah-di-pemilu-2024,"Sabtu, 19 Agustus 2023 | 13:19 WIB","Maknai HUT ke 78 RI, Ketua Perindo Minut: Jangan Terpecah di Pemilu 2024","Scan this QR or download app from:
MINUT,iNewsManado.com- HUT ke 78 Republik Indonesia jadi momentum introspeksi dan pembaharuan diri. Itupun yang dimaknai Ketua DPD PartaiPerindoMinahasa Utara (Minut)Anthony Pusung.
Menurut dia, sebagai warga negara Indonesia kita patut merasa bahagaia karena, tidak terasa kita kembali memperingati Hari Kemerdekaan Republik Indonesia. "" "" ""HUT RI ini sebagai pengingat bagi kita masyarakat akan jasa-jasa para pahlawan Indonesia yang telah gugur di medan perang dalam memperjuangkan Kemerdekaan,"" ujarnya, Jumat (18/8/2023).
""Kemerdekaan yang kita rasakan sekarang ini tentunya bukanlah didapatkan dengan mudah, tetapi melalui perjuangan serta pengorbanan jiwa dan raga dari para pejuang pejuang kita,"" ucap Anggota DPRD Kabupaten Minahasa Utara ini.
Tak lupa, dia mengingatkan untuk selalu bergandengan tangan karena akan menjalani pesta demokrasi pada tahun 2024 mendatang.
Editor : Fabyan Ilat"
https://cilegon.inews.id/read/357198/bak-pemilu-uniknya-pemilihan-ketua-osis-dan-wakil-di-smpn-2-labuan,"Sabtu, 14 Oktober 2023 | 08:10 WIB","Bak Pemilu, Uniknya Pemilihan Ketua OSIS dan Wakil di SMPN 2 Labuan","Scan this QR or download app from:
PANDEGLANG,iNewsCilegon.id-Bak Pemilu, Sebanyak 3 pasangan calon ketua organisasi siswa intra sekolah (OSIS) dan wakil diSMPN 2 Labuanberebut perolehan suara, pada Rabu (11/10/2023).
Wakil Kepala Sekolah (Wakasek) Kesiswaan Harto Sugiharto, SH, mengatakan,  ketiga pasang calon tersebut yakni Dwi Andika-Muhammad Farel dengan nomor urut 1, Nayla Kayrani-Mesyhilla R nomor urut 2 dan Dwi Nurhidayah-Mutiara Fajrah di nomor urut 3.
""Dipemilihan kali ini ada dua pasang calon dari perempuan dan satu pasang calon laki-laki,"" jelas Harto. Jumat (13/10/2023).
Harto menuturkan, jika dipemilihan sebelumnya yang maju mencalonkan diri dalam pemilihan OSIS didominasi kaum perempuan, kali ini justru sebaliknya.
""Ada yang berbeda dengan pemilihan sebelumnya, kalau tahun lalu yang nyalonin siswi semua kali ini justru ada satu pasang calon dari siswa,"" ungkap Harto.
Ia menambahkan, yang menjadi pemilih adalah para siswa dan dewan guru. Menurutnya, tak ada paksaan dalampemilihan ketua OSISini semuanya sesuai pilihan masing-masing.
""Sebelum pemilihan ketiga pasang calon ini melakukan kampanye terbuka selama satu minggu dan kampanye terbuka selama tiga hari,"" katanya.
Masih kata Harto, ada sekitar 1.020 siswa dan dewan guru serta staff Tata Usaha (TU) sebanyak 70 orang yang ikut mencoblos.
""Jumlah pemilih ada Siswa 1.020 orang dan dewan guru juga TU sekitar 70 orang, jadi total 1.090 orang yang ikut mencoblos,"" terangnya.
Dari hasil pencobloblosa, lanjut Harto, pasangan dengan nomor urut 1 yang menang, yakni Dwi Andika Maulana Sado (Ketua) dan Muhamad Farel (Wakil).
""Semoga yang terpilih bisa melanjutkan program OSIS sebelumnya, menjalankan program yang telah disusun sesuai visi dan misi yang disampaikan pada saat kampanye, dan menjadi contoh bagi rekan sejawatnya/siswa yang lainnya, misal dalam kedisiplinan, dalam keorganisasian, bisa menjalankan tupoksinya serta bisa bersinergi dengan sekolah,"" pungkasnya.
Editor : M Mahfud"
https://tasikmalaya.inews.id/read/366236/bupati-ciamis-herdiat-sunarya-tegaskan-asn-harus-netral-di-pemilu-2024,"Sabtu, 04 November 2023 | 13:36 WIB",Bupati Ciamis Herdiat Sunarya Tegaskan ASN Harus Netral di Pemilu 2024,"Scan this QR or download app from:
CIAMIS, iNewsTasikmalaya.id-Bupati Ciamis Herdiat Sunaryamenegaskan bahwaaparatur sipil negara(ASN) harus dapat bersikap netral pada pelaksanaan Pemiliham Umum (Pemilu) 2024.
""Kembali saya tegaskan, ASN itu harus bersikap netral pada Pemilu nanti,"" kata Hardiat, saat ditemui usai pembukaan KirabPemilu 2024di halaman kantor Pendopo Bupati Ciamis, Sabtu, (4/11/2023).
Dikatakan Herdiat, ASN harus mengikuti ketentuan, aturan serta prosedur bahwa harus netral.
Herdiat pun memastikan bahwa para ASN di lingkungan Pemerintah Kabupaten (Pemkab) Ciamis akan bersikap netral dalam helatan Pemilu 2024.
""InsyaAllah, ASN di Ciamis akan netral,"" ucapnya.
Ia menegaskan jika ada ASN yang tidak netral dalam Pemilu 2024 nanti, maka pihaknya akan memberikan sanksi.
Editor : Asep Juhariyono"
https://depok.inews.id/read/333656/dinilai-keluar-jalur-aktivis-muda-nu-meminta-uu-pemilu-dikaji-ulang-ke-mk,"Rabu, 16 Agustus 2023 | 14:43 WIB","Dinilai Keluar Jalur, Aktivis Muda NU Meminta UU Pemilu Dikaji Ulang ke MK","Scan this QR or download app from:
JAKARTA, iNewsDepok.id- Aktivis mudaNahdlatul Ulama(NU), M Yusuf Mansur mendaftarkan permohonan uji materi terhadap perubahan Pasal 6 Tahun 2002 tentang pemilu keMahkamah Konstitusi(MK). Iya menilai pasal tersebut bertentangan denganPancasila, terutama sila ke-4.
Yusuf menilai, Pasal 6 perubahan UUD 1945 serta Pasal 6 huruf (A), dinilainya sudah keluar jauh, baik secara nilai dasar, nilai instrumental dan nilai friksi. Apabila dicermati, tidak mewakili atau merepresentasikan sila ke-4 tersebut.
""Sudah dua dekade pemilihan presiden danwakil presidenbanyak menimbulkan berbagai kekerasan di tengah masyarakat karena minimnya pengetahuan tentang politik praktis,"" katanya di Jakarta, Rabu (16/8/2023).
Yusuf Mansur juga menilai, masih banyak terjadi sistem pemilihan umum yang dianggap mencederai amanat reformasi, dengan semakin berkembangnyanepotismedi berbagai daerah seluruh Indonesia.
""Pemilihan presiden dan wakil presiden serta kepala daerah secara langsung(one man one vote),sudah tidak tepat karena banyak menimbulkan hal-hal yang merugikan baik penegakan hukum dan terbelahnya masyarakat kita serta mundurnya demokrasi Pancasila di titik nadir yang paling rendah,"" imbuhnya.
Editor : M Mahfud"
https://sulsel.inews.id/berita/gelar-pesta-rakyat-ketua-partai-perindo-sulsel-ajak-tumbuhkan-persatuan-jelang-pemilu-2024/2,"Kamis, 17 Agustus 2023 - 15:58:00 WITA","Gelar Pesta Rakyat, Ketua Partai Perindo Sulsel Ajak Tumbuhkan Persatuan Jelang Pemilu 2024","Scan this QR or download app from:


Dia menjelaskan, perayaan Pesta Rakyat Kemerdekaan dalam rangka HUT ke-78 RI itu juga tidak lepas dari komitmen Partai Perindo yang dikenal sebagai partai modern peduli rakyat kecil, gigih berjuang untuk penciptaan lapangan kerja dan Indonesia sejahtera.
Panitia acara, Arman Hafid menuturkan, kegiatan juga diisi beragam lomba untuk menyemarakkan HUT ke-78 RI seperti, lomba lari karung, makan kerupuk, lari kelereng dan lainnya dengan melibatkan anak-anak dan orang tua.
""Alhamdulillah, warga senang dan larut dalam perayaan Pesta Rakyat Kemerdekaan,"" ucapnya di lokasi.
Editor: Kurnia Illahi"
https://jabar.inews.id/berita/kodam-iii-siliwangi-kerahkan-ribuan-personel-amankan-pemilu-2024-di-jabar-banten,"Jumat, 13 Oktober 2023 - 09:29:00 WIB",Kodam III Siliwangi Kerahkan Ribuan Personel Amankan Pemilu 2024 di Jabar-Banten,"Scan this QR or download app from:
BANDUNG, iNews.id -Kodam III Siliwangisiap mengerahkan ribuan personel untuk mengamankanPemilu 2024di Jawa Barat dan Banten. Kesiapan itu ditunjukkan dengan keterlibatan Kodam III Siliwangi dalam simulasi sistem pengalamanan kota (sispamkota) di Lapangan Manunggal Brigif 15 Kujang II, Jalan Kebon Rumput, Kota Cimahi, Kamis (12/10/2023).
Pangdam III SiliwangiMayjen TNI Erwin Djatniko hadir dalam Latihan Gabungan Fungsi Tingkat Jawa Barat dengan tema ""Latihan Gabungan Fungsi Tingkat Polda Dalam Rangka Pengamanan Pelaksanaan Pemilu Tahap Inti Tahun 2024"" itu.

Kegiatan dihadiri pula oleh Kapolda Jabar Irjen Pol Akhmad Wiyagus, Penjabat (Pj) Gubernur Jawa Barat Bey Machmudin, dan unsur Forkopimda Jabar.
Simulasi Sispamkota diikuti oleh 1.089 personel TNI, Polri, dinas perhubungan, Satpol PP, pemadam kebakaran Jawa Barat.

Dalam simulasi diperagakan cara bertindak sesuai status keamanan. Kegiatan diawali dengan status keamanan hijau yang berarti kondisi masih aman dengan aktivitas pemilu sudah dimulai. Sedangkan status kuning, artinya, kondisi mulai terlihat ada gangguan. Sementara, status merah berarti ancaman gangguan pemilu sudah benar-benar terjadi.

Editor: Agus Warsudi"
https://brebes.inews.id/read/368093/berikut-daftar-calon-tetap-anggota-dprd-kabupaten-brebes-untuk-pemilu-2024,"Rabu, 08 November 2023 | 22:26 WIB",Berikut Daftar Calon Tetap Anggota DPRD Kabupaten Brebes untuk Pemilu 2024,"Scan this QR or download app from:
BREBES, iNews.id –569 Calon Legislatif (Caleg) telah di tetapkan oleh Komisi Pemilihan Umum (KPU) Kabupaten Brebes. Mereka bakal berkompetisi pada Pemilu 2024 mendatang.
Pengumuman daftar calon tetap (DCT) angggota DPRD yang akan ikut dalam Pemilu 2024 juga bisa dilihat disini.
Daftar tersebut berdasarkan keputusan KPU Brebes nomor 299/PL.01.4-BA/3329/2023 tentang Daftar Calon Tetap Anggota DPRD dalam Pemilihan Umum tahun 2024.
Masyarakat diimbau untuk mengecek nama-nama calon wakil rakyat mereka. Agar tidak salah pilih saat Pemilu 2024.
Editor : Miftahudin"
https://muria.inews.id/read/353191/dua-kepala-desa-di-grobogan-mengundurkan-diri-demi-daftar-caleg-di-pemilu-2024,"Rabu, 04 Oktober 2023 | 10:11 WIB",Dua Kepala Desa di Grobogan Mengundurkan Diri Demi Daftar Caleg di Pemilu 2024,"Scan this QR or download app from:
GROBOGAN,iNewsMuria.id -Duakepala desa(kades) dari dua kecamatan di Kabupaten Grobogan resmi mengundurkan diri demi memuluskan jalan untuk mendaftar menjadi calon legislatif atau anggota DPRD padaPemilu 2024.
Informasi yang diperoleh, Rabu (4/10/2023),  kades yang mengundurkan diri dari jabatannya  adalah Kades Jumo,Kecamatan Kedungjatiatas nama Harnomo. Kemudian Kades Banjarejo,Kecamatan Gabus, Ahmad Taufik.
""Iya sudah ada dua yang mengajukan pengunduran diri karena mendaftar menjadi caleg di Pemilu 2024,"" kata Bupati Grobogan Sri Sumarni.
Menurut Bupati Sri Sumarni, kedua kades yang sudah mengajukan pengunduran diri dan surat pengunduran dirinya sudah ditandatangani. Keduanya adalah Kades Jumo, Kecamatan Kedungjati dan Kades Banjarejo, Kecamatan Gabus.
Menurut Bupati Grobogan, hal itu sesuai aturan dan sepertinya partai dari kedua kades yang mengundurkan diri juga sudah menjalankan tahapan-tahapan pendaftaran dan dikawal masing-masing partai politik pengusungnya.
""Jadi karena mau mencalonkan diri di Pemilu 2024 mengajukan surat pengunduran diri. Surat pengunduran dirinya sudah saya tanda tangani,"" ujar Bupati Sri.
Dengan adanya dua kades yang mengundurkan diri serta adanya kades yang meninggal, lanjut Bupati Sri, maka dilakukan pengangkatan Plt Kades. Tujuannya agar pelayanan masyarakat di desa setempat tidak terganggu.
""Tentunya saya koordinasi dengan camat, siapa yang jadi Plt kades tentu camat lebih mengetahui kemampuan dan track record-nya,"" tambah Bupati.
Sementara anggota KPU Kabupaten Grobogan Divisi Teknis Penyelenggaraan Suwiknyo mengatakan, bahwa tahapan pencalegan yakni proses pencermatan daftar caleg sementara (DCS) sebelum disusun menjadi daftar caleg tetap (DCT).
Menurut Suwiknyo, pencermatan DCS sebelum disusun menjadi DCT dilakukan hingga pukul 23.59 tanggal 3 Oktober 2023. Kemudian pada tanggal 4 Oktober mulai pencermatan DCT sebelum diumumkan pada 4 November 2023.
Saat masih DCS dimungkinan partai politik mendaftarkan calegnya, namun setelah 4 Oktober parpol hanya bisa mengganti bakal calon legislatif atau bacalegnya yang tidak memenuhi syarat atau TMS.
""Jadi masih bisa berubahbacalegdari masing-masing partai politik peserta Pemilu 2024 sebelum pengumuman DCT pada 4 November 2023,"" jelas Suwiknyo. (*)
Editor : Arif F"
https://blitar.inews.id/read/342014/kisah-reaksi-soeharto-saat-diminta-tak-maju-lagi-sebagai-presiden-di-pemilu-1988,"Selasa, 05 September 2023 | 17:05 WIB",Kisah Reaksi Soeharto saat Diminta Tak Maju lagi sebagai Presiden di Pemilu 1988,"Scan this QR or download app from:
BLITAR,iNewsBlitar- Suhu politik Indonesia berubah dinamis menjelang pemilihan umum (pemilu), yakni terutama mendekati pemilihan presiden (Pilpres). Pro dan kontra pun bermunculan.
Yoga Sugomomerupakan salah satu jenderal militer yang berharap PresidenSoehartotidak lagi mencalonkan diri sebagai Presiden Indonesia pada pemilihan umum 1988.
Jenderal Yoga dan Soeharto memiliki hubungan yang dekat. Hubungan keduanya bukan sekedar bawahan dengan atasan, teman sejawat, melainkan sahabat sejati dan bahkan saudara (sedulur sinorowedi).
Hubungan itu sama antara Soeharto denganAli Moertopo. “Sedulur sinorowedi kata orang Jawa,” demikian dikutip dari buku Jenderal Yoga Loyalis di Balik Layar (2018).
Presiden Soeharto telah melewati periode kekuasaan 1983-1988 dengan baik. Bahkan Yoga menilai 1983-1988 merupakan puncak keemasan kekuasaan Presiden Soeharto. “Sesudah itu dikhawatirkan akan melemah”.
Sebagai pimpinan badan koordinasiintelijennegara (Bakin), Jenderal Yoga memiliki sejumlah alasan mendasar kenapa Soeharto waktunya lengser. Sudah waktunya Soeharto meletakkan kekuasaan dengan baik-baik.
Pada tahun 1988, Soeharto sudah berusia 67 tahun dan telah berkuasa selama 22 tahun. Jika kembali berkuasa, Jenderal Yoga khawatir Soeharto akan jenuh dan lelah.
Di sisi lain sumber dan jaringan informasi Soeharto menurut Yoga juga semakin menyempit. Bisnis keluarga dan anak-anak Soeharto yang semakin besar dan berpotensi jadi sasaran tembak juga menjadi pertimbangan.
Jenderal Yoga ingin Soeharto di masa tuanya dalam keadaan baik-baik. Ia pun memberanikan diri mengungkapkan keinginannya. Dalam pertemuan kecil di Jalan Cendana Jakarta Pusat bersamaBenny Moerdanidan Sudharmono, Jenderal Yoga menyampaikan langsung kepada Soeharto.
Yoga juga menyatakan siapapun kader yang ditunjuk sebagai pengganti Soeharto dirinya siap mendukung dan mengamankan.
Situasi sontak tegang. Perdebatan antara Yoga dan mereka yang menolak usulan pikirannya berlangsung keras. “Sementara Pak Harto (Soeharto) terlihat lebih banyak diam dan tidak mengambil sikap”.
Situasi pro kontra itu disaksikan Ibu Tien Soeharto yang kebetulan melintasi ruang pertemuan. Ibu Tien Soeharto diam-diam mengamati dan memberi isyarat cenderung mendukung Yoga.
Namun pada akhirnya Soeharto dan dua rekan sejawatnya menolak semua usulan Jenderal Yoga. Soeharto tetap bersikukuh mencalonkan diri sebagai Presiden RI dan kembali terpilih.
Semenjak itu hubungan Yoga dengan Soeharto dan Benny Moerdani berubah dingin. Kendati demikian Soeharto tetap mempercayai Yoga dan terus mempertahankan hingga pada Juni 1989 Yoga sendiri mengajukan permohonan berhenti sebagai Kepala Bakin.
Pada akhir kariernya, Yoga Sugomo menyandang status Purnawirawan Jenderal Bintang empat. Pada masa pensiunnya ia tercatat menjadi pegawai bulanan golongan IV/e.
Apa yang dikhawatirkan Jenderal Yoga memang betul-betul terjadi. Pada 21 Mei 1998 atau 10 tahun kemudian, dalam situasi ekonomi politik yang carut marut, Presiden Soeharto dipaksa meletakkan jabatan.
Robohnya kekuasaanorde barutelah melahirkan sejarah orde reformasi. Soeharto dipaksa lengser keprabon, yakni situasi yang tidak pernah diharapkan Jenderal Yoga Sugomo.
Sebagai sedulur sinorowedi yang bersama-sama menapaki karir di Kodam Diponegoro, Yoga ingin Soeharto meletakkan jabatan pada saat masih berada di puncak kejayaan.
Editor : Solichan Arif"
https://jateng.inews.id/infografis/tokoh-tokoh-parpol-di-solo-dukung-patroli-polisi-jelang-pemilu-2024-ini-alasannya,,,"Scan this QR or download app from:
Alamat yang anda masukkan salah, tidak tersedia atau sudah dihapus"
https://jateng.inews.id/berita/bacaleg-partai-perindo-grobogan-nur-latif-yakin-menang-pemilu-2024,"Minggu, 24 September 2023 - 18:42:00 WIB",Bacaleg Partai Perindo Grobogan Nur Latif Yakin Menang Pemilu 2024,"Scan this QR or download app from:
GROBOGAN, iNews.id-BacalegPartai Perindo KabupatenGroboganNur Latif yakin akan memenangkanPemilu 2024mendatang. Bacaleg daerah pemilihan (dapil) 4 wilayah Kedungjati, Tanggungharjo, Tegowanu dan Gubu ini aktif membersamai rakyat dan mendukung program infrastruktur dan peningkatan kualitas SDM.
“Dari membangun fasilitas umum, infrastruktur dan juga mendidik Sumber Daya Manusia (SDM) kami yakin Perindo akan menang,” kata Nur Latif, Minggu (24/9/2023).

Menurutnya, Partai Perindo berlambang Rajawali mengembangkan sayap dan bernomor urut 16 pada kertas suara Pemilu 2024 cukup dekat dengan rakyat. Partai yang dipimpin Ketua Umum Hary Tanoesoedibjo dan mendukung Bacapres Ganjar Pranowo ini selalu berjuang untuk rakyat. Hal ini akan menjadi modal untuk memperoleh 2 juta suara di Provinsi Jawa Tengah.
Nur Latif mengaku dirinya banyak mendukung kegiatan masyarakat, mulai membangun talut hingga lapangan voli. Tak hanya itu, dirinya juga ikut aktif mendukung membangun fasilitas umum, infrastruktur dan juga meningkatkan kualias Sumber Daya Manusia (SDM).

""Kami harapkan dengan kebersamaan dan soliditas warga membangun ini terus terpupuk. Sehingga pembangunan SDM dan perekonomian warga bisa tercapai dengan baik. Itulah komitmen bersama Partai Perindo,"" ujar Nur Latif.
Editor: Kuntadi Kuntadi"
https://tulungagung.inews.id/read/358637/polres-tulungagung-terjunkan-600-personel-hadapi-pemilu-2024,"Selasa, 17 Oktober 2023 | 21:23 WIB",Polres Tulungagung Terjunkan 600 Personel Hadapi Pemilu 2024,"Scan this QR or download app from:
Tulungagung,iNewsTulungagung.id-Polres Tulungagungmenerjunkan personel sebanyak 600 dibantu oleh TNI, Pemerintah Daerah maupun stakeholder terkait guna mengantisipasi gangguan keamanan menjelang pemilu tahun 2024 mendatang.
Operasiyang diberi nama Operasi Mantab  Brata Tahun 2023 dan berlangsung selama 225 hari kedepan.
Kapolres Tulungagung, AKBP. Teuku Arsya Khadafi seusai memimpin apel OperasiMantab Bratatahun 2023 di Halaman Pemkab Tulungagung mengatakan, selain menggelar operasi Mantab Brata, juga persiapan pengamanan pendaftaran capres -cawapres serta kegiatan lain.
Saat ini ada beberapa titik rawan di kabupaten Tulungagung, namun masih dilakukan pembahasan dengan stakeholder terkait.
""Ya potensi kerawanan di titik titik sudah ada, namun masih kita koordinasikan dengan TNI maupun pemerintah daerah,"" katanya, (17/10/2023).
Teuku melanjutkan sampai saat ini situasi kabupaten Tulungagung masih di tahapan kondusif.
""Saat ini masih kondusif kok,"" tuturnya.
Sementara itu Penjabat Bupati (Pj) Tulungagung, Heru Suseno mengatakan pemkab mendukung atas kegiatan demokrasi besar yakni pemilu serentak di tahun 2024.
""Kita support dari sisi kesehatan, bidang trantib kita support, dinas perhubungan akan juga support dalam pengamananpemilu 2024mendatang,"" ujarnya.
Editor : Mohammad Ali Ridlo"
https://muria.inews.id/read/359967/jelang-pemilu-2024-enam-kapolsek-di-karanganyar-ditarik-dan-diganti-baru-ini-alasannya,"Jum'at, 20 Oktober 2023 | 18:36 WIB","Jelang Pemilu 2024, Enam Kapolsek di Karanganyar Ditarik dan Diganti Baru, Ini Alasannya","Scan this QR or download app from:
KARANGANYAR,iNewsMuria.id-Polres Karanganyarmulai memanasi mesin personelnya. Jelang Pemilu 2024, Polres Karanganyar menempatkan 6 Kapolsek baru dan menarik Kapolsek lama.
Para Kapolsek baru itu adalah :1. Kapolsek Kebakkramat Iptu Anggoro Wahyu Setia Budi2. Kapolsek Jenawi Iptu Rochmad Hardono3. Kapolsek Ngargoyoso Iptu Sri Hajar Budianto4. Kapolsek Colomadu AKP Bambang Subekti5. Kapolsek Jatipuro Iptu Mahmudi6. Kapolsek Gondangrejo Iptu Subkhi.
Ada pun Kapolsek yang ditarik ke dalam antara lain.:1. AKP Ridhwan dari Kapolsek Kebakkramat jadi Kasubbagbekpal Baglog2. AKP Yulianto, dari Kapolsek Ngargoyoso menjadi Kasubbagrenprogar Bagren3. AKP Iman dari Kapolsek Colomadu menjadi Kasihumas.
Upacara Serah Terima Jabatan para Kapolsek di Mapolres Karanganyar itu dipimpin langsungKapolres KaranganyarAKBP Jerrold Hendra Yosef Kumontoy.
Dalam kesempatan itu, secara tegas Kapolres mengatakan,pergantian Kapolsekbaik itu promosi atau mutasi, adalah hal yang wajar. Namun untuk kali ini pergantian pejabat, khususnya para Kapolsek, terkait pengamanan Pemilu 2024 selain meningkatkan pelayanan pada masyarakat.
""Harapan saya dengan tugas yang baru ini saudara cepat menyesuaikan dengan dinamika situasi sekarang yang sedang berlangsung Operasi Mantap Brata Candi 2023-2024,"" kata Kapolres.
""Kelola potensi kerawanan yang akan timbul dan dapat menggangu jalannya pesta demokrasi Pemilu 2024. Lakukan deteksi dini terhadap kelompok yang berpotensi menimbulkan gangguan kamtibmas.""
Selain para Kapolsek, dalam kesempatan itu juga dilakukan serah terima jabatan Kasat Intelkam, yakni dari pejabat lama Iptu Aly Suryadi kepada pejabat baru Iptu Budi Santoso.
Selanjutnya, Iptu Ali Suryadi promosi sebagai Kasat Intelkam Polres Sragen yang wilayahnya lebih luas dan penduduknya lebih padat. Dan Iptu Budi Santoso sebelumnya menjabat Kanit Resintel Polsek Jebres Polresta Surakarta.
""Saya ucapkan selamat atas kepercayaan pimpinan yang diberikan kepada saudara. Saya yakin, dengan bekal pengalaman yang saudara miliki, saudara sudah siap untuk melaksanakan tugas di wilayah hukum Polres Karanganyar,"" pungkas AKBP Jerrold HY Kumontoy.(*)
Editor : Langgeng Widodo"
https://probolinggo.inews.id/read/312519/dpt-kabupaten-probolinggo-untuk-pemilu-2024-mengalami-penurunan-dibanding-2019-lalu,"Minggu, 25 Juni 2023 | 04:51 WIB","DPT Kabupaten Probolinggo untuk Pemilu 2024, Mengalami Penurunan Dibanding 2019 Lalu","Scan this QR or download app from:
PROBOLINGGO,iNewsProbolinggo.id- Komisi Pemilihan Umum (KPU) Kabupaten Probolinggo menetapkan Daftar Pemilihan Tetap (DPT), pada Pemilihan Umum (Pemilu) 2024 yang mencapai878.770pemilih. Jumlah tersebut berkurang dari Pemilu 2019 lalu, yang mencapai884.636pemilih.
Komisioner KPU Divisi Data, Zamroni menuturkan, jumlah penurunan DPT pada Pemilu mendatang terbilang cukup banyak dibandingkan Pemilu 2019 lalu. Ia pun meyakini, adanya penurunan jumlah DPT tidak terlepas dari banyaknya warga yang berpindah domisili ke daerah lainnya.
""Kalau menurut saya, karena faktor perpindahan penduduk dan Pandemi Covid-19 yang pernah terjadi, sehingga ada penurunan dengan selisih 5.866 DPT,"" katanya, Sabtu (24/6/2023)
Selain itu, pada Pemilu mendatamg, tercatat 2.974 DPT yang terdata sebagai pemilih baru. Selain itu, ada juga pemilih potensial non KTP yang jumlahnya cukup banyak, mencapai22.350.
""Pemilih potensial non KTP elektronik ini, cukup banyak. Data ini merupakan warga yang pada saat pemilihan nanti, telah berusia 17 tahun,"" ucapnya.
Roni menjelaskan, kalau terbentuknya DPT tidak lepas dari proses dan tahapan yang dilakukan pihaknya sejak tahun lalu. Mulai dari proses coklit oleh Petugas Pemutakhiran Data Pemilih (Pantarlih), lalu proses pendataan Daftar Pemilih Sementara (DPS).
""Daftar Pemilih Sementara Hasil Perbaikan (DPSHP), dan Daftar Pemilih Sementara Hasil Perbaikan (DPSHP) akhir,"" jelasnya.
Editor : Ahmad Hilmiddin"
https://blitar.inews.id/read/305599/pemilu-1955-pki-sebut-diri-partai-rakyat-pni-partai-priyayi-nu-dan-masyumi-partai-santri,"Rabu, 07 Juni 2023 | 13:13 WIB","Pemilu 1955, PKI sebut diri Partai Rakyat, PNI Partai Priyayi, NU dan Masyumi Partai Santri","Scan this QR or download app from:
BLITAR,iNewsBlitar– Masa kampanyePemilu 1955di Indonesia berlangsung panas. Kampanye pemilu menjadi ajang partai politik untuk saling menyerang. Terutama parpol besar sepertiPNI,NU,Masyumi,PKIdanPSI.
Para kader partai sibuk saling menghabisi daripada berjualan program ke rakyat. Serangan politik diyakini akan mendulang suara. Karenanya atribut parpol pun menjadi sasaran tembak.
“Di daerah-daerah tertentu di Jawa, Masyumi diserang atas dasar takhayul bahwa bulan dan bintang, tanda gambar Masyumi, lambang kejahatan,” demikian dikutip dari buku Pemilihan Umum 1955 di Indonesia (1971).
Masyumi (Majelis Syuro Muslimin Indonesia) merupakan organisasi federasi berbasis Islam yang berdiri pada 24 Oktober 1943.
Pada 8 November 1945, yakni empat bulan setelah Proklamasi Kemerdekaan RI dikumandangkan, Masyumi berubah menjadi partai politik. Pada Pemilu 1955, Masyumi memposisikan sebagai lawan tangguh PKI (Partai Komunis Indonesia).
Dalam mengambil hati rakyat, Masyumi menegaskan sebagai partai dengan tokoh yang paling banyak berjasa dalam revolusi kemerdekaan Indonesia.
“Slogan Masyumi paling favorit mengatakan Masyumi selalu maju ke depan sebagai pemimpin setiap kali timbul keadaan yang sulit”.
Dalam Pemilu 1955, logo partai Masyumi, yakni bulan dan bintang menjadi bulan-bulanan. Tudingan lambang kejahatan terus diudarakan oleh lawan-lawan politiknya.
Para kader Masyumi pun melakukan serangan balik kepada Partai NU dan PSSI. Serangan juga menyasar PKI. Setiap pada kesempatan turun ke lapangan, para jurkam (juru kampanye) Masyumi, berusaha menyerang balik.
Dikampanyekan oleh Masyumi bahwa menusuk gambar Partai NU yang mengandung huruf Arab yang suci, sama halnya menodai kesuciannya.
NU merupakan organisasi keagamaan yang menganut paham ahlusunnah waljamaah. Jam’iyah NU berdiri pada 31 Januari 1926 dan sempat bergabung dengan Masyumi.
Dipicu perselisihan politik yang tidak terdamaikan, pada 5 April 1952 NU memutuskan hengkang dari Masyumi dan kemudian berdiri sebagai partai politik.
Dalam mendulang suara pemilih, NU dan Masyumi sama-sama memperebutkan suara dari golongansantriatau pondok pesantren. Sementara PNI dan PKI berebut dukungan dari orang-orang yang memiliki pengaruh atas golonganabangan.
“Masyumi dan NU berupaya membangun organisasinya di atas bahu pemuka agama di desa, kiai atau guru ngaji kalau ada, haji kalau ada, pengurus masjid kalau ada atau pejabat agama pada dewan desa,” dikutip dari buku Pemilihan Umum 1955 di Indonesia.
Sebagai parpol, NU mengusung lambang bola bumi yang dikelilingi tali bersimpul dengan deretan sembilan bintang di pinggirnya. Tali melambangkan Islam dan sembilan bintang adalah Wali Songo.
Serangan politik yang tertuju pada gambar partai juga menimpa PNI. PNI yang mentahbiskan diri sebagai rumah kaum nasionalis memakai hewan banteng sebagai logo partai.
Rakyat Indonesia diibaratkan sebagai banteng, yakni sabar dan tidak cepat naik darah, namun sekali marah akan mengamuk tanpa ampun. Sementara PSI (Partai Sosialis Indonesia) pimpinan Sutan Sjahrir memakai logo bintang lima segi.
PSI di Jawa Tengah dan Jawa Timur memakai penafsiran takhayul Jawa, yakni mimpi kejatuhan bintang sama halnya akan mendapat rezeki.
Yang mengejutkan adalah terobosan yang dilakukan PKI dengan lambang palu aritnya. Dalam kampanye secara luas di depan rakyat, PKI memakai semboyan paling sederhana, yakni menyatakan, “PNI partaipriyayi, Masyumi dan NU partai santri, tetapi PKI partai rakyat”.
Hasil pemilu 1955 menunjukkan suara kaum nasionalis secara nasional masih yang tertinggi, yakni PNI menempati urutan pertama yang disusul oleh Masyumi, NU dan PKI.
Sementara perolehan suara terbanyak urutan kelima dipegang PSII. Sedangkan PSI berada pada urutan kedelapan, yakni di bawah perolehan suara Parkindo dan Partai Katolik.
Editor : Solichan Arif"
https://banjarnegara.inews.id/read/296472/ada-626-bacaleg-dprd-banjarnegara-siap-tempur-di-pemilu-2024,"Senin, 15 Mei 2023 | 16:59 WIB",Ada 626 Bacaleg DPRD Banjarnegara Siap Tempur di Pemilu 2024,"Scan this QR or download app from:
BANJARNEGARA,iNewsBanjarnegara.id-Komisi Pemilihan Umum (KPU) Banjarnegara reski telahmenutup pendaftaranbakal calon anggota (bacaleg) yang diusulkan olehpartai politiksejam Minggu (14/5/2023) pukul 23.59 WIB.
Sejak saat itu,KPU Kabupaten Banjarnegaramencatat setidaknya ada 626 bacaleg yang didaftarkan oleh partai politik sebagai kontestanPemilu serentak2024 yang akan memperebutkan 50 kursiDPRD Banjarnegara.
Ketua KPU Kabupaten Banjarnegara Bambang Puji Prasetya mengatakan, dari jumlah bacaleg yang didaftarkan Parpol ke KPU Banjarnegara, terdapat 347 bacaleg laki-laki dan 279 bacaleg perempuan. Jumlah tersebut terbagi dalam 17 Parpol yang mengajukan pendaftaran bacalegnya ke KPU Banjarnegara.
""Kuota maksimalbacaleg untuk setiap partai politik di Banjarnegara itu 50 orang, jumlah ini sesuai dengan kursi DPRD Banjarnegara, namun tidak semua Parpol mendaftarkan kuota maksimal, bahkan ada juga Parpol yang hanya mendaftarkan 2 bacaleg,"" katanya.
Dikatakannya, dari 17 Parpol yang mendaftarkan bacalegnya, hanya 10 partai yang mendaftarkan kuota maksimal, yakni PKS, Partai NasDem, PDI Perjuangan, PAN, PPP, Partai Golkar, PBB, PKB, Partai Gerindra, dan Partai Demokrat. Sementara, partai lainnya tidak memaksimalkan kuota bacaleg dalam mendaftarkan ke KPU Banjarnegara.
Seperti diketahui, KPU Kabupaten Banjarnegara telah menutup pendaftaran bakal calon anggota legislatif (Bacaleg) pada Minggu (14/5/2023) pukul 23.59 WIB. Dari data yang ada, KPU Banjarnegara menerima17 partai politikmendaftarkan Bacalegnya ke KPU Banjarnegara.
17 Parpol yang sudah mendaftarkan Bacalegnya ke KPU Banjarnegara adalah, PKB, Partai Gerindra, PDI Perjuangan, Partai Golkar, Partai NasDem, Partai Gelora, PKN, PKS, Partai Hanura, Partai Garuda, PBB, PAN, PSI, Partai Demokrat, Partai Perindo, PPP, dan Partai Ummat.
Menurutnya, tahapan berikutnya adalah verifikasi administrasidokumen persyaratanBacaleg yang akan dilakukan pada 15 Mei hingga 23 Juni mendatang, dilanjutkan dengan pengajuan perbaikan dokumen persyaratan Bacaleg yang dilakukan mulai 26 Juni hingga 9 Juli.
""Sesuai dengan tahapan, ada verifikasi administrasi perbaikan, pencermatan rancangan Daftar Calon Sementara (DCS). ""Untuk pengumuman DCS dan masukan serta tanggapan masyarakat atas DCS ini dilakukan mulai 19 - 23 Agustus,"" ujarnya.
Editor : Adel"
https://ngawi.inews.id/read/298362/legitnya-dana-hibah-dari-usulan-pokir-menjelang-pemilu,"Jum'at, 19 Mei 2023 | 18:43 WIB",Legitnya Dana Hibah dari Usulan Pokir Menjelang Pemilu,"Scan this QR or download app from:
NGAWI, iNewsNgawi.id -Pemerintahan Kabupaten Ngawi tahun 2023 menggelontorkandana HibahRp 84,1 miliar untuk berbagai lembaga hasil dari pengajuan masyarakat, pokok pikiran (pokir) Anggota DPRD dan OPD.Kepala Bidang Perencanaan Anggaran Daerah Mulad Setyo Hadi mengatakan, hibah senilai 84,1 miliar terbagi dua bentuk penerimaan.""Pertama sebesar Rp64,9 miliar berupa uang, sedangkan Rp19,2 miliar berupa barang, semua sudah realisasi tahun 2023 ini,"" kata Mulad Setyo Hadi, Selasa (16/5/2023).Dikesempatan yang sama Sekretaris Badan Keuangan Daerah Agus Sutopo menambahkan bahwa pihaknya hanya sebatas merealisasikan data sesuai surat keputusan (SK).""Pengajuan hibah serta verifikasi ada di Bappeda, kami sebatas menyalurkan anggaran dana hibah sesuai surat keputusan,"" kata Agus juga membadingkan penyaluran hibah tahun ini ( 2023 ) nilainya lebih kecil dibandingkan tahun 2022.""Angka hibah tahun ini lebih sedikit dari tahun sebelumnya ( 2022) yang mencapai Rp 86,2 miliar  dengan rincian Rp70,8 berupa uang dan Rp15,4 miliar berupa barang,"" kata Agus sambil menjelaskan jika pertanggungjawaban penggunaan dana hibah itupun bukan dari pihaknya  melainkan langsung penerima hibah.Berpijak dari SK Bupati Ngawi No 188/ 358 /404.101.2/B/2022 Tentang Penerimaan Hibah Daerah Berupa Uang pada Dinas Pendidikan dan Kebudayaan Kabupaten Ngawi, yang diterbitkan 10 Oktober 2022 yang lalu.Dana hibah yang dimaksud dari SK tersebut akan diterima oleh 520 lembaga bersifat nirlaba, sukarela dan sosial yang berada dalam dalam binaan Dinas Pendidikan, dengan total Rp 19, 2 milyar.Dari daftar penerima yang ada dalam SK itu, badan / yayasan dan lembaga penerima hibah dikelompokkan kedalam 15 sub kegiatan mulai pembangunan, rehabiltasi, pembinaan , pengadaan dan perlindungan juga dicantumkan nama rekening penerima alamat serta dana akhir setelah perubahan.Seperti Yayasan Al Hidayah milikWakil Ketua DPRDKhoirul Anam Mu'min  misalnya, tahun ini menerima aliran dana hibah sebesar Rp 1,1 milyar ditujukan kepada empat lembaga yang bernaung dibawah Yayasan Al Hidayah.Empat lembaga dari Yayasan Al Hidayah penerima hibah yang diakui oleh anam, yaitu MA Al Hidayah, MI Al Hidayah dan Madin Ula Al Hidayah di desa Majasem Kecamatan Kendal masing-masing Rp 250 juta, serta sebuah pondok di desa gelung kecamatan paron yang menerima Rp 400 juta.Sedangkan keberadaan Yayasan ini dibenarkan oleh Khoirul Anam sebagai miliknya, namun terkait lembaga penerima hibah yang berada dalam naungan yayasanya itu merupakan kebebasan organisasi lembaga tersebut mengelola manajemen dan cara mendapatkan dana.""Benar 4 penerima itu merupakan yayasan Al Hidayah, dan  itu pengembangan ( pembangunan pondok Gelung) namun pemimpin yayasan bisa berganti, tapi saya termasuk pendiri,"" kata Anam, ( 12/5/2023), yang mengaku tidak melakukan intervensi terhadap proses keberhasilan empat lembaga jaringan yayasannya dalam mendapatkan hibah.""Keterikatan untuk intervensi tidak ada, tapi semua kita bebaskan untuk usul, seperti NU Kendal, NU Gerih kita kasih begitu pun NU Geneng karena besok saya akan Pemilu di sana,"" lanjut Anam, menangkal anggapan kong-kalikong penggunaan hak pokok pikiran ( Pokir ) sebagai anggota DPRD yang dimilikinya.Sebagai bagian dari.yayasan Anam mengatakan tidak harus tahu atau mendapatkan laporan tentang penggunaan dana hibah dari kepala.sekolah atau pengurus lembaga,  namun sebagai anggota DPRD terlebih pada bidang pengawasan, dia akan pasti tahu aliran dana hibah dan penggunaanya.""Kalau ( pengurus lembaga ) melaporkan tidak wajib, tapi saya akan tahu melalui APBD,"" pungkas Anam.Sementara itu , salain lembaga yang bergerak di bidang pendidikan, hibah yang termuat dalam lingkup OPD Dinas Pendidikan dan Kebudayaan, juga dialirkan ke lembaga atau badan yang bergerak dibidang kesenian dan kebudayaan , senilai Rp 1,6 milyar.
Editor : Asfi Manar"
https://parepare.inews.id/read/311301/kpu-sidrap-tetapkan-231252-daftar-pemilih-tetap-pada-pemilu-2024,"Rabu, 21 Juni 2023 | 22:09 WIB",KPU Sidrap Tetapkan 231.252 Daftar Pemilih Tetap pada Pemilu 2024,"Scan this QR or download app from:
SIDRAP,iNewsParepare.id -Komisi Pemilihan Umum (KPU) Kabupaten Sidrap menetapkan Daftar Pemilih Tetap (DPT) Pemilahan Umum (Pemilu) 2024. Hal itu disampaikan melalui rapat pleno terbuka yang digelar di Ball Room Hotel Grand Sidney, Kabupaten Sidrap.
Rapat pleno tentang rekapitulasi danpenetapan DPTPemilu 2024itu dihadiri Sekretaris Daerah Kabupaten Sidrap, Basra, Forkopimda, Bawaslu Sidrap, Parpol peserta Pemilu 2024 dan komisionerKPU Sidrap.
Pada kesempatan itu, Ketua KPU Sidrap, Syamsuddin Saleng menyampaikan, tahapan pendaftaran Pemilu 2024 telah selesai dan hasil DPT telah ditetapkan. Ia menguraikan, DPT yang telah dipersiapkan kemudian disusun secara berjenjang. SDM penyelenggara baik itu Pantarlih, PPS dan PPK bekerja maksimal selamaselama 5 bulan.
""Kita bersyukur karena DPT Pemilu 2024 Kabupaten Sidrap sudah direkapitulasi dan ditetapkan. Artinya KPU Sidrap telah memiliki DPT sebagai panduan untuk pelaksanaan tahapan logistik Pemilu termasuk tahapan tungsura ke depan,"" terangnya, Rabu (21/6/2023).
Diakhir sambutannya, Syamsuddin menyampaikan terima kasih kepada para penyelenggaran yang telah bekerja maksimal menyelesaikan tahapan Pemilu 2024 ini baik ditingkat kecamatan hingga desa.
""Terima Kasih pula yang tak terhingga kepada Pantarlih se-Kabupaten Sidenreng Rappang (Sidrap) atas dedikasinya selama ini dalam melakukan pemutakhiran data pemilih hingga ditetapkan menjadi DPT,"" tukasnya.
Dinas Kependudukan dan Pencatatan Sipil Sidrap juga diharap dapat memaksimalkan perekaman kepada masyarakat yang belum memiliki KTP-EL.
Berikut jumlah pemilih yang ditetapkan KPU Sidrap :
1. Kecamatan Panca Lautang: Laki-Laki : 6.762, Perempuan: 7.2002. Kecamatan Tellu Limpoe: Laki-laki: 9.099, Perempuan: 9.7763. Kecamatan Watang Pulu: Laki-laki: 12.992, Perempuan: 13.4344. Kecamatan Baranti : Laki-laki : 11.541, Perempuan: 12.4745. Kecamatan Panca Rijang: Laki-laki: 10.979, Perempuan: 12.0106. Kecamatan Kulo : Laki-laki:5.043, Perempuan: 5.1347. Kecamatan Maritengngae: Laki-laki: 18.732 Perempuan: 20.1238. Kecamatan Watang Sidenreng: Laki-laki: 6.972, Perempuan: 7.3609. Dua Pitue: Laki-laki: 10.966, Perempuan: 11.70410. Kecamatan Pitu Riawa: Laki-laki: 10.640, Perempuan: 10.97111. Kecamatan Pitu Riase: Laki-laki: 8.748, Perempuan: 8.572
Dari sebaran pemilih di 11 kecamatan tersebut secara keseluruhan jumlah pemilih di Kabupaten Sidenreng Rappang adalah , Laki-laki: 112.494, Perempuan: 118.758 dengan total keseluruhan 231.252.
Editor : Andi Ukki"
https://jabar.inews.id/berita/tok-kpu-tetapkan-dpt-pemilu-2024-kabupaten-bandung-2655214-pemilih,"Kamis, 22 Juni 2023 - 11:25:00 WIB","Tok, KPU Tetapkan DPT Pemilu 2024 Kabupaten Bandung 2.655.214 Pemilih","Scan this QR or download app from:
BANDUNG, iNews.id- KomisiPemilihan Umum(KPU) Kabupaten Bandung, resmi menetapkanDaftar PemilihTetap (DPT) di Kabupaten Bandung untuk Pemilu 2024. Jumlah DPT ditetapkan sebanyak 2.655.214 pemilih.
Ketua KPU Kabupaten Bandung, Agus Baroya, mengatakan penetapan, DPT Pemilu 2024 sebanyak 2.655.214 jiwa dengan rincian 1.345.197 laki-laki dan 1.310.017 perempuan telah sesuai hasil rapat pleno.

""Rapat pleno telah digelar Rabu (22/6/2023) kemarin dan telah disahkan total DPT Pemilu 2024 mencapai 2.655.214 jiwa. Jutaan calon pemilih ini akan mengeluarkan hak pilih di 11.034 TPS,"" ujar Agus, Kamis (22/6/2023).
Agus menjelaskan, sebelum DPT Pemilu 2024 ini disahkan, KPU Kabupaten Bandung telah menindalanjuti sejumlah rekomendasi dan masukan pihak Bawaslu terkait Daftar Pemilih Sementara Hasil Perbaikan (DPSHP).

""Seperti pemilih yang sudah berusia 17 tahun sebanyak 119 jiwa, pemilih pindah datang 34 jiwa, pemilih tidak dikenal 141 jiwa, pemilih meninggal 498 jiwa, pemilih yang salah penempatan posisi TPS 85 jiwa, hingga pemilih ganda 2.908 jiwa,"" tuturnya.
Terkait jumlah pemilih baru yang kini masuk dalam DPT Pemilu 2024, Agus menyebut ada sebanyak 3.793 jiwa. Dari 31 kecamatan di Kabupaten Bandung, Pangalengan jadi daerah penyumbang tertinggi pemilih baru.

""(Jumlah pemilih baru) di Kecamatan Pangalengan tercatat 1.148 jiwa, disusul Baleendah sebanyak 318 jiwa, Banjaran 255 jiwa, Pacet 231 jiwa, Cangkuang 162 jiwa, lalu Kutawaringin 155 jiwa,"" ucap Agus.
Editor: Asep Supiandi"
https://jabar.inews.id/berita/pedagang-bubur-dan-penjahit-di-bandung-doakan-partai-perindo-jaya-pada-pemilu-2024,"Jumat, 07 Juli 2023 - 19:51:00 WIB",Pedagang Bubur dan Penjahit di Bandung Doakan Partai Perindo Jaya pada Pemilu 2024,"Scan this QR or download app from:
BANDUNG, iNews.id -Senyum semringah menghiasi wajah dua pelaku usaha mikro kecil dan menengah (UMKM) binaan Partai Persatuan Indonesia (Perindo) diKota Bandung. Mereka bahagia mendapatkan bantuan dari Partai Perindo.
Ayi Siti Patimah, penjahit asal Cisaranten Endah, Kecamatan Arcamanik, Kota Bandung ini mendapatkan bantuan mesin jahit dari bacaleg DPRD Dapil 3 Kota Bandung John Binsar Simalango.

Ayi sebelumnya sempat mengalami masa-masa sulit pada periode pandemi Covid-19. Namun sekarang sudah mulai mendapatkan pesanan kembali. Namun satu mesin jahit membuatnya tidak bisa memenuhi target. Adanya bantuan modal usaha untuk pembelian mesin jahit dari Partai Perindo sangat membantu.
""Saya berterima kasih sekali buat Pak John yang sudah membantu saya, karena dari satu mesin jadi dua mesin,"" kata Ayi seusai menerima bantuan mesin jahit, Jumat (7/6/2023).

Ayi menyatakan, sangat kerepotan ketika hanya mengandalkan satu mesin jahit. Sedangkan pesanan datang dari 3 pelanggan yang berbeda, mulai blazzer, tas dan jas hujan ransel. ""Jadi kalau satu mesin kita keteteran. Kalau sekarang udah alhamdulillah ada bantuannya ini. Sangat membantu sekali,"" ujar dia.

Editor: Agus Warsudi"
https://lintasbabel.inews.id/read/320437/pemilu-raya-pilih-atha-said-fajri-sebagai-presiden-mahasiswa-polman-babel-periode-2023-2024,"Sabtu, 15 Juli 2023 | 18:06 WIB",Pemilu Raya Pilih Atha Said Fajri Sebagai Presiden Mahasiswa Polman Babel periode 2023-2024,"Scan this QR or download app from:
BANGKA, Lintasbabel.iNews.id -Pemilihan Umum RayaPolman Babel, Jumat 14 Juli 2023 melalui KPUM Polman Babel 2023, akhirnya memilihAtha Said Fajrisebagai menjadiPresiden MahasiswaPolman Babel periode 2023/2024 dengan Wakil Presiden Alfathir Farera.
Melalui proses yang lumayan panjang, mulai dari masa kampanye yang mulai dilakukan sejak 10 Juli sampai dengan 12 Juli 2023, dilanjutkan dengan debat dan orasi tanggal 13 Juli 2023 sekaligus masa tenang.
Muhammad Dzuljalali PresidenmahasiswaPolman Babel periode 2022/2023 turut mengucapkan selamat kepada Presiden Mahasiswa terpilih. Dia mengatakan, banyak evaluasi dari periode sebelumnya, serta banyak pengawalan yang harus dituntaskan diperiode selanjutnya.
""Menjadi suatu tanggung jawab besar untuk mewakili dan memperjuangkan kepentingan seluruh mahasiswa. Tugas ini membutuhkan keberanian, kebijaksanaan, dan kemampuan kolaborasi,"" ujarPresmaterpilih, Atha.
Editor : Muri Setiawan"
https://toraja.inews.id/read/328041/kodim-1414-tator-siap-amankan-pemilu-2024-di-toraja,"Rabu, 02 Agustus 2023 | 20:48 WIB",Kodim 1414 Tator Siap Amankan Pemilu 2024 di Toraja,"Scan this QR or download app from:
TORAJA UTARA, iNews.id-Kodim 1414 Tana Toraja(Tator) yang masih membawahi 2 kabupaten yakni Tana Toraja dan Toraja Utara (Torut) gelar komunikasi sosialjelang Pemilu2024 dengan komponen masyarakat di wilayah Kodim 1414, dengan tema moderasi beragama dan tantangan polarisasi di Indonesia. Kegiatan tersebut dihadiri di jajaran Kodim 1414 Tator,  masyarakat dan insan media di  Warkop KPK, Rantepao Torut, Rabu (2/8/2023).
Dalam kesempatan itu, Dandim 1414 Tator, Letkol. Inf. Monfi Ade Candra mengatakan bahwa saat ini tahapan pemilu 2024 sudah sementara berjalan, olehnya semua pihak harus sama-sama mendukung agar pemilu bisa berjalan aman. Mengingat Toraja ini masuk zona merah sehingga semua pihak harus saling mendukung.
Dijelaskan Candra bahwa jajaran Kodim 1414 Tator saat ini terus mencari informasi, mengingat Torut zona merah, apalagi ada rumor money politik, untuk itu jajaran Kodim melibatkan semua jajaran terutama babinsa mengumpulkan informasi dan sekaligus mengajak masyarakat untuk memilih pemimpin yang dianggap memiliki SDM bukan karena memilih karena ada uangnya, dan TNI punya wewenang untuk menjaga keamanan termasuk dalam meminimalis adanya pelanggaran pemilu.
""Kami terus intens berkomunikasi dengan Bawaslu untuk meminimalis adanya pelanggaran pemilu dan juga berupaya melibatkan Babinza untuk bersosialisasi terkait pemilu yang baik,"" beber Chandra.
Ditambahkan Chandra bahwa dalam pemilu mungkin ada pensiunan TNI yang ikut nyaleg, tetapi bukan berarti TNI mendukung, TNI tidak punya hak politik untuk memilih dan tidak boleh terlibat politik.
""Kami jajaran Kodim 1414 Tator tidak boleh terlibat politik, kami tidak berpolitik, tidak memilih.  Lahan TNI tidak boleh ada baliho Caleg yang terpasang,"" tegas Chandra.
Dirinya berharap kepada semua pihak agar mendukung pemilu yang damai dan menghasilkan wakil rakyat yang benar-benar berpihak pada rakyat.
Editor : Jufri Tonapa"
https://sulsel.inews.id/berita/wujudkan-pemilu-2024-aman-dpd-partai-perindo-makassar-ajak-caleg-kampanye-santun,,,
https://mamuju.inews.id/read/302061/pam-swakarsa-wakapolda-sulbar-wujudkan-harkamtibmas-jelang-pemilu,"Senin, 29 Mei 2023 | 12:48 WIB","Pam Swakarsa, Wakapolda Sulbar: Wujudkan Harkamtibmas Jelang Pemilu","Scan this QR or download app from:
MAMUJU, iNewsMamuju.id-- Pengamanan Masyarakat Swakarsa (Pam Swakarsa) merupakan konsep pengamanan yang akan  diperanaktifkan dalam mewujudkanharkamtibmasjelang pesta demokrasi 2024.
Untuk itu, peran pam swakarsa kedepan tentu sangat diharapkan dapat betul-betul memaksimalkan upaya harkamtibmas khususnya di masa demokrasi mendatang.
Hal ini disampikan langsung oleh Wakapolda Sulbar Brigjen Pol Rachmat Pamudji didampingi Irwasada dan Dir Binmas saat membuka kegiatan pembentukan dan pembinaan PAM Swakarsa dalam Rangka mendukung terciptanya Kamtibmas yang Kondusif menjelang Pemilu Tahun 2024, Senin (29/5/23) di Aula Marannu Polda Sulbar.
Dihadapan para tamu undangan dan peserta pembentukan dan pembinaan PAM Swakarsa, Wakapolda juga menjelaskan bahwa maksud dari Pam Swakarsa adalah bentuk pengamanan yang dilakukan pengemban fungsi kepolisian yang dibentuk atas dasar kemauan kesadaran dan kepentingan masyarakat sendiri dan tentunya semua mendapat pengukuhan dari Polri.
Pihaknya juga mengklaim bahwa pembentukan PAM Swakarsa jelas bertujuan baik. Menurutnya, Polri nantinya akan melibatkan masyarakat dalam menjaga keamanan dan ketertiban khususnya mencegah harkamtibmas sebagai upaya serta membantu tugas Polri.
Editor : A. Rudi Fathir"
https://jabar.inews.id/berita/struktur-partai-sudah-terbentuk-dpd-perindo-indramayu-optimistis-menang-pemilu-2024,"Kamis, 20 Juli 2023 - 20:06:00 WIB","Struktur Partai Sudah Terbentuk, DPD Perindo Indramayu Optimistis Menang Pemilu 2024","Scan this QR or download app from:
BANDUNG, iNews.id- Ketua Dewan Pimpinan Daerah (DPD) Partai Perindo Kabupaten Indramayu, Ami Anggraeni menegaskan, pihaknya sudah sangat siap menjemput kemenangan pada Pemilu 2024. Kesiapan itu ditunjukkan dengan terbentuknya puluhan Dewan Pimpinan Cabang (DPC) dan ratusan Dewan Pimpinan Ranting (DPRt) di wilayahnya.
""Alhamdulillah untuk DPD Kabupaten Indramayu sudah siap dengan segala-galanya, struktur juga sudah terbentuk. Alhamdulillah DPC sudah terbentuk 31 dan DPRt sudah terbentuk 317,"" ucap Ami ditemui seusai Rapat KoordinasiDPW PerindoJabar bersama para Ketua DPD Partai Perindo se-Jabar di Auditorium Kantor DPW Partai Perindo Provinsi Jabar, Jalan Cipaganti Nomor 75, Kota Bandung, Kamis (20/7/2023).

Ami mengatakan, sejauh ini pihaknya telah menggelar koordinasi dan konsolidasi bersama para Ketua DPC dan DPRt untuk menyosialisasikan partai yang dikenal sebagai partai modern yang peduli rakyat kecil, gigih berjuang untuk penciptaan lapangan kerja dan Indonesia sejahtera itu kepada masyarakat luas khususnya di Kabupaten Indramayu.
""Persiapan yang sudah dilakukan kita mengadakan konsolidasi kepada Ketua DPRt, Ketua DPC serta pengurus dan kita akan sosialisasikan ke masyarakat untuk bagaimana Perindo di Kabupaten Indramayu bisa memenangkan khususnya di Kabupaten Indramayu,"" katanya.

Pihaknya pun menargetkan, bisa meraih 1 kursi di setiap dapil di Kabupaten Indramayu.
""Target sendiri untuk kabupaten Insya Allah setiap dapil kita akan duduk 1 kursi artinya 6 kursi kita sudah di tangan,"" ujarnya.

Ami mengaku, saat ini keberadaan partai yang dipimpin oleh Ketua Umum Partai Perindo Hary Tanoesoedibjo dan mendukung bacapres Pemilu 2024 Ganjar Pranowo itu sudah sangat dikenal oleh masyarakat Kabupaten Indramayu.

Editor: Asep Supiandi"
https://cimahi.inews.id/read/300941/tulisan-pangdam-siliwangi-soal-pemilu-jadi-polemik-ini-kata-mahasiswa-pemuda-nusantara,"Jum'at, 26 Mei 2023 | 09:40 WIB","Tulisan Pangdam Siliwangi Soal Pemilu Jadi Polemik, Ini Kata Mahasiswa Pemuda Nusantara","Scan this QR or download app from:
BANDUNG, iNewsCimahi.id- Koalisi Mahasiswa Pemuda Nusantara (KMPN) angkat bicara terkait polemik tulisan Pangdam III Siliwangi Mayjen TNI Kunto Arief tentang etika menuju 2024. Tulisan tersebut dianggap tidak ada persoalan.Koordinator Koalisi Mahasiswa Pemuda Nusantara (KMPN) Dinar Puradinata mengatakan, tulisan tersebut tidak perlu dibesar besarkan. Justru dia menilai ini suatu hal yang tepat dan pantas. Hal itu sesuai dengan permintaan KetuaBawaslukepadaPanglima TNI. Di mana, Bawaslu meminta dukungan sistem keamanan, intelijen, dan sistem keamanan rakyat semesta (Hankamrata) untuk seluruh tahapan Pemilu Serentak 2024.Bawaslu juga meminta dukungan keamanan dari TNI pada seluruh tingkat teritorial mulai tingkat Komando Rayon Militer (Koramil), Komando Resor Militer (Korem) sampai Komando Daerah Militer (Kodam) untuk seluruh jajaran Bawaslu hingga Panitia Pengawas Pemilu Kecamatan (Panwascam) dalam melakukan pengawasan tahapan Pemilu Serentak 2024.""Mayjen Kunto Arief sudah melakukan tindakan yang tepat sesuai dengan UU TNI Pasal 7 (1) bahwa tugas pokok TNI adalah menegakkan kedaulatan negara,mempertahankan keutuhan wilayah Negara Kesatuan Republik Indonesia yang berdasarkan Pancasila dan Undang-Undang Dasar Negara Republik Indonesia Tahun 1945, serta melindungi segenap bangsa dan seluruh tumpah darah Indonesia dari ancaman dan gangguan terhadap keutuhan bangsa dan Negara.” ujar dia.
Editor : Okky Adiana"
https://banjarnegara.inews.id/read/286611/ini-jumlah-dapil-dan-tahapan-pencalegan-pemilu-2024-di-banjarnegara,"Kamis, 20 April 2023 | 10:37 WIB",Ini Jumlah Dapil dan Tahapan Pencalegan Pemilu 2024 di Banjarnegara,"Scan this QR or download app from:
BANJARNEGARA,iNewsBanjarnegara.id-Setelah melalu kajian dan uji publik,KPU Kabupaten Banjarnegaramenetapkan dan menyosialisasikan pembagiandaerah pemilihan(dapil) dan kuota jumlah anggota DPRD di masing-masing dapil dalamPemilu serentak 2024mendatang.
Sosialisasi dan uji publik daerah pemilihan merupakan satu tahapan yang harus dilalui oleh KPU Banjarnegara sebagai bagian dari bagian dari tahapan Pemilu serentak, sosialisasi tersebut dilakukan diFox Harris Hotel Banjarnegara, Rabu (19/4/2023).
Ketua KPU Kabupaten Banjarnegara Bambang Puji Prasetya mengatakan, dalam Pemilu serentak 2024, Kabupaten Banjarnegara terbagi dalam enam dapil dengan total kurs DPRD mencapai 50 anggota DPRD. Jumlah dan pembagian ini sudah melalui tahapan uji publik dan lainnya sesuai ketentuan Undang-undang.
Dapil Banjarnegara I meliputi Kecamatan Banjarnegara, Sigaluh, Madukara, dan Banjarmangu dengan jumlah kursi 10 kursi. Sedangkan Dapil Banjarnegara II meliputi Kecamatan Purwanegara, Bawang, dan Pagedongan dengan jumlah kursi 9. Begitu juga dengan Dapil Banjarnegara III yang terdiri dari Kecamatan Susukan, Purwareja Kalmpok, dan Mandiraja dengan jumlah 9 kursi.
Sementara Banjarnegara IV, mendapatkan jumlah kursi 9 yang meliputi Kecamatan Wanadadi, Rakit, dan Punggelan. Untuk Banjarnegara V ada 7 kursi yang diperebutkan meliputi Kecamatan Karangkobar, Wanayasa, Kalibening, dan Pandanarum. Sedangkan Dapil Banjarnegara VI meliputi Kecamatan Pagentan, Pejawaran, dan Batur dengan jumlah kursi 6.
""Sesuai dengan tahapan, KPU akan mengumumkan prosespendaftarancaleg mulai 24 April 2023, sementara untuk pendaftaran caleg akan dimulai [ada 1 hingga 14 Mei 2023,"" ujarnya.
Sesuai dengan ketentuan dan peraturan perundangan yang berlaku, proses pendaftaran bakal calonanggota legislatifpada Pemilu 2024 ini mengunakan sistem online oleh partai politik peserta pemilu yang ada di KPU.
Editor : Adel"
https://tuban.inews.id/read/294849/pendaftaran-caleg-dpc-pdi-perjuangan-kabupaten-tuban-siap-menangkan-di-pemilu-2024,"Kamis, 11 Mei 2023 | 16:27 WIB",Pendaftaran Caleg : DPC PDI Perjuangan Kabupaten Tuban Siap Menangkan di Pemilu 2024,"Scan this QR or download app from:
TUBAN, iNews.id - RombonganDPCPDI PerjuanganKabupaten Tuban berangkat ke Kantor Komisi Pemilihan Umum (KPU) di Jl. Pramuka no 3, Sidorejo, Kecamatan tuban, kabupaten tuban untuk melakukan pendaftaran bakal calon legislatif (caleg) dipemilu2024, kamis (11/05/2023).
Dalam acara pendaftaran di kpu tersebut, DPC PDI Perjuangan Kabupaten Tuban menyajikan tari lencir kuning yang  di peragakan oleh penari binaan BKN DPC PDI Perjuangan Kabupaten Tuban, penampilan penari ini menambah semaraknya acara  pendaftaran bakal calon legislatif di KPU.
PDI Perjuangan melakukan pendaftaran di KPU dilakukan secara serentak diseluruh Indonesia. Tema yang di usung adalah “Gelora Kebangsaan – Indonesia Berkepribadian dalam Kebudayaan” untuk mensukseskan Pemilu 2024.
Andhi Hartanto Ketua DPC PDI Perjuangan Kabupaten Tuban dalam konferensi pers mengatakan, DPC PDI Perjuangan Kabupaten Tuban siap menangkan Pemilu 2024, kami melakukan konsolidasi mengawal seluruh tahapan pemilih sesuai dengan intruksi DPP PDI Perjuangan dan terus konsolidasi untuk kemenangan Pemilu 2024 baik pilpres maupun legislatif, tuturnya.
“Seluruh dapil sudah terpenuhi seratus persen dan kami targetnya menang mendapat minimalnya 10 kursi, maksimalnya menang, berarti bisa mendapatkan lebih dari 10 kursi” tegasnya.
Andhi menambahkan, pengawalan seluruh kelengkapan administratif sudah dilakukan dan seluruh calon anggota legislatif tersebut sudah dipersiapkan secara matang, karena telah melalui berbagai tahapan sebelum ditetapkan sebagai bakal calon legislatif dan siap mewakili masyarakat Kabupaten Tuban, pungkasnya.
Editor : Prayudianto"
https://karawang.inews.id/read/279364/mabes-polri-turun-tangan-terkait-ribuan-anggota-polisi-masuk-ke-dpt-pemilu-2024,"Selasa, 04 April 2023 | 21:44 WIB","Mabes Polri Turun Tangan, Terkait Ribuan Anggota Polisi Masuk ke DPT Pemilu 2024","Scan this QR or download app from:
JAKARTA,iNewskarawang.id - Terkait dengan adanya data dari Bawaslu yang menyatakan bahwa terdapat anggota kepolisian yang terdaftar sebagai Daftar Pemilih Tetap (DPT) diPemilu 2024,Mabes Polrimelakukan verifikasi ulang.
Karo Penmas Divisi Humas Polri Brigjen Ahmad Ramadhan di Jakarta, Selasa (4/4/2023) mengatakan, Polri telah berkoordinasi dengan pihak KPU dan meminta nama-nama anggota Polri yang tercatat atau daftar pemilih tetap.""Kita akan melakukan verifikasi terhadap nama-nama tersebut,” ujarnya.
Dia melanjutkan, dari dugaan sementara adanya hal tersebut lantaran kemungkinan data dalam kartu identitas sejumlah anggota Polri yang pensiun masih belum berubah.
Pasalnya, kata dia, bagi anggota yang telah memasuki masa pensiun atau purnawirawan memang sudah mendapatkan hak pilih dalam Pemilu tahun 2024.
""Untuk itu Polri akan memverifikasi kembali apakah nama-nama tersebut adalah anggota Polri yang telah memasuki masa purna atau masa pensiun,” tutup jenderal bintang satu Polri tersebut.
Sekadar diketahui, Bawaslu RI mencatat lebih dari 20 ribu anggota TNI dan Polri masuk sebagai daftar pemilih Pemilu 2024 pada 8 daerah provinsi. Rinciannya 11.457 anggota TNI dan 9.198 anggota Polri yang terdaftar sebagai DPT.
""Jumlah pemilih yang prajurit TNI: 11.457 (Jabar, NTT, Aceh, Jambil, Lampung), dan jumlah Pemilih yang anggota Polri: 9.198 (DKI Jakarta, Jabar, NTT, Sultra, Maluku),"" kata Anggota Bawaslu RI Lolly Suhenti dalam keterangannya, Rabu (29/3).
Data tersebut berdasarkan hasil pengawasan Bawaslu terhadap proses pencocokan dan penelitian (coklit) daftar pemilih Pemilu 2024. Lolly mengatakan masih ada pemilih yang memiliki kartu tanda prajurit, namun dimasukkan ke dalam data pemilih.
""Adanya pemilih TMS yang belum dicoret seperti pemilih yang sudah meninggal dibuktikan dengan surat keterangan kematian dan pemilih di bawah umur, serta pemilih berstatus TNI, Polri yang memiliki kartu tanda prajurit TNI/anggota Polri,"" tutupnya.
Editor : Frizky Wibisono"
https://sulut.inews.id/berita/dpw-perindo-gelar-rakorwil-siapkan-struktur-partai-jelang-pemilu-2024,"Minggu, 19 Maret 2023 - 14:24:00 WITA","DPW Perindo Gelar Rakorwil, Siapkan Struktur Partai jelang Pemilu 2024","Scan this QR or download app from:
MANADO, iNews.id- Dewan PimpinanPartai PerindoSulawesi Utara (Sulut) menggelar rapat koordinasi wilayahRakorwil) di Manado. Rakorwil membahas pembentukan pengurus tingkat ranting atau DPRt sebagai penguatan struktur partai jelang Pemilu 2024.
Rakorwil Partai Perindo Sulut diikuti seluruh pengurus DPD 15 kKabupaten dan kota Bapilu daerah dan para anggota legislatif.

Rakorwil yang membahas progres pembentukan pengurus ranting atau DPRt ini dihadiri Ketua DPP Perindo Bidang Organisasi Kaderisasi dan Keanggotaan, Yusuf Lakaseng dan Korwil Sulut Rommy Tanusaputra.
""Pembentukan DPRt sebagian besar telah mencapai 50 persen dan pada April mendatang optimistis akan segera rampung 100 persen,"" kata Ketua DPW Partai Perindo Sulut, Jacklyn Koloay, Sabtu (19/3/2023).


Editor: Cahya Sumirat"
https://www.inews.id/news/nasional/partai-perindo-jakarta-utara-optimistis-raih-90-persen-suara-di-pemilu-2024,"Sabtu, 06 Mei 2023 - 22:09:00 WIB",Partai Perindo Jakarta Utara Optimistis Raih 90 Persen Suara di Pemilu 2024,"Scan this QR or download app from:
JAKARTA, iNews.id -Ketua DPD Partai Persatuan Indonesia (Perindo)Jakarta UtaraKapten Antonius Riyanto Saputro optimistis dapat mengantongi 90 persen suara diPemilu 2024. Hal tersebut disampaikan Antonius setelah menggelar konsolidasi DPDPartai PerindoJakarta Utara dan Pembentukan Badan Pemenangan Pemilu (Bappilu) Jakarta Utara.
""Kita yakin untuk kemenangan Jakarta Utara ini 90 persen sudah di tangan dari sisi kepengurusan,"" kata Antonius di Sekretariat DPD Partai Perindo, Jakarta Utara, Sabtu (6/5/2023).


Angka persentase tersebut, kata Antonius, bisa dikantongi partai bernomor urut 16 tersebut karena Dewan Pimpinan Ranting (DPRt) di wilayahnya memiliki struktur kepengurusan yang kuat.
""Program Bappilu Jakarta Utara saat ini dari susunan struktur pengurus, DPRt yang akan kita bentuk nantinya di wilayah Jakut ada di 31 kelurahan. Kalau kesiapan Bappilu sendiri sebenarnya kita sudah curi start yah, kita sudah lakukan dari dulu, DPRt kita sudah terbentuk semua,"" katanya.

Partai Perindo yang dikenal sebagai partai yang peduli rakyat kecil, gigih memperjuangkan penciptaan lapangan kerja dan Indonesia Sejahtera itu telah menyiapkan DPRt pada masing-masing kelurahan di wilayah Jakarta Utara.
""Masing-masing DPRt kita sudah ada terdiri dari 10 pengurus, kita sudah ada di masing-masing tingkat kelurahan,"" ucapnya.
Editor: Reza Fajri"
https://www.inews.id/otomotif/niaga/arti-unik-di-balik-nama-po-pelita-mas-terinspirasi-pemilu-5-tahun,"Minggu, 19 Februari 2023 - 14:00:00 WIB","Arti Unik di Balik Nama PO Pelita Mas, Terinspirasi Pemilu 5 Tahun","Scan this QR or download app from:
JAKARTA, iNews.id- Perusahaan Otobus (PO) Pelita Mas berdiri pada 1975, di Malang, Jawa Timur.PO bustersebut kini dikelola Harry Sucipto merupakan generasi ketiga penerus perusahaan.
Perusahaan otobus ini melayani angkutan Antar Kota Dalam Provinsi (AKDP) dan menyediakan penyewaanbuspariwisata.
Harry mengungkapkan perusahaan yang didirikan kakeknya ini sebelumnya merupakan pengusaha truk di Madura. Setelah hijrah ke Malang pada 1960-an, barulah terpikir untuk membuka jasa angkutan bus.
Namun, salah satu hal yang perlu dipikirkan saat membangun usaha bus adalah nama untuk perusahaan. Akhirnya tercetuslah namaPO Pelita Masyang memiliki arti unik dan sederhana.
“Singkatan itu. Pemilu 5 tahun, pembangunan 5 tahun, jadi di singkat. Mas-nya itu ‘Masyarakat’, jadi di singkat. Mungkin kakek saya terinspirasi dari pergantian periode kepemimpinan itu ya,” kata Harry dikutip dalam video kanal YouTube PerpalZ TV.
"
https://cilegon.inews.id/read/255513/sambut-pemilu-kpu-pandeglang-ajak-mahasiswa-hingga-parpol-nobar-kirab-pemilu-2024,"Rabu, 15 Februari 2023 | 09:55 WIB","Sambut Pemilu, KPU Pandeglang ajak Mahasiswa hingga Parpol Nobar Kirab Pemilu 2024","Scan this QR or download app from:
PANDEGLANG,iNewsCilegon.id- Sambut pemilihan umum (Pemilu) 2024, Komisi Pemilihan Umum (KPU) Pandeglang menggelar kirab pemilu dengan tema Pemilu sebagai integrasi bangsa secara serentak, olehKPU RIdengan mengikuti secara langsung melalui live streaming, bertempat di aula kantorKPU Pandeglang, pada Selasa (14/2/2023).
Acara tersebut melibatkan penyelenggara Pemilu,Parpol,Pemerintah daerah,mahasiswadan takeholder terkait.
Ketua KPU Pandeglang Ahmad Suja'i mengatakan, kegiatan nonton bareng Kirab Pemilu tahun 2024 tersebut merupakan intruksi KPU RI sesuai dengan SE Nomor 2 tahun 2024.
""Kegiatan peluncuran kirab ini dilaksanakan di 8 lokasi yaitu di KPU RI, KPU Aceh, KPU kota Batam Provinsi Kepulauan Riau, KPU provinsi Kalimantan Barat, KPU provinsi Kalimantan Utara, KPU Kabupaten Pulau Moritai Provinsi Maluku Utara, KPU Provinsi Nusa Tenggara Timur dan KPU Provinsi Papua,"" jelas Ahmad Suja'i.
Ahmad Suja'i menuturkan,kirab Pemilu 2024dilaksanakan melalaui pengucapan deklarasi pemilu sebagai sarana integrasi bangsa, pelepasan perjalanan bendera parpol peserta pemilu 2024, perjalanan bendera parpol peserta pemilu secara estafet antar provinsi dan kabupaten atau kota sesuai dengan rute yg telah di tetapkan dimulai dari 7 lokasi peluncuran kirab.
""Nanti rutenya dari Provinsi Aceh, kota batam provinsi kepulauan Riau, provinsi kalimantan Barat, provinsi kalimantan utara, kabupaten pulau morotai provinsi Maluku Utara, provinsi Nusa Tenggara timur dan Provinsi Papua menuju Jakarta pelaksanaan kirab Pemilu 2024 dimulai dari tanggal 14 Februari dan finish di jakarta tanggal 26 November 2023,"" pungkasnya.
Editor : M Mahfud"
https://www.inews.id/news/internasional/pakistan-luncurkan-operasi-lawan-militan-islam-pemilu-ditunda/all,"Sabtu, 08 April 2023 - 16:42:00 WIB","Pakistan Luncurkan Operasi Lawan Militan Islam, Pemilu Ditunda","Scan this QR or download app from:
ISLAMABAD, iNews.id-Pakistansegera meluncurkan operasi nasional baru untuk membasmimilitanIslam. Langkah itu dinilai sebagai dalih bagi pemerintah untuk menunda pemilihan tingkat provinsi yang seharusnya diadakan bulan depan.
Negara itu terakhir kali meluncurkan operasi habis-habisan melawan militan Islam tahun 2014. Langkah itu telah merugikan negara miliaran dolar. Ratusan orang tewas dan lebih dari satu juta orang mengungsi.


Keputusan menggelar operasi nasioan baru itu disampaikan Komite Keamanan Nasional pada Jumat (7/4/2023). Mereka menggelar pertemuan yang dipimpin oleh Perdana Menteri Shehbaz Sharif dan dihadiri pimpinan militer negara.
""Pertemuan itu sepakat untuk meluncurkan operasi komprehensif habis-habisan dengan seluruh bangsa dan pemerintah, yang akan membebaskan negara dari ancaman terorisme dengan semangat dan tekad baru,"" kata komite keamanan dalam sebuah pernyataan.

Dalam pertemuan tersebut disepakati adanya sebuah komite yang akan membuat rekomendasi mengenai rincian operasi anti-militan dalam waktu dua minggu.
Saat ini, Pakistan berada dalam kondisi bahaya gagal bayar atas utangnya. Program bailout Dana Moneter Internasional terhenti sejak November.

Sementara itu di dalam negeri, pertempuran politik terus berkecamuk antara pemerintah dan mantan Perdana MenteriImran Khan.
Pakistan merupakan negara bersenjata nuklir dengan jumlah penduduk 220 juta orang. Militan Islam meningkatkan serangan dalam beberapa bulan terakhir, terutama sejak negosiasi dengan kelompok militan Tehreek-e-Taliban Pakistan gagal tahun lalu.

Tahun ini, kelompok tersebut dan faksi-faksinya melancarkan gelombang serangan. Salah satunya bom bunuh diri di sebuah masjid di kota barat laut Peshawar yang menewaskan lebih dari 100 orang. Sebagian besar korban merupakan polisi.
Pemerintah telah menyatakan bahwa situasi keamanan yang memburuk berarti pemilihan provinsi harus ditunda.

""Operasi telah berlangsung... tetapi pernyataan ini akan menjadi alasan bagi pemerintah untuk mengatakan tidak dapat mengadakan pemilu di tengah operasi di seluruh negeri,"" kata seorang penulis buku tentang militansi di Pakistan, Zahid Hussain kepada Reuters.
Sebelumnya, mantan PM Khan mendorong digelarnya pemilihan di tengah meningkatnya kemarahan rakyat atas inflasi yang tinggi selama beberapa dekade dan perlambatan ekonomi negara.
Khan mengatakan rapat komite digelar untuk menggunakan keamanan sebagai dalih menunda pemilihan. Menurutnya hal itu akan mengadu domba militer dengan pengadilan.
Editor: Umaya Khusniah"
https://medan.inews.id/read/264263/deklarator-partai-gerindra-dahnil-ginting-penundaan-pemilu-2024-putusan-pn-jakpus-keliru,"Minggu, 05 Maret 2023 | 16:00 WIB",Deklarator Partai Gerindra Dahnil Ginting: Penundaan Pemilu 2024 Putusan PN Jakpus Keliru,"Scan this QR or download app from:
DELISERDANG, iNewsMedan.id- Putusan HakimPengadilan Negeri Jakarta Pusatdalam perkar Nomor 757/Pdt.G/2022/PN.Jkt.Pst yang mengabulkan gugatan Partai Rakyat Adil Makmur (Prima) untuk seluruhnya dan pada salah satu amarnya menyatakan bahwa menghukum tergugat (Komisi Pemilihan Umum Republik IndonesiaKPU RI) untuk tidak melaksanakan sisa tahapan Pemilihan Umum 2024 sejak putusan ini diucapkan dan melaksanakan tahapan Pemilihan Umum dari awal selama lebih kurang 2 tahun menimbulkan gejolak.
Salah seorang deklarator Partai Gerindra Kabupaten Deliserdang Muhammad Dahnil Ginting, berpendapat bahwa putusan Hakim Pengadilan Negeri Jakarta Pusat yang menundapelaksanaan PemiluTahun 2024 adalah keliru.
""Pasalnya, penundaan Pemilu akan memiliki dampak luas dan berakibat pada pelaksaan Pemilu yang telah ditetapkan KPU,"" katanya, Minggu (5/3/2023).
Hal tersebut dikatakan Ginting, menanggapi kekisruhan akibat Putusan PN Jakarta Pusat tersebut. Disebutkan Dahnil Ginting, sengketa antara Partai Prima dan KPU merupakan jenis sengketa contentiosa.
""Di mana, antara kedua pihak yang berperkara, putusannya hanya berlaku dan mengikat pada para pihak yang berperkara saja. Hal ini menunjukkan bahwa seyogianya dalam perkara tersebut hakim tidak memiliki wewenang menjatuhkan putusan yang berdampak terhadap pelaksanaan Pemilu yang bukan hanya berhubungan dengan para pihak saja, melainkan dengan dengan seluruh warga negera Republik Indonesia,"" ucap Dahnil.
Editor : Jafar Sembiring"
https://pantura.inews.id/read/289328/291-warga-sudah-meninggal-masih-terdata-di-dps-pemilu-2024-yang-ditetapkan-kpu-batang,"Jum'at, 28 April 2023 | 11:41 WIB",291 Warga Sudah Meninggal Masih Terdata di DPS Pemilu 2024 yang Ditetapkan KPU Batang,"Scan this QR or download app from:
BSTANG, iNewsPantura. id –Bawaslu Kabupaten Batangmenemukan sebanyak291 wargayang sudah meninggal dunia, namun masih terdata dalam Daftar Pemilih Sementara (DPS) Pemilu 2024 yang ditetapkanKPU Batang.
Tidak hanya itu, ada beberapa poin juga yang dicermati Bawaslu Batang terkaitDPS Pemilu 2024. Seperti masih ditemukannya,  77 pemilih yang tidak lengkap elemen datanya.
Kemudian ada 56 orang yang memenuhi syarat tetapi belum masuk ke dalam ditemukannya 165 pemilih ganda dan adanya 9 temuan satu KK yang pisah TPS.
""Untuk hasil pencermatan tersebut, akan dilakukan saran perbaikan oleh Panwaslu Kecamatan kepada Panitia Pemilihan Kecamatan (PPK),"" ujar  Ketua Bawaslu Batang, Mahbrur  melalui Kordiv Pencegahan, Partisipasi Masyarakat dan Hubungan Masyarakat Bawaslu Batang, Khikmatun, saat diwawancarai, Kamis (27/4/2023).
Diakui Khikmatun, dalam pencermatan DPS ini pihaknya butuh strategi baru. Pasalnya salinan DPS yang diberikan ke Bawaslu Batang hanya memberikan salinan DPS dalam format tanpa NIK.
""Harus lebih teliti lagi dalam melakukan pencermatan, khususnya dalam mengecek data ganda, karena tak adanya NIK. Kami juga apresiasi jajaran pengawas Pemilu hingga tingkat desa yang berusaha untuk mencermati DPS ini,"" tambah dia.
Ia juga  berharap nantinya hasil pencermatan ini bisa segera ditindaklanjuti oleh jajaran KPU Batang. Mengingat ke depan ada beberapa tahapan yang harus dilalui, dimana ada tahap perbaikan DPS dan Penyusunan DPSHP  selama dua Minggu, mulai 24 April - 7 Mei 2023.
""Kami (Bawaslu Batang)  berharap jajaran KPU Batang dapat menindaklanjuti hasil pencermatan ini sesuai regulasi seakurat mungkin. Sehingga, masyarakat akan mendapati DPT kita adalah DPT yang berkualitas,""pungkas Khikmatun. *
Editor : Trias Purwadi"
https://mamuju.inews.id/read/275646/depan-lemhanas-kapolda-paparkan-kamtibnas-dan-kesiapan-polda-sulbar-menghadapi-pemilu-2024,"Selasa, 28 Maret 2023 | 20:22 WIB","Depan Lemhanas, Kapolda Paparkan Kamtibnas dan Kesiapan Polda Sulbar Menghadapi Pemilu 2024","Scan this QR or download app from:
MAMUJU, iNewsMamuju.id--Polda Sulawesi Barat(Sulbar) menerima kunjungan pesertaLemhanas RIdalam rangkaStudi Strategis Dalam Negeri(SSDN) Program Pendidikan Reguler Angkatan  LXV  Lembaga Pertahanan Nasional (Lemhanas) RI Tahun 2023
Pertemuan yang digelar di Aula Maranu Polda Sulbar dihadiriKapolda Sulbar Irjen Verdianto Iskanda Bitticaca,Wakapolda Sulbar Brigjen Rachmat Pamudjidan seluruh Pejabat Utama (PJU) Polda Sulbar, Selasa (28/3/2023).
Rombongan Lembaga Ketahanan Nasional (Lemhannas) RI dipimpin langsung Irjen Pol Sumadi.
Kapolda Sulbar Irjen Pol Verdianto Iskandar Biticaca dalam pertemuan, mengaku bersyukur dan bangga atas kunjungan peserta studi Strategis Dalam Negeri (SSDN) Program Pendidikan Reguler Angkatan  LXV Lemhanas RI Tahun 2023 di Polda Sulbar.
“Terima Kasih kami ucapkan dan penghargaan yang setinggi-tingginya atas kunjungan peserta studi Strategis Dalam Negeri (SSDN) Program Pendidikan Reguler Angkatan  LXV Tahun 2023 Lemhannas RI di Polda Sulbar,"" Ujar kapolda.
Kapolda kemudian memaparkan situasi umum keamanan dan ketertiban masyarakat (kamtibmas) di wilayah hukum Polda Sulbar, kerukunan antar umat beragama, hingga beberapa isu terkini termasuk kesiapan polda sulbar menghadapi pemilu 2024
""Terkait momentum pesta demokrasi. Pentingnya sinergitas stake holder antara lain penyelenggara pemilu, pemerintah, TNI/Polri, Tokoh agama dan masyarakat serta teman-teman media,""Ucap Kapolda.
Editor : A. Rudi Fathir"
https://kaltim.inews.id/berita/brimob-bentuk-3-satuan-kewilayahan-baru-amankan-ikn-papua-hingga-pemilu-2024,"Sabtu, 11 Maret 2023 - 13:40:00 WIB","Brimob Bentuk 3 Satuan Kewilayahan Baru, Amankan IKN, Papua hingga Pemilu 2024","Scan this QR or download app from:
JAKARTA, iNews.id-Korps BrimobPolrimeresmikan struktur organisasi baru dan melantik tiga jabatan Komandan Pasukan Brimob I, II dan III. Struktur baru satuan kewilayahan ini guna mempercepat dalam memberikan perlindungan, melayani dan mengayomi masyarakat.
Dalam struktur organisasi baru ini terdapat 3 Komandan Pasukan Brimob yang akan ditempatkan di tiga wilayah bagian. Pasukan Brimob I wilayah Indonesia Barat akan dipusatkan diAceh. Untuk Pasukan Brimob II wilayah Indonesia Tengah berada diKalimantan Timur.

""Pasukan Brimob II di wilayah Indonesia Tengah untuk menjaga kebijakan pemerintah yaitu untuk persiapanIKNbagaimana Pasukan Brimob II menjaga kebijakan kita untuk persiapan IKN yang ada di Kalimantan Timur,"" ujar Dankor Brimob Polri Komjen Anang Revandoko di Lapangan Mako Brimob Kelapa Dua, Depok, Jumat (10/3/2023).
Sementara untuk Pasukan Brimob III wilayah Timur akan bertempat diPapua, khususnya di Timika. Ketiga Komandan Pasukan Brimob di tiga wilayah tersebut akan dipimpin jenderal bintang satu.

Lebih lanjut, Anang menuturkan, peresmian struktur organisasi baru di Korps Brimob merupakan kajian lama pimpinan Polri agar Korps Brimob dapat menjadi lebih baik, cepat dan profesional dalam melayani, melindungi serta mengayomi masyarakat.

Editor: Donald Karouw"
https://jateng.inews.id/berita/jelang-pemilu-2024-gambar-politisi-mulai-bertebaran-di-kota-solo/2,"Sabtu, 01 April 2023 - 11:27:00 WIB","Jelang Pemilu 2024, Gambar Politisi Mulai Bertebaran di Kota Solo","Scan this QR or download app from:

""Kalau terkait identifikasi pelanggaran, itu nanti kewenangan Bawaslu,"" katanya.

Ketua Bawaslu Solo, Budi Wahyono mengatakan, pemasangan gambar-gambar tersebut tidak masuk dalam kategori alat peraga kampanye, sehingga tidak melanggar ketentuan pemilu sebagaimana yang diatur dalam ketentuan UU Nomor 7 Tahun 2017.
""Karena belum ada penetapan calon, maka baliho belum bisa dinyatakan sebagai alat peraga kampanye,"" ujarnya.
Terkait dengan narasi yang sedikit menyinggung pencalonan, Budi juga menegaskan bahwa tidak melanggar ketentuan kontestasi.
""Baliho lebih sebagai sarana sosialisasi (partai politik) dan tidak melanggar ketentuan yang ada,"" ucapnya.
Editor: Ary Wahyu Wibowo"
https://lampung.inews.id/berita/data-pemilih-untuk-pemilu-petugas-malah-temukan-warga-gantung-diri-di-bandarlampung,"Senin, 20 Februari 2023 - 21:14:00 WIB","Data Pemilih untuk Pemilu, Petugas malah Temukan Warga Gantung Diri di Bandarlampung","Scan this QR or download app from:
BANDARLAMPUNG, iNews.id- Petugaspemutakhiran data pemilih(pantarlih) untuk pemilu menemukan mayat seorang wargagantung diri. Peristiwa ini terjadi di Jalan Sagitarius, Kelurahan Rajabasa Nunyai, Kecamatan Rajabasa,Kota Bandarlampung, Senin (20/2/2023).
Lurah Rajabasa Nunyai Nurhaliyah mengatakan, korban pertama kali ditemukan petugas dalam keadaan tergantung dengan seutas tali kain di pintu.

""Sekitar jam 15.00 WIB saya dapat telepon dari Bapak RT kalau ada warga gantung diri di pintu kamar lantai dua menggunakan tali panjang,"" ujar Nurhaliyah kepada awak media, Senin (20/2/2023).
Dia menjelaskan, setelah mendapatkan informasi dari warga terkait temuan warga gantung diri tersebut, Ketua RT langsung mendatangi lokasi untuk mengecek.

""Awalnya ada petugas pantarlih datang untuk mendata, pas naik ke lantai dua, ternyata dia (korban) tergantung di atas pintu,"" katanya.
Nurhaliyah menuturkan, korban merupakan seoranglansiabernama Tri berusia 64 tahun yang tinggal seorang diri di rumah tersebut.

""Dia tinggal sendiri bersama anak kos, punya anak tapi nggak di sini,"" ucapnya.

Editor: Donald Karouw"
https://pantura.inews.id/read/272995/waspada-para-asn-foto-bareng-peserta-pemilu-bisa-disanksi,"Kamis, 23 Maret 2023 | 17:44 WIB",Waspada Para ASN! Foto Bareng Peserta Pemilu Bisa Disanksi,"Scan this QR or download app from:
JAKARTA, iNewsPantura.id- MenjelangPemilu 2024Aparatur Sipil Negara(ASN) harus hati hati jika foto bersama parapeserta Pemilu! ASN yangfoto barengpeserta pemilu apalagi dengan gerakan tangan yang berkaitan dengan peserta pemilu bisa dikenai sanksi.
""Saat foto-foto biasanya ada gerakan tangan tertentu yang berkaitan dengan nomor urut peserta pemilu. Hal tersebut bisa dikaitkan dengan netralitas ASN,"" ujar Ketua Badan Pengawas Pemilihan Umum (Bawaslu) RI Rahmat Bagja dalam keterangannya, Kamis, (23/3/2023).
Menurut Bagja, persoalan netralitas ASN selalu terjadi dalam pemilu dan pemilihan. Di antaranya kepentingan politik partisan ASN yang punya irisan kekerabatan atau kesukuan dengan calon. Mengambil posisi keberpihakan karena peluang menduduki jabatan tertentu atau keuntungan lainnya. ""Serta penegakan hukum yang masih birokratis, terlalu banyak melibatkan pihak dan belum sepenuhnya memberi efek jera pada para pelaku pelanggaran atas netralitas ASN. Lalu politisasi birokrasi yang dilakukan oleh calon peserta pemilu/pemilihan,"" ungkapnya.
Dalam data yang dipaparkan Bagja, pada 2020-2021 terdapat 2034 ASN yang dilaporkan. Sebanyak 1.596 ASN terbukti melanggar dan dijatuhi sanksi, sedangkan 1.373 ASN sudah ditindaklanjuti oleh PPK dengan pemberian sanksi. ""Beragam pelanggaran yang dilakukan oleh ASN, yaitu kampanye sosialisasi media sosial, mengadakan kegiatan atau deklarasi yang mengarah kepada keberpihakan kepada salah satu calon atau bakal calon, dan melakukan pendekatan ke Parpol terkait pencalonan dirinya atau orang lain sebagai calon atau bakal calon kepala daerah,"" katanya.
Editor : Muhammad Burhan"
