url,tanggal,judul,isi
https://www.inews.id/news/nasional/gus-atok-santri-selalu-doakan-ganjar-tak-perlu-khawatir/2,"Sabtu, 16 Desember 2023 - 05:35:00 WIB","Gus Atok: Santri Selalu Doakan Ganjar, Tak Perlu Khawatir","Scan this QR or download app from:


""Baru pertama kali perjalanan politik saya keliling mengajak anak istri. Di dalam kita sudah menandatangani piagam perjuangan. Insya Allah itu ijab kobul yang tulus untuk kita berjuang bersama. Karena kita sedang mendengarkan keluh kesah dan realitas yang ada,"" ujarnya.
Berikut isi Piagam Perjuangan Ponpes Nurul Huda dan Ganjar:

Piagam perjuangan Nurul Huda kiai ustaz ustazah dan laju Indonesia memutuskan berkomitmen penuh berjuang bersama pasangan capres dan cawapresGanjar-Mahfudmewujudkan tridarma bagi pesantren, yaitu;
1. Memperjuangkan politik legislasi dan politik anggaran untuk memperkuat hadirnya vokasi atau kejuruan yang terintegrasi dengan industri nasional dan penyiapan lapangan kerja memastikan lulusan pesantren mendapatkan kesempatan yang sama dalam memperoleh pekerjaan yang layak dalam sektor industri.
2. Memperjuangkan politik legislasi dan politik anggaran untuk jaminan kesehatan santri, sesuai dengan prinsip sistem jaminan sosial nasional. Serta memperkuat dan mendampingi balai kesehatan masyarakat atau BKN di lingkup pesantren di antaranya terkait akreditasi dan kerja sama BKN dengan BPJS kesehatan.
3. Memperjuangkan politik legislasi dan politik anggaran terkait upah dan lima jaminan sosial untuk pengajar dan pendidik di pondok pesantren.
Editor: Donald Karouw"
https://www.inews.id/news/nasional/mengenal-pulau-injil-mansinam-lokasi-sejarah-peradaban-papua-yang-dikunjungi-ganjar-pranowo,"Selasa, 21 November 2023 - 11:34:00 WIB","Mengenal Pulau Injil Mansinam, Lokasi Sejarah Peradaban Papua yang Dikunjungi Ganjar Pranowo","Scan this QR or download app from:
JAKARTA, iNews.id-Ganjar Pranowo, Capres Nomor Urut 3, mengunjungi Pulau Injil Mansinam. Destinasi bersejarah di Papua ini menjadi saksi bisu perkembangan peradaban Papua.
Terletak di Teluk Doreh, pulau ini memegang peran penting sebagai tempat kedatangan Misi Injil pertama pada tahun 1855. Selama kunjungannya, Ganjar Pranowo tidak hanya menikmati keindahan alam yang memesona, tetapi juga menghormati dan menelusuri warisan sejarah serta perkembangan agama di Papua.


Calon Presiden yang berpasangan dengan Mahfud MD tersebut menjalani kunjungan khusus ke Manokwari, Papua Barat pada Senin (20/11/2023). Pukul 07.30 WIT, Ganjar Pranowo tiba di Bandara Rendani Manokwari.
Selanjutnya dirinya disambut dalam sebuah prosesi adat dan diarak menggunakan perahu mesin menujupulau MansinamDistrik Manokwari Timur.

Di pulau ini, Ganjar Pranowo menjelajahi sejumlah situs sejarah yang menjadi awal peradaban kekristenan di kalangan orang Papua. Selain itu, Ganjar juga mendapat doa dari pemuka agama setempat, menambah makna kunjungannya."
https://www.inews.id/travel/destinasi/mengenal-alang-penyimpan-padi-mirip-rumah-adat-toraja-tempat-yang-disambangi-ganjar-pranowo,"Senin, 27 November 2023 - 10:55:00 WIB","Mengenal Alang Penyimpan Padi Mirip Rumah Adat Toraja, Tempat yang Disambangi Ganjar Pranowo","Scan this QR or download app from:
JAKARTA, iNews.id -Calon presiden nomor urut tiga,Ganjar Pranowo, melanjutkan perjalanan safari politiknya keTana Toraja, Sulawesi Selatan, pada Sabtu (25/11/2023). Ribuan warga Kabupaten Tana Toraja, Sulawesi Selatan, tampak menyambut kedatangan Calon Presiden RI, Ganjar Pranowo, dengan penuh antusiasme.
Disambut dengan sangat hangat, Ganjar menyatakan kegembiraannya. Sambil merespons sambutan dengan memberikan salam dan berfoto bersama, Ganjar mengucapkan terima kasih kepada ribuan penduduk Tana Toraja.

""Terima kasih semuanya, sehat-sehat ya,"" kata Ganjar
Ganjar dijadwalkan untuk mengikuti sejumlah kegiatan di Sulsel hingga Minggu (26/11/2023). Beberapa kegiatan telah direncanakan untuk mengisi kunjungan Ganjar ke Toraja. Salah satunya adalah memberikan kuliah umum di Aula Kampus I, Universitas Kristen Indonesia (UKI) Toraja.

Dalam kuliah umum tersebut, Ganjar akan membahas tema 'Bonus Demografi Menuju Indonesia Emas 2045 (Peluang dan Tantangan)'.
Lumbung, Tempat Duduk Bangsawan

Berbicara tentang Toraja, tempat yang dikunjungi Calon Presiden Ganjar Pranowo, terdapat bangunan khas jika kita mengunjungi Toraja, yaitu Alang."
https://www.inews.id/news/nasional/mengenal-suku-kokoda-suku-yang-sambut-ganjar-pranowo-di-kota-sorong-papua/4,"Selasa, 21 November 2023 - 17:32:00 WIB","Mengenal Suku Kokoda, Suku yang Sambut Ganjar Pranowo di Kota Sorong Papua","Scan this QR or download app from:
Bahkan, saat merayakan hari besar agama, mereka saling membantu dalam pelaksanaannya tanpa memandang perbedaan keyakinan. Di wilayah tempat tinggal mereka terdapat 5 masjid, 2 mushola, dan 4 gereja.
Dalam bidang pendidikan, sebagian besar suku Kokoda memiliki keterbatasan, banyak yang tidak menyelesaikan pendidikan menengah atas. Mereka yang mencapai tingkat perguruan tinggi (S1) biasanya berasal dari kalangan pemuka agama.
Meskipun demikian, ada juga beberapa anggota masyarakat yang menyadari pentingnya pendidikan, terutama dalam konteks Islam, yang membangun yayasan pendidikan berbasis pesantren untuk generasi muda.
Organisasi Muhammadiyah turut serta dalam memberdayakan masyarakat suku Kokoda dengan mengajarkan keterampilan bertani, beternak, dan menjadi nelayan.
Kampung Warmon Kokoda di Kota Sorong dikenal sebagai ""Kampung Muhammadiyah"" karena organisasi ini membawa kemajuan ke wilayah tersebut."
https://www.inews.id/news/nasional/3-buku-karya-romo-magnis-suseno-pengajar-filsafat-yang-ditemui-oleh-ganjar-pranowo,"Jumat, 24 November 2023 - 16:31:00 WIB","3 Buku Karya Romo Magnis Suseno, Pengajar Filsafat yang Ditemui oleh Ganjar Pranowo","Scan this QR or download app from:
JAKARTA, iNews.id -Calon Presiden nomor urut 3,Ganjar Pranowo, baru-baru ini bertemu dengan Pengajar Filsafat dan Etika,Romo Magnis Suseno, di Sekolah Tinggi Filsafat Driyarkara, Jumat (24/11/2023).
Dalam pertemuan tersebut, Romo Magnis memberikan dua buku kepada Ganjar, yakni 'Etika Politik, Prinsip Moral dan Dasar Kenegaraan Modern' serta 'Iman Dalam Tantangan Apa Kita Masih Dapat Percaya pada yang di Seberang'.


Ganjar Pranowo mengungkapkan apresiasinya terhadap karya-karya Romo Magnis, menyebutnya sebagai ""buku legend"" yang hampir dibaca oleh semua orang karena berisikan nilai-nilai moral dan dasar kenegaraan.
Romo Magnis-Suseno, yang juga dikenal sebagai seorang imam Katolik, memiliki latar belakang yang kaya dalam misi karyanya di Indonesia sejak tahun 1961. Ia memulai karir pengajarannya di Sekolah Tinggi Filsafat Driyarkara pada 1969 dan sejak itu terlibat dalam pengembangan filsafat di Indonesia.

Melalui bukunya, ia telah menyampaikan pemikirannya tentang etika, filsafat politik, dan alam pikiran Jawa. Dengan lebih dari 700 karya populer dan ilmiah serta 44 buku, Romo Magnis telah memberikan kontribusi yang signifikan dalam memahami nilai-nilai budaya dan filsafat di Indonesia."
https://www.inews.id/news/nasional/ganjar-tak-ambil-pusing-soal-hasil-survei-tetap-fokus-serap-aspirasi-masyarakat/2,"Rabu, 27 Desember 2023 - 06:56:00 WIB","Ganjar Tak Ambil Pusing soal Hasil Survei, Tetap Fokus Serap Aspirasi Masyarakat","Scan this QR or download app from:


“Kita melihat Ganjar-Mahfud rebound, ya kita yakin rebound maka pada saatnya 14 Februari (2024) kita bisa unggul dari pasangan calon yang lain,” kata TGB.
Diketahui, Indikator merilis elektabilitas pasangan Prabowo-Gibran 46,7 persen, Ganjar-Mahfud 24,5 persen, serta Anies-Cak Imin 21 persen. Survei dilaksanakan terhadap 1.217 responden pada 23-24 Desember 2023, setelah debat cawapres perdana yang digelar KPU 22 Desember 2023.

Pemilihan sampel menggunakan metode random digit dialing (265 responden) dan double sampling (952 responden). Margin of error sekitar 2,9 persen dengan tingkat kepercayaan 95 persen.
Editor: Rizky Agustian"
https://www.inews.id/news/nasional/momen-alam-ganjar-main-futsal-bareng-alif-cepmek-hingga-dilan-bekasi/1,"Jumat, 15 Desember 2023 - 10:42:00 WIB",Momen Alam Ganjar Main Futsal Bareng Alif Cepmek hingga Dilan Bekasi,"Scan this QR or download app from:
JAKARTA, iNews.id- Muhammad ZinedineAlam Ganjar, putra Calon Presiden (Capres) nomor urut 3 Ganjar Pranowo, mengajak masyarakat yang tergabung dalam komunitasfutsalberolahraga di Estadio Futsal, Bekasi, Jawa Barat, Kamis (14/12/2023). Alam terlihat terampil memainkan si kulit bundar.
Tampak sejumlah TikTokers sepertiAlif CepmekhinggaDilan Bekasiikut bermain futsal bersama Alam.


Alam menilai fasilitas ruang publik penting disediakan pemerintah secara gratis untuk menunjang produktivitas dan kreativitas anak muda.
""Penting banget kalau misalkan pemerintah bisa menyediakan ruang publik secara gratis, bisa olahraga bareng. Tapi gak cuma futsal aja, bisa bulutangkis, tenis, basket dan lain sebagainya. Ditambah lagi ruang disinergikan dengan ruang publik yang mencakup anak muda, musik bahkan inkubasi bisnis, perlu ada fasilitas satu pintu seperti itu,"" kata Alam.

Apalagi, kata Alam, Indonesia memiliki potensi besar menjadi negara dengan industri olahraga maju di kemudian hari. Sebab, banyak masyarakat Indonesia yang antusias terhadap industri olahraga."
https://www.inews.id/news/nasional/mengenal-pulau-injil-mansinam-lokasi-sejarah-peradaban-papua-yang-dikunjungi-ganjar-pranowo/2,"Selasa, 21 November 2023 - 11:34:00 WIB","Mengenal Pulau Injil Mansinam, Lokasi Sejarah Peradaban Papua yang Dikunjungi Ganjar Pranowo","Scan this QR or download app from:
Dalam konteks kunjungan khusus ini, Ketua PAGAMA PB, Agustinus Matuti, mengungkapkan, ""Kegiatan ini merupakan kunjungan khusus atas koordinasi Badan Pimpinan Pusat (BPP) PAGAMA.""

Kunjungan Ganjar Pranowo di Manokwari diikuti dengan aman terkendali, mencakup periode dari kedatangan di Bandara Rendani hingga kepulangannya ke Sorong Papua Barat Daya sekitar pukul 12.00 WIT.
Terlepas dari kegiatan internal relawan, kunjungan tersebut membawa makna lebih dalam sebagai bentuk penghargaan terhadap sejarah dan kekayaan budaya Papua di Pulau Mansinam.

Dilansir dari laman Indonesia Kaya, Pulau Mansinam, yang terletak di Teluk Doreh, Manokwari, Papua Barat, tidak hanya menawarkan panorama alam yang sederhana dengan pohon kelapa dan bukit hijau, tetapi juga menjadi saksi sejarah yang mengubah peradaban di tanah Papua.
Pada 5 Februari 1855, misionaris Jerman Carl Wilhelm Ottouw dan Johann Gottlob Geissler mendarat di Mansinam, membawa bersama mereka kabar baik Injil. Tugas mereka tidak hanya sebatas menyebarkan ajaran Kristiani, tetapi juga mengajarkan budaya dan gaya hidup modern kepada masyarakat lokal yang pada saat itu masih primitif."
https://www.inews.id/lifestyle/seleb/ganjar-pranowo-pakai-topi-khas-rote-saat-hadiri-debat-cawapres-2023-ternyata-ini-maknanya,"Jumat, 22 Desember 2023 - 19:29:00 WIB","Ganjar Pranowo Pakai Topi Khas Rote saat Hadiri Debat Cawapres 2023, Ternyata Ini Maknanya","Scan this QR or download app from:
JAKARTA, iNews.id -Calon Presiden (Capres) nomor urut 3, Ganjar Pranowo tiba di Jakarta Convention Center (JCC) untuk menghadiri acara debat calon wakil presiden (cawapres) pada Jumat (22/12/2023). Pada momen itu, Ganjar memakai pakaian adat Rote Nusa Tenggara Timur (NTT).
Ganjar terlihat memakai kemeja putih dipadukan dengan selendang tenun dan kain tenun khas NTT. Menariknya, Ganjar juga menambahkan topi khas masyarakat Rote bernama Ti’ilangga. Topi tersebut terbuat dari anyaman daun lontar.


Sejarah Ti’ilangga
Nama Ti’ilangga diambil dari kata ti yang berarti pelindung dan langga yang memiliki arti kepala. Zaman dahulu, ti’ilangga ditemukan oleh seorang nelayan bernama Fifino Dulu dari daerah timur pulau.

Setelah berlayar dan menangkap kura-kura serta ikan pari, keduanya bergegas pulang ke rumah. Di pertengahan jalan, keduanya melihat pohon lontar dan berhenti sejenak. Mereka mengambil daun lontar untuk menutupi kepalanya. Kemudian dia menganyam daun lontar tersebut seperti bentuk motif cangkang kura-kura, bagian samping topi itu terlihat lebar seperti ikan pari.
Dahulu ti’ilangga hanya memiliki dua jenis, yaitu jenis ikan pari dan jenis kura-kura, namun kini jenisnya semakin banyak, seperti ti’ilangga do sela (jenistopi yang berdaun kasar), ti’ilangga do lutu (jenis topi yang berdaun halus), ti’ilanggaa’angguk (jenis topi dengan daun panjang yang menonjol), ti’I langga bebelak (jenis topi yang berbentuk rata pada bagian atas), ti’I langga bu’uhak (jenis topi yang berbentuk persegi), ti’I langga bu’ukoak (jenis topi dengan ujung belakangnya berbentuk bulu ayam), ti’I langga pisak (jenis topi dengan daun kasar yang digunakan dalam kehidupan sehari-hari), dan ti’ilangga musu (jenis topi dengan daun tegak yang hanya dipakai saat perang)."
https://www.inews.id/news/nasional/ketua-kpu-langgar-etik-ganjar-harusnya-ada-rasa-malu-dan-minta-maaf,"Selasa, 06 Februari 2024 - 14:37:00 WIB","Ketua KPU Langgar Etik, Ganjar: Harusnya Ada Rasa Malu dan Minta Maaf","Scan this QR or download app from:
BALIKPAPAN, iNews.id-Pelanggaran etikayang dilakukanKetua KPUHasyim Asy'ari dan pejabat lain dinilai Sekjen PDIP, Hasto Kristiyanto, sebagai beban pemilu. Calon Presiden (Capres) Nomor Urut 3Ganjar Pranowomengatakan seharusnya ada rasa malu dan permintaan maaf.
“Mestinya ada rasa malu, mestinya ada permintaan maaf. Saya tidak yakin mereka berani mengundurkan diri,” kata Ganjar usai kampanye akbar se-Kalimantan Timur di BSCC Dome, Balikpapan, Selasa (6/2/2024).


“Wong yang di MK mundur saja, dipecat saja, masih menggugat. Saya tidak tahu apakah negeri ini sudah betul-betul kehilangan etika dan moralnya, maka ini peringatan yang sangat keras dalam proses demokrasi,” kata dia.
Sebelumnya, Dewan Kehormatan Penyelenggara Pemilu (DKPP) memvonis Ketua Komisi Pemilihan Umum (KPU) Hasyim Asy'ari dan enam anggota lainnya melanggar kode etik karena menerima pendaftaran Gibran Rakabuming Raka sebagai calon wakil presiden. Hasyim Asy'ari dijatuhi sanksi berupa peringatan keras terakhir.

Selain Hasyim, anggota KPU lainnya, yakni Yulianto Sudrajat, August Mellaz, Betty Epsilon Idroos, Parsadaan Harahap, Idham Holik, dan M Afifuddin juga dijatuhi sanksi peringatan.
Hasyim bersama enam anggota lain KPU diadukan oleh Demas Brian Wicaksono dengan perkara Nomor 135-PKE-DKPP/XII/2023, Iman Munandar B Nomor 136-PKE-DKPP/XII/2023, PH Hariyanto Nomor 137-PKE-DKPP/XII/2023, dan Rumondang Damanik Nomor 141-PKE-DKPP/XII/2023.

Mahkamah Konstitusi (MK) juga belum lama ini disorot setelah Majelis Kehormatan MK (MKMK) memberhentikan Anwar Usman dari ketua MK karena dinyatakan melakukan pelanggaran berat terhadap kode etik hakim konstitusi dalam uji materi Perkara Nomor 90/PUU-XXI/2023 tentang syarat usia capres dan cawapres.
Editor: Rizky Agustian"
https://www.inews.id/news/nasional/ahok-akan-hadiri-kampanye-pamungkas-ganjar-mahfud-di-hajatan-rakyat-gbk-hari-ini/1,"Sabtu, 03 Februari 2024 - 06:38:00 WIB",Ahok Akan Hadiri Kampanye Pamungkas Ganjar-Mahfud di Hajatan Rakyat GBK Hari Ini,"Scan this QR or download app from:
JAKARTA, iNews.id-Basuki Tjahaja PurnamaaliasAhokakan ikut berkampanye bagi Capres-Cawapres Nomor Urut 3 Ganjar Pranowo dan Mahfud MD padaHajatan RakyatJakarta di Stadion Utama Gelora Bung Karno (GBK), Sabtu (3/2/2024). Pernyataan itu menyusul deklarasi dukungannya terhadapGanjar-Mahfudusai mengundurkan diri dari Komisaris Utama (Komut) PT Pertamina (Persero).
Pengunduran diri Ahok menjadi pengumuman resmi mantan Gubernur DKI Jakarta itu untuk menghilangkan kebingungan atau misinformasi di kalangan Ahokers terkait berita-berita hoaks yang beredar mengenai arah politiknya pada Pilpres 2024.


""Intinya agar para Ahokers tidak bingung arah politik saya kemana. Dengan ikut kampanye dukung Pak Ganjar dan Pak Mahfud, semua isu hoaks bahwa saya dukung pasangan lain langsung stop,"" kata Ahok di Jakarta, Jumat (2/2/2024).
Ahok juga memastikan akan hadir pada Hajatan Rakyat Jakarta yang menjadi   kampanye pamungkas Ganjar-Mahfud.

Kabar mengenai pengunduran diri Ahok dari Komut PT Pertamina disampaikan melalui unggahan di akun Instagram pribadinya, @basukibtp, pada Jumat (2/2/2024) malam. Dalam unggahan itu, Ahok yang memakai kemeja kotak berwarna biru hitam menunjukkan bukti tanda terima surat pengunduran dirinya yang ditujukan kepada Dewan Komisaris PT Pertamina.
Sedangkan pada halaman selanjutnya, Ahok mengunggah tanda penyerahan surat pengunduran diri dan laporan pertanggungjawaban sebagai Komut PT Pertamina kepada Menteri BUMN Erick Thohir, selaku pemegang saham. Adapun surat pengunduran diri yang ditujukan kepada Dewan Komisaris Pertamina dan Menteri BUMN itu tercatat pada Kamis (1/2/2024)."
https://www.inews.id/news/nasional/ganjar-jawab-keinginan-buruh-siap-review-uu-ciptaker,"Minggu, 04 Februari 2024 - 20:01:00 WIB","Ganjar Jawab Keinginan Buruh, Siap Review UU Ciptaker","Scan this QR or download app from:
JAKARTA, iNews.id -Calon Presiden nomor urut 3,Ganjar Pranowomengungkap akan mereview Undang-Undang Cipta Kerja. Hal itu sesuai dengan aspirasi yang didapat dari paraburuh.
“Kawan-kawan buruh kemarin bertemu dengan saya tolong Pak, segera review Undang-Undang Cipta Kerja karena ini yang perlu mendapatkan keseimbangan dengan nasib kami,” kata Ganjar dalam memaparkan visi dan misidebat Capres 2024, Minggu (4/4/2024).


Menurut Ganjar, aspirasi itu akan disiap demi menciptakan lapangan kerja yang terbuka dan upah buruh yang baik. Sehingga, seluruh program kerja yang dimulai dari pembenahan aspek kesehatan hingga pendidikan akan berjalan beriringan.
“Tentu saja keterampilan yang dia dapatkan melalui pendidikan yang baik ini akan mendorong atau bisa merespon lapangan kerja yang sangat terbuka dan upah buruh yang baik,” kata dia.

Ganjar juga menyinggung pentingnya pembangunan yang berorientasi pada sumber daya manusia (SDM) atau manusia budi pekerti yang sopan dan toleran.
“Mereka menjadi manusia yang lengkap ini bisa berjalan dengan cepat kalau digitalisasi kita lakukan, infrastruktur teknologi informasi yang baik. Kemudian tersebar internetnya bisa cepat dan mereka akan bisa mendapatkan media yang bagus untuk mengembangkan diri,” katanya.
Diketahui, tema debat capres yakni pendidikan, kesehatan, kesejahteraan sosial, kebudayaan, ketenagakerjaan, teknologi informasi, pembangunan sumber daya manusia (SDM) dan inklusi.
Editor: Faieq Hidayat"
https://www.inews.id/multimedia/infografis/infografis-ganjar-mahfud-siapkan-program-satu-keluarga-miskin-satu-sarjana-tekan-pengangguran-di-indonesia,,Infografis Ganjar-Mahfud Siapkan Program Satu Keluarga Miskin Satu Sarjana Tekan Pengangguran di Indonesia,"JAKARTA, iNews.id –Calon Presiden dan Wakil Presiden nomor urut 3, Ganjar Pranowo-Mahfud MD, memiliki rencana untuk mengatasi masalah pengangguran dan kemiskinan di Indonesia.
Salah satu langkah yang mereka usulkan untuk mengurangi tingkat pengangguran adalah dengan memastikan setiap keluarga miskin memiliki setidaknya satu anggota yang menjadi sarjana.
“Untuk menurunkan kemiskinan adalah setiap satu keluarga miskin kita kasih kesempatan satu anaknya sampai ke perguruan tinggi,” ujar Ganjar pada Debat Pilpres 2024 di Gedung KPU, Jalan Imam Bonjol, Jakarta Pusat, Selasa (12/12/2023).
Editor: Johan Jaelani"
https://www.inews.id/news/nasional/profil-denon-prawiraatmadja-deputi-operasi-247-tpn-ganjar-mahfud-pengusaha-dan-pengelola-bandara-halim-perdanakusuma,"Selasa, 21 November 2023 - 19:26:00 WIB","Profil Denon Prawiraatmadja: Deputi Operasi 247 TPN Ganjar-Mahfud, Pengusaha, dan Pengelola Bandara Halim Perdanakusuma","Scan this QR or download app from:
JAKARTA, iNews.id -Dalam pengumuman resmi oleh Ketua Tim Pemenangan Nasional (TPN)Ganjar-Mahfud, Arsjad Rasjid, sejumlah tokoh baru telah ditambahkan ke dalam struktur tim yang salah satunya adalahDenon Prawiraatmadja.
Melansir dari berbagai sumber, Profil Denon Prawiraatmadja ternyata menjadi pembicaraan karena dirinya dikenal sebagai seorang pengusaha sekaligus pengelola Bandara Halim Perdanakusum.


Kini sosok tersebut resmi bergabung dan menjabat sebagai Deputi Operasi 247TPN Ganjar-Mahfud.
Bergabung bersama Denon, beberapa nama lain juga tergabung dalam tim, seperti Prabu Revolusi sebagai Deputi Komunikasi 360 TPN Ganjar-Mahfud, Heru Dewanto sebagai Sekretaris Eksekutif TPN Ganjar-Mahfud, dan Todung Mulya Lubis sebagai Deputi Hukum TPN Ganjar-Mahfud.

Siapakah sebenarnya Denon Prawiraatmadja? Berikut adalah profil Denon Prawiraatmadja dan bagaimana perusahaannya berhasil menjadi pengelola Bandara Halim Perdanakusuma."
https://www.inews.id/news/nasional/ganjar-bansos-kewajiban-negara-bukan-dari-perorangan-atau-kelompok-tertentu,"Minggu, 04 Februari 2024 - 23:40:00 WIB","Ganjar: Bansos Kewajiban Negara, Bukan dari Perorangan atau Kelompok Tertentu","Scan this QR or download app from:
JAKARTA, iNews.id- Persoalan bantuan sosial (bansos) menjadi topik menarik dalamdebat capresterakhir di JCC Jakarta, Minggu (4/2/2024). Pembagiannya yang asal-asalan dan jumlahnya yang meningkat di tahun politik disinyalir dimanfaatkan oleh pihak tertentu.
Persoalan itu muncul saat Capres 2024 nomor urut 3 -yang diusung Partai Perindo-Ganjar Pranowobertanya pada capres nomor urut 1,Anies Baswedan. Ganjar menanyakan pendapat Anies terkait penyaluran bansos yang masif akhir-akhir ini.


""Bansos adalah kewajiban negara dan kita punya problem karena banyak klaim seolah-olah ini bantuan orang perorangan atau kelompok tertentu. Bagaimana Pak Anies menanggapi ini agar bansos tidak saling klaim, bisa tepat sasaran dan tidak menimbulkan kecemburuan,"" tanya Ganjar.
Anies pun menjawab, bansos adalah bantuan untuk si penerima, bukan si pemberi bantuan.

""Dan diberikan sesuai kebutuhan, sesuai waktu. Bukan dirapel semuanya. Selain itu, bansos harus diberikan dengan pendataan yang baik, mekanismenya melalui jalur birokrasi. Bukan dibagikan di pinggir jalan,"" tegas Anies."
https://www.inews.id/news/nasional/deretan-pesan-ganjar-untuk-pilih-pemimpin-visioner-bukan-dinasti-politik-hingga-tak-langgar-ham,"Senin, 05 Februari 2024 - 04:03:00 WIB","Deretan Pesan Ganjar untuk Pilih Pemimpin: Visioner, Bukan Dinasti Politik hingga Tak Langgar HAM","Scan this QR or download app from:
JAKARTA, iNews.id -Calon Presidennomor urut 3,Ganjar Pranowomenyampaikan serangkaian pesan penting kepada masyarakat Indonesia dalam rangka pemilihan pemimpin yang visioner dan taat kepada nilai-nilai keadilan. Ganjar bersama Calon Wakil PresidenMahfud MDmenegaskan komitmennya dengan tiga janji pokok, yaitu taat kepada Tuhan, patuh kepada hukum keadilan, dan setia kepada rakyat.
""Saya dan Pak Mahfud memiliki tiga janji pokok yang menjadi dasar komitmen kami dalam berpolitik, yaitu taat kepada Tuhan, patuh kepada hukum keadilan, dan setia kepada rakyat. Ini adalah nilai-nilai yang kami junjung tinggi,"" ujar Ganjar menutup Debat Pilpres di JCC, Jakarta, Minggu (4/2/2024).


Selama perjalanan kampanye dan berkeliling ke berbagai wilayah, Ganjar Pranowo secara intens mendengarkan aspirasi masyarakat. Dari pengamatan dan dialog tersebut, Ganjar mencatat tiga hal utama yang menjadi keluhan rakyat.
""Pertama, bangsa ini sering kali dikecewakan oleh pemimpinnya. Kami tidak ingin itu terjadi lagi. Mulai dari fasilitas kesehatan yang tidak terpenuhi, pendidikan yang belum inklusif, hingga lapangan kerja yang belum mencakup lebih banyak orang,"" tegas Ganjar.

Ganjar menambahkan, ""Kami tidak boleh membiarkan kekecewaan rakyat terulang. Kita harus menjawab tantangan ini dengan serius, agar kemarahan rakyat tidak berkembang menjadi apatis terhadap proses politik."""
https://www.inews.id/news/nasional/ganjar-sebut-debat-terakhir-sangat-penting-karena-jadi-rujukan-masyarakat-tentukan-pilihan,"Senin, 05 Februari 2024 - 10:59:00 WIB",Ganjar Sebut Debat Terakhir Sangat Penting karena Jadi Rujukan Masyarakat Tentukan Pilihan,"Scan this QR or download app from:
JAKARTA, iNews.id -Calon Presiden (Capres) nomor urut 3,Ganjar Pranowomengungkapkan debat kelima Pilpres 2024 sangat penting karena didengarkan masyarakat. Tema debat Kesejahteraan Sosial, Kebudayaan, Pendidikan, Teknologi Informasi, Kesehatan, Ketenagakerjaan, Sumber Daya Manusia, dan Inklusi.
""Tentu ini perdebatan terakhir yang saya kira paling penting didengarkan oleh masyarakat,"" kata Ganjar usai debat di Jakarta Convention Center (JCC), Minggu (4/2/2024).


Menurut Ganjar, fokus utamanya dengan Cawapres Mahfud MD menciptakan pendidikan yang merata, ditambah dengan kesehatan yang memadai dan menyeluruh untuk masyarakat Indonesia.
""Dan ini bagian-bagian penting untuk mendorong pembangunan yang konsentrasinya itu di manusianya,"" ungkap Ganjar.

Ganjar berharap debat pamungkas itu bisa memberikan preferensi bagi masyarakat yang menonton dan juga menjadi rujukan untuk masyarakat bisa menentukan pilihannya."
https://www.inews.id/news/nasional/wawancara-eksklusif-ganjar-pranowo-food-estate-gagal-karena-tenaga-tak-profesional,"Minggu, 04 Februari 2024 - 07:40:00 WIB",Wawancara Eksklusif Ganjar Pranowo: Food Estate Gagal karena Tenaga Tak Profesional,"Scan this QR or download app from:
PONTIANAK, iNews.id- Calon Presiden (Capres) Nomor Urut 3Ganjar Pranowomenyinggung programfood estateyang dinilai gagal. Menurut Ganjar, program itu bisa terlaksana dengan baik jika dilakukan oleh yang orang-orangprofesional.
""Oke food estate itu bagus, tempatnya di mana, siapa yang melaksanakan, harus orang profesional, itu kalau kita berbicara food estate,"" ucap Ganjar Pranowo, saatwawancara ekslusifdi Pontianak, Kalimantan Barat, Sabtu (3/2/2024).


Dia mengatakan, food estate selama ini justru merusak hutan. Pepohonan ditebang dan diganti dengan komoditi pangan seperti jagung dan singkong.
Padahal, food estate harus melibatkan petani dan para tenaga profesional bila ingin berhasil.

""Siapa yang melaksanakan? Harus orang profesional. Enggak ada petani yang enggak sanggup menanam singkong. Kasih tumbuhlah petani, enggak perlu orang lain, kasih kepada ahlinya. Maka saya tanya land clearing seperti itu kayunya ke mana? Food estate-nya gagal,"" kata dia.
Mantan Gubernur Jawa Tengah itu mengatakan, food estate tidak dilakukan di tanah-tanah yang subur, tapi justru di tanah gambut seperti di Kalimantan. Padahal, Ganjar mencontohkan tempat di Merauke, Papua, yang bisa dimanfaatkan untuk food estate."
https://www.inews.id/news/nasional/ganjar-kutip-pernyataan-jokowi-di-2019-tidak-pilih-pemimpin-punya-potongan-diktator-pelanggar-ham,"Minggu, 04 Februari 2024 - 22:19:00 WIB",Ganjar Kutip Pernyataan Jokowi di 2019: Jangan Pilih Pemimpin Punya Potongan Diktator-Pelanggar HAM,"Scan this QR or download app from:
JAKARTA, iNews.id -Calon Presiden (Capres) Nomor Urut 3,Ganjar Pranowomenyinggung pesanJoko Widodo(Jokowi) yang saat itu ikut kontestasiPilprestahun 2019 untuk tidak memilih pemimpin yang diktator dan pelanggar Hak Asasi Manusia (HAM). Ganjar sindir siapa?
“Lima tahun yang lalu dalamdebatCapres 2019 saya tim kampanye Joko Widodo. Beliau menyampaikan dan kita diingatkan untuk tidak memilih calon yang punya potongan diktator dan otoriter. Dan yang punya rekam jejak pelanggar HAM, yang punya rekam jejak untuk melakukan kekerasan, yang punya rekam jejak masalah korupsi,” kata Ganjar saat menutup Debat Kelima Pilpres2024, di Jakarta Convention Center (JCC), Jakarta Pusat, Minggu (4/2/2024).


Ganjar pun setuju dengan pesan Jokowi yang akhirnya terpilih menjadi Presiden di tahun 2019 saat itu.
“Saya sangat setuju apa yang beliau sampaikan agar kriteria ini menjadi pegangan kita semua dalam memilih pemimpin,"" katanya.

Oleh karena itu, Ganjar berjanji jika dia dan Calon Wakil Presiden (Cawapres) Mahfud MD ketika terpilih untuk menjadi Presiden 2024 tidak akan mengecewakan rakyat Indonesia."
https://www.inews.id/news/nasional/ganjar-mahfud-safari-politik-keliling-pulau-jawa-hari-ini-tatap-muka-dengan-rakyat,"Rabu, 07 Februari 2024 - 07:49:00 WIB","Ganjar-Mahfud Safari Politik Keliling Pulau Jawa Hari Ini, Tatap Muka dengan Rakyat","Scan this QR or download app from:
JAKARTA, iNews.id– Capres-Cawapres Nomor Urut 3 yang didukung Partai Perindo, Ganjar Pranowo dan Mahfud MD kembali melanjutkansafari politikpada hari ke-72 kampanye Pilpres 2024, Rabu (7/2/2024). Keduanya akan berkeliling Pulau Jawa untuk bertatap muka dengan rakyat.
Berdasarkan informasi Tim MediaTPNGanjar-Mahfud, Ganjar dan Mahfud akan menggelar kampanye tatap muka di sejumlah wilayah di Jawa Tengah, Jawa Timur, dan Jakarta.


Ganjar secara marathon akan melakukan safari politik di Kabupaten Karanganyar, Kabupaten Grobogan, Kota Magelang, dan Kota Klaten.
Gubernur Jawa Tengah dua periode itu akan mengawali aktivitas dengan menghadiri deklarasi dukungan PP Polri Jawa Tengah di Kecamatan Colomadu, Kabupaten Karanganyar. Selanjutnya, Ganjar berdiskusi dengan sekitar 500 petani yang dilanjutkan  menghadiri Kampanye Akbar di Stadion Krida Bhakti Purwodadi, Kabupaten Grobogan.

Setelah berorasi politik di Stadion Krida Bhakti Purwodadi, Ganjar beserta rombongan akan mengunjungi pabrik yang memproduksi  jamu dan obat herbal modern, Sido Muncul, untuk berdialog dengan para buruh.
Ganjar kemudian bertolak menuju Desa Taman Agung, Kabupaten Magelang, untuk menghadiri Pesta Rakyat Saga Magelang di Lapangan Bola Taman Agung Magelang."
https://www.inews.id/travel/kuliner/asal-usul-sate-maranggi-kuliner-khas-kota-yang-dikunjungi-ganjar-pranowo-ketika-bertemu-ulama-di-purwakarta,"Sabtu, 18 November 2023 - 12:07:00 WIB","Asal-usul Sate Maranggi, Kuliner Khas Kota yang Dikunjungi Ganjar Pranowo ketika Bertemu Ulama di Purwakarta","Scan this QR or download app from:
JAKARTA, iNews.id -Purwakarta, kota yang baru saja dikunjungi Calon PresidenGanjar Pranowo, tidak hanya dikenal dengan keramahan para ulama di Pondok Pesantren Al Muhajirin. Di Purwakarta Anda juga harus mencicipi kuliner khas yang lezat, yaituSate Maranggi.
Dalam pertemuan spesial dengan ulama pada Jumat (17/11/2023), Ganjar Pranowo mendapatkan dukungan untuk meningkatkan kualitas pesantren melalui regulasi yang tepat.

Ganjar Pranowo, yang pernah sukses sebagai Gubernur Jawa Tengah, berbagi pengalaman mengenai penerapan Perda tentang pesantren.
Dia juga menyampaikan keyakinannya, UU Pesantren di tingkat nasional dapat memberikan dampak positif dalam pengembangan santri berkualitas. Selain itu, dia menyoroti pentingnya regulasi lokal, seperti Perda Pesantren, untuk mendukung pesantren di tingkat lokal.

Ganjar berkomitmen untuk mengoptimalisasikan Undang-Undang Pesantren jika terpilih sebagai presiden. Namun, tak hanya regulasi dan pertemuan berkelas, Sate Maranggi juga turut menjadi fokus perhatian."
https://www.inews.id/news/nasional/momen-ketum-parpol-pengusung-ganjar-mahfud-kompak-pose-3-jari-di-gbk,"Sabtu, 03 Februari 2024 - 16:15:00 WIB",Momen Ketum Parpol Pengusung Ganjar-Mahfud Kompak Pose 3 Jari di GBK,"Scan this QR or download app from:
JAKARTA, iNews.id -Konser Salam M3tal Menang Total telah resmi dibuka Ketua Tim Pemenangan Nasional (TPN)Ganjar Pranowo-Mahfud MD, Arsjad Rasjid, Sabtu (3/2/2024). Beragam pertunjukan pun ditampilkan.
Hadir dalam acara tersebut, Ketua UmumPDIP, Megawati Soekarnoputri; Plt. Ketua Umum PPP, Mardiono; Ketua Umum Partai Perindo, Hary Tanoesoedibjo (HT) dan Ketua Umum Partai Hanura, Oesman Sapta Odang.


Pada salah satu kesempatan, mereka kompak berpose tiga jari sebagaimana nomor urut capres-cawapres yang mereka usung.
Hal ini kemudian diikuti para ribuan pendukung yang memenuhi Stadion Utama Gelora Bung Karno (SUGBK).

Dalam kesempatan tersebut, hadir pula Ketua DPR Puan Maharani, mantan Gubernur DKI Jakarta, Basuki Tjahaja Purnama alias Ahok dan sejumlah petinggi 4 partai politik pengusung Ganjar-Mahfud.
Konser ini akan dimeriahkan sejumlah musisi termasuk Slank. Band-band lain seperti  Kotak, Pas Band, The Virgin dan masih banyak lagi.
Editor: Reza Fajri"
https://www.inews.id/news/nasional/ratusan-purnawirawan-tni-au-deklarasi-dukung-ganjar-mahfud-di-pilpres-2024,"Rabu, 07 Februari 2024 - 13:57:00 WIB",Ratusan Purnawirawan TNI AU Deklarasi Dukung Ganjar-Mahfud di Pilpres 2024,"Scan this QR or download app from:
JAKARTA, iNews.id -RatusanpurnawirawanTNI AUmenyatakan dukungan untuk Ganjar Pranowo dan Mahfud MD sebagai Presiden dan Wakil Presiden di Pilpres 2024. Mereka tergabung dalam Paguyuban Relawan Elang Indonesia Maju.
Ketua Relawan Elang Indonesia Maju, Marsekal Madya TNI (Purn) Dede Rusamsi mengungkapkan bahwa pihaknya konsisten memilih pemimpin dengan segudang pengalaman di pemerintahan. Dia juga menghindari sosok calon yang dipecat dari TNI dan pendampingnya kurang dalam etika dan perilaku.


""Kita tidak mau negara ini dipimpin oleh yang sudah dipecat dari TNI itu mutlak itu enggak bisa mutlak bagi kesepakatan kita. Apalagi calon wakilnya yang tidak memiliki baik etika secara hukum, prosesnya tidak betul dan juga etika perilakunya sendiri yang tidak cocok,"" kata Dede  di JW Marriott Hotel, Jakarta, Rabu (7/2/2024).
""Kita bandingkan dengan calon yang lain tentu saja kita lebih sangat pilih yaitu bapak Ganjar dan Prof Mahfud,"" sambungnya.

Selain itu, sosok Ganjar Pranowo dan Mahfud MD dimata Mantan Wakil Kepala Staf TNI AU ini adalah orang yang sangat konsisten, bersih, realistis dan tidak menjual janji. Keduanya memiliki pengalaman bekerja yang memumpuni diharapkan dapat memajukan bangsa Indonesia ke depan.
""Harapannya beliau (Ganjar-Mahfud) tetap konsisten seperti yang disampaikan saat ini. Saya yakin beliau berdua adalah orang yang sangat komit dan bertanggung jawab untuk menjaga Indonesia dan bangsa dan seluruh rakyatnya,"" tutur dia.
Editor: Faieq Hidayat"
https://www.inews.id/news/nasional/ganjar-akan-berjuang-bersama-ahok-untuk-perkuat-indonesia-semakin-lebih-baik,"Minggu, 04 Februari 2024 - 17:08:00 WIB",Ganjar Akan Berjuang Bersama Ahok untuk Perkuat Indonesia Semakin Lebih Baik,"Scan this QR or download app from:
JAKARTA, iNews.id -Calon Presiden (Capres) nomor urut 3,Ganjar Pranowomengaku akan berjuang bersama Basuki Tjahaja Purnama atau yang biasa disapaAhokagar Indonesia semakin lebih baik. Dia juga sudah kampanye bersama Ahok dalam Konser Salam Metal di Stadion Gelora Bung Karno kemarin.
""Kita berdua bersepakat, kita akan jalan bersama saling memperkuat agar Indonesia semakin lebih baik,"" kata Ganjar lewat tayangan video, dalam acara deklarasi Ahokers bersama Ganjar di Rumah Aspirasi Ganjar-Mahfud, Minggu (4/2/2023).


Dia juga menghargai keputusan Ahok mundur dari posisi Komisaris Utama (Komut) PT. Pertamina (Persero). Ahok adalah sahabatnya sejak lama sejak duduk di kursi DPR RI.
Mantan Gubernur Jawa Tengah ini juga mengucapkan terima kasih atas sikap Ahokers yang telah menyatakan sikap mendukung Ganjar Pranowo-Mahfud MD di Pilpres 2024.

""Saya jadi gubernur, dia (Ahok) juga jadi gubernur. Sekarang saya menjadi capres dan dia pilih keluar sebagai komisaris, saya respect betul dengan sikap yang beliau berikan,"" kata Ganjar.
Dia juga berharap Ahokers mempunyai sikap yang sama seperti Ahok yang penuh rasa keberanian dalam hal memperjuangkan kebenaran.

""Tentu para Ahokers, Pak Ahok itu punya jiwa militansi luar biasa dia punya integritas yang hebat yang ketiga dia punya keberanian maka kita juga harus berani. Salam untuk semuanya semangat terus,"" katanya.
Editor: Faieq Hidayat"
https://papua.inews.id/berita/3-kota-besar-di-papua-nomor-2-dikunjungi-calon-presiden-ganjar-pranowo,"Rabu, 22 November 2023 - 00:22:00 WIT","3 Kota Besar di Papua, Nomor 2 Dikunjungi Calon Presiden Ganjar Pranowo","Scan this QR or download app from:
JAKARTA, iNews.id- Calon PresidenGanjar Pranowodisambut dengan hangat oleh masyarakat dan relawan di Papua.  Papua, provinsi yang terletak di ujung timur Indonesia, dikenal tidak hanya karena keindahan alamnya yang menakjubkan tetapi juga karena peran penting kota-kotanya dalam perkembangan wilayah tersebut.
Dari kota bersejarah hingga pusat ekonomi berkembang pesat, tiga kota terbesar di Papua mencerminkan keragaman budaya dan kekayaan alam provinsi ini.

Berikut adalah beberapa fakta menarik tentang tiga kota besar di Papua, salah satunya yang dikunjungi oleh Ganjar Pranowo:
Kota pertama adalah Merauke. Kota tersebut berada di Provinsi Papua Selatan. Kota ini memiliki luas wilayah mencapai 1.446 kilometer persegi, menjadikannya salah satu kota terbesar di wilayah tersebut.Ciri khas geografisnya menciptakan pemandangan alam serupa dengan Australia Utara. Terkenal dengan keberagaman fauna, Merauke dijuluki 'Kota Rusa' dan menawarkan kuliner khas seperti papeda dan sate daging rusa.

Kota Sorong sebagai gerbang utama menuju Provinsi Papua Barat Daya memiliki luas wilayah mencapai 1.105,00 kilometer persegi. Kota itu menjadi pusat bisnis dan ekonomi yang cukup berkembang pesat.
Calon Presiden Ganjar Pranowo mengunjungi kota ini pada 20 November 2023 dan mengakui keberhasilan pembangunan Sorong yang tidak hanya bergantung pada sumber daya alam melimpah tetapi juga pada kemajuan infrastruktur dan perekonomian yang signifikan.

Kota Timika merupakan  ibu kota Kabupaten Mimika di Provinsi Papua Tengah, juga menjadi destinasi menarik. Timika memiliki luas wilayah sekitar 21.633 kilometer persegi.
Timika dikenal karena terdapat PT. Freeport Indonesia. Populasinya mencerminkan sifat kosmopolitan kota ini, dengan hampir 2.000 orang WNA, mayoritas berasal dari Amerika Serikat, dan sejumlah kecil dari Jepang, Kanada, Australia, dan Jerman.

Dengan kekayaan budaya, arsitektur unik, dan peran strategis dalam pertumbuhan masyarakatnya, ketiga kota besar di Papua menciptakan pengalaman yang unik dan menarik. Calon Presiden Ganjar Pranowo sendiri telah merasakannya dengan mengunjungi salah satu di antaranya pada kunjungan terbarunya.
Editor: Komaruddin Bagja"
https://www.inews.id/multimedia/infografis/infografis-ganjar-sebut-demokrasi-kita-berada-di-tepi-jurang,,Infografis Ganjar Sebut Demokrasi Kita Berada di Tepi Jurang,"KARANGANYAR, iNews.id - Calon Presiden nomor urut 3,Ganjar Pranowo, mengatakan bahwa Pemilu 2024 menghadapi tantangan serius dalam konteksdemokrasi, dengan adanya mosi dan petisi dari berbagai segmen masyarakat serta akademisi yang menunjukkan ketidakpuasan yang signifikan.
""Saya ingin menyampaikan saja, demokrasi kita berada pada jurang. Maka, masyarakat sipil, tokoh agama, tokoh masyarakat, mengingatkan, termasuk kampus-kampus. Ingat, kampus itu punya kebebasan mimbar akademik,"" kata Ganjar di Karanganyar, Rabu (7/2/2024).
Ganjar menginterpretasikan bahwa ketika perguruan tinggi terlibat dalam aksi, itu mencerminkan ekspresi dari hati nurani. Dia juga menyangkal tuduhan bahwa gerakan tersebut memiliki kecenderungan untuk mendukung pasangan calon tertentu atau dikelola oleh kelompok tertentu.
Editor: Johan Jaelani"
https://www.inews.id/news/nasional/ganjar-tegaskan-akan-bicara-pengalaman-dalam-debat-capres-2024-bukan-omong-omong,"Minggu, 04 Februari 2024 - 19:37:00 WIB",Ganjar Tegaskan Akan Bicara Pengalaman dalam Debat Capres 2024 Bukan Omong-omong,"Scan this QR or download app from:
JAKARTA, iNews.id -Calon Presiden nomor urut 3Ganjar Pranowomenegaskan berbicara soalpengalamandalam debat terakhir Pilpres 2024, Minggu (4/2/2024). Dia akan menyampaikan program pengalamannya saat menjadi Gubernur Jawa Tengah.
""Tentu seluruh pengalaman akan menjadi guru yang terbaik maka publik pun akan tahu,"" kata Ganjar kepada wartawan, Minggu (4/2/2024).


Tema debat yakni pendidikan, kesehatan, kesejahteraan sosial, kebudayaan, ketenagakerjaan, pembangunan sumber daya manusia (SDM) dan inklusi.
Selain itu, Ganjar menyebut berbicara pengalaman lebih baik daripada hanya sekadar cerita gagasan.

""Sehingga nanti tidak hanya cerita gagasan. Apa istilahnya, omong-omong, sehingga nanti musti ada yang konkret,"" ujarnya.
Lebih jauh, saat disinggung soal olahraga di CFD Sudirman, Ganjar mengatakan itu bagian dari menjaga kesehatan. Apalagi kesehatan menjadi satu dari sekian tema debat malam ini.

""Karena kalau kesehatan itu salah satu nilai preventif. Kalau ngobati terus kan boros, kalau kita sehat nggak pernah sakit yang diobati lebih sedikit,"" ucapnya.
Editor: Faieq Hidayat"
https://www.inews.id/news/nasional/lsm-trinusa-deklarasi-dukung-ganjar-mahfud-md-di-pilpres-2024,"Selasa, 26 Desember 2023 - 19:17:00 WIB",LSM Trinusa Deklarasi Dukung Ganjar-Mahfud MD di Pilpres 2024,"Scan this QR or download app from:
JAKARTA, iNews.id -Lembaga Swadaya Masyarakat Triga Nusantara (LSM Trinusa) mendeklarasikan dukungan kepadaGanjar Pranowo-Mahfud MD. Dukungan dideklarasikan di Cikarang Utara,Kabupaten Bekasi, Selasa (26/12/2023).
""Trinusa siap menjadi garda terdepan untuk Capres-Cawapres nomor urut 3 Ganjar-Mahfud,"" ujar Ketua Trinusa, Rahmat Gunasin.


LSM yang berfokus kepada penegakan hukum ini menilai Ganjar-Mahfud sosok presiden dan wapres yang sempurna untuk rakyat Indonesia.
""Insya Allah Pak Ganjar dan Pak Mahfud menjadi presiden dan wakil presiden yang sempurna untuk rakyat Indonesia,"" ucapnya.

Sementara itu, Ketua Umum DPP Relawan Ganjar Nusantara (RGN), Darwanto, mengaku jauh-jauh datang dari Sumatera ke Pulau Jawa demi mengikuti deklarasi ini. Dirinya optimistis tim relawan dapat menenangkan Ganjar-Mahfud di wilayah Bekasi.
""Untuk memenangkan Bapak Ganjar, relawan Ganjar Nusantara sendiri kita sudah membentuk di semua DPC kecamatan ada 20 kecamatan,"" kata Darwanto.
Deklarasi turut dihadiri sejumlah tim relawan Ganjar-Mahfud serta tokoh ternama seperti Rieke Diah Pitaloka.
Editor: Reza Fajri"
https://www.inews.id/news/nasional/ganjar-rakyat-terluka-jika-utamakan-kepentingan-keluarga-di-atas-segalanya,"Senin, 05 Februari 2024 - 07:01:00 WIB",Ganjar: Rakyat Terluka jika Utamakan Kepentingan Keluarga di Atas Segalanya,"Scan this QR or download app from:
JAKARTA, iNews.id -Calon Presiden (Capres) nomor urut 3,Ganjar Pranowomengingatkan bahwakepentinganrakyatadalah segalanya. Rakyat akan terluka jika seorang pemimpin mengutamakan kepentingankeluargadi atas segalanya.
Oleh karena itu, Ganjar mengingatkan agar rakyat Indonesia memilih calon pemimpin yang mampu mendengarkan suara rakyat, negarawan, reformis, bahkan juga tidak punya persoalan.


“Kita tidak boleh lagi membiarkan kekecewaan itu terulang dan kemarahan rakyat kemudian muncul lalu mereka menjadi apatis. Dan kali ini beri suara Anda kepada calon yang konsisten yang visioner yang mampu mendengarkan rakyat, negarawan, reformis dan tidak punya persoalan,” kata Ganjar saat menutup Debat Kelima Pilpres 2024, di Jakarta Convention Center (JCC), Jakarta Pusat, Minggu (4/2/2024).
Ganjar pun mengingatkan kepada seluruh rakyat Indonesia untuk menjaga proses politik demokrasi dengan baik. Dia juga mengatakan agar melawan politik dinasti yang hanya mementingkan kepentingan keluarga.

“Selanjutnya kita harus menjaga proses politik demokrasi dengan baik. Kita mesti melawan politik dinasti itu yang didukung oleh mereka yang statement yang sangat terbuka, menguasai sepertiga kekayaan Indonesia. Sungguh-sungguh rakyat merasa terluka karena statement itu. Dan yang mengutamakan kepentingan keluarga menjadi di atas kepentingan segalanya,” ujarnya.
"
https://www.inews.id/lifestyle/seleb/gilang-dirga-dukung-ganjar-pranowo-mahfud-di-pilpres-2024-mereka-tahu-menyelesaikan-masalah-bangsa,"Senin, 05 Februari 2024 - 16:24:00 WIB",Gilang Dirga Dukung Ganjar Pranowo-Mahfud di Pilpres 2024: Mereka Tahu Menyelesaikan Masalah Bangsa,"Scan this QR or download app from:
JAKARTA, iNews.id- Aktor dan presenter,Gilang Dirgamenyampaikan dukungannya terhadap pasangan capres dan cawapres nomer urut 03, Ganjar Pranowo-Mahfud MD diPilpres2024. Gilang mengaku sejak awalGanjar-Mahfudmencalonkan diri, dirinya sudah mendukung pasangan tersebut.
""Udah, gue dari awal memang ke paslon Ganjar-Mahfud,"" ujar Gilang Dirga di Kawasan Tendean, Mampang Prapatan, Jakarta Selatan, Senin (5/2/2024).


Dia menyampaikan pandangannya terhadap Ganjar-Mahfud. ""Pak Mahfud itukan kesatria hukum ya, kita tahu triaspolitika dia udah pernah. Beliau udah pernah di legislatif, yudikatif, bahkan menjadi eksekutif secara pengalaman dan pemahaman bernegara sangat lengkap,"" katanya.
""Pak Ganjar juga begitu 10 tahun di legislatif 10 tahun di eksekutif, ya kita tahu manusia tidak ada yang sempurna. Tapi, kalau kita ngeliat rekam jejaknya gue rasa pilihan gue ini nggak salah,"" ujar Gilang.

Dia menilai, Ganjar-Mahfud MD mampu menangani berbagai permasalahan bangsa. ""Tepat dan mereka tahu bagaimana menyelesaikan masalah bangsa yang begitu besar ini,"" katanya.
"
https://yogya.inews.id/infografis/3-fakta-unik-kulonprogo-kota-istimewa-yang-dikunjungi-ganjar-pranowo,,,"Scan this QR or download app from:
Alamat yang anda masukkan salah, tidak tersedia atau sudah dihapus"
https://www.inews.id/news/nasional/tpn-tegaskan-balon-udara-ganjar-mahfud-di-monas-hasil-cgi-bukan-peraga-kampanye-nyata,"Jumat, 17 November 2023 - 11:12:00 WIB",TPN Tegaskan Balon Udara Ganjar-Mahfud di Monas Hasil CGI: Bukan Peraga Kampanye Nyata,"Scan this QR or download app from:
JAKARTA, iNews.id- Tim Pemenangan Nasional (TPN)Ganjar-Mahfudmenegaskan ilustrasi pasangan capres-cawapres nomor urut 3, Ganjar Pranowo dan Mahfud MD, padabalon udarayang terbang di Monumen Nasional (Monas), Jakarta Pusat, merupakan hasil pencitraan komputer atau computer generated image (CGI). Konten tersebut bukan alat peraga kampanye yang nyata.
Deputi Komunikasi 360TPN Ganjar-Mahfud, Prabu Revolusi menjelaskan konten tersebut merupakan hasil kreasi teknologi yang dibuat oleh para relawan dan anggota muda TPN Ganjar-Mahfud.


""Yang jelas itu sebenarnya memang bukan APK (alat peraga kampanye) maupun baliho yang nyata ya. Itu semuanya imaginary. Jadi teman-teman muda di TPN Ganjar-Mahfud itu secara kreatif menggunakan teknologi membuat CGI Ganjar-Mahfud di beberapa landscape yang ada di Jakarta,"" kata Prabu saat dihubungi, Jumat (17/11/2023).
Dia mengatakan, konten itu ditujukan sebagai bentuk kampanye kreatif. Selain itu, konten tersebut juga sebagai sikap atas fenomena penurunan baliho dan alat peraga kampanye yang terjadi di beberapa daerah.

""Ini sebagai bentuk pernyataan dengan maraknya baliho Ganjar-Mahfud yang diturunkan oleh oknum-oknum tertentu, yang kami membuat pernyataan, silakan turunkan kami akan buat yang abstrak, yang imaginary, yang digital. Nah kalau kayak gini siapa yang mau turunin,"" ucapnya.
Prabu pun mendorong anak-anak muda pendukung Ganjar-Mahfud untuk berkampanye secara kreatif, baik menggunakan teknologi artificial intelligence (AI), digital imaginary, maupun virtual reality."
https://www.inews.id/lifestyle/seleb/bangkitkan-semangat-perjuangan-dono-warkop-dki-ganjar-pranowo-kenakan-kaos-clean-government,"Minggu, 11 Februari 2024 - 09:46:00 WIB","Bangkitkan Semangat Perjuangan Dono Warkop DKI, Ganjar Pranowo Kenakan Kaos Clean Government","Scan this QR or download app from:
SEMARANG, iNews.id- Calon presiden (Capres) nomor urut 03Ganjar Pranowomenjadi sorotan saat kampanye akbar terakhir di Lapangan Pancasila Simpang Lima, Semarang, Jawa Tengah, Sabtu (10/02/2024). Ganjar membuka jaket bomber hijau army yang khas dengan paslon nomor urut 3.
Di balik jaket bombernya, Ganjar mengenakan kaos putih bertuliskan Join Us We Fight for a Clean Government' yang artinya 'Ikut kami, Kami berjuang untuk pemerintahan yang bersih. Kalimat bertuliskan Join Us We Fight For A Clean Government di kaos Ganjar ternyata sama persis seperti yang dikenakan mendiang Wahjoe Sardono atau yang lebih dikenalDono Warkop DKI.


Ganjar tidak tiba-tiba saja menggunakan kaos tersebut. Ada makna yang ingin dia sampaikan lewat kaos tersebut.
Ganjar sengaja memakai kaus tersebut karena selaras dengan visi misi Ganjar- Mahfud untuk melakukan bersih-bersih di pemerintahan. Memberantas korupsi kolusi dan nepotisme (KKN).

Informasi yang dihimpun, kaos yang dikenakan Ganjar tersebut, sama persis seperti yang dipakai Dono saat ditangkap tentara di tahun 1974. Pada saat itu, Dono bersama mahasiswa menggelar unjuk rasa dalam aksi Malapetaka Lima Belas Januari atau Malari.
Komika Ernest Prakasa sempat mengunggah foto Dono saat dikepung sejumlah tentara pada masa Orde Baru di instagramnya. Dalam foto yang diunggah, terlihat Dono mengenakan kaos bertuliskan 'Join Us We Fight for a clean government' yang artinya 'Ikut kami. Kami berjuang untuk pemerintahan yang bersih.'

Seperti diketahui, mendiang Dono termasuk sosok yang kritis saat mengenyam pendidikan di Universitas Indonesia (UI). Pada masa itu, Dono sempat ikut dalam demo mahasiswa menolak dominasi ekonomi Jepang di Indonesia.
"
https://www.inews.id/otomotif/motor/kunjungi-kedux-custom-garage-alam-ganjar-bangga-kreativitas-anak-bangsa-mampu-bersaing,"Rabu, 20 Desember 2023 - 11:15:00 WIB","Kunjungi Kedux Custom Garage, Alam Ganjar Bangga Kreativitas Anak Bangsa Mampu Bersaing","Scan this QR or download app from:
DENPASAR, iNews.id- Di tengah kesibukannya mengunjungiBali, Muhammad ZinedineAlam Ganjarmenyempatkan diri mendatangi Kedux Custom Garage di Kecamatan Denpasar Utara, Bali. Alam datang dan ditemani Founder Kedux, Komang Gde Sentana Putra.
Putra Calon Presiden (Capres) Nomor Urut 3 Ganjar Pranowo tersebut diajak mengenal motor besar custom produksi dalam negeri sebagai lifestyle yang mampu bersaing denganmotor customluar. Alam pun terlihat anatusias dan mencoba motor tersebut.

""Ini keren. Karya anak bangsa sebetulnya mampu bersaing,"" kata Alam.
Tak hanya itu, Kedux juga memiliki merchandise industri rumahan yang berani bersaing dengan brand luar. Alam pun membeli kaos produksi Kedux sebagai buah tangan.

Mereka juga berbincang banyak seputar kultur dan pesta rakyat Bali, salah satunya pesta rakyat ogoh-ogoh. ""Ogoh-ogoh merupakan tradisi tahunan yang sudah menjadi identitas Bali dalam merayakan Hari Raya Nyepi. Mereka akan mengarak ogoh-ogoh pada Hari Raya pengerupukan,"" kata Gde Sentana, Selasa (19/12/2023).
Di menuturkan ogoh-ogoh merupakan boneka atau patung beraneka rupa yang menjadi simbolisasi unsur negatif, sifat buruk, dan kejahatan yang ada di sekeliling kehidupan manusia.

"
https://www.inews.id/news/nasional/7-keistimewaan-ganjar-mahfud-menurut-hary-tanoesoedibjo,"Sabtu, 20 Januari 2024 - 12:15:00 WIB",7 Keistimewaan Ganjar-Mahfud Menurut Hary Tanoesoedibjo,"Scan this QR or download app from:
JAKARTA, iNews.id -Ketua Umum Partai PerindoHary Tanoesoedibjomengungkap tujuh hal yang harus dimiliki oleh seorang pemimpin. Dari tujuh itu, menurut Hary Tanoe, ada di sosok Capres dan Cawapres nomor urut tiga,Ganjar PranowoMahfud MD.
Partai Perindo yang dinaungi Hary Tanoe merupakan salah satu partai politik yang mendukung Ganjar-Mahfud di Pilpres 2024.


""Kenapa Ganjar-Mahfud yang kita pilih?"" ujar Hary Tanoe.
Sebab, kata HT, pemimpin harus memenuhi setidaknya tujuh kriteria. Berikut perinciannya:

Pemimpin harus memiliki ilmu pengetahuan yang tinggi, Ganjar Pranowo memenuhi itu karena merupakan lulusan master Universitas Indonesia.
Secara pengalaman, pernah menjadi anggota DPR RI dua periode yakni, 2004-2009 dan 2009-2013. Kemudian, Gubernur Jawa Tengah dua periode yakni, 2013-2018 dan 2018-2023."
https://papua.inews.id/berita/5-fakta-kota-sorong-yang-dikunjungi-ganjar-pranowo-nomor-3-bikin-kaget,"Selasa, 21 November 2023 - 23:10:00 WIT","5 Fakta Kota Sorong yang Dikunjungi Ganjar Pranowo, Nomor 3 Bikin Kaget!","Scan this QR or download app from:
JAKARTA, iNews.id- Calon Presiden nomor urut 3,Ganjar Pranowo, menyempatkan diri berkunjung ke Kota Sorong, Papua Barat Daya pada Senin, 20 November 2023.
Terdapat sejumlah fakta menarik tentang kota ini. Kota Sorong, yang terletak di Provinsi Papua Barat Daya, Indonesia, memiliki karakteristik unik dan sejarah yang kaya.

Berikut adalah beberapa fakta menarik mengenai Kota Sorong:
Kota Sorong dipenuhi dengan jejak sejarah peninggalan perusahaan minyak yang dahulu dimiliki oleh Belanda.

Salah satu contohnya adalah Pelabuhan Sorong, pelabuhan ekspor minyak bumi dengan panjang sekitar 340 meter.
Pelabuhan ini masih beroperasi dan melayani berbagai jenis layanan pelayaran, termasuk kapal penumpang, kapal peti kemas, dan kapal kargo.

Taman Pasir Jeen Womom di Papua Barat Daya menjadi satu-satunya tempat bertelurnya penyu belimbing di Indonesia.
Garis pantai Sorong adalah habitat penyu belimbing yang langka, dengan penyu tersebut memiliki warna khas hitam keunguan dengan bercak putih.

Tempat ini menjadi kawasan yang gelap, sunyi, landai, dan berpasir, ideal bagi penyu belimbing untuk bertelur.
Terdapat struktur unik bernama Tembok Berlin di Sorong, yang merupakan pembatas antara pantai dan jalan raya tepi pantai.
Sebelumnya menjadi tempat favorit untuk menyaksikan matahari terbenam, Tembok Berlin juga berubah menjadi pusat kuliner pada malam hari, khususnya untuk menikmati hidangan seafood.
Meskipun pada tahun 2017 dilakukan reklamasi di sekitar pantai Tembok Berlin, struktur ini tetap menarik perhatian.
Seperti daerah Indonesia Timur lainnya, Kota Sorong dikenal dengan biaya hidup yang tinggi.Tingginya biaya distribusi karena sebagian besar kebutuhan sehari-hari harus diimpor dari pulau lain, terutama Jawa, menjadi penyebab utama biaya hidup yang tinggi di kota ini.
Tugu Trikora atau Tugu Merah Putih, yang dibangun pada tahun 1964-1965, berada di Kota Sorong.  Tugu ini memiliki makna sejarah khusus, sebagai simbol perjuangan pembebasan Irian Barat dari kekuasaan Belanda. Tugu ini menjadi ciri khas dan bersejarah bagi warga Sorong.
Inilah lima fakta menarik tentang Kota Sorong. Kota indah yang dikunjungi Calon Presiden Ganjar Pranowo.
Editor: Komaruddin Bagja"
https://www.inews.id/news/nasional/ganjar-ingatkan-peristiwa-98-jangan-terulang-demokrasi-investasi-paling-mahal,"Sabtu, 03 Februari 2024 - 10:36:00 WIB",Ganjar Ingatkan Peristiwa 98 Jangan Terulang: Demokrasi Investasi Paling Mahal,"Scan this QR or download app from:
JAKARTA, iNews.id- Calon Presiden (Capres) Nomor Urut 3Ganjar Pranowomengingatkan peristiwa 1998 pada masa Orde Baru jangan sampai terulang. Sebab, sistemdemokrasimerupakan investasi yang sangat mahal karena harus dicapai melalui rentetan peristiwa.
""Konsistensi ini perlu dikawal karena investasi demokrasi mahal sekali. 98 kota ini terbakar, jangan sampai itu terulang lagi, sekali lagi jangan sampai itu terulang lagi,"" ujar Ganjar, Jumat (2/2/2024).


Hal itu dikemukakan Ganjar dalam orasinya di acara 'Indonesia Berg3ma' di kawasan Bulungan, Jakarta Selatan. Acara itu merupakan rangkaian Kampanye AkbarGanjar-Mahfudyang bakal digelar di Stadion Gelora Bung Karno (GBK), Sabtu (3/2/2024).
Ganjar mengatakan, pelaksanaan demokrasi harus berjalan dengan sehat dan penuh konsistensi. Menurut capres berambut putih itu, pemerintah yang menjadi pimpinan tertinggi negara harus memberikan contoh yang baik dan menjadi teladan bagi seluruh rakyat.

""Ketika kita akan berdemokrasi maka berikan ruang untuk berkontestasi dengan sehat. Setuju ya? Kalau kita mau bicara semuanya mesti konsisten, siapa yang boleh netral dan boleh berpihak. Tidak boleh saling tuker-tukeran begitu,"" kata Ganjar."
https://www.inews.id/news/nasional/ramai-akademisi-protes-pemerintah-ganjar-demokrasi-kita-berada-di-tepi-jurang,"Rabu, 07 Februari 2024 - 16:10:00 WIB","Ramai Akademisi Protes Pemerintah, Ganjar: Demokrasi Kita Berada di Tepi Jurang","Scan this QR or download app from:
KARANGANYAR, iNews.id -Calon Presiden nomor urut 3,Ganjar PranowomenyebutdemokrasiPemilu 2024 berada di tepi jurang. Hal itu ditandai dengan munculnya mosi dan petisi dari berbagai kelompok masyarakat hingga sivitas akademis.
""Saya ingin menyampaikan saja, demokrasi kita berada pada jurang. Maka, masyarakat sipil, tokoh agama, tokoh masyarakat, mengingatkan, termasuk kampus-kampus. Ingat, kampus itu punya kebebasan mimbar akademik,"" kata Ganjar di Karanganyar, Rabu (7/2/2024).


Ganjar menilai apabila kampus-kampus bergerak itu artinya suara nurani. Ia pun membantah adanya klaim yang menyebut gerakan itu untuk memihak pasangan calon tertentu atau ditunggangi kelompok tertentu.
""Maka kalau mereka menyuarakan, itu pasti nuraninya. Nggak mungkin lah orang tua dikatakan 'anda berpihak, ini karena elektoral' menyakitkan buat mereka. Karena para profesor yang sudah sepuh menyampaikan 'aku mau cari apa lagi? Kalau soal ini',"" kata Ganjar.

"
https://www.inews.id/finance/bisnis/lanjutkan-safari-politik-di-jawa-tengah-atikoh-ganjar-sapa-pekerja-pabrik-wig-di-purbalingga,"Jumat, 29 Desember 2023 - 18:40:00 WIB","Lanjutkan Safari Politik di Jawa Tengah, Atikoh Ganjar Sapa Pekerja Pabrik Wig di Purbalingga","Scan this QR or download app from:
PURBALINGGA, iNews.id- Istri calon presiden (Capres) nomor urut tiga yang didukung Partai Perindo, Ganjar Pranowo,Siti AtikohSupriyanti melanjutkan safari politik di Jawa Tengah dengan mengunjungi pabrik pembuatan wig di Jalan Jendral Ahmad Yani, Kandang Gampang, Kabupaten Purbalingga, Jumat (29/12/2023).
Alumnus Universitas Gadjah Mada (UGM) itu hadir di lokasi dengan mengenakan jaket berwarna hitam yang di bagian punggung terdapat tulisan 'tas tes.' Kehadiran Atikoh tampak disambut ratusan sukarelawan pendukung paslon nomor urut tiga Ganjar Pranowo-Mahfud MD.


Dia kemudian memasuki area kantor manajemen sekitar 15 menit, lalu berjalan mengelilingi area pabrik dari PT Boyang Industrial itu.
"
https://ambon.inews.id/read/401118/ganjar-pranowo-kagumi-pela-gandong-maluku-contoh-perdamaian-indonesia,"Senin, 29 Januari 2024 | 18:46 WIB","Ganjar Pranowo Kagumi Pela Gandong Maluku, Contoh Perdamaian Indonesia","Scan this QR or download app from:
AMBON, iNewsAmbon.id -Calon Presiden (Capres) Nomor Urut 3,Ganjar Pranowomengatakan, tradisiPela GandongMalukumenjadi contohperdamaianbagi Indonesia bahkan dunia.
Hal itu, disampaikan Ganjar dalam orasi politik pada Hajatan Rakyat Maluku, di Lapangan Merdeka, Ambon, Provinsi Maluku, Senin (29/1/2024).
""Saya belajar betul dari tradisi dan budaya yang ada di Maluku, bagaimana masyarakat di sini sangat taat mengikuti budaya, tata krama, dan kekerabatan yang ada. Tradisi Pela-Gandong ini menjadi contoh tidak hanya bagi Indoensia,  juga dunia,"" ujar Ganjar.
Menurut dia,  Pela Gandong yang mengajarkan sikap hormat-menghormati antarsaudara meski berbeda agama, menjadi bukti warisan leluhur Maluku, yang sangat menghargai keberagaman dan mencintai kerukunan antar umat beragama.
""Tradisi hormat-menghormati seperti Pela Gandong membikin kami iri. Betapa indahnya hidup di negeri ini, maka tidak salah kalau disebut Ambon Manise, karena memang manis semuanya,"" kata Ganjar yang langsung disambut teriakan dan gelak tawa dari masyarakat yang memenuhi Lapangan Merdeka.
Dia menambahkan, kerukunan itu pula yang membuat orang-orang Maluku selalu memancarkan kebahagiaan lewat senyum manis, juga seni musik, dan suara emas.
""Ada kebahagiaan yang selalu ditunjukkan, maka lihatlah orang Ambon suaranya pasti merdu dan bagus, mereka bisa bikin hati bahagia dengan nyanyiannya,"" ujar Ganjar.
Editor : Vitrianda Hilba SiregarEditor Jakarta"
https://www.inews.id/news/nasional/raja-amfoang-ajak-masyarakat-adat-dukung-ganjar-mahfud-figur-berpengalaman,"Kamis, 14 Desember 2023 - 16:19:00 WIB",Raja Amfoang Ajak Masyarakat Adat Dukung Ganjar-Mahfud: Figur Berpengalaman,"Scan this QR or download app from:
JAKARTA, iNews.id-Raja Amfoang, Robby Manoh menyatakan dukungan kepada pasangan Capres-Cawapres Nomor Urut 3 Ganjar Pranowo dan Mahfud MD. Dia menilai, keduanya telah berpengalaman di pemerintahan baik eksekutif, legislatif, dan yudikatif.
""(Ganjar dan Mahfud) figur-figur berpengalaman di RI. Beliau dari yang terbawah dua-duanya. Kita tidak bisa membeli kucing dalam karung, kita harus melihat benar-benar punya figur pemimpin negara ini. Kita sebagai raja dan masyarakatnya mendukung itu untuk 2024,"" ujar Robby, Kamis (14/12/2023).


Robby Manoh berkomitmen mengajak masyarakat adat memenangkanGanjar-MahfuddiPilpres 2024.
""Pertemuan hari ini sangat bagus. Nanti yang pasti saya akan menyampaikan imbauan secara adat ke masyarakat kita di Amfoang. Pernyataan yang saya sampaikan, saya dan masyarakat adat Amfoang akan mendukung Ganjar di 2024 nanti menjadi presiden RI bersama wakilnya Mahfud MD,"" tuturnya.

Dia menyampaikan harapan besar kepada Ganjar dalam pelestarian kesultanan dan kerajaan yang ada di Nusantara. Selain itu, pihaknya juga berharap Ganjar dapat memfasilitasi wadah untuk menyatukan seluruh kesultanan dan kerajaan di Indonesia di bawah naungan pemerintah secara resmi.
""Kalau harapan dari saya sebagai Raja Amfoang, apabila nanti beliau terpilih tolong perhatikan kami di Amfoang meliputi jalan dan penyelesaian perbatasan antara Indonesia dengan Timor Leste,"" tuturnya.

Sebelumnya pada Selasa (12/12/2023), Raja Amarasi dan Raja Insana sudah terlebih dulu menyatakan sikap dukungan untuk Ganjar jadi Presiden 2024.
Editor: Rizky Agustian"
https://www.inews.id/travel/destinasi/5-tempat-healing-di-manokwari-nomor-3-dikunjungi-calon-presiden-ganjar-pranowo,"Rabu, 22 November 2023 - 21:58:00 WIB","5 Tempat Healing di Manokwari, Nomor 3 Dikunjungi Calon Presiden Ganjar Pranowo","Scan this QR or download app from:
JAKARTA, iNews.id-  Calon Presiden yang diusung oleh Partai Perindo,Ganjar Pranowomengunjungi KotaManokwaripada Senin, 20 November 2023 kemarin.  Kota Manokwari tidak hanya memukau dengan keindahan alamnya, tetapi juga menawarkan pengalaman penyembuhan holistik.
Terletak di tengah pesona alam Papua yang memukau, Manokwari menyuguhkan ketenangan dan keseimbangan bagi para pengunjungnya.

Dikelilingi oleh hutan hijau dan pemandangan pegunungan megah, kota ini menawarkan pengalaman unik, memungkinkan para pengunjung meresapi energi positif dari alam sekitarnya.
Disatukan dengan praktik penyembuhan tradisional dan modern, Manokwari menjadi oase bagi mereka yang mencari relaksasi, penyembuhan, dan koneksi mendalam dengan alam. Di antara sejumlah tempat healing yang tersedia, Ganjar Pranowo ternyata juga pernah mengunjungi salah satunya.

Berikut adalah ulasan mengenai lima tempat healing di Manokwari:
Pantai Amban dengan pasir abu-abu halus dan batu karang tersebar menawarkan pesona khusus, terutama pada pagi atau sore hari. Matahari oranye yang memantul dari pasir halus dan air laut transparan menciptakan pemandangan spektakuler."
https://www.inews.id/news/nasional/megawati-dan-ketum-parpol-pengusung-ganjar-mahfud-bakal-pukul-kentongan-kewaspadaan-di-gbk,"Sabtu, 03 Februari 2024 - 11:49:00 WIB",Megawati dan Ketum Parpol Pengusung Ganjar-Mahfud Bakal Pukul Kentongan Kewaspadaan di GBK,"Scan this QR or download app from:
JAKARTA, iNews.id- Kampanye akbar Capres-Cawapres Nomor Urut 3 Ganjar Pranowo dan Mahfud MD bertajukKonser Salam Metaldigelar di Stadion Utama Gelora Bung Karno (SUGBK), Senayan, Jakarta, Sabtu (3/2/2024). Ketua Umum PDIPMegawati Soekarnoputridipastikan hadir.
Selain Megawati, Ketua Umum Partai Perindo Hary Tanoesoedibjo, Ketua Umum Partai Hanura Osman Sapta, dan Plt Ketua Umum PPP Muhamad Mardiono juga akan hadir.


""Ibu Megawati akan berangkat dari kediaman di Jalan Teuku Umar untuk menghadiri konser Salam MetalGanjar-MahfudMenang Total. Sejumlah menteri dari PDIP akan ikut mendampingi seperti Pramono Anung, Yasonna Laoly, Tri Rismaharini, Bintang Puspayoga, dan Abdullah Azwar Anas,"" ujar Sekretaris Tim Pemenangan Nasional (TPN) Ganjar-Mahfud, Hasto Kristiyanto.
Hasto mengungkapkan, Megawati bersama ketum-ketum parpol pengusung Ganjar-Mahfud akan memukulkentongan kewaspadaandi hadapan para pendukung nanti.

""Pemukulan kentongan ini sebagai simbolisasi agar masyarakat tersadar untuk ikut menjaga kewaspadaan, melawan intimidasi dan kecurangan yang mungkin yang terjadi di Pilpres 2024 ini,"" ujar Hasto.
Hasto menuturkan, kentongan menjadi simbol informasi sekaligus tradisi masyarakat dari desa ke desa. Benda tersebut biasa dipukul sebagai tanda agar warga bersiaga dan waspada."
https://sorongraya.inews.id/read/370345/beredar-pakta-integritas-menangkan-capres-ganjar-pranowo-ada-tandatangan-pj-bupati-sorong,"Selasa, 14 November 2023 | 13:43 WIB","Beredar Pakta Integritas Menangkan Capres Ganjar Pranowo, Ada Tandatangan Pj Bupati Sorong","Scan this QR or download app from:

SORONG, iNewsSorong.id - Belum genap sehari Pasca penangkapan Penjabat (Pj) Bupati SorongYan Piet Mossooleh Komisi Pemberantasan Korupsi (KPK) pada Senin (13/11/2023) di kediamannya. Beredar sebuah dokumen terkaitpakta integritasyang mewajibkan Yan Piet Mosso memenangkan calon presiden (capres) Ganjar Pranowo di Kabupaten Sorong pada Pilpres 2024 mendatang.
Dari salinan dokumen pakta integritas yang diterima Redaksi iNewsSorong.id termuat lima poin kesepakatan dalam pakta integritas tersebut. Tak hanya itu dalam pakta integritas itu juga  tertuang tanda tanganPj Bupati SorongYan Piet Mosso dan Kepala Badan  Intelijen Nasional Daerah (Kabinda) Papua Barat, Brigjen TNI TSP. Silaban pada Agustus 2023.
Lima poin pakta integritas tersebut pada poin pertama menyebutkan, mendukung dan melaksanakan penuh keberhasilan program Pemerintah Pusat di Wilayah Kabupaten Sorong. Pada poin Kedua, disebutkan tidak melakukan Tindak Pidana Korupsi, Kolusi dan Nepotisme (KKN). Selain itu pada poin ketiga, menolak sepenuhnya segala kegiatan yang bersifat separatisme serta aktivitas pergerakan Papua Merdeka di wilayah.
Selanjutnya pada poin keempat yang jadi perhatian publik Isinya adalah siap mencari dukungan dan memberikan kontribusi suara pada Pilpres 2024, minimal sebesar 60 persen+1 untuk kemenangan Ganjar Pranowo sebagai Presiden Republik Indonesia di Kabupaten Sorong.
Terakhir, pada poin yang kelima, tertulis bersedia menjaga kerahasiaan sepenuhnya berkaitan pembuatan pakta integritas ini.
Hingga berita ini diturunkan Redaksi iNewsSorong.id  masih mencoba menelusuri kebenaran dari sebaran pakta integritas tersebut, karena ada informasi yang menyebut pakta integritas ini juga merupakan salah satu barang temuan saat tim penyidik KPK lakukan penggeledahan.
Sementara itu seperti dilansir dari Sindonews.com (MPI Portal) Komisi Pemberantasan Korupsi ( KPK ) mengumumkan Penjabat (Pj) Bupati Sorong Yan Piet Mosso sebagai tersangka kasus dugaan pengondisian alias kongkalikong hasil audit Badan Pemeriksa Keuangan (BPK) wilayah Papua Barat Daya. Setelah diumumkan, lembaga antirasuah langsung melakukan penahanan terhadap Yan Piet. Selain Yan Piet, KPK juga menetapkan dan menahan lima tersangka lain, yakni Kepala BPKAD Kabupaten Sorong Efer Sidegat, staf BPKAD Kabupaten Sorong Mantel Syatfle (MS), Kepala Perwakilan BPK Provinsi Papua Barat Patrice Lumumba Sihombing (PLS), Kasubaud BPK Provinsi Papua Barat Abu Hanifa (AH), dan Ketua Tim Pemeriksa David Patasung (DP).
""Untuk kepentingan penyidikan, penyidik melakukan penahanan para tersangka untuk 20 hari pertama terhitung mulai tanggal 14 November 2023 sampai dengan 3 Desember 2023 di Rutan KPK, "" kata Ketua KPK Firli Bahuri di Gedung Merah Putih KPK, Selasa (14/11/2023).


Editor : Sayied Syech Boften"
https://semarang.inews.id/read/406138/nella-kharisma-hibur-hajatan-rakyat-semarang-ganjar-mahfud,"Sabtu, 10 Februari 2024 | 15:32 WIB",Nella Kharisma Hibur Hajatan Rakyat Semarang Ganjar-Mahfud,"Scan this QR or download app from:
SEMARANG,iNewsSemarang.id -Nella Kharisma memberikan hiburan kepada penontonHajatan Rakyat SemarangGanjar-MahfuddiLapangan Pancasila Simpang Lima, Jawa Tengah pada Sabtu (10/2/2024). Dia membuka penampilannya dengan lagu ""Cendol Dawet"".
Tidak hanya sekadar berjoget bersama, penonton Hajatan Rakyat Semarang Ganjar Pranowo dan Mahfud MD juga ikut menyanyikan lagu bersama Nella.
Irama musik yang menghentak semakin membangkitkan semangat massa dalam mengikuti kampanye akbar ini. Setelah menyenangkan penonton dengan lagu pertama, Nella tak lupa menyapa mereka yang memadati Lapangan Simpang Lima Semarang.
Selain merasa senang bisa menghibur kerumunan yang hadir di depannya, Nella juga mengajak mereka untuk memberikan suara pada Capres dan Cawapres nomor urut tiga di Pilpres 2024.
“Sangat senang bisa berkumpul di acara Ganjar-Mahfud. Kampanye terakhir ini luar biasa. Besok jangan lupa tanggal 14, kita coblos Ganjar-Mahfud,” ujar Nella. Ia pun mengajak penonton bergoyang dengan lagu-lagu populer lainnya, seperti ""Dumes"", dan berhasil mengajak mereka bergoyang dengan lagu ""Jaran Goyang"".
“Ada yang galau siang hari ini?? Yang berada di Simpang Lima Semarang tetap semangat. Ganjar-Mahfud! Sekarang kita kasih yang bikin bergoyang,” teriak Nella. Hajatan Rakyat Capres dan Cawapres nomor urut tiga, Ganjar Pranowo dan Mahfud MD telah digelar di Benteng Vastenburg, Solo, pada Sabtu (10/2/2024) dari pukul 07.00-10.00 WIB.
Pada siang hari, Hajatan Rakyat dilanjutkan di Lapangan Pancasila, Simpang Lima Semarang mulai dari pukul 13.00-17.00 WIB. Selain penampilan dari Woro Widawati, grup musik Slank juga turut memeriahkan panggung Hajatan Rakyat. Tak hanya itu, ada pula penampilan dari Oppie Andaresta, NDX AKA, Nassar, Woro Widawati, Nella Kharisma, Danang Pradana, Cak Lontong, Rizky Inggar, Nessa Ghozal, dan Sarjoe.
Editor : Vitrianda Hilba SiregarEditor Jakarta"
https://sumut.inews.id/berita/sapa-pelajar-di-medan-alam-ganjar-bagi-bagi-tips-lanjutkan-studi-ke-perguruan-tinggi,"Jumat, 19 Januari 2024 - 14:40:00 WIB","Sapa Pelajar di Medan, Alam Ganjar Bagi-Bagi Tips Lanjutkan Studi ke Perguruan Tinggi","Scan this QR or download app from:
MEDAN, iNews.id -Muhammad ZinedineAlam Ganjarmemberikan motivasi hinggatipsmempersiapkan dunia perkuliahan di SMA ST. Ignasius, Medan Johor, Sumatera Utara (Sumut), Kamis (18/1/2024). Kepada pelajar, Alam Ganjar berpesan agar tetap fokus meraih tujuan.
Sebagai mahasiswa Fakultas Teknik Universitas Gadjah Mada (UGM), Alam pun menyarankan pelajar untuk tetap fokus dan menikmati setiap proses yang dilalui.

""Kadang kita fokus pada hasil yang kita ingin capai, tapi nilai utama dari adalah keberhasilan adalah bagaimana kita menikmati sebuah proses yang dijalani untuk memperoleh kebrhasilan tersebut,"" kata Alam, Kamis (18/1/2024).
Diketahui jika UGM menjadi salah satu universitas terbaik di Indonesia, Alam menyampaikan bagaimana pelajar harus mempersiapkan diri dan memahami regulasi masuk perguruan tinggi megeri yang berlaku.

""Disesuaikan lagi minat jurusan yang aman diambil. Sekarang kan sudah banyak informasi jenis masuk perguruan tinggi apa aja, kalau dulu kan masih SBMPTN dan SNMPTN, intinya kalau mau masuk UGM kan udah ada standar nilai tinggal nanti cek di passing grade UGM berapa dan itu yang harus dikejar,"" kata Alam.
Selain itu, Alam pun berpesan untuk memahami kemauan dan memampuan diri serta tetap memperhitungkan dengan kempuan diri sendiri.

""Dulu aku memilih ITB menggunakan jalur nilai rapot karena passing grade gede banget jadi aku memilih UGM sebagai pilihan selanjutnya. Jadi ini soal kemauan sama kemampuan aja kalau temen-temen punya keinginan tertentu, kita tetep harus memperhitungkan,"" ucapnya.
Editor: Nani Suherni"
https://www.inews.id/lifestyle/music/nyanyi-salam-metal-duet-slank-dan-oppie-andaresta-bangkitkan-semangat-pendukung-ganjar-mahfud,"Kamis, 08 Februari 2024 - 16:09:00 WIB","Nyanyi Salam Metal, Duet Slank dan Oppie Andaresta Bangkitkan Semangat Pendukung Ganjar-Mahfud","Scan this QR or download app from:
JAKARTA, iNews.id -Grup musik Slank hadir memeriahkanKonser Hajatan RakyatBanyuwangi di RTH Maron, Kabupaten Banyuwangi, pada Kamis (8/2/2024). Terlihat Slank berduet dengan beberapa musisi ternama lain di atas panggung.
Usai berduet dengan penyanyi jebolan Indonesian Idol, Novia Bachmid, Slank kemudian turut mengajak penyanyi Oppie Andaresta untuk bernyanyi bersama.


Menariknya, Kaka CS dan Oppie menyanyikan lagu berjudul ‘Salam Metal’, yakni lagu yang baru diciptakan langsung oleh Slank, khusus untuk mendukung pasangan Capres dan Cawapres Nomor Urut 3 Ganjar-Mahfud.
“Salam metal menang totalRambut putih yang kita pilihMerah putih semangat berkobarJangan lupa coblos pak ganjar!!

Dulu zaman JokowiSekarang zaman Ganjar PranowoDulu revolusi mentalSekarang kita revolusi cinta"
https://sulsel.inews.id/berita/3-julukan-makassar-kota-metropolitan-di-sulsel-yang-dikunjungi-ganjar-pranowo,"Senin, 20 November 2023 - 10:53:00 WITA","3 Julukan Makassar, Kota Metropolitan di Sulsel yang Dikunjungi Ganjar Pranowo","Scan this QR or download app from:
MAKASSAR, iNews.id -Ganjar Pranowo, Calon Presiden nomor urut 3, mengunjungiKota Makassar, ibu kota Provinsi Sulawesi Selatan. Tidak hanya sekadar kota, Makassar menjadi metropolitan yang memikat perhatian banyak orang.
Dengan sejarah panjangnya, Makassar telah mengukir identitasnya sebagai pusat kegiatan ekonomi, budaya, dan politik di Sulawesi. Kedekatan Ganjar Pranowo dengan para tokoh nasional, seperti yang baru-baru ini ditunjukkan dalam kehadirannya, semakin menambah pesona Kota Makassar sebagai pusat perhatian di tanah Sulawesi.

Sebelumnya, Ganjar Pranowo telah menghadiri acara Sarasehan Nasional Ikatan Keluarga Alumni Universitas Negeri Makassar (UNM) di Hotel Four Points by Sheraton. Dalam acara yang membahas demokrasi dan ekonomi Indonesia ini, Ganjar menyampaikan gagasan-gagasan penting terkait isu-isu nasional. Sikap terbuka dan responsif Ganjar Pranowo terhadap kritik tokoh kontroversial Rocky Gerung memperlihatkan kepemimpinan yang inklusif dan siap mendengarkan berbagai pandangan.
Kembali lagi dengan Kota Makassar, sebuah kota yang memikat dengan kekayaan budaya dan sejarahnya yang luar biasa. Terletak di pesisir timur Pulau Sulawesi, Makassar menyajikan pemandangan alam yang menakjubkan dan menjadi magnet bagi para pencinta petualangan. Namun, keindahan alam bukanlah satu-satunya daya tariknya. Kota ini juga memiliki warisan maritim yang kuat, menjadikannya destinasi unggul bagi mereka yang ingin mengeksplorasi keberagaman lautnya. Penduduknya, dengan keramahan dan kehangatan yang melekat, menciptakan atmosfer yang ramah dan menyambut bagi setiap pengunjung.

Kota ini memiliki berbagai julukan menarik yang perlu Anda ketahui, lho. Apa saja? Berikut rangkumannya dari berbagai sumber.
Kota Makassar memiliki sejarah yang memikat dan memberikan nuansa legendaris pada identitasnya sebagai ""Kota Jungpandang."" Kehadiran julukan ini tidak terlepas dari keberadaan Benteng Jungpandang, sebuah peninggalan bersejarah dari era kerajaan Gowa-Tallo. Benteng ini menjadi saksi bisu perjuangan dan kejayaan masa lalu, sebelum akhirnya direbut oleh Belanda dan berganti nama menjadi Fort Rotterdam.

Keberadaan Fort Rotterdam sendiri menjadi simbol peralihan kekuasaan dan peristiwa penting dalam perjalanan sejarah Makassar. Dengan menggabungkan pesona alam dan kekayaan budaya, Makassar memancarkan daya tariknya yang khas, menjadikannya bukan hanya destinasi wisata, tetapi juga sebuah kota yang memelihara jejak-jejak berharga dari masa lalu yang patut dihargai.
Editor: Nani Suherni"
https://www.inews.id/news/nasional/ganjar-sowan-ke-ponpes-mahadut-tholabah-tegal-komitmen-jalankan-uu-pesantren,"Kamis, 11 Januari 2024 - 15:37:00 WIB","Ganjar Sowan ke Ponpes Ma'hadut Tholabah Tegal, Komitmen Jalankan UU Pesantren","Scan this QR or download app from:
TEGAL, iNews.id- Calon Presiden (Capres) nomor urut 3,Ganjar Pranowo, mendapatkan doa dan dukungan dari para pengasuh dan santri Pondok Pesantren (Ponpes) Ma'hadut Tholabah Tegal. Dia pun menegaskan komitmen untuk menjalankan UU Nomor 18 Tahun 2019 tentang Pesantren.
Dukungan itu didapat Ganjar saat melakukan safari ke ponpes yang terletak di Jatimulya, Kecamatan Lebaksiu, Kabupaten Tegal, tersebut pada Kamis (11/1/2024). Dia disambut meriah oleh para santri setiba di lokasi.


Ribuan santri yang berkumpul di sepanjang lorong kompleks pesantren histeris berebut salaman dan tak jarang memanggil nama Ganjar berkali-kali.
Ganjar juga disambut para pengasuh pondok yakni KH Nasihun Isa Mufti (pengasuh putri) dan KH Muhammad Syafii Baidowi (pengasuh putra). Kedua pengasuh itu kemudian menyematkan serban kepada Ganjar.

Setelah itu, Ganjar dan para pimpinanPonpes Ma'hadut Tholabahmelakukan pertemuan tertutup selama 30 menit. Selanjutnya, capres berambut putih tersebut menemui ribuan santri di halaman sekolah setempat.
Dalam kesempatan itu, KH Nasihun Isa Mufti mengaku bahagia bisa menerima kunjungan Ganjar. Dia yakin mantan gubernur Jawa Tengah dua periode itu akan terpilih pada Pilpres 2024."
https://www.inews.id/finance/bisnis/deretan-komisaris-bumn-yang-mundur-karena-jadi-timses-ganjar-mahfud-dari-ahok-hingga-abdee-slank,"Minggu, 04 Februari 2024 - 14:52:00 WIB","Deretan Komisaris BUMN yang Mundur karena Jadi Timses Ganjar-Mahfud, dari Ahok hingga Abdee Slank","Scan this QR or download app from:
JAKARTA, iNews.id- SejumlahDewan KomisarisBadan Usaha Milik Negara (BUMN) ramai-ramai mengajukan surat pengunduran diri kepada Menteri BUMN Erick Thohir, karena memilih bergabung dengan tim sukses (timses) Capres-Cawapres nomor urut 3, Ganjar Pranowo-Mahfud MD. Terbaru, Basuki Tjahaja Purnama aliasAhokmemutuskan mundur dari posisinya sebagai Komisaris Utama PT Pertamina (Persero).
Keputusan tersebut diambil Ahok karena mendukung dan ikut mengampanyekanGanjar-Mahfudpada Pemilu 2024. Surat pengunduran sempat dipublikasi Ahok melalui akun Instagramnya @basukibtp, sebelum diserahkan kepada Erick.


""Unggahan ini merupakan bukti tanda terima Surat Pengunduran Diri saya sebagai Komisaris Utama PT Pertamina (Persero) yang saya serahkan hari ini, 2 Februari 2024,"" tulis Ahok dalam postingan Instagramnya dikutip, Minggu (4/2/2024).
Tak hanya mantan Gubernur DKI Jakarta itu, aksi serupa juga sudah dilakukan beberapa Dewan Komisaris di BUMN lainnya. Berikut daftarnya:

Abdi Negara Nurdin alias Abdee Slank, memilih cabut dari Komisaris Independen PT Telekomunikasi Indonesia Tbk (Telkom) yang dijabatinya sejak Mei 2021 lalu."
https://www.inews.id/lifestyle/seleb/arie-kriting-puji-ganjar-mahfud-di-debat-capres-terakhir-konsisten-dan-solid,"Senin, 05 Februari 2024 - 07:36:00 WIB",Arie Kriting Puji Ganjar-Mahfud di Debat Capres Terakhir Konsisten dan Solid,"Scan this QR or download app from:
JAKARTA, iNews.id- KomikaArie Kritingmemberikan pujian mendalam untuk pasangan capres dan cawapres nomor urut 3,Ganjar-MahfuddalamDebat Capresterakhir. Ungkapan itu dibagikan Arie di akun X pribadinya, @arie_kriting.
Dalam cuitannya, suami Indah Permatasari ini mengungkapkan performa Ganjar selama Debat Capres ke-5, Minggu (4/2/2024) malam. Dia menilai Paslon 03 selalu konsisten dalam memaparkan gagasan di setiap sesi debat.


“Dari lima kali debat, pasangan Ganjar-Mahfud tampil selalu konsisten dan solid. Gagasan dan pengalaman seiring sejalan,” tulis Arie.
Dia menegaskan Ganjar-Mahfud selalu kompak khususnya di momen debat. Pemaparannya pun selalu selaras demi mensejahterahkan rakyat dan menuju Indonesia maju.

Tak hanya itu, Arie juga memberikan testimoninya kepada dua Capres lainnya. Dia menegaskan performa Ganjar-Mahfud selalu terbaik. “MVP keseluruhan Ganjar-Mahfud,” kata Arie."
https://www.inews.id/multimedia/infografis/infografis-ganjar-pranowo-bakal-sikat-calo-lowongan-pekerjaan,,Infografis Ganjar Pranowo Bakal Sikat Calo Lowongan Pekerjaan,"BEKASI, iNews.id -Ganjar Pranowo mendengar keluhan dari warga KabupatenBekasiterkait meningkatnya aktivitascalodalam proses penerimaan lowongan pekerjaan. Beliau dengan tegas menyatakan niatnya untuk membersihkan praktik-praktik calo tersebut apabila terpilih sebagai presiden, sebagai tindakan nyata untuk mengatasi permasalahan tersebut.
Capres nomor urut 3, yang didukung oleh Partai Perindo, menerima keluhan tersebut saat bertemu dengan ribuanburuhdan warga di GOR Metland, Tambun, Kabupaten Bekasi, Kamis, (15/12/2023). Ganjar Pranowo terkejut karena praktek Pungutan Liar (Pungli) begitu meluas di daerah Bekasi.
""Yang menyedihkan adalah ketika mereka mencari pekerjaan, pengakuan mereka tadi harus lewat calo dan nyogok. Dari apa yang terjadi di masyarakat, praktek-praktek buruh dalam hal ini Pungli,"" ucapnya.
Editor: Johan Jaelani"
https://www.inews.id/news/nasional/dukungan-bagi-ganjar-mahfud-di-as-kian-meluas/all,"Rabu, 22 November 2023 - 14:41:00 WIB",Dukungan bagi Ganjar-Mahfud di AS Kian Meluas,"Scan this QR or download app from:
JAKARTA, iNews.id-Dukunganuntuk pasangan capres-cawapres nomor urut 3 Ganjar Pranowo-Mahfud MD diAmerika Serikat(AS) kian meluas. Hal tersebut diungkap Ketua Umum USA forGanjar-Mahfud, Lia Sundah Suntoso.
Dia mengatakan, pihaknya terus berkonsolidasi dan bekerja sama dengan WNI di AS untuk pemenangan Ganjar-Mahfud.


""Kita kerja sama, kita konsolidasi terus. Semua orang gotong royong, kerja sama dan segala macam,"" kata Lia saat dihubungi iNews.id, Rabu (22/11/2023).
Dia mengatakan, secara keseluruhan relawan Ganjar-Mahfud tersebar di 30 negara bagian AS. Mereka sering menggelar berbagai kegiatan.

""Di Atlanta itu (acaranya) gede banget lho, gede banget,"" katanya.
Dia menekankan konsolidasi terus dilakukan meski terkendala jarak. Dia lantas mencontohkan beberapa kegiatan yang sudah dilakukan.

""Jadi kita tuh berkoordinasi, kita betul-betul koordinasi, nah koordinasinya itu bukan cuma sesama Amerika, tapi kita kan juga punya konsolidasi World For Ganjar, jadi sama Kanada misalkan ya, Kanada dan sama kita Amerika,"" katanya.
Konsolidasi tersebut, kata Lia, perlu dilakukan untuk menghindari gesekan di lapangan. Dia mengatakan, relawan USA For Ganjar-Mahfud maupun World for Ganjar sudah terbiasa bekerja sama.

""Karena itu dari awal sebelum terbentuk, kita ini bikin forum silaturahmi. Nah jadi dari awal itu kita udah membiasakan diri kerja sama,"" ucapnya.
Lia juga bercerita soal kegiatan relawan Ganjar-Mahfud di New York. Sebanyak hampir 100 orang terlibat dalam kegiatan tersebut.

Mereka tetap bersemangat meskipun acara digelar di tengah hujan dan badai.
""Kita itu kebetulan kalau di New York hebohnya tuh karena kebetulan pas kita kegiatan itu ada sekali hujan badai. Nah itu bener-bener, orang dateng di hujan badai, dan besoknya terang benderang,"" ucapnya.
Editor: Rizky Agustian"
https://www.inews.id/news/nasional/ganjar-kunjungi-palu-didoakan-para-relawan-jadi-presiden,"Senin, 04 Desember 2023 - 11:49:00 WIB","Ganjar Kunjungi Palu, Didoakan Para Relawan Jadi Presiden","Scan this QR or download app from:
PALU, iNews.id- CalonPresiden(Capres) nomor urut 3Ganjar PranowomelakukankampanyediKota Palu,Sulawesi Tengah, Senin (4/12/2023) pagi. Dalam agenda pertama, Ganjar bertemu dengan TPD Ganjar-Mahfud, relawan hingga caleg dari partai pengusung.
Dalam kegiatan tersebut, Ganjar didoakan menjadi Presiden ke-8 RI. Doa dipanjatkan sebelum acara dimulai.


""Memenangkan ganjar sebagai Presiden RI 2024-2029,"" ujar pemandu doa dalam kegiatan tersebut.
""Aamiin,"" ucap seribuan peserta yang hadir.

Para pendukung pun berdoa agar Ganjar dapat mengemban amanah dengan baik guna memajukan bangsa Indonesia.
""Kami yakin Bapak Ganjar Pranowo mampu memgemban amanah untuk negeri ini,"" katanya.

Diketahui, Ganjar akan mengunjungi Palu dan Donggala, Senin (4/12/2023) hari ini. Di Palu, Ganjar akan melangsungkan pertemuan dengan TPD, caleg dan massa dari partai pendukung serta relawan di SRITI Convention Hall, Palu.
"
https://www.inews.id/sport/all-sport/alam-ganjar-main-futsal-di-bekasi-singgung-pentingnya-pemerintah-sediakan-ruang-publik-gratis/2,"Jumat, 15 Desember 2023 - 11:00:00 WIB","Alam Ganjar Main Futsal di Bekasi, Singgung Pentingnya Pemerintah Sediakan Ruang Publik Gratis","Scan this QR or download app from:

Tidak hanya fasilitas untuk olahraga saja, Alam Ganjar juga menyampaikan betapa pentingnya pemerintah memberikan fasilitas ruang publik yang menargetkan anak muda. Hal itu penting karena untuk menunjang produktivitas dan kreativitas anak muda.

“Ditambah lagi ruang disinergikan dengan ruang publik yang mencakup anak muda, musik bahkan inkubasi bisnis, perlu ada fasilitas satu pintu seperti itu,” terang Alam Ganjar.
Alam Ganjar bakal menyambangi sejumlah titik di Jawa Barat. Dalam kunjungannya, dia terlihat mendatangi sejumlah tempat seperti panti asuhan, sarana olahraga hingga pondok pesantren di wilayah Bekasi dan Karawang, Jawa Barat.

Editor: Reynaldi Hermawan"
https://www.inews.id/multimedia/photo/ganjar-pranowo-kunjungi-pabrik-mainan-buatan-lokal-di-demak,,Ganjar Pranowo Kunjungi Pabrik Mainan Buatan Lokal di Demak,"DEMAK, iNews.id- Calon Presiden nomor urut 3,Ganjar Pranowomenyempatkan diri untuk berkunjung kepabrik mainanJaya Setia Plastik (JSP) saat berkampanye ke wilayah Demak, Jawa Tengah, Selasa (2/1/2024).
Mengenakan kemeja putih betuluskan ‘Sat-Set’ Ganjar berkeliling melihat pabrik mainan JSP guna melihat bagaimana memproduksi mainan plastik ini.
Ganjar keliling pabrik yang sudah memiliki ribuan pegawai. Ganjar lalu berdialog dengan para pegawai JSP yang sedang membuat ataupun mengemas mainan plastik.
Saat berkeliling, Ganjar mengatakan dirinya sangat takjub dengan mainan plastik hasil produksi dari pabrik JSP. Ia bilang pabrik tersebut bisa menjadi motor untuk memenuhi kebutuhan mainan bagi anak-anak di tanah air.
“Kebutuhan untuk anak-anak dari mainan bisa diproduksi dari dalam negeri,” kata Ganjar saat berkunjung ke pabrik mainan JSP, Demak, Jawa Tengah.
Editor: Yudistiro Pranoto"
https://www.inews.id/finance/bisnis/faisal-basri-sebut-iklim-dunia-usaha-lebih-pasti-jika-ganjar-mahfud-menang-pilpres,"Rabu, 07 Februari 2024 - 16:03:00 WIB",Faisal Basri Sebut Iklim Dunia Usaha Lebih Pasti jika Ganjar-Mahfud Menang Pilpres,"Scan this QR or download app from:
JAKARTA, iNews.id- Ekonom senior Indef,Faisal Basrimenyebut bahwa iklimdunia usahaakan lebih pasti jika pasangan Calon Presiden-Calon Wakil Presiden (Cawapres) nomor urut 3, Ganjar Pranowo-Mahfud MD memenangkan Pilpres 2024. Menurutnya, pasangan tersebut memiliki komitmen yang kuat untukmemberantas korupsidi Tanah Air dibanding paslon lainnya.
“Pada paslon 03 ada pendekar Pak Mahfud MD yang relatif bersih. Memang bukan malaikat, dan kita tidak untuk memilih malaikat. Pak Ganjar juga oke rekam jejaknya,” ucap Faisal pada acara Bloomberg Technoz Economic Outlook 2024 di Jakarta, Rabu (7/2/2024).


Faisal hadir sebagai pembicara yang memaparkan prediksi situasi perekonomian pasca-Pilpres 2024 yang mengusung topik ""New Government: Political and Economic Directions After the Election"".
Lebih lanjut, Faisal menjelaskan dunia usaha saat ini membutuhkan kepastian di tengah situasi ketidakpastian. Dia menilai Cawapres Mahfud MD, bisa lebih berperan dan dapat diandalkan untuk mereformasi undang-undang atau regulasi maupun institusi untuk menciptakan kepastian.

“Tapi harapan buat dunia usaha dalam ketidakstabilan ini, Pak Mahfud bisa berperan dan lebih bisa diandalkan. Sudah siap untuk reformasi perundang-undangan, institusi untuk menciptakan kepastian,” tuturnya.
Faisal memberi contoh konkret bahwa Mahfud saat menjadi Menko Polhukam membentuk TimReformasi Hukumyang beranggotakan para pakar dan tokoh masyarakat sipil untuk melakukan reformasi hukum. Faisal menyebut bahwa dirinya masuk ke dalam tim tersebut dan diminta untuk melakukan reformasi hukum.

“Saya diminta di tim reformasi hukum, ini sudah tokcer dan akan langsung dilaksanakan Mahfud. Dia tegas ditindak pidana pencucian uang (TPPU), tapi pada batas tertentu mentok, karena terkait kekuasaan,” kata dia.
"
https://www.inews.id/news/nasional/momen-ganjar-rangkul-pendukung-prabowo-saat-bentangkan-spanduk-diajak-makan-bareng,"Selasa, 06 Februari 2024 - 14:17:00 WIB","Momen Ganjar Rangkul Pendukung Prabowo saat Bentangkan Spanduk, Diajak Makan Bareng","Scan this QR or download app from:
JAKARTA, iNews.id- Momen menarik terjadi saat Calon Presiden (Capres) Nomor Urut 3 yang didukung Partai Perindo,Ganjar Pranowo, berkunjung ke Balikpapan, Kalimantan Timur, Selasa (6/2/2024). Ganjar disambut pendukung Capres Nomor Urut 2 Prabowo Subianto dan Gibran Rakabuming Raka.
Dalam video yang dilihatiNews.id, Ganjar yang mengenakan kemeja putih tiba di salah satu rumah makan yang ada di Balikpapan. Setiba di sana, tampak dua orang membentangkan spanduk yang menampilkan wajah Prabowo-Gibran.


Bukannya marah dan baper, Ganjar malah menghampiri pendukung dari Prabowo-Gibran yang diketahui bernama Putra Nur (21) itu. Ganjar pun mengatakan, hal itu menunjukan pesan damai dan tidak perlu marah.
""Jangan digulung, nanti kamu dimarahin yang nyuruh lho. Ndak papa dibentangkan. Wah gambarnya bagus, yang bener biar kelihatan Pak Prabowonya. Ini tulisannya bagus, Bersama untuk Indonesia Maju,"" ucap Ganjar.

“Saya senang lho kampanye di sini disapa pendukungnya Pak Prabowo. Disambut oleh pendukungnya Pak Prabowo, inilah pesan damai dan tidak marah-marah,” kata Ganjar yang sempat berfoto denganpendukung Prabowo-Gibranitu.
Mantan Gubernur Jawa Tengah itu pun mengajak pendukung Prabowo-Gibran tersebut untuk makan siang bersama. Ajakan itu sempat ditolak lantaran Putra takut.

Ganjar pun tetap berusaha mengajak Putra yang sedang ketakutan.
“Ayo ikut makan, enggak dimarahin Pak Prabowo. Nanti kalau dimarahin aku yang ngomong, enggak apa-apa kok,” ujarnya."
https://www.inews.id/news/nasional/segini-harta-kekayaan-arsjad-rasyid-ketua-tpn-ganjar-mahfud,"Selasa, 14 November 2023 - 11:31:00 WIB","Segini Harta Kekayaan Arsjad Rasyid, Ketua TPN Ganjar-Mahfud","Scan this QR or download app from:
JAKARTA, iNews.id- Ketua Umum Kamar Dagang dan Industri (Kadin) Indonesia,Arsjad Rasjidmerupakan Ketua Tim Pemenangan Nasional (TPN) untuk mendukung pasangan Calon Presiden dan Wakil PresidenGanjar Pranowo-Mahfud MDdalam Pilpres 2024.
Keputusan tersebut diambil saat para pemimpin partai yang mendukung Ganjar Pranowo dalam Pilpres 2024 sepakat untuk menunjuk Arsjad Rasjid sebagai ketua TPN Ganjar-Mahfud. Keputusan ini dibuat dalam pertemuan yang dipimpin oleh Ketua Umum PDIP, Megawati Soekarnoputri, pada Senin (4/9/2023), sebagaimana diungkapkan oleh Ketua Umum Perindo, Hary Tanoesoedibjo.


Ketua Umum Perindo itu menggambarkan Arsjad sebagai pribadi yang diterima dengan baik oleh berbagai kelompok dan yakin bahwa Arsjad memiliki kemampuan dan jaringan yang luas, terutama berdasarkan pengalaman sebagai Ketua Umum KADIN selama ini.
""Pak Arsjad Rasjid kita tahu figur yang bisa diterima semua pihak, pintar, muda, network-nya luas dan ketua umum Kadin juga. Itu yg saya rasa yg paling utama,"" ucap Hary Tanoe.

Bagaimana profil Arsjad Rasjid, Ketua TPN Ganjar-Mahfud? Berapa kekayaan yang dimilikinya?
"
https://toraja.inews.id/read/373975/ganjar-gibran-dijadwalkan-ke-toraja-bps-gereja-toraja-tongkonan-sangulele-adalah-rumah-untuk-semua,"Kamis, 23 November 2023 | 09:29 WIB","Ganjar Gibran Dijadwalkan ke Toraja, BPS Gereja Toraja: Tongkonan Sangulele Adalah Rumah Untuk Semua","Scan this QR or download app from:
NASIONAL, iNews.id- Badan Pekerja Sinode (BPS) Gereja Toraja menyambut sukacita rencana kedatanganGanjar PranowodanGibran Rakabuming Rakadi Toraja.
Keduanya dijadwalkan akan berkunjung ke kantorBPS Gereja Toraja, Tongkonan Sangullele, Rantepao, Kabupaten Toraja Utara.
""Iya, saya mendapat kabar tentang hal ini. Jika tidak ada perubahan agenda waktu ya. Mereka berdua adalah putra-putra terbaik bangsa yang mencintai NKRI,"" ucap Ketua Umum BPS Gereja Toraja, Pendeta DR. Alfred YR Anggui, kepadaiNews.id
Lanjut, Ketum Alfred menyampaikan rencana penyambutan yang berlokasi di Tongkonan Sangullele.
""Tongkonan Sangullele adalah rumah bersama untuk semua dan akan jadi tempat bagi kita buat bercakap dan memberi kontribusi pemikiran kita bagi siapa pun yang ingin membangun bangsa, termasuk kehidupan masyarakat Toraja,"" sambungnya.
Dalam kesempatan tersebut, Ketum Alfred akan memperkenalkan keindahan Toraja yang sejuk dengan keberagaman dan toleransi.
Diketahui, Ganjar Parnowo dijadwalkan akan berkunjung ke Toraja pada hari Sabtu (25 November 2023) dengan agenda kuliah umum di UKI Toraja, Makale, Kabupaten Tana Toraja. Selanjutnya akan menuju Tongkonan Sangullele, Rantepao Toraja Utara.
Kemudian Gibran Rakabuming Raka akan dijawadkan berkunjung ke Toraja pada esok harinya, Minggu (26 November 2023) dengan beberapa agenda sebelum menuju Tongkonan Sangullele.
Editor : Jufri Tonapa"
https://kaltim.inews.id/berita/ziarah-ke-makam-raja-raja-kutai-kartanegara-ganjar-jangan-sampai-kita-melupakan-leluhur,"Rabu, 06 Desember 2023 - 17:27:00 WIB","Ziarah ke Makam Raja-Raja Kutai Kartanegara, Ganjar: Jangan Sampai Kita Melupakan Leluhur","Scan this QR or download app from:
KUTAI KARTANEGARA, iNews.id -Calon Presiden nomor urut 3 Ganjar Pranowo berziarah ke makam para raja-raja beserta keluargaKutai Kartanegara, Kabupaten Kutai Kartanegara, Kalimantan Timur (Kaltim), Rabu (6/12/2023) siang. Kegiatan ini untuk menghormati jasa paraleluhurdan tidak melupakan sejarah.
Capres yang diusung PDIP, PPP, Partai Perindo dan Hanura ini berziarah ke makam raja ke-15 Kerajaan Kutai Kartanegara Aji Imbut atau dikenal Sultan M. Muslihuddin (1780-1816) beserta istri, Aji Muhammad Salehudin sultan ke-16 Kutai Kartanegara (1816-1845), hingga A.M Parikesit sultan ke-19 Kutai Kartanegara (1920-1960).

Ganjar tampak mengenakan kopiah dengan kemeja hitam dan celana berkelir krem. Dia mendoakan agar para raja dan sultan yang telah tiada mendapatkan tempat layak disisi-Nya.
Bagi Ganjar, kerajaan dan kesultanan Nusantara merupakan bagian dari sejarah, nilai-nilai adiluhung, serta adab sebagai kearifan lokal yang dipersatukan dalam peradaban bangsa dan NKRI.

""Itu penting sekali jangan sampai kita melupakan leluhur kita, pasti ada ajaran-ajaran yang baik, kita tidak lupa sejarah dan beliau-beliau ini kan pendiri Kota Tenggarong pernah menjadi daerah kesultanan, pernah menjadi daerah istimewa dan tentu ada kontribusinya kepada bangsa dan negara,"" kata Ganjar Pranowo.
Pada momentum itu, Ganjar juga didampingi oleh Sultan Kutai Kartanegara Aji Muhammad Arifin, Pangeran Aji Ali Zain, Pangeran Aji Khairudi, Pangeran Aji Hasanuddin, Pangeran Heriyansyah, serta KPH Andi Bau Malik Barammamase Karenta Tukajannangngang Satrio Sasmito selaku Raja Gowa Sulawesi Selatan yang juga Koordinator Nasional Dinasti Nusantara.

Capres yang identik dengan rambut putih itu berkomitmen pada masa pemerintahannya mendatang untuk memberikan support kepada raja, sultan, pemangku adat, dan lain sebagainya supaya tetap hidup sebagai entitas adat budaya Indonesia.
""Maka tadi disampaikan kepada kami bahwa pemerintah pun jadi memperhatikan dan banyak sekali kerajaan, kesultanan yang masih eksis sampai hari ini masih mengembangkan budayanya, dan tentu saja perhatian pemerintah diperlukan kepada mereka,"" ucap Ganjar.

Sebelumziarahke makam, Pria yang lahir pada 28 Oktober 1968 itupun melakukan sowan ke Kedaton Kutai Kartanegara dan mendapatkan sambutan meriah dari masyarakat, tokoh adat, raja-raja Nusantara yang tergabung dalam Dinasti Nusantara serta keluarga sultan Ing. Martadipura Kutai Kartanegara.
Editor: Nani Suherni"
https://www.inews.id/lifestyle/film/ganjar-pranowo-nilai-di-usia-34-tahun-mnc-semakin-besar,"Minggu, 19 November 2023 - 11:39:00 WIB",Ganjar Pranowo Nilai di Usia 34 Tahun MNC Semakin Besar,"Scan this QR or download app from:
JAKARTA, iNews.id- Calon Presiden 2024, Ganjar Pranowo menghadiri acara puncakHUT MNCGroup Ke-34 yang digelar di Studio RCTI+, Jakarta Barat, Sabtu (18/11/2023). Ganjar menilai di usia 34 tahun MNC kini semakin besar.
Ganjar mengungkapkan di umur MNC yang sudah 34 mengingatkannya betapa ikoniknya RCTI pada beberapa masa lalu. “Iya saya nonton pertama, waktu itu yang paling orang tahu TV swastanya ya RCTI. Kalau dulu orang ngomong TV swasta itu nontonnya RCTI. Sampai terkenal sekali,” kata Ganjar.


Dia kemudian melanjutkan stasiun televisi RCTI ini seolah-olah seperti brand yang mewakili seluruh TV swasta.
""Usia ke-34 tahun ini tentunya cukup panjang, guncangannya keras, namun kini sudah semakin besar,” kata Ganjar.

Pada MNC Group Anniversary Celebration 34, HUT MNC kali ini mengusung tema ""Bangkit Bersama"". Sebelum memasuki malam puncak telah digelar MNC Amazing Race (kegiatan team building yang menggabungkan unsur outbound dan gameshow), MNC Sports Competition (kompetisi olahraga Futsal, Basket, Billiard, dan Tenis Meja memperebutkan Piala Bergilir MNC Group).
Terdapat pula MNC Kiko Run Competition (turnamen “Kiko Run”) yang hadir sebagai e-sports competition eksklusif untuk karyawan MNC Group dan keluarga se-Indonesia.

Editor: Dani M Dahwilani"
https://sulsel.inews.id/berita/pakai-passapu-ganjar-disambut-ribuan-pendukung-dalam-kampanye-akbar-di-makassar,"Selasa, 30 Januari 2024 - 17:51:00 WITA","Pakai Passapu, Ganjar Disambut Ribuan Pendukung dalam Kampanye Akbar di Makassar","Scan this QR or download app from:
MAKASSAR, iNews.id- Calon presiden (Capres) nomor urut 3, Ganjar Pranowo menghadirikampanye akbardi Upperhills, Jalan Metro Tanjung Bunga,Kota Makassar, Sulawesi Selatan, Selasa (30/1/2024).
Kampanye akbarcapres nomor urut 3itu disambut ribuan pendukung yang memadati lokasi kampanye. Banyaknya warga yang hadir membuat Ganjar dan rombongan terlambat tiba di lokasi.

Dalam kampanye akbar tersebut, Ganjar Pranowo tampil mengenakanpassapuyang merupakan ikat kepala khas Sulsel.Ganjar mengatakan, Sulsel khususnya, Kota Makassar bukan tempat yang asing baginya.
“Sejak saya diberi gelar Daeng Manaba, sejak saat itu saya selalu merasa bersaudara dengan masyarakat Sulsel,” kata Ganjar.

Mantan Gubernur Jawa Tengah itu menyampaikan bahwa Ganjar-Mahfud siap memperjuangkan hak-hak perempuan dan penyandang disabilitas, terutama di bidang pendidikan dan lapangan pekerjaan untuk mereka.
“Saya banyak mengangkat tentang kesetaraan gender, hak-hak perempuan harus mereka dapatkan terutama sektor pendidikan dan pekerjaan. Begitu juga disabilitas. Isu-isu ini penting agar semua memiliki hak dan tanggung jawab yang sama,” ungkapnya.
Selain itu, Ganjar mengatakan bahwa harapan masyarakat, menginginkan Indonesia harus jauh lebih baik ke depan dengan terbebas dari kolusi, korupsi dan nepotisme. Serta mengelola pemerintahan jauh lebih baik ke depan.
“Negeri yang taat dengan aturan dan peradaban yang tinggi tentu itu ekspektasi yang tinggi ke depan,” ujarnya.
Ada momen ketika passapu yang ada di kepala Ganjar sedikit goyang dan hampir jatuh hingga membuatnya harus ke belakang panggung.
Ganjar mencari sosok pria yang tidak lain Sekretaris PDIP, Rudi Pieter Goni (RPG) dan memintanya untuk memperbaiki posisi passapu di kepalanya.
“Passapu agak longgar dan miring, jadi saya izin bantu kencangkan dan rapikan,” tutur RPG.
RPG pun menjelaskan apa itu passapu atau biasa disebut patonro. Menurutnya, passapu merupakan ikatan di kepala yang merupakan khas masyarakat Makassar. “Sultan Hasanudin identik dengan penggunaan passapu,” tuturnya.
Editor: Kastolani Marzuki"
https://karawang.inews.id/read/382708/datang-ke-karawang-capres-ganjar-pranowo-disuguhkan-makanan-khas-pesisir-utara,"Jum'at, 15 Desember 2023 | 14:01 WIB","Datang ke Karawang, Capres Ganjar Pranowo Disuguhkan Makanan Khas Pesisir Utara","Scan this QR or download app from:
KARAWANG, iNewskarawang.id -Calon Presidennomor urut 3,Ganjar Pranowomelakukan kunjungan ke Kabupaten Karawang pada Jumat, (15/12/2023). Kedatangan Ganjar disambut baik masyarakat hingga disiapkan hidangan spesial khas pesisir utara Karawang.
Salah satu tokoh masyarakat Karawang, H. Muhammad Sayegi Dewa menyebut telah menyiapkan sejumlah hidangan untuk menyambut kedatangan Ganjar Pranowo, salah satunya adalah makanan khas pesisir utara Karawang.
""Sebenarnya kami suguhkan makanan yang biasa saja, cuma ada satu makanan yang secara makna memiliki nilai bagi masyarakat Karawang, dan itu turut kami suguhkan hari ini,"" Kata M. Sayegi Dewa, Jumat, (15/12/2023) saat ditemui di kediamannya yang juga jadi pusat lokasi penyambutan Ganjar.
Makanan tersebut merupakan salah satu menu andalan di Dewasena Cafe dan merupakan makanan favorit bagi H. Muhammad Sayegi Dewa.
""Rica entog itu makanan yang biasa saya konsumsi sejak saya kecil, kebetulan saya orang pesisir utara, disana rica entog selalu disuguhkan ketika lebaran idul fitri maupun hari besar lainnya,"" ujarnya.
Adapun selain rica entog Ganjar Pranowo akan disuguhkan makanan lain seperti Sei Sapi dan ikan tepung.
Editor : Frizky Wibisono"
https://www.inews.id/travel/kuliner/ini-5-makanan-khas-purwakarta-yang-dikunjungi-ganjar-pranowo,"Sabtu, 18 November 2023 - 11:45:00 WIB",Ini 5 Makanan Khas Purwakarta yang Dikunjungi Ganjar Pranowo,"Scan this QR or download app from:
JAKARTA, iNews.id -Makanan khas Purwakartamenjadi sorotan ketika Calon PresidenGanjar Pranowomengunjungi Purwakarta pada Jumat 15 November 2023.
Warisan kuliner kabupaten ini merupakan sebuah perjalanan cita rasa yang membius, menawarkan pengalaman kulinernya yang tak terlupakan.

Tersembunyi di balik pemandangan indah dan kearifan lokal, kuliner Purwakarta membuka lembaran cerita budaya dan tradisi yang kaya.
Dari gurihnya Soto hingga lezatnya Sate, setiap hidangan menjadi pewaris nilai-nilai yang telah diwariskan dari generasi ke generasi. Selain memanjakan lidah, kuliner-kuliner daerah yang dikunjungi Calon Presiden Ganjar Pranowo ini juga menjadi simbol keberagaman dan keragaman kuliner Nusantara yang kental.

Berikut ini adalah beberapa makanan khas Purwakarta.
Sate Maranggi merupakan, makanan khas Purwakarta yang telah mencuri perhatian masyarakat setempat sebagai salah satu hidangan paling terkenal di kawasan ini."
https://www.inews.id/multimedia/photo/gaya-ganjar-pranowo-jawab-dan-tanggapi-debat-capres-dengan-tegas,,Gaya Ganjar Pranowo Jawab dan Tanggapi Debat Capres dengan Tegas,"JAKARTA, iNews.id- Calon Presiden (Capres) nomor urut 3Ganjar Pranowomenjawab pertanyaan dan tanggapan dengan tegas saat sesiDebat Capresdi kantor KPU, Jakarta, Selasa (12/12/2023) malam. Meski jawaban dan tanggapan tegas, Ganjar memberikan penjelasan dengan santai.
Pasangan dari CawapresMahfud MDini sempat berdebat dengan Capres nomor urut 2 Prabowo Subianto soal pelanggaran HAM. Ganjar merasa jawaban Prabowo tidak tegas mengenai persoalan tersebut.
Editor: Yudistiro Pranoto"
https://jateng.inews.id/berita/5-tahun-pimpin-pramuka-jateng-atikoh-ganjar-banyak-sekali-nilai-kebaikan-di-kepramukaan,"Jumat, 15 Desember 2023 - 09:59:00 WIB","5 Tahun Pimpin Pramuka Jateng, Atikoh Ganjar: Banyak Sekali Nilai Kebaikan di Kepramukaan","Scan this QR or download app from:
SEMARANG, iNews.id–Siti AtikohGanjar Pranowoberpamitan sebagai Ketua Kwartir Daerah (Kwarda) GerakanPramukaJatengsaat gelaranMusdaXIII Kwartir Daerah Jateng, di Kota Semarang, Kamis (14/12/2023). Atikoh Ganjar berpamitan setelah 5 tahun, terhitung dari tahun 2018 memimpin Pramuka Jateng.
Dia mengaku terharu selama berada di kepramukaan di Jateng. “Adik-adik itu bisa terpanggil ketika ada kondisi-kondisi darurat, seperti bencana. Itu mereka selalu terdepan loh! Jam berapapun siap! Itu yang membuat saya terharu,” ungkap istri capres Ganjar Pranowo itu diwawancara usai acara.

Dia mengatakan terpenting di organisasi kepramukaan adalah terus membuatnya makin maju dan bermanfaat bagi masyarakat luas. Nilai-nilai kekeluargaan di kepramukaan harus dijaga.
“Banyak sekali nilai-nilai kebaikan, value kehidupan yang saya dapatkan selama di kepramukaan,” katanya.  Selama menjadi pembina bersama pengurus lainnya, Atikoh bercerita tugas utamanya adalah memberikan edukasi bagi adik-adik di kepramukaan.

“Baik yang ditingkat TK bahkan, SD sampai pandega yang ada di universitas. Itu kecakapan hidup, pendidikan karakter, budi pekerti, itu ada semuanya. Bagaimana mereka diberi bekal untuk bisa menghadapi kehidupan. Life skill, soft skill itu semua ada di kepramukaan,” ujarnya.
Editor: Ahmad Antoni"
https://sumsel.inews.id/berita/jk-minta-prabowo-tiru-langkah-mahfud-mundur-ganjar-butuh-rasa-etika-dan-kemauan,"Jumat, 02 Februari 2024 - 18:06:00 WIB","JK Minta Prabowo Tiru Langkah Mahfud Mundur, Ganjar: Butuh Rasa, Etika dan Kemauan","Scan this QR or download app from:
PALEMBANG, iNews.id –Calon Presiden (Capres) 2024 nomor urut 03,Ganjar Pranowomenilai, butuh etika, kemauan serta rasa bagi seorang pejabat tinggi negara yang maju di Pilpres 2024 untuk mengundurkan diri dari jabatannya. Hal itu disampaikan Ganjar merespons pernyataan Wakil Presiden (Wapres) RI ke-10 dan 12 Jusuf Kalla (JK), agar Prabowo Subianto meniru langkahMahfud MDmengundurkan diri dari Kabinet Indonesia Maju (KIM).
“Itu butuh rasa, etika, dan kemauan. Kalau tidak, ya orang bisa melakukan dengan alasan bernaung di bawah regulasi,” ucap Ganjar di sela kampanye di Palembang, Sumatera Selatan (Sumsel), Jumat (2/2/2024).

Capres 2024 berambut putih itu mengingatkan, bahwa regulasi atau peraturan terkadang dalam suasana kebatinan masyarakat tidak selalu seperti yang diharapkan.
""Sehingga dibutuhkan etik, integriras, kepantasan dan kepatutan ketika seorang pejabat melakukan suatu tindakan,"" ucapnya.

Ganjar mengatakan, mundurnya Mahfud dari jabatannya Menteri Menko Polhukam di Kabinet Indonesia Maju sudah direncanakan dan dibicarakan dengannya sejak jauh hari.
""Keputusan Mahfud untuk mundur adalah contoh yang baik bagi para pejabat yang turut dalam kontestasi politik,"" katanya.
Editor: Nani Suherni"
https://jabar.inews.id/berita/ganjar-pranowo-kunjungi-purwakarta-simak-5-pesantren-terbaik-di-kabupaten-ini,"Sabtu, 18 November 2023 - 12:16:00 WIB","Ganjar Pranowo Kunjungi Purwakarta, Simak 5 Pesantren Terbaik di Kabupaten Ini","Scan this QR or download app from:
PURWAKARTA, iNews.id -Calon Presiden (Capres) nomor urut 3,Ganjar Pranowo, sowan ke salah satupondok pesantren(ponpes) terbaik di KabupatenPurwakarta. Salah satu agenda kunjungannya adalah bertemu dengan sejumlah Kiai dari Jawa Barat, DKI Jakarta, dan Banten.
Pesantren yang dikunjungi Ganjar Pranowo adalah Ponpes Al Muhajirin di Jalan Veteran, Kelurahan Nagri Kaler, Kecamatan,Kabupaten Purwakarta.

Dalam kunjungannya, Ganjar menggunakan mobil berwarna hitam dan mengenakan kemeja putih lengan panjang. Setibanya di areal Ponpes Al Muhajirin sekitar pukul 10.45 WIB, capres yang diusung oleh PDIP tersebut disambut oleh para ulama, kiai, dan para santri.
Ganjar melakukan pertemuan tertutup di rumah pimpinan Pondok Pesantren Al Muhajirin KH Abun Bunyamin. Sebelum pertemuan, Ganjar diberikan kadeudeuh atau hadiah sebagai ungkapan sayang, berupa serban.

""Silaturahmi, ya pasti kalau di pondok didoain."" kata Ganjar Pranowo seusai pertemuan tersebut, Jumat (17/11/2023).
Isi pertemuan itu antara lain permintaan doa restu kepada para kiai, ulama, dan ajengan dari Jawa Barat, DKI Jakarta, dan Banten.


Editor: Agus Warsudi"
https://surabaya.inews.id/read/400527/hadiri-milad-ke-28-majelis-nurul-musthofa-ganjar-didoakan-cita-citanya-terkabul,"Minggu, 28 Januari 2024 | 10:30 WIB","Hadiri Milad ke-28 Majelis Nurul Musthofa, Ganjar Didoakan Cita-citanya Terkabul","Scan this QR or download app from:
JAKARTA, iNewsSurabaya.id -Ganjar Pranowohadiri milad ke-28Majelis Nurul Musthofadi Stadion Gelora Bung Karno, tepatnya Plaza Barat, Sabtu (27/1/2024) malam.Capresnomor urut 3 itu didokan sehat dan cita-citanya terkabul.
Kehadiran Ganjar disambut langsung olehHabib Hasanbin Jafar Assegaf, pengasuh Majelis Nurul Musthofa. Dan diantar menuju panggung utama dengan membelah massa yang memadati area acara.
Majelis Nurul Musthofa sendiri diinisiasi oleh empat bersaudara. Yakni Habib Hasan bin jafar Assegaf, habib Abdullah bin Jafar Assegaf, Habib Ghasim bin Jafar, serta Habib Musthofa bin Jafar Assegaf.
Dalam sambutannya, Habib Abdullah mengatakan bahwa semua yang hadir dalam majelis malam itu atas kecintaan terhadap baginda Nabi Muhammad SAW, termasuk Ganjar.
“Semua yang hadir di sini adalah tamu baginda Muhammad SAW. Dan terkhusus tamu kita yang terhormat Bapak Ganjar Pranowo mudah-mudahan panjang umur, sehat selalu dan diberkahi Allah SWT. Selamat datang, Pak Ganjar,” ujarnya.
Ia menambahkan, Ganjar sudah kerapkali menghadiri majelis serupa di Jawa Tengah ataupun di daerah lain, namun kali ini hadir di Majelis Nurul Musthofa yang berada di Jakarta.
“Beliau sudah sering hadir di majelis-majelis di Jawa Timur dan Jawa Tengah bareng Habaib tapi hari ini beliau berada di pusat Indonesia. Insyaallah dari pusat Indonesia ini mensyiarkan kepada seluruh pelosok Indonesia,” paparnya.
Editor : Arif Ardliyanto"
https://jabar.inews.id/berita/irjen-pol-purn-ricky-wakano-nilai-sosok-ganjar-mahfud-berpikiran-mendalam-soal-hukum,"Minggu, 19 November 2023 - 11:54:00 WIB",Irjen Pol Purn Ricky Wakano Nilai Sosok Ganjar-Mahfud Berpikiran Mendalam soal Hukum,"Scan this QR or download app from:
SUKABUMI, iNews.id- Direktur Segmen Pemilihan Tim Pemenangan Nasional (TPN) GP-MMD, Irjen Pol Purn Ricky Wakano, menilai sosok Ganjar dan Mahfud memiliki pemikiran yang mendalam terkait dengan hukum. Pemikiran tersebut dinilai mahal dan memerlukan kepastian.
Ricky Wakano menyoroti pentingnya keadilan hukum, terutama di Kabupaten Sukabumi, di mana mayoritas penduduknya berprofesi sebagai petani dan nelayan. Baginya, visi Ganjar-Mahfud yang menekankan keadilan hukum menjadi kunci untuk mewujudkan kemajuan di Indonesia, termasuk dalam kelanjutan program-program presiden sebelumnya.

""Visi Ganjar-Mahfud untuk mencapai Indonesia maju termasuk dari sisi hukum sangat penting, khususnya di daerah seperti Kabupaten Sukabumi. Keadilan hukum harus dirasakan oleh semua lapisan masyarakat, terutama para petani dan nelayan,"" kata  Ricky Wakano, saat diwawancarai di Palabuhanratu, Sukabumi, Minggu (19/11/2023).
Dalam pandangannya, Ganjar dan Mahfud, yang pernah menjabat di eksekutif dan legislatif, memiliki karakter luar biasa. Pengalaman keduanya di berbagai jabatan, seperti gubernur, anggota DPR RI, Menteri Pertahanan, dan sebagainya, dianggap sebagai modal berharga untuk membawa Indonesia menuju kemajuan.

""Sosialisasi ini kami lakukan dengan mendekati masyarakat dan mengenalkan Ganjar dan Mahfud serta apa yang sudah mereka lakukan. Kita ingin membangun pemahaman yang baik tentang rekam jejak dan prestasi mereka. Ini bukan untuk merendahkan pasangan nomor satu dan dua, tetapi sebagai cara positif untuk memperkenalkan pasangan Ganjar-Mahfud,"" katanya.
Dia menegaskan pentingnya pemahaman masyarakat terhadap kandidat yang akan mereka pilih. Menurutnya, dengan melihat rekam jejak dan prestasi keduanya, diharapkan masyarakat dapat memilih pemimpin yang sesuai dengan kebutuhan dan harapan.

""Kami menargetkan dukungan sebesar 70 persen suara di Sukabumi. Ini bukan tentang menjatuhkan kandidat lain, tapi bagaimana membangun kepercayaan dan pengertian masyarakat terhadap Ganjar dan Mahfud,"" ucapnya.
Sebelumnya, Warga lintas komunitas di Kabupaten Sukabumi mendeklarasikan dukungan kepada Capres-Cawapres Ganjar Pranowo dan Mahfud MD di Pilpres 2024, Sabtu (18/11/2023). Mereka menargetkan kemenangan 38 persen suara di Kabupaten Sukabumi.
Acara deklarasi ini dihadiri digelar untuk mengonsolidasikan dukungan dari berbagai lapisan masyarakat. Kegiatan tersebut dihadiri sejumlah tokoh masyarakat, termasuk Direktur Segmen Pemilihan Tim Pemenangan Nasional (TPN) GP - MMD, Irjen Pol (purn) Ricky Wakano. Dengan dukungan ini, diharapkan Ganjar Pranowo-Mahfud MD meraih kemenangan tingkat nasional, khususnya di Kabupaten Sukabumi.
Editor: Asep Supiandi"
https://medan.inews.id/read/371147/aspirasi-warga-asahan-jika-ganjar-terpilih-jadi-presiden-ri-bangunkan-masjid-pesantren,"Kamis, 16 November 2023 | 10:10 WIB",Aspirasi Warga Asahan Jika Ganjar Terpilih Jadi Presiden RI: Bangunkan Masjid-Pesantren,"Scan this QR or download app from:
ASAHAN, iNewsMedan.id- Warga Desa Sei Lendir, Kecamatan Sei Kepayang Barat, Kabupaten Asahan, Sumatera Utara (Sumut) menyampaikan aspirasi dan harapannya untuk Capres 2024Ganjar Pranowojika kelak terpilih menjadi Presiden RI.
Warga meminta untuk dibangunkan masjid raya dan pondok pesantren di daerahnya untuk memperbanyak jamaah dan juga jumlah penghafal Al-Quran di Kecamatan Sei Kepayang Barat.
Permintaan tersebut disampaikan sebagai bentuk harapan sekaligus dukungan warga desa untuk Ganjar Pranowo dan Mahfud MD dalam Pilpres 2024 mendatang.
Adapun yang menyampaikan aspirasi itu adalah Abdul Halim Sinaga selaku perwakilan warga Desa Sei Lendir sekaligus Ketua TPQ Al Ikram, usai menerima kehadiran sukarelawan Tuan Guru Sahabat Ganjar untuk bersilaturahmi.
“Harapan kami nanti kalau bisa Pak Ganjar sudah menang menjadi presiden, datanglah ke kampung kami ini. Menyiapkan masjid dan mengadakan (mendirikan) pesantren di sini untuk hafidz Al-Quran,” ujar Abdul di TPQ Al Ikram, Rabu (15/11/2023).
Abdul menambahkan, dukungan warga desa untuk Ganjar dan Mahfud dikarenakan keduanya merupakan sosok yang dekat dengan ulama dan terus menunjukkan komitmennya dalam mengembangkan pendidikan keagamaan, khususnya pesantren.
Dia pun meyakini, Ganjar dan Mahfud yang kini telah resmi mendapat nomor urut 3 dalam Pilpres 2024 itu bisa memimpin Indonesia dan membawa pendidikan pesantren lebih maju dan unggul.
“Itu saja mohon kami kepada Pak Ganjar, karena Pak Ganjar ini memang sangat bisa menjadi Presiden, sangat bisa memimpin negara Indonesia,” ucap Abdul.
Permintaan didirikannya masjid dan pesantren dari warga kepada Ganjar dilatarbelakangi oleh kurangnya jumlah tempat ataupun wadah warga dalam mencari tempat mempelajari Al-Quran.
Sebagai bentuk respons atas persoalan itu, sukarelawan Tuan Guru Sahabat Ganjar pun bergerak untuk memberikan bantuan sementara berupa rehal (meja) Al-Quran dan kipas angin untuk TPQ Al Ikram.
Ravi Siagian selaku Koordinator Daerah Tuan Guru Sahabat Ganjar Kabupaten Asahan menyebut, meski bantuan yang diberikan tidak banyak, dia berharap warga tetap semangat untuk mengoptimalkan kegiatan pengajian di Desa Sei Lendir.
“Sebab hari ini masih sedikit orang mempedulikan ataupun menyepelekan dan sedikit kurang simpati terhadap TPQ TPQ yang ada di Kabupaten Asahan ini. Alhamdulillah hari ini kami dari Tuan Guru Sahabat Ganjar ada sebuah kegiatan yang harus mencari TPQ, alhamdulillah kami berjodoh dengan TPQ di sini,” kata Ravi.
Editor : Odi Siregar"
https://www.inews.id/news/nasional/facebook-nya-dipenuhi-komentar-nama-nama-vietnam-ganjar-fenomena-apa,"Jumat, 02 Februari 2024 - 15:30:00 WIB","Facebook-nya Dipenuhi Komentar Nama-nama Vietnam, Ganjar: Fenomena Apa?","Scan this QR or download app from:
JAKARTA, iNews.id -Capres nomor urut 3Ganjar Pranowomembagikan fenomena unik yang terjadi di akunFacebook-nya. Akun FB-nya tiba-tiba dipenuhi komentar-komentar bernada sama oleh akun-akun dengan nama mirip nama-nama diVietnam.
Ganjar mengunggah tangkapan layar komentar-komentar tersebut di akun X @ganjarpranowo.


""Mau tanya lur, tiba-tiba FB penuh komen dari warga vietnam ini fenomena apa?"" kata Ganjar, Jumat (2/2/2024).
Sejumlah warganet mengomentari postingan Ganjar tersebut. Salah satunya menyebut akun-akun tersebut adalah bot dari buzzer untuk menyerangnya.

""Buzzer bot merajalela, disenyumin saja,"" kata @gus_di***.
Hal yang sama juga disampaikan @dwinn***. Dia mengatakan bot itu pesanan orang.
""Waduh itu pesenan org pasti pak. Ada yang mendanai sepertinya,"" ujar dia.
Editor: Reza Fajri"
https://belu.inews.id/read/404246/warga-adonara-siap-menangkan-ganjar-mahfud-di-flores-timur-ntt,"Selasa, 06 Februari 2024 | 08:26 WIB",Warga Adonara Siap Menangkan  Ganjar-Mahfud di Flores Timur NTT,"Scan this QR or download app from:
FLORES TIMUR, iNewsBelu.id - Ribuan warga PulauAdonara, Kabupaten Folres Timur,NTTmenghadirikampanye akbarpasangan capres-cawapres nomor urut 3 Ganjar Pranowo-Mahfud MD, Minggu (4/2/2024).
Kampanye akbar tersebut digelar di Desa Sukutokan, Kecamatan Witihama, Kabupaten Flores Timur.
Ribuan warga terlihat sangat antusias mengikuti kampanye yang digelorakan Tim Pemenangnan Nasional (TPN) Ganjar-Mahfud.
Tim Kampanye TPN, Usman Tokan mengatakan, ada banyak program kerakyatan yang diusung Ganjar-Mahfud di antaranya internet gratis, pendidikan satu keluarga miskin satu sarjana, dan KTP Sakti.
“Kami juga mengajak warga jangan takut dengan intimidasi. Bila ada intimidasi laporkan pada pihak berwajib,” katanya.
Sebelumnya, TPN a bersama ratusanwarga Pulau Adonaradeklarasi dukungan kepada pasangan calon nomor urut 3 Ganjar-Mahfud di Pulau Pasir Putih Meko, Dusun Meko, Desa Pledo, Kecamatan Witihama, Flores Timur, NTT, Sabtu (3/2/2024).
Editor : Stefanus Dile Payong"
https://pandeglang.inews.id/read/376107/dpp-majelis-mudzakaroh-muhtadi-cidahu-banten-pimpinan-abuya-muhtadi-resmi-dukung-ganjar-mahfud,"Selasa, 28 November 2023 | 18:54 WIB",DPP Majelis Mudzakaroh Muhtadi Cidahu Banten Pimpinan Abuya Muhtadi Resmi Dukung Ganjar-Mahfud,"Scan this QR or download app from:
PANDEGLANG,iNewsPandeglang.id-Dewan Pimpinan Pusat (DPP)Majelis Mudzakaroh Muhtadi Cidahu Banten(M3CB) menyatakan dukungan kepada calon presiden (capres) dan calon wakil presiden (cawapres) Ganjar Mahfud MD. Acara  digelar di Majelis Cidahu Jalan Abuya Dimyathi, Kampung Cidahu, Kecamatan Cadasari, Pandeglang, Banten.
Dukungan tersebut sebagaimana tertuang dalam surat pernyataan dukunganNomor: /kep/dpp-m3cb/xi/2023 yang ditanda tangani dam dibacakan  langsung oleh Abuya Ahmad Muhtadi Dimyathi di Pandeglang pada Rabu (28/11/2023). Dalam surat itu menyebutkan bahwa penyataan tersebut  berdasarkan hasil rapat Dewan Pimpinan Pusat (DPP) Majelis Mudzakaroh Muhtadi Cidahu Banten (M3CB) tentang pemilihan presiden pada pemilu 2024.
""Saya Abuya Ahmad Muhtadi Dimyathi selaku Rais Aam Majelis Mudzakaroh Muhtadi Cidahu Banten memutuskan mendukung pasangan calon presiden dan wakil presiden atas nama Ganjar Pranowo dan Mahfud MD pada pemilu 2024,"" ucapnya
Bersamaan dengan telah diterbitkannya surat dukungan ini, Abuya Muhtadi selaku Rais Aam Majelis Mudzakaroh Muhtadi Cidahu Banten (M3CB) mengintruksikan kepada seluruh jajaran pengurus M3CB untuk berjuang memenangkan pasangan Ganjar Pranowo dan Mahfud MD untuk menjadi Presiden dan Wakil Presiden Repubilk Indonesia periode 2024-2029.
Editor : Iskandar Nasution"
https://ttu.inews.id/read/407820/pri-pambudi-teguh-kakak-kandung-ganjar-pranowo-coblos-di-tps-cibinong,"Rabu, 14 Februari 2024 | 19:24 WIB","Pri Pambudi Teguh, Kakak Kandung Ganjar Pranowo Coblos di TPS Cibinong","Scan this QR or download app from:
JAKARTA,iNewsTTU.id- H. Pri Pambudi Teguh, kakak kandung Capres nomor urut 03,Ganjar Pranowo, turut ambil bagian dalam pesta demokrasi hari ini.
Bersama keluarganya, Pri Pambudi menggunakan hak pilihnya di Tempat Pemungutan Suara (TPS) 33 Perumahan Griya Cibinong Asri, Cibinong Kabupaten Bogor.
Meskipun cuaca ekstrem dengan hujan deras, Pri Pambudi Teguh tiba di TPS dengan penuh semangat. Ditemani isteri dan anaknya, beliau berbaur dengan warga setempat sambil menunggu giliran menggunakan hak pilihnya.
Usai mencoblos, H. Pri Pambudi Teguh memberikan pernyataan kepada awak media, menyampaikan betapa pentingnya peran setiap suara dalam menentukan arah bangsa.
""Setiap suara yang diberikan menentukan arah negara ini. Karena rakyat yang menentukan pemimpin rakyat,"" ungkap H. Pri Pambudi Teguh dikutip dari iNewsBogor.id.
Antusiasme masyarakat di sekitar rumah Pri Pambudi terlihat jelas, meski hujan tak menyurutkan semangat mereka. Sebelum menuju TPS, kediaman beliau ramai dengan kehadiran keluarga dan kolega, menandakan kebersamaan dalam momen bersejarah ini.
Dikenal sebagai sosok yang aktif di masjid dan bersahaja, H. Pri Pambudi Teguh menjadi contoh kebersamaan dengan warga. Djoni Bambang Suroso, relawan Capres-Cawapres Ganjar-Mahfud, menyatakan,
""Beliau memang seperti itu, sering mengadakan makan, kita makan bareng, siapapun pilihan kita, kita tidak memaksa, Insya Allah pilih yang terbaik sesuai hati nurani.""
Pemilu 2024diwarnai oleh partisipasi aktif tokoh-tokoh masyarakat, termasuk kakak kandung calon presiden. Setiap suara diharapkan menjadi kontribusi berarti dalam membangun Indonesia lima tahun ke depan.
Editor : Sefnat Besie"
https://belu.inews.id/read/382545/raja-insana-ntt-dukung-ganjar-presiden-2024-diyakini-sangat-peduli-adat-dan-budaya-timur,"Kamis, 14 Desember 2023 | 22:15 WIB",Raja Insana NTT Dukung Ganjar Presiden 2024 Diyakini Sangat Peduli Adat dan Budaya Timur,"Scan this QR or download app from:
TIMOR TENGAH UTARA, iNewsBelu.id  - Capres nomor urut 3Ganjar Pranowodinilai sebagai sosok yang sangat peduli terhadap pelestarian adat dan budaya Indonesia . Hal itu diungkapkan Raja Kerajaan Insana YM Th L Taolin saat menerima kunjungan dari perwakilan relawan Dinasti Nusantara.
Adapun Dinasti Nusantara merupakan relawan yang terdiri dari kalangan para raja, ratu, sultan, dantokoh adatyang ada di Indonesia. Sebelumnya, perwakilan Dinasti Nusantara juga telah melakukan silaturahmi pada hari yang sama ke Kerajaan Amarasi di Kabupaten Kupang, NTT.
Taolin menyambut dengan sukacita kehadiran Penggagas dan Pendiri Dinasti Nusantara Sri Paduka KGPAA Mangku Alam II dari Yogyakarta, dan Koordinator Nasional Dinasti Nusantara KPH Andi Bau Malik Barammamase Karaenta Tukajannangngang Satrio Sasmito dari Kerajaan Gowa Sulawesi Selatan.
Jamuan hangat itu berlangsung di Istana (Sonaf) Raja Insana di Oelolok, Kecamatan Insana, Kabupaten Timor Tengah Utara, Nusa Tenggara Timur (NTT), Selasa (12/12/2023) malam. Saat perwakilan Dinasti Nusantara tiba, Raja langsung mengalungkan selendang motif Insana sebagai bentuk penghormatan.
Setelahnya, mereka berbincang-bincang santai seputar profil calon pemimpin yang mereka idamkan yaitu Ganjar Pranowo. Menurut Raja Insana, Ganjar merupakan satu-satunya capres yang sangat memperhatikan nasib raja dan pelestarian adat budaya di Nusantara.
""Saya senang sekali mudah-mudahan itu silaturahmi yang sekarang terjadi bisa kita teruskan. Saya senang bahwa PDIP bisa mencalonkan Pak Ganjar,"" katanya.
""Dengan sendirinya saya juga mendukung bahkan bukan saya sendiri tapi masyarakat di Insana itu mendukung Pak Ganjar menjadi presiden. Mudah-mudahan ada perlindungan dari Tuhan, beliau bisa jadi presiden Indonesia,"" lanjutnya.
Editor : Stefanus Dile Payong"
https://sragen.inews.id/read/389419/kasus-penganiayaan-2-simpatisan-di-boyolali-ganjar-kawal-proses-hukum-sampai-tuntas,"Senin, 01 Januari 2024 | 21:33 WIB","Kasus Penganiayaan 2 Simpatisan di Boyolali, Ganjar: Kawal Proses Hukum sampai Tuntas","Scan this QR or download app from:
SEMARANG, iNewsSragen.id-Calon presiden(Capres) nomor urut 03Ganjar Pranowomemintaseluruh pendukungnyauntukmengawalproses hukumdalam kasuspenganiayaanterhadaprelawanoleh oknum anggota TNI di Boyolali hingga tuntas.
Ganjar juga menekankan agar pendukungnya tidak terpancing dan tidak melakukan aksi balas membalas. Dia menyatakan hal ini dalam pertemuan dengan simpatisan dan relawan di Semarang pada Senin (1/1/2024).
Ganjar menegaskan bahwa kejadian di Boyolali harus menjadi yang terakhir, dan aparatur negara harus menghormati masyarakat. Dia menyatakan bahwa jika suatu pihak tidak memiliki kewenangan, seharusnya melaporkan pada pihak yang berwenang, bukan melakukan keputusan sendiri.
Ganjar juga berjanji akan terus memantau perkembangan kesehatan para korban dan proses hukum terhadap oknum anggota TNI yang terlibat.
""Infonya seluruh oknum TNI yang terlibat sudah diproses. Saya komunikasi terus dengan Pangdam IV/Diponegoro terkait perkembangan kasusnya,"" kata Ganjar. Dia juga mengajak para pendukungnya untuk tertib hukum dan menaati aturan. Namun, jika sudah sesuai aturan namun masih diganggu, Ganjar menegaskan bahwa mereka akan melawan.
Editor : Joko Piroso"
https://jateng.inews.id/berita/ganjar-mahfud-bakal-gelar-hajatan-rakyat-solo-hingga-kirab-warisan-budaya-akhiri-kampanye-akbar/2,"Jumat, 09 Februari 2024 - 16:29:00 WIB",Ganjar-Mahfud Bakal Gelar Hajatan Rakyat Solo hingga Kirab Warisan Budaya Akhiri Kampanye Akbar,"Scan this QR or download app from:

Kegiatan Hajatan Rakyat, Bukan Pesta Konglomerat akan  dimeriahkan  sejumlah seniman, musisi, penyanyi, dan selebritas lokal dan nasional, di antaranya Butet Kartaredjasa, NDX AKA,  Rara Lida, Lala Widhy, Mala Agatha, Vega, dan masih banyak lagi.

Diketahui jika Komisi Pemilihan Umum (KPU) RI menetapkan kampanye Pilpres 2024 dimulai pada 28 November 2023 dan berakhir pada 10 Februari 2024.  Pasangan Calon Presiden (Capres) Ganjar Pranowo dan Calon Wakil Presiden (Cawapres)  Mahfud MD mengawali kampanye di Sabang (Provinsi Nanggroe Aceh Darussalam) dan Merauke (Provinsi Papua Selatan).
Duet Ganjar-Mahfud mengakhiri masa kampanye Pilpres 2024 dengan menggelar Hajatan Rakyat di Kota Solo dan Kota Semarang di Provinsi Jawa Tengah.
Karaniya menyampaikan tiga pesan penting, yang disampaikan pada Hajatan Rakyat, yaitu  pentingnya kecintaan rakyat kepada pemimpinnya, menjaga dan merawat demokrasi sebagai budaya bangsa, serta merapatkan barisan untuk menegakkan kesakralan demokrasi ke seluruh negeri.
Editor: Nani Suherni"
https://lampung.inews.id/berita/gp-nusantara-dan-relawan-ganjar-mahfud-cat-rumah-ibadah-di-pringsewu,"Sabtu, 13 Januari 2024 - 20:26:00 WIB",GP Nusantara dan Relawan Ganjar-Mahfud Cat Rumah Ibadah di Pringsewu,"Scan this QR or download app from:
PRINGSEWU, iNews.id- GP Nusantara dan Forum Silaturahmi Relawan Ganjar-Mahfud Lampung melakukan bakti sosial pengecatanrumah ibadahdi Pringsewu. Para relawan bersama masyarakat bergotong royong mengecat Mushola Al Ikhlas di Pekin Giri Tunggal, Pagelaran Utara, Pringsewu, Jum'at (12/1/2024).
Edi Siswoyo, Ketua GP Nusantara DPC Pringsewu mengatakan, pengecatan mushola ini dilaksanakan selama tiga hari, yakni Rabu hingga Jumat (10-12 Januari 2024).

Aksi ini dinilai sebagai bentuk kepedulian relawan yang tergabung di Forum Silaturahmi Relawan Ganjar Mahfud Lampung.
""Relawan Ganjar Mahfud di Pringsewu bergotong royong, menyumbang materi, tenaga dan doa untuk mengecat mushola di Giri Tunggal ini,"" ujar Edi.


Editor: Kurnia Illahi"
https://www.inews.id/news/nasional/filosofi-dan-makna-passapu-ikat-kepala-khas-sulawesi-selatan-yang-dipakai-ganjar-pranowo,"Senin, 27 November 2023 - 17:00:00 WIB","Filosofi dan Makna Passapu, Ikat Kepala Khas Sulawesi Selatan yang Dipakai Ganjar Pranowo","Scan this QR or download app from:
JAKARTA, iNews.id -Passapuatau ikat kepala khas masyarakat Sulawesi Selatan (Sulsel) semakin menarik perhatian setelah digunakan oleh Calon Presiden Ganjar Pranowo.
Ganjar Pranowo memakai Passapu saat menerima aspirasi dari sejumlah pendeta dan tokoh masyarakat di Kabupaten Toraja Utara, Sulawesi Selatan (Sulsel).


Mereka mengungkapkan berbagai aspirasi, termasuk terkait pariwisata dan perlindungan perempuan di Toraja.
Aspirasi tersebut diserap saat acara makan bersama di Kantor Badan Pekerja Sinode Gereja Toraja, Jalan Jenderal Ahmad Yani Nomor 45, Singko', Kecamatan Rantepao, Kabupaten Toraja Utara, Sulawesi Selatan, pada Sabtu (25/11).

Namun, pertemuan ini memiliki unsur unik, di mana Ganjar Pranowo diberikan beberapa aksesoris adat. Beberapa diantaranya adalah tas toraja (Sepo) dan salah satu topi khas Sulsel, yaitu Passapu."
https://jatim.inews.id/berita/pengasuh-ponpes-nurul-qarnain-jelaskan-alasannya-bulat-dukung-ganjar-mahfud,"Kamis, 23 November 2023 - 16:56:00 WIB",Pengasuh Ponpes Nurul Qarnain Jelaskan Alasannya Bulat Dukung Ganjar-Mahfud,"Scan this QR or download app from:
JEMBER, iNews.id- Zannuba Ariffah Chafsoh atau akrab disapaYenny Wahidmengunjungi Pondok Pesantren (Ponpes) Nurul Qarnain, Jember Jawa Timur, Rabu (22/11/2023) malam. Acara bertajuk, Santri untuk Negeri itu dihadiri langsung pengasuh Ponpes Nurul Qarnain, KH. Yazid Karimullah, para pengajar, para santri serta para tokoh masyarakat setempat.
Pengasuh Ponpes Nurul Qarnain, KH. Yazid Karimullah dalam sambutannya mengucapkan terima kasih atas kehadiran putri Presiden ke-4 RI Abdurrahman Wahid (Gus Dur) itu.

""Kami selaku pengasuh merasa bangga dan gembira karena penerus hadratus almarhum, KH Abdurrahman Wahid hadir di tengah kita dalam rangka silaturahim,"" ujarnya.
KH. Yazid Karimullah mengungkapkan, secara bulat mendukungMahfud MDyang kini menjadi CawapresGanjar Pranowodi Pilpres 2024. Pertimbangannya karena dia pencinta dan pengikut Gus Dur.

""Tentang masalah (Pilpres) 2024, jadi saya bulat memang saya pencinta penerusnya Kiai Abdurahman Wahid antara lain Mahfud MD. Jadi saya mengatakan yang setulus-tulusnya,"" ucapnya.
Selain itu, dia menceritakan mengapa mendukung Mahfud MD. Menurutnya, pada 30 Mei 2023, Mahfud MD mengutus sekretarisnya yang bernama Lamam kepadanya untuk meminta tolong agar beristikharah.
""Meminta tolong kepada saya untuk istikharah, kalau umpama maju (cawapres) kira-kira bagaimana? Jadi tidak serta merta, bukan ambisi menjadi calon. Jadi masih tanya kepada Allah, minta petunjuk kepada Allah,"" katanya.

Editor: Kurnia Illahi"
https://pandeglang.inews.id/read/398757/pelantikan-pengurus-majelis-mudzakarah-muhtadi-ribuan-kiai-ulama-banten-dukung-ganjar-mahfud,"Rabu, 24 Januari 2024 | 09:29 WIB","Pelantikan Pengurus Majelis Mudzakarah Muhtadi, Ribuan Kiai-Ulama Banten Dukung Ganjar Mahfud","Scan this QR or download app from:
PANDEGLANG, iNewsPandeglang.id - Dukungan ulama kharismatik, yang akrab disapa Abuya Muhtadi, untukGanjar-Mahfud, ditandai dengan deklarasi sekaligus pelantikan pengurus kecamatan Majelis Mudzakarah Muhtadi Cidahu Banten (M3CB) di Cidahu, Banten. Sebanyak 1.750 kader dilantik di kediaman Abuya Muhtadi di Majelis Cidahu, Desa Tanagara, Kecamatan Cadasari, Kabupaten Pandeglang, Banten, pada Selasa (23/01).
Pelantikan ribuan pengurus kecamatan/kader Majelis Mudzakarah Muhtadi (M3CB) digelar di kediaman ulama kharismatik, Abuya Dimyati, di Majelis Cidahu, Cadasari, Pandeglang, Banten. Pelantikan pengurus kecamatan M3CM berasal dari Kabupaten Lebak dan Kabupaten Pandeglang, Banten.
Seluruh pengurus yang dilantik akan mendukung dan berupaya memenangkan pasangan calon Presiden nomor urut 3, yaitu Ganjar Pranowo dan Mahfud MD.
""Setelah dilantiknya para pengurus M3CB di tingkat kecamatan ini, diharapkan dapat memenangkan pasangan calon presiden dan wakil presiden Ganjar-Mahfud,"" ucap Sekretaris Jenderal DPP M3CB, Muhamad Sirojudin.
Total kader sebanyak 1.750 orang, namun yang hadir pada saat ini berkisar 1.150 orang karena kapasitas tempat yang tidak mampu menampung secara keseluruhan.
Dukungan  dan doa dari para tokoh ulama Banten diharapkan dapat menghantarkan pasangan calon nomor urut 3, Ganjar-Mahfud, menjadi Presiden RI pada 2024.
Editor : Iskandar Nasution"
https://jatim.inews.id/berita/melawat-ke-nganjuk-jatim-siti-atikoh-sapa-hangat-simpatisan-dan-relawan-ganjar-mahfud,"Senin, 29 Januari 2024 - 12:59:00 WIB","Melawat ke Nganjuk Jatim, Siti Atikoh Sapa Hangat Simpatisan dan Relawan Ganjar-Mahfud","Scan this QR or download app from:
NGANJUK, iNews.id-Siti AtikohSuprianti, istri Calon PresidenGanjar Pranowoyang diusung Partai Perindo terus melakukan lawatan politik di Jawa Timur, Minggu (28/1/2024). Atikoh tiba di KabupatenNganjukdan menyapa simpatisan sertarelawanGanjar-Mahfudyang ada di sana.
Kabupaten Nganjuk menjadi daerah ke-8 yang dikunjungi Atikoh sejak memulai perjalanan kampanye politik pada Rabu (24/1/2024). Di Kota Angin itu, Atikoh menyapa langsung ratusan simpatisan dan kader yang hadir di Kantor DPC PDI Perjuangan Nganjuk.

Atikoh tiba di lokasi tepat pukul 12.00 WIB. Dia langsung disambut Ketua DPC PDI Perjuangan Kabupaten Nganjuk Tatit Heru Cahyo serta perwakilan partai pengusung Ganjar-Mahfud yakni PPP, Hanura dan Partai Perindo.
""Selamat datang di Kabupaten Nganjuk, Bu Ganjar. Semoga berkesan,"" ujar Tatit bersama kader lainnya yang memberi Atikoh kalung melati.

Ibu dari Muhammad Zinedine Alam Ganjar itu disambut antusias para simpatisan yang hadir. Terik panas matahari semakin membakar semangat simpatisan dan kader untuk berjumpa dengan sang Calon Ibu Negara tersebut.
Atikoh kemudian disuguhi seni budaya tari kreasi yang dibawakan sanggar binaan serta pertunjukan barongsai. Usai serangkaian acara penyambutan, dilakukan deklarasi oleh gabungan 18 organ relawan di Kabupaten Nganjuk.

""Terima kasih atas kekompakan temen-temen di Nganjuk,"" kata Atikoh.
Perempuan berusia 52 tahun itu juga membakar semangat para relawan dan simpatisan. Atikoh meminta agar mereka bergandengan tangan dan kompak karena pelaksanaan Pemilu 2024 yang tersisa 2 minggu lagi.

Seusai memberi sambutan serta memaparkan program-program unggulan Ganjar-Mahfud, Atikoh sedianya diminta untuk menuju ke ruang transit. Namun, istri Ganjar itu justru bergerak ke arah tenda simpatisan.
""Ini dia Ibu Negaraku. Turun langsung menyapa rakyatnya,"" ujar para simpatisan.


Editor: Donald Karouw"
https://jabar.inews.id/berita/pusaka-kujang-trah-siliwangi-disematkan-ke-ganjar-jadi-penghargaan-putra-terbaik-nusantara,"Selasa, 16 Januari 2024 - 14:11:00 WIB","Pusaka Kujang Trah Siliwangi Disematkan ke Ganjar, Jadi Penghargaan Putra Terbaik Nusantara","Scan this QR or download app from:
KARAWANG, iNews.id  -Calon Presiden (Capres) 2024 nomor urut 3 Ganjar Pranowo menerima penyematanpusakaKujang dari TrahSiliwangikarena dianggap sebagai putra terbaik Nusantara setelah Gajah Mada dan Soekarno. Momen itu terjadi saat Ganjar mengikuti panen ikan bersama petani tambak di Desa Tanjung Pakis, Kecamatan Pakis Jaya, Karawang, Minggu (14/1/2024).
Penyematan itu dilakukan langsung oleh Pimpinan Lembaga Dinasti Kaluhuran Galuh Pakuan Padjajaran, Ramlan Samsuri yang juga memiliki trah Siliwangi.

""Hari ini, detik ini saya trah Siliwangi menyerahkan kepada putra terbaik Nusantara. Nusantara satu Gajah Mada, Nusantara dua Soekarno dan Nusantara tiga Ganjar Pranowo,"" ucap Ramlan, Minggu (14/1/2025).
Pria yang akrab disapa Kakang Prabu itu mengambilpusaka Kujangdan menghunuskan ke atas. Ia menjelaskan makna filosofis dari tulisan dan bentuknya.

""Kujang ini secara turun temurun dari trah Siliwangi akan kita sematkan kepada Ganjar Pranowo. Di sini ada tulisannya bismillahirrahmanirrahim dan dua kalimat syahadat. Dan lubang lima ini bermakna salat lima waktu dan Pancasila,"" katanya.
Editor: Nani Suherni"
https://jatim.inews.id/berita/gus-ali-gondrong-sampaikan-pesan-ganjar-beda-pilihan-biasa-tetap-jaga-persatuan,"Sabtu, 25 November 2023 - 23:08:00 WIB",Gus Ali Gondrong Sampaikan Pesan Ganjar: Beda Pilihan Biasa Tetap Jaga Persatuan,"Scan this QR or download app from:
PASURUAN, iNews.id- Pendiri kelompok MafiaSholawat, KH Mohammad Ali Shodiqin atau dikenal Gus Ali Gondrong menitipkan pesan kepada para jamaahnya. Pesan tersebut untuk menjaga persaudaraan dan persatuan menjelang Pilpres 2024.
Pesan itu disampaikan oleh Gus Ali Gondrong dalam acara Sholawat Kebangsaan bertajuk, Martopuro Pasuruan Bersholawat Menjemput Ganjaran dan Keberkahan untukGanjar Pranowo-Mahfud MDBersama KH Muhammad Ali Shodiqin di Lapangan Puntir Martopuro, Purwosari, Kabupaten Pasuruan, Jawa Timur, Sabtu (25/11/2023).

""Pak Ganjar selalu mengatakan, pemilu itu lima tahun sekali, ojolali. Seduluran selawase,"" ujar Gus Ali Gondrong.
Dia mengatakan, berbeda pilihan dalam pemilu itu hal biasa. Terpenting, kata dia bagaimana tetap menjaga persaudaraan dan persatuan.

""Ojo gelutan, biasa wae. Beda pilihan biasa, tapi tetep jaga persaudaraan dan persatuan,"" katanya.

Editor: Kurnia Illahi"
https://mojokerto.inews.id/read/404487/jatim-beragam-gelar-nobar-debat-capres-ganjar-dinilai-unggul/2,"Senin, 05 Februari 2024 | 17:30 WIB","Jatim Beragam Gelar Nobar Debat Capres, Ganjar Dinilai Unggul","Scan this QR or download app from:
Tim Data dan Riset Jatim Beragam Mojokerto Raya, Wahyu Waullilamri Kurniawan mengungkapkan, antusiasme masyarakat setempat untuk menonton debat tersebut membuat Relawan Jatim Beragam Mojokerto Raya merasa optimis jika Ganjar-Mahfud mampu mendapat suara lebih dengan performa yang luar biasa pada debat pamungkas semalam.
“Performa luar biasa dari Pak Ganjar tadi membuat kami semakin yakin jika beliaulah merupakan sosok yang amanah dan bertanggujawab serta lebih pantas memimpin bangsa dan negara ini untuk 5 tahun kedepan,"" ucapnya.
Sulistiyo, salah satu penonton nobar debat mengapresiasi atas fasilitas nobar dan merasa puas dengan performa masing-masing paslon pada nobar debat tersebut terutama paslon nomor 3 yakni Ganjar-Mahfud.
""Sejak awal debat, mas ganjar selalu membawa data sebagai “senjata” dia dalam berdebat. Malam ini dia kembali membuktikannya, data tersebut dipadukan dengan gagasan-gagasan yang luar biasa dari beliau. Statement penutup beliau juga mengajak seluruh masyarakat untuk sungguh berhati-hati memilih pemimpin indonesia dalam 5 tahun kedepan. Menurut saya pasangan Ganjar-Mahfud tersebutlah jawaban untuk seluruh masyarakat indonesia dalam 5 tahun mendatang,"" ujar pria berusia 50 tahun tersebut seusai debat.
Selain memfasilitasi nobar debat pamungkas capres 2024, Relawan Jatim Beragam Mojokerto Raya juga membagikan sejumlah tote bag, kaos, stiker, dan korek kepada penonton yang hadir dalam kegiatan tersebut.
Editor : Trisna Eka Adhitya"
https://serpong.inews.id/read/395859/pengasuh-ponpes-assasul-huda-batang-kh-abu-khoir-suudi-ganjar-adalah-kesayangan-mbah-maimoen,"Rabu, 17 Januari 2024 | 11:51 WIB","Pengasuh Ponpes Assasul Huda Batang, KH Abu Khoir Suudi: Ganjar Adalah Kesayangan Mbah Maimoen","Scan this QR or download app from:
BATANG, iNewsSerpong.id– Melanjutkan lawatannya di Jawa Tengah, calon presiden (capres) nomor urut 3,Ganjar Pranowokembali menginap di rumah warga. Kali ini,Ganjarmenginap di rumah pengasuh Pondok Pesantren Assasul Huda Batang di Desa Klawen, Kecamatan Bawang, Kabupaten Batang, Jawa Tengah.
Walau hujan turun cukup deras, tapi ribuan santri dan warga di Lereng Gunung Prau tetap antusias menyambut Ganjar. Mereka begitu suka ria berebut menyalami mantan Gubernur Jateng dua periode itu.
Warga menyambut Ganjar dengan ucapan ""Selamat datang Pak Ganjar, senang sekali rasanya bapak datang dan mau menginap di desa kami. Kami kangen pak sama bapak”.Tak hanya sambutan, warga dan ribuan santri menyambut Ganjar dengan pengajian dan doa bersama. Mereka berkumpul di aula pondok dan mendoakan yang terbaik untuk cucu mantu Mbah Hisyam Kalijaran itu.
""Beliau ini temannyaGus Yasin, putranyaMbah Maimoen Zubair. Dan saya tahu sendiri, Mas Ganjar ini kesayangannya Mbah Moen. Tentu kita senang sekali malam ini beliau hadir dan mau menginap di pondok ini,"" kata PengasuhPonpes Assasul Huda,KH Abu Khoir Suudi, Selasa (16/1/2024) malam.
Gus Abu mengatakan, dirinya melihat sendiri bagaimana hubungan kedekatan Ganjar dengan gurunya itu. Bahkan Mbah Moen bercerita tentang betapa khidmadnya Ganjar pada Mbah Moen.
""Saya tahu sendiri, melihat sendiri bagaimana khidmadnya Mas Ganjar khidmad sama Mbah Moen. Sampai foto Mbah Moen itu ada di ruang kerja mas Ganjar. Mudah-mudahan mendapat barokah Mbah Moen, kita doakan bersama untuk kebaikan mas Ganjar,"" tuturnya.
Ganjar senang mendapat sambutan hangat dari KH Abu Khoir Suudi dan ribuan santri serta masyarakat Bawang. Apalagi, ia datang saat Pondok mengadakan pengajian untuk Mbah Moen.
""Saya memang punya banyak cerita sama Mbah Moen. Bahkan saking dekatnya, banyak orang bilang saya itu lebih anaknya Mbah Moen dibanding Gus Yasin,"" ucapnya.
Semasa hidup, Ganjar mendapat banyak ilmu, petuah dan wejangan dari ulama kharismatik pengasuh Ponpes Al Anwar Sarang Rembang itu. Setiap Mbah Moen pengajian, Ganjar kerap diajak untuk mendampingi.
Ganjar masih ingat betul saat-saat itu. Bahkan ketika pertemuan terakhir sebelum Mbah Moen meninggal pada 2019 lalu, Ganjar masih bertemu dan salat berjamaah berdua.
""Waktu itu saya sowan, sudah ashar dan murid Mbah Moen itu mengingatkan Mbah untuk mengimami. Tapi Mbah Moen bilang pengen jemaah sama saya. Saya salat berdua di kamar beliau. Itulah kali terakhir saya bertemu beliau sebelum berangkat haji dan meninggal di sana,"" kenang Ganjar.
Mantan Gubernur Jawa Tengah dua periode itu selalu menyempatkan ziarah ke makam Mbah Moen ketika umrah. Menurutnya, Mbah Moen memberikan banyak ilmu dan pengalaman terkait kebangsaan dan kenegaraan padanya.
""Kita doakan bersama semoga Mbah Moen husnul khatimah dan kita sebagai generasi penerus terus mengamalkan ajaran beliau soal kebangsaan, cinta tanah air dan nasionalisme yang diajarkan beliau,"" katanya.

Artikel ini telah diterbitkan di halaman SINDOnews.com pada Rabu, 17 Januari 2024 - 09:22 WIB oleh Irfan Ma'ruf dengan judul ""Ganjar Nginap di Pesantren Assasul Huda Batang, Pengasuh: Beliau Ini Kesayangan Mbah Maimoen”.
Editor : A.R Bacho"
https://regional.inews.id/berita/cak-lontong-sapa-warga-bayah-tugas-langsung-dari-pak-ganjar,"Jumat, 19 Januari 2024 - 12:48:00 WIB",Cak Lontong Sapa Warga Bayah: Tugas Langsung dari Pak Ganjar,"Scan this QR or download app from:
BAYAH, iNews.id -Komedian sekaligus influencerCak Lontongbersama Caleg PDI-P Bonie Triana dan mantan wakil Bupati Lebak Ade Sumardi mengunjungi masyarakat Lebak Selatan khususnya wilayah Bayah, Jumat (19/1/2024). Dia pun menegaskan kunjungan ini tugas langsung dari Calon Presiden nomor urut 3 Ganjar Pranowo.
Cak Lontong tiba di Lapangan Sepakbola Bayah ditemani Bonie Triana dengan menaiki helikopter dari Jakarta. Dia melanjutkan perjalanan menuju Pasar Pelelangan Ikan (TPO) Bayah untuk mendengarkan langsung aspirasi para nelayan.

""Bapak-bapak ingin sejahtera? Kita punya program 1 kartu terpadu yang digagas oleh Pak Ganjar supaya bantuan untuk nelayan selalu ada,"" ujar Cak Lontong saat sambutan.
Komedian yang memiliki nama asli Lies Hartono ini pun tak sungkan menjawab pertanyaan dan permintaan warga untuk ber-selfie.

""Kalau untuk ke Banten saya sering, tapi ke Banten Selatan, Bayah khususnya baru pertama kali, dan begitu saya turun dari heli tadi warga langsung memanggil-manggil nama pak Ganjar, padahal saya yang turun,"" ujarnya sambil tersenyum.
Editor: Nani Suherni"
https://bogor.inews.id/read/403639/pekikan-1500-relawan-peluru-tak-terkendali-getarkan-kampanye-akbar-ganjar-mahfud-di-gbk,"Minggu, 04 Februari 2024 | 19:21 WIB",Pekikan 1500 Relawan Peluru Tak Terkendali Getarkan Kampanye Akbar Ganjar-Mahfud di GBK,"Scan this QR or download app from:
JAKARTA, iNewsBogor.id- Sejumlah Musisi muda dan 1500 anak muda kreatif yang tergabung dalam komunitasPeluru Tak TerkendalimenghadiriKampanye AkbarGanjar-Mahfuddi Gelora Bung Karno (GBK) Senayan, Jakarta Pusat (03/02/2024). Riungan relawan Mahfud MD ini bergemuruh di lapangan bola terbesar di Asia Tenggara tersebut.
Relawan Peluru Tak Terkendali tiba di GBK dengan konvoi sepeda motor dengan dipimpin oleh penyanyi rap yang juga ketua komunitas tersebut, Samuel Alexander Pieter atauYoung Lex.
Kehadiran Young Lex dan 1500 orang yang tergabung dalam Peluru Tak Terkendali merupakan dukungan yang tegas dari para anak muda dan komunitas kreatif terhadap Ganjar Pranowo dan Mahfud MD yang maju sebagai calon presiden dan calon wakil presiden.
Relawan garis keras tersebut menyatakan satu suara tegak lurus untuk Mahfud MD.Di tengah keramaian ribuan pendukung yang datang untuk mendukung Ganjar, Young Lex menyanyikan lagu ""Buruh Tani"" untuk membangkitkan semangat para pendukung Ganjar.
""Buruh, tani, mahasiswa, rakyat miskin kota. Bersatu padu untuk merebut demokrasi, Bersatu dengan tekad dalam satu suara, demi tugas suci yang mulia,"" demikian penggalan lirik yang dinyanyikan oleh Young Lex.
Lagu ini sering dinyanyikan untuk melawan ketidakadilan. Young Lex menyatakan Ganjar dan Mahfud siap melawan ketidakadilan dan menegakkan keadilan hukum.
Editor : Furqon Munawar"
https://jatim.inews.id/berita/ziarah-makam-pendiri-psht-ganjar-mbah-soero-berperan-besar-bagi-bangsa,"Kamis, 18 Januari 2024 - 20:18:00 WIB","Ziarah Makam Pendiri Persaudaraan Setia Hati, Ganjar: Mbah Soero Berperan Besar bagi Bangsa","Scan this QR or download app from:
MADIUN, iNews.id- Calon presiden (Capres) nomor urut 3,Ganjar Pranowoberziarahke makam pendiri pencak silat Persaudaraan Setia Hati, Ki Ngabehi Soerodiwirjo di sela-sela kunjungannya ke Madiun, Kamis (18/1/2024). Di makam itu, capres Ganjar yang juga diusung oleh Partai Perindo, memanjatkan doa bersama ratusan masyarakat yang antusias menyambutnya.
Warga begitu senang melihat Ganjar datang ziarah ke makam pendiri perguruan pencak silat terbesar di Indonesia itu. Menurut warga, siapa pun yang ziarah ke makam Mbah Soero, insya Allah doanya terkabul.

""Sudah pasti jadi presiden ini Pak Ganjar. Kalau ziarah ke makam Mbah Soero insyaallah kabul hajatnya,"" ucap Rohman (56), salah satu warga Madiun.
Rohman mengatakan, Mbah Soero merupakan tokoh yang sangat dihormati. Tak hanya oleh masyarakat sekitar, para pengikut Persaudaraan Setia Hati di seluruh Indonesia dan dunia, semua menghormati Mbah Soero.

""Sudah pas Pak Ganjar datang ke sini, kami sebagai warga sekitar pasti senang dan bangga atas kunjungan ini,"" ucapnya.
Didampingi juru kunci dan para warga, Ganjar bersimpuh di hadapan makam untuk berdoa kepada Allah SWT. Setelah itu, ia menaburkan bunga ke makam Mbah Soero dan istri yang ada di kompleks pemakaman Desa Winongo, Kecamatan Mangunharjo, Kota Madiun.
Editor: Kastolani Marzuki"
https://jatim.inews.id/berita/ziarahi-makam-eyang-suro-pendiri-psht-ganjar-sekarang-organisasinya-diperhitungkan,"Kamis, 18 Januari 2024 - 18:07:00 WIB",Ziarahi Makam Eyang Suro Pendiri Persaudaraan Setia Hati Ganjar: Organisasinya Diperhitungkan,"Scan this QR or download app from:
MADIUN, iNews.id- Calon Presiden (Capres) nomor urut 3,Ganjar Pranowoberziarah ke makam Ki Ngabehi Surodiwiryo, Kamis (18/1/2024). Makam tersebut berada di Kecamatan Manguharjo, Kota Madiun, Jawa Timur.
Ki Ngabehi atau juga dikenal sebagai Eyang Suro merupakan pendiri aliran pencak silat Setia Hati atau lebih dikenal Persaudaraan Setia Hati yang meninggal dunia pada 10 November 1903.

Eyang Suro mendirikan perguruan silat itu dengan tujuan agar warga atau anggotanya mempunyai rasa persaudaraan dan kepribadian yang kuat karena pada saat itu, Indonesia sedang dijajah Belanda.
Ganjar berharap, Persaudaraan Setia Hati yang kini menjadi salah satu organisasi besar bisa memberikan dampak positif dan bermanfaat untuk masyarakat dan bangsa Indonesia.


Editor: Kurnia Illahi"
https://jateng.inews.id/berita/ganjar-sowan-ke-keluarga-mbah-moen-gus-idror-kalau-abah-masih-hidup-beliau-pasti-bangga,"Kamis, 04 Januari 2024 - 19:30:00 WIB","Ganjar Sowan ke Keluarga Mbah Moen, Gus Idror: Kalau Abah Masih Hidup, Beliau Pasti Bangga","Scan this QR or download app from:
REMBANG, iNews.id– Calon presiden (Capres) nomor urut 03,Ganjar Pranowosilaturahmi kekeluarga Mbah Moendi kompleksPondok Pesantren(Ponpes)Al Anwar Sarang, Rembang, Kamis (4/1/2024).
Diiringi lantunan selawat, Ganjar langsung disambut dua putra almarhum KH Maimoen Zubair, Gus Ubab Maimoen dan Gus Idror Maimoen.

""Sugeng rawuh Mas Ganjar. Monggo-monggo pinarak,"" ucap Gus Ubab menyapa Ganjar dan memeluknya dengan hangat.
Gus Ubab pun mengalungkan serban berwarna hijau ke leher Ganjar.

Ganjar kemudian berjalan beriringan dengan Gus Ubab, Gus Idror dan para ulama lain seperti Kiai Umam Nursalim, KH Nawawi Kholil dan ulama lainnya. Ribuan santri dan masyarakat menyambutnya dengan suka cita.
""Kami sangat berbahagia atas kehadiran Mas Ganjar ke kediaman kami. Meski Mbah Moen sudah tiada, Mas Ganjar tetap berkunjung ke sini (Sarang). Mas Ganjar memang memiliki sifat setia yang diajarkan mbah Moen,"" ucap Gus Idror Maimoen.
Gus Idror mengatakan, semasa hidup Mbah Moen memang sangat dekat dengan Ganjar. Keduanya sering bercerita dan berdiskusi tentang mewujudkan negara yang gemah ripah loh jinawi.
""Hari ini mas Ganjar berkunjung sebagai calon presiden. Kalau abah masih hidup, tentu beliau sangat bangga dan bahagia. Semoga sowan mas Ganjar membawa berkah, hasil maksud dan semoga membawa cita-cita Mbah Moen menjadikan negeri ini baldatun tayyibatun warobbun ghofur,"" katanya.
Ganjar mengatkaan niatnya sowan ke kediaman Mbah Moen untuk bersilaturahmi dengan keluarga Mbah Moen.
""Saya ke sini bukan sebagai Capres, tapi pulang ke rumah sebagai putranya Mbah Moen,"" ucap Ganjar disambut tepuk tangan keluarga dan para ulama di sana.
Editor: Kastolani Marzuki"
https://serpong.inews.id/read/400697/bertamu-ke-istana-maimun-medan-ganjar-diskusi-hangat-bersama-sultan-deli,"Minggu, 28 Januari 2024 | 17:59 WIB","Bertamu ke Istana Maimun Medan, Ganjar Diskusi Hangat Bersama Sultan Deli","Scan this QR or download app from:
MEDAN, iNewsSerpong.id– Melengkapi safari politiknya di Medan, Calon presiden (capres) nomor urut 3,GanjarPranowo berkunjung keIstana Maimun, Kota Medan, Sumatera Utara, Minggu (28/1/2024). Ganjar disambut langsung olehSultan Deli ke-14, Sultan Mahmud Aria Lamantjiji Perkasa Alam Shah atau Tuanku Aji.
Pada kesempatan itu, Ganjar terlihat berkeliling di area dalam Istana Maimun didampingi Sultan Deli. Ganjar terlibat dalam bincang-bincang santai bersama sultan termuda yang telah dilantik sejak usia 8 tahun itu.
""Hari ini kita bisa silaturahmi bertemu Bapak Sultan yang sangat muda, sangat progresif, sangat open minded,"" kataGanjar Pranowodi Istana Maimun, Minggu (28/1/2024).
Sultan Deli tak tampak canggung ketika berbincang santai sembari menceritakan pengalamannya semasa kuliah dulu. Saking akrabnya, Ganjar merasa sedang bertemu kawan yang sudah lama tak dijumpainya.
""Saya senang bisa berdiskusi tentu ini menjadi silaturahmi yang sangat menyenangkan karena ini kunjungan saya yang ketiga kali. Saya terima kasih sebagai capres pertama yang diterima begitu ya diskusi yang sama-sama sebagai seorang kawan lah,"" katanya.
Menjadi kunjungannya yang ketiga di Medan, Ganjar merasa sambutan warga masih sama hangatnya dengan yang dirasakannya saat kunjungan perdananya.
Kedatangan Ganjar di Medan ini merupakan rangkaian kampanye akbar bertajukHajatan Rakyat Ganjar-Mahfudyang berlangsung di sejumlah daerah. Di Medan sendiri, Hajatan Rakyat dibuka oleh Slank lalu dimeriahkan sejumlah musisi lainnya Seperti Novita Dewi Marpaung, Trio Nabasa, Duo Niur Mata, dan Ratu Ell.
Artikel ini telah diterbitkan di halaman SINDOnews.com pada Minggu, 28 Januari 2024 - 14:39 WIB oleh Nur Amanah dengan judul ""Berkunjung ke Istana Maimun, Ganjar Diskusi Hangat Bersama Sultan Deli"".
Editor : A.R Bacho"
https://jateng.inews.id/berita/keren-seniman-semarang-buat-lukisan-ganjar-mahfud-dengan-media-tanaman-padi-di-sawah,"Sabtu, 27 Januari 2024 - 12:37:00 WIB","Keren, Seniman Semarang Buat Lukisan Ganjar-Mahfud dengan Media Tanaman Padi di Sawah","Scan this QR or download app from:
SEMARANG, iNews.id -Aksi keren dilakukansenimandiSemarang. Sebagai bentuk dukungan dan kecintaanya, komunitas Pari Curek melukis Ganjar-Mahfud dengan media tanaman padi di sawah di Desa Bergas Lor, Kelurahan Bergas, Kabupaten Semarang.
Komunitas yang dipunggawai seniman bernama Gunawan itu menanam padi membentuk wajah Ganjar Pranowo-Mahfud MD lengkap dengan simbol tiga jari di sepetak sawah.  Sekilas memang terlihat hanya tumbuhan padi hijau dengan variasi padi hitam. Namun jika dilihat dari atas, maka tampak jelas wajah calon presiden dan calon wakil presiden nomor tiga itu.

Ganjar Pranowo pun menyempatkan singgah dan melihat langsung karya Komunitas Pari Curek tersebut, Sabtu (27/1/2024). Itu dilakukan sebagai bentuk apresiasi Ganjar terhadap karya seni dan seniman.
Gunawan mengatakan, dia bersama rekan seniman lainnya sudah dua kali menggambar wajah Ganjar dengan media padi di atas area persawahan.

“Ini yang kedua kalinya kita menggambar wajah Pak Ganjar. Jauh sebelumnya kita juga gambar Bung Karno,” ujarnya, Sabtu (27/1/2024).
Karya itu dimaksudkan untuk rasa hormat kepada Ganjar, yang dinilai sebagai sosok yang mampu mengapresiasi seniman sekaligus karya-karyanya.

“Kenapa Pak Ganjar, karena beliau selalu mengapresiasi karya kami. Beliau peduli terhadap seniman dan karya. Ini bentuk kecintaan kami ke Pak Ganjar,” katanya.
Gunawan berharap, kepedulian Ganjar bukan hanya terhadap karya seni, tapi juga dapat memajukan sektor pertanian.

“Iya itulah kenapa kami berkarya di sawah. Pak Ganjar juga punya program petani bangga bertani,” ucapnya.

Editor: Nani Suherni"
https://jateng.inews.id/berita/ganjar-bangkitkan-dono-warkop-dki-dengan-kaos-clean-government-di-simpang-lima-semarang,"Sabtu, 10 Februari 2024 - 22:29:00 WIB",Ganjar Bangkitkan Dono Warkop DKI dengan Kaos Clean Government di Simpang Lima Semarang,"Scan this QR or download app from:
SEMARANG, iNews.id-Ganjar Pranowomenjadi sorotan, saatkampanye akbarterakhir di Lapangan Pancasila Simpang Lima, Semarang, Jawa Tengah, Sabtu (10/02/2024). Di balik jaket bombernya, capres nomor urut 3 yang juga diusung Partai Perindo itu mengenakan kaus putih bertuliskan Join Us We Fight for a Clean Government' yang artinya 'Ikut kami, kami berjuang untuk pemerintahan yang bersih.
Kalimat bertuliskan 'Join Us We Fight For A Clean Government' di kaus yang dikenakan Ganjar, ternyata sama persis seperti yang dikenakan mendiang Wahjoe Sardono aliasDono Warkop DKI.

Bukan tanpa alasan, Ganjar sengaja memakai kaus tersebut karena selaras dengan visi misi Ganjar- Mahfud untuk melakukan bersih-bersih di pemerintahan.Ganjar-Mahfudbertekad untuk memberantas korupsi kolusi dan nepotisme (KKN).
Informasi yang dihimpun, kaus yang dikenakan Ganjar tersebut sama persis seperti yang dipakai Dono saat ditangkap tentara di tahun 1974. Saat itu, Dono bersama para mahasiswa menggelar unjuk rasa dalam aksi Malapetaka Lima Belas Januari atau Malari.

Komika Ernest Prakasa sempat mengunggah foto Dono saat dikepung sejumlah tentara pada masa Orde Baru di instagramnya. Dalam foto yang diunggah, terlihat Dono mengenakan kaus bertuliskan 'Join Us We Fight for a clean government' yang artinya 'Ikut kami. Kami berjuang untuk pemerintahan yang bersih.'
Seperti diketahui, mendiang Dono termasuk sosok yang kritis saat mengenyam pendidikan di Universitas Indonesia (UI). Pada masa itu, Dono sempat ikut dalam demo mahasiswa menolak dominasi ekonomi Jepang di Indonesia.

Sayangnya, pada masa orde baru itu aksi Dono berbuah pil pahit karena menyinggung pemerintah. Rumah orang tua Dono di Delanggu sempat didatangi intel dan kepolisian.
Pada 1998, Dono muda kembali turun ke jalan. Ia dan teman-temannya mengadang aparat keamanan yang mencoba merangsek masuk ke Universitas Katolik Atmajaya, Semanggi, Jakarta Selatan.

Keberanian Dono memperjuangkan reformasi, diungkapkan dalam buku 'Warkop Main-Main Jadi Bukan Main' karya Rudy Badil dan Indro Warkop. Jurnalis Kompas, Budiarto Shambazy yang dipercaya menuliskan kata pengantar masih mengingat dengan jelas kejadian bersejarah tersebut.

Editor: Maria Christina"
https://jateng.inews.id/berita/siti-atikoh-ganjar-semangati-ribuan-karyawan-pabrik-wig-di-purbalingga,"Sabtu, 30 Desember 2023 - 01:30:00 WIB",Siti Atikoh Ganjar Semangati Ribuan Karyawan Pabrik Wig di Purbalingga,"Scan this QR or download app from:
PURBALINGGA, iNews.id- Istri Calon Presiden (Capres) 2024 nomor urut 3 Ganjar Pranowo,Siti AtikohSupriyanti mengunjungipabrik wigatau rambut palsu diPurbalingga, Jumat (29/12/2023).
Siti Atikoh yang tiba sekitar pukul 11.20 WIB dengan mengenakan pakaian berwarna hitam bertuliskan Sat-Set itu, langsung disambut jajaran direksi PT Boyang Industrial. Tak hanya itu, ratusan simpatisan pun telah menantikan kehadirannya.

Atikoh pun diajak masuk ke area kantor manajemen dan berkeliling sekitar 15 menit. Didampingi Bupati Purbalingga yang juga kader PDI Perjuangan, Dyah Hayuning Pratiwi kemudian berjalan mengelilingi area pabrik.
Pada kesempatan itu, Atikoh menyapa pegawai yang sedang mengolah rambut menjadi wig. Tidak ingin mengganggu konsentrasi pekerja, Atikoh tidak mengajak mereka berbicara.

""Semangat kerjanya ya,"" ucap Atikoh singkat.
Karyawan yang menyadari kedatangan isri Ganjar Pranowo itu pun melemparkan senyuman kepada Atikoh. Usai dari prabrik wig, Atikoh menyempatkan diri pulang ke rumah keluarga di Baleraksa, Karangmoncol, Purbalingga.

Di sana, Atikoh berziarah ke makam mendiang ibunya yang bernama Astuti. Ia pun disambut antusias warga dan tetangga sekitar.
Editor: Kastolani Marzuki"
https://jateng.inews.id/berita/ribuan-pengunjung-mata-air-cokro-klaten-heboh-sambut-kedatangan-ganjar,"Kamis, 28 Desember 2023 - 11:52:00 WIB",Ribuan Pengunjung Mata Air Cokro Klaten Heboh Sambut Kedatangan Ganjar,"Scan this QR or download app from:
KLATEN, iNews.id -Ribuan pengunjung obyek wisata Mata Air Cokro Tulung, Klaten, Jawa Tengah mendadak heboh saatGanjar Pranowo, calon presiden (Capres) nomor urut 3 yang juga diusung oleh Partai Perindo, menyapa pengunjung dan menikmati jagung susu keju (jasuke) di arena wisata, Rabu (27/12/2023). Serentak, para pengunjung histeris dan serentak melakukan salam tiga jari.
Layaknya pengunjung biasa, Ganjar membeli tiket sebelum masuk ke arena wisata. Dia pun sempat berbagi tiket pada pengunjung yang lain.

""Sudah beli tiket apa belum? Ini aku kasih tiket,"" kata Ganjar kepada salah seorang pengunjung.
Ganjar yang mengenakan kemeja putih bertuliskan 'Sat-Set' menjadi pusat perhatian. Pengunjung yang sedang berenang maupun bersantai mendadak heboh.

Ada yang bergegas mengambil ponsel untuk mengabadikan momen. Dan, sebagian besar teriak histeris memanggil nama Ganjar sambil mengangkat tangan salam tiga jari.
Ningrum, misalnya, wisatawan asal Solo girang bukan kepalang bisa bertemu dengan Ganjar secara langsung. Ia tidak menyangka momen liburan bersama keluarga bertambah seru karena kedatangan Ganjar.

""Tidak menyangka kalau Pak Ganjar ke sini. Rasanya senang, ini pas piknik bersama keluarga,"" katanya.
Menurutnya, Ganjar adalah sosok pemimpin yang ramah dan merakyat. Dia pun mendukung Ganjar untuk menjadi presiden.

""Iya Solo tetap Pak Ganjar, semoga bisa jadi presiden,"" katanya.
Editor: Nani Suherni"
https://sidoarjo.inews.id/read/392008/nyantai-duls-cuitan-ganjar-pranowo-lesehan-seusai-debat-capres-2024-curi-perhatian,"Senin, 08 Januari 2024 | 11:19 WIB",Nyantai Duls! Cuitan Ganjar Pranowo Lesehan Seusai Debat Capres 2024 Curi Perhatian,"Scan this QR or download app from:
JAKARTA, iNewsSidoarjo.id - Calon presiden nomor urut 3,Ganjar Pranowomembagikan momen menarik seusai Debat Pilpres 2024 di Istora Senayan, Jakarta Minggu (7/1/2024).
Diketahui Ganjar mengunggah beberapa momen lewat media sosialnya. Ia pun sempat mengunggah kata-kata yang menarik perhatian netizen.
“Nyante duls,” tulis Ganjar, dikutip dari sindonews.com pada Senin (8/1/2024).
Tampak dalam momen yang diunggah oleh Ganjar Pranowo di akun X-nya, terlihatmantan GubernurJawa Tengah itu memposting foto dirinya tengahduduk lesehandi lantai sambil menelepon.
Terlihat juga dalam unggahan itu, Ganjar mengenakan baju kaos berwarna putih dengan bergambarkan penguin karakter film Madagascar. Melihat postingan Ganjar itu, banyak para netizen memberikan komentar seperti salah satu akun yang ingin menggunakan kaos yang serupa dengan Ganjar.
“Pak ketua saya juga mau samaan kaosnya,” tulis akun @chronicrains. “Bisa dilarisi nih,” balas Ganjar.
Selain komentar lucu, banyak juga dari netizen yang memberikan komentar terkait penampilan Ganjar saat debat. Netizen mengatakan bahwa penampilan Ganjar lebih baik dari paslon lainnya.
“Penampilan Bapak dalam debat kali ini lebih baik dan lebih berani daripada sebelumnya. Tak perlu sungkan dan takut jika semua yang disampaikan berdasarkan fakta dan data. Semoga di debat ketiga jauh lebih baik lagi. Amin,” tulis akun @danielht2009.
Hingga kini, postingan yang diunggah melalui akun X Ganjar Pranowo telah mencapai 3.100 komentar, 4.800 retweet dan 20 ribu orang menyukai postingan tersebut. iNewsSidoarjo
Editor : Yoyok Agusta Kurniawan"
https://yogya.inews.id/berita/posko-kaus-rakyat-gerakan-sablon-gratis-bukti-kecintaan-relawan-ke-ganjar-mahfud/2,"Minggu, 07 Januari 2024 - 14:58:00 WIB","Posko Kaus Rakyat, Gerakan Sablon Gratis Bukti Kecintaan Relawan ke Ganjar-Mahfud","Scan this QR or download app from:

Tim Genetik Tim Pemenangan Nasional (TPN) Ganjar Mahfud, Sihonik Wijayanti menambahkan gerakan kaus rakyat melalui sablon kaus gratis ini sebenarnya diinisiasi oleh rakyat atau relawan ganjar. Mereka memiliki keterkaitan dengan masa muda ganjar Pranowo di Yogyakarta.

""Jadi ini teman mas Ganjar waktu sekolah dan kuliah di Yogyakarta. Mereka juga ada yang merupakan teman mas Ganjar sewaktu naik Gunung. Ya kasarannya teman 'mBambung' dulu, teman nongkrong,"" ujar wanita yang akrab dipanggil Jibenk ini.
Jibenk menambahkan gerakan ini sebenarnya sudah didiskusikan sejak lama dilakukan sendiri ganjar. Karena kekuatan Ganjar Pranowo adalah sebenarnya rakyat itu sendiri  Dari awal mereka menganggap Tuanku adalah rakyat.
""Jadi selain kaus rakyat di sini juga ada angkringan rakyat bendera rakyat dan sebagainya,"" ucapnya.
Semua yang terlibat dalam gerakan ini adalah teman Ganjar dan tidak ada satupun dari mereka yang dibayar. Semua relawan ini tidak ada yang transaksional karena semuanya dilakukan secara gratis.
""Ini merupakan bukti kecintaan rakyat terhadap Ganjar,"" katanya.
Editor: Nani Suherni"
https://www.inews.id/travel/kuliner/ganjar-pranowo-di-bali-ini-3-rekomendasi-rumah-makan-nasi-campur-ala-pulau-dewata/2,"Kamis, 02 November 2023 - 18:57:00 WIB","Ganjar Pranowo di Bali, Ini 3 Rekomendasi Rumah Makan Nasi Campur ala Pulau Dewata","Scan this QR or download app from:
Selain Nasi Campur Men Weti, ada rekomendasi rumah makan nasi campur lainnya yang mungkin bisa para pembaca kunjungi ketika berada di Bali, kira-kira apakah saja itu? Berikut daftarnya.

Salah satu rekomendasi yang wajib dicoba adalah Nasi Bali Made Weti, sebuah tempat makan nasi campur Bali yang sudah berdiri sejak tahun 1970. Terletak di Sanur, tempat makan ini dikenal sebagai salah satu tempat makan nasi campur paling legendaris di daerah tersebut.
Dengan antrean yang sudah ramai sejak pagi, Nasi Bali Made Weti menawarkan porsi nasi campur yang menggugah selera, mulai dari ayam suwir bumbu betutu, sayur urap Bali, telur pindang rebus, hingga kelapa parut bakar dan emping. Ditambah dengan kuah kaldu kuning dan kulit ayam garing, Nasi Bali Made Weti menawarkan pengalaman kuliner yang tak terlupakan di tengah kehangatan budaya Bali. Jangan lupa untuk mengunjungi tempat ini ketika berada di Denpasar, Bali, dan siapkan budget di bawah Rp50.000 untuk menikmati satu porsi nasi campur yang lezat.

Warung Mek Juwel Nasi Campur Ayam, sebuah warung makan yang telah beroperasi sejak tahun 1970-an, merupakan tempat yang tak boleh dilewatkan saat berkunjung ke Bali. Salah satu menu andalannya adalah Nasi Campur Komplet yang terdiri dari beragam lauk-pauk seperti ayam betutu, ayam panggang, telur pindang, mi goreng, ati ampela, serundeng kacang, urap, dan sate lilit.
Dengan porsi yang besar dan harga di bawah Rp50.000, Warung Mek Juwel siap memanjakan selera Anda saat menikmati liburan di Ubud, Bali. Jangan lupa kunjungi warung ini saat berada di Jl. Melati, Sayan, Kecamatan Ubud, Kabupaten Gianyar, Bali dengan waktu operasional setiap hari mulai pukul 08.00 hingga 17.00 WITA."
https://www.inews.id/sport/all-sport/relawan-ganjar-surabaya-bikin-acara-senam-pagi-untuk-kenalkan-program-ganjar-mahfud-md/all,"Minggu, 05 November 2023 - 23:30:00 WIB",Relawan Ganjar Surabaya Bikin Acara Senam Pagi untuk Kenalkan Program Ganjar-Mahfud MD,"Scan this QR or download app from:
SURABAYA, iNews.id-Relawan bacapres yang didukung partaiPerindo, Ganjar Pranowo yang tergabung dalam Komunitas Warung Tegal (Kowarteg) Indonesia Dukung Ganjar melaksanakan acara senam pagi di Gubeng, KotaSurabaya. Acara ini bertujuan untuk menjalin silahturahmi dan menyosialisasikan pasangan Ganjar-Mahfud MD.
Kegiatan yang berlangsung Minggu (5/11/2023) pagi ini disambut antusias warga Surabaya. Acara ini mayoritas diikuti oleh emak-emak.


Kowarteg Dukung Ganjar mengaku melakukan acara ini karena terinspirasi dari Ganjar Pranowo yang gemar olahraga pagi. Selain senam pagi,relawan Ganjarjuga menyosialisasikan program-progam unggulan pasangan Ganjar-Mahfud MD.
""Saya ucapkan terima kasih kepada kawan-kawan Kowarteg atau Komunitas Warteg di Kota Surabaya untuk menyosialisasikan Pak Ganjar Pranowo dan Pak Mahfud sebagai pasangan Capres dan Cawapres di Pemilu 2024,"" ujar salah satu peserta senam Pagi, Tatu.

Taru menyebutkan tingkat antusias warga yang mengikuti rangkaian kegiatan para pendukung Ganjar Pranowo itu cukup tinggi. Warga senang dan bersemangat untuk senam bersama sukarelawan Kowarteg Indonesia.
""Saya lihat warga sangat antusias sekali, mayoritas diikuti oleh ibu-ibu untuk menggairahkan kembali ibu-ibu,"" ucap Taru.

""Di samping terinspirasi oleh Pak Ganjar, kita juga agenda rutin senam setiap Minggu,"" ucapnya.
Dia berharap Kowarteg Dukung Ganjar bisa melaksanakan kegiatan serupa di berbagai tempat.

""Kita berharap nantinya kita akan melaksanakan senam ini di beberapa titik di Kecamatan Gubeng. Kita juga akan secara massal terkait menyehatkan warga dari kecamatan lain,"" katanya.
Editor: Ibnu Hariyanto"
https://palu.inews.id/read/353792/kedekatan-ganjar-dan-gibran-makin-lurus-kata-pengamat-ui,"Kamis, 05 Oktober 2023 | 17:26 WIB","Kedekatan Ganjar dan Gibran Makin Lurus, Kata Pengamat UI","Scan this QR or download app from:
JAKARTA, iNewsPalu.id - Pengamat politik dari Universitas Indonesia (UI) Ade Reza Hariyadi menilai Wali Kota SoloGibranRakabuming Raka kian tegas mendukung bakal calon presiden (bacapres)Ganjar Pranowo. Ia meyakini putra pertama Presiden Joko Widodo (Jokowi) itu tak akan ""menyeberang"" ke kubu lain dan menerima pinangan sebagai pendamping bacapres Prabowo Subianto.
""Bagaimanapun juga Gibran adalah petugas partai yang terikat dengan kebijakan-kebijakan partai. Saya kira Gibran berhitung dan cukup hati-hati, dalam hal ini, untuk tidak terjebak dalam skenario yang bisa memecah belah soliditas partai. Sebagai petugas partai, dia harus memenuhi keputusan partai,"" kata Ade saat dihubungi di Jakarta, belum lama ini.
Sebelumnya, Sekretaris Jenderal (Sekjen) Partai Bulan Bintang (PBB) Afriansyah Ferry Noor mengumumkan partainya telah resmi mengusulkan Gibran dan Ketum PBB Yusril Ihza Mahendra sebagai calon pendamping Prabowo di Pilpres 2024. Saat ini, PBB merupakan salah satu parpol nonparlemen yang tergabung dalam Koalisi Indonesia Maju, koalisi parpol pengusung Prabowo.
Gibran telah melaporkan tawaran dari PBB itu kepada Ketum PDI-Perjuangan Megawati Soekarnoputri. Kepada pewarta, Gibran mengatakan akan mematuhi keputusan parpol dan instruksi dari Megawati, termasuk saat ditawari untuk bergabung dalam Tim Pemenangan Nasional Ganjar Pranowo (TPN GP). Selain diundang masuk menjadi anggota TPN GP, Gibran saat ini juga disiapkan PDI-P sebagai salah satu juru kampanye Ganjar.
""Semula Gibran menunjukkan gestur akomodatif ke Pak Prabowo dengan berbagai pertemuan di Solo. Tapi, sekarang Gibran menunjukkan hati-hati terhadap isu-isu bacawapres Prabowo dan memperlihatkan tunduk kepada PDI-P. Ini menunjukkan ke hati-hatian politik yang tinggi dan Gibran sedang mengkalkulasi,"" ucap Ade.
Ade mencium ada peran yang dimainkan Jokowi di balik sikap-sikap politik yang ditunjukkan Gibran. Ade menduga Jokowi ingin menunjukkan konsistensi sebagai bagian dari PDI-P yang termanifestasi dari sikap Gibran sebagai salah satu pendukung Ganjar.
""Atau bisa jadi Presiden Jokowi ini menjalankan dua skenario dari dua anaknya Kaesang yang menjadi Ketua Umum PSI yang condong ke Prabowo dan Gibran ke Ganjar. Bisa jadi ini merupakan politik diaspora dengan menyiapkan sekoci-sekocinya di parpol,"" ucap Ade.
Presiden Jokowi, dilihat Ade, ingin mengamankan posisi setelah tidak lagi menjabat sebagai presiden. Oleh karenanya, Ade merasa Jokowi wajar berinvestasi politik kepada kandidat lain yang termanifestasi dari sikap trah politik keluarganya.
""Biar bagaimana pun harus dipahami kalau Pak Jokowi ini secara usia dan kekuatan politik masih sangat produktif. Tentu perlu saluran-saluran politik dan tidak hanya untuk mengartikulasikan sisi politik sendiri tapi juga perlu kesinambungan kepentingan politik trah atau ke keluarganya,"" ucap Ade.
Lebih jauh, Ade meyakini Gibran tak akan sembarangan menerima pinangan dari parpol lain. Pasalnya, hingga kini permohonan uji materi Pasal 169 huruf q Undang-Undang Nomor 7 Tahun 2017 tentang Pemilihan Umum (Pemilu) terkait syarat usia minimal calon presiden dan calon wakil presiden di Mahkamah Konstitusi (MK) masih belum diputus. Gibran belum 40 tahun.
Selain terganjal syarat itu, menurut Ade, Gibran juga tak mau menjalankan spekulasi-spekulasi yang berisiko menyebabkan ia kehilangan PDI-P sebagai kendaraan politik. PDI-P penting jika Gibran punya niat naik kelas jadi Gubernur Jawa Tengah di 2024.
""Karena itu (Jawa Tengah) basis tradisional PDI-P, masuk akal kalau yang dipilih adalah mendukung Ganjar. Kalau Gibran sudah terlanjur merespons (tawaran cawapres) itu dan memperlihatkan gesture politik dan dirinya memberikan lampu hijau yang kemungkinan berseberangan dengan keputusan partai, tentu ini akan menjadi bumerang bagi karier politik Gibran itu sendiri,"" ucap Ade.
Editor : Jemmy Hendrik"
https://www.inews.id/news/nasional/3-fakta-kualitas-sdm-di-indonesia-bacapres-ganjar-siap-tingkatkan-gaji-guru,"Selasa, 17 Oktober 2023 - 20:31:00 WIB","3 Fakta Kualitas SDM di Indonesia, Bacapres Ganjar Siap Tingkatkan Gaji Guru","Scan this QR or download app from:
JAKARTA, iNews.id -Tingkat kualitas Sumber Daya Manusia (SDM) di Indonesia adalah hal yang krusial dalam menentukan kemajuan negara.
Di tengah perubahan global yang semakin dinamis, pemahaman mendalam mengenai kondisi SDM Indonesia menjadi sangat penting. Sementara itu, Kualitas SDM di Indonesia seringkali disebut sebagai salah satu yang cukup rendah dibandingkan negara lainnya.

Berikut beberapa fakta mengenai kualitas SDM di Indonesia dilansir dari beragam sumber, Selasa (17/10/2023)
Mendikbuddikti Nadiem Anwar Makarim pernah menyatakan bahwa skor Program Penilaian Pelajar Internasional (PISA) Indonesia sangatlah rendah terutama dalam dekade terakhir.
Dalam penjelasannya, Nadiem Makarim menyajikan data PISA menunjukkan bahwa hasil belajar di tingkat pendidikan dasar dan menengah di Indonesia masih belum mencapai standar yang memadai."
https://www.inews.id/news/nasional/simulasi-3-capres-versi-survei-ipsos-ganjar-pranowo-unggul/all,"Rabu, 06 September 2023 - 15:55:00 WIB",Simulasi 3 Capres versi Survei Ipsos: Ganjar Pranowo Unggul,"Scan this QR or download app from:
JAKARTA, iNews.id- Lembaga riset Internasional Ipsos Public Affairs merilissurveiterbaru untuk mengetahui perkembanganPilpres 2024. Survei ini dilakukan pada 22-27 Agustus 2023 di 24 provinsi di seluruh Indonesia.
Adapun simulasi 3 pasangan calon presiden, duetGanjar Pranowodan Sandiaga Uno mengungguli duet Prabowo Subianto-Erick Thohir dan Anies Baswedan-Agus Harimurti Yudhoyono.


“Duet Ganjar Pranowo-Sandiaga Uno ungguli paslon Prabowo-Erick Thohir sebesar 36 persen,” kata Arif Nurul saat rilis surveinya secara daring, Rabu (6/9/2023).
Berikut elektabilitas dari duet masing-masing Capres dan Cawapres:

Ganjar Pranowo-Sandiaga Uno 36%Prabowo Subianto-Erick Thohir 34%Anies Baswedan-AHY 19%


Selain itu, Arif mengatakan jika Ganjar Pranowo diduetkan dengan Mahfud MD juga mengungguli duet Prabowo-Khofifah dan Anies-AHY.
Ganjar Pranowo-Mahfud MD 39%Prabowo-Khofifah 28%Anies-AHY 21%
Diketahui, metode survei dilakukan dengan proses wawancara tatap muka langsung terhadap 1.200 responden.
Adapun, margin of error yang diterapkan dalam survei ini sebesar ±2,83% pada tingkat kepercayaan 95%.
Editor: Faieq Hidayat"
https://www.inews.id/news/nasional/karakter-dan-gaya-kepemimpinan-ganjar-pranowo-dibongkar-psikolog-apakah-itu,"Rabu, 11 Oktober 2023 - 19:44:00 WIB","Karakter dan Gaya Kepemimpinan Ganjar Pranowo Dibongkar Psikolog, Apakah Itu?","Scan this QR or download app from:
JAKARTA, iNews.id -Ganjar PranowoCalon Presiden terkenal karena daya cipta, populisme, dan kemampuannya mengikuti kemajuan teknologi.
Mengingat ia menjabat selama dua periode, yakni pada 2013 hingga 2018 dan 2018 hingga 2023, kemampuan kepemimpinannya terbukti cukup berhasil.


40 penghargaan yang diraihnya dalam waktu kurang dari setahun merupakan bukti positif bahwa ia adalah pemimpin yang tidak perlu dipertanyakan lagi.
KenanganGanjarPranowo masih membekas di hati semua orang yang mengikutinya. Mereka memandang Ganjar sebagai sosok yang patut dibanggakan dan bisa menjadi inspirasi.

Menurut laporan, Provinsi Jawa Tengah telah melihat banyak perkembangan positif dan menunjukkan bahwa pemimpin yang kuat adalah pemimpin yang mengandalkan teori dan pengalaman praktis di lapangan."
https://www.inews.id/multimedia/infografis/infografis-5-janji-ganjar-mahfud,,Infografis 5 Janji Ganjar-Mahfud,"JAKARTA, iNews.id -Berbagai komitmen dan janji telah diutarakan oleh pasangan calon presiden (capres) Ganjar Pranowo dan calon wakil presiden (cawapres)Mahfud MD. Hal itu termaktub dalam dokumen visi dan misinya yang bertajuk “Menuju Indonesia Unggul Gerak Cepat Mewujudukan Negara Maritim yang Adil dan Lestari.”
Dokumen visi dan misi setebal 61 halaman itu mencerminkan komitmen mereka untuk membawa perubahan yang signifikan bagi negara jika keduanya terpilih pada Pilpres 2024 mendatang. Berikut ini beberapa kebijakan yang tertuang dalam visi-misi tersebut.
1. Tuntaskan Permasalahan HAM di Indonesia
2. Basmi Korupsi dan Perkuat KPK
3. Pertumbuhan Ekonomi Indonesia 7 Persen
4. Optimalisasi Sektor Kelautan Indonesia
5. Ciptakan 17 Juta Lapangan Pekerjaan Baru
Editor: Johan Jaelani"
https://www.inews.id/news/nasional/profil-dan-biodata-anang-hermansyah-suami-ashanty-pengagum-ganjar-pranowo/2,"Rabu, 08 November 2023 - 15:07:00 WIB","Profil dan Biodata Anang Hermansyah, Suami Ashanty Pengagum Ganjar Pranowo","Scan this QR or download app from:
Pria berusia 54 tahun ini pernah menikah dengan diva pop Indonesia, Kris Dayanti pada 1996, ada banyak lagu yang mereka nyanyikan secara duet. Namun pernikahannya kandas pada tahun 2009 dan isu perselikuhan pun santer diberitakan sebagai penyebabnya hingga lahir dua lagu Separuh Jiwaku Pergi dan Jangan Memilih Aku.
Dari pernikahan itu, Anang dikaruniai dua orang anak yang bernama Aurel Hermansyah dan Azriel Hermansyah. Aurel sendiri sudah menikah dengan YouTuber sekaligus pengusaha Atta Halilintar, Anang juga sudah memiliki cucu bernama Ameena Hanna Nur Atta.
Pada 2010, Anang sempat dekat dengan penyanyi Syahrini, mereka juga sempat berduet dalam lagu ciptaan Anang yang berjudul Cinta Terakhir.
Lalu pada 2011, Anang dikenalkan pada Ashanty oleh Syahrini. Mulailah duet Anang-Ashanty dalam lagu Jodohku. Hingga pada tanggal 25 Februari 2012 Anang resmi melamar Ashanty lalu keduanya menikah pada tanggal 12 Mei 2012.
Aurel dan Azriel pun tinggal bersama Anang dan ibu sambungnya Ashanty dan hidup harmonis. Dari pernikahan ini, Anang dan Ashanty dikaruniai anak bernama Arsy Hermansyah dan Arsya Hermansyah."
https://www.inews.id/travel/kuliner/intip-resep-pecel-pincuk-khas-madiun-makanan-ganjar-pranowo-mahfud-md-usai-test-kesehatan-di-rspad-gatot-subroto,"Selasa, 24 Oktober 2023 - 20:47:00 WIB","Intip Resep Pecel Pincuk Khas Madiun, Makanan Ganjar Pranowo-Mahfud MD Usai Test Kesehatan di RSPAD Gatot Subroto","Scan this QR or download app from:
JAKARTA, iNews.id -Pasangan Ganjar Pranowo dan Mahfud MD terlihat menyantap jamu danpecelpinuk khas madiun pasca menjalani tes kesehatan di RSPAD Gatot Subroto Minggu 22 Oktober 2023.
Tes kesehatan yang berjalan selama 9 jam ini merupakan prasyarat bagi para Calon Presiden yang mendaftar ke Komisi Pemilihan Umum (KPU).

Seusai menjalani tes kesehatan tersebut Ganjar dan Mahfud menuju ke Media Center TPN untuk menggelar acara makan malam bersama. Acara ini di hadiri oleh Arsjad Rasjid dan Wakil Ketua TPN Andika Perkasa.
""Saya sampaikan terima kasih sejak pagi kita dilayani dan dibawa ke sana ke mari, dari pagi sampai sore saya bersama Pak Mahfud, dan alhamdulilah sudah selesai, tentu saja mudah-mudahan nanti insyaallah hasilnya baik,"" kata Ganjar Pranowo usai pemeriksaan kesehatan di RSPAD.

Hasil dari tes kesehatan ini nantinya akan segera dikirimkan pihak RSPAD Gatot Subroto ke KPU untuk ditinjau lebih jauh."
https://jabar.inews.id/berita/ganjar-pranowo-silaturahmi-ke-ponpes-nurul-ibad-dan-ziarah-ke-makam-ulama-betawi/2,"Kamis, 12 Oktober 2023 - 19:24:00 WIB",Ganjar Pranowo Silaturahmi ke Ponpes Nurul Ibad dan Ziarah ke Makam Ulama Betawi,"Scan this QR or download app from:

Ganjar mengatakan, terkesan dengan nilai-nilai yang diajarkan almarhum Abuya KH Muhammad Syakrim kepada santri dan masyarakat. Nilai-nilai itu antara lain, selalu berpikir, jangan khawatir, perbanyak zikir, rezeki ngalir, dan jangan kikir.

“Satu filosofi luar biasa dan tadi saya waktu ziarah dibisiki bahwa itu ajaran dari Abuya dan hari ini terus berkembang,” kata Ganjar.
Ganjar juga mengagumi ketokohan Abuya KH Muhammad Syakrim yang menjadi tokoh pemersatu bangsa. Almarhum selalu mengajarkan kepada para santri menjaga hubungan baik dengan individu atau kelompok manusia lain.

“Abuya ini luar biasa ini memoderasi seluruh agama yang ada sehingga menjadi tokoh pemersatu dan mengajarkan kepada para santri hablum minannas dilakukan dengan kebaikan-kebaikan nilai Islam. Beliau betul-betul tokoh. Agama apa pun ke sini jadi adem dan beliau punya nilai yang bagus sekali,” tutur Ganjar.
Mantan Gubernur Jawa Tengah dua periode itu memuji kepedulian Ponpes Nurul Ibad yang sejak didirikan oleh Abuya KH Muhammad Syakrim, memberikan pendidikan gratis kepada anak jalanan.


Editor: Agus Warsudi"
https://www.inews.id/travel/kuliner/3-fakta-menarik-gultik-blok-m-salah-satu-kuliner-kesukaan-capres-ganjar-pranowo,"Sabtu, 11 November 2023 - 16:30:00 WIB","3 Fakta Menarik Gultik Blok M, Salah Satu Kuliner Kesukaan Capres Ganjar Pranowo","Scan this QR or download app from:
JAKARTA, iNews.id- Calon PresidenGanjar Pranowomemperkaya kampanyenya tidak hanya dengan pidato dan pertemuan politik, tetapi juga melalui pengalaman kuliner.
Pada Kamis (9/11/2023), Ganjar terlihat menikmati hidangan gulai tikungan (gultik) bersama istri tercintanya, Siti Atikoh Supriyanti di Jalan Mahakam, Blok M, Jakarta Selatan.

Ganjar memesan hidangan gultik sapi dan sate dari Warung Gultik Mas Tri, menciptakan suasana ramai di warung tersebut.  Selama makan, mereka tidak hanya menikmati hidangan, tetapi juga bergabung dalam nyanyian bersama dengan lagu ""Sesaat Kau Hadir"" yang dipersembahkan oleh musisi jalanan.
Dalam momen penuh keceriaan tersebut, para pelanggan gultik yang menyadari kehadiran Ganjar dengan antusias berfoto bersamanya.

Ganjar mengungkapkan bahwa kunjungannya ke warung gultik direkomendasikan oleh putranya, Muhammad Zinedine Alam Ganjar."
https://www.inews.id/news/nasional/kenal-dekat-mahfud-md-alasan-jenderal-tni-purn-am-hendropriyono-dukung-ganjar-mahfud,"Senin, 06 November 2023 - 17:15:00 WIB","Kenal Dekat Mahfud MD, Alasan Jenderal TNI Purn AM Hendropriyono Dukung Ganjar-Mahfud","Scan this QR or download app from:
JAKARTA, iNews.id -Jenderal TNI Purn AMHendropriyonomemberikan dukungan khusus untuk pasangan calon presiden dan wakil presidenGanjar PranowodanMahfud MDdalam Pilpres 2024. Hendropriyono menyebut bahwa Ganjar adalah seorang individu yang memiliki kecerdasan dan kebijaksanaan, sementara Mahfud MD merupakan sosok yang kompeten dalam berbagai aspek kehidupan.
Keputusan Hendropriyono ini diambil dengan tujuan untuk memastikan bahwa Indonesia dapat terus bertahan dengan teguh berlandaskan prinsip Pancasila sebagai fondasi yang kuat. Tindakannya menunjukkan komitmennya terhadap pemimpin yang mampu menjaga stabilitas dan prinsip-prinsip inti negara, serta mencerminkan dukungannya terhadap visi dan misi pasangan tersebut untuk masa depan Indonesia.


Dukungan dari tokoh seperti Hendropriyono memiliki dampak penting dalam menghadapi Pilpres 2024 karena memberikan legitimasi dan dorongan yang kuat bagi pasangan calon tersebut.
""Semua sahabat saya yang sedang bersaing jadi capres sekarang ini adalah sama-sama orang Pancasilais, sehingga tidak akan ada rasa khawatir saya terhadap hancurnya dasar filsafat negara,"" kata Hendropriyono di Jakarta, belum lama ini.

Hendropriyono menyatakan harapannya kepada Menko Polhukam, Mahfud MD, yang kini menjabat sebagai calon wakil presiden (cawapres) yang mendampingi Ganjar Pranowo, untuk memelihara kesatuan Indonesia. Dukungan Hendropriyono kini diberikan kepada pasangan Ganjar-Mahfud karena ia berharap agar Indonesia bisa menjadi negara yang memiliki peran besar di dunia.
""Harapan kita bangsa Indonesia sangat besar kepada Mahfud Md yang pandai, bijak, jujur dan pemberani,"" ucapnya. Hendropriyono juga memberikan pesan kepada para tokoh utama dalam Pemilihan Presiden 2024 agar terus menjaga stabilitas dan keamanan negara.
Profesor Dr. Abdullah Mahmud Hendropriyono, seorang mantan Jenderal TNI, adalah seorang tokoh berpengaruh di Indonesia dengan sejumlah prestasi di berbagai bidang. Lahir pada tanggal 7 Mei 1945, karier Hendropriyono mencakup sektor-sektor seperti intelijen, politik, akademik, dan bisnis.
Hendropriyono pernah mengepalai Badan Intelijen Negara (BIN) dan menjadi guru besar pertama di dunia di bidang Filsafat Intelijen. Selama kariernya, ia mengisi berbagai posisi dalam militer, termasuk dalam Kopassus TNI AD dan berpartisipasi dalam operasi militer penting, seperti Operasi Sapu Bersih III dan Operasi Seroja di Timor Timur.
Selain pengalaman militer, Hendropriyono juga terlibat dalam birokrasi pemerintah dan pernah menjadi Menteri Transmigrasi dan Pemukiman Perambah Hutan (PPH). Pendidikan tingginya di institusi-institusi ternama, seperti Akademi Militer Nasional dan University of the City of Manila, memberikannya pemahaman mendalam tentang administrasi, hukum dan politik."
https://www.inews.id/news/nasional/5-fakta-menarik-putra-nababan-mantan-jurnalis-senior-yang-gabung-tpn-ganjar-mahfud/all,"Senin, 06 November 2023 - 15:44:00 WIB","5 Fakta Menarik Putra Nababan, Mantan Jurnalis Senior yang Gabung TPN Ganjar-Mahfud","Scan this QR or download app from:
JAKARTA, iNews.id -Putra Nababan, mantanjurnalistelevisi senior resmi bergabung dengan Tim Pemenangan Nasional (TPN) Ganjar Pranowo-Mahfud MD. Dirinya akan menjabat sebagai Direktur Eksekutif dalam Direktorat Media Sosial TPN Ganjar-Mahfud.
Seperti yang kita ketahui, Putra Nababan sosok yang dikenal luas di kancah jurnalistik nasional, terutama ketika namanya terpatri kuat di benak masyarakat Indonesia melalui acara berita Seputar Indonesia di RCTI pada era kejayaannya. Kehadirannya di dalam Tim Pemenangan Nasional Ganjar-Mahfud menambah kekuatan dalam membangun citra publik terhadap sosok calon presiden dan wakil presiden, Ganjar Pranowo dan Mahfud MD.


Pengalamannya yang matang di dunia jurnalistik diharapkan membuat Putra Nababan dapat meningkatkan popularitas keduanya. Dalam struktur TPN Ganjar-Mahfud, Putra akan bekerja sama dengan jurnalis senior lainnya, antara lain Prabu Revolusi, Aiman Witjaksono, Tommy Tjokro, Zelda Savitri, Imam Proyono, Reinhard Sirait, dan Pangeran Siahaan.
Namun, masih menjadi pertanyaan bagaimana sosok sebenarnya dari Putra Nababan. Apakah rekam jejaknya mampu memberikan kontribusi signifikan dalam upaya meraih kemenangan Ganjar-Mahfud sebagai Presiden-Wakil Presiden RI 2024? Berikut beberapa fakta menarik mengenai Putra Nababan yang berhasil kami rangkum dari berbagai sumber:

Fakta Menarik Putra Nababan, Mantan Jurnalis yang Gabung TPN Ganjar-Mahfud
Putra Nababan memulai karier jurnalistiknya pada tahun 1994 sebagaiwartawandi majalah Forum Keadilan sebelum kemudian menjabat sebagai managing editor di surat kabar Rakyat Merdeka dari 1995 hingga 2001. Pada tahun 2001, dia bergabung dengan MetroTV, di mana dia tidak hanya menjadi presenter tetapi juga chief reporter.
Setelah pengalaman yang sukses di MetroTV, Putra kemudian pindah ke RCTI untuk menjabat sebagai wakil pemimpin redaksi dan membawakan acara berita Seputar Indonesia dari 2005 hingga 2012. Setelahnya dia kembali lagi ke MetroTV dan menjabat sebagai pemimpin redaksi hingga 2017 sebelum akhirnya mendirikan idtalent.
Prestasi luar biasa Putra Nababan dalam dunia jurnalistik tercermin dari penghargaan Panasonic Awards yang berhasil diraihnya. Selama lima tahun berturut-turut dari 2009 hingga 2012, dia berhasil meraih penghargaan bergengsi tersebut dalam kategori Presenter Berita dan Informasi.
Konsistensinya dalam meraih penghargaan ini menandakan kompetensi dan keahliannya sebagai seorang jurnalis yang berdedikasi. Meski pernah dinominasikan beberapa kali dalam Panasonic Gobel Awards, keberhasilan Putra dalam memenangkan penghargaan tersebut menjadi bukti nyata dari dedikasi dan ketekunannya dalam industri jurnalistik.
Putra Nababan bukan lah satu-satunya individu yang terlibat dalam dunia politik dan jurnalistik dalam keluarganya. Ayahnya, Panda Nababan merupakan seorang wartawan dan politikus berpengalaman yang telah lama berkecimpung dalam dunia politik Indonesia.
Panda Nababan memulai karier politiknya pada tahun 1993 dengan bergabung ke dalam Partai Demokrasi Indonesia (PDI). Setelah peristiwa kerusuhan politik yang mengguncang PDI pada tahun 1998, Panda beralih ke Partai Demokrasi Indonesia Perjuangan (PDI Perjuangan) dan kemudian menjadi anggota Dewan Perwakilan Rakyat Republik Indonesia dari Fraksi PDI Perjuangan.
Selain aktif dalam dunia politik, Panda Nababan juga dikenal sebagai sosok yang mendalami isu politik melalui berbagai saluran, termasuk podcast yang mengulas berbagai peristiwa politik terkini. Dengan latar belakang keluarga yang sarat dengan pengalaman politik dan jurnalistik, tidak mengherankan jika Putra Nababan juga meniti karier yang sejalan dan mengikuti jejak ayahnya dalam bidang yang sama.
Dalam penuturannya di kanal Youtube Nara-Z, Putra Nababan merangkum perjalanan karirnya yang panjang dari dunia jurnalistik hingga memutuskan untuk terjun ke dalam dunia politik. Meski beberapa kali ditawari untuk maju sebagai caleg dalam pemilu sebelumnya, dia menunda keputusan tersebut karena komitmennya pada profesi wartawan yang telah dia tekuni sejak usia muda.
Namun, dengan matangnya pengalaman dan pemahamannya terhadap politik, Putra akhirnya memutuskan untuk maju sebagai caleg DPR RI melalui PDI Perjuangan Dapil DKI Jakarta I karena inspirasi dan pengaruh besar yang diberikan oleh idola politiknya sejak masa kecil.
Penekanannya pada pentingnya menjaga integritas dan kebersihan dalam politik sebagai refleksi dari prinsip-prinsip yang dia pelajari dan terapkan selama bertahun-tahun dalam dunia jurnalistik menunjukkan komitmen yang kuat terhadap etika dan moralitas dalam berpolitik.
Putra Nababan terpilih sebagai anggota DPR RI dari Partai Demokrasi Indonesia Perjuangan (PDIP). Dia aktif dalam Komisi X yang menangani bidang pendidikan, kepemudaan, dan pariwisata.
Sebagai anggota DPR, dia telah berpartisipasi dalam sejumlah rapat kerja dan membahas berbagai isu penting, termasuk RUU, kebijakan pendidikan, dan konservasi sumber daya alam. Dengan komitmen dan dedikasi yang tinggi, Putra terus berjuang untuk memperjuangkan kepentingan masyarakat dan memajukan sektor pendidikan serta pariwisata di Indonesia.
Demikian fakta-fakta seputar Putra Nababan. Dengan rekam jejak jurnalistik yang cemerlang, pengalaman politik yang kaya, dan komitmen terhadap etika dan moralitas, partisipasi Putra Nababan dalam Tim Pemenangan Nasional Ganjar-Mahfud diharapkan dapat memberikan kontribusi signifikan dalam memenangkan Ganjar-Mahfud sebagai presiden-wakil presiden 2024.
Editor: Rizal Bomantama"
https://bandungraya.inews.id/read/360932/sebut-gibran-cawapres-prematur-senior-alumni-unpad-balad-ganjar-belum-berpengalaman/2,"Senin, 23 Oktober 2023 | 11:40 WIB","Sebut Gibran Cawapres Prematur, Senior Alumni Unpad Balad Ganjar: Belum Berpengalaman","Scan this QR or download app from:
""Pak Jokowi juga pernah mengakui bahwa Gibran masih belum cukup umur dan belum cukup pengalaman,"" ungkapnya.
Di lain sisi, Kang Iip juga menilai, sosok Prabowo Subianto sudah terlalu tua untuk memimpin Indonesia. Sehingga menurutnya, Ketum Gerindra tersebut tidak akan mampu bekerja seperti Presiden Jokowi yang keliling seluruh Indonesia.
""Prabowo sendiri sudah terlalu tua dan kurang sehat sehingga tak akan mampu untuk bekerja dengan cara kerja Jokowi yang mampu keliling Indonesia bahkan dunia tanpa istirahat sama sekali,"" tuturnya.
Untuk itu, perlu sosok capres-cawapres yang usianya produktif serta juga pengalaman. Sosok itu ada diGanjar PranowodanMahfud MD.
""Perlu orang muda atau usia produktif dan berpengalaman menjadi Presiden bagi sebuah negara sangat besar seperti Indonesia. Usia idealnya 50-65 tahun,"" katanya.
Editor : Rizal Fadillah"
https://www.inews.id/news/nasional/survei-ipsos-pemilih-jokowi-solid-pilih-ganjar-pranowo-sebagai-capres-2024,"Senin, 16 Oktober 2023 - 15:23:00 WIB",Survei Ipsos: Pemilih Jokowi Solid Pilih Ganjar Pranowo sebagai Capres 2024,"Scan this QR or download app from:
JAKARTA, iNews.id- Pemilih Presiden Joko Widodo (Jokowi) di Pilpres 2019 lalu, menunjukkan soliditas untuk mendukungGanjar Pranowosebagai calon presiden (Capres) 2024. Hal ini terpotret dalam hasilsurveiyang dilakukan lembaga survei internasional Ipsos Public Affairs pada bulan Oktober 2023 ini.
Peneliti senior Ipsos Public Affairs, Arif Nurul Imam menyampaikan bahwa pihaknya perlu memotret ke mana arah dukungan pemilih Jokowi-Ma'ruf di Pilpres 2019 kemarin. Mengingat, saat ini ada dua Bacapres yang mengindentikkan dirinya denganPresiden Jokowi, yakni Ganjar Pranowo dan Prabowo Subianto.


""Kenapa? (Karena);mereka berebut dukungan suara di Pilpres 2019. Tetapi kita lihat misalnya hari ini data terlihat bahwa pendukung Jokowi-Maruf Amin di Pilpres 2019 paling banyak masih di kubu Ganjar Pranowo,"" kata Arif dalam paparan hasil surveinya yang dilakukan di hotel JW Marriott, Jakarta, Senin (16/10/2023).
Dari data yang dipaparkan itu terlihat bahwa pemilih Jokowi yang menjatuhkan pilihannya terhadap Ganjar sebesar 46,29 persen. Sementara, yang akan memilih Prabowo Subianto sebesar 19,67 persen.

"
https://www.inews.id/news/nasional/pakar-komunikasi-politik-effendi-gazali-yakin-ucapan-ganjar-pranowo-tak-rendahkan-profesi-jurnalis,"Kamis, 21 September 2023 - 20:21:00 WIB",Pakar Komunikasi Politik Effendi Gazali Yakin Ucapan Ganjar Pranowo Tak Rendahkan Profesi Jurnalis,"Scan this QR or download app from:
BEKASI, iNews.id-Pakar Komunikasi Politik,Effendi Gazali, meyakini Bakal Calon Presiden (Bacapres) Partai Perindo,Ganjar Pranowo, tidak akan memandang rendah setiap profesi yang ada. Hal itu menyusul potongan video pernyataan Ganjar yang dianggap merendahkan profesijurnalisdanMC.
Effendi mengatakan, kiprah Ganjar Pranowo di jabatan publik baik menjadi anggota DPR dan Gubernur Jawa Tengah membuatnya tidak mungkin merendahkan profesi mana pun.


“Dalam konteks ini, Pak Ganjar menurut saya memandang itu sebagai seorang Ganjar yang jadi gubernur begitu lama, jadi DPR begitu lama, atau semua calon presiden lain saya yakin tidak akan berada pada posisi katakanlah memandang satu profesi itu lebih rendah dari pada profesi yang lainnya,” kata Effendi Gazali dalam tayangan SindonewsTV, Kamis (21/9/2023).
Dia menyampaikan, video terkait pernyataan Ganjar yang tersebar itu dipotong terlalu pendek. Akibatnya, konteks yang disampaikan Ganjar tidak mampu tersampaikan dengan baik.

“Yang saya khawatirkan justru ketika itu digoreng, itu seakan-akan membeda-bedakan profesi yang ada,” ujarnya.
Menurut Effendi, Ganjar hanya mencoba menyampaikan harapannya agar sepuluh lulusan terbaik dapat kembali ke kampus untuk menjadi dosen. Dia yang menonton secara utuh pernyataan mantan Gubernur Jawa Tengah itu pun mengaku memahami apa yang ingin disampaikan Ganjar."
https://palu.inews.id/read/341904/berantas-pungli-ganjar-dinobatkan-sebagai-bapak-truk-nusantara,"Selasa, 05 September 2023 | 12:43 WIB","Berantas Pungli, Ganjar Dinobatkan sebagai Bapak Truk Nusantara","Scan this QR or download app from:
JATENG, iNewsPalu.id - Ratusan sopir truk menyambangi GubernurJawa Tengah(Jateng)Ganjar Pranowodi kantornya di Jalan Pahlawan, Semarang, Jateng, Senin (4/9/2023). Sejak pagi, truk-truk dalam berbagai ukuran dan model terparkir di depan kantor gubernur.
Menjelang petang, Ganjar keluar kantor untuk bertemu dengan para sopir. Ganjar berkeliling dan berbincang dengan sejumlah sopir truk. Sesekali, ia berhenti di salah satu truk untuk mengagumi karya seni yang terpampang di bokong dan badan truk.
Kepada wartawan, Ganjar bertutur kedekatannya dengan para sopir truk bermula saat aksi marah-marahnya di jembatan timbang di Subah, Batang, Jateng pada 2014. Saat itu, Ganjar ""mengamuk"" karena memergoki pungutan liar kepada sopir.
Tak lama setelah itu, Ganjar lantas bertemu dengan para sopir truk yang pernah jadi korban pungli. ""Ternyata komunitasnya banyak sekali. Kemudian terinspirasi, kawan-kawan (sopir truk) tiba-tiba beberapa kali menggambar bokong truk. Kemudian digambar macam-macam. Saya tanya, 'Kenapa melakukan itu?' Itu kepuasan batinnya,"" tutur Ganjar.
Sejak itu, komunikasi dengan para sopir truk tetap terjaga.
Ganjar bercerita para sopir juga masih rutin memberikan laporan mengenai titik-titik lokasi yang masih menjalankan ""tradisi"" pungli hingga kini.
""Kalau (sopir) truk tidak nyaman itu high cost. Dulu banyak cerita sopir truk kalau mau jalan dia menyediakan (uang) di tempat korek (kayu). Dia menyiapkan berapa rupiah dan itu dimasukkan ke dalam pembiayaannya. Akhirnya, high cost. Itu, menurut saya, tidak bagus,"" imbuh pria yang kini diangkat sebagaiBapak Truk Nusantaraoleh para sopir itu.
Koordinator Aksi Kopdar Truk Nusantara Khoerul Zaefudin, mengatakan para sopir ingin mengangkat Ganjar sebagai Bapak Truk Nusantara, sejak tahun lalu. Alasannya, politikus PDI-P itu dianggap bisa melindungi dan mengayomi para sopir.
""Jadi, dari awal kepemimpinan Bapak Ganjar, itu sudah langsung memberikan gebrakan, tindakan nyata membasmi pungli dan itu luar biasa. Ternyata dampaknya semakin minim dan Pak Ganjar juga membuka laporan aduan, yang apabila ada pungli, lapor Pak Ganjar, bisa ditindak,"" ucap Khoerul kepada wartwan.
Sebelum Ganjar turun tangan, menurut Khoerul, para sopir dalam sekali jalan bisa dimintai uang oleh oknum antara Rp50-Rp150 ribu. Namun, setelah ada tindakan tegas dari Ganjar, situasi menjadi lebih aman.
Dia pun berharap, apa yang sudah dilakukan Ganjar dapat diteruskan oleh penggantinya. Hal ini disampaikan mengingat tugas Ganjar sebagai orang nomor satu di Jateng berakhir pada 5 September 2023.
Setelah masa baktinya selesai, para sopir berharap Ganjar bisa menjadi presiden. Saat ini, Ganjar sudah diusung PDI-P sebagai bakalcalon presidendi Pilpres 2024.
""Untuk Pak Ganjar sendiri semoga menang di Pilpres 2024. Kalau Pak Ganjar jadi presiden, sopir menjadi nyaman. Ketika jadi Gubernur Jateng bisa menertibkan (pungli di) Jateng. Ketika menjadi presiden, bisa menertibkan (pungli di) seluruh Indonesia,"" ucap dia.
Setidaknya ada 125-130 sopir truk yang menyambangi Ganjar di kantornya. Para sopir kebanyakan dari Batang, Jateng. Namun, ada pula yang datang dari Solo dan Purworejo. Sopir asal Jawa Timur (Jatim) pun hadir, seperti Pemengkasan dan Pacitan. Sopir Jawa Barat (Jabar) berasal dari Kuningan.
Editor : Jemmy Hendrik"
https://www.inews.id/news/nasional/ganjar-ziarah-ke-makam-syekh-abdul-muhyi-ulama-besar-tasikmalaya,"Selasa, 10 Oktober 2023 - 06:35:00 WIB",Ganjar Ziarah ke Makam Syekh Abdul Muhyi Ulama Besar Tasikmalaya,"Scan this QR or download app from:
TASIKMALAYA, iNews.id- BacapresGanjarPranowo berziarah ke makam Syekh Abdul Muhyi di Desa Pamijahan, Bantarkalong, Tasikmalaya, Senin (9/10/2023). Kedatangan Ganjar disambut oleh KH Endang Adjidin, juru kunci makam sekaligus keturunan ke sembilan dari Syekh Abdul Muhyi.
Mantan Gubernur Jawa Tengah dua periode itu langsung dijamu di ruang tamu kediaman KH Endang bersama sejumlah ulama Tasikmalaya. Suasana terlihat begitu hangat dan akrab.


Setelah itu, Ganjar ditemani tuan rumah menuju ke makam. Di sepanjang lorong, Ganjar bertemu dengan para pedagang oleh-oleh dan peziarah lainnya. Tak sedikit yang meminta foto dan bersalaman.
Sesampainya di makam, Ganjar mengambil wudhu kemudian bersila di depan pintu makam Syekh Abdul Muhyi. Acara doa dipimpin langsung KH Endang. Pada kesempatan itu, Ganjar diperkenankan masuk ke ruang makam yang selama ini tidak boleh dimasuki sembarang orang, kecuali dari nasab keturunan.

Syekh Abdul Muhyi Pamijahan diyakini sebagai waliyullah dan dihormati masyarakat pesantren. la merupakan mata rantai dan pembawa tarekat Syathariyah pertama ke pulau Jawa.
Abdul Muhyi dilahirkan pada tahun 1650 di Mataram. Mataram di sini ada yang menyebut di Lombok, tetapi ada juga yang menyebut Kerajaan Mataram Islam. Ayahnya bernama Sembah Lebe Wartakusumah, bangsawan Sunda keturunan Raja Galuh Pajajaran yang saat itu bagian dari Kerajaan Mataram Jawa. lbunya bernama Raden Ajeng Tangan Ziah, keturunan bangsawan Mataram yang berjalur sampai ke Syaikh Ainui Yaqin (Sunan Giri l).

Ulama kharismatik ini juga punya peran penting dalam penyebaran Islam di wilayah selatan, terutama Jawa Barat.
"
,,,
https://www.inews.id/news/nasional/prabu-revolusi-soal-ucapan-ganjar-saya-sebagai-jurnalis-tidak-merasa-direndahkan,"Kamis, 21 September 2023 - 19:46:00 WIB",Prabu Revolusi soal Ucapan Ganjar: Saya sebagai Jurnalis Tidak Merasa Direndahkan,"Scan this QR or download app from:
JAKARTA, iNews.id- Jurnalis seniorPrabu Revolusimenanggapi perbincangan publik soal pernyataanGanjar Pranowoyang dianggap merendahkan profesi MC dan Jurnalis. Potongan video Ganjar saat berbincang denganNajwa Shihabitu viral di media sosial.
Prabu mengatakan, saat itu dirinya bersama jurnalis lain hadir langsung menonton acara tersebut. Dia mengatakan, para jurnalis tidak merasa direndahkan dengan ucapan Ganjar.


""Yang menarik adalah begini, pada saat lagi nonton bareng itu, dan ketika dialog itu terjadi, kami para jurnalis itu tidak merasakan apa-apa. Artinya kalau memang menyinggung, satu di antara kami pasti akan saling merespons, 'Loh kok Mas Ganjar ngomongnya begini', karena kita tidak melihat konteks merendahkan jurnalis,"" ucap Prabu dalam acara Sindo Sore, Kamis (21/9/2023).
Prabu mengaku baru mengetahui omongan Ganjar tentang profesi itu saat viral di media sosial. Menurutnya, video yang beredar hanya sebatas potongan tanpa memuat isi secara keseluruhan.

Maksud ucapan tersebut, kata Prabu, Ganjar hanya ingin menyampaikan pesan 10 lulusan terbaik universitas jarang berminat menjadi tenaga pengajar.
""Jadi saya saat itu memaknainya hanya seperti itu, bahwa ini ya sebetulnya sebuah gagasan yang ingin beliau nyatakan di depan publik. Intinya sekarang ada suatu kondisi di mana guru itu bukan satu profesi yang favorit, nah statement ke situ,"" kata Prabu."
https://www.inews.id/news/nasional/5-kutipan-inspiratif-mahfud-md-cawapres-ganjar-pranowo-tentang-kehidupan-hukum-hingga-kesuksesan,"Senin, 23 Oktober 2023 - 15:45:00 WIB","5 Kutipan Inspiratif Mahfud MD Cawapres Ganjar Pranowo tentang Kehidupan, Hukum hingga Kesuksesan","Scan this QR or download app from:
JAKARTA, iNews.id -Sebagai sosok yang memiliki rekam jejak yang kaya dan beragam di dunia politik danhukum,Mahfud MDCawapresGanjar Pranowotidak hanya dikenal sebagai seorang intelektual dan akademisi ulung. Mahfud juga seorang penulis yang produktif.
Karya-karyanya yang mendalam tentang hukum, konstitusi, dan demokrasi telah memberikan kontribusi signifikan bagi pemahaman masyarakat terhadap isu-isu yang kompleks.


Selain itu, pengalamannya yang luas di berbagai sektor, mulai dari eksekutif, legislatif, hingga yudikatif, menandai dedikasinya yang kuat terhadap perbaikan sistem dan tata kelola negara. Sebagai calon Wakil Presiden yang berpasangan dengan Ganjar Pranowo dalam Pilpres 2024, Mahfud MD membawa rekam jejak yang kokoh dan visi yang kuat dalam membangun masa depan yang lebih baik bagi Indonesia.
Dalam wacana politik dan perjalanan karier yang cemerlang, Mahfud MD, sebagai pendamping Ganjar Pranowo dalam Pilpres 2024, telah menyuarakan berbagai pandangan yang inspiratif seputarkehidupan, hukum, dankesuksesan.

Kutipan-kutipan bermakna ini mencerminkan kedalaman pemikiran serta visi yang dimiliki oleh sosok yang telah lama malang-melintang di panggung politik dan hukum Indonesia. Berikut adalah rangkuman dari beberapakutipan inspiratifMahfud MD yang menginspirasi dan memberi motivasi bagi banyak orang dalam berbagai aspek kehidupan.
Dalam kutipan inspiratif yang pertama ini, Mahfud MD Cawapres Ganjar Pranowo memperlihatkan pentingnya sikap empati, penghargaan, dan rasa hormat terhadap sesama. Dalam pesannya, Mahfud MD menegaskan bahwa sebagai manusia, kita seharusnya mampu menghargai dan menghormati orang lain tanpa memandang perbedaan yang ada.
Pesan ini mengajarkan pentingnya toleransi dan kerja sama antar-individu yang berbeda-beda untuk memperkuat kedamaian dan harmoni dalam masyarakat.
Mahfud MD Cawapres Ganjar Pranowo menegaskan pentingnya keberanian dalam mengambil keputusan. Pesan ini mengajarkan bahwa terkadang ketakutan akan ketidakpastian dapat menjadi hambatan yang lebih besar daripada risiko membuat keputusan yang salah.
Hal ini menunjukkan perlunya mempertimbangkan dengan cermat berbagai kemungkinan dan risiko dalam pengambilan keputusan, sambil tetap memiliki keyakinan dan keberanian untuk bertindak.
Dalam kutipan inspiratif yang diungkapkan oleh Mahfud MD Cawapres Ganjar Pranowo, beliau menekankan pentingnya peran hukum dalam menjaga kepentingan dan kesejahteraan rakyat. Menurutnya, hukum seharusnya merupakan instrumen yang membela keadilan, kemanusiaan, dan nilai-nilai moral yang diakui oleh konstitusi.
Pernyataan ini menggarisbawahi pentingnya menjaga kepatuhan terhadap nilai-nilai dasar keadilan dan kemanusiaan dalam sistem hukum, yang pada akhirnya diharapkan dapat mendorong terciptanya masyarakat yang adil, manusiawi, dan beradab."
https://www.inews.id/sport/all-sport/3-hobi-olahraga-favorit-sandiaga-uno-kandidat-cawapres-ganjar-pranowo-di-pilpres-2024,"Sabtu, 14 Oktober 2023 - 19:59:00 WIB","3 Hobi Olahraga Favorit Sandiaga Uno, Kandidat Cawapres Ganjar Pranowo di Pilpres 2024","Scan this QR or download app from:
JAKARTA, iNews.id- Inilah 3 hobi olahraga favoritSandiaga Unoyang patut diketahui. Sandiaga Uno, Menteri Pariwisata dan Ekonomi Kreatif serta calon cawapresGanjar Pranowodi Pilpres 2024, memiliki hobi olahraga yang sehat dan memikat.
Hobi-hobi olahraga ini telah menjadi bagian penting dari kehidupannya sejak masa sekolah. Mari simak tiga hobi olahraga favorit Sandiaga Uno.


Sandiaga Uno telah menjadikan basket sebagai hobi utama sejak masa kanak-kanak. Ia mulai bermain basket di SD PSKD di Jalan Bulungan, hanya 100 meter dari lapangan basket tempatnya bermain saat ini.
Meskipun mengalami cedera saat bersekolah di SMP, Sandiaga tetap aktif bermain basket dan berkompetisi hingga saat ini. Menurutnya, basket mengajarkan pentingnya kerja sama tim, kecepatan, dan daya tahan yang berharga, yang dapat diterapkan dalam masyarakat.

Sandiaga Uno juga mencintai olahraga lari. Ia menjadikan lari sebagai kegiatan rutinnya, biasanya setelah salat subuh, dengan menempuh jarak 5-10 km. Ia juga sering mengikuti event lari jarak jauh, bahkan full marathon dengan jarak 42 km."
,,,
https://jateng.inews.id/berita/mengenal-jenderal-soedirman-panglima-besar-asal-purbalingga-tempat-kelahiran-istri-ganjar-pranowo-siti-atikoh,"Senin, 23 Oktober 2023 - 20:13:00 WIB","Mengenal Jenderal Soedirman, Panglima Besar Asal Purbalingga Tempat Kelahiran Istri Ganjar Pranowo, Siti Atikoh","Scan this QR or download app from:
JAKARTA, iNews.id- Siapa tak kenal denganJenderal Soedirman, Panglima Besar asal Purbalingga yang merupakan salah satu Pahlawan Indonesia ini?
Jenderal Soedirman merupakan salah satu tokoh yang memperoleh pangkat bintang lima pertama, selain Soeharto dan A H Nasution. Soedirman lahir di Purbalingga, yaitu kota di mana istri calon presidenGanjar Pranowoberasal, yaituSiti Atikoh Supriyanti.

Jenderal Soedirman Lahir di Bodas, Karangjati, Rembang, Purbalingga pada 24 Januari 1916. Ayahnya yang bernama Karsid Kartawiuraji dan Ibunya bernama Siyem.
Dia lebih banyak tinggal bersama pamannya yang bernama Raden Cokrosunaryo, tepat setelah ia diadopsi. Karena permasalahan ekonomi, Soedirman muda diasuh oleh pamannya. Setelah diangkat, Sudirman diberi gelar bangsawan Jawa dan namanya menjadi Raden Soedirman.

Sejak saat itu, Soedirman tumbuh dengan pendidikan etika dan tata krama seorang priyayi serta kesederhanaan sebagai rakyat biasa. Berkat pendidikan sejak dini tersebut, Soedirman menjadi anak yang rajin dan aktif.
Soedirman pindah ke Cilacap pada tahun 1923. Di usianya yang ke 7 tahun, ia bersekolah di Hollandsche Inlandsche School (HIS) yang setingkat dengan Sekolah dasar. Setelah selesai, Soedirman melanjutkan studinya di Meer Uitgebreid Lagere Onderwijs (MULO) yang setingkat SMP. Soedirman kemudian bergabung dengan Perguruan Parama Wiwowo Tomo hingga lulus pada tahun 1935.
Ia kemudian melanjutkan studi di sekolah guru atau Kweekschool yang diselenggarakan oleh organisasiMuhammadiyahdi Surakarta. Namun pendidikan Soedirman terhenti pada tahun 1936. Ia kemudian kembali ke Cilacap dan menjadi guru di SD Muhammadiyah.
Selain mengajar, Soedirman juga aktif di kegiatan Muhammadiyah, yakni menjadi anggota Kelompok Pemuda Muhammadiyah. Selain itu, Soedirman juga aktif dalam kegiatan penggalangan dana untuk kepentingan pendidikan dan pembangunan.
Meski menderita penyakit paru-paru akut, ia tetap bergerilya melawan Belanda. Ia mengenyam pendidikan sebagai guru di HIS Muhammadiyah di Cilacap dan aktif dalam kegiatan kepramukaan Hizbul Wathan.
Ketika Jepang menguasai Indonesia pada tahun 1942, sekolah tempat Sudirman mengajar ditutup dan diubah menjadi pos militer. Saat itu, Sudirman yang dianggap sebagai tokoh masyarakat ditugaskan memimpin tim ke Cilacap untuk menghadapi serangan Jepang. Selain itu, Soedirman juga melakukan negosiasi dengan Jepang untuk membuka kembali sekolah. Upaya itu pun berhasil.
Pada tahun 1944, Soedirman diundang untuk bergabung dengan Tentara Pembela Tanah Air (PETA) dan diangkat menjadi komandan pasukan itu. Jepang mendirikan PETA pada Oktober 1943 untuk membantu melawan invasi Sekutu selama Perang Dunia II.
Editor: Kastolani Marzuki"
https://www.inews.id/news/nasional/fakta-jenderal-soedirman-pahlawan-dari-kampung-siti-atikoh-supriyanti-istri-ganjar-pranowo,"Jumat, 10 November 2023 - 18:39:00 WIB","Fakta Jenderal Soedirman, Pahlawan dari Kampung Siti Atikoh Supriyanti Istri Ganjar Pranowo","Scan this QR or download app from:
JAKARTA, iNews.id -Di momen hari pahlawan yang jatuh pada tanggal 10 November, salah satu tokoh pahlawan patut diingat adalahJenderal Soedirmanyang ternyata adalah pahlawan yang lahir dari kampung yang sama dengan istri Calon PresidenGanjar PranowoSiti Atikoh Supriyanti, istri dari Calon Presiden Ganjar Pranowo.
Siti Atikoh Supriyanti tidak hanya mendukung Calon Presiden Ganjar Pranowo dalam perjalanan politiknya tetapi juga turut membawa semangat dan nilai-nilai diwakili tokoh besar seperti Jenderal Soedirman.


Sebagai panglima besar TNI yang pertama, tokoh nasional asal Purbalingga itu jelas dihormati oleh berbagai kalangan hingga detik ini. Berikut ini adalah beberapa fakta mengenai pahlawan Indonesia yang ternyata satu kampung dengan Siti Atikoh Supriyanti ini.
Hubungan unik yang dimiliki oleh pahlawan Indonesia, Jenderal Soedirman dengan Presiden Soekarno bisa dikatakan sebagai ""bromance"" di era kemerdekaan yang menunjukkan solidaritas dan keakraban keduanya.

Cerita tentang Soedirman menyatakan, ""Kalau Belanda menyakiti Soekarno, bagi mereka tak ada ampun lagi. Belanda akan mengalami pembunuhan besar-besaran,"" menggambarkan kedalaman loyalitas dan persahabatan mereka."
https://jateng.inews.id/berita/relawan-pena-mas-ganjar-gelar-pentas-kesenian-mahasiswa-solo-raya-ini-tujuannya/2,"Minggu, 10 September 2023 - 11:32:00 WIB","Relawan Pena Mas Ganjar Gelar Pentas Kesenian Mahasiswa Solo Raya, Ini Tujuannya","Scan this QR or download app from:


Pada kesempatan ini, pihaknya pun menyasar kalangan mahasiswa untuk unjuk gigi menampilkan kebolehannya.
""Kita berlokasi di Rumah Banjarsari ini itu art space-nya di Solo Raya untuk pelaku mahasiswa pecinta seni kebudayaan. Kami hadirnya di sini jadi jelas menjadi wadah. Kami fasilitasi juga untuk mereka tampil kreativitasnya, kita pertunjukkan kepada masyarakat sekitar Solo Raya khususnya mahasiswa di Solo Raya,"" katanya.
""Malam hari ini coba enjoy bareng, kita coba menikmati acaranya, walaupun cuaca agak dingin tapi dengan ini bisa hangat. Kita akan merekatkan itu, kehangatan lewat seni kebudayaan,"" ujar Reza.
Kegiatan ini juga sebagai bentuk sosialisasi sosok Ganjar Pranowo di wilayah setempat. Salah seorang peserta, Ivan (25) mengaku sangat mendukung Ganjar untuk jadi Presiden RI 2024-2029.
Sebab, kata Ivan, Ganjar sudah berhasil memimpin Jawa Tengah selama dua periode. Dia berharap keberhasilan itu bisa dibawa oleh Ganjar ke ranah nasional agar dampaknya dapat dirasakan masyarakat secara luas.
""Untuk acara malam ini lumayan menarik, anak muda yang nonton lumayan antusiasnya khususnya untuk kesenian, terus berkumpulnya anak muda,"" ujarnya.
""Pak Ganjar sosok pemimpin yang bertanggung jawab, adil, bisa memakmurkan agar rakyat sentosa. Beliau sudah baik memimpin di Jawa Tengah, semoga di 2024 ini menjadi pemimpin yang lebih memantapkan warga negara kita Indonesia,"" ujarnya.
Editor: Ahmad Antoni"
https://www.inews.id/news/nasional/makna-warna-pakaian-adat-dayak-kenyah-yang-pernah-dipakai-ganjar-pranowo,"Sabtu, 07 Oktober 2023 - 22:01:00 WIB",Makna Warna Pakaian Adat Dayak Kenyah yang Pernah Dipakai Ganjar Pranowo,"Scan this QR or download app from:
JAKARTA, iNews.id -Calon PresidenGanjar Pranowomenarik perhatian publik dengan penampilannya yang khas. Meskipun tidak mengenakan pakaian adat Dayak Kenyah secara tradisional, Ganjar tampil mencolok dengan mengenakan pakaian adat Kenyah saat beraktivitas di Kantor Gubernur Jawa Tengah di Jalan Pahlawan, Kota Semarang.
Dalam penampilannya, Ganjar mengenakan pakaian adat berwarna kuning dan membawa persenjataan khas suku Kenyah, salah satu suku di Kalimantan Timur yang juga dikenal dengan sebutan Dayak Kayan atau Dayak Kenyah.


Pakaian adat Kenyah yang dikenakan Ganjar terdiri dari Bluko' atau topi pelindung yang sering terbuat dari rotan tahan benturan dan dihiasi dengan gigi harimau serta bulu enggang dan pegun. Selain itu, ada juga Besunung, perlengkapan perang yang terbuat dari kulit binatang seperti beruang, kancil, harimau, macan tutul, dan kambing. Besunung tidak hanya digunakan dalam pertempuran, tetapi juga dalam pertemuan dan acara adat. Ganjar juga mengenakan Avet atau cawat dan Tabit, yaitu kain penutup tubuh bagian bawah sekaligus alas duduk.
Namun, apa makna dari setiap warna yang ada dalam pakaian adat Dayak Kenyah?

Masyarakat Dayak memiliki pemahaman mendalam tentang makna warna dalam pakaian mereka sehari-hari. Setiap warna yang digunakan dalam pakaian dan aksesori memiliki makna tersendiri:
Putih: Melambangkan kesucian dan kesucian jiwa atau hati masyarakat Dayak.Hitam: Merupakan warna yang mungkin melambangkan kesedihan atau kedewasaan.Merah: Melambangkan semangat keberanian dalam membela kebenaran, serta solidaritas dan keberanian masyarakat.Hijau: Menggambarkan kekayaan, kesuburan, dan hubungan yang kuat dengan alam.Kuning: Mewakili keagungan, martabat, dan kemuliaan.Ganjar, meskipun menggunakan pakaian adat dengan penyesuaian, tetap menjaga makna warna yang terkandung dalam budaya Dayak Kenyah. Ganjar menganggap penggunaan pakaian adat sebagai cara sederhana untuk merawat keindonesiaan seseorang.

Selain dari pakaian adat Dayak Kenyah, Ganjar juga pernah mengenakan pakaian adat dari berbagai daerah di Indonesia, seperti Bali, Lombok, Nusa Tenggara Timur, Bugis, Madura, dan lainnya. Strategi ini selain menjaga identitas Indonesia juga berpotensi meningkatkan ekonomi bagi pembuat pakaian adat tradisional di berbagai daerah.
Ganjar mengungkapkan bahwa ia mengoleksi pakaian adat dari seluruh nusantara dan berharap bahwa dengan mengenakan pakaian adat Indonesia, ia dapat memberikan pendidikan kepada masyarakat mengenai kekayaan tradisi di Indonesia serta membangun momentum persatuan di antara generasi muda Tanah Air.

Editor: Komaruddin Bagja"
https://ntb.inews.id/berita/pengasuh-ponpes-darul-habibi-nwdi-ganjar-dari-keluarga-ulama-dekat-dengan-pesantren,"Senin, 16 Oktober 2023 - 10:55:00 WIB","Pengasuh Ponpes Darul Habibi NWDI: Ganjar dari Keluarga Ulama, Dekat dengan Pesantren","Scan this QR or download app from:
LOMBOK, iNews.id- Bakal Calon Presiden (Bacapres) dari Partai PerindoGanjar Pranowobersilaturahmi kePondok PesantrenDarul HabibiNWDIdi Lombok Tengah, NTB, Minggu (15/10/2023). Kedatangannya disambut Pengasuh Ponpes Darul Habibi NWDI Tuan Guru Haji (TGH) Ahmad Tantowi.
Dalam sambutannya, TGH Tantowi mengatakan, Ganjar serius mengembangkan SDM dan menggandeng pondok pesantren karena dia merupakan keluargaulamadan santri.

""Istri Pak Ganjar ini cucu seorang kiai besar di Purbalingga bernama Kiai Hisyam Kalijaran. Jadi beliau ini cucu dan mantu seorang kiai yang punya pondok pesantren. Beliau ini santri, maka beliau dekat dengan pondok pesantren,"" ujarnya, Minggu (15/10/2023).
Dia juga sepakat dengan Ganjar bahwa pondok pesantren harus menjadi pendukung dalam mendidik anak bangsa. Tidak hanya ilmu agama, namun juga ilmu pengetahuan umum lainnya.

""Kami Ponpes Darul Habibi ini tergabung dalam Nahdlatul Watan Diniyah Islamiyah. Jadi kami juga mengembangkan sekolah umum selain kegiatan mengaji, untuk menyiapkan santri yang cerdas secara intelektual, spiritual dan emosional generasi kita,"" katanya.
Sebelumnya, Ganjar Pranowo mengatakan akan fokus membangun sumber daya manusia (SDM) unggul danpendidikan. Ganjar mengajak seluruh elemen masyarakat, termasuk para ulama di pondok pesantren ikut terlibat.


Editor: Donald Karouw"
https://www.inews.id/news/nasional/presiden-jokowi-restui-mahfud-md-jadi-cawapres-ganjar-beri-ucapan-selamat/all,"Selasa, 24 Oktober 2023 - 17:57:00 WIB","Presiden Jokowi Restui Mahfud MD Jadi Cawapres Ganjar, Beri Ucapan Selamat","Scan this QR or download app from:
JAKARTA, iNews.id -Menko PolhukamMahfud MDmenemuiPresiden Joko Widodo(Jokowi) di Istana Kepresidenan, Jakarta, Selasa (24/10/2023) sore untuk melaporkan pendaftaran dirinya sebagaicawapresbersamaGanjar Pranowo. Mahfud mengatakan Presiden Jokowi telah memberikan restu.
Bahkan, Jokowi mengucapkan selamat atas terpilihnya Mahfud sebagai cawapres Ganjar.


""Iya sudah, beliau mengucapkan selamat, merestui. Kalau resminya restu itu izin, sudah diberikan tanggal 18 (Oktober 2023) ketika saya deklarasi pagi, Bu Mega deklarasi pagi, sorenya saya kirim surat ke beliau,"" ucap Mahfud di Kantor Kemenko Polhukam, Jakarta, Selasa (24/10/2023).
Alasan Mahfud mengirim surat karena saat itu Jokowi tengan melakukan kunjungan kerja ke Beijing dan Riyadh. Pertemuan keduanya pun baru bisa terealisasi pada hari ini.

""Beliau (Presiden) di luar negeri, langsung dijawab dari luar negeri. Pak Mensesneg (Pratikno) komunikasi langsung, diizinkan malam itu juga, nah ketemunya baru tadi, beliau mengucapkan selamat,"" ucap Mahfud.
Mahfud mengatakan Jokowi menitipkan pesan agar dirinya menjalankan pemilu dengan baik dan damai tanpa adanya permusuhan.
""Nitip saja pemilu berjalan dengan baik, pemilu bukan untuk bermusuhan tapi untuk besama-sama menjadi wakil rakyat dan pemimpin negara yang dipilih oleh rakyat sendiri,"" tutur Mahfud.
Sebelumnya, Mahfud MD menghadap Presiden Jokowi di Istana Kepresidenan, Jakarta pada Selasa (24/10/2023) sore.  Pantauan di lokasi, Menko Polhukam itu tiba sekitar pukul 15.17 WIB. Mahfud tampak mengenakan batik lengan panjang berwarna cokelat.
""Biasa kan ketemu presiden. Menteri biasa (ketemu),"" kata Mahfud di Kompleks Istana Kepresidenan, Jakarta, Selasa (24/10/2023).
Editor: Rizal Bomantama"
https://www.inews.id/news/nasional/5-tokoh-jebolan-fakultas-hukum-ugm-ada-nama-ganjar-pranowo-dan-mahfud-md,"Rabu, 01 November 2023 - 19:35:00 WIB","5 Tokoh Jebolan Fakultas Hukum UGM, Ada Nama Ganjar Pranowo dan Mahfud MD","Scan this QR or download app from:
JAKARTA, iNews.id -Sebagai salah satu perguruan tinggi terbaik di Indonesia, Universitas Gadjah Mada (UGM), kerap kali mencetak tokoh-tokoh cemerlang dari berbagai fakultasnya.
Dari fakultas hukumnya, UGM bahkan berhasil mencetak sosokGanjar PranowodanMahfud MD. Ganjar dan Mahfud MD kini menjadi Calon Presiden (Capres) dan Calon Wakil Presiden (Cawapres), jadi tidak perlu diragukan lagi kompetensinya.


Selain kedua tokoh tersebut, Fakultas Hukum UGM juga mencetak beberapa tokoh-tokoh cemerlang yang memiliki karir sukses.
Capres Ganjar Pranowomerupakan nama yang sudah tidak asing lagi dalam dunia politik di Indonesia. Selain merupakan calon Presiden, Ganjar Pranowo merupakan mantan Gubernur Jawa Tengah (Jateng) dan juga mantan anggota DPR RI dalam dua periode.

Ganjar merupakan alumni Fakultas Hukum UGM angkatan tahun 1987. Ganjar merupakan pribadi yang aktif berorganisasi selama ia berkuliah. Ia berkegiatan dalam kelompok pecinta alam dan lembaga pers mahasiswa MAHKAMAH."
https://jateng.inews.id/infografis/harapan-gus-ali-gondrong-ke-pasangan-ganjar-mahfud-mampu-merampungkan-isu-isu-bangsa,,,"Scan this QR or download app from:
Alamat yang anda masukkan salah, tidak tersedia atau sudah dihapus"
https://www.inews.id/news/nasional/rumah-ganjar-pranowo-di-patra-kuningan-dijaga-ketat-jelang-pengumuman-cawapres,"Rabu, 18 Oktober 2023 - 08:50:00 WIB",Rumah Ganjar Pranowo di Patra Kuningan Dijaga Ketat Jelang Pengumuman Cawapres,"Scan this QR or download app from:
JAKARTA, iNews.id -Rumahbakal calon presiden (bacapres) Ganjar Pranowi di Jalan Patra Kuninggan, Jakarta Selatan dijaga ketat petugas. Penjagaan ini dilakukan menyusul rencanapengumumancawapresGanjar pada pukul 10.00 WIB nanti.
Akibat penjagaan ketat ini, sejumlah media pun sulit masuk. Para pemburu berita juga tidak memperkenankan untuk menunggu di rumah tersebut.


""Maaf mas enggak bisa nunggu di sini,"" ucap salah satu petugas, Rabu (18/10/2023).
Terlihat dua petugas berpakaian kemeja yang sama berwarna hijau lumut mengimbau agar awak media menunggu di luar kawasan perumahan itu. Sebab menurutnya rumah tersebut telah disterilkan.

Suasana di rumah tersebut nampak sepi. Hanya terlihat petugas kebersihan perumahan yang sedang menyapu halaman itu.
Informasi yang dihimpun, Ganjar sudah meninggalkan rumah menuju kantor DPP PDI Perjuangan untuk menghadiri langsung pengumuman cawapres pendampingnya. Ganjar keluar dengan mengenakan mobil berpelat B 1940 KYO. Dia keluar kediaman pukul 08.15 WIB.

Editor: Ihya Ulumuddin"
,,,
https://sorongraya.inews.id/read/370345/beredar-pakta-integritas-menangkan-capres-ganjar-pranowo-ada-tandatangan-pj-bupati-sorong,"Selasa, 14 November 2023 | 13:43 WIB","Beredar Pakta Integritas Menangkan Capres Ganjar Pranowo, Ada Tandatangan Pj Bupati Sorong","Scan this QR or download app from:

SORONG, iNewsSorong.id - Belum genap sehari Pasca penangkapan Penjabat (Pj) Bupati SorongYan Piet Mossooleh Komisi Pemberantasan Korupsi (KPK) pada Senin (13/11/2023) di kediamannya. Beredar sebuah dokumen terkaitpakta integritasyang mewajibkan Yan Piet Mosso memenangkan calon presiden (capres) Ganjar Pranowo di Kabupaten Sorong pada Pilpres 2024 mendatang.
Dari salinan dokumen pakta integritas yang diterima Redaksi iNewsSorong.id termuat lima poin kesepakatan dalam pakta integritas tersebut. Tak hanya itu dalam pakta integritas itu juga  tertuang tanda tanganPj Bupati SorongYan Piet Mosso dan Kepala Badan  Intelijen Nasional Daerah (Kabinda) Papua Barat, Brigjen TNI TSP. Silaban pada Agustus 2023.
Lima poin pakta integritas tersebut pada poin pertama menyebutkan, mendukung dan melaksanakan penuh keberhasilan program Pemerintah Pusat di Wilayah Kabupaten Sorong. Pada poin Kedua, disebutkan tidak melakukan Tindak Pidana Korupsi, Kolusi dan Nepotisme (KKN). Selain itu pada poin ketiga, menolak sepenuhnya segala kegiatan yang bersifat separatisme serta aktivitas pergerakan Papua Merdeka di wilayah.
Selanjutnya pada poin keempat yang jadi perhatian publik Isinya adalah siap mencari dukungan dan memberikan kontribusi suara pada Pilpres 2024, minimal sebesar 60 persen+1 untuk kemenangan Ganjar Pranowo sebagai Presiden Republik Indonesia di Kabupaten Sorong.
Terakhir, pada poin yang kelima, tertulis bersedia menjaga kerahasiaan sepenuhnya berkaitan pembuatan pakta integritas ini.
Hingga berita ini diturunkan Redaksi iNewsSorong.id  masih mencoba menelusuri kebenaran dari sebaran pakta integritas tersebut, karena ada informasi yang menyebut pakta integritas ini juga merupakan salah satu barang temuan saat tim penyidik KPK lakukan penggeledahan.
Sementara itu seperti dilansir dari Sindonews.com (MPI Portal) Komisi Pemberantasan Korupsi ( KPK ) mengumumkan Penjabat (Pj) Bupati Sorong Yan Piet Mosso sebagai tersangka kasus dugaan pengondisian alias kongkalikong hasil audit Badan Pemeriksa Keuangan (BPK) wilayah Papua Barat Daya. Setelah diumumkan, lembaga antirasuah langsung melakukan penahanan terhadap Yan Piet. Selain Yan Piet, KPK juga menetapkan dan menahan lima tersangka lain, yakni Kepala BPKAD Kabupaten Sorong Efer Sidegat, staf BPKAD Kabupaten Sorong Mantel Syatfle (MS), Kepala Perwakilan BPK Provinsi Papua Barat Patrice Lumumba Sihombing (PLS), Kasubaud BPK Provinsi Papua Barat Abu Hanifa (AH), dan Ketua Tim Pemeriksa David Patasung (DP).
""Untuk kepentingan penyidikan, penyidik melakukan penahanan para tersangka untuk 20 hari pertama terhitung mulai tanggal 14 November 2023 sampai dengan 3 Desember 2023 di Rutan KPK, "" kata Ketua KPK Firli Bahuri di Gedung Merah Putih KPK, Selasa (14/11/2023).


Editor : Sayied Syech Boften"
https://www.inews.id/lifestyle/health/5-tips-merawat-rambut-putih-ala-ganjar-pranowo-sehat-kuat-lho,"Kamis, 12 Oktober 2023 - 16:04:00 WIB","5 Tips Merawat Rambut Putih ala Ganjar Pranowo, Sehat & Kuat Lho!","Scan this QR or download app from:
JAKARTA, iNews.id- Tips merawatrambut putihseperti yang dimiliki Ganjar Pranowo Calon Presiden 2024 agar tetap sehat dan kuat tentu diperlukan oleh orang-orang yang memiliki rambut sejenis. Jangan minder, Anda tetap bisa mempesona dan bikin iri orang lain, karena Anda mampu merawatnya.
Tapi sebelum itu sebenarnya apa yang membuat orang memiliki rambut putih atau yang sering disebut dengan uban ini?


Perubahan warna rambut menjadi warna putih (uban) saat mengalami penuaan adalah hal yang biasa terjadi. Namun, rambut abu-abu atau putih (uban) bisa muncul kapan saja dalam hidup seseorang. Faktor genetik, tingkat stres, penggunaan pewarna rambut, dan faktor-faktor lainnya juga bisa berkontribusi terhadap perubahan warna rambut ini.
Seperti Ganjar Pranowo Calon Presiden 2024, rambut putih yang menjadi ciri khasnya merupakan faktor genetik yang juga dialami oleh keluarganya. Dari ayah hingga kakaknya, bahkan Ganjar semasa SMA sudah mengalami perubahan warna menjadi rambut putih. Walau begitu, dia tidak menyemirnya, Ganjar justru merawat rambut putih miliknya agar tetap sehat dan kuat.

Berdasarkan penelitian pada 2016 di International Journal of Trichology ada beberapa kemungkinan lain yang dialami oleh banyak orang terutama yang masih muda. Bisa jadi mereka sudah memiliki rambut putih adalah kadar serum ferritin (yang menyimpan zat besi dalam tubuh), vitamin B-12, dan kolesterol baik HDL-C berada di tingkat rendah atau justru kurang."
https://www.inews.id/news/nasional/momen-ganjar-atikoh-dan-alam-makan-siang-di-bakmi-milenial-jaksel,"Sabtu, 21 Oktober 2023 - 15:26:00 WIB","Momen Ganjar, Atikoh dan Alam Makan Siang di Bakmi Milenial Jaksel","Scan this QR or download app from:
JAKARTA, iNews.id- Bakal Calon Presiden (Bacapres) Partai PerindoGanjar Pranowobersantai diakhir pekanbersama keluarganya, Sabtu (21/10/2023) siang. Diamakan siangdi Bakmi Milenial, Jakarta Selatan, bersama sang istriSiti Atikohdan anaknya MuhammadZinedine Alam Ganjar
Ganjar menggandeng istrinya saat masuk ke The Ground Nipah yang diisi berbagai gerai UMKM dan tempat makanan ala anak muda. Dia lalu menuju gerai Bakmi Milenial. Di sana, Ganjar mengajak keluarganya untuk duduk dan memesan makanan.


Tak mau menunggu, Ganjar lalu masuk ke dapur Bakmi Milenial. Di sana, seorang koki sekaligus pemilik Bakmi Milenial bernama Rayhan Paramarta yang memang berusia muda menunggu Ganjar.
Ganjar lalu dipersilakan Rayhan untuk mencoba memasak daging yang merupakan salah satu bahan bakmi. Dengan memegang wajan panci, Ganjar menggoyang-goyangkan tangannya bak koki profesional.

Rayhan bahkan mengajarkan teknik flambe, yaitu mengeluarkan api di atas wajan.
""Kamu belajar masak dari mana?"" tanya Ganjar.

Rayhan mengaku lulusan Politeknik Pariwisata NHI Bandung.
Tak berapa lama, bakmi pun jadi. Makanan tersebut lalu diantar menuju meja tempat keluarga Ganjar berkumpul."
https://www.inews.id/news/nasional/ganjar-disambut-meriah-saat-berkunjung-ke-ponpes-al-falak-pegentongan-bogor,"Kamis, 12 Oktober 2023 - 01:45:00 WIB",Ganjar Disambut Meriah saat Berkunjung ke Ponpes Al-Falak Pagentongan Bogor,"Scan this QR or download app from:
BOGOR, iNews.id-Bakal calon presiden (bacapres)Ganjar PranowomendatangiPonpesAl Falak Pagentongan, Kota Bogor. Ganjar disambut meriah oleh para santri pondok pesantren.
Ganjar tiba di Ponpes Al-Falak sekira pukul 20.09 WIB. Dengan mengenakan peci hitam, Ganjar turun dari mobil dan disambut oleh para ustadz serta para santri yang memainkan hadroh.


""Assalamualaikum,"" ucap Ganjar sembari turun dari mobil, Rabu (11/10/2023).
Setelah bersalamam, Ganjar langsung berjalan menuju masjid untuk berziarah ke makam Abah Falak. Para santri terus histeris menyebut nama sosok pemimpin muda, energetik, merakyat, berprestasi, berpengalaman dan family man itu."
https://www.inews.id/news/nasional/gegama-ganjar-pranowo-pemimpin-merakyat-mahfud-md-pendekar-hukum,"Minggu, 12 November 2023 - 22:51:00 WIB","GEGAMA: Ganjar Pranowo Pemimpin Merakyat, Mahfud MD Pendekar Hukum","Scan this QR or download app from:
JAKARTA, iNews.id -Relawan GEGAMA (Gebrakan Ganjar-Mahfud) siap bergerak menangkan pasanganGanjar Pranowo-Mahfud MD. Hal itu disampaikan Ketua Umum GEGAMA H. Aji Musthofa dalam konsolidasi di Gandaria Selatan, Cilandak, Jakarta Selatan, Minggu (12/11/2023).
Aji meyakini Ganjar-Mahfud bisa melanjutkan kepemimpinan ke arah yang lebih baik lagi.


""Ganjar Pranowo merupakanpemimpinyang merakyat dan Mahfud MD merupakan tokoh yang ideal mewakili Ganjar Pranowo,"" kata Aji.
""Sebab Mahfud memiliki julukan sebagai 'PendekarHukum' orangnya jujur, bersih, NU dan sosok yang dibawa Gus Dur untuk menegakkan hukum di Indonesia,"" sambungnya.

Dia mengatakan, pasangan ini paling kompatibel baik dari pengalaman maupun kapasitasnya.
Pasangan Ganjar-Mahfud juga disebut pasangan yang sangat teruji. Selain itu, keduanya dinilai memiliki komitmen terhadap masa depan bangsa Indonesia.
Editor: Reza Fajri"
https://jateng.inews.id/infografis/ganjar-ziarah-makam-mbah-dalhar-watucongol-beliau-sangat-tegas-dan-tak-pernah-abu-abu,,,"Scan this QR or download app from:
Alamat yang anda masukkan salah, tidak tersedia atau sudah dihapus"
https://surabaya.inews.id/read/353821/artis-ibu-kota-nongkrong-bareng-ganjar-bahas-masa-depan-seni-budaya-indonesia-ini-sosoknya,"Kamis, 05 Oktober 2023 | 18:20 WIB","Artis Ibu Kota Nongkrong Bareng Ganjar,  Bahas Masa Depan Seni Budaya Indonesia, Ini Sosoknya","Scan this QR or download app from:
BANDUNG, iNewsSurabaya.id - Suasana gayeng penuh canda tawa tersaji saat bakal calon presiden 2024,Ganjar Pranowonongkrong asyik dengan para seniman dan budayawan Jawa Barat, Rabu (4/10/2023). Jauh dari pembahasan politik, Ganjar dan para seniman gaek itu membahas banyak hal terkait strategi kebudayaan Indonesia agar lebih maju dan mendunia.
Hadir dalam acara itu, penyanyi sekaligus pencipta lagu 'Kalau Bulan Bisa Ngomong',Doel Sumbang, musikus dan pianis Purwacaraka, penyanyi jazz ternama Trie Utami, budayawan gaek Budi Dalton, Eddi Brokoli, dalang Bhatara Sunandar, Taufiq Udjo dan banyak lagi seniman dan budayawan lainnya.
""Iya sore ini saya senang sekali bisa bertemu dengan para seniman dan budayawan Jabar. Kita ngobrol asyik tentang seni budaya, dan mereka memberikan masukan tentang apa pentingnya kebudayaan dan bagaimana strategi kebudayaan yang harus dilakukan,"" kata Ganjar.
Ganjar banyak mendengar masukan dari para pelaku seni dan budaya itu, bagaimana memajukanseni budaya Indonesia. Ganjar juga meminta masukan terkait detail strategi kebudayaan seperti apa yang harus diwujudkan.
""Saya minta para seniman dan budayawan itu membantu saya. Saya minta dibuatkan strategi kebudayaan agar kita sebagai bangsa betul-betul punya kepribadian dalam kebudayaan,""ucapnya.
Editor : Arif Ardliyanto"
https://banten.inews.id/read/362007/ganjar-pranowo-hormati-putusan-mk-tolak-gugatan-batas-usia-capres-cawapres,"Rabu, 25 Oktober 2023 | 17:01 WIB",Ganjar Pranowo: Hormati Putusan MK Tolak Gugatan Batas Usia Capres-Cawapres,"Scan this QR or download app from:
CILEGON,iNewsBanten- Calon presiden (capres)GanjarPranowo memberikan tanggapan positif terkait putusan Mahkamah Konstitusi (MK) yang menolak uji materiil batas usia capres dan cawapres maksimal 70 tahun sekaligus syarat tidak pernah terlibat pelanggaran HAM. Menurut Ganjar, keputusan MK tersebut mesti dihormati sepenuhnya.
Dalam pernyataannya di Jakarta Selatan, Ganjar mengungkapkan bahwa semua putusan MK harus dihormati, dan MK sebagai lembaga tinggi negara dalam hal hukum telah memberikan keputusan final yang tidak dapat diganggu gugat.
Editor : Mahesa Apriandi"
https://www.inews.id/news/nasional/ratusan-kader-partai-perindo-siap-antarkan-ganjar-pranowo-mahfud-md-daftar-ke-kpu/all,"Kamis, 19 Oktober 2023 - 10:58:00 WIB",Ratusan Kader Partai Perindo Siap Antarkan Ganjar Pranowo-Mahfud MD Daftar ke KPU,"Scan this QR or download app from:
JAKARTA, iNews.id -Ratusan kaderPartai Perindotampak memenuhi Gedung Dewan Pimpinan Pusat (DPP) Perindo di kawasan Menteng, Jakarta Pusat pada Kamis (19/10/2023). Mereka bersiap mengantar BacapresGanjar Pranowodan BacawapresMahfud MDuntuk mendaftar ke Komisi Pemilihan Umum (KPU).
Berdasarkan pantauan langsung, ratusan kader terlihat antusias dan penuh semangat berkumpul di Kantor DPP Perindo mengenakan seragam dan membawa atribut partai. Beberapa bahkan ada yang membawa bendera besar dengan tiang setinggi 3 meter.


""Hidup Perindo,"" kata mereka berteriak.
Mereka nantinya akan bergabung dengan puluhan ribu massa pendukung Ganjar-Mahfud yang tengah berkumpul di Tugu Proklamasi, Menteng, Jakarta Pusat.

Ganjar-Mahfud sebagai pasangan Capres dan Cawapres Partai Perindo sedianya akan mendaftar ke KPU sekitar pukul 11.00 WIB. Ganjar akan didampingi ketua umum partai politik, Tim Pemenangan Nasional Ganjar Presiden (TPN GP), dan relawan pendukung.
Diketahui Partai Perindo, partai berlambang Rajawali mengembangkan sayap dan bernomor urut 16 pada kertas suaraPemilu 2024itu dipimpin oleh Ketua Umum Partai Perindo Hary Tanoesoedibjo dan mengusung Bacapres Pemilu 2024 Ganjar Pranowo.
Partai Perindo dikenal sebagai partai modern yang peduli rakyat kecil, gigih berjuang untuk penciptaan lapangan kerja, dan Indonesia sejahtera.
Editor: Rizal Bomantama"
https://yogya.inews.id/berita/5-fakta-universitas-gadjah-mada-almamater-ganjar-pranowo-dan-mahfud-md,"Selasa, 31 Oktober 2023 - 19:38:00 WIB","5 Fakta Universitas Gadjah Mada, Almamater Ganjar Pranowo dan Mahfud MD","Scan this QR or download app from:
YOGYAKARTA, iNews.id- Calon Presiden (Capres)Ganjar Pranowo, dan Calon Wakil Presiden (Cawapres) ProfMahfud MD, merupakan lulusanUniversitas Gadjah Mada(UGM). Universitas ini merupakan salah satu yang terbaik di Indonesia yang menempati peringkat 250 besar kampus terbaik di dunia.
Kampus yang dijuluki Kampus Biru tersebut memiliki sejarah panjang. UGM pertama kali lahir dari kancah perjuangan kemerdekaan Indonesia. Pada awal kemerdekaan, UGM didaulat sebagai Balai Nasional Ilmu Pengetahuan dan Kebudayaan bagi pendidikan tinggi negeri.

Dengan sejarahnya yang panjang, serta posisinya sebagai universitas terbaik di Indonesia UGM memiliki fakta-fakta unik dan menarik. Berikut 5 di antaranya:
Pasca kemerdekaan, seiring gejolak revolusi fisik yang tak kunjung reda, wilayah Jakarta dan Bandung tak lagi tertolong. Banyak pelajar dan mahasiswa yang akhirnya meninggalkan kota besar dan mencari daerah yang lebih aman.

Pada masa itu, ibu kota Republik Indonesia dan beberapa kantor pemerintahan juga turut dipindahkan ke daerah lain yakni Yogyakarta dan Klaten. Sejak saat itu banyak perguruan tinggi yang berdiri di Klaten dan Yogyakarta.
Perguruan tinggi tersebut yang kemudian pada tahun 1949 digabungkan menjadi Universitit Negeri Gadjah Mada yang kini dikenal dengan Universitas Gadjah Mada (UGM). UGM didirikan melalui Peraturan Pemerintah (PP) No 23 Tahun 1949 tepatnya pada tanggal 16 Desember 1949. Namun, setiap tahun UGM memilih memperingati dies natalis atau ulang tahunnya pada tanggal 19 Desember.
Editor: Kuntadi Kuntadi"
https://jabar.inews.id/berita/merayakan-keunikan-tradisi-ngobeng-lauk-bersama-relawan-ganjar-mahfud-di-jawa-barat,"Rabu, 25 Oktober 2023 - 22:02:00 WIB",Merayakan Keunikan Tradisi Ngobeng Lauk bersama Relawan Ganjar-Mahfud di Jawa Barat,"Scan this QR or download app from:
JAKARTA, iNews.id-Tradisi Ngobeng Lauk, sebuah warisan budaya yang begitu istimewa di Jawa Barat, kini kembali mendapat sorotan melalui dukungan antusiasme Relawan Ganjar-Mahfud.
Sebagai bagian dari kampanye pemilihan presiden 2024, kegiatan ini berhasil menyelami keunikan dan keceriaan tradisi yang telah dijaga dan dilestarikan oleh masyarakat Jawa Barat selama bertahun-tahun.

Dukungan kepada pasangan Ganjar-Mahfud dalam upaya memperkenalkan mereka kepada masyarakat Jawa Barat melibatkan berbagai tradisi budaya, salah satunya adalah kegiatan Ngobeng Lauk.
Tradisi ini menciptakan momen kebersamaan yang penuh kehangatan antara warga, sambil memperkuat keterikatan sosial dan budaya di Jawa Barat.

Tradisi Ngobeng Lauk adalah suatu upacara khas Jawa Barat yang bertujuan untuk memperkuat ikatan sosial dan budaya di antara masyarakat dengan cara yang unik.
Dalam tradisi ini, ikan dilepaskan di kolam atau perairan tertentu, dan peserta berusaha menangkapnya dengan tangan kosong, menciptakan tingkat kesulitan dan tantangan yang menarik.

Tradisi ini terbuka bagi semua lapisan masyarakat, memungkinkan semua anggota komunitas untuk ikut serta dan memperkuat jalinan sosial dan budaya. Tradisi Ngobeng Lauk sering menjadi bagian integral dari berbagai perayaan dan upacara adat, yang membantu memperkaya warisan budaya lokal di Jawa Barat.
Melalui kegiatan ini, masyarakat dapat merasakan kedekatan dengan para relawan dan calon presiden serta calon wakil presiden. Hal ini juga memperkuat dukungan dan pemahaman mereka terhadap nilai-nilai yang diusung oleh pasangan tersebut, khususnya bagi warga Jawa Barat.

Berikut adalah beberapa tradisi Ngobeng Lauk yang diadakan oleh relawan dalam provinsi dengan jumlah penduduk terbanyak di Indonesia.
Warga Desa Sukamerang, Kecamatan Kersamanah, Kabupaten Garut, Jawa Barat, berkolaborasi dengan relawan Ganjar Muda Padjajaran (GMP) mengadakan hajatan lembur yang meriah dengan kegiatan menangkap ikan di kolam pada hari Minggu (22/10/2023).

Koordinator Daerah GMP Garut, Andri Cahyana, mengungkapkan bahwa kegiatan ini sangat antusias diikuti oleh warga, termasuk anak-anak dan lansia. ""Warga Desa Sukamerang baru pertama kali merasakan keseruan seperti ini. Mereka juga mendukung Ganjar-Mahfud di tahun 2024,"" kata Andri Cahyana.
Purwiyanto, salah seorang peserta, menegaskan bahwa kegiatan yang diselenggarakan oleh GMP sangat menyenangkan dan mampu mempererat ikatan antara pasangan Ganjar-Mahfud dengan rakyat. Diskusi yang diadakan bersama GMP tentang sosok Ganjar-Mahfud sebagai capres-cawapres yang cocok juga sangat penting.
""Ini menunjukkan kedekatan dengan rakyat dan mendengar keluhan mereka. Saya rasa sosok Ganjar-Mahfud adalah pasangan yang cocok,"" kata Purwiyanto.
Kelompok relawan yang tergabung dalam Ganjar Sejati mengadakan acara bertema 'Ngobeng Lauk' di Kota Tasikmalaya, Jawa Barat, dengan tujuan mempererat tali silaturahmi, melestarikan kebudayaan lokal, dan mendukungGanjar PranowoCalon Presiden 2024 agar lebih dikenal oleh masyarakat Tasikmalaya.
Ngobeng Lauk adalah tradisi menangkap ikan tanpa alat atau menggunakan tangan yang biasa dilakukan oleh masyarakat Tasikmalaya hanya pada momen tertentu dan hari besar negara atau keagamaan.
Acara ini diikuti oleh puluhan warga setempat, dari anak muda hingga bapak-bapak, yang berebut menangkap ikan lele dan mujair yang mencapai total 50 kilogram dan telah disebar di dalam kolam berukuran 10 meter persegi.
Koordinator Daerah (Korda) Ganjar Sejati Kota Tasikmalaya, Mahasin Mukhlas Muhtarom, menyatakan bahwa acara Ngobeng Lauk ini bertujuan untuk mempererat hubungan antara berbagai lapisan masyarakat, termasuk orang tua, remaja, dan warga sekitar, sambil memberikan dukungan terhadap Ganjar Pranowo Calon Presiden 2024.
Pada Minggu, 10 September 2023, Ganjar Sejati, kelompok relawan yang mendukung Ganjar Pranowo Calon Presiden 2024, menggelar acara Ngobeng Lauk di Desa Jelat, RT 02/06, Kecamatan Baregbeg, Kabupaten Ciamis.
Acara ini menarik partisipasi puluhan warga yang dengan antusias menangkap ikan gurame, mas, dan nila seberat 35 kilogram di dalam kolam berukuran sekitar 10 meter persegi.
Koordinator Daerah (Korda) Ganjar Sejati Kabupaten Ciamis, Candra Wijaya, menyatakan bahwa kegiatan Ngobeng Lauk ini diselenggarakan sebagai hiburan untuk warga Desa Jelat, Baregbeg, Ciamis.
Selain menjadi hiburan tradisional, acara ini juga menjadi momen untuk memperkenalkan Ganjar Pranowo kepada masyarakat setempat, sambil mempertahankan tradisi Jawa Barat yang mempererat jalinan sosial dan budaya.
Dengan mempertahankan tradisi ini, masyarakat Jawa Barat dapat terus memperkuat ikatan sosial dan budaya mereka serta mewariskan nilai-nilai luhur kepada generasi mendatang, sebagaimana yang telah dilakukan oleh para relawan Ganjar-Mahfud di Pilpres 2024.
Editor: Komaruddin Bagja"
https://www.inews.id/news/nasional/segini-harta-kekayaan-arsjad-rasyid-ketua-tpn-ganjar-mahfud,"Selasa, 14 November 2023 - 11:31:00 WIB","Segini Harta Kekayaan Arsjad Rasyid, Ketua TPN Ganjar-Mahfud","Scan this QR or download app from:
JAKARTA, iNews.id- Ketua Umum Kamar Dagang dan Industri (Kadin) Indonesia,Arsjad Rasjidmerupakan Ketua Tim Pemenangan Nasional (TPN) untuk mendukung pasangan Calon Presiden dan Wakil PresidenGanjar Pranowo-Mahfud MDdalam Pilpres 2024.
Keputusan tersebut diambil saat para pemimpin partai yang mendukung Ganjar Pranowo dalam Pilpres 2024 sepakat untuk menunjuk Arsjad Rasjid sebagai ketua TPN Ganjar-Mahfud. Keputusan ini dibuat dalam pertemuan yang dipimpin oleh Ketua Umum PDIP, Megawati Soekarnoputri, pada Senin (4/9/2023), sebagaimana diungkapkan oleh Ketua Umum Perindo, Hary Tanoesoedibjo.


Ketua Umum Perindo itu menggambarkan Arsjad sebagai pribadi yang diterima dengan baik oleh berbagai kelompok dan yakin bahwa Arsjad memiliki kemampuan dan jaringan yang luas, terutama berdasarkan pengalaman sebagai Ketua Umum KADIN selama ini.
""Pak Arsjad Rasjid kita tahu figur yang bisa diterima semua pihak, pintar, muda, network-nya luas dan ketua umum Kadin juga. Itu yg saya rasa yg paling utama,"" ucap Hary Tanoe.

Bagaimana profil Arsjad Rasjid, Ketua TPN Ganjar-Mahfud? Berapa kekayaan yang dimilikinya?
"
https://medan.inews.id/read/360627/dukung-pengembangan-majelis-taklim-tuan-guru-ganjar-dapat-apresiasi-dari-masyarakat-medan,"Minggu, 22 Oktober 2023 | 14:53 WIB","Dukung Pengembangan Majelis Taklim, Tuan Guru Ganjar Dapat Apresiasi dari Masyarakat Medan","Scan this QR or download app from:
MEDAN, iNewsMedan.id- Raut wajah gembira dipancarkan oleh ratusan jemaah Majelis Taklim Al Hikmah di Kelurahan Tembung, Kecamatan Medan Tembung, Kota Medan, Sumatra Utara, Sabtu (21/10/23).
Musababnya, mereka kedatangan salah saturelawan GanjarPranowo, yakni Tuan Guru Sahabat (TGS) Ganjar Sumut.
Dalam lawatannya, TGS Ganjar Sumut bersama jemaah majelis taklim melaksanakan kegiatan doa bersama disertai penyerahan stimulus sarana prasarana untuk menunjang aktivitas menimba ilmu masyarakat.
Siti Massitah selaku Ketua Majelis Taklim Al Hikmah mengungkapkan apresiasi atas kontribusi nyata dan perhatianTuan Guru Sahabat GanjarSumut kepada jemaah Majelis Taklim Al Hikmah.
Menurut wanita berusia 47 tahun ini, perhatian TGS Ganjar Sumut merupakan upaya menjadikan majelis taklim lebih mandiri dan berdaya sehingga mampu meningkatkan kualitas sumber daya manusia (sdm) dengan nilai-nilai ketakwaan.
""Suatu kebanggan bagi kami karena ada sumbangsih untuk perwiridan kami sebuah yang bermanfaat untuk perwiridan kami. Bersyukurlah atas bantuannya atas Tuan Guru,"" jelas dia.
Sejumlah stimulus yang diberikan TGS Ganjar Sumut meliputi peralatan hadrah, kipas angin, dan tikar. Saking senangnya, jemaah majelis taklim itu langsung memainkan alat-alat hadrah itu sambil menyanyikan puji-pujian kepada Nabi.
Dia turut menyampaikan harapan kepada pemerintahan ke depan agar lebih memperhatikan nasib masyarakat kecil mulai dari lapangan pekerjaan hingga majelis-majelis taklim.
""Kalau bisa ada lapangan kerja, untuk ibu-ibu perwiridan atau majelis taklim itu lebih diperhatikan. Kami juga mendukung kalau memang tuhan berkehendak mudah-mudahan kita kan dukung ke depannya,"" tutup dia.
Koorwil TGS Ganjar Sumut, Zulfi Andika mengungkapkan sejak pertama kali dibentuk pada akhir 2022, pihaknya telah memberikan kontribusi nyata dalam pengembangan majelis taklim sebagai sarana pendidikan keagamaan masyarakat di berbagai daerah.
Majelis taklim memiliki peran penting sebagai sarana penunjang spiritualitas masyarakat untuk memperdalam keilmuan dan melestarikan nilai-nilai keagamaan dengan baik.
""Tujuan kita agar majelis taklim ini bisa lebih eksis dalam kegiatan-kegiatan pengajian yang mana kegiatan-kegiatan religius seperti ini sangat penting bagi kita bagi generasi ke depannya dalam rangka sebagai penguatan keagamaan di tengah-tengah masyarakat,"" jelas Andika.
Editor : Odi Siregar"
https://soloraya.inews.id/read/366481/dukungan-gen-z-untuk-ganjar-mahfud-kombinasi-ideal-antara-pengalaman-eksekutif-dan-kepakaran-hukum,"Minggu, 05 November 2023 | 07:22 WIB",Dukungan Gen Z untuk Ganjar-Mahfud: Kombinasi Ideal Antara Pengalaman Eksekutif dan Kepakaran Hukum,"Scan this QR or download app from:
Semarang, iNewsSoloraya.id- Acara Deklarasi Tim Pemenangan DaerahGanjar-MahfudJawa Tengah yang diselenggarakan di KompleksGOR Jatidiri, Kota Semarang, Sabtu (4/11/2023) disemarakkan oleh ribuan kaum milenial danGen-Zdari berbagai kota dan kabupaten di Jawa Tengah. Mereka penuh semangat saat memberikan yel-yel untuk mendukung Ganjar-Mahfud menjelang deklarasi resmi.
Salah seorang Gen Z yang hadir dalam acara deklarasi ini berbagi pemikirannya mengapa ia memilih mendukung pasangan Ganjar-Mahfud. Indira Hanaya, seorang pemuda asal Solo, mengungkapkan keyakinannya bahwa Ganjar Pranowo dan Mahfud MD adalah pasangan yang sangat cocok untuk membawa Indonesia ke masa depan.
Indira mengungkapkan kegembiraannya dapat menjadi bagian dari deklarasi ini.
""Seneng sama Pak Ganjar soalnya memiliki pengalaman yang sangat baik ketika memimpin Jawa Tengah. Beliau terbukti mampu bekerja dengan baik sebagai eksekutif. Sementara Pak Mahfud adalah ahli hukum. Harapannya mampu melakukan perbaikan dalam upaya penegakan hukum di Indonesia,"" ungkapnya.
Di sisi lain, Aria Said, yang juga datang dari Solo, dengan tulus menyatakan dukungannya kepada pasangan Ganjar-Mahfud dalam Pemilu 2024 mendatang.
""Hal yang membuat saya menjatuhkan dukungan kepada pasangan Ganjar-Mahfud adalah karena kesederhanaan beliau berdua. Hal ini memang hal yang dibutuhkan pada sosok pemimpin Indonesia sekarang ini,"" tandasnya.
Editor : zainal arifin"
https://jateng.inews.id/berita/5-jenis-traktor-bantuan-ganjar-untuk-petani-nomor-4-khusus-digunakan-di-lereng-gunung,"Kamis, 19 Oktober 2023 - 13:20:00 WIB","5 Jenis Traktor Bantuan Ganjar untuk Petani, Nomor 4 Khusus Digunakan di Lereng Gunung","Scan this QR or download app from:
JAKARTA, iNews.id- Calon presidenGanjar Pranowosaat menjadi Gubernur Jawa Tengah menjalankan salah satu tanggung jawabnya untuk menyejahterakan pekerja, salah satunyapetani. Bentuk bantuan yang diberikan Ganjar terhadap para pekerja petani adalah dari pemberiantraktor.
Pada saat itu, ratusan kelompok tani di Kabupaten Rembang menerima bantuan alat mesin pertanian (Alsintan) dari Gubernur Jawa Tengah, Ganjar Pranowo, pada Sabtu, 30 Maret 2019, di Kantor Dinas Pertanian dan Pangan (Dintanpan) Kabupaten Rembang. Bantuan alat pertanian ini diberikan dengan tujuan meningkatkan produksi dan efisiensi pertanian di wilayah tersebut.

Peralatan pertanian yang disediakan mencakup 190 unit traktor, 77 unit cultivator, dan 31 unit pompa air. Alat-alat ini diberikan langsung oleh Ganjar kepada perwakilan kelompok tani di Kabupaten Rembang.
Ali Santoso, Ketua Kelompok Tani Guyub Rukun Desa Kuangsan, Kecamatan Kaliori, Kabupaten Rembang, merasa gembira dengan bantuan ini. Menurutnya, alat mesin pertanian tersebut telah lama menjadi impian para petani di Kabupaten Rembang.

Selama ini, banyak dari mereka masih menggunakan cara konvensional dalam bertani, seperti menggunakan sapi untuk membajak sawah dan menanam padi secara manual hingga masa panen. Dengan bantuan alat pertanian ini, diharapkan pekerjaan pertanian dapat menjadi lebih lancar dan mudah.
Ali menjelaskan bahwa di Desa Kuangsan terdapat sekitar 120 orang petani yang memiliki spesialisasi berbeda-beda, seperti menanam padi, palawija, tembakau, cabai, melon, dan sebagainya.

Ganjar Pranowo, saat menjadi Gubernur Jawa Tengah, memberikan bantuan, mengajak seluruh petani di Jawa Tengah untuk melakukan mekanisasi pertanian. Ia menekankan pentingnya perubahan dari sistem pertanian konvensional ke yang lebih modern agar pertanian di Jawa Tengah bisa lebih maju.
Ganjar juga menekankan bahwa kemajuan zaman mendorong petani untuk menggunakan peralatan pertanian yang lebih canggih. Hal ini tidak hanya akan membuat pekerjaan lebih efisien dan mudah, tetapi juga meningkatkan hasil pertanian. Dari pengolahan lahan hingga panen, semuanya menggunakan alat-alat modern, seperti traktor, transplanter, dan combine harvester.

Selain mekanisasi pertanian, cara bertani yang berkelanjutan juga harus ditingkatkan, termasuk penggunaan pupuk organik, pestisida organik, dan budidaya produk pertanian organik. Para petani juga harus menghadapi masalah menyempitnya lahan dan diharapkan untuk bekerja sama dalam membentuk kelompok tani guna mengkonsolidasikan lahan mereka.
Kepala Dintanpan Kabupaten Rembang, Suratmin, menyatakan bahwa di Kabupaten Rembang terdapat luas sawah sekitar 29.856 hektar dan luas tegalan 34.256 hektar. Namun, dibutuhkan sekitar 2.564 unit traktor untuk mengelola semua lahan ini, sementara yang tersedia saat itu baru mencapai 2.212 unit. Oleh karena itu, bantuan alat mesin pertanian ini sangat diapresiasi karena dapat membantu para petani dalam pekerjaan mereka.

Editor: Ahmad Antoni"
https://jabar.inews.id/berita/relawan-ganjaran-buruh-berjuang-lewat-goes-to-pabrik-perkuat-konsolidasi-pemenangan-ganjar-mahfud/2,"Selasa, 31 Oktober 2023 - 20:03:00 WIB","Relawan Ganjaran Buruh Berjuang lewat Goes to Pabrik, Perkuat Konsolidasi Pemenangan Ganjar-Mahfud","Scan this QR or download app from:


Di sisi lain, duet Ganjar-Mahfud juga ingin bertekad meningkatkan kesejahteraan buruh dan pekerja melalui kesempatan kerja yang produktif, pekerjaan yang layak, serta perlindungan ketenagakerjaan.
""Ada juga program peningkatan penyerapan tenaga kerja, kemudian sangat terkait dengan visi misi Pak Ganjar Pranowo terkait hilirisasi ekonomi, hilirisasi industri, industrialisasi nasional (5.0) yang dapat meningkatkan penyerapan tenaga kerja di Indonesia ke depan,"" kata Lukman.
GBB siap mengusung konsep hubungan industrial yang baik antara buruh, manajemen, pengusaha, dan pemerintah lewat pembentukan Komisi Nasional Hubungan Industrial (Komnas HI).
Dia yakin terbentuknya Komnas HI ini akan lebih memudahkan langkah strategis Ganjar-Mahfud untuk mempercepat laju pertumbuhan investasi dan mendorong kemandirian serta kesejahteraan buruh.
""Karena Komnas HI kami bentuk, kami usulkan bentuk prinsipnya adalah untuk penguatan industri nasional dan kesejahteraan buruh. Maka melalui Komnas HI ini visi misi Pak Ganjar di sektor industri industrial hilirisasi, dan sektor hubungan industrial daj kesejahteraan buruh bisa diaplikasikan secara cepat,"" katanya.
Sementara, HRD PT Lestari Busana Anggun Mahkota, Ikrom Marthajumda mengungkapkan upaya GBB menyerap aspirasi buruh seperti ini sangat penting dilakukan. Mengingat, hingga saat ini buruh di Indonesia masih berkutat soal kesejahteraan.
""Kami sangat berterima kasih sekali karena baru tahun ini, dalam pemilu ini ada relawan yang mau datang ke PT Lestari dan mendengarkan suara dari buruh itu sendiri. Unek-unek buruh bisa tersampaikan melalui tim GBB,"" kata Ikrom.
Editor: Maria Christina"
https://jabar.inews.id/berita/sultan-kanoman-cirebon-sambut-baik-pkp-berdikari-menangkan-ganjar-pranowo-jadi-presiden-2024,"Sabtu, 14 Oktober 2023 - 14:11:00 WIB",Sultan Kanoman Cirebon Sambut Baik PKP Berdikari Menangkan Ganjar Pranowo Jadi Presiden 2024,"Scan this QR or download app from:
CIREBON, iNews.id -SultanKeraton KanomanPangeran Abdul Gani menyambut baik tim Pusat Kerja dan Pengembangan Berdikari (PKP Berdikari) mengajak masyarakat Cirebon memenangkanGanjar Pranowomenjadi Presiden periode 2024-2029. Bacapres yang didukung Partai Perindo, Ganjar Pranowo, dinilai memiliki visi misi menyejahterakan masyarakat.
Pangeran Abdul Gani memberikan apresiasi visi misi Ganjar Pranowo yang konsentrasi kepada masyarakat menengah ke bawah dalam pembangunan ekonomi dan budaya.

""Keraton tentu sangat mengapresiasi visi misi Ganjar pranowo yang fokus pada kebudayaan dan pemberdayaan ekonomi kreatif,"" kata Sulatan Keraton Kanoman.
Dia berharap, jika Ganjar Pranowo terpilih menjadi presiden, berkomitmen untuk membangun ekonomi mandiri bagi masyarakat, khususnya Kota Cirebon, Jawa Barat.

""Harapan kami, ketika kandidat Presiden Ganjar Pranowo terpilih menjadi Presiden, bisa menghidupkan ekonomi yang mandiri. Dan visi misi itu, kami harap menjadi program nasional,"" kata Pangeran Abdul Gani.

Editor: Agus Warsudi"
https://jabar.inews.id/berita/nyoman-nuarta-ke-ganjar-pranowo-ini-istana-kepresidenan-kantor-masa-depan-bapak/2,"Rabu, 04 Oktober 2023 - 09:03:00 WIB","Nyoman Nuarta ke Ganjar Pranowo: Ini Istana Kepresidenan, Kantor Masa Depan Bapak","Scan this QR or download app from:


“Ini gambaran kurang lebih di dalam (Istana Negara). Ini nanti kantor kepresidenan di IKN pak Ganjar. Kantor masa depan bapak nanti kalau sudah jadi presiden,” kata Nyoman Nuarta kepada Ganjar sambil menunjukkan video desain Istana Negara di IKN.
Kemudian Nyoman Nuarta mengajak Ganjar ke workshop NuArt Sculpture Park untuk melihat bilah selubung Garuda di Istana Negara IKN Nusantara.

Ganjar mengatakan, sudah lama ingin bertemu dengan Nyoman Nuarta sejak lama. Ganjar mengaku sangat mengagumi seniman Nyoman Nuarta. “Sebenarnya sudah lama pengen ke tempat Nyoman Nuarta, seniman yang saya kagumi. Karyanya mendunia,” kata Ganjar setelah berkeliling Nyoman Nuarta Gallery.
Gubernur Jawa Tengah dua periode ini merasa senang bisa bertemu dan berdiskusi dengan Nyoman Nuarta. Ganjar pun memuji grand desain Istana Negara IKN yang saat ini dalam proses pembuatan.

“Di balik keindahan IKN Nusantara, ada pak I Nyoman Nuarta di sana, dengan dinamika luar biasa. Bahkah tadi diceritakan teknis, seni, dan konstruksinya,” ujar Ganjar Pranowo.

Editor: Agus Warsudi"
https://www.inews.id/lifestyle/seleb/mengenal-siti-atikoh-istri-ganjar-pranowo-yang-lahir-dari-keluarga-pesantren-dan-lulusan-tokyo,"Kamis, 05 Oktober 2023 - 20:03:00 WIB","Mengenal Siti Atikoh, Istri Ganjar Pranowo yang Lahir dari Keluarga Pesantren dan Lulusan Tokyo","Scan this QR or download app from:
JAKARTA, iNews.id- MengenalSiti AtikohSupriyanti atau yang kerap disapa Atikoh. Diamerupakan istri Bakal Calon Presiden 2024Ganjar Pranowo.
Keduanya diketahui telah menjadi pasangan suami istri sejak tahun 1999. Atikoh sering tersorot media mendampingi sang suami dalam berbagai kegiatan yang dijalankannya.


Mereka tak pernah gagal menarik perhatian dan perbincangan. Tak heran jika banyak yang ingin mengetahui lebih banyak tentang latar belakang Siti Atikoh.
Sosok Siti Atikoh

Siti Atikoh Supriyantilahir 52 tahun silam, lebih tepatnya pada tanggal 25 November 1971 di Purbalingga, Jawa Tengah. Tidak banyak yang tahu, Siti Atikoh lahir dari keluarga kalangan pesantren.
Kakeknya, Kiyai H Hasyim Abdul Karim, merupakan pendiri Pondok Pesantren Riyadus Sholihin Kalijaran, Karanganyar, Purbalingga, Jawa Tengah. KH Hasyim Abdul Karim juga merupakan ulama sekaligus tokoh Nahdlatul Ulama (NU) yang terpandang di Jawa Tengah."
https://jabar.inews.id/berita/pkp-berdikari-rangkul-masyarakat-indramayu-menangkan-ganjar-pranowo-di-pilpres-2024,"Sabtu, 14 Oktober 2023 - 14:27:00 WIB",PKP Berdikari Rangkul Masyarakat Indramayu Menangkan Ganjar Pranowo di Pilpres 2024,"Scan this QR or download app from:
INDRAMAYU, iNews.id -Pusat Kerja dan Pengembangan (PKP) Berdikari merangkul tokoh masyarakat KabupatenIndramayumendukung Bacapres yang didukung Partai Perindo,Ganjar Pranowodi Pilpres 2024. Ganjar Pranowo berkomitmen melanjutkan pembangunan yang telah berjalan saat ini.
""Ganjar Pranowo bisa melanjutkan program kerja Presiden Joko Widodo yang giat melakukan pembangunan di berbagai bidang,"" kata Ketua Umum PKP Berdikari Osmar Tanjung didampingi Sekjen DPP PKP Berdikari Yulnofrin dan Perwakilan Pengurus DPD PKP Berdikari Indramayu Asep Syaifullah di Museum Dunia Tanah Pusaka, Desa Sukahurip, Indramayu, Sabtu (14/10/2024).

Osmar Tanjung menyatakan, Ganjar adalah sosok capres yang mampu melanjutkan dan memahami cara kerja Presiden Jokowi, serta berkomitmen meneruskan pembangunan yang selama ini sudah berjalan.
Karena itu, ujar Osmar Tanjung, PKP Berdikari menggandeng beberapa tokoh masyarakat, baik agama, budaya, dan pemuda, yang siapall outmemenangkan Ganjar menjadi Presiden RI pada Pilpres 2024.


Editor: Agus Warsudi"
https://www.inews.id/news/nasional/deretan-makanan-favorit-ganjar-pranowo-ternyata-sangat-sederhana,"Kamis, 12 Oktober 2023 - 18:04:00 WIB","Deretan Makanan Favorit Ganjar Pranowo, Ternyata Sangat Sederhana","Scan this QR or download app from:
JAKARTA, iNews.id- Bakal Calon PresidenGanjar Pranowoselalu menyempatkan diri untuk mencari santapan lezat meskipun punya jadwal sangat padat. Makanan favoritnya sangat sederhana, tapi bisa membuat bahagia.
Kesukaannya pada kuliner membuat Ganjar Pranowo yang sering bersepeda keliling Semarang di akhir pekan sering mampir di lapak para pedagang makanan. Ganjar yang terkenal ramah ini juga mencicipi kuliner di berbagai daerah di Jawa Tengah (Jateng), mulai dari Batang hingga Pekalongan.


Ganjar kerap membahas aktivitasnya, termasuk saat berburu kuliner Indonesia di akun YouTube pribadi. Mantan gubernur Jateng dua periode ini biasanya memilih makanan lokal mulai dari soto, sayur lodeh, hingga mangut ikan mayung.
Apa saja deretan makanan favorit Ganjar Pranowo? Untuk menu sarapan, tempe sambal dengan nasi hangat  jadi pilihan Ganjar. Selain itu, makanan favoritnya nasi goreng. Dia bahkan bisa membuat bumbu nasi goreng yang dia pelajari khusus dari sang ibunda.

Ganjar juga punya warung nasi goreng favorit yang dia datangi saat ingin menikmati kuliner lezat. Salah satunya warung nasi goreng babat Pak Karmin yang berada di kawasan Mberok, Kota Lama, Semarang.
Menurut Ganjar, nasi goreng babat Pak Karmin berbeda dengan nasi goreng lain karena dibuat dari babat gongso yang lezat.

Ganjar tak sungkan selalu membawa bekal makan siang ke kantor semasa masih menjadi gubernur Jateng. Masakan favorit Ganjar sambal terong buatan sang istri yang selalu dia puji.
Dia juga sangat menikmati sayuran pepaya dan ayam bakar. Menurut istrinya Siti Atikoh, sayuran pepaya dan ayam bakar selalu menjadi makanan wajib yang harus disantap, terutama ketika lebaran. Atikoh mengaku sering menyiapkan dua menu favorit keluarga.

Siti Atikoh harus mengolah ayam bakar ini di rumah, tidak bisa dibeli di rumah makan atau restoran. Pasalnya, ayam bakar favorit Ganjar spesial dan punya cara pengolahan yang unik.
"
https://jabar.inews.id/berita/kuliah-umum-di-unpar-ganjar-sebut-359-persen-anak-muda-tak-puas-sistem-demokrasi,"Rabu, 11 Oktober 2023 - 12:07:00 WIB","Kuliah Umum di Unpar, Ganjar Sebut 35,9 Persen Anak Muda Tak Puas Sistem Demokrasi","Scan this QR or download app from:
BANDUNG, iNews,id- Bakal Calon Presiden (Bacapres) 2024,Ganjar Pranowomemberikankuliah umumkepada mahasiswa Universitas Parahyangan (Unpar) Bandung bertajuk “Dialog Kebangsaan: Peran Pemuda dalam Masa Depan Politik Indonesia”, Rabu (11/10/2023).
Kedatangan Ganjar Pranowo ini pun disambut meriah oleh ribuan mahasiswa Unpar. Terlihat, para mahasiswa ini menyambut dengan tepuk tangan dan saut menyaut memanggilnya.

""Pak Ganjar, Pak Ganjar, Pak Ganjar,"" teriak mahasiswa.
Mengawali pemaparannya, Ganjar Pranowo pun melontarkan pertanyaan kepada mahasiswa yang hadir di Auditorium PPAG Unpar tersebut.

""Pemuda berpolitik boleh engga?"" tanya Ganjar.
""Pernah gak ngopi, nongkrong bahas Indonesia,"" tanya Ganjar lagi.

Pertanyaan Bacapres Partai Perindo Ganjar Pranowo itu pun dijawab oleh seorang mahasiswi dari Fakultas Hukum.
""Pernah,"" jawab mahasiswi tersebut.
Lantas, Ganjar pun kembali bertanya untuk menyebutkan permasalahan di Indonesia yang harus segera diselesaikan.
""Penguasa yang seenak jidat dan penutupan tempat peribadahan,"" timpal mahasiswi itu.
Ganjar yang dikenal sebagai sosok pemimpin muda, energetik, merakyat, berprestasi, berpengalaman dan family man itu pun lantas memuji jawaban lugas dari mahasiswi tersebut.
""Saya suka bahasa anak muda ini yang lugas. Penguasa yang seenak jidat dan tentang kebebasan beribadah,"" katanya.
Ganjar memamparkan, berdasarkan data Centre for Strategic and International Studies (CSIS) tahun 2022, ada sebanyak 35,9 persen anak muda tidak puas dengan sistem demokrasi saat ini.""Anak muda dan politik di Indonesia menurut CSIS (2022) 91,3 persen anak muda nyoblos di Pemilu 2019. Ada 35,9 persen anak muda tidak puas dengan sistem demokrasi saat ini, kaya mahasiswa tadi pemerintah seenak jidat,"" tuturnya.
Ganjar mengakui, dirinya pun tidak akan terjun ke dunia politik andai tidak ada peristiwa 1998.
""Jikalau tidak ada peristiwa 1998, mungkin tidak akan saya jadi gubernur, DPR, orang yang diperhitungkan. Artinya apa? Dalam sistem demokrasi siapapun bisa jadi apapun dalam politik,"" katanya.

Editor: Asep Supiandi"
https://jateng.inews.id/berita/3-fakta-mengejutkan-dan-bersejarah-kabupaten-karanganyar-bersama-calon-presiden-ganjar-pranowo,"Jumat, 20 Oktober 2023 - 21:41:00 WIB",3 Fakta Mengejutkan dan Bersejarah Kabupaten Karanganyar Bersama Calon Presiden Ganjar Pranowo,"Scan this QR or download app from:
JAKARTA, iNews.id- Seorang Calon PresidenGanjar Pranowo, yang terkenal dengan komitmennya terhadap kemajuan daerah, memiliki ikatan emosional yang kuat dengan KabupatenKaranganyar, tempat kelahirannya.
Kabupaten yang terletak di Jawa Tengah ini, selain memiliki keindahan alam yang memukau, juga mengusung aspek-aspek menarik yang mencerminkan warisan budaya, sejarah yang kaya, dan kekayaan alam yang melimpah.

Apa sajakah fakta-fakta mengejutkan mengenai Kabupaten Karanganyar yang juga dikenal dengan julukan Bumi Intanpari?
Berikut adalah beberapa di antaranya:

Kabupaten Karanganyar memiliki akar sejarah yang berawal dari masa perjuangan Raden Mas Said antara tahun 1741 hingga 1757. Peran utama dalam penamaan Karanganyar dipegang oleh Raden Mas Said, yang juga dikenal sebagai Pangeran Samber Nyawa.
Dia memilih wilayah ini sebagai pusat perlawanan melawan penjajah Belanda.Perjuangan melawan penjajah Belanda memunculkan Karanganyar sebagai simbol perlawanan dan ketahanan, menjadikan nama Kabupaten Karanganyar sebagai lambang semangat perjuangan rakyat melawan penindasan kolonial.

Tempat kelahiran Calon Presiden Ganjar Pranowo ini juga dikenal sebagai Bumi Intanpari, yang mencerminkan keberagaman ekonomi di Karanganyar, termasuk sektor industri, pertanian, dan pariwisata.
Karanganyar menawarkan pesona alam seperti Air Terjun Jumog, Air Terjun Grojokan Sewu, dan sejumlah tempat wisata menarik.

Keindahan alamnya disandingkan dengan opsi hiburan seperti Agrowisata Sondokoro dan Rumah The Hobbit. Sektor pertanian di Kabupaten Karanganyar berkontribusi besar terhadap hasil pertanian di Provinsi Jawa Tengah, dengan fokus pada padi organik, ubi jalar, bawang putih, durian, dan produk pertanian unggulan lainnya.
Selain menjadi tempat kelahiran Calon Presiden Ganjar Pranowo, Kabupaten Karanganyar juga menjadi tempat Astana Giribangun, kompleks makam dan bangunan yang diperuntukkan bagi keluarga mantan Presiden Republik Indonesia, Soeharto.

Tempat ini terletak di Desa Girilayu, Kecamatan Matesih, Kabupaten Karanganyar, yang menjadi tempat peristirahatan terakhir Soeharto. Selain sebagai situs pemakaman, kompleks ini mencakup berbagai fasilitas pendukung, seperti masjid, rumah keluarga untuk berziarah, dan tempat parkir.
Kabupaten Karanganyar memiliki kisah sejarah yang kaya dan menawarkan keindahan alam yang luar biasa. Dengan peran penting dalam perjuangan melawan penjajah Belanda, julukan Bumi Intanpari, serta menjadi tempat peristirahatan terakhir Presiden Soeharto, Kabupaten Karanganyar memiliki tempat khusus dalam sejarah dan budaya Indonesia.
Editor: Komaruddin Bagja"
https://jabar.inews.id/berita/relawan-ganjar-pranowo-edukasi-safety-riding-bagi-driver-ojek-online-di-cimahi/2,"Kamis, 21 September 2023 - 10:27:00 WIB",Relawan Ganjar Pranowo Edukasi Safety Riding bagi Driver Ojek Online di Cimahi,"Scan this QR or download app from:

Randry mengatakan, driver ojol setiap harinya mengendarai motor untuk mengantarkan penumpang, barang, dan pesanan makanan. Namun, masih ada driver yang belum terlalu paham mengenai safety riding dalam berkendara. Hal itu berisiko terhadap keselamatan diri dan penumpangnya.

“Jadi, ojek online tidak terlalu paham dan kurang pengetahuan tentang safety riding. Padahal itu kan penting dalam berkendara, keselamatan paling utama,” ujar Randry.
Tak sekadar memberikan edukasi mengenai safety riding, tutur Randry, GMP juga memberikan sepatu kepada driver ojek online agar dapat digunakan saat bekerja.

Koordinator Pusat GMP berharap setelah mengikuti kegiatan safety riding, para driver ojol lebih berhati-hati dalam berkendara. “Jadi berkendara bukan sekadar mengendarai, tapi harus ada yang ditaati. Seperti rambu-rambu, peraturan, kelengkapan kendaraan, dan lain-lain,” tutur dia.

Editor: Agus Warsudi"
https://ntb.inews.id/berita/silaturahmi-ke-ponpes-nurul-muhsinin-ganjar-dan-tgb-disambut-para-ulama-dan-ratusan-santri,"Senin, 16 Oktober 2023 - 10:29:00 WIB","Silaturahmi ke Ponpes Nurul Muhsinin, Ganjar dan TGB Disambut Para Ulama dan Ratusan Santri","Scan this QR or download app from:
LOMBOK, iNews.id- Bakal Calon Presiden (Bacapres) dari Partai PerindoGanjar Pranowodidampingi Ketua Harian DPP Partai Perindo Tuan Guru Bajang (TGB)Muhammad Zainul Majdisowan kePonpes Nurul Muhsinin, Minggu (15/10/2023). Kedatangan mereka disambut puluhanulamadan ratusansantriserta masyarakat.
Ganjar juga disambut pengasuh Ponpes Nurul Muhsinin Tuan Guru Haji (TGH) Daud Muhsin. Rombongan kemudian masuk ke kediaman untuk bersilaturahmi

Ganjar mengaku sangat senang bisa bersilaturahmi dengan para Tuan Guru, ulama serta masyarakat di NTB. Menurutnya, silaturahmi ini menjadikan hubungan antara sesama anak bangsa semakin erat.
""Saya terima kasih disambut dengan luar biasa. Bertemu dengan para Tuan Guru yang selalu memberikan kesejukan dan ilmu pada kita semua,"" ucapnya.

Menurut Ganjar, kehidupan spiritualitas NTB tak perlu diragukan lagi. Banyak pondok pesantren yang ada di daerah ini.
""Namun saya mengajak semuanya untuk bersiap. Kemajuan sudah begitu pesat, maka anak-anak kita harus kita bekali dengan ilmu pengetahuan dan teknologi agar siap menghadapi perubahan itu,"" katanya.

Sementara pengasuh Ponpes Nurul Muhsinin TGH Daud Muhsin juga memberikan pesan khusus kepada Ganjar.

Editor: Donald Karouw"
https://jabar.inews.id/berita/pimpinan-ponpes-gedongan-cirebon-beri-tongkat-kayu-dan-tasbih-langka-ke-ganjar-pranowo,"Senin, 09 Oktober 2023 - 08:54:00 WIB",Pimpinan Ponpes Gedongan Cirebon Beri Tongkat Kayu dan Tasbih Langka ke Ganjar Pranowo,"Scan this QR or download app from:
CIREBON, iNews.id -PimpinanPondok Pesantren(Ponpes) Gedongan Cirebon KH Abdul Hayyi Imam memberikan serban putih, tongkat kayu, dan tasbih langka kepada Bakal Calon Presiden (Bacapres) yang didukung Partai Perindo,Ganjar Pranowosaat mengunjungi ponpes itu, Minggu (8/10/2023). Tongkat kayu yang diberikan kepada Ganjar itu istimewa karena terbuat dari pohon syaffarizal.
“Ini (tongkat kayu) sangat susah dicari. Ini bukan kokka tapi kayu syaffarizal asli yang biasa saya pakai,” kata KH Abdul Hayyi Imam saat memberikan tongkat kayu kepada Ganjar.

Kedatangan Ganjar ke Ponpes Gedongan untuk silahturahmi dan diskusi dengan para kiai dan ulama.
KH Abdul Hayyi Imam menyampaikan rasa ucapan terima kasih karena Ganjar Pranowo menyempatkan waktu untuk berkunjung ke Ponpes Gedongan.

“Kami tahu Bapak Ganjar adalah tokoh nasional, tentu saja kami dari masyayikh Ponpes Gedongan ikut mendoakan, mudah-mudahan senantiasa diberikan kemudahan,” ujar KH Abdul Hayyi Imam.
Dalam kesempatan tersebut, KH Abdul Hayyi Imam pun turut mendoakan agar Ganjar terpilih menjadi Presiden RI periode 2024-2029.


Editor: Agus Warsudi"
https://jabar.inews.id/berita/relawan-ganjar-ramaikan-pesta-laut-di-cirebon-dukung-pelestarian-tradisi-dan-budaya,"Minggu, 03 September 2023 - 18:48:00 WIB","Relawan Ganjar Ramaikan Pesta Laut di Cirebon, Dukung Pelestarian Tradisi dan Budaya","Scan this QR or download app from:
CIREBON, iNews.id -Warga Desa Citemu, Kecamatan Mundu, Kabupaten Cirebon, menggelarPesta LautNadran atauSedekah Lautdi Pasar Ikan Selo Pengantin, Minggu (3/9/2023). Upacara adat para nelayan pesisir pantai utara Jawa Barat yang digelar sabagai ungkapan rasa syukur para nelayan atas rezeki tangkapan laut ini meriah didukung oleh Komunitas Nelayan Pesisir (KNP), relawanGanjar Pranowo, bacapres Partai Perindo.
""Kami meramaikan Pesta Laut Nadran karena mendapat undangan dari panitia. Kehadiran kami juga bentuk dukungan atas pelestarian tradisi dan budaya nelayan,"" kata Koordinator Wilayah KNP Jawa Barat Asep Hidayat.

Asep Hidayat menyatakan, tradisi setahun sekali ini perlu dilestarikan dengan semangat gotong royong agar tidak punah. Dukungan KNP Jabar kepada tradisi masyarakat nelayan ini dilakukan terinspirasi oleh Ganjar Pranowo yang mendukung pelestarian seni budaya. ""Pesta Laut Nadran di Cirebon jangan sampai hilang. Tetap dilestarikan. Ini budaya yang sudah ada sejak dulu,"" ujar dia.
Dalam Pesta Laut Nadran tampak puluhan dan ratusan nelayan berkumpul di Kali Citemu, Pasar Ikan Selo Pengantin. Perahu dankapal nelayandihias, dari bendera merah putih, komunitas, hingga bergambar Ganjar Pranowo.


Editor: Agus Warsudi"
https://jabar.inews.id/berita/silahturahmi-ke-rumah-ceu-popong-ganjar-pranowo-saya-dapat-banyak-pencerahan,"Rabu, 04 Oktober 2023 - 14:37:00 WIB","Silahturahmi ke Rumah Ceu Popong, Ganjar Pranowo: Saya Dapat Banyak Pencerahan","Scan this QR or download app from:
BANDUNG, iNews.id -Ganjar Pranowo, Bakal Calon Presiden (Bacapres) Partai Perindo, salaturahmi ke kediamanantokoh SundaPopong Otje Djundjunan atau akrab disapa Ceu Popong di Jalan Cipaganti,Kota Bandung, Rabu (4/10/2023). Dari silaturahmi itu, Ganjar Pranowo mengaku banyak mendapatkan pencerahan dari Ceu Popong.
Saat tiba, Ganjar langsung disambut meriah oleh Ceu Popong. Ganjar diajak berkeliling ke dalam rumahnya, melihat foto-foto keluarga, lalu penghargaan yang diterima oleh Ceu Popong. Setelah itu, Ganjar dan Ceu Popong berbincang-bincang beragam hal.

“Saya diterima sangat ramah, menyenangkan dengan suasana ya seperti ibu saya. Dengan tentu suasana ini jarang kita dapatkan. Maka hari ini saya merasa seperti datang kepada saudara, seperti datang kepada ibu saya. Terima kasih Ceu Popong,” kata Ganjar usai bertemu Ceu Popong.
Tak hanya mendapatkan sambutan yang ramah, Ganjar juga diberikan wejangan dari Ceu Popong. Misalnya terkait filsofis kepemimpinan, kontestasi politik hingga kandidasi yang disebut sudah ditakdirkan jalannya.

“Ini sejarah dan hari ini saya mendapatkan banyak sekali pencerahan, satu yang sangat filosofis adalah soal pimpinan, kontestasi politik, kandisi itu sudah ada garis tangannya, sudah ada takdirnya,” kata ganjar Pranowo didampingi bacaleg DPR dari Partai Perindo Djoni Toat Muljadi.

Editor: Agus Warsudi"
https://bali.inews.id/berita/5-fakta-unik-tari-pendet-tarian-bali-yang-sambut-ganjar-pranowo,"Senin, 06 November 2023 - 16:12:00 WITA","5 Fakta Unik Tari Pendet, Tarian Bali yang Sambut Ganjar Pranowo","Scan this QR or download app from:
DENPASAR, iNews.id -Calon PresidenGanjar Pranowodisambut hangat oleh masyarakatBalihingga disuguhi pertunjukan oleh Tari Pender oleh 190 penari di Prama Sanur Beach Hotel Bali. Diketahui jika tarian ini memiliki banyak arti.
Para penari ini menampilkan tari pendet yang indah untuk menyambut kedatangan Ganjar Pranowo. Para penari ini sebagian besar merupakan anak-anak sekolah dasar, namun mereka tetap tampil memukau. Ganjar Pranowo pun mengaku sangat terkesan dan memberikan apresiasi kepada mereka.

Taukah kamu bahwa, Tari Pendet sebuah tarian tradisional Bali yang meriah dan memiliki beberapa fakta menarik yang bisa dikulas? Berikut ini adalah beberapa fakta unik mengenai Tari Pendet.
Tari Pendet adalah sebuah tarian tradisional yang berasal dari Provinsi Bali, Indonesia. Awalnya, tarian ini memiliki karakter sakral dan digunakan sebagai persembahan oleh umat Hindu saat mereka melakukan sembahyang di Pura.

Namun, seiring berjalannya waktu dan usaha untuk mempertahankan eksistensinya, sejumlah seniman Bali mulai mengembangkan Tari Pendet.
Dalam proses perkembangannya, maestro seni tari Bali yang bernama I Wayan Rindi dan temannya, Ni Ketut Reneng, memainkan peran penting dalam mengembangkan gerakan Tari Pendet.

Mereka berhasil memadukan elemen-elemen Tari Pendet Dewa ke dalam Tari Pendet yang lebih dikenal dan populer hingga saat ini. Dengan demikian, nilai-nilai sakral dari tarian tersebut tetap terjaga sambil menghadirkan inovasi dalam tari tradisional yang digunakan untuk menyambut Calon Presiden Ganjar Pranowo ini.
Dikutip dari berbagai sumber Tari Pendet ternyata menggunakan pola lantai berbentuk garis lengkung yang dapat disusun menjadi bentuk lingkaran, setengah lingkaran, atau variasi lainnya.

Tari Pendet awalnya digunakan dalam konteks keagamaan Hindu di Bali dan berfungsi sebagai tarian penyambutan dewa atau persembahan dalam upacara piodalan atau dewa Yadnya di pura-pura.
Dalam kepercayaan Hindu di Bali, tarian yang digunakan untuk menyambut Ganjar Pranowo ini merupakan salah satu cara untuk menyambut kedatangan para dewata dari khayangan, dan oleh karena itu, memiliki nilai sakral yang tinggi.
Kegiatan puncak Konferensi Tingkat Tinggi (KTT) G20 sebelumnya telah diselenggarakan di Bali pada tanggal 15-16 November 2022. Sebagai tuan rumah, Indonesia telah melakukan berbagai persiapan untuk menyambut para delegasi negara.
Sekretaris Kementerian Sekretariat Negara, Setya Utama, ketika itu mengungkapkan bahwa para delegasi KTT G20 akan disambut dengan Tari Pendet ketika mereka tiba di bandara.
Editor: Nani Suherni"
https://pangandaran.inews.id/read/336708/bacaleg-dpr-ri-lutfi-fauzi-dukung-penuh-jadi-presiden-ganjar-pranowo-pilihan-tepat,"Rabu, 23 Agustus 2023 | 18:45 WIB","Bacaleg DPR RI Lutfi Fauzi: Dukung Penuh Jadi Presiden, Ganjar Pranowo Pilihan Tepat","Scan this QR or download app from:
PANGANDARAN.iNewsPangandaran.id- Optimis menang, Bakal Calon Legislatif (Bacaleg) Kyai Lutfhi Fauzi asal Pangandaran dari Partai PDI Perjuangan Dapil X Jawa Barat,dukung penuh Ganjar Pranowojadi Presiden.
Diketahui, Kyai Lutfhi Fauzi Bakal Calon Legislatif (Bacaleg) ini asal Kecamatan Padaherang Kabupaten Pangandaran Jawa Barat, yang juga sebagai pengasuh Pondok Pesantren Riyadussalikin.
Kini ia mencalonkan kembali menjadi Bacaleg dari partai PDI Perjuangan Dapil X Jawa Barat dan ia optimis menang.
""PDI Perjuangan ini sangat komitmen bersama rakyat, komitmen terhadap wong cilik tentunya,""Ucap Kyai Lutfhi Fauzi Bakal Calon Legislatif (Bacaleg) PDI Perjuangan dari Dapil X Jawa Barat.
Menurutnya, PDI Perjuangan itu selalu mementingkan rakyat, pendidikan, kaum- kaum lemah yang tentunya agar indonesia lebih sejahtera.
Editor : Irfan Ramdiansyah"
https://sragen.inews.id/read/360674/optimis-menangkan-pasangan-ganjar-mahfud-relawan-sukoharjo-resmikan-posko-pemenangan,"Minggu, 22 Oktober 2023 | 17:15 WIB","Optimis Menangkan Pasangan Ganjar-Mahfud, Relawan Sukoharjo Resmikan Posko Pemenangan","Scan this QR or download app from:
SUKOHARJO,iNewsSragen.id- Sekira200 oranglebihpendukung Ganjar Pranowodi Kabupaten Sukoharjo menggelar acaraperesmian posko pemenanganGanjar Pranowo-Mahfud MD,pasangan Capres-CawapresPemilu 2024, di Jalan Raya Baki-Pandeyan, Kecamatan Baki pada, Minggu (22/10/2023).
Acara peresmian posko bersama dengan diawali potong tumpeng itu juga dihadiri sejumlah tokoh dan Ketua Umum Kornas Ganjarist Kris Tjantra, Agus Santosa Wakil Bupati Sukoharjo, dan Sunu Prasetyo Ketua Alumni Perguruan Tinggi Solo Raya.
""Jadi ini kurang lebih dari 100 hari (coblosan Pemilu 2024), pergerakan kami untuk memenangkan Ganjar-Mahfud. Oleh karenanya kami harus bisa bersinergi dengan partai-partai pendukung,"" kata Kris Tjantra yang secara khusus datang dari Jakarta.
Menurutnya, pasca penetapan pasangan Ganjar-Mahfud, pihaknya juga langsung menginstruksikan kepada seluruh relawan Ganjarist di Indonesia agar bisa berkolaborasi dan bersinergi dengan seluruh elemen masyarakat serta simpatisan pendukung Ganjar-Mahfud.
""Seperti hari ini sangat baik. Dengan adanya sinergi maka harus bisa dipadukan untuk bergerak bersama, bekerja bersama untuk memenangkan Mas Ganjar dan Pak Mahfud,"" tegas Kris.
Editor : Joko Piroso"
https://jatim.inews.id/berita/ganjar-nilai-masjid-cheng-ho-jadi-tolok-ukur-keberagaman-ini-5-fakta-masjid-cheng-ho-surabaya,"Senin, 16 Oktober 2023 - 18:50:00 WIB","Ganjar Nilai Masjid Cheng Ho jadi Tolok Ukur Keberagaman, Ini 5 Fakta Masjid Cheng Ho Surabaya","Scan this QR or download app from:
SURABAYA, iNews.id-Bacapres Ganjar Pranowobersama Ketua Umum Partai Persatuan Indonesia (Perindo) Hary Tanoesodibjo (HT) mendatangi Masjid Cheng Ho di Surabaya, Jawa Timur pada sabtu (14/10/23) dalam rangka hari jadi ke-21Masjid Cheng Ho Surabaya.
Ganjar kagum dengan keberadaan Masjid Cheng Ho di Surabaya, Jawa Timur (Jatim). Sebab, masjid ini membela toleransi beragama. Ganjar meyakini Masjid Cheng Ho merupakan cerminan keharmonisan. Terlebih, masjid ini dibangun sebagai bagian dari kerjasama dan gotong royong antar umat beragama.

Menurut Ganjar, Masjid Cheng Ho bisa menjadi tolok ukur masyarakat Indonesia dalam membangun tempat ibadah. ""Ini menjadi tempat berkumpul, mereka bisa berdiskusi menyelesaikan banyak persoalan,"" ucap Ganjar.
Dia mengungkapkan, Masjid Cheng Ho Surabaya merupakan tempat netral bagi seluruh warga. Ia berharap permasalahan masyarakat yang kompleks dapat terselesaikan dengan baik.

Berlokasi di Jalan Gading Nomor 2, Ketabang, Kecamatan Genteng, Kota Surabaya, Masjid Cheng Ho Surabaya merupakan tempat ibadah umat Islam unik yang dibangun sebagai monumen eksistensi Muslim Tionghoa yang berada di Indonesia. Berikut beberapa fakta unik dari Masjid tersebut.
1. Mengadopsi Gaya Arsitektur Cina

Tidak banyak masjid di Indonesia yang mengadopsi gaya arsitektur Tionghoa secara keseluruhan. Masjid Muhammad Cheng Ho di Surabaya adalah salah satunya. Masjid bergaya Tionghoa ini dibangun oleh Persatuan Muslim Tionghoa-Indonesia (P1TI) untuk menunjukkan rasa hormat kepada Cheng Ho.
Cheng Ho adalah nama panggilan Admiral Zheng He, seorang laksamana Muslim asal Tiongkok. Ia mendarat di pantai Simongan, Semarang, pada tahun 1410 dan 1416 untuk mengunjungi Raja Majapahit sebagai utusan Kaisar Yung Lo dengan misi menyebarkan agama Islam.
Bangunan masjid ini menyerupai bentuk kuil atau tempat ibadah Buddha yang banyak ditemukan di Tiongkok. Hal ini terlihat sangat jelas berkat bentuk atapnya yang konon mirip dengan gaya arsitektur Masjid Niu Jie (Jalan Sapi) di Beijing. Namun jika diperhatikan lebih dekat, bangunan masjid ini terlihat seperti kapal. Bentuk ini merupakan simbol Cheng Ho sebagai seorang pelaut.
2. Didominasi Warna Merah
Rata-rata masjid memiliki warna hijau pada bangunannya. Pada Masjid Muhammad Cheng Ho, didominasi warna merah, lalu dikombinasikan dengan warna yang lain seperti hijau, biru dan kuning. Warna merah melambangkan kebahagiaan, kuning kejayaan, hijau kemakmuran dan biru merupakan harapan.
Editor: Kastolani Marzuki"
https://jabar.inews.id/berita/warga-ciawi-bogor-dapat-layanan-pengecekan-kesehatan-gratis-dari-kowarteg-dukung-ganjar,"Rabu, 01 November 2023 - 21:27:00 WIB",Warga Ciawi Bogor Dapat Layanan Pengecekan Kesehatan Gratis dari Kowarteg Dukung Ganjar,"Scan this QR or download app from:
BOGOR, iNews.id -Komunitas Warung Tegal (Kowarteg) Indonesia, relawan capres yang didukung Partai Perindo,Ganjar Pranowo, menggelar kegiatan pengecekan kesehatan gratis di Kampung Ranji RT 003/006 Gang Vulkanin, Desa Teluk Pinang, Kecamatan Ciawi,Kabupaten Bogor, Rabu (1/11/2023). Kegiatan itu disambut antusias warga.
Warga Kampung Ranji sangat mengapresiasi loyalis Ganjar Pranowo itu. Sulisetiawati, warga Kampung Ranji mengatakan, layanan pengecekan kesehatan gratis sangat bermanfaat bagi masyarakat.

""Dengan pengecekan kesehatan gratis ini kami jadi mengetahui penyakit di tubuh kami,"" kata Sulisetiawati.
Sulisetiawati mengaku memiliki kadar kolesterol tinggi. ""Kemarin kolesterol masih tinggi. Sekarang alhamdulillah kolesterol saya turun,"" ujar dia.

Sementara itu, Koordinator Wilayah Kowarteg Jabar Sujoko Dewo mengatakan, cek kesehatan gratis digelar untuk membantu masyarakat mencegah penyakit.

Editor: Agus Warsudi"
https://jabar.inews.id/berita/seru-warga-kersamanah-garut-ngobeng-lauk-bersama-relawan-ganjar-pranowo-mahfud-md,,,
https://jatim.inews.id/berita/5-tradisi-khas-dan-unik-suku-madura-suku-mahfud-md-cawapres-ganjar-pranowo,"Kamis, 19 Oktober 2023 - 19:54:00 WIB","5 Tradisi Khas dan Unik Suku Madura, Suku Mahfud MD Cawapres Ganjar Pranowo","Scan this QR or download app from:
SURABAYA, iNews.id -TradisikhasSuku Maduramenarik diulas. Madura merupakan sukuMahfud MD,cawapresGanjar Pranowo. Mahfud lahir di Madura, pada 13 Mei 1957 dengan nama lengkap Mohammad Mahfud Mahmodin. Dia memiliki silsilah asli suku Madura.
Suku Madura memiliki berbagai macam tradisi yang dilestarikan sejak zaman dahulu. Tradisiunikini seringkali menjadi daya tarik wisatawan saat berkunjung ke Madura. Tradisi suku Madura juga sangat melekat dengan kehidupan masyarakat.

1. Tradisi Karapan Sapi
Karapan Sapi merupakan tradisi masyarakat Madura yang paling populer. Tradisi ini digelar setiap tahun antara bulan Agustus atau September dan akan dilombakan lagi pada final pada akhir bulan September atau Oktober.

Pada tradisi Karapan Sapi ini, terdapat seorang joki dan dua ekor sapi yang beradu kecepatan berlomba berlari untuk sampai ke garis finis.
Joki sapi tersebut berdiri di atas kereta kayu dan mengendalikan arah lari sapi. Panjang lintasan karapan sapi ini kurang lebih 100 meter dan perlombaan biasanya berlangsung dari 10 detik hingga 1 menit.
Editor: Ihya Ulumuddin"
https://jabar.inews.id/infografis/sambangi-jalan-braga-bandung-ganjar-pranowo-diajak-selfie-warga-dan-hantu-asia-afrika,,,"Scan this QR or download app from:
Alamat yang anda masukkan salah, tidak tersedia atau sudah dihapus"
https://www.inews.id/lifestyle/seleb/profil-dan-biodata-alam-ganjar-anak-tunggal-ganjar-pranowo-yang-punya-segudang-prestasi,"Kamis, 05 Oktober 2023 - 19:48:00 WIB","Profil dan Biodata Alam Ganjar, Anak Tunggal Ganjar Pranowo yang Punya Segudang Prestasi","Scan this QR or download app from:
JAKARTA, iNews.id- Inilah profil anak semata wayangGanjar Pranowo, Muhammad ZinedineAlam Ganjar, yang punya segudang prestasi. Namanya belakangan ini menjadi perbincangan oleh netizen karena kerap ikut mendampingi sang ayah ketika sedang menyapa publik.
Tak hanya tampan, sosoknya yang berprestasi dan dinilai kharismatik menjadi daya tarik tersendiri bagi para netizen, terutama kalangan Gen Z. Tak ayal, profilnya dan sosok kepribadiannya sedang ramai dicari warganet.


Berikutprofil Alam Ganjaryang telah dirangkum pada Kamis (5/10/2023).
Mengutip dari profil Linkedin pribadinya, Muhammad Zidane Alam Ganjar merupakan pria Kelahiran 14 Desember 2001. Putra semata wayang Ganjar Pranowo dan Siti Atikoh saat ini sedang menempuh pendidikan Teknik Industri di Universitas Gadjah Mada (UGM).

Menariknya, satu keluarga ternyata sama-sama mengenyam di bangku perkuliahan di Universitas Gadjah Mada (UGM). Ganjar adalah lulusan Fakultas Hukum, Siti Atikoh lulusan Fakultas Pertanian, sedangkan Alam kuliah di Fakultas Teknik.
Alam Ganjar pun aktif di kegiatan kampus. Salah satunya menjadi anggota Himpunan Mahasiswa Teknologi Informasi (HMTI) UGM. Selain itu, Alam Ganjar memiliki ketertarikan pada dunia E-Sport. Saat ini ia menjabat sebagai Vice Chairman ESI daerah Jawa Tengah PBSI."
https://ttu.inews.id/read/340388/pengamat-nilai-ganjar-cukup-berhasil-atasi-krisis-air-bersih-di-jateng,"Jum'at, 01 September 2023 | 12:50 WIB",Pengamat Nilai Ganjar Cukup Berhasil Atasi Krisis Air Bersih di Jateng,"Scan this QR or download app from:
JOGJA,iNewsTTU.id--Menjelang akhir masa jabatannya,Gubernur Jawa Tengah(Jateng)Ganjar Pranowodihadapkan padakrisis air bersihyang mendera ribuan warga Jateng. Sedikitnya 310 desa di 130 kecamatan yang mengalami krisis air bersih sepanjang tahun ini. Desa-desa itu tersebar di 27 kabupaten dan kota.
Meski begitu,pengamatkebijakan publik dari Universitas Trisakti, Trubus Rahadiansyah menilai Ganjar cukup berhasil mengatasi problem menahun itu. Yang hingga kini belum optimal, kata dia, ialah distribusi air bersih ke seluruh daerah di Jateng yang rentan mengalami krisis.
""Jateng wilayahnya luas. Jadi, ada daerah yang memang membutuhkan penanganan. Karena krisis, sekalipun sudah ditangani, tapi belum optimal sehingga krisis air itu masih mendera sebagian warga,"" ucap Trubus saat dihubungi, Kamis (31/8/2023).
Meskipun masih ada warga yang kesulitan air, menurut Trubus, bukan berarti tidak ada air sama sekali di kawasan yang dilanda kekeringan. Pasalnya, pasokan air dengan truk-truk tangki tetap dijalankan pemerintah setempat.
Editor : Sefnat Besie"
https://jatim.inews.id/berita/pdip-jatim-ajak-warga-madura-berbondong-bondong-pilih-ganjar-mahfud-di-pilpres-2024,"Rabu, 18 Oktober 2023 - 14:32:00 WIB",PDIP Jatim Ajak Warga Madura Berbondong-Bondong Pilih Ganjar-Mahfud di Pilpres 2024,"Scan this QR or download app from:
SURABAYA, iNews.id -DPD PDI Perjuangan mengajak wargaMaduraberbondong-bondong memilih pasanganGanjar PranowodanMahfud MDpada Pilpres 2024 mendatang. Ajakan itu disampaikanPDIPmenyusul penetapan Menko Polhukam Mahfud MD sebagai pendamping Ganjar, Rabu (18/10/2023).
""Harapan kami saudara-saudara kita di Madura, monggo berbondong-bondong bersama kita. Para taretan tibik untuk memenangkan Ganjar-Mahfud,"" kata Sekretaris DPD PDIP Sri Untari sesuai acara nonton bareng (Nobar) pengumuman bakal calon wakil presiden (bacawapres) Mahfud MD

Sri Untari meyakini bahwa  Ganjar dan Mahfud MD akan mencapai target yang pasang oleh PDI Perjuangan, yakni mendapat 60 persen suara. ""Insyaallah bisa [menang 60 persen],"" katanya.
Dia menilai, warga Madura mempunyai alasan kuat kenapa harus memilih Ganjar-Mahfud. Pasalnya, selain orang Madura asli, Mahfud MD mempunyai rekam jejak yang cemerlang.

""Pak Mahfud MD bukan tokoh sembarangan, tapi beliau adalah tokoh luar biasa,"" ujarnya.
Editor: Ihya Ulumuddin"
https://jatim.inews.id/berita/ganjar-silaturahmi-kebangsaan-bersama-ratusan-pendeta-dan-umat-kristen-di-jatim/2,"Sabtu, 23 September 2023 - 16:36:00 WIB",Ganjar Silaturahmi Kebangsaan Bersama Ratusan Pendeta dan Umat Kristen di Jatim,"Scan this QR or download app from:


""Kami berdiskusi membahas persoalan bangsa dan menyikapi ideologi Pancasila yang mulai terkikis, khususnya di kalangan generasi muda untuk diedukasi agar ideologi Pancasila tetap membumi,"" ujarnya, Sabtu (23/9/2023).
Diketahui, Bacapres Partai Perindo Ganjar Pranowo melakukan safari politik di Kota Surabaya dan Sidoarjo. Di antaranya silaturahmi dengan Gus Nico, pengasuh Pondok Pesantren Al Fitrah serta acara dialog bertema tantangan dan peluang Indonesia ke depan di Hotel Vasa Surabaya.

Editor: Donald Karouw"
https://jatim.inews.id/berita/bupati-fauzi-optimistis-dukungan-untuk-ganjar-mahfud-di-madura-makin-kuat,,,
https://sidoarjo.inews.id/read/366275/aiman-wicaksono-non-aktif-dari-anchor-dan-pimred-usai-jadi-jubir-ganjar-mahfud-md,"Sabtu, 04 November 2023 | 14:49 WIB","Aiman Wicaksono Non aktif dari Anchor dan Pimred, Usai Jadi Jubir Ganjar-Mahfud MD","Scan this QR or download app from:
JAKARTA, iNewsSidoarjo.id - Sosok yang sudah tidak asing lagi yakni Aiman Witjaksono, jurnalis dan news anchor televisi yang lebih dari 20 tahun berkiprah, resmi nonaktif sebagai wartawan, Sabtu (4/11/2023). Dia kini resmi menjadi salah satu Juru Bicara Pasangan Pilpres Ganjar Pranowo-Mahfud MD.
""Iya betul, saya nonaktif dari segala kegiatan jurnalistik saya, baik sebagai Pemimpin Redaksi SindonewsTV, Wakil Pemimpin Redaksi iNews, maupun sebagai pembawa acara The Prime Show with Aiman yang tayang rutin di iNews"", kata Aiman.
Editor : Yoyok Agusta Kurniawan"
https://boyolali.inews.id/read/351943/puluhan-dalang-di-wonogiri-deklarasi-dukung-capres-ganjar,"Sabtu, 30 September 2023 | 21:31 WIB",Puluhan  Dalang di Wonogiri Deklarasi Dukung  Capres Ganjar,"Scan this QR or download app from:
WOOGIRI, iNewsBoyolali.id–  Lebih dari 50dalangdiWonogirimendeklarasikandukungan terhadapGanjar Pranowosebagai presiden RI. Acara tersebut di lakukan di salah satu rumah dalang di Desa Sumber Agung, Kecamatan Batuwarno, Kabupaten Wonogiri ini didukung oleh Forum Komunikasi Seniman dan Dalang Indonesia (FKSDI). Selain itu juga mendapat dukungan dari Relawan Dalang Wartoyo Wonge Ganjar Pranowo (DWGP).
""Acara malam ini dalam rangka deklarasi Mas Ganjar Pranowo menuju RI 1. Dari sekiancapres, yang terbaik bisa merawat seni tradisi menggerakam budaya hanya Mas Ganjar. Makannya kami sepakat menuju RI 1,"" kata Ketua FKSDI Ki Gondo Wartoyo Jumat (29/9/2023).
Ia mengatakan FKSDI sudah terbentuk di 30 provinsi. Sementara itu deklarasi Ganjar sebagai presuden melalui kesenian sudah digelar di 25 tempat.
Editor : Tata Rahmanta"
https://jatim.inews.id/berita/silaturahmi-ke-ponpes-peterongan-tgb-minta-kh-tamim-romli-doakan-ganjar-mahfud,"Kamis, 02 November 2023 - 19:22:00 WIB","Silaturahmi ke Ponpes Peterongan, TGB Minta KH Tamim Romli Doakan Ganjar-Mahfud","Scan this QR or download app from:
JOMBANG, iNews.id-Ketua HarianDPP Partai Perindo, DrTGB HM Zainul Majdibersilaturahmi kePondok Pesantren(Ponpes) Darul UlumPeterongan, Jombang, Selasa (31/10/203) sore.
Kedatangan TGB dan rombongan disambut langsung pengasuh Ponpes Darul Ulum yang juga mursyid Thariqat Wannaqsabandiyah, KH Tamim Romli.

Dalam kunjungannya, TGB meminta doa khusus kepada KH Tamim Romli agar pasanganGanjar Pranowo-Mahfud MDdiberikan kelancaran dan kemenangan pada Pemilu Presiden (Pilpres) 2024 mendatang.
""Tadi juga saya minta khusus doa dari beliau, semoga dimudahkan pasangan Ganjar-Mahfud, kalau ada takdirnya semoga jadi pemimpin yang menghadirkan keadilan dan penegakan hukum,"" kata TGB.

TGB mengaku merasa sangat senang karena mendapat banyak masukan dan doa dari KH Tamim Romli agar pasangan Ganjar-Mahfud mendapatkan kemudahan dalam Pilpres 2024 mendatang.
Kepada TGB, KH Tamim Romli menilai Ganjar Pranowo-Mahfud MD sebagai pasangan yang ideal. Dia pun mendoakan pasangan Ganjar-Mahfud mendapatkan hasil yang terbaik pada Pilpres 2024 mendatang.
""Jadi pasangan yang serasi. Prosesnya seperti yang disampaikan tadi mulus, semoga proses yang baik ini bisa dilanjutkan dengan yang baik pula. Kita berharap dua pasangan ini dapat membawa bangsa ini semakin baik, semakin baik ke depan,"" kata KH Tamim Romli.
Editor: Kastolani Marzuki"
https://lampung.inews.id/berita/bertemu-ganjar-cicit-syekh-abdul-qadir-al-jailani-dari-palestina-ungkap-kagumi-pancasila,"Kamis, 26 Oktober 2023 - 07:13:00 WIB","Bertemu Ganjar, Cicit Syekh Abdul Qadir Al Jailani dari Palestina Ungkap Kagumi Pancasila","Scan this QR or download app from:
LAMPUNG, iNews.id- Capres dariPartai PerindoGanjar Pranowomenghadiri Haul Akbar Syekh Abdul Qadir Al Jailani di Ponpes Roudlotussholihin PurwosariLampung Tengah, Rabu (25/10/2023) malam. Tak hanya dihadiri puluhan ribu orang dari seluruh Indonesia, acara itu juga dihadiri cicit Syekh Abdul Qadir Al Jailani, Syekh Ammar Azmi Al Rafati Al Jailani Al Hasani dari Palestina.
Bersama istri, Syekh Ammar sempat ngobrol bersama Ganjar dan sejumlah ulama lainnya. Obrolan terasa hangat, penuh dengan kesan persaudaraan.

DidampingiGus Yasinyang juga fasih berbahasa Arab, Ganjar mendengarkan cerita Syekh Ammar yang begitu cinta pada Indonesia. Kepada Ganjar, dia menceritakan, bahwa Indonesia adalah negara paling aman.
""Saya berkunjung ke berbagai negara di dunia, dan saat di Indonesia, saya merasa negara ini paling aman,"" ujar Syech Ammar pada Ganjar.

Di Indonesia lanjut dia, banyak ulama yang mengajarkan tentang literasi keagamaan. Toleransi dan moderasi beragama sangat berjalan baik.
Hal itu lanjut Syeikh Ammar tidak terlepas dari ideologiPancasilayang dianut di Indonesia. Kepada Ganjar, Syeikh Ammar mengaku tertarik mempelajari ideologi Pancasila dan ingin melakukan riset.

""Ketertarikan saya saat berkunjung ke Bali menghadiri acara Nahdlatul Ulama. Di sana saya melihat tidak hanya orang Islam, tapi agama lain juga ikut membantu dan semua rukun. Saya melihat Islam di Indonesia indah,"" katanya.
Untuk itulah dia ingin mendalami Pancasila dan mengajarkannya pada negara-negara lain. Khususnya, negara di Timur Tengah yang sering terjadi perang antargolongan.

""Fenomena di negara Timur Tengah sering terjadi perang karena beda golongan. Maka konsep Pancasila ini dibutuhkan di negara-negara itu,"" ucapnya.

Editor: Donald Karouw"
https://www.inews.id/news/nasional/profil-dan-biodata-anang-hermansyah-suami-ashanty-pengagum-ganjar-pranowo,"Rabu, 08 November 2023 - 15:07:00 WIB","Profil dan Biodata Anang Hermansyah, Suami Ashanty Pengagum Ganjar Pranowo","Scan this QR or download app from:
JAKARTA, iNews.id -Profil dan biodataAnangHermansyah akan diulas dalam artikel ini.Anang Hermansyahmerupakan musisi senior sekaligus politisi Indonesia. Anang bahkan pernah menjadi anggota DPR periode 2014-2019 dari daerah pemilihan (Dapil) Jember dan Lumajang, Jawa Timur.
Anang merupakan salah satu musisi yang mendukung pasangan calon presiden (capres) dan calon wakil presiden (cawapres)Ganjar Pranowodan Mahfud MD pada Pemilu Presiden (Pilpres) 2024.


Masih ingatkah kalian dengan musisi satu ini? Mari simak profil dan biodata Anang Hermansyah, berikut kehidupan pribadi dan perjalanan kariernya, yang dikutip berbagai sumber, Rabu (8/11/2023).
Anang Hermansyah adalah nama lengkapnya, dia lahir di Jember, Jawa Timur pada tanggal 18 Maret 1969. Ayahnya bernama Abdul Choliq Wijaya sementara ibunya bernama Anissa Choliq. Anang memiliki serorang kakak kandung bernama Moch. Agus Burhansyah yang berprofesi sebagai dokter.

Anang beragama Islam dan memiliki hobi bermusik, travelling dan juga fotografi. Anang selalu membawa kamera setiap kali pergi liburan bersama keluarga."
https://jateng.inews.id/berita/gus-ali-gondrong-ganjar-mahfud-sosok-yang-dibutuhkan-untuk-mengatasi-korupsi-dan-radikalisme,"Rabu, 25 Oktober 2023 - 17:07:00 WIB",Gus Ali Gondrong: Ganjar-Mahfud Sosok yang Dibutuhkan untuk Mengatasi Korupsi dan Radikalisme,"Scan this QR or download app from:
WONOSOBO, iNews.id- Gus Ali Gondrong atau Abah Ali menyebut sosokGanjar PranowodanMahfud MDdinilai merupakan pasangan capres-cawapres paling tepat untuk Indonesia 2024 mendatang. Menurutnya, pasangan ini paling tegas dan sosok yang dibutuhkan untuk mengatasikorupsidanradikalisme.
Hal tersebut disampaikan ulama yang memiliki nama lengkap Drs. K.H Mohammad Ali Shodiqin usai mengisi Sholawat Kebangsaan di hadapan puluhan ribu jemaah di Wonosobo pada Selasa (24/10/2023) malam.

”Indonesia butuh wong sing galak karena satu sudah darurat koruptor, darurat maling. Orang sing klemak klemek, sing teges,” ujar Gus Ali Gondrong di halaman Taman Sindoro Sumbing, Desa Revo, Kecamatan Kertek Wonosobo.
”Yang kedua darurat radikal, ati-ati. Jangan sampai radikal menguasai Indonesia, jaga NKRI,” tambahnya. Puluhan ribu jemaah mafia sholawat berasal dari daerah di Jawa Tengah ini larut dalam lantunan sholawat mengikuti alunan grup hadroh Semut Ireng Semarang. Tak kurang 20 lagu dibawakan Gus Ali Gondrong membuat suasana dingin di Wonosobo menjadi hilang.

Dalam kesempatan tersebut, Gus Ali Gondrong menyebut bahwa memasuki tahun politik, sholawat yang bersifat menyejukkan sangat diperlukan untuk mendinginkan suasana.

Editor: Ahmad Antoni"
https://yogya.inews.id/berita/butet-kartaredjasa-berharap-ganjar-pranowo-dan-mahfud-md-jadi-penerus-gus-dur,"Kamis, 19 Oktober 2023 - 09:45:00 WIB",Butet Kartaredjasa Berharap Ganjar Pranowo dan Mahfud MD Jadi Penerus Gus Dur,"Scan this QR or download app from:
YOGYAKARTA, iNews.id- SenimanButet Kartaredjasamenggunggah fotoGanjar Pranowodan fotoMahfud MDyang berpose di depan lukisan fotoGus Durdi akun Instagramnya @masbutet. Seniman monolog ini berharap pasangan Ganjar Pranowo dan Mahfud MD yang didukung Partai Perindo akan menjadi penerus Presiden Gus Dur yang sangat toleran.
Foto pertama yang diunggah berupa Ganjar Pranowo yang memegang buku berdiri di sisi kiri dengan background lukisan Gus Dur. Sedangkan foto kedua ada Mahfud MD dengan posisi berdiri di sisi kanan di depan.

Butet juga mengunggah tulisan Penerus Gusdur. Hari ini turut mengantar keduanya ke KPU supaya terbuka ruang pengabdian yang lebih luas. Dan berharap keduanya mewarisi sifat-sifat Gus Dur: berani, full toleran, membela yang terpinggirkan, berkeadilan dan jenaka. Uassuwoook.
Tulisan ini banyak mendapat beragam komentar dari netizen. Akun @leoagusanoso mengomentari GaMa (Ganjar-Mahfud) orang baik akan selalu dikelilingi oleh orang-prang baik pula semoga Indonesia lebih maju, guyub rukun saling merangkul dalam wadah kebhinekaan.

Akun Yosaphat_agustanto, mengomentarai Mas Butet maturnuwun selalu menjaga dan menyuarakan kewarasan buat pemimpin bangsa sekarang dan ke depan.Toleransi, antikorupsi, ajur ajer karo wong cilik, bloko suto, ora mencla mencle, or amblenjani janji, enenge mung niat ing sun kanggo rakyate. Berkah dalam gusti kagem mas butet pak GP dan pak MD. Gusti mboten dahan lan sare tansah ngamini dedonga ingkang jujur, rulus lan disarengi ikhtiar.
Sedangkan aku @Steba946 mengomentari @yennywahid semoga tersalurkan suaranya.

Akun @rahmabani35 mengomentar dapat jabatan apa tet..Sedangkan akun @Irmantfk99 berkomenar penerus Gus Dur? Yang benar saja pak.
Editor: Kuntadi Kuntadi"
https://www.inews.id/multimedia/video/teteskan-air-mata-saat-berpelukan-ganjar-mengaku-kaget-dengan-basuki-hadimuljono,"Senin, 30 Oktober 2023 - 16:57:00 WIB","Teteskan Air Mata saat Berpelukan, Ganjar Mengaku Kaget dengan Basuki Hadimuljono","Scan this QR or download app from:
JAKARTA, iNews.id- Bacapres Partai Perindo,Ganjar Pranowomengaku kaget saat Menteri PUPRBasuki Hadimuljonomemeluknya danteteskan air mata. Hal tersebut menanggapi perihal viral Poto Ganjar berdua dengan Basuki.
Ganjar ditemui di Istana, Senin (30/10/2023) mengaku tak tahu mengapa Basuki bersedih. Ia mengaku saat itu keduanya tengah mengobrol mengenai infrastruktur.
Editor: Wahyu Triyogo"
https://lampung.inews.id/berita/5-warung-kopi-rekomendasi-lampung-salah-satunya-dikunjungi-ganjar-pranowo,"Kamis, 26 Oktober 2023 - 14:27:00 WIB","5 Warung Kopi Rekomendasi Lampung, Salah Satunya Dikunjungi Ganjar Pranowo","Scan this QR or download app from:
BANDARLAMPUNG, iNews.id -Calon presidenGanjar Pranowosaat mengunjungiLampungsempat merasakankopidi salah satu warung. Ganjar bahkan sempat membeli kopi sebagai oleh-oleh untuk sang istri.
Lampung, sebuah provinsi yang terkenal dengan keindahan alamnya, juga memiliki budaya kopi yang kaya. Kopi Lampung telah menjadi salah satu komoditas unggulan daerah ini, dengan citarasa khas yang diakui oleh banyak pecinta kopi.

Menariknya, salah satu calon presiden Republik Indonesia, Ganjar Pranowo, baru-baru ini mengunjungi Lampung dan memberikan rekomendasi untuk beberapa warung kopi di sana. Di antara beragam pilihan, satu di antaranya dipuji sebagai yang terbaik.
Warung Kopi Dunia 2 menjadi salah satu warung kopi yang populer di Bandar Lampung. Mereka menyajikan berbagai jenis kopi dengan cita rasa yang khas. Tempat ini sering menjadi tempat berkumpul para pecinta kopi. Tempat ini menawarkan suasana yang santai dan nyaman.

Kedai kopi inilah yang dikunjungi oleh Ganjar Pranowo, dia menilai kopi khas Lampung sangat enak. Hal ini bukan hanya Ganjar yang merasakan, bahkan istrinyapun Siti Atikoh juga mengingatkan Ganjar untuk membawa kopinya.
“Istri saya juga pesan, jangan lupa kopi Lampung di sini top,” ujar Ganjar Pranowo.

Keiko Bahabia merupakan kafe yang menawarkan pengalaman kopi yang unik. Mereka terkenal dengan kopi-kopi berkualitas tinggi dan berbagai varian rasa kopi. Kafe ini juga memiliki dekorasi yang menarik dan modern.
Selanjutnya ada kafe Dr. Koffie yang populer di Bandar Lampung dan telah meraih ketenaran karena menyajikan kopi dengan kualitas tinggi. Mereka menawarkan berbagai jenis kopi, serta makanan ringan yang lezat. Tempat ini biasanya menjadi tempat nyaman untuk berkumpul, bekerja, atau bersantai.
Editor: Nani Suherni"
https://www.inews.id/news/nasional/3-pesan-penting-kemeja-garis-hitam-putih-ganjar-yusuf-lakaseng-politik-fashion-bantu-umkm,"Senin, 24 Juli 2023 - 17:47:00 WIB","3 Pesan Penting Kemeja Garis Hitam Putih Ganjar, Yusuf Lakaseng: Politik Fashion, Bantu UMKM","Scan this QR or download app from:
JAKARTA, iNews.id- Bacapres PDIPGanjar Pranowoyang didukungPartai Perindomengindikasikan bakal mengenakan kemeja bermotif garis hitam putih untuk kampanye Pemilu 2024. Sebab, Ganjar beberapa kali tampak mengenakan baju tersebut dalam agenda blusukan.
Terkait ini, Ketua DPP Bidang Kerja Sama Antar-Lembaga Partai Perindo, Yusuf Lakaseng, menyampaikan tiga pesan dalam penggunaan kemeja bermotif garis hitam putih itu. Pertama, kata Yusuf, desain ini adalah pemberian Presiden Joko Widodo (Jokowi).


""Ini membuktikan bahwa tidak perlu lagi ditanya, sudah pasti Pak Jokowi mendukung Pak Ganjar,"" kata Yusuf dalam keterangannya, Senin (24/7/2023).
Kedua, lanjutnya, filosofi dalam pilihan baju garis hitam tegas, tegak lurus secara vertikal, hitam, dan putih ini, menunjukkan suatu karakter pemimpin yang lurus, berani tegas, dan berpihak kepada kebenaran.

Ketiga, kemeja bermotif garis hitam putih untuk kampanye Ganjar dalam Pemilu 2024 bakal menjadi tren."
https://jabar.inews.id/berita/pemuda-pendukung-ganjar-pranowo-galang-dukungan-di-kota-banjar/2,"Kamis, 20 Juli 2023 - 18:35:00 WIB",Pemuda Pendukung Ganjar Pranowo Galang Dukungan di Kota Banjar,"Scan this QR or download app from:

""Dalam lomba, para peserta dituntut merancang layang-layang sebagus dan sekreatif mungkin. ""Kegiatan ini juga untuk mengajak warga Pulo Majeti menghidupkan kembali suasana perkampungan sekaligus memperhatikan kearifan lokal,"" ujar Rendra.

Di sela kegiatan tersebut, relawan GMP menyosialisasikan sosok Ganjar Pranowo sebagai bacapres 2024 kepada masyarakat.
Editor: Agus Warsudi"
https://www.inews.id/multimedia/photo/momen-ganjar-gibran-ngopi-bareng-dengar-curhatan-pedagang-pasar-di-bogor,,Momen Ganjar-Gibran Ngopi Bareng Dengar Curhatan Pedagang Pasar di Bogor,"BOGOR, iNews.id- Bakal Calon PresidenGanjar Pranowobersama Wali Kota Solo Gibran Rakabuming Raka dan Wali Kota Bogor Bima Arya ngopi bareng pedagang Pasar Citeureup Bogor, Sabtu (22/7/2023).
Mereka mendengar keluhan pedagang soal naiknya harga daging.
Ganjar Pranowo -Bacapres PDIP yang juga didukung Partai Perindo-blusukanke pasar tradisional usai jalan sehat bersama Gibran dan Bima Arya.
Editor: Yudistiro Pranoto"
https://www.inews.id/news/nasional/kapan-cawapres-ganjar-diumumkan-pdip-agustus-bulan-keramat,"Rabu, 07 Juni 2023 - 22:56:00 WIB",Kapan Cawapres Ganjar Diumumkan? PDIP: Agustus Bulan Keramat,"Scan this QR or download app from:
JAKARTA, iNews.id -Sekretaris Jenderal (Sekjen) DPPPDIP,Hasto Kristiyantomenyatakan Ketua Umum PDIP, Megawati Soekarnoputri akan menunggu momentum yang tepat untuk mengumumkan calon wakil presiden (cawapres) untukGanjar Pranowo. Dia hanya menyebut Agustus sebagai bulan keramat.
Hasto menyampaikan masih banyak waktu bagi partainya bersama parpol pendukung Ganjar untuk menggodok secara bersama nama cawapres tersebut. Dia menegaskan Rakernas kali ini bukan lah momentum yang akan digunakan Megawati untuk mengumumkan calon pendamping Ganjar.


""Tenang saja pada momentum yang tepat, itu akan diumumkan. Tetapi ya tidak akan diumumkan di Rakernas ini,"" kata Hasto di Sekolah Partai DPP PDIP, Lenteng Agung, Jakarta Selatan, Rabu (7/6/2023).
Dia menyebut jelang pendaftaran capres-cawapres secara resmi di Komisi Pemilihan Umum (KPU), banyak momen-momen penting yang bisa dimanfaatkan bagi koalisi pengusung Ganjar untuk mengumumkan cawapresnya. Hasto pun menyinggung bulan Agustus menjadi salah satu yang mungkin saja bisa dilakukannya pengumuman tersebut.

""Masih ada waktu, bulan Agustus itu bulan keramat, bulan September itu juga bulan sangat penting. Yang jelas dari arah Ibu (Megawati) kalau begitu sudah sesuatunya sudah siap, Ibu Mega akan mengumumkan,"" ujarnya.
Editor: Rizal Bomantama"
https://www.inews.id/news/nasional/relawan-ungkap-makna-kemeja-garis-hitam-putih-ganjar-pranowo-tegas-dan-tak-mau-kompromi,"Sabtu, 22 Juli 2023 - 18:13:00 WIB",Relawan Ungkap Makna Kemeja Garis Hitam Putih Ganjar Pranowo: Tegas dan Tak Mau Kompromi,"Scan this QR or download app from:
JAKARTA, iNews.id -RelawanPendukungGanjar Pranowo, Koalisi Bersama Rakyat (Kibar) menyebut makna kemeja garis hitam putih menunjukkan Bacapres Ganjar Pranowo orang yang tegas. Terbukti, Gubernur Jawa Tengah tersebut tidak meloloskan amdal perusahaan dan melarang infak sekolah.
""Ganjar terbukti tegas, bagi perusahaan yang tidak lolos amdal, tidak diberi izin mendirikan pabrik di Jawa Tengah,"" ucap Ketua umum Kibar Indonesia, La Ode Budi Utama, saat dihubungi iNews.id, Sabtu (22/7/2023).


""Demikian juga, Ganjar temukan ada pungli di bidang apa pun, termasuk di sekolah diganti nama infak, Ganjar tegas melarangnya,"" katanya.
Dia menyebut, makna kemeja garis hitam putih yang didesain langsung oleh Presiden Joko Widodo (Jokowi) itu sangat cocok dengan kepribadian Ganjar. Kibar awalnya merupakan relawan Jokowi sejak tahun 2012.

""Baju garis hitam jadi simbol identitas Ganjar untuk seluruh rakyat. Baju garis hitam jadi simbol Ganjar adalah pribadi yang teguh pada prinsip dan tidak mau kompromi dengan penyimpangan,"" katanya.
"
https://www.inews.id/news/nasional/ganjar-pranowo-ke-anies-baswedan-jaga-kesehatan-ya,"Minggu, 30 Juli 2023 - 04:04:00 WIB",Ganjar Pranowo ke Anies Baswedan: Jaga Kesehatan Ya!,"Scan this QR or download app from:
JAKARTA, iNews.id -Bakal calon presiden(Bacapres) 2024 yang diusungPartai Perindo,Ganjar Pranowomembeberkan perbincangannya dengan Bacapres dariKoalisi Perubahanuntuk Persatuan,Anies Baswedan. Keduanya bertemu pada acaratalkshow: Hari Menjadi Manusia di Kuningan City Ballroom, Jakarta Selatan, Sabtu (29/7/2023).
Ganjar mengungkapkan tak banyak hal yang dia bahas dengan Anies. ""Enggak. Kita ketemu kan sebagai teman ya, jaga kesehatan ya. Kita sama-sama harus jaga kesehatan. Itu aja,"" ucapnya.


Ganjar mengungkapkan tidak ada obrolan terkait politik. Lantaran tidak sempat. ""Enggak dong (bicara politik dengan Anies), nggak sempet. Kecuali kalian buka acara obrolan politik. Tadi obrolannya mental health gitu ya,"" ujarnya.
Diketahui, pada acara tersebut keduanya bertemu dan saling berfoto bersama hingga menunjukkan love sign. Anies mengatakan bahwa mereka adalah teman lama. “Kita teman lama ya dari zaman kuliah,” ujar Anies.

Sehingga, momen foto tersebut menunjukan bahwa meskipun keduanya sedang berkontestasi dalam pemilu 2024, kedua tokoh bacapres damai menghadapi dinamika politik saat ini.
“Saya sering sampaikan yang namanya lawan debat itu teman berfikir, lawan volly itu teman olahraga, lawan dalam kompetesi pokitik pemilu itu adalah teman dalam demokrasi. Jadi biasa saja ini sebuah kegiata untuk memberikan manfaat yang besar kepada masyarakat,” ujarnya.

Diketahui sebelumnyaBacapres Partai Perindo, Ganjar Pranowo dan Bacapres Koalisi Perubahan untuk Persatuan Anies Baswedan hadir di acara Talkshow ‘Hari Menjadi Manusia’. Kedua bacapres tersebut terlihat kompak menggunakan baju berwarna hitam.
"
https://jateng.inews.id/infografis/ganjar-pranowo-wujudkan-kemudahan-akses-air-bersih-warga-desa-plumbungan-banjarnegara,,,"Scan this QR or download app from:
Alamat yang anda masukkan salah, tidak tersedia atau sudah dihapus"
https://jateng.inews.id/berita/jateng-bersholawat-habib-bidin-pak-ganjar-boleh-pensiun-dari-gubernur-tapi-tidak-di-hati-kita/all,"Jumat, 11 Agustus 2023 - 08:50:00 WIB","Jateng Bersholawat, Habib Bidin: Pak Ganjar Boleh Pensiun dari Gubernur, Tapi Tidak di Hati Kita","Scan this QR or download app from:
CILACAP, iNews.id- PerhelatanJateng Bersholawatkembali digelar, Kamis (10/8/2023) malam. Kali ini, Kabupaten Cilacap menjadi tuan rumah event yang digelarGubernur Jawa Tengah,Ganjar Pranowosejak 2013 itu.
RibuanZahir Maniahadir dalam acara yang digelar di Alun-alun Cilacap itu. Mereka membawa beragam spanduk bergambarkan para tokoh selawat, termasuk yang mengisi acara yakniHabib Ali Zainal AbidinAssegaf yang akrab disapaHabib Bidin.

Dalam kesempatan itu, Ganjar menyempatkan pamit kepada seluruh masyarakat Jawa Tengah, khususnya pada masyarakat Cilacap. Ganjar yang datang bersama istri,Siti Atikohmenyampaikan salam perpisahan.
""Malam ini spesial, karena saya mengajak istri saya. Saya dan istri termasukGus Yasindan istri mohon pamit. Sebab tanggal 5 September nanti saya dan Gus Yasin sudah pensiun jadi Gubernur danWakil Gubernur Jateng,"" kata Ganjar.

Dia mengatakan, selama 10 tahun mendapat amanah sebagai gubernur, dirinya masih banyak kekurangan. Ganjar juga mengaku tak luput dari kesalahan.
""Untuk itu saya mohon maaf, jika selama 10 tahun memimpin Jawa Tengah ada hal yang tidak berkenan di hati bapak ibu sekalian,"" ucapnya.

Selama 10 tahun, lanjut Ganjar, pihaknya sudah berusaha maksimal menyejahterakan masyarakat. Banyak program yang telah dilakukan,misalnya di bidang infrastruktur, peningkatan sumber daya manusia dan lainnya.
""Makanya tadi sebelum ke sini, kami cekpenanganan stunting, pembangunan puskesmas, jalan, penyediaan air minum dan lainnya,"" ucapnya.

Pembangunan yang dilakukan tidak hanya fisik semata. Pembangunan manusia, termasuk di dalamnya pembangunan spiritual, juga terus dilakukan.
""Salah satunya kegiatan Jateng Bersholawat ini. Sudah 10 tahun kita gelar sebagai upaya melengkapi program pembangunan fisik di Jateng,"" ujarnya.

Ganjar berharap, gubernur dan wakil gubernur Jateng berikutnyaa jauh lebih baik darinya. Ia juga berharap, siapapun yang memimpin Jateng, gelaran Jateng Bersholawat tetap dilestarikan.
""Saya berharap gubernur dan wakilnya nanti tetep melanjutkan Jateng Bersalawat ini. Agar pembangunan yang lengkap yakni fisik dan spiritual bisa berjalan,"" ujarnya.
Sementara itu, Habib Bidin meminta seluruh masyarakat mendoakan Ganjar. Ia juga berpesan kepada masyarakat agar tidak melupakan Ganjar.
""Tadi beliau pamit ke kita semua, beliau izin karena tanggal 5 September sudah pensiun. Beliau boleh pensiun dari jabatan sebagai Gubernur Jateng, tapi tidak pernah pensiun di hati kita,"" katanya disambut tepuk tangan riuh ribuan Zahir Mania.
Menurut Habib Bidin, Ganjar telah berhasil membawa selawat hingga ke pelosok-pelosok daerah di Jawa Tengah. Selama 10 tahun memimpin, Ganjar menghidupkan kecintaan masyarakat kepada Rasulullah.
""Pak Ganjar telah membawa selawat ke mana-mana. Jateng Bersalawat diadakan diberbagai daerah di Jawa Tengah. Denga Jateng Bersalawat, pak Ganjar berhasil meneguhkan, membuat damai dan membuat masyarakat lebih sejahtera. Semoga, siapapun yang jadi gubernur nanti tetap melanjutkan Jateng Bersalawat ini,"" ujarnya.
Habib Bidin juga mengajak seluruh masyarakat mendoakan Ganjar. Ia berharap Ganjar lebih sukses dan lebih dimudahkan Allah SWT dalam segala urusan.
""Termasuk lebih dimudahkan oleh Allah untuk berkhidmat untuk negara, untuk bangsa Indonesia tercinta,"" ujarnya.
Editor: Ahmad Antoni"
https://jateng.inews.id/infografis/jokowi-puji-kondisi-jalan-di-jateng-ganjar-terima-kasih-presiden-dan-menteri-pupr,,,"Scan this QR or download app from:
Alamat yang anda masukkan salah, tidak tersedia atau sudah dihapus"
https://www.inews.id/news/nasional/ganjar-pranowo-hadiri-pernikahan-putri-politikus-pdip-aria-bima,"Minggu, 18 Juni 2023 - 22:14:00 WIB",Ganjar Pranowo Hadiri Pernikahan Putri Politikus PDIP Aria Bima,"Scan this QR or download app from:
JAKARTA, iNews.id -Kandidat capres 2024Ganjar Pranowomenghadiri acara pernikahan putri politikus senior PDI Perjuangan, Aria Bima di The Dharmawangsa Jakarta, Kebayoran Baru, Jakarta Selatan, Minggu (18/6/2023) malam. Ganjar datang untuk menyampaikan selamat kepada putri Aria Bima tersebut.
Ganjar datang bersama istrinya, Siti Atiqoh Supriyanti dan anaknya, Muhammad Zinedine Alam Ganjar.


Ganjar disambut keluarga mempelai perempuan dan laki-laki. Pengantin perempuan merupakan putri politikus seniorPDIPAria Bima yakni RA Yashinta Sekarwangi Mega P dan mempelai lelakinya, Muhammad Raihan Dzaky.
Yashinta juga diketahui merupakan bakal calon anggota DPR Dapil DIY, lulusan Hubungan Internasional UGM Yogyakarta. Saat ini Yashinta tengah menempuh pendidikan S2 Ilmu Komunikasi Universitas Indonesia.

Saat Ganjar datang, tak sedikit tamu undangan yang mengabadikan momen tersebut hingga berswafoto.
Puluhan karangan bunga dari berbagai pihak berjejeran di depan area hotel berisi ucapan selamat atas pernikahan Yashinta dan Raihan.
Editor: Reza Fajri"
https://www.inews.id/news/nasional/momen-hasto-dan-istri-ganjar-pranowo-kompak-pakai-rambut-putih-palsu/all,"Sabtu, 17 Juni 2023 - 23:14:00 WIB",Momen Hasto dan Istri Ganjar Pranowo Kompak Pakai Rambut Putih Palsu,"Scan this QR or download app from:
JAKARTA, iNews.id -Sekretaris Jenderal (Sekjen) DPP PDI Perjuangan (PDIP) Hasto Kristiyanto dan IstriGanjar Pranowo, Siti Atiqoh Supriyanti kompak mengenakan rambut palsu warna putih.
Momen itu terjadi usai dialog Atiqoh bersama perempuan Indonesia pilih Ganjar (Pijar), di Rumah Aspirasi Relawan, Menteng, Jakarta Pusat, Sabtu (17/6/2023).


Awalnya pembawa acara mengatur foto bersama antaraSekjen PDIP, Atiqoh dan Anggota Pijar. Setelah sesi foto formal dilakukan, pembawa acara memberikan rambut palsu sebagai tanda dukungan terhadap Ganjar Pranowo sebagai Capres 2024.
""Pak Ganjar identik dengan apa?"" tanya pembawa acara kepada seluruh anggota Pijar.

""Rambut putih,"" teriak anggota Pijar secara kompak.
Setelah itu, pembawa acara pun memberikan rambut palsu putih sebagai properti foto. Hal tersebut mengundang tawa bahagia peserta dialog.

Bahkan Hasto dan Atiqoh juga tampak bersautan tawa, sambil memakai rambut palsu. Hasto, terlihat bersemangat dengan terus menerus melambaikan tangan kepada awak media.
Editor: Nur Ichsan Yuniarto"
https://www.inews.id/news/nasional/ci-mehong-sama-dengan-partai-perindo-program-lapak-ganjar-bangun-usaha-anak-muda,"Kamis, 27 Juli 2023 - 14:55:00 WIB","Ci Mehong: Sama dengan Partai Perindo, Program Lapak Ganjar Bangun Usaha Anak Muda","Scan this QR or download app from:
JAKARTA, iNews.id- Gubernur Jawa Tengah, yang juga BacapresPartai Perindo, Ganjar Pranowo, terus mendorong kaum milenial untuk mengembangkan usaha mandiri, dan ekonomi kreatif.
Langkah itu, salah satunya dilakukan dengan membukaLapak Ganjaryang akhirnya menjadi pemicu kaum milenial terjun ke dunia usaha.


Menanggapi hal ini, Bakal Calon Legislatif (Bacaleg) Partai Perindo Dapil DKI Jakarta III, Tjioe Nofia Handayani atauCi Mehong, ikut mengapresiasi langkah Ganjar. Menurutnya, program tersebut sangat kreatif.
""Ini kreatif sangat membantu masyarakat,"" kata Ci Mehong, Kamis (27/7/2023).

Ci Mehong mengatakan program tersebut dapat diadopsi jika dirinya terpilih sebagai anggota legislatif. Ia mengaku akan membantu memasarkan produk dagangan masyarakat di dapilnya melalui platform akun media sosialnya.
""Saya akan coba bantu UMKM yang ada di Dapil III untuk mempromosikan lewat IG saya,"" kata Bacaleg dari Partai Perindo, partai yang dikenal sebagai partai peduli rakyat kecil, tetap konsisten memperjuangkan penciptaan lapangan kerja Indonesia itu.

Sebagai informasi, kepemimpinan Ganjar Pranowo di Jawa Tengah terbukti mampu melahirkan pengusaha-pengusaha muda melalui berbagai program yang mewadahi kaum milenial untuk meraih kesuksesan.
Sepanjang 2018-2023, Dinas Koperasi dan UMKM Provinsi Jawa Tengah, telah melaksanakan pembinaan terhadap 183.101 UMKM. Ditambah dengan 61.975 UMKM atau start up yang dikelola oleh pengusaha milenial."
,,,
https://www.inews.id/news/nasional/momen-ganjar-pranowo-salam-komando-dengan-trimedya-siap-menangkan-di-sumut/all,"Minggu, 11 Juni 2023 - 18:46:00 WIB","Momen Ganjar Pranowo Salam Komando dengan Trimedya, Siap Menangkan di Sumut","Scan this QR or download app from:
MEDAN, iNews.id- Anggota DPR RI Fraksi PDI Perjuangan (PDIP) asal Sumatera UtaraTrimedya Panjaitansalam komando dengan BacapresGanjar Pranowodi Kota Medan, Sumatera Utara. Hal itu terjadi saat Ganjar melakukan kunjungan pertamanya di Sumut dengan mendatangi kantor DPD PDIP Sumut di Jalan Jamin Gintings, Minggu (11/6/2023).
Di sana, ratusan kader PDIP sudah menunggu. Tampak Ketua DPP PDIP Sukur Nababan sudah menanti bersama ratusan kader itu. Begitupun dengan Trimedya.


Ganjar lalu tiba dari Bandara Kualanamu, Lubuk Pakam, didampingi Yasona Laoly, Djarot Saiful Hidayat dan yang lainnya. Yel-yel meneriakkan nama “Ganjar” dan “Presiden” silih berganti.
Sesudah berhasil maju ke meja depan, Ganjar dan Trimedya lalu melakukan salam komando. Sontak Laoly, Sukur Nababan, dan Ketua DPD PDIP Sumut Rapidin Simbolon bertepuk tangan atas momen tersebut. Ganjar pun tampak menepuk pundak Trimedya.

Sesudah itu, tampak Ganjar dan Trimedya melakukan percakapan singkat.

Ganjar ternyata bertanya kabar kepada Trimedya. Sebab keduanya sudah lama tidak berjumpa. Kepada Trimedya, Ganjar bertanya soal perkembangan gulat. Sebab Trimedya adalah Ketua Umum Pusat Persatuan Gulat seluruh Indonesia periode 2018-2025.
“Beliau bertanya bagaimana perkembangan gulat Indonesia. Karena rakernas Persatuan Gulat Seluruh Indonesia itu dilakukan di Semarang tahun 2018,” ujar Trimedya.
Trimedya mengaku sangat bersukacita dengan momen bersama Ganjar itu. Sebagai kader PDIP, Trimedya mengaku dirinya tegak lurus pada perintah partai yang dikeluarkan Ketua Umum Megawati Soekarnoputri. Yakni memenangkan pemilu danpilpres 2024, khususnya Ganjar Pranowo sebagai calon presiden.
""Siap memenangkan Mas Ganjar di Sumut tanpa reserve. Tegak lurus dengan putusan Ibu Ketua Umum,"" tegas Trimedya Panjaitan.
Momen pertemuan ini menjadi penting karena statemen Trimedya beberapa bulan lalu yang mempertanyakan kualitas Ganjar sebagai calon presiden, kerap diviralkan oleh lawan politik.
Editor: Faieq Hidayat"
https://surabaya.inews.id/read/303451/kenalkan-sosok-ganjar-lewat-demo-masak-kiai-muda-jatim-sasar-emak-emak-di-madura,"Kamis, 01 Juni 2023 | 15:49 WIB","Kenalkan Sosok Ganjar Lewat Demo Masak, Kiai Muda Jatim Sasar Emak-Emak di Madura","Scan this QR or download app from:
SAMPANG, iNewsSurabaya.id- Kelompok sukarelawan Ganjar, Kiai Muda Jawa Timur mengadakanpelatihan memasakpresto ayam dan bandeng di Kabupaten Sampang, Rabu 31 Mei 2023.
Kegiatan tersebut diikuti secara antusias oleh puluhan warga dan santri Pondok Pesantren Darul Hasibin Dusun Gunung Perahu, Desa Tambak, Kecamatan Omben, Kabupaten Sampang.
""Kami memperkenalkan kepada mereka tentang catering, terutama kita kenalkan mereka tentang cara memasak presto ayam atau bandeng,"" kata Koordinator Wilayah (Korwil) Kiyai Muda Jawa Timur, Ali Baidlowi.
Pelatihan tersebut diharapkan dapat memberikan wawasan dan motivasi dalam membuat usaha kuliner. Sehingga, kaum perempuan dapat membantu menambah perekonomian keluarganya.
Menurut Ali, presto bandeng dan ayam memiliki potensi ekonomi lantaran permintaan produk kuliner tersebut dinilai sedang tinggi untuk saat ini, khususnya di wilayah Jawa Timur.
""Sekarang lagi tren, banyak pesanan di masyarakat untuk pengolahan daging. Maka dari itu, kita perkenalkan cara memasak atau mengolah daging ayam atau bandeng sebagai percontohan nanti bisa dikembangkan pada daging lain, sapi atau kambing,"" tuturnya.
Tak sekadar menguasai teknik memasak presto secara khusus, Ali mengakui perlu ada inovasi dari warga untuk menciptakan produk kuliner serupa agar memiliki ciri khas yang menambah nilai ekonomisnya.
Selanjutnya, produk tersebut bisa dijual secara langsung maupun dititipkan kepada pihak lain. ""Kuliner (presto) saat ini diminati oleh masyarakat di warung-warung ataupun di pesta pernikahan,"" kata Ali.
Kegiatan tersebut diakui menjadi yang pertama kali digelar oleh kelompok sukarelawan Ganjar, Kiyai Muda Jawa Timur di wilayah Madura sampai saat ini. Namun, respons masyarakat dinilai sangat antusias.
Bahkan, masyarakat setempat juga sangat terbuka saat para pengurus Kiyai Muda mengenalkan dan menyosialisasikan sosokGanjar PranowosebagaiCalon Presiden2024 mendatang.
""Alhamdulillah baru pertama ini masuk. Insya Allah bulan-bulan ke depan kita sudah ada planing dan mereka yang juga siap di Sumenep, Pamekasan ataupun Bangkalan sendiri,"" ujar Ali.
Respons positif dari masyarakat itu berkat platform kegiatan yang memiliki nilai manfaat secara sosial maupun ekonomis. Ditambah, pemberian bantuan sesuai kegiatan yang dilakukan.
Seperti pada kegiatan pelatihan membuat presto kali ini, Kiyai Muda Jawa Timur turut memberikan bantuan berupa kompor gas, panci presto dan peralatan lainnya untuk menunjang warga dalam mempraktikan
""Jadi, mereka di samping mendukung Pak Ganjar, mereka juga mendapatkan keuntungan nanti bisa memperbaiki ekonomi mereka lewat industri UMKM. Contoh konkritnya seperti industri kuliner"" tutur Ali.
Manfaat tersebut dirasakan oleh Pimpinan Pondok Pesantren Darul Hasibin, Khoirul Mufid. Melalui pelatihan membuat presto ayam dan bandeng, ia berharap para santri termotivasi untuk membangun usaha.
""Alhamdulillah kegiatan ini bisa memberikan hal positif bagi warga di Desa Tambak Kecamatan Omben Kabupaten Sampang,"" kata Mufid seusai mengikuti kegiatan tersebut.
Setelah mengenal sosok Ganjar lewat Kiyai Muda Jawa Timur, ia pun mengaku semakin terkesan dengan Ganjar dan siap mendukungnya menjadi Presiden 2024 mendatang.
""InsyaAllah (warga) sangat mendukung Pak Ganjar. (Karena) Pak Ganjar itu baik dan insya allah amanat,"" ujar Mufid mengakhiri wawancaranya.
Editor : Ali Masduki"
https://www.inews.id/multimedia/photo/ratusan-tukang-becak-kota-bogor-deklarasi-dukung-ganjar-pranowo,,Ratusan Tukang Becak Kota Bogor Deklarasi Dukung Ganjar Pranowo,"JAKARTA, iNews.id -Ratusantukang becakberkumpul mendeklarasikan dukugan terhadapGanjar Pranowosebagai Capres 2024 di Gedung DPRD Kota Bogor, Jawa Barat, Minggu (30/7/2023).
Sebanyak 500 lebih tukang becak dari berbagai pos di Kota Bogor mendukung Ganjar Pranowo -Bacapres PDI Perjuangan yang juga didukung Partai Perindo- karena dinilai dapat melanjutkan program-program Presiden Joko Widodo.
Editor: Yudistiro Pranoto"
https://www.inews.id/news/nasional/momen-menarik-saat-ganjar-ikut-rayakan-ulang-tahun-cucu-gus-dur,"Minggu, 13 Agustus 2023 - 23:35:00 WIB",Momen Menarik saat Ganjar Ikut Rayakan Ulang Tahun Cucu Gus Dur,"Scan this QR or download app from:
JAKARTA, iNews.id -Ada momen menarik saat bakal calon presiden (bacapres) Partai PerindoGanjar Pranowobersilaturahmi ke kediaman Sinta Nuriyah Wahid, istri almarhum Presiden ke-4 RIAbdurrahman WahidatauGus Durdi Ciganjur, Jagakarsa, Jakarta Selatan, Minggu (13/8/2023) malam. Ganjar ikut merayakan ulang tahun anak Yenny Wahid yang juga cucu Gus Dur, Aurora Maica Madura.
Ada juga cucu lain, Alessandria Amyra Noya dan Raisa Isabella Hasna yang turut merayakan. Tiga putri Yenny Wahid pun ikut berkumpul untuk meniup lilin di atas kue ulang tahun yang sudah disediakan di atas meja. Ganjar larut dalam kebahagiaan itu.


“Panjang umurnya, panjang umurnya. Panjang umurnya serta mulia, serta mulia, serta mulia. Tiup lilinnya, tiup lilinnya, tiup lilinnya sekarang juga. Sekarang juga, sekarang juga,” nyanyi mereka.
"
https://jateng.inews.id/berita/pastikan-warga-nikmati-air-bersih-ganjar-cek-bantuan-spam-gendowang-pemalang,"Selasa, 04 Juli 2023 - 19:54:00 WIB","Pastikan Warga Nikmati Air Bersih, Ganjar Cek Bantuan SPAM Gendowang Pemalang","Scan this QR or download app from:
PEMALANG, iNews.id- Gubernur Jawa TengahGanjar Pranowomengecek bantuan Sistem Penyediaan Air Minum (SPAM) di Desa Gendowang, Kecamatan Moga, KabupatenPemalang, Selasa (4/7/2023). Hal itu dilakukan untuk memastikan warga desa mendapatkanair bersih, sebagai upaya menekan kemiskinan ekstrem.
""Kami mau kejar kebutuhan air bersih di setiap desa. Kalau di desa kadesnya bisa aktif seperti beliau, bisa menemukan ini lho warga saya yang kurang air bersih, ini lho ada sumber air bersih. Maka kemudian, bagaimana cara kami membuat sumber air bisa diutilisasi sehingga bisa didistribusikan,"" kata Ganjar seusai meninjau bantuan air bersih di rumah warga dan SPAM di Desa Gendowang.

Ganjar menjelaskan, bantuan air bersih merupakan bentuk intervensi dalam penanganan kemiskinan ekstrem. Beban pengeluaran warga miskin untuk air bersih dapat dikurangi dengan adanya bantuan air bersih. Sebab, kebutuhan air bersih sudah terpenuhi.
""Selama ini ngangsu (ambil air), kalau kemarau beli. Kalau pemerintah memberikan air bersih maka pengeluaran untuk air terkurangi. Dua, kalau air bersihnya betul-betul bisa mencukupi kebutuhan keluarga, insyallah dari sisi kesehatan akan terbantu,"" katanya.

Artinya, lanjut Ganjar, ketika kebutuhan air bersih itu terpenuhi maka indikator kebutuhan dasar bagi warga yang masuk kategori miskin pelan-pelan diperbaiki. Tentu saja di luar itu masih ada intervensi lain seperti perbaikan alas, lantai, dinding, jamban, listrik, dan lainnya.
""Cari juga yang mohon maaf disabilitas, cari mereka yang usia produktif, usia sekolah tapi dia tidak sekolah atau usia produktif tidak bekerja. Kita latih sehingga mereka bisa menjadi tulang punggung. Kalau satu saja bisa membantu keluarganya, maka indikator-indikator kemiskinannya bisa cepat teratasi,” kata Ganjar.
Pembangunan SPAM di Desa Gendowang menelan biaya senilai Rp371.722.000 dari APBD Provinsi Jawa Tengah. Kapasitas dari reservoir SPAM Gendowang itu setidaknya cukup untuk memenuhi kebutuhan air bersih atau air minum untuk 200 rumah atau KK.
""Kapasitasnya bisa sampai 200, tapi masih ada satu pedukuhan yang belum. Saya suruh cari sumber mata airnya, kami buatkan. Tidak terlalu mahal ini 300 jutaan ternyata terjadi dan itu menjadi air bersih. Apalagi sekarang jelang musim kemarau, maka mesti cepat-cepat,"" papar Bacapres 2024 yang didukung Partai Perindo itu.
Ganjar juga mengingatkan agar sumber mata air terus dijaga. Jika perlu dibuatkan Peraturan Desa (Perdes) untuk konservasi, tidak boleh dirusak, dan jika perlu menambah tanaman yang mampu mengkonservasi sumber mata air.
Editor: Kastolani Marzuki"
https://jabar.inews.id/berita/ganjar-sowan-ke-ponpes-keluarga-mbah-moen-di-cirebon-dialog-hangat-dengan-ulama-santri,"Rabu, 02 Agustus 2023 - 00:22:00 WIB","Ganjar Sowan ke Ponpes Keluarga Mbah Moen di Cirebon, Dialog Hangat dengan Ulama-Santri","Scan this QR or download app from:
CIREBON, INews.id -Bakal calon presiden (bacapres) 2024 dari Partai Perindo,Ganjar Pranowo, mengunjungi ponpes keluargaKH Maimoen ZubairatauMbah MoendiKabupaten Cirebon, Selasa (1/8/2023) sore. Dalam kunjungan itu, Ganjar berdialog hangat dengan ulama dan santri.
Dalam lawatannya ke Cirebon, Ganjar Pranowo, bacapres yang diusung PDIP ini menyempatkan bersilaturahmi dengan sejumlah ulama.

Pada Selasa sore, Ganjar sowan ke kiai kharismatik Cirebon KH Abdurrahman Ibnu Ubaidillah yang merupakan pengasuh Pondok Pesantren (Ponpes) Dar Al Tauhid di Jalan KH Ahmad Syatori, Kecamatan Arjawinangun, Kabupaten Cirebon.
KH Abdurrahman Ibnu Ubaidillah adalah mertua Wakil Gubernur Jawa Tengah (Jateng)Taj Yasin Maimoenyang merupakan putra ulama sepuh kharismatik, KHMaimoen Zubairatau Mbah Moen.

Kedatangan Ganjar Pranowo turut disambut oleh Ketua Mustasyar PBNU Buya Hussein Muhammad dan sejumlah pengurus Ponpes Dar Al Tauhid seperti KH Mashun Muhammad dan KH Muhammad Iqbal. Ganjar juga bertegur sapa dengan ribuan santri yang sudah menunggu sejak siang.
“Saya belum pernah ke sini dan di waktu-waktu kesempatan lain, kami sempatkan ketemu. Hari ini kami niatkan untuk mampir,” kata Ganjar.


Editor: Agus Warsudi"
https://jabar.inews.id/berita/sang-suami-dipercaya-jadi-capres-istri-doakan-ganjar-pranowo-amanah,"Minggu, 18 Juni 2023 - 00:41:00 WIB","Sang Suami Dipercaya Jadi Capres, Istri Doakan Ganjar Pranowo Amanah","Scan this QR or download app from:
BANDUNG, iNews.id -Perjalanan Bakal Calon Presiden (Bacapres) dari PDI Perjuangan (PDIP)Ganjar Pranowohingga sampai tahap sekarang ini tidak lepas dari peran sang istri, Siti Atiqoh Supriyanti.
Menyadari bahwa sang suami adalah pejabat publik, Siti Atiqoh akhirnya bisa menerima jika waktu Ganjar Pranowo banyak dihabiskan mengurus masyarakat. Sehingga kesempatan untuk berkumpul keluarga menjadi sangat terbatas.

""Memang waktu bersama keluarga sangat terbatas. Tapi karena sudah niat mewakafkan jiwa dan raga untuk bangsa dan negara, maka konsekuensinya seperti itu,"" ucapnya dalam One on One bersama Inews TV di Jakarta, Sabtu (17/6/2023) sore.
Dirinya memiliki prinsip jika keluarga adalah satu paket kesatuan, sehingga ketika ada salah satu yang mendapatkan amanah maka semua harus mensupport. Termasuk ketika suaminya mendapatkan tugas dari partai sebagai Gubernur Jawa Tengah sekaligus menjadi bacapres.

Selaku seorang istri, Siti mengaku akan ikut memperjuangkan apa yang menjadi tugas suami. Apapun konsekuensi yang datang termasuk ketika ada bully-an kepada hal-hal yang kecil, maka harus siap menghadapinya.
""Ini amanah buat Mas Ganjar, maka saya dan keluarga harus support berjuang, apapun konsekuensinya harus dihadapi,"" tegasnya.
Editor: Nur Ichsan Yuniarto"
https://jabar.inews.id/berita/relawan-ganjar-pranowo-gelar-pelatihan-pembuatan-kerupuk-banyu-pindang-khas-cirebon,"Sabtu, 22 Juli 2023 - 09:32:00 WIB",Relawan Ganjar Pranowo Gelar Pelatihan Pembuatan Kerupuk Banyu Pindang Khas Cirebon,"Scan this QR or download app from:
CIREBON, iNews.id -Relawan GanjarPranowo yang tergabung dalam Ganjar Sejati menggelar pelatihan pembuatankerupukbanyu pindang di Desa Wangun Harja, Kecamatan Jamblang,Kabupaten Cirebon. Kegiatan ini bertujuan untuk meningkatkan ekonomi warga.
Koordinator lapangan Ganjar Sejati Acung mengatakan, pelatihan ini merupakan bagian dari program sosial untuk memberdayakan masyarakat desa.

Kerupuk banyu pindang, kata Acung, terbuat dari tepung, air ikan pindang, dan penyedap rasa. Kerupuk ini khas daerah Cirebon dan telah menjadi bagian penting dari kuliner tradisional masyarakat setempat.
""Tujuan dari pelatihan ini agar masyarakat bisa mendapat tambahan penghasilan dari kerupuk banyu pindang. Selain itu menambah keterampilan,"" kata Korlap Ganjar Sejati.

Dalam pelatihan, ujar Acung, peserta diajarkan cara pemilihan bahan baku, proses pengolahan, pemotongan sesuai ukuran, pengeringan, menggoreng, dan pengemasan untuk dijual. ""Melalui pelatihan ini, para peserta mampu menguasai cara membuat kerupuk banyu pindang,"" ujar Acung.

Editor: Agus Warsudi"
https://bogor.inews.id/read/312818/sejarah-nama-pademangan-wilayah-yang-jadi-lokasi-ganjar-blusukan,"Minggu, 25 Juni 2023 | 23:48 WIB","Sejarah Nama Pademangan, Wilayah yang Jadi Lokasi Ganjar Blusukan","Scan this QR or download app from:
JAKARTA, iNewsBogor.id- NamaPademanganmenjadi sorotan publik setelah calon presiden 2024 dari PDIP,Ganjar Pranowo, melakukan blusukan dalam rangka safari politik di kawasan tersebut. Terlepas dari hal itu, nama Pademangan ternyata memilikisejarahdi kalangan masyarakat Betawi.
Bagi penduduk Jakarta Utara, kata Pademangan sudah menjadi hal biasa. Pademangan merupakan sebuah kelurahan di wilayah Jakarta Utara yang berbatasan dengan Kemayoran, Jakarta Pusat, secara geografis.
Pademangan juga bersebelahan dengan Teluk Jakarta di sebelah utara, Penjaringan dan Taman Sari di sebelah Barat, Tanjung Priok di sebelah Timur, serta Sawah Besar dan Kemayoran di sebelah Selatan.
Konon, asal mula wilayah Pademangan dapat ditelusuri pada masa penjajahan Belanda dengan VOC. Pada waktu itu, daerah tersebut didiami oleh tokoh-tokoh pribumi Betawi yang memiliki pangkat Demang Betawi.
Oleh karena itu, nama tempat tersebut kemudian disebut Pademangan oleh masyarakat. Kata ""Pademangan"" sendiri terbentuk dari kata ""Per-demang-an"".
Penjelasan mengenai asal usul Pademangan, Jakarta Utara telah diungkapkan dalam buku berjudul212 Asal-Usul Djakarta Tempo Doeloekarya Zaenuddin HM, yang diterbitkan olehUfuk Presspada Oktober 2012.
Editor : Ifan Jafar Siddik"
https://muria.inews.id/read/311948/beredar-video-kades-di-kecamatan-penawangan-dukung-ganjar-ini-penjelasan-bawaslu-grobogan,"Jum'at, 23 Juni 2023 | 14:23 WIB","Beredar Video Kades di Kecamatan Penawangan Dukung Ganjar, Ini Penjelasan Bawaslu Grobogan","Scan this QR or download app from:
GROBOGAN,iNewsMuria.id-Video yang menampilkan empatkepala desadiKecamatan Penawangan, Kabupaten Grobogan, Jawa Tengah yang menyatakan dukungan kepadaGanjar Pranowoberedar di masyarakat melalui pesan WhatsApp atau WA.
Dalam video yang sempat dilihat muria.inews.id pada Jumat (23/6/2023) tersebut terlihat empat orang yang mengenakan pakaian korpri berdiri berjejeran. Sambil mengepalkan tangan mereka memperkenalkan diri.
Selain memperkenalkan diri lengkap dengan jabatan dan dari desa mana para kepala desa atau Kades tersebut juga secara bersama-sama menyatakan dukungannya kepada Ganjar Pranowo.
""Saya Kepala Desa Tunggu, saya Kepala Desa Kluwan, saya Kepala Desa Leyangan, saya Kepala Desa Pengkol, mendukung Bapak Ganjar Pranowo sebagai calon Presiden Republik Indonesia periode..,"" ujar keempatnya.
Mengenai beredarnya video empat kepala desa di Kecamatan Penawangan, tersebut KetuaBawaslu GroboganFitria Nita Witanti dan anggota Bawaslu Grobogan Desi Ari Hartanta menjelaskan, bahwa video tersebut adalah video lama.
Video Lama
""Itu video lama pada 2021 lalu, kalau tidak salah November jadi sebelum tahapanPemilu 2024. Kami juga sudah memprediksi video tersebut akan muncul lagi,"" jelas Fitria di Kantor Bawaslu Grobogan, Jumat (23/6/2023).
Saat muncul video tersebut, lanjut Fitria, Bawaslu kemudian melakukan penelusuran untuk tindak lanjut. Ketika ditelusuri ternyata empat kepala desa di Kecamatan Penawangan tersebut sudah dipanggil Bupati Grobogan Sri Sumarni.
Bahkan di bulan November 2021, menurut Desi Ari, ada video klarifikasi dari keempat kepala desa di Kecamatan Penawangan terkait video sebelumnya yang menyatakan dukungan kepada Ganjar Pranowo.
""Jadi Camat Penawangan saat itu, Bapak Kasan Anwar dan kepolisian sudah langsung respons dan keempatnya juga sudah dipanggil Bupati Grobogan. Kemudian muncul video klarifikasi,"" kata Fitria.

Dalam video klarifikasi dari keempat kepala desa di Kecamatan Penawangan terlihat mereka mengenakan pakaian batik dan safari. Kepala Desa Tunggu sambil memegang kertas membacakan pernyataan klafirikasi.
""Assalamualaikum, hari ini Kamis 24 November 2021 saya Kepala Desa Tunggu, Kecamatan Penawangan, Kabupaten Grobogan, saya Kepala Desa Leyangan, Kecamatan Penawangan, Kabupaten Grobogan, saya Kepala Desa Pengkol, Kecamatan Penawangan, Kabupaten Grobogan, saya Kepala Desa Kluwan, Kecamatan Penawangan, Kabupaten Grobogan.""
""Dengan ini kami memohon maaf atas video yang kami buat terkait dengan dukungan pencalonan Presiden 2024. Bahwa yang kami lakukan ternyata menyalahi peraturan perundangan yang berlaku, untuk itu sekali lagi saya mohon maaf yang sebesar besarnya. Demikian klarifikasi ini kami buat dengan sepenuh hati untuk digunakan sepenuhnya wassalamualaikum.""
Dengan adanya kejadian tersebut, Fitria mengatakan, Bawaslu Grobogan mengimbau kepada pihak-pihak yang secara peraturan harus menjaga netralitas untuk tidak melibatkan diri dalam dukung mendukung dan kampanye saat Pemilu 2024. (*)
Editor : Arif F"
https://asahanraya.inews.id/read/326891/ir-h-zahir-map-siap-jadi-jurkam-perjuangkan-ganjar-jadi-presiden,"Senin, 31 Juli 2023 | 15:44 WIB","Ir. H. Zahir, MAP Siap Jadi Jurkam Perjuangkan Ganjar Jadi Presiden","Scan this QR or download app from:
BATU BARA, iNewsAsahanRaya.id - Saat ini publik telah disuguhkan dengan tiga tokoh yang berpotensi menjadi Calon Presiden pada Pemilu 2024 mendatang.
Dari ketiga tokoh tersebut, PDI-Perjuangan selaku partai peraih kursi DPRD terbesar melabuhkan pilihannya kepada sosokGanjar Pranowo.
Selaku kader dengan posisi Ketua DPC PDI-P Kabupaten Batu Bara Provinsi Sumatera Utara, Ir. H.Zahir, MAP berkomitmen penuh mendukung Capres yang diusung partai pemenang Pemilu tersebut.
""Saya selaku kader dan Ketua DPC PDI-P Kabupaten Batu Bara siap mendukung penuh dan menggerakkan instrumen partai untuk ikut berjuang menjadikan Ganjar menjadi Presiden 2024-2029. Saya siap menjadi Ketua Tim Pemenangan Ganjar di Kabupaten Batu Bara"", ujar Zahir kepada sejumlah wartawan, Senin (31/7/23).
Bupati Batu Baraini mengatakan meski tanpa ada perintah untukJurkamGanjar Pranowo, dirinya mengaku tetap akan  mengkampanyekan Capres yang diusung PDI-Perjuangan.
""Walau tidak ada surat penugasan, sebagai kader kita juga sudah harus mengerti.  Masa ada Capres dari PDI-P kog saya diam aja.Itu mustahil, saya pasti pejuangkan semaksimal mungkin.
Walau tidak ada perintah sebagai Jurkam, saya pasti siap karena partainya siapa. Itu tidak perlu diragukan"", beber Zahir.
Editor : Mohd Fadly Pelka"
https://jateng.inews.id/berita/ganjar-pranowo-bebastugaskan-kepala-smkn-1-sale-karena-pungli-warganet-beri-dukungan/2,"Kamis, 13 Juli 2023 - 08:55:00 WIB","Ganjar Pranowo Bebastugaskan Kepala SMKN 1 Sale karena Pungli, Warganet Beri Dukungan","Scan this QR or download app from:


Sementara itu, akun @nurudinudin143 menyebut, sebagian besar sekolah negeri melakukan praktik pungli dengan kedok serupa. “Sebagian besar sekolah negri pungli pak,dengan dalih infaq,” tulisnya di kolom komentar.
Begitu juga dengan akun @atta216. Dia mengapresiasi langkah Gubernur Ganjar dan berharap gubernur lain di Indonesia melakukannya. “Masih banyak pak sekolah negri yang berbayar, coba semua Gubernur aktif cek begini,” katanya.
Sementara akun @fitri_syalvia mengaku pernah mengalami kejadian yang dialami siswa di SMKN 1 Sale . “ Bener itu aq aja dulu bayar. Heran padahal sma negri. Aku tamatan tahun 2016,” ucapnya.
Tidak hanya memberikan dukungan, sejumlah netizen ramai-ramai melaporkan tindakan pungli di daerahnya masing-masing. Misalnya akun @titinroseta yang mengaku dipungut biaya uang Gedung di tempat anaknya sekolah.
“Anak kami sekolah di SMPN di Pati juga di mintain uang gedung katanya sukarela tapi nominal di tentukan pak, minim 450rb bagi yg kurang mampu, 600 RB dan 1 juta /anak yg mampu, tolong tindak tegas oknum di sekolahan yg selalu melakukan pungli dengan berkedok demi kemajuan sekolah pak @ganjar_pranowo,” katanya.
Seperti diketahui, tindakan tegas telah diambil terhadap Kepala Sekolah SMKN 1 Sale, Kabupaten Rembang, terkait tarikan atau pungli berkedok infak. Ganjar menegaskan Kepala Sekolah SMKN 1 Sale sudah dibebastugaskan dari jabatannya setelah terbukti menarik pungli dari siswa.
""Dia kita bebastugaskan. Kemudian kita melakukan pengecekan dan minta (uang tarikan) untuk dikembalikan,"" kata Ganjar di sela kunjungan diKabupaten Sukoharjo, Selasa (11/7) malam.

Editor: Ahmad Antoni"
https://jateng.inews.id/berita/ganjar-dan-gibran-ikuti-laku-topo-bisu-kirab-pusaka-malam-1-suro-di-pura-mangkunegaran,"Selasa, 18 Juli 2023 - 20:13:00 WIB",Ganjar dan Gibran Ikuti Laku Topo Bisu Kirab Pusaka Malam 1 Suro di Pura Mangkunegaran,"Scan this QR or download app from:
SOLO, iNews.id -Gubernur Jawa TengahGanjar Pranowomenghadirikirab pusakamalam 1 SuroPura Mangkunegaran, Selasa (18/7) malam. Dia pun mengikuti laku topo bisu.
Ganjar tampak berada di Pendopo Ageng Pura Mangkunegara lengkap dengan pakaian Jawi Jangkep. Ia terlihat sedang bercengkerama akrab dengan Ibunda Mangkunegoro X yakni permaisuri GKP Prisca Marina Yogi Supardi.

Selain Ganjar, sejumlah pejabat sepertiWali Kota SoloGibran Rakabuming Raka, anggota DPR Fraksi PDIP Aria Bima, mantanPanglima TNIGatot Nurmantyoserta Ketua DPR RIPuan Maharani, Diah Pikatan Orissa Putri Hapsari yang juga mengenakan pakaian Jawa Jangkep.

Editor: Ahmad Antoni"
https://jabar.inews.id/berita/anak-dan-istri-kiai-ponpes-se-jawa-barat-dukung-ganjar-pranowo-presiden-2024/2,"Senin, 27 Februari 2023 - 08:51:00 WIB",Anak dan Istri Kiai Ponpes se-Jawa Barat Dukung Ganjar Pranowo Presiden 2024,"Scan this QR or download app from:


Sementara itu, Koordinator Nasional Santri Nusantara Yusub Hidayat mengatakan, relawan akan mengonsolidasikan dukungan masyarakat kepada Ganjar hingga ke desa-desa.
""Relawan akan terus menyosialisasikan Ganjar Pranowo kepada masyarakat luas agar dapat memimpin Indonesia pada 2024,"" kata Yusub Hidayat.

Editor: Agus Warsudi"
https://jateng.inews.id/infografis/mengenal-keluarga-besar-istri-ganjar-pranowo-siti-atikoh-asuh-sejumlah-ponpes-di-jateng,,,"Scan this QR or download app from:
Alamat yang anda masukkan salah, tidak tersedia atau sudah dihapus"
https://surabaya.inews.id/read/291818/putra-sulung-inisiator-pdi-perjuangan-apresiasi-keinginan-ganjar-datangi-posko-pandegiling,"Kamis, 04 Mei 2023 | 13:03 WIB",Putra Sulung Inisiator PDI Perjuangan Apresiasi Keinginan Ganjar Datangi Posko Pandegiling,"Scan this QR or download app from:
SURABAYA, iNewsSurabaya.id-Jagad Hariseno, Putra Sulung Ir Sutjipto, salah satuinisiator PDI Perjuanganmengapresiasi rencana napak tilasGanjar Pranowodi kota Surabaya. Calon Presiden dari Partai Demokrasi Indonesia Perjuangan (PDI Perjuangan) ini direncanakan secara khusus mendatangiPosko PandegilingSurabaya dan menyapa ribuan relawan dan simpatisan di Surabaya, pada Sabtu (6/5/2023) nanti.
Menurut Jagad Hariseno, kehadiran Ganjar menjadi motivasi dan spirit kesolidan para relawan Posko Pandegiling.
""Selaku pihak keluarga menyampaikan rasa terimakasih dan mendapat kehormatan tersendiri. Bahwa Ganjar Pranowo tidak melupakan sejarah yang melekat bagi PDI Perjuangan di Jawa Timur khususnya Surabaya, yang tetap setia dibawah komando Ibu Megawati Soekarnoputri,"" tuturnya, Kamis (04/5/2023).
Sebagai penerus trah inisiator Posko Pandegiling, Jagad Hariseno tengah mempersiapkan kehadiran Calon Presiden dari partai berlambang kepala banteng moncong putih ini.
Mas Seno, panggilan akrab Jagad Hariseno bahkan sudah berkoordinasi dengan DPD PDI Perjuangan Jawa Timur tentang agenda kedatangan Ganjar untuk menyapa sekaligus meresmikan Posko Relawan Ganjar Jawa Timur.
""Selaku tuan rumah tentunya sudah berkoordinasi tentang jadwal kehadiran Ganjar. Internal partai diketahui sudah mengkonfirmasi langsung ke Ganjar Pranowo. Keinginan menyapa para relawan di Posko Pandegiling akan dilakukan,"" imbuhnya.
Berdasar informasi yang dihimpun, Ganjar Pranowo tengah melakukanSafari Politikdi dua wilayah Jawa Timur. Yakni Jember dan Surabaya.
Selama kunjungan di Surabaya Sabtu besok, Ganjar akan melakukan konsolidasi internal partai disebuah hotel kawasan Mayjen Sungkono Surabaya serta meresmikan Posko Pandegiling sebagai posko relawan. Selanjutnya, agenda akan berlangsung dengan bertemu para pelaku UMKM di Balai Kota Surabaya.
Editor : Ali Masduki"
https://www.inews.id/news/nasional/ganjar-pranowo-lari-pagi-di-senayan-banyak-pendukung-ajak-selfie,"Minggu, 30 April 2023 - 08:49:00 WIB","Ganjar Pranowo Lari Pagi di Senayan, Banyak Pendukung Ajak Selfie","Scan this QR or download app from:
JAKARTA, iNews.id -Gubernur Jawa Tengah,Ganjar Pranowo, lari pagi di kawasan Stadion Gelora Bung Karno (GBK), Senayan, Jakarta, Minggu (30/4/2023). Lari pagi juga diikuti para relawan dan pendukung Ganjar.
Dengan mengenakan pakaian bertuliskan 'merdeka', Ganjar tampak lari sambil diikuti para pendukungnya. Ganjar sempat beberapa kali berhenti untuk meladeni para pendukung yang ingin mengajakselfie.


""Pak foto dulu Pak,"" kata beberapa ibu-ibu peserta lari pagi.
Ganjar mengatakan target lari hari ini ialah mencapai 10 km. Namun, karena banyaknya orang yang mengajak selfie, dia hanya mampu menyelesaikan lari dengan jarak 6,19 km.

""Jadi kita baru dapat 6,19 kilo, dari target sebenarnya 10 kilo, apa boleh buat, keringatnya sudah habis. Aku pikir pada mau ikut lari, ternyata lebih banyak selfie,"" kata Ganjar sambil berkelakar."
https://banten.inews.id/read/288638/siap-menangkan-ganjar-pranowo-jadi-presiden-3-partai-besar-ini-siap-dukung-dan-bergabung,"Rabu, 26 April 2023 | 16:02 WIB",Siap Menangkan Ganjar Pranowo Jadi Presiden! 3 Partai Besar ini Siap Dukung dan Bergabung,"Scan this QR or download app from:
SERANG, iNewsBanten -Resmi dapat tiketpresiden,Ganjar Pranowosiap melaju untuk Capres dariPartaiDemokrasi Indonesia Perjuangan (PDI Perjuangan) untuk Pilpres 2024.
Ganjar sejauh ini sudah mendapat dukungan dari 3 partai. Siapa saja mereka?
PSI
Partai Solidaritas Indonesia (PSI) sudah mendukung Ganjar sebagai capres. Bahkan dukungan itu diberikan jauh sebelum PDI Perjuangan menunjuk Ganjar.
Hal itu PSI sampaikan usai melakukan polling Rembuk Rakyat pada Oktober 2022. PSI memutuskan mencalonkan Ganjar sebagai calon presiden. Sementara untuk calon wakil presiden, PSI mengusung Yenny Wahid.
""Dari hasil rembuk rakyat itu kami mengumumkan bahwa PSI akan mencalonkan Pak Ganjar Pranowo sebagai capres di 2024,"" kata Wakil Ketua Dewan Pembina PSI Grace Natalie, Senin (3/10/2022).
Ketua Umum Partai Hanura Oesman Sapta Odang atau akrab disapa Oso mengatakan pihaknya siap memenangkan bakal calon presiden (capres) usungan PDI Perjuangan Ganjar Pranowo dalam Pilpres 2024.
Hanura
""Dalam Hari Ulang Tahun (HUT) Partai Hanura Tahun 2022, kami menyatakan akan menentukan (bakal capres) yang dicalonkan dan menjadi pilihan beliau (Presiden Joko Widodo). Saya ikut mendukung Ganjar,"" kata Oso di Jakarta, Sabtu (22/4/2023).
Dia mengatakan seluruh DPD Partai Hanura se-Indonesia sepakat mendukung Ganjar sebagai bakal capres Pemilu 2024. Oso berharap dia dapat berkomunikasi secara langsung dengan Ganjar.
""Kami sudah koordinasi dengan DPD Partai Hanura, mereka serempak menyambut dan setuju mendukung Ganjar Pranowo. Kalau mendukung jangan setengah-setengah, karena harus pakai hati nurani,"" jelasnya.
Editor : Mahesa Apriandi"
https://jateng.inews.id/infografis/ganjar-unggah-video-pantun-sandiaga-uno-ajak-kolaborasi-kode-pilpres-2024,,,"Scan this QR or download app from:
Alamat yang anda masukkan salah, tidak tersedia atau sudah dihapus"
https://jateng.inews.id/berita/ketua-presidium-jari-tangan-sebut-200000-relawan-siap-menangkan-ganjar-di-pilpres-2024,"Senin, 24 April 2023 - 11:01:00 WIB",Ketua Presidium Jari Tangan Sebut 200.000 Relawan Siap Menangkan Ganjar di Pilpres 2024,"Scan this QR or download app from:
SOLO, iNews.id -Ketua PresidiumRelawanJaringan Militan Ganjar (Jari Tangan) Tedy Saputro mengatakan setelahGanjar Pranowodiumumkan sebagai CapresPDI Perjuangan, pihaknya kembali menyatukan tekad untuk menjadikan Ganjar sebagaiPresidenke-8 RI. Dia menyebut Ganjar sudah kantongi 200.000 dukungan suara dari para relawan di seluruh Indonesia.
""Kami nanti akan saling berkolaborasi satu dengan yang lain. Minimal ada komunikasi dan koordinasi. Minimal mereka nanti mempunyai basis masing-masing,"" katanya di Taman Sunan Jogo Kali, Pucangsawit, Jebres, Solo, Senin (24/4/2023).

Tedy menyebut bahwa ada sekitar 200.000 relawan dari 42 kelompok di seluruh Indonesia yang siap mendukung Ganjar. Ke depan para relawan itu akan bergerak dengan cara berbeda dengan PDI Perjuangan.
""Kalau di partai politik tentu memiliki badan pemenangan kalau kami nanti akan berbeda. Kami akan lebih langsung mendatangi masyarakatnya. Semisal kelompok bakul sayur, peternak dll. Relawan ini dari bidangnya masing -masing,"" katanya.

Ditanya soal Cawapres yang cocok dengan Ganjar, Tedy menyerahkan sepenuhnya keputusan tersebut kepada partai dan Ganjar sendiri. Pihaknya lebih mementingkan Ganjar sebagai Presiden. ""Kami saat ini yang mengharapkan Ganjar sebagai Capres. Kami menerima siapa pun wakilnya,"" ujarnya.

Editor: Ahmad Antoni"
https://jateng.inews.id/berita/gus-baha-ke-ganjar-seorang-pemimpin-harus-mengayomi-dan-melindungi-rakyat/2,"Kamis, 04 Mei 2023 - 07:43:00 WIB",Gus Baha ke Ganjar: Seorang Pemimpin Harus Mengayomi dan Melindungi Rakyat,"Scan this QR or download app from:


“Kalau beliaungajidan sebagainya itu selalu solutif, iso ngene kenapa ngono, lalu coba dibalik cara berpikirmu, satu persatu contoh itu diberikan. Sangat inspiratif. Jadi ya, ikut nyantri sebentar tadi sama Gus Baha,” katanya. “Ngajinya banyak sama Gus Baha, selalu menarik,” ujarnya.
Gubernur Jateng dua periode itu mengatakan, Gus Baha sebagai sosok ulama yang santun dalamdakwahmembuatnya disukai. Bahkan, kata Ganjar, orang yang cuek dan malas belajar agama kini banyak yang ‘nyantri’ lewat video-video ngaji Gus Baha yang disebarkan secara daring.

“Maka tadi saya ceritakan Gus jenengan enggak tahu to, yang dulu enggak pernah ngaji, cuek-cuek itu kalau mau tidur mendengarkan rekamane jenengan dan itu ternyata sangat menginspirasi mereka untuk kemudian bisa ikut ngaji,” ujar Ganjar.
“Bertindak baik tanpa harus ketemu dengan jenengan, di dunia digital yang ternyata Gus Baha tidak tahu kalau ada di Youtube, dan di mana-mana,” ujarnya.
Editor: Ahmad Antoni"
https://pantura.inews.id/read/272539/puji-ekonomi-kreatif-batang-ganjar-pranowo-jajal-kacamata-kayu,"Rabu, 22 Maret 2023 | 17:53 WIB","Puji Ekonomi Kreatif Batang, Ganjar Pranowo Jajal Kacamata Kayu","Scan this QR or download app from:
BATANG, iNewsPantura.id-Gubernur Jawa TengahGanjar Pranowomemuji kreativitas dari pelakueknomi kreatifdiKabupaten Batang, Jawa Tengah. Salah satunya perajinkacamata kayu.
Ganjar bahkan memposting konten kreativitas para pelaku ekonomi kreatif yang membuat kaca mata kayu itu di akun sosial medianya. ""Wah kacamatanya keren, ini kayu?"" ujar ganjar pranowo...
Dalam video yang diunggah dalam akun instagram @ganjar_pranowo terlihat Gubernur Jateng ini tak puas hanya mencoba satu model kacamata, tetapi juga mencoba model lainnya. Sekertaris Komite Ekonomi Kreatif Batang Eka Panca menyampaikan bahwa produk yang dipakai gunernur jateng itu benar produk anggota KEK Batang. Produk itu bernama OWA, satu brand asli batang yang berfokus membuat Jam tangan, Frame Kacamata dan juga aksesoris lainnya yang berbahan dasar kayu.
Tentunya ini sebagai stimulus teman-teman pegiat ekomoni kreatif lainnya di Batang, agar bisa menciptakan produk yang bagus, mempunyai nilai jual dan bisa bersaing dengan produk branded lainnya, Pungkasnya.
Editor : Muhammad Burhan"
https://pandeglang.inews.id/read/291933/bak-gadis-belia-siti-atikoh-istri-ganjar-pranowo-terlihat-awet-muda-meski-umur-51-tahun,"Kamis, 04 Mei 2023 | 17:01 WIB","Bak Gadis Belia, Siti Atikoh Istri Ganjar Pranowo Terlihat Awet Muda Meski Umur 51 Tahun","Scan this QR or download app from:
JAKARTA,iNewsPandeglang.id-Siti Atikoh, istri dariGanjar Pranowosukses mencuri perhatian karena terlihat semakincantikawet mudaseperti gadis belia meskipun umurnya sudah 51 tahun. Karuan saja bikin manglingin hingga kini dia menjadi  sorotan warganet.
Apalagi pada kenyataanya, baru-baru ini sang suami, Ganjar Pranowo telah ditetapkan sebagai calon presiden. Tak ayal publik pun semakin ingin tahu sosok istri Gubernur Jawa Tengah ini.
Tidak banyak yang mengetahui dari sosok yang mempunyai nama lengkap Siti Atikoh Suprianti ini dan tentu netizen pun belum tentu mengetahui bahwa ia adalah istri  Gubernur Ganjar Pranowo.
Tak hanya memiliki paras yang cantik,  Siti Atikoh juga dikenal awet muda dan masih terlihat seperti gadis belia seperti menengok postingan-postingannya dalam media sosial instagram.
Dalam beberapa potret unggahan di instagram @atikoh.s berikut ini berbagai pose  istri dari Ganjar Pranowo.

Editor : Iskandar Nasution"
