url,tanggal,judul,isi
https://www.inews.id/news/nasional/debat-cawapres-tpn-mahfud-md-juara-gibran-kelihatan-menghafal-dan-normatif/2,"Sabtu, 23 Desember 2023 - 11:14:00 WIB","Debat Cawapres, TPN: Mahfud MD Juara, Gibran Kelihatan Menghafal dan Normatif","Scan this QR or download app from:

""Gibran dari raut wajah terlihat seperti orang yang menghafal, tidak murni dari hasil olah pikir dirinya. Begitupun dengan Cak Imin terlihat normatif bahkan banyak blundernya. Intinya Cak Imin juara tiga malam ini,"" katanya.

Dalam paparan visi misinya, Mahfud mengulas penegakan hukum penting buat memastikan investasi dan pembangunan yang berkelanjutan dan bermanfaat bagi rakyat.
Menurutnya salah satu hal yang mesti dilakukan supaya pertumbuhan ekonomi berjalan lancar dan bermanfaat bagi rakyat adalah dengan memberantas korupsi di segala lini.
Dalam debat ini, ketiga cawapres didampingi capres masing-masing antara lain Anies Baswedan, Prabowo Subianto dan Ganjar Pranowo. Debat ini melewati tiga segmen. Segmen pertama para cawapres menyampaikan visi, misi, program kerja oleh masing-masing cawapres.
Editor: Donald Karouw"
https://www.inews.id/travel/kuliner/mahfud-md-pulang-ke-madura-yuk-cicipi-kuliner-khasnya-yang-menggugah-selera/2,"Sabtu, 18 November 2023 - 15:29:00 WIB","Mahfud MD Pulang ke Madura, Yuk Cicipi Kuliner Khasnya yang Menggugah Selera!","Scan this QR or download app from:

Topak Ladeh merupakan makanan Madura yang biasanya disajikan pada perayaan Lebaran Idul Fitri. Bagi masyarakat Madura, Lebaran tanpa topak ladeh terasa kurang lengkap. Dalam bahasa Madura, ""topak"" berarti lontong, sehingga topak ladeh berarti lontong dengan ladeh. Topak ladeh adalah hidangan berkuah santan yang diisi dengan irisan daging dan telur.
Anda pasti sudah tidak asing dengan makanan yang satu ini, apa lagi kalau bukan sate Madura. Makanan Madura yang satu ini merupakan hidangan yang tentu sudah familiar di kalangan masyarakat Indonesia, bahkan telah menyebar luas ke berbagai daerah di Tanah Air.

Keistimewaan Sate Ayam Madura terletak pada bumbu kacang manis yang khas. Umumnya, hidangan ini disajikan dengan tambahan kecap, irisan cabe, dan bawang merah, memberikan paduan cita rasa yang unik dan lezat. Keunikan inilah yang membuat makanan khas kampung Mahfud MD ini menjadi favorit di berbagai lokasi, menjadikannya salah satu kuliner yang digemari di seluruh Indonesia.
Kaldu kokot adalah makanan khas Madura yang sangat terkenal. Kaldu kokot merupakan kuliner yang terbuat dari kaki sapi yang diolah menjadi kaldu kikil yang lezat. Masyarakat Madura menyebut kaldu kikil dengan sebutan kaldu kokot.
Dalam bahasa Madura, ""kokot"" berarti kikil. Setiap kabupaten di kampung Mahfud MD ini memiliki cara penyajian kaldu kokot yang berbeda-beda. Di Kabupaten Sumenep, kaldu kokot disajikan dicampur dengan kacang tanah yang telah diulek. Kaldu kokot menjadi hidangan favorit saat turnamen karapan sapi, bahkan turis mancanegara yang menonton acara tersebut ikut menikmati hidangan ini."
https://www.inews.id/news/nasional/momen-yenny-wahid-tebak-tebakan-dengan-mahfud-md-apa-persamaan-pak-mahfud-dan-warteg/all,"Jumat, 05 Januari 2024 - 15:43:00 WIB",Momen Yenny Wahid Tebak-tebakan dengan Mahfud MD: Apa Persamaan Pak Mahfud dan Warteg?,"Scan this QR or download app from:
JAKARTA, iNews.id- Momen kocak terjadi saat putri Presiden ke-4 Abdurahman Wahid atau Gus Dur, Zannuba Ariffah Chafsoh yang akrab disapaYenny Wahid, maintebak-tebakandengan Calon Wakil Presiden (Cawapres) Nomor Urut 3Mahfud MD. Dia bertanya persamaan Mahfud dengan warteg.
Dalam video yang diunggah akun Instagram @bestienya_mahfudmd Jumat (5/1/2024), momen itu terjadi saat dewan penasihat Tim Pemenangan Nasional (TPN)Ganjar-Mahfuditu duduk semeja dengan sang menko polhukam.


Selain keduanya, tampak pula Ketua Tim Koordinasi Relawan Pemenangan Pemilu (TKRPP) Ganjar-Mahfud Ahmad Basarah dan mantan Menteri Agama Lukman Hakim Saifuddin.
""Pak Mahfud, pak Mahfud tahu gak persamaan pak Mahfud MD dengan warteg?"" ucap Yenny Wahid.

Mimik muka Mahfud MD tampak berubah. Dia berpikir serius demi menjawab pertanyaan Yenny.
""Apa ya? Persamaannya? Pak Basarah tahu gak persamaan Mahfud dengan warteg,"" ujar Mahfud.

""Waduh, saya enggak tahu lagi, Mba Yenny,"" kata Ahmad Basarah.
Mahfud juga bertanya kepada Lukman Hakim. ""Pak Lukman, Pak Lukman,"" tanya Mahfud.

""Waduh, apa itu ya? Enggak paham saya,"" kata Lukman.
""Apa Mba Yenny (jawabannya)? apa itu?"" tanya Mahfud penasaran.

""Mau tahu Pak Mahfud? Karena Pak Mahfud itu sama seperti warteg, sederhana tapi berkualitas,"" kata Yenny Wahid sembari.
Jawaban Yenny itu disambut gelak tawa serta tepuk tangan Mahfud, Basarah dan Lukman.
""Mba @yennywahid bisa aja nih.. #mahfudmd #yennywahid #ganjarpranowo #ganjarmahfud2024 #ganjarmahfud #tebaktebakan #gombalanmaut,"" tulis keterangan unggahan pada akun @bestienya_mahfudmd.
Para netizen pun terhibur dengan candaan tersebut.
""Waduuhhhh, bener bu yenny, pak mahfud sederhana berkualitas cawapres idaman,"" tulis akun @aisyahhumaira.
""Seru nih, bu yenny setuju bnget bu, pak mahfud sangat berkualitas,"" tulis akun @m.bahri00.
""Pliiis receh banget gue gini aja ketawa tapi emang keren banget sih pak Mahfud,"" tulis @andiiarab28.
Editor: Rizky Agustian"
https://www.inews.id/news/nasional/mahfud-md-ajak-anak-muda-gunakan-hak-pilih-politik-tak-bisa-dihindari-siapa-pun/all,"Kamis, 07 Desember 2023 - 06:08:00 WIB",Mahfud MD Ajak Anak Muda Gunakan Hak Pilih: Politik Tak Bisa Dihindari Siapa pun,"Scan this QR or download app from:
JAKARTA, iNews.id- Calon wakil presiden (cawapres) yang diusung Partai Persatuan Indonesia (Perindo),Mahfud MD, mengajakanak mudauntuk menggunakanhak pilihdalamPemilu 2024. Menurutnya, tidak memilih atau golput bukanlah jalan keluar untuk membawa Indonesia lebih baik.
Pernyataan itu disampaikan Mahfud saat menghadiri acara diskusi di kawasan Jakarta Selatan, Rabu (6/12/2023) malam. Acara tersebut menghadirkan artis Raffi Ahmad sebagai panelis.


Semula, Raffi bertanya kepada Mahfud MD terkait cara agar anak muda melek politik dan menggunakan hak pilihnya. Sebab, kata dia saat ini anak muda apatis terhadap politik.
""Bagaimana supaya anak-anak gen Z supaya mereka tidak apatis? Apa gagasan-gagasan mungkin yang bisa membuat gen Z dan generasi milenial melek akan politik yang damai dan bisa menghargai ini semua?"" kata Raffi kepada Mahfud.

Mahfud menjawab dengan mengajak anak muda untuk menggunakan hak pilih dalam Pemilu 2024. Menurutnya, politik adalah sebuah keniscayaan.
""(Politik) tidak bisa dihindarkan oleh siapa pun, kalau Anda tidak ikut memilih akan menerima risiko dari ketidakmemilihan itu karena orang yang terpilih itu adalah mungkin orang yang tidak bisa membawa aspirasi Anda,"" tuturnya.

Namun, Mahfud tidak setuju dengan pernyataan Raffi Ahmad kalau anak muda apatis terhadap politik. Sebab, hal itu berbanding terbalik dengan fakta yang ditemukan saat mengunjungi perkampungan di daerah.
""Kalau ada pandangan bahwa seakan-akan anak muda apatis terhadap politik itu saya kira enggak, itu mungkin gejala di TikTok,"" ujarnya.

""Karena saya datang ke kampung-kampung dalam sebulan ini, wah anak muda semua yang ingin berpolitik itu. Menurut saya jauh lebih besar yang ingin dan tertarik untuk berpolitik anak muda ini dan memberikan suaranya,"" kata Mahfud.
Dia pun menekankan kepada siapa pun yang suka bermain media sosial untuk mengampanyekan penggunaan hak pilih dalam Pemilu 2024. Masa depan Indonesia adalah anak muda dan sebaliknya.

""Itu yang harus dibangun kesadaran kepada anak-anak muda, tidak ada yang bisa menghindar dari politik. Siapa yang menghindar dari politik akan menjadi korban politik. Oleh sebab itu tentukan pilihan dengan bertanggung jawab,"" katanya.
Editor: Rizky Agustian"
https://www.inews.id/news/nasional/mahfud-md-kemenangan-bukanlah-tujuan-akhir-melainkan-awal-dari-perjuangan,"Rabu, 07 Februari 2024 - 11:54:00 WIB","Mahfud MD: Kemenangan Bukanlah Tujuan Akhir, Melainkan Awal dari Perjuangan","Scan this QR or download app from:
JAKARTA, iNews.id –Calon Wakil Presiden (Cawapres) nomor urut 3,Mahfud MDmenegaskan bahwakemenanganPilpres 2024bukan akhir dari sebuah kompetisi. Tapi melainkan awal perjuangan yang lebih besar untuk rakyat Indonesia.
“Bersama Mas Ganjar, partai koalisi,TPN, TPD, dan terutama rakyat yang saya cintai, saya yakin kemenangan bukanlah tujuan akhir, melainkan awal dari perjuangan yang lebih besar lagi. Bersama, kita akan bergerak lebih cepat lagi untuk membawa Indonesia ke arah yang lebih baik,” ujar Mahfud melalui akun Instagram pribadinya @mohmahfudmd, Rabu (7/2/2024).


Pria asal Pamekasan, Madura, Jawa Timur itu menyatakan bahwa masa kampanye Pilpres 2024 akan segera berakhir pada Sabtu (10/2/2024). Setelah itu, akan masuk masa tenang sebagai persiapan untuk pelaksanaan Pilpres 2024, pada 14 Februari 2024.
Selama masa kampanye, Mahfud melakukan safari berkeliling Indonesia, melintasi kampung-kampung, dan berdialog dengan setiap masyarakat yang dijumpai. Dia mengaku, pertemuan dengan masyarakat selalu menimbulkan kesan kehangatan serta keberagaman rakyat yang menyentuh hati.

“Saya mengingat tangan-tangan yang saya genggam, cerita-cerita yang saya dengar, setiap harapan rakyat yang harus dibela, dan diperjuangkan,” kata Mahfud.
"
https://www.inews.id/news/nasional/mahfud-ungkap-ada-operasi-bungkam-kritik-kampus-ke-jokowi-diminta-bilang-pemilu-berjalan-baik,"Selasa, 06 Februari 2024 - 13:34:00 WIB","Mahfud Ungkap Ada Operasi Bungkam Kritik Kampus ke Jokowi, Diminta Bilang Pemilu Berjalan Baik","Scan this QR or download app from:
YOGYAKARTA, iNews.id- Calon Wakil Presiden (Cawapres) Nomor Urut 3Mahfud MDmengungkapkan adanya operasi untuk membungkamkritikperguruan tinggi ataukampusterhadap pemerintahan Presiden Joko Widodo (Jokowi). Menurutnya, para rektor diminta oknum tertentu menyatakan sikap bertolak belakang dengan kritik yang disampaikan paraguru besar, salah satunya menyebut Pemilu 2024 berjalan dengan baik.
Pernyataan itu disampaikan Mahfud dalam acara Tabrak Prof! di Koat Kopi, Yogyakarta, Senin (5/2/2024). Semula, dia menanggapi aspirasi yang disampaikan anak muda bernama Irsyad.


Irsyad merasa bangga karena kampus-kampus, terutama di Yogyakarta, sudah menunjukkan upaya penyelamatan demokrasi. Akan tetapi, dia mempertanyakan apakah pemerintah dan aparat penegak hukum mengintervensi upaya tersebut.
Menanggapi aspirasi pemuda tersebut, Mahfud menjelaskan kemungkinan intervensi bisa terjadi. Sejauh ini, kata dia, sudah ada 59 kampus yang telah menyatakan sikap.

“Karena sampai sore ini ada 59 perguruan tinggi yang terus mengalir ya, dan ini akan terus perguruan tinggi menyatakan sikap untuk mengawal pemilu dan munculnya pemerintahan yang beretika,” kata Mahfud.
Dia pun mengucapkan terima kasih kepada guru besar dan sivitas akademika UGM yang telah mengawali pernyataan sikap dan mengajak perguruan tinggi lain untuk melakukan tindakan serupa."
https://indramayu.inews.id/read/378295/arya-permana-graha-bidik-kemenangan-ganjar-mahfud-hingga-kursi-dpr-ri,"Senin, 04 Desember 2023 | 12:15 WIB",Arya Permana Graha Bidik Kemenangan Ganjar-Mahfud hingga Kursi DPR RI,"Scan this QR or download app from:
KUNINGAN,iNewsIndramayu.id–Caleg DPR RIDapilJabarX, Arya Permana Graha merasa yakin jika raihan suara pasangan Capres-Cawapres nomor urut 3 yakni Ganjar-Mahfud di Jawa Barat bakal optimal. Rasa optimis ini cukup tinggi, karena mesin partai terus bergerak dan bekerja maksimal.
Konsolidasi internal dariPPPdi Kabupaten Kuningan, Jawa Barat, juga makin gencar dilakukan. Bahkan saat masa kampanye sekarang, Senin (4/12), semua tim pemenangan dari masing-masing dapil tetap bergerak menemui masyarakat.
“Yang pasti, jika hari ini ada pernyataan dari masing-masing tim pemenangan Capres-Cawapres merasa optimis akan menang di Jawa Barat, maka kami tentu juga sama optimis menang di Jawa Barat. Nah soal strategi, kami sebagai tim pemenangan tentu punya formula masing-masing,” kata Arya Permana Graha yang menjabat pula Bendahara Umum DPP PPP.
Termasuk bagaimana meraih kemenangan di Kabupaten Kuningan, Ia selaku pituin Kuningan tentunya memiliki strategi tersendiri. Apalagi kini maju sebagai Caleg DPR RI Dapil Jabar X (Kuningan, Ciamis, Banjar, Pangandaran), sehingga akan optimal menggenjot suara partai maupun Capres-Cawapres Ganjar-Mahfud.
“Memang Jawa Barat ini menjadi magnet bagi semua kandidat Capres-Cawapres maupun tim pemenangan masing-masing. Sebab pemilih terbesar ada di Jawa Barat,” katanya.
Selain itu, lanjutnya, dari sisi geografis wilayah Jabar sebagai penyangga ibukota menjadi kawasan strategis, sehingga lebih mudah dijangkau saat konsolidasi. Jadi konsolidasi tidak terlalu memakan waktu yang panjang ketika berkeliling wilayah Jabar.
Kaitan dengan peluang PPP meraih kursi di DPR RI dari Dapil Jabar X, Ia merasa, jika berhitung dari pileg tahun lalu maka PPP masih sangat berpeluang mendapat 1 kursi di DPR RI.
“Jadi kita harus realistis ya, 1 kursi untuk target DPR RI. Karena potret pemilu terakhir di Pileg 2019, semua rata masing-masing mendapat 1 kursi dari 7 partai politik,” terangnya.
Melihat konstelasi politik saat ini, Ia berpendapat, bahwa persaingan untuk kursi DPR RI di Pileg 2024 tidak jauh berbeda dari Pileg 2019. Sehingga masing-masing partai politik masih di posisi dengan raihan 1 kursi.
“Ada 7 partai mendapatkan masing-masing 1 kursi, dan melihat perkembangan sekarang hitung-hitungan saya masih masing-masing 1 kursi. Jadi cukup sulit bukan saja bagi PPP, tapi juga untuk partai lain mendapatkan 2 kursi,” imbuhnya.
Saat ditanya daerah mana yang dinilai cukup alot meraih suara pemilih, Ia menyebut, apabila semua wilayah di Dapil Jabar X memiliki penerapan strategi masing-masing. Hanya yang paling dioptimalkan, yakni Kabupaten Kuningan karena sebagai tanah kelahiran.
“Saya tidak menyampaikan bahwa Ciamis, Banjar, Pangandaran itu alot, dan Kuningan itu lebih mudah. Ya karena memang dalam peta saya dan potensi yang sudah terukur, saya menyimpulkan bahwa potensi yang paling mungkin dioptimalkan adalah Kuningan. Maka inilah yang saya maksimalkan (Caleg DPR RI) kaitan dengan konsolidasi jaringan maupun elektoral,” pungkasnya.(*)
Editor : Tomi Indra Priyanto"
https://www.inews.id/news/nasional/ahok-akan-hadiri-kampanye-pamungkas-ganjar-mahfud-di-hajatan-rakyat-gbk-hari-ini/1,"Sabtu, 03 Februari 2024 - 06:38:00 WIB",Ahok Akan Hadiri Kampanye Pamungkas Ganjar-Mahfud di Hajatan Rakyat GBK Hari Ini,"Scan this QR or download app from:
JAKARTA, iNews.id-Basuki Tjahaja PurnamaaliasAhokakan ikut berkampanye bagi Capres-Cawapres Nomor Urut 3 Ganjar Pranowo dan Mahfud MD padaHajatan RakyatJakarta di Stadion Utama Gelora Bung Karno (GBK), Sabtu (3/2/2024). Pernyataan itu menyusul deklarasi dukungannya terhadapGanjar-Mahfudusai mengundurkan diri dari Komisaris Utama (Komut) PT Pertamina (Persero).
Pengunduran diri Ahok menjadi pengumuman resmi mantan Gubernur DKI Jakarta itu untuk menghilangkan kebingungan atau misinformasi di kalangan Ahokers terkait berita-berita hoaks yang beredar mengenai arah politiknya pada Pilpres 2024.


""Intinya agar para Ahokers tidak bingung arah politik saya kemana. Dengan ikut kampanye dukung Pak Ganjar dan Pak Mahfud, semua isu hoaks bahwa saya dukung pasangan lain langsung stop,"" kata Ahok di Jakarta, Jumat (2/2/2024).
Ahok juga memastikan akan hadir pada Hajatan Rakyat Jakarta yang menjadi   kampanye pamungkas Ganjar-Mahfud.

Kabar mengenai pengunduran diri Ahok dari Komut PT Pertamina disampaikan melalui unggahan di akun Instagram pribadinya, @basukibtp, pada Jumat (2/2/2024) malam. Dalam unggahan itu, Ahok yang memakai kemeja kotak berwarna biru hitam menunjukkan bukti tanda terima surat pengunduran dirinya yang ditujukan kepada Dewan Komisaris PT Pertamina.
Sedangkan pada halaman selanjutnya, Ahok mengunggah tanda penyerahan surat pengunduran diri dan laporan pertanggungjawaban sebagai Komut PT Pertamina kepada Menteri BUMN Erick Thohir, selaku pemegang saham. Adapun surat pengunduran diri yang ditujukan kepada Dewan Komisaris Pertamina dan Menteri BUMN itu tercatat pada Kamis (1/2/2024)."
https://www.inews.id/finance/bisnis/mahfud-md-janji-prioritaskan-pendidikan-gratis-hingga-kuliah,"Sabtu, 03 Februari 2024 - 11:23:00 WIB",Mahfud MD Janji Prioritaskan Pendidikan Gratis hingga Kuliah!,"Scan this QR or download app from:
JAKARTA, iNews.id -Cawapres nomor urut 3Mahfud MDberjanji akan  memprioritaskan pendidikan gratis hingga perguruan tinggi. Hal itu dilakukan untuk menyediakan 17 juta lapangan pekerjaan di Indonesia lewat program 1 keluarga miskin 1 sarjana.
Hal itu disampaikan Mahfud dalam acara Fun Walk Puncak Peringatan HUT Partai Hanura ke-17 di Jalan Kostal Area, Kabupaten Karimun, Kepulauan Riau (Kepri), Sabtu (3/2/2024).


""Kalau ada keluarga yang masih tertinggal di bidang ekonomi atau miskin, kami akan ambil satu keluarganya untuk disekolahkan sampai perguruan tinggi,"" ucap  Mahfud di atas panggung Fun Walk.
Menurut Mahfud, pendidikan gratis yang disediakan negara bekal pendorong agar lebih banyak lapangan pekerjaan dengan penghasilan layak untuk masyarakat Indonesia.

Dengan begitu, anggota keluarga prasejahtera yang mendapatkan program tersebut bisa memperbaiki perekonomian keluarga setelah berhasil lulus dari perguruan tinggi."
https://www.inews.id/news/nasional/ganjar-mahfud-safari-politik-keliling-pulau-jawa-hari-ini-tatap-muka-dengan-rakyat,"Rabu, 07 Februari 2024 - 07:49:00 WIB","Ganjar-Mahfud Safari Politik Keliling Pulau Jawa Hari Ini, Tatap Muka dengan Rakyat","Scan this QR or download app from:
JAKARTA, iNews.id– Capres-Cawapres Nomor Urut 3 yang didukung Partai Perindo, Ganjar Pranowo dan Mahfud MD kembali melanjutkansafari politikpada hari ke-72 kampanye Pilpres 2024, Rabu (7/2/2024). Keduanya akan berkeliling Pulau Jawa untuk bertatap muka dengan rakyat.
Berdasarkan informasi Tim MediaTPNGanjar-Mahfud, Ganjar dan Mahfud akan menggelar kampanye tatap muka di sejumlah wilayah di Jawa Tengah, Jawa Timur, dan Jakarta.


Ganjar secara marathon akan melakukan safari politik di Kabupaten Karanganyar, Kabupaten Grobogan, Kota Magelang, dan Kota Klaten.
Gubernur Jawa Tengah dua periode itu akan mengawali aktivitas dengan menghadiri deklarasi dukungan PP Polri Jawa Tengah di Kecamatan Colomadu, Kabupaten Karanganyar. Selanjutnya, Ganjar berdiskusi dengan sekitar 500 petani yang dilanjutkan  menghadiri Kampanye Akbar di Stadion Krida Bhakti Purwodadi, Kabupaten Grobogan.

Setelah berorasi politik di Stadion Krida Bhakti Purwodadi, Ganjar beserta rombongan akan mengunjungi pabrik yang memproduksi  jamu dan obat herbal modern, Sido Muncul, untuk berdialog dengan para buruh.
Ganjar kemudian bertolak menuju Desa Taman Agung, Kabupaten Magelang, untuk menghadiri Pesta Rakyat Saga Magelang di Lapangan Bola Taman Agung Magelang."
https://www.inews.id/news/nasional/ratusan-purnawirawan-tni-au-deklarasi-dukung-ganjar-mahfud-di-pilpres-2024,"Rabu, 07 Februari 2024 - 13:57:00 WIB",Ratusan Purnawirawan TNI AU Deklarasi Dukung Ganjar-Mahfud di Pilpres 2024,"Scan this QR or download app from:
JAKARTA, iNews.id -RatusanpurnawirawanTNI AUmenyatakan dukungan untuk Ganjar Pranowo dan Mahfud MD sebagai Presiden dan Wakil Presiden di Pilpres 2024. Mereka tergabung dalam Paguyuban Relawan Elang Indonesia Maju.
Ketua Relawan Elang Indonesia Maju, Marsekal Madya TNI (Purn) Dede Rusamsi mengungkapkan bahwa pihaknya konsisten memilih pemimpin dengan segudang pengalaman di pemerintahan. Dia juga menghindari sosok calon yang dipecat dari TNI dan pendampingnya kurang dalam etika dan perilaku.


""Kita tidak mau negara ini dipimpin oleh yang sudah dipecat dari TNI itu mutlak itu enggak bisa mutlak bagi kesepakatan kita. Apalagi calon wakilnya yang tidak memiliki baik etika secara hukum, prosesnya tidak betul dan juga etika perilakunya sendiri yang tidak cocok,"" kata Dede  di JW Marriott Hotel, Jakarta, Rabu (7/2/2024).
""Kita bandingkan dengan calon yang lain tentu saja kita lebih sangat pilih yaitu bapak Ganjar dan Prof Mahfud,"" sambungnya.

Selain itu, sosok Ganjar Pranowo dan Mahfud MD dimata Mantan Wakil Kepala Staf TNI AU ini adalah orang yang sangat konsisten, bersih, realistis dan tidak menjual janji. Keduanya memiliki pengalaman bekerja yang memumpuni diharapkan dapat memajukan bangsa Indonesia ke depan.
""Harapannya beliau (Ganjar-Mahfud) tetap konsisten seperti yang disampaikan saat ini. Saya yakin beliau berdua adalah orang yang sangat komit dan bertanggung jawab untuk menjaga Indonesia dan bangsa dan seluruh rakyatnya,"" tutur dia.
Editor: Faieq Hidayat"
https://www.inews.id/multimedia/infografis/infografis-mahfud-md-radikalisme-hingga-korupsi-penyebab-negara-hancur,,Infografis Mahfud MD: Radikalisme hingga Korupsi Penyebab Negara Hancur,"JAKARTA, iNews.id -Menteri Koordinator Bidang Politik, Hukum, dan Keamanan Indonesia (Menko Polhukam) Mahfud MD mengajak masyarakat agar ikut serta mengawal penegakan hukum dan keadilan. Dia mengingatkan bahaya radikalisme, terorisme, ancaman ideologi, korupsi, serta hukum dan keadilan yang tidak benar ditegakkan bisa membuat negara hancur.
“Semua itu penyebab negara hancur. Tumbuhkan sikap patriotisme dan kawal terus penegakan hukum dan keadilan. Salah satunya levelnya, minimal Anda bekerja dengan penuh kejujuran di bidang masing-masing,” ujar Mahfud MD saat orasi ilmiah di acara Wisuda Universitas Negeri Padang (UNP), Padang, Sumatera Barat (Sumbar), Minggu (17/12/2023).
Dia memberikan sejumlah pesan penting kepada para wisudawan dan wisudawati. Para sarjana yang gagal dan salah akan sulit diperbaiki. ""Hati-hati melangkah,"" tuturnya.
Editor: Johan Jaelani"
https://www.inews.id/news/nasional/momen-ketum-parpol-pengusung-ganjar-mahfud-kompak-pose-3-jari-di-gbk,"Sabtu, 03 Februari 2024 - 16:15:00 WIB",Momen Ketum Parpol Pengusung Ganjar-Mahfud Kompak Pose 3 Jari di GBK,"Scan this QR or download app from:
JAKARTA, iNews.id -Konser Salam M3tal Menang Total telah resmi dibuka Ketua Tim Pemenangan Nasional (TPN)Ganjar Pranowo-Mahfud MD, Arsjad Rasjid, Sabtu (3/2/2024). Beragam pertunjukan pun ditampilkan.
Hadir dalam acara tersebut, Ketua UmumPDIP, Megawati Soekarnoputri; Plt. Ketua Umum PPP, Mardiono; Ketua Umum Partai Perindo, Hary Tanoesoedibjo (HT) dan Ketua Umum Partai Hanura, Oesman Sapta Odang.


Pada salah satu kesempatan, mereka kompak berpose tiga jari sebagaimana nomor urut capres-cawapres yang mereka usung.
Hal ini kemudian diikuti para ribuan pendukung yang memenuhi Stadion Utama Gelora Bung Karno (SUGBK).

Dalam kesempatan tersebut, hadir pula Ketua DPR Puan Maharani, mantan Gubernur DKI Jakarta, Basuki Tjahaja Purnama alias Ahok dan sejumlah petinggi 4 partai politik pengusung Ganjar-Mahfud.
Konser ini akan dimeriahkan sejumlah musisi termasuk Slank. Band-band lain seperti  Kotak, Pas Band, The Virgin dan masih banyak lagi.
Editor: Reza Fajri"
https://www.inews.id/news/nasional/mahfud-perlihatkan-ruang-rapat-rahasia-kedap-suara-di-kemenko-polhukam,"Jumat, 02 Februari 2024 - 11:22:00 WIB",Mahfud Perlihatkan Ruang Rapat Rahasia Kedap Suara di Kemenko Polhukam,"Scan this QR or download app from:
JAKARTA, iNews.id -Mahfud MDmengajak awak media mengunjungi dan melihat-lihat ruang rapat rahasia di kantor Kementerian Koordinator Politik, Hukum dan Keamanan (Kemenko Polhukam). Hal itu dilakukan Mahfud di sela mengemasi barang-barangnya, Jumat (2/2/2024).
Mahfud mengemasi barang-barang yang akan dibawanya karena ruang kerja di Kemenko Polhukam harus dikosongkan setelah dia mundur dari jabatannya.


""Kalau ini ruang rapat rahasia saya,"" kata Mahfud MD di kantor Kemenko Polhukam, Jakarta Pusat.
Dia menjelaskan, ruangan ini digunakan sebagai tempat rapat tertutup bersama beberapa tokoh, di antaranyaKapolrihinggaPanglima TNI."
https://www.inews.id/news/nasional/tpn-tegaskan-balon-udara-ganjar-mahfud-di-monas-hasil-cgi-bukan-peraga-kampanye-nyata,"Jumat, 17 November 2023 - 11:12:00 WIB",TPN Tegaskan Balon Udara Ganjar-Mahfud di Monas Hasil CGI: Bukan Peraga Kampanye Nyata,"Scan this QR or download app from:
JAKARTA, iNews.id- Tim Pemenangan Nasional (TPN)Ganjar-Mahfudmenegaskan ilustrasi pasangan capres-cawapres nomor urut 3, Ganjar Pranowo dan Mahfud MD, padabalon udarayang terbang di Monumen Nasional (Monas), Jakarta Pusat, merupakan hasil pencitraan komputer atau computer generated image (CGI). Konten tersebut bukan alat peraga kampanye yang nyata.
Deputi Komunikasi 360TPN Ganjar-Mahfud, Prabu Revolusi menjelaskan konten tersebut merupakan hasil kreasi teknologi yang dibuat oleh para relawan dan anggota muda TPN Ganjar-Mahfud.


""Yang jelas itu sebenarnya memang bukan APK (alat peraga kampanye) maupun baliho yang nyata ya. Itu semuanya imaginary. Jadi teman-teman muda di TPN Ganjar-Mahfud itu secara kreatif menggunakan teknologi membuat CGI Ganjar-Mahfud di beberapa landscape yang ada di Jakarta,"" kata Prabu saat dihubungi, Jumat (17/11/2023).
Dia mengatakan, konten itu ditujukan sebagai bentuk kampanye kreatif. Selain itu, konten tersebut juga sebagai sikap atas fenomena penurunan baliho dan alat peraga kampanye yang terjadi di beberapa daerah.

""Ini sebagai bentuk pernyataan dengan maraknya baliho Ganjar-Mahfud yang diturunkan oleh oknum-oknum tertentu, yang kami membuat pernyataan, silakan turunkan kami akan buat yang abstrak, yang imaginary, yang digital. Nah kalau kayak gini siapa yang mau turunin,"" ucapnya.
Prabu pun mendorong anak-anak muda pendukung Ganjar-Mahfud untuk berkampanye secara kreatif, baik menggunakan teknologi artificial intelligence (AI), digital imaginary, maupun virtual reality."
https://www.inews.id/news/nasional/ini-makna-wayang-wisanggeni-dan-semar-untuk-ganjar-mahfud-md/all,"Sabtu, 10 Februari 2024 - 10:18:00 WIB",Ini Makna Wayang Wisanggeni dan Semar untuk Ganjar-Mahfud MD,"Scan this QR or download app from:
SOLO, iNews.id -Iring-iringan kirab budaya pasangan Capres-Cawapres nomor urut 3,Ganjar Pranowo-Mahfud MDdari Ngarsopuro menuju Benteng Vastenburg sempat berhenti di depan Balai Kota Surakarta, pada Sabtu (10/2/2024). Tiba di sana, keduanya disambut dengan pertunjukanwayangorang.
Menariknya, setelah pertunjukan, ada prosesi pemberian Wayang Wisanggeni untuk Ganjar Pranowo dan Wayang Semar untuk Mahfud MD.


Ganjar secara simbolis diberikan Wayang Wisanggeni oleh Ketua DPP PDI Perjuangan Puan Maharani. Pemberian ini punya makna dan filosofi.
Puan memberikan wayang orang pada Ganjar Pranowo karena capres berambut putih itu mencerminkan sikap ksatria dan pemberani tegas serta suka menolong kesulitan rakyat.

Sementara Mahfud MD, diberikan Wayang Semar. Sama halnya dengan Ganjar, wayang yang diberikan pada Mahfud juga memiliki makna tersendiri.


Ini karena mantan Menko Polhukam RI itu dianggap sebagai sosok yang sakti mandraguna untuk mewakili rakyat, penasihat kesatria yang sederhana, jujur, dan kebijaksanaan.
Setelah prosesi pertunjukan Wayang Orang di depan Balaikota Surakarta, Ganjar-Mahfud dan iring-iringan melanjutkan kirab budaya ke Benteng Vastenburg untuk mengikuti Hajatan Rakyat.

Dalam acara ini, Ganjar Pranowo didampingi sang istri, Siti Atikoh Suprianti, dan putranya Muhammad Zinedine Alam Ganjar. Semantara Cawapres Mahfud MD, didampingi sang istri Zaizatun Nihayati.
Editor: Faieq Hidayat"
https://www.inews.id/news/nasional/raja-amfoang-ajak-masyarakat-adat-dukung-ganjar-mahfud-figur-berpengalaman,"Kamis, 14 Desember 2023 - 16:19:00 WIB",Raja Amfoang Ajak Masyarakat Adat Dukung Ganjar-Mahfud: Figur Berpengalaman,"Scan this QR or download app from:
JAKARTA, iNews.id-Raja Amfoang, Robby Manoh menyatakan dukungan kepada pasangan Capres-Cawapres Nomor Urut 3 Ganjar Pranowo dan Mahfud MD. Dia menilai, keduanya telah berpengalaman di pemerintahan baik eksekutif, legislatif, dan yudikatif.
""(Ganjar dan Mahfud) figur-figur berpengalaman di RI. Beliau dari yang terbawah dua-duanya. Kita tidak bisa membeli kucing dalam karung, kita harus melihat benar-benar punya figur pemimpin negara ini. Kita sebagai raja dan masyarakatnya mendukung itu untuk 2024,"" ujar Robby, Kamis (14/12/2023).


Robby Manoh berkomitmen mengajak masyarakat adat memenangkanGanjar-MahfuddiPilpres 2024.
""Pertemuan hari ini sangat bagus. Nanti yang pasti saya akan menyampaikan imbauan secara adat ke masyarakat kita di Amfoang. Pernyataan yang saya sampaikan, saya dan masyarakat adat Amfoang akan mendukung Ganjar di 2024 nanti menjadi presiden RI bersama wakilnya Mahfud MD,"" tuturnya.

Dia menyampaikan harapan besar kepada Ganjar dalam pelestarian kesultanan dan kerajaan yang ada di Nusantara. Selain itu, pihaknya juga berharap Ganjar dapat memfasilitasi wadah untuk menyatukan seluruh kesultanan dan kerajaan di Indonesia di bawah naungan pemerintah secara resmi.
""Kalau harapan dari saya sebagai Raja Amfoang, apabila nanti beliau terpilih tolong perhatikan kami di Amfoang meliputi jalan dan penyelesaian perbatasan antara Indonesia dengan Timor Leste,"" tuturnya.

Sebelumnya pada Selasa (12/12/2023), Raja Amarasi dan Raja Insana sudah terlebih dulu menyatakan sikap dukungan untuk Ganjar jadi Presiden 2024.
Editor: Rizky Agustian"
https://portalaceh.inews.id/read/398702/kagum-dengan-sosok-mahfud-md-penyanyi-nashwa-zahira-orang-pintar-auranya-beda,"Rabu, 24 Januari 2024 | 07:33 WIB","Kagum dengan Sosok Mahfud MD, Penyanyi Nashwa Zahira: Orang Pintar Auranya Beda","Scan this QR or download app from:
JAKARTA,iNewsPortalAceh.id- Penyanyi jebolan ajang pencarian bakat Indonesian Idol Junior, Nashwa Zahira pertama kalinya mengikuti pemilihan umum (pemilu) di tahun 2024 ini.
Dirinya mengakukagumdengan kecerdasan seorangMahfud MD""Pak Mahfud MD sosok yang kelihatan pintar. Orang pintar emang beda auranya,"" ucap Nashwa saat ditemui di Gedung sindo, Kamis (23/1/2024).
Kecerdasan Mahfud MD memang dapat terlihat jelas dalam berbagai kesempatan dirinya berbicara dan bersikap di hadapan publik.
Salah satunya kala debat cawapres kedua pada 21 Januari 2024 lalu. Dirinya berhasil mengemukakan gagasannya dengan baik.
Dalam kesempatan ini, Nashwa menilai Mahfud MD merupakan pasangan yang cocok dengan Ganjar Pranowo untuk menjadi calon presiden Republik Indonesia.
""Pasangan yang cocok menurut aku untuk menjadi salah satu pasangan calon presiden,"" kata Nashwa.
Sebagai informasi, calon wakil presiden (cawapres) Mahfud MD memang salah satu orang terpandang dan terpelajar.
Mengutip dari laman Mahkamah Indonesia Republik Indonesia, Mahfud MD menempuh pendidikan S1 Fakultas Hukum, Jurusan Hukum Tata Negara, Universitas Islam Indonesia (UII) dan S1 Fakultas Sastra dan Kebudayaan (Sasdaya) Jurusan Sastra Arab, Universitas Gajah Mada.
Dirinya kembali melanjutkan pendidikan Program Pasca Sarjana S2, Ilmu Politik, Universitas Gadjah Mada, Yogyakarta.
Tidak sampai situ saja, Mahfud MD kembali melanjutkan pendidikan ke Program Doktoral S3, Ilmu Hukum Tata Negara, Universitas Gadjah Mada, Yogyakarta.
Dengan ilmu yang telah didapat selama mengenyam pendidikan, Mahfud MD kini aktif mengajar di Universitas Islam Indonesia (UII), UGM, UNS, UI, Unsoed, dan lebih dari 10 Universitas lainnya pada program Pascasarjana S2 & S3.
Mata kuliah yang diajarkan adalah Politik Hukum, Hukum Tata Negara, Negara Hukum dan Demokrasi serta pembimbing penulisan tesis dan disertasi.
Tidak hanya itu saja, Mahfud MD juga telah lalu-lalang menjabat berbagai posisi di pemerintahan Indonesia.
Dirinya pernah menjabat sebagai Menteri Pertahanan RI (2000-2001), Menteri Kehakiman dan HAM (2001), Anggota DPR-RI, duduk Komisi III (2004-2006), Anggota DPR-RI, duduk Komisi I (2006-2007), Anggota DPR-RI, duduk di Komisi III (2007-2008), Wakil Ketua Badan Legislatif DPR-RI (2007-2008), Anggota Tim Konsultan Ahli Pada Badan Pembinaan Hukum Nasional (BPHN) Depkum-HAM Republik Indonesia, dan Kementerian Koordinator Bidang Politik, Hukum, dan Keamanan.
Editor : Jamaluddin"
https://www.inews.id/lifestyle/seleb/mahfud-md-pakai-baju-merah-putih-adat-madura-di-debat-cawapres-ini-maknanya,,,
https://www.inews.id/news/nasional/megawati-dan-ketum-parpol-pengusung-ganjar-mahfud-bakal-pukul-kentongan-kewaspadaan-di-gbk,"Sabtu, 03 Februari 2024 - 11:49:00 WIB",Megawati dan Ketum Parpol Pengusung Ganjar-Mahfud Bakal Pukul Kentongan Kewaspadaan di GBK,"Scan this QR or download app from:
JAKARTA, iNews.id- Kampanye akbar Capres-Cawapres Nomor Urut 3 Ganjar Pranowo dan Mahfud MD bertajukKonser Salam Metaldigelar di Stadion Utama Gelora Bung Karno (SUGBK), Senayan, Jakarta, Sabtu (3/2/2024). Ketua Umum PDIPMegawati Soekarnoputridipastikan hadir.
Selain Megawati, Ketua Umum Partai Perindo Hary Tanoesoedibjo, Ketua Umum Partai Hanura Osman Sapta, dan Plt Ketua Umum PPP Muhamad Mardiono juga akan hadir.


""Ibu Megawati akan berangkat dari kediaman di Jalan Teuku Umar untuk menghadiri konser Salam MetalGanjar-MahfudMenang Total. Sejumlah menteri dari PDIP akan ikut mendampingi seperti Pramono Anung, Yasonna Laoly, Tri Rismaharini, Bintang Puspayoga, dan Abdullah Azwar Anas,"" ujar Sekretaris Tim Pemenangan Nasional (TPN) Ganjar-Mahfud, Hasto Kristiyanto.
Hasto mengungkapkan, Megawati bersama ketum-ketum parpol pengusung Ganjar-Mahfud akan memukulkentongan kewaspadaandi hadapan para pendukung nanti.

""Pemukulan kentongan ini sebagai simbolisasi agar masyarakat tersadar untuk ikut menjaga kewaspadaan, melawan intimidasi dan kecurangan yang mungkin yang terjadi di Pilpres 2024 ini,"" ujar Hasto.
Hasto menuturkan, kentongan menjadi simbol informasi sekaligus tradisi masyarakat dari desa ke desa. Benda tersebut biasa dipukul sebagai tanda agar warga bersiaga dan waspada."
https://www.inews.id/news/nasional/jokowi-bakal-tunjuk-menko-polhukam-pengganti-mahfud-dari-non-parpol,"Sabtu, 03 Februari 2024 - 18:39:00 WIB",Jokowi Bakal Tunjuk Menko Polhukam Pengganti Mahfud dari Non-Parpol,"Scan this QR or download app from:
JAKARTA, iNews.id -Presiden Joko Widodo(Jokowi) mengungkapkan, calon Menteri Koordinator Politik, Hukum dan Keamanan (Menko Polhukam) penggantiMahfud MDakan berasal dari non-partai politik (parpol). Saat ini Menko Polhukam masih dipegang pelaksana tugas atau Plt.
""Dari non (parpol),"" kata Jokowi di Bandung, Sabtu (3/2/2024).


Menteri Dalam Negeri (Mendagri) Tito Karnavian telah ditunjuk menjadi Plt Menko Polhukam. Kursi Menko Polhukam kosong usai Mahfud MD mengundurkan diri.
Jokowi menjelaskan, Tito ditunjuk menjadi Plt Menko Polhukam karena memiliki pengalaman yang cukup banyak. Di antaranya menjadi Kepala BNPT dan Kapolri."
https://www.inews.id/news/nasional/mahfud-md-ke-rumah-dinas-usai-pamit-ke-pegawai-kemenko-polhukam,"Jumat, 02 Februari 2024 - 11:25:00 WIB",Mahfud MD ke Rumah Dinas usai Pamit ke Pegawai Kemenko Polhukam,"Scan this QR or download app from:
JAKARTA, iNews.id-Mahfud MDmerapat ke rumah dinas di kawasan Kuningan, Jakarta Selatan, usai berpamitan ke pegawai Kementerian Koordinator Bidang Politik, Hukum, dan Keamanan (Kemenko Polhukam), Jumat (2/2/2024). Mahfud tak lama lagi akan melepas jabatannya sebagaiMenko Polhukam.
Berdasarkan pantauaniNews.id, Mahfud tiba di rumah dinas sekitar pukul 10.33 WIB. Dia tiba menggunakan mobil bernomor polisi B 1030 ZZH.


Setiba di lokasi, Mahfud langsung berjalan masuk ke dalam rumah. Sementara iring-iringan polisi yang mengawal Mahfud tampak berjaga di luar rumah itu.
Usai berkemas dari rumah dinas, Mahfud akan melaksanakan Salat Jumat di Kantor Kemenko Polhukam. Selanjutnya dia akan menuju bandara untuk menuju kepulauan Riau.

""Rencana salat Jumat di kantor,"" kata salah seorang petugas.
Sebagaimana diberitakan, momen haru terjadi di Kantor Kemenko Polhukam, usai Mahfud resmi menyerahkan surat pengunduran diri kepada Presiden Joko Widodo (Jokowi), Kamis (1/2/2024). Mahfud mengungkap pagi ini menjadi hari terakhirnya berolahraga bersama para pegawai Kemenko Polhukam."
https://www.inews.id/news/nasional/hasto-ungkap-pesan-megawati-ke-ganjar-mahfud-jelang-debat-bicara-dengan-mata-hati/all,"Selasa, 12 Desember 2023 - 18:32:00 WIB",Hasto Ungkap Pesan Megawati ke Ganjar-Mahfud jelang Debat: Bicara dengan Mata Hati,"Scan this QR or download app from:
JAKARTA, iNews.id- Sekjen PDI Perjuangan,Hasto Kristiyantomengungkap pesan Ketua Umum (Ketum) PDIPMegawati Soekarnoputrikepada Capres-Cawapres nomor urut 3, Ganjar Pranowo dan Mahfud MD, menjelangdebat capres 2024perdana, Selasa (12/12/2023) malam. Megawati mengingatkan untuk berbicara dengan mata hati dan pikiran yang jernih.
""Ya ibu berpesan ya, berbicara dengan mata hati dan juga kesadaran alam pikir yang jernih, karena itu yang dibutuhkan oleh rakyat,"" kata Hasto kepada wartawan di Kantor KPU, Menteng, Jakarta Pusat, Selasa (12/12/2023).


Dia mengatakan,Ganjar-Mahfudakan menyampaikan sejumlah gagasan dan komitmen dalam debat tersebut.
""Debat ini menyampaikan sesuatu hal yang genuine (asli), yang terkait dengan komitmen Pak Ganjar dan Prof Mahfud,"" ujarnya.

Sekedar informasi, debat Pilpres 2024 perdana membahas sejumlah topik, di antaranya Hukum, HAM, Pemerintahan, Pemberantasan Korupsi, dan Penguatan Demokrasi. Adapun debat akan dimulai pukul 19.00 WIB.
Debat perdana ini dikhususkan untuk capres yakni Anies Baswedan, Prabowo Subianto, dan Ganjar Pranowo. Mereka akan didampingi cawapres masing-masing.

Terdapat 11 nama panelis dalam debat tersebut, yakni Pakar Ilmu Politik UGM Mada Sukmajati, Pakar Ilmu Politik Undana Rudi Rohi, Ahli Hukum Tata Negara Undip Lita Tyesta ALW, Pakar Hukum Unand Khairul Fahmi, Pakar Hukum Tata Negara UNS Agus Riewanto, Pakar Tata Hukum Negara Unpad Susi Dwi Harijanti.
Kemudian Guru Besar Universitas Jember Bayu Dwi Anggono, Ketua Komnas HAM 2017-2020 Ahmad Taufan Damanik, Guru Besar Studi Agama UIN Sunan Kalijaga Phil Al Makin, Dekan Fakultas Ilmu Dakwah dan Komunikasi UIN Syarif Hidayatullah Gun Gun Heryanto, dan Dekan Fisipol UGM Wawan Mas’udi.

Editor: Rizky Agustian"
https://www.inews.id/news/nasional/abuya-muhtadi-serukan-warga-banten-pilih-ganjar-mahfud-meski-dikunjungi-prabowo-gibran,"Sabtu, 09 Desember 2023 - 15:28:00 WIB",Abuya Muhtadi Serukan Warga Banten Pilih Ganjar-Mahfud meski Dikunjungi Prabowo-Gibran,"Scan this QR or download app from:
JAKARTA, iNews.id -Ulamakarismatik asal Banten,Abuya Muhtadi, menyerukan warga Banten memilihGanjar Pranowo-Mahfud MD. Abuya Muhtadi menegaskan tetap mendukung Ganjar-Mahfud meski sempat didatangi Prabowo Subianto dan Gibran Rakabuming Raka.
Terlebih, Abuya Muhtadi juga telah duduk sebagai anggota Dewan Penasihat Tim Pemenangan Nasional (TPN) Ganjar-Mahfud.


""Beliau (Gibran) hanya memohon doa saja ke Abuya maju untuk maju di pilpres menjadi cawapres di Pemilu 2024 ini. Tidak ada perubahan sikap politik, Abuya tetap konsisten mendukung Pak Ganjar dan Pak Mahfud,"" ujar M Sirojudin, Sekjen Majelis Mudzakaroh Muhtadi Cidahu Banten (M3CB), dikutip Sabtu (8/12/2023).
""Sangat tegas, sampai terakhir tadi saya konfirmasi dengan A Mufa, selaku putra Abuya, menyampaikan kepada saya bahwa tolong sampaikan pada semua, kalau ada yang bertanya, Abuya tetap konsisten di Pak Ganjar dan Pak Mahfud,"" imbuh Sirojudin.

Menurut Sirojudin, Abuya tidak ada pertimbangan lain dalam Pilpres 2024 ini. Mengenai oknum-oknum yang memelintir kalimat-kalimat Abuya, dia menegaskan itu bukan kesalahan Abuya.
""Mereka (oknum) saja yang pengen membuat framing sendiri, ya namanya juga masa-masa kampanyelah,"" ujarnya.
Sirojudin mengungkapkan, Abuya menerima Gibran hanya sejenak saja. ""Pembahasannya sebatas hanya memohon doa saja, dan beliau menyampaikan bahwa tujuan ke sini hanya silahturahmi, tidak lebih dari itu. Makanya durasinya sangat singkat,""katanya.
Abuya juga berpesan, pada pemilu ini meski banyak perbedaan pasangan dan pilihan dalam, agar dilakukan dengan gembira dan jangan sampai ada keributan."
https://sumut.inews.id/berita/dipercaya-jadi-wakil-direktur-tpn-leader-daeli-berjuang-maksimal-menangkan-ganjar-mahfud,"Rabu, 13 Desember 2023 - 13:10:00 WIB","Dipercaya Jadi Wakil Direktur TPN, Leader Daeli Berjuang Maksimal Menangkan Ganjar-Mahfud","Scan this QR or download app from:
NIAS, iNews.id- Calon Presiden dan Wakil Presiden Ganjar-Mahfud memberikan kepercayaan kepadaLeader DS Daeli. Putra Nias itu dipercaya menjadi Wakil Direktur Representatif Tim Pemenangan Nasional (TPN) Ganjar Mahfud pada Pilpres 2024.
Kepercayaan itu dinilai sebagai tugas dan tanggung jawab yang besar. Leader DS Deali yang juga Caleg DPR RI Dapil Sumut II dari Partai Perindo bernomor urut 16 pada kertas pemilu 2024 itu, siap berjuang maksimal untuk memenangkan Ganjar-Mahfud.

“Berterima kasih atas kepercayaan yang diberikan oleh Pak Ganjar Mahfud menjadi Wakil Direktur Representatif TPN. Kemarin baru keluar SK-nya” ujar Leader DS Daeli dalam keterangannya dikutip, Rabu (13/12/2023).

Editor: Kurnia Illahi"
https://jatim.inews.id/infografis/mahfud-silaturahmi-ke-ponpes-bustanul-makmur-banyuwangi-janji-sejahterakan-marbot-dan-guru-ngaji,,,"Scan this QR or download app from:
Alamat yang anda masukkan salah, tidak tersedia atau sudah dihapus"
https://www.inews.id/news/nasional/mengapa-kkb-papua-disebut-kriminal-bukan-separatis-atau-teroris-ini-kata-mahfud-md,"Kamis, 23 November 2023 - 14:10:00 WIB",Mengapa KKB Papua Disebut Kriminal Bukan Separatis atau Teroris? Ini Kata Mahfud MD,"Scan this QR or download app from:
JAKARTA, iNews.id- Mengapa penyebutan kelompok kriminal bersenjata (KKB) diPapuatidak menggunakanistilahterorisbersenjata? Hal ini ditanyakan Rektor Universitas Muhammadiyah Jakarta (UMJ) Ma'mun Murod kepada CawapresMahfud MDsaat dialog Muhammadiyah di UMJ, Kamis (23/11/2023).
""Terkait KKB, kelompok kriminal bersenjata yang sudah jelas ingin melakukan makar, mau mendirikan negara sendiri, memberontak tapi istilahnya di media masih menggunakan istilah kriminal. Kenapa misal tak pakai teroris bersenjata,"" ujar Rektor UMJ Ma'mun Murod bertanya pada pasangan Capres-cawapres Ganjar Pranowo-Mahfud MD, Kamis (23/11/2023).


Cawapres Mahfud MD kemudian menjelaskan alasan KKB di Papua tidak digunakan istilahkelompok separatisatau teroris.
""Kita tetap memakai istilah KKB, kelompok kriminal bersenjata karena alasannya begini. Kalau kita pakai istilah KKSB, kelompok kekerasan separatis itu seperti yang mereka inginkan. Itu nanti kita boleh dicampuri luar negeri. Luar negeri bisa ikut campur kalau kita menyebut mereka separatis,"" ujar Mahfud.

Menurutnya, Indonesia tidak terpancing dengan melakukan penamaan istilah sebagaimana yang KKB inginkan. Seperti Kelompok Kemerdekaan Papua Barat atau bahkan Organisasi Papua Merdeka (OPM). Sebab begitu digunakan istilah tersebut, sama halnya dengan membiarkan orang luar masuk. Negara lain masuk hingga PBB bisa mencampuri persoalan yang terjadi dengan Papua.
""Kita juga tak pakai teroris, tidak pakai istilah kelompok teroris bersenjata. Karena begitu bicara teroris, hukum acaranya itu luar biasa. Kalau kriminal biasa itu, orang ditahan 20 hari diperpanjang, kalau ini bisa berbulan-bulan, bisa setahun ditahan tanpa proses karena tujuan teroris itu tak bagus bagi perkembangan hukum kita,"" katanya.

"
https://www.inews.id/finance/bisnis/deretan-komisaris-bumn-yang-mundur-karena-jadi-timses-ganjar-mahfud-dari-ahok-hingga-abdee-slank,"Minggu, 04 Februari 2024 - 14:52:00 WIB","Deretan Komisaris BUMN yang Mundur karena Jadi Timses Ganjar-Mahfud, dari Ahok hingga Abdee Slank","Scan this QR or download app from:
JAKARTA, iNews.id- SejumlahDewan KomisarisBadan Usaha Milik Negara (BUMN) ramai-ramai mengajukan surat pengunduran diri kepada Menteri BUMN Erick Thohir, karena memilih bergabung dengan tim sukses (timses) Capres-Cawapres nomor urut 3, Ganjar Pranowo-Mahfud MD. Terbaru, Basuki Tjahaja Purnama aliasAhokmemutuskan mundur dari posisinya sebagai Komisaris Utama PT Pertamina (Persero).
Keputusan tersebut diambil Ahok karena mendukung dan ikut mengampanyekanGanjar-Mahfudpada Pemilu 2024. Surat pengunduran sempat dipublikasi Ahok melalui akun Instagramnya @basukibtp, sebelum diserahkan kepada Erick.


""Unggahan ini merupakan bukti tanda terima Surat Pengunduran Diri saya sebagai Komisaris Utama PT Pertamina (Persero) yang saya serahkan hari ini, 2 Februari 2024,"" tulis Ahok dalam postingan Instagramnya dikutip, Minggu (4/2/2024).
Tak hanya mantan Gubernur DKI Jakarta itu, aksi serupa juga sudah dilakukan beberapa Dewan Komisaris di BUMN lainnya. Berikut daftarnya:

Abdi Negara Nurdin alias Abdee Slank, memilih cabut dari Komisaris Independen PT Telekomunikasi Indonesia Tbk (Telkom) yang dijabatinya sejak Mei 2021 lalu."
https://www.inews.id/lifestyle/seleb/arie-kriting-puji-ganjar-mahfud-di-debat-capres-terakhir-konsisten-dan-solid,"Senin, 05 Februari 2024 - 07:36:00 WIB",Arie Kriting Puji Ganjar-Mahfud di Debat Capres Terakhir Konsisten dan Solid,"Scan this QR or download app from:
JAKARTA, iNews.id- KomikaArie Kritingmemberikan pujian mendalam untuk pasangan capres dan cawapres nomor urut 3,Ganjar-MahfuddalamDebat Capresterakhir. Ungkapan itu dibagikan Arie di akun X pribadinya, @arie_kriting.
Dalam cuitannya, suami Indah Permatasari ini mengungkapkan performa Ganjar selama Debat Capres ke-5, Minggu (4/2/2024) malam. Dia menilai Paslon 03 selalu konsisten dalam memaparkan gagasan di setiap sesi debat.


“Dari lima kali debat, pasangan Ganjar-Mahfud tampil selalu konsisten dan solid. Gagasan dan pengalaman seiring sejalan,” tulis Arie.
Dia menegaskan Ganjar-Mahfud selalu kompak khususnya di momen debat. Pemaparannya pun selalu selaras demi mensejahterahkan rakyat dan menuju Indonesia maju.

Tak hanya itu, Arie juga memberikan testimoninya kepada dua Capres lainnya. Dia menegaskan performa Ganjar-Mahfud selalu terbaik. “MVP keseluruhan Ganjar-Mahfud,” kata Arie."
https://www.inews.id/finance/bisnis/faisal-basri-sebut-iklim-dunia-usaha-lebih-pasti-jika-ganjar-mahfud-menang-pilpres,"Rabu, 07 Februari 2024 - 16:03:00 WIB",Faisal Basri Sebut Iklim Dunia Usaha Lebih Pasti jika Ganjar-Mahfud Menang Pilpres,"Scan this QR or download app from:
JAKARTA, iNews.id- Ekonom senior Indef,Faisal Basrimenyebut bahwa iklimdunia usahaakan lebih pasti jika pasangan Calon Presiden-Calon Wakil Presiden (Cawapres) nomor urut 3, Ganjar Pranowo-Mahfud MD memenangkan Pilpres 2024. Menurutnya, pasangan tersebut memiliki komitmen yang kuat untukmemberantas korupsidi Tanah Air dibanding paslon lainnya.
“Pada paslon 03 ada pendekar Pak Mahfud MD yang relatif bersih. Memang bukan malaikat, dan kita tidak untuk memilih malaikat. Pak Ganjar juga oke rekam jejaknya,” ucap Faisal pada acara Bloomberg Technoz Economic Outlook 2024 di Jakarta, Rabu (7/2/2024).


Faisal hadir sebagai pembicara yang memaparkan prediksi situasi perekonomian pasca-Pilpres 2024 yang mengusung topik ""New Government: Political and Economic Directions After the Election"".
Lebih lanjut, Faisal menjelaskan dunia usaha saat ini membutuhkan kepastian di tengah situasi ketidakpastian. Dia menilai Cawapres Mahfud MD, bisa lebih berperan dan dapat diandalkan untuk mereformasi undang-undang atau regulasi maupun institusi untuk menciptakan kepastian.

“Tapi harapan buat dunia usaha dalam ketidakstabilan ini, Pak Mahfud bisa berperan dan lebih bisa diandalkan. Sudah siap untuk reformasi perundang-undangan, institusi untuk menciptakan kepastian,” tuturnya.
Faisal memberi contoh konkret bahwa Mahfud saat menjadi Menko Polhukam membentuk TimReformasi Hukumyang beranggotakan para pakar dan tokoh masyarakat sipil untuk melakukan reformasi hukum. Faisal menyebut bahwa dirinya masuk ke dalam tim tersebut dan diminta untuk melakukan reformasi hukum.

“Saya diminta di tim reformasi hukum, ini sudah tokcer dan akan langsung dilaksanakan Mahfud. Dia tegas ditindak pidana pencucian uang (TPPU), tapi pada batas tertentu mentok, karena terkait kekuasaan,” kata dia.
"
https://www.inews.id/news/nasional/lsm-trinusa-deklarasi-dukung-ganjar-mahfud-md-di-pilpres-2024,"Selasa, 26 Desember 2023 - 19:17:00 WIB",LSM Trinusa Deklarasi Dukung Ganjar-Mahfud MD di Pilpres 2024,"Scan this QR or download app from:
JAKARTA, iNews.id -Lembaga Swadaya Masyarakat Triga Nusantara (LSM Trinusa) mendeklarasikan dukungan kepadaGanjar Pranowo-Mahfud MD. Dukungan dideklarasikan di Cikarang Utara,Kabupaten Bekasi, Selasa (26/12/2023).
""Trinusa siap menjadi garda terdepan untuk Capres-Cawapres nomor urut 3 Ganjar-Mahfud,"" ujar Ketua Trinusa, Rahmat Gunasin.


LSM yang berfokus kepada penegakan hukum ini menilai Ganjar-Mahfud sosok presiden dan wapres yang sempurna untuk rakyat Indonesia.
""Insya Allah Pak Ganjar dan Pak Mahfud menjadi presiden dan wakil presiden yang sempurna untuk rakyat Indonesia,"" ucapnya.

Sementara itu, Ketua Umum DPP Relawan Ganjar Nusantara (RGN), Darwanto, mengaku jauh-jauh datang dari Sumatera ke Pulau Jawa demi mengikuti deklarasi ini. Dirinya optimistis tim relawan dapat menenangkan Ganjar-Mahfud di wilayah Bekasi.
""Untuk memenangkan Bapak Ganjar, relawan Ganjar Nusantara sendiri kita sudah membentuk di semua DPC kecamatan ada 20 kecamatan,"" kata Darwanto.
Deklarasi turut dihadiri sejumlah tim relawan Ganjar-Mahfud serta tokoh ternama seperti Rieke Diah Pitaloka.
Editor: Reza Fajri"
https://www.inews.id/news/nasional/mahfud-md-bedah-makna-lagu-ya-lal-wathon-cinta-tanah-air-ekspresi-dari-iman,"Rabu, 07 Februari 2024 - 07:23:00 WIB",Mahfud MD Bedah Makna Lagu Ya Lal Wathon: Cinta Tanah Air Ekspresi dari Iman,"Scan this QR or download app from:
BENGKULU, iNews.id- Calon Wakil Presiden (Cawapres) Nomor Urut 3Mahfud MDmenghadiri Istigosah dan Doa Bersama untuk Indonesia di Pondok Pesantren (Ponpes) Darussalam, Bengkulu Utara, Selasa (6/2/2024). Dia membedah dan makna yang begitu mendalam laguYa Lal Wathonciptaan KH Wahab Chasbullah.
""Artinya yang bebas begini, ya lal wathon ya lal wathon ya lal wathon, aduhai tanah airku, aduhai tanah airku, aduhai tanah airku. Dalam ilmu balaghah dalam sastra itu ada kata bukan ya ahlal, tapi ya lal, ya lal wathon,"" kata Mahfud.


Kemudian, hubbul wathon minal iman yang berarti cinta Tanah Air itu bagian dari iman. Mantan Menko Polhukam itu mengatakan ini bukan rukun iman melainkan cabang dari iman yang terdiri dari 77 cabang, salah satunya cinta Tanah Air.
Cinta Tanah Air itu sama seperti malu sebagian dari iman atau menjaga kebersihan sebagian dari iman. Dia mengingatkan, mencintai Tanah Air memang merupakan bagian dari iman.

""Nah, ini sama, hubbul wathon minal iman, mencintai Tanah Air itu ekspresi dari iman,"" ujar Mahfud.
Setelah itu, ada wala takun minal hirman yang berarti jangan kamu takut menghadapi rintangan. Lalu, inhadlu alal wathon yang berarti imbauan bangkitlah wahai putra putri negeri yang cinta Tanah Air."
https://www.inews.id/news/nasional/dukungan-bagi-ganjar-mahfud-di-as-kian-meluas/all,"Rabu, 22 November 2023 - 14:41:00 WIB",Dukungan bagi Ganjar-Mahfud di AS Kian Meluas,"Scan this QR or download app from:
JAKARTA, iNews.id-Dukunganuntuk pasangan capres-cawapres nomor urut 3 Ganjar Pranowo-Mahfud MD diAmerika Serikat(AS) kian meluas. Hal tersebut diungkap Ketua Umum USA forGanjar-Mahfud, Lia Sundah Suntoso.
Dia mengatakan, pihaknya terus berkonsolidasi dan bekerja sama dengan WNI di AS untuk pemenangan Ganjar-Mahfud.


""Kita kerja sama, kita konsolidasi terus. Semua orang gotong royong, kerja sama dan segala macam,"" kata Lia saat dihubungi iNews.id, Rabu (22/11/2023).
Dia mengatakan, secara keseluruhan relawan Ganjar-Mahfud tersebar di 30 negara bagian AS. Mereka sering menggelar berbagai kegiatan.

""Di Atlanta itu (acaranya) gede banget lho, gede banget,"" katanya.
Dia menekankan konsolidasi terus dilakukan meski terkendala jarak. Dia lantas mencontohkan beberapa kegiatan yang sudah dilakukan.

""Jadi kita tuh berkoordinasi, kita betul-betul koordinasi, nah koordinasinya itu bukan cuma sesama Amerika, tapi kita kan juga punya konsolidasi World For Ganjar, jadi sama Kanada misalkan ya, Kanada dan sama kita Amerika,"" katanya.
Konsolidasi tersebut, kata Lia, perlu dilakukan untuk menghindari gesekan di lapangan. Dia mengatakan, relawan USA For Ganjar-Mahfud maupun World for Ganjar sudah terbiasa bekerja sama.

""Karena itu dari awal sebelum terbentuk, kita ini bikin forum silaturahmi. Nah jadi dari awal itu kita udah membiasakan diri kerja sama,"" ucapnya.
Lia juga bercerita soal kegiatan relawan Ganjar-Mahfud di New York. Sebanyak hampir 100 orang terlibat dalam kegiatan tersebut.

Mereka tetap bersemangat meskipun acara digelar di tengah hujan dan badai.
""Kita itu kebetulan kalau di New York hebohnya tuh karena kebetulan pas kita kegiatan itu ada sekali hujan badai. Nah itu bener-bener, orang dateng di hujan badai, dan besoknya terang benderang,"" ucapnya.
Editor: Rizky Agustian"
https://www.inews.id/news/nasional/segini-harta-kekayaan-arsjad-rasyid-ketua-tpn-ganjar-mahfud/all,"Selasa, 14 November 2023 - 11:31:00 WIB","Segini Harta Kekayaan Arsjad Rasyid, Ketua TPN Ganjar-Mahfud","Scan this QR or download app from:
JAKARTA, iNews.id- Ketua Umum Kamar Dagang dan Industri (Kadin) Indonesia,Arsjad Rasjidmerupakan Ketua Tim Pemenangan Nasional (TPN) untuk mendukung pasangan Calon Presiden dan Wakil PresidenGanjar Pranowo-Mahfud MDdalam Pilpres 2024.
Keputusan tersebut diambil saat para pemimpin partai yang mendukung Ganjar Pranowo dalam Pilpres 2024 sepakat untuk menunjuk Arsjad Rasjid sebagai ketua TPN Ganjar-Mahfud. Keputusan ini dibuat dalam pertemuan yang dipimpin oleh Ketua Umum PDIP, Megawati Soekarnoputri, pada Senin (4/9/2023), sebagaimana diungkapkan oleh Ketua Umum Perindo, Hary Tanoesoedibjo.


Ketua Umum Perindo itu menggambarkan Arsjad sebagai pribadi yang diterima dengan baik oleh berbagai kelompok dan yakin bahwa Arsjad memiliki kemampuan dan jaringan yang luas, terutama berdasarkan pengalaman sebagai Ketua Umum KADIN selama ini.
""Pak Arsjad Rasjid kita tahu figur yang bisa diterima semua pihak, pintar, muda, network-nya luas dan ketua umum Kadin juga. Itu yg saya rasa yg paling utama,"" ucap Hary Tanoe.

Bagaimana profil Arsjad Rasjid, Ketua TPN Ganjar-Mahfud? Berapa kekayaan yang dimilikinya?


Arsjad lahir di Jakarta pada 16 Maret 1970. Ia lahir dari H.M.N. Rasjid dan Hj. Suniawati. Ayahnya seorang pensiunan dari TNI Angkatan Darat yang keturunan Palembang. Arsjad juga mempelajari dunia bisnis dan meraih gelar sarjana ilmu pengetahuan bisnis dari Peperdine University di California, Amerika Serikat pada tahun 1993.
Arsjad Rasjid adalah salah satu pengusaha sukses Indonesia yang banyak dikenal, dengan memiliki kekayaan mencapai triliunan rupiah. Saat ini, ia menjabat sebagai Ketua Umum Kadin Indonesia untuk periode 2021-2026 dan sebagai Presiden Direktur PT Indika Energy Tbk.

Meski tidak wajib melaporkan Laporan Harta Kekayaan Pejabat Negara, Arsjad Rasjid dikenal memiliki aset sebesar Rp50 triliun pada tahun 2020, terutama dari kepemilikan sahamnya di Indika Energy Tbk. Hal ini menjadikannya salah satu pengusaha dengan aset terbesar di Indonesia.
Arsjad Rasjid memulai kariernya sebagai pengusaha sejak tahun 2005, dan kesuksesannya membawanya menjadi Ketua Umum Kadin Indonesia untuk periode 2021-2026. Keterlibatannya dalam Tim Pemenangan Nasional (TPN) Ganjar Pranowo juga menunjukkan pengakuan atas kemampuannya yang dianggap mumpuni dan dapat diterima oleh berbagai kalangan.
Meskipun sekarang dikenal sebagai seorang pengusaha, Arsjad memiliki latar belakang pendidikan di bidang teknik komputer.
Arsjad menempuh pendidikan di University of Southern California pada tahun 1990. Pada tahun 1993, ia berhasil memperoleh gelar Bachelor of Science in Business Administration dari Pepperdine University, California, Amerika Serikat.
Arsjad juga melanjutkan pendidikannya dengan mengikuti program eksekutif di INSEAD, yaitu International Directors Program pada tahun 2016. Sebelumnya, ia juga menyelesaikan pendidikan eksekutif terkait kepemimpinan dan pengambilan keputusan di Institut Jackson untuk Urusan Global, Universitas Yale, AS.
Editor: Faieq Hidayat"
https://jabar.inews.id/berita/irjen-pol-purn-ricky-wakano-nilai-sosok-ganjar-mahfud-berpikiran-mendalam-soal-hukum,"Minggu, 19 November 2023 - 11:54:00 WIB",Irjen Pol Purn Ricky Wakano Nilai Sosok Ganjar-Mahfud Berpikiran Mendalam soal Hukum,"Scan this QR or download app from:
SUKABUMI, iNews.id- Direktur Segmen Pemilihan Tim Pemenangan Nasional (TPN) GP-MMD, Irjen Pol Purn Ricky Wakano, menilai sosok Ganjar dan Mahfud memiliki pemikiran yang mendalam terkait dengan hukum. Pemikiran tersebut dinilai mahal dan memerlukan kepastian.
Ricky Wakano menyoroti pentingnya keadilan hukum, terutama di Kabupaten Sukabumi, di mana mayoritas penduduknya berprofesi sebagai petani dan nelayan. Baginya, visi Ganjar-Mahfud yang menekankan keadilan hukum menjadi kunci untuk mewujudkan kemajuan di Indonesia, termasuk dalam kelanjutan program-program presiden sebelumnya.

""Visi Ganjar-Mahfud untuk mencapai Indonesia maju termasuk dari sisi hukum sangat penting, khususnya di daerah seperti Kabupaten Sukabumi. Keadilan hukum harus dirasakan oleh semua lapisan masyarakat, terutama para petani dan nelayan,"" kata  Ricky Wakano, saat diwawancarai di Palabuhanratu, Sukabumi, Minggu (19/11/2023).
Dalam pandangannya, Ganjar dan Mahfud, yang pernah menjabat di eksekutif dan legislatif, memiliki karakter luar biasa. Pengalaman keduanya di berbagai jabatan, seperti gubernur, anggota DPR RI, Menteri Pertahanan, dan sebagainya, dianggap sebagai modal berharga untuk membawa Indonesia menuju kemajuan.

""Sosialisasi ini kami lakukan dengan mendekati masyarakat dan mengenalkan Ganjar dan Mahfud serta apa yang sudah mereka lakukan. Kita ingin membangun pemahaman yang baik tentang rekam jejak dan prestasi mereka. Ini bukan untuk merendahkan pasangan nomor satu dan dua, tetapi sebagai cara positif untuk memperkenalkan pasangan Ganjar-Mahfud,"" katanya.
Dia menegaskan pentingnya pemahaman masyarakat terhadap kandidat yang akan mereka pilih. Menurutnya, dengan melihat rekam jejak dan prestasi keduanya, diharapkan masyarakat dapat memilih pemimpin yang sesuai dengan kebutuhan dan harapan.

""Kami menargetkan dukungan sebesar 70 persen suara di Sukabumi. Ini bukan tentang menjatuhkan kandidat lain, tapi bagaimana membangun kepercayaan dan pengertian masyarakat terhadap Ganjar dan Mahfud,"" ucapnya.
Sebelumnya, Warga lintas komunitas di Kabupaten Sukabumi mendeklarasikan dukungan kepada Capres-Cawapres Ganjar Pranowo dan Mahfud MD di Pilpres 2024, Sabtu (18/11/2023). Mereka menargetkan kemenangan 38 persen suara di Kabupaten Sukabumi.
Acara deklarasi ini dihadiri digelar untuk mengonsolidasikan dukungan dari berbagai lapisan masyarakat. Kegiatan tersebut dihadiri sejumlah tokoh masyarakat, termasuk Direktur Segmen Pemilihan Tim Pemenangan Nasional (TPN) GP - MMD, Irjen Pol (purn) Ricky Wakano. Dengan dukungan ini, diharapkan Ganjar Pranowo-Mahfud MD meraih kemenangan tingkat nasional, khususnya di Kabupaten Sukabumi.
Editor: Asep Supiandi"
https://sumsel.inews.id/berita/jk-minta-prabowo-tiru-langkah-mahfud-mundur-ganjar-butuh-rasa-etika-dan-kemauan,"Jumat, 02 Februari 2024 - 18:06:00 WIB","JK Minta Prabowo Tiru Langkah Mahfud Mundur, Ganjar: Butuh Rasa, Etika dan Kemauan","Scan this QR or download app from:
PALEMBANG, iNews.id –Calon Presiden (Capres) 2024 nomor urut 03,Ganjar Pranowomenilai, butuh etika, kemauan serta rasa bagi seorang pejabat tinggi negara yang maju di Pilpres 2024 untuk mengundurkan diri dari jabatannya. Hal itu disampaikan Ganjar merespons pernyataan Wakil Presiden (Wapres) RI ke-10 dan 12 Jusuf Kalla (JK), agar Prabowo Subianto meniru langkahMahfud MDmengundurkan diri dari Kabinet Indonesia Maju (KIM).
“Itu butuh rasa, etika, dan kemauan. Kalau tidak, ya orang bisa melakukan dengan alasan bernaung di bawah regulasi,” ucap Ganjar di sela kampanye di Palembang, Sumatera Selatan (Sumsel), Jumat (2/2/2024).

Capres 2024 berambut putih itu mengingatkan, bahwa regulasi atau peraturan terkadang dalam suasana kebatinan masyarakat tidak selalu seperti yang diharapkan.
""Sehingga dibutuhkan etik, integriras, kepantasan dan kepatutan ketika seorang pejabat melakukan suatu tindakan,"" ucapnya.

Ganjar mengatakan, mundurnya Mahfud dari jabatannya Menteri Menko Polhukam di Kabinet Indonesia Maju sudah direncanakan dan dibicarakan dengannya sejak jauh hari.
""Keputusan Mahfud untuk mundur adalah contoh yang baik bagi para pejabat yang turut dalam kontestasi politik,"" katanya.
Editor: Nani Suherni"
https://regional.inews.id/berita/perajin-emping-menes-di-pandeglang-doakan-mahfud-md-jadi-pemimpin-adil,"Sabtu, 02 Desember 2023 - 10:45:00 WIB",Perajin Emping Menes di Pandeglang Doakan Mahfud MD Jadi Pemimpin Adil,"Scan this QR or download app from:
BANTEN, iNews.id -Calon Wakil Presiden (Cawapres) nomor urut 3 Mahfud MD berkeliling ke sejumlah titik di Provinsi Banten, Jumat (1/12/2023). Mahfud sempat mengunjungi sentraperajinoleh-oleh khas Kabupaten Pandeglang.
Diketahui jika Mahfud sebelumnya menghadiri acara Halaqah Kebangsaan bersama ulama se-Banten di Pondok Pesantren (Ponpes) Malnu yang berada di Kampung Cileutik, Desa Purwaraja, Kecamatan Menes, Kabupaten Pandeglang. Mahfud pun mengunjungi sentra perajin oleh-oleh khas sepertiempingMenes yang diproduksi oleh UMKM Desa Purwaraja .

Masih memakai kemeja putih, peci hitam, dengan syal bendera Palestina, Mahfud mendatangi salah satu rumah produksi emping. Mahfud belajar membuat emping kepada ibu-ibu perajin.
Mantan hakim Mahkamah Konstitusi (MK) yang biasa memegang palu sidang ini nampak luwes menggeprek melinjo di depan emak-emak, dengan alat yang juga mirip dengan palu.

Setelah belajar bikin emping, Mahfud sempat membeli 2 plastik besar seberat 10 kilogram emping untuk jadi buah tangan. Sekadar informasi, harga emping per kilogramnya Rp65.000.
Salah satu perajin emping, Enny mengaku bahagia usaha rumahannya ini didatangi oleh Menko Polhukam yang kini nyalon sebagai Cawapres pendamping Ganjar Pranowo di Pilpres 2024.

""Senang kedatangan Pak Mahfud. Terharu karena nge-fans banget. Pak Mahfud sehat dan sabar, kalau jadi Cawapres, Jadi pemimpin yang amanah dan adil,"" ucapnya tulus mendoakan.
Editor: Nani Suherni"
https://jabar.inews.id/berita/pimpinan-ponpes-fauzan-garut-kh-aceng-abdul-mujib-mahfud-md-kebanggaan-santri-dan-kiai,"Sabtu, 16 Desember 2023 - 09:15:00 WIB",Pimpinan Ponpes Fauzan Garut KH Aceng Abdul Mujib: Mahfud MD Kebanggaan Santri dan Kiai,"Scan this QR or download app from:
GARUT, iNews.id -Pondok Pesantren Fauzan, Garut, Jawa Barat, menyambut antusias kehadiran Menko Polhukam yang juga adalah Calon Wakil Presiden (Cawapres) dari Paslon nomor 3,Mahfud MD, pada Jumat (15/12/2023). Pimpinan Pondok Pesantren Fauzan Garut KH Aceng Abdul Mujib menilai Mahfud MD menjadi kebanggaan santri dan kyai.
KH Aceng Abdul mengatakan sosok Mahfud sudah teruji dengan sederet jabatan di legislatif, eksekutif dan yudikatif yang pernah diembannya. Mahfud pun tidak pernah tersandung kasus korupsi.

""Prof Mahfud MD adalah seorang pakar hukum yang sudah teruji, jadi anggota DPR, jadi ketua MK, dan jadi Menteri serta sederet jabatan lainnya, hingga hari ini tidak pernah terdengar pak Mahfud korupsi. Santri bangga tidak? Kyai bangga tidak?, Beliau santri, jadi kita semua bangga"" ujar KH Aceng Abdul Mujib kepada ribuan santri dan para kiai serta lemgasuh pondok yang hadir dalam acara Gebyar Sholawat bersama Mahfud MD.
Kehadiran Mahfud di Pondok Pesantren yang berdiri pada tahun 1894 ini, disambut ribuan santri dan para pimpinan pondok pesantren. Perwakilan santri dan kyai dari tujuh Ponpes Fauzan lainnya di kota Bandung dan sekitarnya juga hadir.

""Sudah lama santri mencari figur yang serius menangani persoalan hukum dan serius ingin menyelamatkan bangsa dan negara. Alhamdulilah sekarang kita telah menemukan sosok seorang Peofessor Mahfud MD,"" kata KH. Aceng.
Mewakili para santri dan jamaah yang hadir, KH. Aceng berharap Mahfud MD tetap istiqamah, menjaga negara dan tetap teguh selamtakan Negara Kesatuan Republik Indonesia.

""Kami berharap Prof Mahfud melanjutkan perjuangan, selamatkan negara, kami tidak minta macam-macam, NKRI diselamatkan, Pancasila diselamatkan,"" ucap KH. Aceng Abdul Mujib pada Mahfud MD yang adalah santri jebolan Ponpes Al Mardhiyyah, Pamekasan.
Editor: Nani Suherni"
https://jatim.inews.id/berita/bertemu-warga-malang-mahfud-md-singgung-intimidasi-oleh-oknum-tertentu,"Rabu, 07 Februari 2024 - 15:15:00 WIB","Bertemu Warga Malang, Mahfud MD Singgung Intimidasi oleh Oknum Tertentu","Scan this QR or download app from:
MALANG, iNews.id- Calon Wakil Presiden (Cawapres)Mahfud MDmenyebut,Pemilu 2024banyak halangannya. Mahfud juga tidak menampik adanyaintimidasiyang dilakukan oleh oknum-oknum tertentu.
Pernyataan itu disampaikan oleh Cawapres nomor yang diusung oleh PDIP, Partai Persatuan Pembangunan (PPP), Partai Perindo, dan Partai Hanura di Bonderland, Kecamatan Pakisaji, KabupatenMalang, Rabu (7/2/2024).

""Banyak halangan yang mengadang pemilu, ada yang dengan intimidasi ada, ada yang dengan penipuan ada, ada kecurangan banyak, saya mantan hakim konstitusi, tahu jenis-jenis kecurangan hati-hati saudara,"" ujar Mahfud di hadapan ribuan masyarakat Malang.
Pria kelahiran Sampang, Madura ini mengingatkan agar masyarakat Malang dan Indonesia pada umumnya tetap teguh dan memilih berdasarkan hati nurani.

Memang, kata dia potret politik uang, dan pembagian bantuan sosial (bansos) berkedok bantuan pemerintah saat pemilu disebut Mahfud, marak dilakukan demi mempengaruhi pilihan suara masyarakat.

Editor: Kurnia Illahi"
https://ttu.inews.id/read/403572/massa-pendukung-ganjar-mahfud-gelar-doa-bersama-saat-hadiri-debat-kelima-pilpres-2024,"Minggu, 04 Februari 2024 | 16:47 WIB",Massa Pendukung Ganjar-Mahfud Gelar Doa Bersama Saat Hadiri Debat Kelima Pilpres 2024,"Scan this QR or download app from:
JAKARTA, iNewsTTU.id--Pendukung pasangan calon presiden dan calon wakil presiden (Capres-Cawapres) Nomor Urut 3, Ganjar Pranowo-Mahfud MD, telah memadati Jakarta Convention Centre (JCC), Senayan, Jakarta, pada Minggu (4/2/2024).
Kedatangan mereka bertujuan untuk memberikan dukungan kepada Ganjar Pranowo, yang akan mengikuti debat kelima dalam rangkaian Pemilihan Presiden 2024. Massa pendukung telah tiba sejak pukul 15.40 WIB, menunjukkan semangat dan kekompakan dalam memberikan dukungan.
Pendukung Ganjar-Mahfudterlihat bersemangat, meneriaki yel-yel dukungan seperti ""Di sana Ganjar, di sini Mahfud, di mana-mana Ganjar dan Mahfud."" Ratusan pendukung memadati lokasi dengan mengenakan rompi hitam dan baju dalam merah, serta membawa spanduk-spanduk bertuliskan dukungan untuk pasangan Ganjar-Mahfud.
Editor : Sefnat Besie"
https://jateng.inews.id/berita/ganjar-mahfud-bakal-gelar-hajatan-rakyat-solo-hingga-kirab-warisan-budaya-akhiri-kampanye-akbar/2,"Jumat, 09 Februari 2024 - 16:29:00 WIB",Ganjar-Mahfud Bakal Gelar Hajatan Rakyat Solo hingga Kirab Warisan Budaya Akhiri Kampanye Akbar,"Scan this QR or download app from:

Kegiatan Hajatan Rakyat, Bukan Pesta Konglomerat akan  dimeriahkan  sejumlah seniman, musisi, penyanyi, dan selebritas lokal dan nasional, di antaranya Butet Kartaredjasa, NDX AKA,  Rara Lida, Lala Widhy, Mala Agatha, Vega, dan masih banyak lagi.

Diketahui jika Komisi Pemilihan Umum (KPU) RI menetapkan kampanye Pilpres 2024 dimulai pada 28 November 2023 dan berakhir pada 10 Februari 2024.  Pasangan Calon Presiden (Capres) Ganjar Pranowo dan Calon Wakil Presiden (Cawapres)  Mahfud MD mengawali kampanye di Sabang (Provinsi Nanggroe Aceh Darussalam) dan Merauke (Provinsi Papua Selatan).
Duet Ganjar-Mahfud mengakhiri masa kampanye Pilpres 2024 dengan menggelar Hajatan Rakyat di Kota Solo dan Kota Semarang di Provinsi Jawa Tengah.
Karaniya menyampaikan tiga pesan penting, yang disampaikan pada Hajatan Rakyat, yaitu  pentingnya kecintaan rakyat kepada pemimpinnya, menjaga dan merawat demokrasi sebagai budaya bangsa, serta merapatkan barisan untuk menegakkan kesakralan demokrasi ke seluruh negeri.
Editor: Nani Suherni"
https://garut.inews.id/read/383091/ceng-mujib-sebut-mahfud-md-kebanggaan-santri-dan-kiai,"Sabtu, 16 Desember 2023 | 14:48 WIB",Ceng Mujib Sebut Mahfud MD Kebanggaan Santri dan Kiai,"Scan this QR or download app from:
GARUT, iNewsGarut.id –Pimpinanpondok pesantrenFauzan Garut, KH. Aceng Abdul Mujib menyampaikan kebanggaan nya atas hadirnya Menkopolhukam atau yang sekarang ini Calon Wakil Presiden nomor urut 3Mahfud MD. Bahwa sosoknya menjadi kebanggaansantridankiai.
Hal itu Ceng Mujib (sapaan akrab) sampaikan pada sambutannya saat kunjungan Mahfud MD ke Ponpes Fauzan pada Jum'at (15/12/2023).
Dimata Ceng Mujib, sosok Mahfud MD menjadi kebanggaan dan teruji, terbukti dengan beliau saat menjabat di legislatif, eksekutif, dan yudikatif, yang pernah dijabatnya, dan tidak pernah tersandung kasus korupsi.
""Mahfud MD seorang profesor dan pakar hukum yang sudah teruji, tugas yang diembannya jadi anggota DPR, kemudian ketua MK, dan jadi menteri, serta jabatan lainnya. Tak terdengar sedikit pun tersandung kasus korupsi. Sebagai seorang santri beliau kebanggaan Kita semua, santri bangga tidak ? Kiai bangga tidak ?, Kita semua bangga kepada beliau,""ujar Kiai Aceng kepada ribuan santri dan para kiai serta pengasuh pondok yang hadir dalam acara Gebyar Salawat bersama Mahfud MD.
Kehadiran Mahfud MD di ponpes yang berdiri sejak tahun 1894 itu, disambut hangat ribuan santri dan pimpinan pondok pesantren. Mereka begitu antusias untuk melihat sosok yang menjadi kebanggaan yang kini mencalonkan diri sebagai wakil presiden bersama Ganjar Pranowo di Pilpres 2024.
""Beliau figur yang selama ini Kita nantikan, sudah barang tentu serius menangani persoalan hukum dan menyelematkan bangsa dan negara ini. Alhamdulillah Kita menemukan sosok atau figur untuk Indonesia di masa yang akan datang,""ujar Kiai Aceng Abdul Mujib.
Editor : ii Solihin"
https://bogor.inews.id/read/403639/pekikan-1500-relawan-peluru-tak-terkendali-getarkan-kampanye-akbar-ganjar-mahfud-di-gbk,"Minggu, 04 Februari 2024 | 19:21 WIB",Pekikan 1500 Relawan Peluru Tak Terkendali Getarkan Kampanye Akbar Ganjar-Mahfud di GBK,"Scan this QR or download app from:
JAKARTA, iNewsBogor.id- Sejumlah Musisi muda dan 1500 anak muda kreatif yang tergabung dalam komunitasPeluru Tak TerkendalimenghadiriKampanye AkbarGanjar-Mahfuddi Gelora Bung Karno (GBK) Senayan, Jakarta Pusat (03/02/2024). Riungan relawan Mahfud MD ini bergemuruh di lapangan bola terbesar di Asia Tenggara tersebut.
Relawan Peluru Tak Terkendali tiba di GBK dengan konvoi sepeda motor dengan dipimpin oleh penyanyi rap yang juga ketua komunitas tersebut, Samuel Alexander Pieter atauYoung Lex.
Kehadiran Young Lex dan 1500 orang yang tergabung dalam Peluru Tak Terkendali merupakan dukungan yang tegas dari para anak muda dan komunitas kreatif terhadap Ganjar Pranowo dan Mahfud MD yang maju sebagai calon presiden dan calon wakil presiden.
Relawan garis keras tersebut menyatakan satu suara tegak lurus untuk Mahfud MD.Di tengah keramaian ribuan pendukung yang datang untuk mendukung Ganjar, Young Lex menyanyikan lagu ""Buruh Tani"" untuk membangkitkan semangat para pendukung Ganjar.
""Buruh, tani, mahasiswa, rakyat miskin kota. Bersatu padu untuk merebut demokrasi, Bersatu dengan tekad dalam satu suara, demi tugas suci yang mulia,"" demikian penggalan lirik yang dinyanyikan oleh Young Lex.
Lagu ini sering dinyanyikan untuk melawan ketidakadilan. Young Lex menyatakan Ganjar dan Mahfud siap melawan ketidakadilan dan menegakkan keadilan hukum.
Editor : Furqon Munawar"
https://jatim.inews.id/berita/3-julukan-pulau-madura-daerah-unik-tempat-kelahiran-cawapres-mahfud-md,"Sabtu, 18 November 2023 - 18:18:00 WIB","3 Julukan Pulau Madura, Daerah Unik Tempat Kelahiran Cawapres Mahfud MD","Scan this QR or download app from:
JAKARTA, iNews.id- Banyak masyarakat yang bertanya-tanya apajulukan Pulau Madura, tempat kelahiran Cawapres nomor urut 3, Mahfud MD. Bersamaan dengan itu, hari ini, Sabtu (18/11/2023), Mahfud MD melakukan agenda politiknya ke PulauMadura.
Serangkaian acara Mahfud MD itu dimulai dari Istigasah di Lapangan IKAMA, Morkepek, Bangkalan. Mahfud melanjutkan kegiatannya ke Posko Pemenangan IKAMA, bertemu dengan pentolan dan tokoh Madura.

Usai menghadiri kegiatan tersebut, Mahfud lanjut begerak ke Pamekasan, berziarah ke makam ayahandanya dalam kegiatan di Pondok Pesantren Annuqayah serta Ponpes Al-Amin. Agenda puncak diakhiri dengan kunjungan ke Pendopo Kabupaten Sumenep, di mana Mahfud menghadiri undangan Istiqhosah Kebangsaan di GOR A. Yani Sumenep.
Kepulangan Mahfud MD tidak hanya menjadi momen politik semata, namun momentum penyatuan berbagai kelompok masyarakat Madura.

Acara tersebut tidak hanya dihadiri oleh pendukung dari satu kelompok, tetapi melibatkan beragam kelompok seperti Sahabat Mahfud Madura, Madura Asli (Madas), Ikatan Keluarga Madura (IKAMA), Yayasan Kerukunan Orang Madura (Yakorma), Basmala (Barisan Masyarakat Labang), Barisan Nasional Pemuda Madura (BNPM) dan elemen simpul relawan lainnya.
Pulau spesial di provinsi Jawa Timur tersebut memiliki beberapa julukan. Apa sajakah itu?
Julukan Pulau Madura sebagai Pulau Garam disebabkan oleh keberadaan pulau ini yang menjadi salah satu wilayah terbesar penghasil garam di Indonesia. Hampir seluruh kabupaten di Pulau Madura memiliki tambak garam rakyat dengan kapasitas produksi yang cukup besar.
Proses penjemuran garam laut untuk memanen kristal garam menjadi langkah awal sebelum diolah untuk keperluan industri maupun konsumsi.
Metode pengolahan garam rakyat di Pulau Madura, dikenal sebagai 'Madurese', merupakan cara khas orang Madura dalam menciptakan garam dengan kristalisasi air laut secara menyeluruh. Para petani garam secara tradisional memindahkan air laut antarmeja garam, memungkinkan mereka untuk mengambil garam dari lapisan terbawah hingga teratas.

Editor: Kurnia Illahi"
https://tangsel.inews.id/read/397631/caleg-perindo-dprd-tangsel-nadya-rafika-ajak-masyarakat-doakan-mahfud-md-sukses-debat-pilpres-2024,"Minggu, 21 Januari 2024 | 18:05 WIB","Caleg Perindo DPRD Tangsel Nadya Rafika, Ajak Masyarakat Doakan Mahfud MD Sukses Debat Pilpres 2024","Scan this QR or download app from:
PAMULANG, iNewsTangsel.id -Debat keempat Pemilihan Presiden (Pilpres) 2024, akan berlangsung hari ini, Minggu (21/1/2024) di Jakarta Convention Center (JCC), Senayan pada pukul 19.00 WIB.
Komisi Pemilihan Umum (KPU) telah mengumumkan moderator debat keempat Pilpres 2024, yakni Retno Pinasti dari SCTV dan Zilvia Iskandar dari Metro TV.
Prestasi para kandidat dalam debat diyakini akan memengaruhi keputusan pemilih dalam menentukan calon yang akan mereka pilih dalam Pemilihan Presiden mendatang.
Terkait debat cawapres hari ini, calon anggota legislatif (caleg) dari Partai PerindoNadya Rafikamengatakan bahwa Cawapres nomor urut 3,Mahfud MDdipastikan menguasai jalanya debat. "" Saya melihat pak Mahfud dengan segala pengalaman panjangnya di dunia politik pasti bisa menguasai jalanya debat"",  ujar Nadya yang merupakan caleg DPRD Kota Tangerang Selatan dapil 2 Pamulang.
Caleg nomor urut 1 ini, siap mendukung dan memberikan semangat kepada cawapres Mahfud MD yang tampil pada debat pada pukul 19.00 WIB. ""Hari ini saya mengundang khusus kehadiran sanak famili untuk nonton bareng (nobar) debat cawapres dirumah saya, katanya. "" Kami semua disini mendoakan agar capres cawapres Ganjar Mahfud, Menang Pilpres satu putaran"", katanya dengan penuh semangat. Caleg perempuan yang hobby blusukan  ini, berkomitmen memperjuangkan masyarakat Tangerang Selatan yang Sejahtera.
Editor : Hasiholan Siahaan"
https://karanganyar.inews.id/read/388620/begini-cara-pedagang-sayur-bronjong-keliling-di-karanganyar-dukung-ganjar-mahfud-di-pilpres-2024,"Sabtu, 30 Desember 2023 | 16:29 WIB",Begini Cara Pedagang Sayur Bronjong Keliling di Karanganyar Dukung Ganjar-Mahfud di Pilpres 2024,"Scan this QR or download app from:
KARANGANYAR, iNewskaranganyar.id -Para pedagang sayur bronjong punya cara sendiri untuk memberikan dukungan terhadap Calon Presiden dan Wakil Presiden nomer urut 3, Ganjar Pranowo dan Mahfud MD.
Seperti yang ditunjukan para pedagang sayur keliling di daerah Karanganyar dan Sukoharjo ini.
Sambil berkeliling mencari rejeki, para pedagang sayur bronjong ini membagikan kaos bergambar Ganjar Pranowo dan Mahfud MD pilihan mereka kepada para pelanggannya.
Seperti yang ditunjukan Puryanto, salah satu pedagang dari Karangpandan, Karanganyar. Puryanto sehari-hari 'kulakan' sayur di Pasar Karangpandan untuk dijual kembali dengan berkeliling.
Bersama belasan orang lainnya mereka menggunakan kaos bergambar paslon nomor 3Ganjar-Mahfud. Dengan semangat berjualan, Puryanto pun mengkampanyekan kemenangan Ganjar Pranowo - Mahfud MD wilayahnya.
""Dengan cara kami memperjuangkan agar Pak Ganjar dan Pak Mahfud menang,"" jelas Puryanto, Sabtu (30/12/2023).
Ternyata bukan hanya sayuran yang mereka bawa, namun juga kaos bergambar Ganjar-Mahfud yang didapatkan dari Relawan Jari Tangan (Jaringan Militan Ganjar).
""Ini bentuk dukungan kami, sambil  berkeliling juga membagikan kaos bergambar Ganjar-Mahfud,"" lanjutnya.
Jelajah pedagang sayur bronjong ini tidak hanya di wilayah Karanganyar. Puryanto bahkan berjualan hingga wilayah Polokarto, Sukoharjo. Disana ibu-ibu pelanggannya sudah menunggu dengan sabar.
Sambil menunggu mereka berbelanja, Puryanto membagikan kaos bergambar  Ganjar-Mahfud MD yang rutin dibawanya. Ibu-ibu para pelanggan yang biasa membeli sayur dagangan Puryanto, juga menerima kaus-kaus itu dengan gembira.
""Setiap hari kami bertemu pelanggan, ya kami tadi bagikan kaus sambil sebisa-bisa kami memberikan pesan agar memilih Ganjar-Mahfud,"" lanjut Puryanto,
Editor : Ditya Arnanta"
https://www.inews.id/sport/all-sport/relawan-ganjar-surabaya-bikin-acara-senam-pagi-untuk-kenalkan-program-ganjar-mahfud-md/all,"Minggu, 05 November 2023 - 23:30:00 WIB",Relawan Ganjar Surabaya Bikin Acara Senam Pagi untuk Kenalkan Program Ganjar-Mahfud MD,"Scan this QR or download app from:
SURABAYA, iNews.id-Relawan bacapres yang didukung partaiPerindo, Ganjar Pranowo yang tergabung dalam Komunitas Warung Tegal (Kowarteg) Indonesia Dukung Ganjar melaksanakan acara senam pagi di Gubeng, KotaSurabaya. Acara ini bertujuan untuk menjalin silahturahmi dan menyosialisasikan pasangan Ganjar-Mahfud MD.
Kegiatan yang berlangsung Minggu (5/11/2023) pagi ini disambut antusias warga Surabaya. Acara ini mayoritas diikuti oleh emak-emak.


Kowarteg Dukung Ganjar mengaku melakukan acara ini karena terinspirasi dari Ganjar Pranowo yang gemar olahraga pagi. Selain senam pagi,relawan Ganjarjuga menyosialisasikan program-progam unggulan pasangan Ganjar-Mahfud MD.
""Saya ucapkan terima kasih kepada kawan-kawan Kowarteg atau Komunitas Warteg di Kota Surabaya untuk menyosialisasikan Pak Ganjar Pranowo dan Pak Mahfud sebagai pasangan Capres dan Cawapres di Pemilu 2024,"" ujar salah satu peserta senam Pagi, Tatu.

Taru menyebutkan tingkat antusias warga yang mengikuti rangkaian kegiatan para pendukung Ganjar Pranowo itu cukup tinggi. Warga senang dan bersemangat untuk senam bersama sukarelawan Kowarteg Indonesia.
""Saya lihat warga sangat antusias sekali, mayoritas diikuti oleh ibu-ibu untuk menggairahkan kembali ibu-ibu,"" ucap Taru.

""Di samping terinspirasi oleh Pak Ganjar, kita juga agenda rutin senam setiap Minggu,"" ucapnya.
Dia berharap Kowarteg Dukung Ganjar bisa melaksanakan kegiatan serupa di berbagai tempat.

""Kita berharap nantinya kita akan melaksanakan senam ini di beberapa titik di Kecamatan Gubeng. Kita juga akan secara massal terkait menyehatkan warga dari kecamatan lain,"" katanya.
Editor: Ibnu Hariyanto"
https://www.inews.id/multimedia/infografis/infografis-5-janji-ganjar-mahfud,,Infografis 5 Janji Ganjar-Mahfud,"JAKARTA, iNews.id -Berbagai komitmen dan janji telah diutarakan oleh pasangan calon presiden (capres) Ganjar Pranowo dan calon wakil presiden (cawapres)Mahfud MD. Hal itu termaktub dalam dokumen visi dan misinya yang bertajuk “Menuju Indonesia Unggul Gerak Cepat Mewujudukan Negara Maritim yang Adil dan Lestari.”
Dokumen visi dan misi setebal 61 halaman itu mencerminkan komitmen mereka untuk membawa perubahan yang signifikan bagi negara jika keduanya terpilih pada Pilpres 2024 mendatang. Berikut ini beberapa kebijakan yang tertuang dalam visi-misi tersebut.
1. Tuntaskan Permasalahan HAM di Indonesia
2. Basmi Korupsi dan Perkuat KPK
3. Pertumbuhan Ekonomi Indonesia 7 Persen
4. Optimalisasi Sektor Kelautan Indonesia
5. Ciptakan 17 Juta Lapangan Pekerjaan Baru
Editor: Johan Jaelani"
https://www.inews.id/news/nasional/profil-dan-biodata-zaizatun-nihayati-istri-mahfud-md-yang-rela-tinggalkan-profesi-guru-demi-dukung-suami/2,"Kamis, 19 Oktober 2023 - 17:09:00 WIB","Profil dan Biodata Zaizatun Nihayati, Istri Mahfud MD yang Rela Tinggalkan Profesi Guru demi Dukung Suami","Scan this QR or download app from:
Perempuan berusia 63 tahun ini mengenal Mahfud MD saat mereka masih berkuliah di Universitas Islam Indonesia (UII) Yogyakarta pada 1978 silam.

Saat itu, Mahfud melihat ada seorang perempuan, Zaizatun Nihayati yang ikut dalam rapat pengurus Himpunan Mahasiswa Islam (HMI) di UII.
Dari situ, Mahfud MD dan Zaizatun mulai saling mengenal hingga akhirnya mereka saling menyatakan ketertarikannya. Wajah cantik Zaizatun Nihayati juga merupakan daya tarik khusus bagi Mahfud MD.
Setahun kemudian, Zaizatun dan Mahfud MD makin dekat dan berpacaran. Namun, pacaran ala Mahfud ini bukan hangout di café atau rekreasi, melainkan mengikuti seminar-seminar dan diskusi-diskusi.
Beberapa tahun kemudian, Zaizatun Nihayati dan Mahfud sepakat untuk naik ke jenjang yang lebih serius. Bahkan, ayah Zaizatun mengetes Mahfud MD sebagai calon menantu, ayahnya membawa Mahfud kepada Kiai Mufid Mas’ud, dan dites tentang hukum dan bahasa Arab."
https://www.inews.id/multimedia/infografis/infografis-mahfud-md-resmi-cawapres-ganjar,,Infografis Mahfud MD Resmi Cawapres Ganjar,"JAKARTA, iNews.id- Megawati Soekarnoputri, selaku Ketua Umum PDIP, secara resmi mengumumkanMahfud MDsebagai calon Wakil Presiden bersama dengan Ganjar Pranowo. Mereka akan menjadi pasangan calon presiden dan wakil presiden pada Pemilihan Presiden 2024.
""Cawapres yang dipilih PDIP mendamping Ganjar Pranowo adalah Bapak Profesor Mahfud MD,"" kata Megawati saat konferensi pers di Kantor DPP PDIP, Menteng, Jakarta Pusat, Rabu (18/10/2023).
Pengumuman mengenai calon wakil presiden ini dihadiri oleh Hary Tanoesoedibjo, yang merupakan Ketua Umum Partai Perindo, Mardiono, Ketua Umum PPP, dan Oesman Sapta Odang, Ketua Umum Hanura.
Proses pendaftaran calon presiden dan wakil presiden di Komisi Pemilihan Umum (KPU) akan dimulai dari tanggal 19 hingga 25 Oktober 2023. Diperkirakan bahwa Ganjar dan Mahfud akan mendaftarkan diri sebagai calon presiden dan wakil presiden ke KPU pada Kamis besok, tanggal 19 Oktober 2023.
Editor: Johan Jaelani"
https://www.inews.id/news/internasional/mahfud-md-jadi-cawapres-ganjar-pranowo-media-asing-menteri-senior-yang-dihormati/all,"Rabu, 18 Oktober 2023 - 12:30:00 WIB","Mahfud MD Jadi Cawapres Ganjar Pranowo, Media Asing: Menteri Senior yang Dihormati","Scan this QR or download app from:
JAKARTA, iNews.id- PenunjukanMahfud MDsebagai bakal calon wakil presiden (bacawapres) untuk mendampingi bacapresGanjar Pranowomendapat perhatian dari sejumlah media asing. Beberapa di antaranya bahkan memuji sosok politikus yang kini menjabat menko polhukam itu.
Reutersmengangkat berita penunjukan Mahfud dengan judul ""Indonesian Ruling Party Puts Respected Minister on Election Ticket"" (Partai Berkuasa di Indonesia Beri TiketPilpreskepada Menteri yang Disegani).


""Pasangan calon presidennya (Ganjar) adalah seorang menteri kabinet senior yang dihormati,"" demikian kantor berita internasional yang berbasis di London, Inggris, itu melaporkan pada Rabu (18/10/2023).
Reutersjuga menuliskan, Mahfud yang kini berusia 66 tahun, pernah menjabat ketua Mahkamah Konstitusi dan dikenal sebaga kritikus vokal terhadap korupsi. ""Nama aslinya adalah Mohammad Mahfud Mahmodin. Namun, di lebih dikenal sebagai Mahfud MD selama puluhan tahun,"" ungkap media itu.

Sementara lamanCNAyang berbasis di Singapura memuat berita berjudul ""Indonesia’s Senior Minister Mahfud MD Picked as VP Running Mate for Ruling Party’s Presidential Candidate Ganjar Pranowo"" (Menteri Senior Indonesia Mahfud MD Terpilih sebagai Calon Wakil Presiden untuk Calon Presiden dari Partai Berkuasa Ganjar Pranowo).
""Mahfud, 66 tahun, kelahiran Jawa Timur, adalah seorang politikus kawakan, cendekiawan Islam, dan mantan hakim. Ia juga memiliki hubungan denganNahdlatul Ulama(NU), organisasi Islam terbesar di negara ini dan di dunia,"" tulis media itu.


Laman berita lainnya,The Straits Times, juga mengangkat berita tentang sepak terjang Mahfud selama menjadi pejabat negara. Menurut media itu, menko polhukam itu punya catatan baik sebagai politikus.
""Ia (Mahfud) memperoleh banyak dukungan publik setelah berbicara tentang perjuangan pemerintah melawan korupsi dan perilaku nakal pejabat pemerintah dan aparat penegak hukum,"" tulis The Straits Times.
Editor: Ahmad Islamy Jamil"
https://www.inews.id/news/nasional/5-kutipan-inspiratif-mahfud-md-cawapres-ganjar-pranowo-tentang-kehidupan-hukum-hingga-kesuksesan,"Senin, 23 Oktober 2023 - 15:45:00 WIB","5 Kutipan Inspiratif Mahfud MD Cawapres Ganjar Pranowo tentang Kehidupan, Hukum hingga Kesuksesan","Scan this QR or download app from:
JAKARTA, iNews.id -Sebagai sosok yang memiliki rekam jejak yang kaya dan beragam di dunia politik danhukum,Mahfud MDCawapresGanjar Pranowotidak hanya dikenal sebagai seorang intelektual dan akademisi ulung. Mahfud juga seorang penulis yang produktif.
Karya-karyanya yang mendalam tentang hukum, konstitusi, dan demokrasi telah memberikan kontribusi signifikan bagi pemahaman masyarakat terhadap isu-isu yang kompleks.


Selain itu, pengalamannya yang luas di berbagai sektor, mulai dari eksekutif, legislatif, hingga yudikatif, menandai dedikasinya yang kuat terhadap perbaikan sistem dan tata kelola negara. Sebagai calon Wakil Presiden yang berpasangan dengan Ganjar Pranowo dalam Pilpres 2024, Mahfud MD membawa rekam jejak yang kokoh dan visi yang kuat dalam membangun masa depan yang lebih baik bagi Indonesia.
Dalam wacana politik dan perjalanan karier yang cemerlang, Mahfud MD, sebagai pendamping Ganjar Pranowo dalam Pilpres 2024, telah menyuarakan berbagai pandangan yang inspiratif seputarkehidupan, hukum, dankesuksesan.

Kutipan-kutipan bermakna ini mencerminkan kedalaman pemikiran serta visi yang dimiliki oleh sosok yang telah lama malang-melintang di panggung politik dan hukum Indonesia. Berikut adalah rangkuman dari beberapakutipan inspiratifMahfud MD yang menginspirasi dan memberi motivasi bagi banyak orang dalam berbagai aspek kehidupan.
Dalam kutipan inspiratif yang pertama ini, Mahfud MD Cawapres Ganjar Pranowo memperlihatkan pentingnya sikap empati, penghargaan, dan rasa hormat terhadap sesama. Dalam pesannya, Mahfud MD menegaskan bahwa sebagai manusia, kita seharusnya mampu menghargai dan menghormati orang lain tanpa memandang perbedaan yang ada.
Pesan ini mengajarkan pentingnya toleransi dan kerja sama antar-individu yang berbeda-beda untuk memperkuat kedamaian dan harmoni dalam masyarakat.
Mahfud MD Cawapres Ganjar Pranowo menegaskan pentingnya keberanian dalam mengambil keputusan. Pesan ini mengajarkan bahwa terkadang ketakutan akan ketidakpastian dapat menjadi hambatan yang lebih besar daripada risiko membuat keputusan yang salah.
Hal ini menunjukkan perlunya mempertimbangkan dengan cermat berbagai kemungkinan dan risiko dalam pengambilan keputusan, sambil tetap memiliki keyakinan dan keberanian untuk bertindak.
Dalam kutipan inspiratif yang diungkapkan oleh Mahfud MD Cawapres Ganjar Pranowo, beliau menekankan pentingnya peran hukum dalam menjaga kepentingan dan kesejahteraan rakyat. Menurutnya, hukum seharusnya merupakan instrumen yang membela keadilan, kemanusiaan, dan nilai-nilai moral yang diakui oleh konstitusi.
Pernyataan ini menggarisbawahi pentingnya menjaga kepatuhan terhadap nilai-nilai dasar keadilan dan kemanusiaan dalam sistem hukum, yang pada akhirnya diharapkan dapat mendorong terciptanya masyarakat yang adil, manusiawi, dan beradab."
https://www.inews.id/news/nasional/kenal-dekat-mahfud-md-alasan-jenderal-tni-purn-am-hendropriyono-dukung-ganjar-mahfud,"Senin, 06 November 2023 - 17:15:00 WIB","Kenal Dekat Mahfud MD, Alasan Jenderal TNI Purn AM Hendropriyono Dukung Ganjar-Mahfud","Scan this QR or download app from:
JAKARTA, iNews.id -Jenderal TNI Purn AMHendropriyonomemberikan dukungan khusus untuk pasangan calon presiden dan wakil presidenGanjar PranowodanMahfud MDdalam Pilpres 2024. Hendropriyono menyebut bahwa Ganjar adalah seorang individu yang memiliki kecerdasan dan kebijaksanaan, sementara Mahfud MD merupakan sosok yang kompeten dalam berbagai aspek kehidupan.
Keputusan Hendropriyono ini diambil dengan tujuan untuk memastikan bahwa Indonesia dapat terus bertahan dengan teguh berlandaskan prinsip Pancasila sebagai fondasi yang kuat. Tindakannya menunjukkan komitmennya terhadap pemimpin yang mampu menjaga stabilitas dan prinsip-prinsip inti negara, serta mencerminkan dukungannya terhadap visi dan misi pasangan tersebut untuk masa depan Indonesia.


Dukungan dari tokoh seperti Hendropriyono memiliki dampak penting dalam menghadapi Pilpres 2024 karena memberikan legitimasi dan dorongan yang kuat bagi pasangan calon tersebut.
""Semua sahabat saya yang sedang bersaing jadi capres sekarang ini adalah sama-sama orang Pancasilais, sehingga tidak akan ada rasa khawatir saya terhadap hancurnya dasar filsafat negara,"" kata Hendropriyono di Jakarta, belum lama ini.

Hendropriyono menyatakan harapannya kepada Menko Polhukam, Mahfud MD, yang kini menjabat sebagai calon wakil presiden (cawapres) yang mendampingi Ganjar Pranowo, untuk memelihara kesatuan Indonesia. Dukungan Hendropriyono kini diberikan kepada pasangan Ganjar-Mahfud karena ia berharap agar Indonesia bisa menjadi negara yang memiliki peran besar di dunia.
""Harapan kita bangsa Indonesia sangat besar kepada Mahfud Md yang pandai, bijak, jujur dan pemberani,"" ucapnya. Hendropriyono juga memberikan pesan kepada para tokoh utama dalam Pemilihan Presiden 2024 agar terus menjaga stabilitas dan keamanan negara.
Profesor Dr. Abdullah Mahmud Hendropriyono, seorang mantan Jenderal TNI, adalah seorang tokoh berpengaruh di Indonesia dengan sejumlah prestasi di berbagai bidang. Lahir pada tanggal 7 Mei 1945, karier Hendropriyono mencakup sektor-sektor seperti intelijen, politik, akademik, dan bisnis.
Hendropriyono pernah mengepalai Badan Intelijen Negara (BIN) dan menjadi guru besar pertama di dunia di bidang Filsafat Intelijen. Selama kariernya, ia mengisi berbagai posisi dalam militer, termasuk dalam Kopassus TNI AD dan berpartisipasi dalam operasi militer penting, seperti Operasi Sapu Bersih III dan Operasi Seroja di Timor Timur.
Selain pengalaman militer, Hendropriyono juga terlibat dalam birokrasi pemerintah dan pernah menjadi Menteri Transmigrasi dan Pemukiman Perambah Hutan (PPH). Pendidikan tingginya di institusi-institusi ternama, seperti Akademi Militer Nasional dan University of the City of Manila, memberikannya pemahaman mendalam tentang administrasi, hukum dan politik."
https://www.inews.id/lifestyle/seleb/mengenal-motif-kalalawit-yang-dipakai-mahfud-md-saat-pengumuman-cawapres-apa-maknanya,"Rabu, 18 Oktober 2023 - 13:36:00 WIB","Mengenal Motif Kalalawit yang Dipakai Mahfud MD saat Pengumuman Cawapres, Apa Maknanya?","Scan this QR or download app from:
JAKARTA, iNews.id-Mahfud MDsaat ini tengah menjadi sorotan usai dipilih sebagai Calon Wakil Presiden (Cawapres) mendampingi Ganjar Pranowo di Pilpres 2024 nanti. Hal tersebut diketahui saat momen pengumuman cawapres di Kantor DPP PDI Perjuangan, Rabu (18/10/2023).
Di momen tersebut, Mahfud MD memilih mengenakan kemeja hijau dengan aksen motif Kalalawit khas Kalimantan di half-vest-nya.


Motif Kalalawit yang ada di kemeja Mahfud MD ternyata bukan sekadar pemanis. Ada makna di balik motif etnik tersebut.
Penasaran? Berikut informasinya seperti dirangkum pada Rabu (18/10/2023).

Menurut laporan ilmiah berjudul 'Makna Simbolik pada Rumah Betang Toyoi Suku Dayak Ngaju di Kalimantan Tengah' yang diterbitkan Universitas Kristen Petra Surabaya, motif Kalalawit memiliki arti hubungan yang tinggi.
Makna lain juga mengatakan bahwa motif Kalalawit itu berarti persatuan antara manusia dengan sesamanya. Selain itu, warna hijau yang ada di kemeja Mahfud MD pun punya makna yang mendalam."
https://www.inews.id/travel/kuliner/intip-resep-pecel-pincuk-khas-madiun-makanan-ganjar-pranowo-mahfud-md-usai-test-kesehatan-di-rspad-gatot-subroto,"Selasa, 24 Oktober 2023 - 20:47:00 WIB","Intip Resep Pecel Pincuk Khas Madiun, Makanan Ganjar Pranowo-Mahfud MD Usai Test Kesehatan di RSPAD Gatot Subroto","Scan this QR or download app from:
JAKARTA, iNews.id -Pasangan Ganjar Pranowo dan Mahfud MD terlihat menyantap jamu danpecelpinuk khas madiun pasca menjalani tes kesehatan di RSPAD Gatot Subroto Minggu 22 Oktober 2023.
Tes kesehatan yang berjalan selama 9 jam ini merupakan prasyarat bagi para Calon Presiden yang mendaftar ke Komisi Pemilihan Umum (KPU).

Seusai menjalani tes kesehatan tersebut Ganjar dan Mahfud menuju ke Media Center TPN untuk menggelar acara makan malam bersama. Acara ini di hadiri oleh Arsjad Rasjid dan Wakil Ketua TPN Andika Perkasa.
""Saya sampaikan terima kasih sejak pagi kita dilayani dan dibawa ke sana ke mari, dari pagi sampai sore saya bersama Pak Mahfud, dan alhamdulilah sudah selesai, tentu saja mudah-mudahan nanti insyaallah hasilnya baik,"" kata Ganjar Pranowo usai pemeriksaan kesehatan di RSPAD.

Hasil dari tes kesehatan ini nantinya akan segera dikirimkan pihak RSPAD Gatot Subroto ke KPU untuk ditinjau lebih jauh."
https://www.inews.id/lifestyle/seleb/profil-pangeran-siahaan-jubir-tpn-yang-sebut-ganjar-mahfud-layaknya-soulmate,"Selasa, 07 November 2023 - 21:58:00 WIB","Profil Pangeran Siahaan, Jubir TPN yang Sebut Ganjar-Mahfud Layaknya Soulmate","Scan this QR or download app from:
JAKARTA, iNews.id- Juru Bicara Tim Pemenangan Nasional (TPN), Pangeran Siahaan, menyebut bahwa Pasangan Ganjar-Mahfud seharusnya dianggap sebagai ""soulmate"" karena mereka bersatu dalam visi dan komitmen mereka untuk meningkatkan kesejahteraan rakyat Indonesia.
""Pasangan Capres Ganjar dan CawapresMahfud MDseakan seperti pasangan jiwa. Mereka bukanlah pemimpin yang dipertemukan secara paksa, melainkan dipilih dengan cermat dan berdasarkan kesamaan visi dan nilai-nilai yang mereka anut,"" ungkap Pangeran dalam pernyataan resmi.


Pangeran menjelaskan bahwaGanjar Pranowo, yang telah membuktikan diri sebagai Gubernur Jawa Tengah yang peduli dan berkomitmen tinggi terhadap kesejahteraan masyarakat di wilayahnya. Pendekatannya yang inklusif dan perhatiannya terhadap kebutuhan rakyat menjadikannya kandidat yang sangat cocok untuk menjadi Presiden.
Pangeran juga menyoroti Mahfud MD, yang dikenal sebagai seorang cendekiawan dan ahli hukum di mata banyak orang. Dia membawa pengetahuan dan pengalaman berharga dalam mengatasi masalah hukum dan keadilan di Indonesia.

Pangeran menekankan bahwa pengalaman kepemimpinan Mahfud MD sebagai Menko Polhukam dan Ketua Mahkamah Konstitusi telah membuktikan kualitas kepemimpinan yang sangat dihormati."
https://www.inews.id/news/nasional/cawapres-mahfud-md-alumni-uii-berikut-tokoh-terkenal-lain-jebolan-kampus-yang-sama,"Minggu, 22 Oktober 2023 - 10:16:00 WIB","Cawapres Mahfud MD Alumni UII, Berikut Tokoh Terkenal Lain Jebolan Kampus yang Sama","Scan this QR or download app from:
JAKARTA, iNews.id -Fakultas Hukum Universitas Islam Indonesia (UII) mendapat sorotan masyarakat. Menteri Koordinator Bidang Politik, Hukum dan Keamanan (Menko Polhukam)Mahfud MDmerupakan alumni UIII yang mendeklarasikan menjadi Calon Wakil Presiden mendampingi Calon PresidenGanjar Pranowountuk ajang pesta demokrasi Pemilihan Presiden (Pilpres) 2024.
Kiprah UIII Yogyakarta dalam dunia pendidikan memang tidak perlu diragukan lagi.  Salah satu universitas swasta tertua di Indonesia yang didirikan pada 1945 ini telah banyak berperan dalam pembangunan negara, khususnya di bidang hukum.


Dekan Fakultas Hukum UII Aunur Rohim Faqih mengaku kampusnya berhasil melahirkan banyak alumni yang berkualitas. Hal ini ditandai dengan keberhasilan para alumni yang telah menandai jalan pembangunan negeri ini. Hal ini sejalan dengan visi para pendiri UII yang antara lain para pejuang kemerdekaan antara lain Bung Hatta, KH. Wahid Hasyim, Muhammad Natsir, dan Kahar Muzakkir.
""Saat ini banyak alumni fakultas hukum UII masuk pemerintahan, itu bukan kebetulan. Itu cita-cita pendiri UII untuk mengisi pemerintahan,"" kata Aunur dalam konferensi pers '5 Ribu Alumni Pulang Kampus' di Jakarta.

Berdasarkan penelusuran iNews.id, Minggu (22/10/2023) UII ternyata berhasil membekali lulusannya dengan nilai-nilai luhur yang memberikan mereka kepercayaan diri untuk memimpin lembaga-lembaga negara. Siapa sajaAlumni UIIyang menjadi pendekar hukum di tanah air?"
https://www.inews.id/news/nasional/gegama-ganjar-pranowo-pemimpin-merakyat-mahfud-md-pendekar-hukum,"Minggu, 12 November 2023 - 22:51:00 WIB","GEGAMA: Ganjar Pranowo Pemimpin Merakyat, Mahfud MD Pendekar Hukum","Scan this QR or download app from:
JAKARTA, iNews.id -Relawan GEGAMA (Gebrakan Ganjar-Mahfud) siap bergerak menangkan pasanganGanjar Pranowo-Mahfud MD. Hal itu disampaikan Ketua Umum GEGAMA H. Aji Musthofa dalam konsolidasi di Gandaria Selatan, Cilandak, Jakarta Selatan, Minggu (12/11/2023).
Aji meyakini Ganjar-Mahfud bisa melanjutkan kepemimpinan ke arah yang lebih baik lagi.


""Ganjar Pranowo merupakanpemimpinyang merakyat dan Mahfud MD merupakan tokoh yang ideal mewakili Ganjar Pranowo,"" kata Aji.
""Sebab Mahfud memiliki julukan sebagai 'PendekarHukum' orangnya jujur, bersih, NU dan sosok yang dibawa Gus Dur untuk menegakkan hukum di Indonesia,"" sambungnya.

Dia mengatakan, pasangan ini paling kompatibel baik dari pengalaman maupun kapasitasnya.
Pasangan Ganjar-Mahfud juga disebut pasangan yang sangat teruji. Selain itu, keduanya dinilai memiliki komitmen terhadap masa depan bangsa Indonesia.
Editor: Reza Fajri"
https://www.inews.id/news/nasional/5-tokoh-jebolan-fakultas-hukum-ugm-ada-nama-ganjar-pranowo-dan-mahfud-md,"Rabu, 01 November 2023 - 19:35:00 WIB","5 Tokoh Jebolan Fakultas Hukum UGM, Ada Nama Ganjar Pranowo dan Mahfud MD","Scan this QR or download app from:
JAKARTA, iNews.id -Sebagai salah satu perguruan tinggi terbaik di Indonesia, Universitas Gadjah Mada (UGM), kerap kali mencetak tokoh-tokoh cemerlang dari berbagai fakultasnya.
Dari fakultas hukumnya, UGM bahkan berhasil mencetak sosokGanjar PranowodanMahfud MD. Ganjar dan Mahfud MD kini menjadi Calon Presiden (Capres) dan Calon Wakil Presiden (Cawapres), jadi tidak perlu diragukan lagi kompetensinya.


Selain kedua tokoh tersebut, Fakultas Hukum UGM juga mencetak beberapa tokoh-tokoh cemerlang yang memiliki karir sukses.
Capres Ganjar Pranowomerupakan nama yang sudah tidak asing lagi dalam dunia politik di Indonesia. Selain merupakan calon Presiden, Ganjar Pranowo merupakan mantan Gubernur Jawa Tengah (Jateng) dan juga mantan anggota DPR RI dalam dua periode.

Ganjar merupakan alumni Fakultas Hukum UGM angkatan tahun 1987. Ganjar merupakan pribadi yang aktif berorganisasi selama ia berkuliah. Ia berkegiatan dalam kelompok pecinta alam dan lembaga pers mahasiswa MAHKAMAH."
https://www.inews.id/travel/kuliner/5-pecel-terbaik-di-madiun-pilihan-ganjar-mahfud,"Selasa, 24 Oktober 2023 - 22:32:00 WIB","5 Pecel Terbaik di Madiun, Pilihan Ganjar-Mahfud","Scan this QR or download app from:
JAKARTA, iNews.id-  Inilah 5 pecel terbaik di Madiun pilihan Ganjar-Mahfud. Diketahui, setelah menjalani tes kesehatan di RSPAD Gatot Subroto, pasanganGanjar Pranowodan Mahfud MD tampaknya memutuskan untuk menikmati hidangan khas Madiun, pecel Madiun.
Tes kesehatan yang berlangsung selama 9 jam menjadi prasyarat bagi para calon presiden yang mendaftar ke Komisi Pemilihan Umum (KPU). Setelahnya, mereka menuju Media Center TPN untuk makan malam bersama, dengan Ganjar tiba pukul 17.05 WIB dan Mahfud tiba pukul 16.29 WIB. Di sana, mereka menikmati jamu yang disajikan, bersama Ketua TPN, Arsjad Rasjid, dan Wakil Ketua TPN, Andika Perkasa, yang juga ikut serta. Selain jamu, mereka juga menikmatipecel pincuksebagai bagian dari acara tersebut.

Namun, perlu dicatat bahwa pecel Madiun berbeda dari versi pecel yang biasa kita temui di kota-kota besar seperti Jakarta. Pecel Madiun adalah hidangan yang terdiri dari nasi dan beragam sayuran yang disiram dengan sambal kacang yang gurih. Dalam artikel ini, kita akan membahas lima tempat terbaik di Madiun untuk menikmati pecel Madiun.
Lokasi: Jalan Imam Bonjol, Kota MadiunWarung Pecel Madiun ini telah menjadi favorit banyak orang, termasuk beberapa artis dan mantan Presiden. Dibuka dari pukul 7 pagi hingga 9 malam, Nasi Pecel Yu Gembrot dimulai sebagai usaha Mbah Sarinem sejak tahun 1942, kemudian diteruskan oleh anaknya, Ibu Katini.

Sambalnya yang manis dan pedas sangat menggugah selera. Selain Jokowi, mantan Menteri BUMN Dahlan Iskan juga sering mengunjungi tempat ini."
https://www.inews.id/news/nasional/ratusan-kader-partai-perindo-siap-antarkan-ganjar-pranowo-mahfud-md-daftar-ke-kpu/all,"Kamis, 19 Oktober 2023 - 10:58:00 WIB",Ratusan Kader Partai Perindo Siap Antarkan Ganjar Pranowo-Mahfud MD Daftar ke KPU,"Scan this QR or download app from:
JAKARTA, iNews.id -Ratusan kaderPartai Perindotampak memenuhi Gedung Dewan Pimpinan Pusat (DPP) Perindo di kawasan Menteng, Jakarta Pusat pada Kamis (19/10/2023). Mereka bersiap mengantar BacapresGanjar Pranowodan BacawapresMahfud MDuntuk mendaftar ke Komisi Pemilihan Umum (KPU).
Berdasarkan pantauan langsung, ratusan kader terlihat antusias dan penuh semangat berkumpul di Kantor DPP Perindo mengenakan seragam dan membawa atribut partai. Beberapa bahkan ada yang membawa bendera besar dengan tiang setinggi 3 meter.


""Hidup Perindo,"" kata mereka berteriak.
Mereka nantinya akan bergabung dengan puluhan ribu massa pendukung Ganjar-Mahfud yang tengah berkumpul di Tugu Proklamasi, Menteng, Jakarta Pusat.

Ganjar-Mahfud sebagai pasangan Capres dan Cawapres Partai Perindo sedianya akan mendaftar ke KPU sekitar pukul 11.00 WIB. Ganjar akan didampingi ketua umum partai politik, Tim Pemenangan Nasional Ganjar Presiden (TPN GP), dan relawan pendukung.
Diketahui Partai Perindo, partai berlambang Rajawali mengembangkan sayap dan bernomor urut 16 pada kertas suaraPemilu 2024itu dipimpin oleh Ketua Umum Partai Perindo Hary Tanoesoedibjo dan mengusung Bacapres Pemilu 2024 Ganjar Pranowo.
Partai Perindo dikenal sebagai partai modern yang peduli rakyat kecil, gigih berjuang untuk penciptaan lapangan kerja, dan Indonesia sejahtera.
Editor: Rizal Bomantama"
https://www.inews.id/news/nasional/profil-dan-biodata-ikhwan-zein-putra-sulung-cawapres-mahfud-md-yang-berprofesi-dokter-di-belanda,"Jumat, 20 Oktober 2023 - 21:11:00 WIB","Profil dan Biodata Ikhwan Zein, Putra Sulung Cawapres Mahfud MD yang Berprofesi Dokter di Belanda","Scan this QR or download app from:
JAKARTA, iNews.id-Profil dan biodataIkhwan Zeinsalah satu yang menjadi sorotan publik, usai pengumumanMahfud MDselaku calon wakil presiden (cawapres) pendamping calon presiden (capres) Ganjar Pranowo pada Rabu (18/10/2023) kemarin.
Pasangan tersebut didaftarkan oleh parpol pengusung yakni PDI Perjuangan (PDIP), PPP, Partai Perindo dan Partai Hanura ke Komisi Pemilihan Umum (KPU) RI pada 19 Oktober 2023.


Ikhwan Zein merupakan anak sulung Mahfud MD dengan istrinya Zaizatun Nihayati.
Siapakah sosok Ikhwan Zein ini? Mari simak profil dan biodata Ikhwwn Zein, berikut kehidupan pribadi dan kariernya, yang dikutip berbagai sumber, Jumat (20/10/2023).

Ikhwan Zein memiliki nama lengkap Muhammad Ikhwan Zein. Ia lahir pada tanggal 15 Maret 1984. Ikhwan merupakan anak pertama Mahfud MD dan Zaizatun Nihayati."
https://www.inews.id/news/nasional/segini-harta-kekayaan-arsjad-rasyid-ketua-tpn-ganjar-mahfud/all,"Selasa, 14 November 2023 - 11:31:00 WIB","Segini Harta Kekayaan Arsjad Rasyid, Ketua TPN Ganjar-Mahfud","Scan this QR or download app from:
JAKARTA, iNews.id- Ketua Umum Kamar Dagang dan Industri (Kadin) Indonesia,Arsjad Rasjidmerupakan Ketua Tim Pemenangan Nasional (TPN) untuk mendukung pasangan Calon Presiden dan Wakil PresidenGanjar Pranowo-Mahfud MDdalam Pilpres 2024.
Keputusan tersebut diambil saat para pemimpin partai yang mendukung Ganjar Pranowo dalam Pilpres 2024 sepakat untuk menunjuk Arsjad Rasjid sebagai ketua TPN Ganjar-Mahfud. Keputusan ini dibuat dalam pertemuan yang dipimpin oleh Ketua Umum PDIP, Megawati Soekarnoputri, pada Senin (4/9/2023), sebagaimana diungkapkan oleh Ketua Umum Perindo, Hary Tanoesoedibjo.


Ketua Umum Perindo itu menggambarkan Arsjad sebagai pribadi yang diterima dengan baik oleh berbagai kelompok dan yakin bahwa Arsjad memiliki kemampuan dan jaringan yang luas, terutama berdasarkan pengalaman sebagai Ketua Umum KADIN selama ini.
""Pak Arsjad Rasjid kita tahu figur yang bisa diterima semua pihak, pintar, muda, network-nya luas dan ketua umum Kadin juga. Itu yg saya rasa yg paling utama,"" ucap Hary Tanoe.

Bagaimana profil Arsjad Rasjid, Ketua TPN Ganjar-Mahfud? Berapa kekayaan yang dimilikinya?


Arsjad lahir di Jakarta pada 16 Maret 1970. Ia lahir dari H.M.N. Rasjid dan Hj. Suniawati. Ayahnya seorang pensiunan dari TNI Angkatan Darat yang keturunan Palembang. Arsjad juga mempelajari dunia bisnis dan meraih gelar sarjana ilmu pengetahuan bisnis dari Peperdine University di California, Amerika Serikat pada tahun 1993.
Arsjad Rasjid adalah salah satu pengusaha sukses Indonesia yang banyak dikenal, dengan memiliki kekayaan mencapai triliunan rupiah. Saat ini, ia menjabat sebagai Ketua Umum Kadin Indonesia untuk periode 2021-2026 dan sebagai Presiden Direktur PT Indika Energy Tbk.

Meski tidak wajib melaporkan Laporan Harta Kekayaan Pejabat Negara, Arsjad Rasjid dikenal memiliki aset sebesar Rp50 triliun pada tahun 2020, terutama dari kepemilikan sahamnya di Indika Energy Tbk. Hal ini menjadikannya salah satu pengusaha dengan aset terbesar di Indonesia.
Arsjad Rasjid memulai kariernya sebagai pengusaha sejak tahun 2005, dan kesuksesannya membawanya menjadi Ketua Umum Kadin Indonesia untuk periode 2021-2026. Keterlibatannya dalam Tim Pemenangan Nasional (TPN) Ganjar Pranowo juga menunjukkan pengakuan atas kemampuannya yang dianggap mumpuni dan dapat diterima oleh berbagai kalangan.
Meskipun sekarang dikenal sebagai seorang pengusaha, Arsjad memiliki latar belakang pendidikan di bidang teknik komputer.
Arsjad menempuh pendidikan di University of Southern California pada tahun 1990. Pada tahun 1993, ia berhasil memperoleh gelar Bachelor of Science in Business Administration dari Pepperdine University, California, Amerika Serikat.
Arsjad juga melanjutkan pendidikannya dengan mengikuti program eksekutif di INSEAD, yaitu International Directors Program pada tahun 2016. Sebelumnya, ia juga menyelesaikan pendidikan eksekutif terkait kepemimpinan dan pengambilan keputusan di Institut Jackson untuk Urusan Global, Universitas Yale, AS.
Editor: Faieq Hidayat"
https://jabar.inews.id/berita/merayakan-keunikan-tradisi-ngobeng-lauk-bersama-relawan-ganjar-mahfud-di-jawa-barat,"Rabu, 25 Oktober 2023 - 22:02:00 WIB",Merayakan Keunikan Tradisi Ngobeng Lauk bersama Relawan Ganjar-Mahfud di Jawa Barat,"Scan this QR or download app from:
JAKARTA, iNews.id-Tradisi Ngobeng Lauk, sebuah warisan budaya yang begitu istimewa di Jawa Barat, kini kembali mendapat sorotan melalui dukungan antusiasme Relawan Ganjar-Mahfud.
Sebagai bagian dari kampanye pemilihan presiden 2024, kegiatan ini berhasil menyelami keunikan dan keceriaan tradisi yang telah dijaga dan dilestarikan oleh masyarakat Jawa Barat selama bertahun-tahun.

Dukungan kepada pasangan Ganjar-Mahfud dalam upaya memperkenalkan mereka kepada masyarakat Jawa Barat melibatkan berbagai tradisi budaya, salah satunya adalah kegiatan Ngobeng Lauk.
Tradisi ini menciptakan momen kebersamaan yang penuh kehangatan antara warga, sambil memperkuat keterikatan sosial dan budaya di Jawa Barat.

Tradisi Ngobeng Lauk adalah suatu upacara khas Jawa Barat yang bertujuan untuk memperkuat ikatan sosial dan budaya di antara masyarakat dengan cara yang unik.
Dalam tradisi ini, ikan dilepaskan di kolam atau perairan tertentu, dan peserta berusaha menangkapnya dengan tangan kosong, menciptakan tingkat kesulitan dan tantangan yang menarik.

Tradisi ini terbuka bagi semua lapisan masyarakat, memungkinkan semua anggota komunitas untuk ikut serta dan memperkuat jalinan sosial dan budaya. Tradisi Ngobeng Lauk sering menjadi bagian integral dari berbagai perayaan dan upacara adat, yang membantu memperkaya warisan budaya lokal di Jawa Barat.
Melalui kegiatan ini, masyarakat dapat merasakan kedekatan dengan para relawan dan calon presiden serta calon wakil presiden. Hal ini juga memperkuat dukungan dan pemahaman mereka terhadap nilai-nilai yang diusung oleh pasangan tersebut, khususnya bagi warga Jawa Barat.

Berikut adalah beberapa tradisi Ngobeng Lauk yang diadakan oleh relawan dalam provinsi dengan jumlah penduduk terbanyak di Indonesia.
Warga Desa Sukamerang, Kecamatan Kersamanah, Kabupaten Garut, Jawa Barat, berkolaborasi dengan relawan Ganjar Muda Padjajaran (GMP) mengadakan hajatan lembur yang meriah dengan kegiatan menangkap ikan di kolam pada hari Minggu (22/10/2023).

Koordinator Daerah GMP Garut, Andri Cahyana, mengungkapkan bahwa kegiatan ini sangat antusias diikuti oleh warga, termasuk anak-anak dan lansia. ""Warga Desa Sukamerang baru pertama kali merasakan keseruan seperti ini. Mereka juga mendukung Ganjar-Mahfud di tahun 2024,"" kata Andri Cahyana.
Purwiyanto, salah seorang peserta, menegaskan bahwa kegiatan yang diselenggarakan oleh GMP sangat menyenangkan dan mampu mempererat ikatan antara pasangan Ganjar-Mahfud dengan rakyat. Diskusi yang diadakan bersama GMP tentang sosok Ganjar-Mahfud sebagai capres-cawapres yang cocok juga sangat penting.
""Ini menunjukkan kedekatan dengan rakyat dan mendengar keluhan mereka. Saya rasa sosok Ganjar-Mahfud adalah pasangan yang cocok,"" kata Purwiyanto.
Kelompok relawan yang tergabung dalam Ganjar Sejati mengadakan acara bertema 'Ngobeng Lauk' di Kota Tasikmalaya, Jawa Barat, dengan tujuan mempererat tali silaturahmi, melestarikan kebudayaan lokal, dan mendukungGanjar PranowoCalon Presiden 2024 agar lebih dikenal oleh masyarakat Tasikmalaya.
Ngobeng Lauk adalah tradisi menangkap ikan tanpa alat atau menggunakan tangan yang biasa dilakukan oleh masyarakat Tasikmalaya hanya pada momen tertentu dan hari besar negara atau keagamaan.
Acara ini diikuti oleh puluhan warga setempat, dari anak muda hingga bapak-bapak, yang berebut menangkap ikan lele dan mujair yang mencapai total 50 kilogram dan telah disebar di dalam kolam berukuran 10 meter persegi.
Koordinator Daerah (Korda) Ganjar Sejati Kota Tasikmalaya, Mahasin Mukhlas Muhtarom, menyatakan bahwa acara Ngobeng Lauk ini bertujuan untuk mempererat hubungan antara berbagai lapisan masyarakat, termasuk orang tua, remaja, dan warga sekitar, sambil memberikan dukungan terhadap Ganjar Pranowo Calon Presiden 2024.
Pada Minggu, 10 September 2023, Ganjar Sejati, kelompok relawan yang mendukung Ganjar Pranowo Calon Presiden 2024, menggelar acara Ngobeng Lauk di Desa Jelat, RT 02/06, Kecamatan Baregbeg, Kabupaten Ciamis.
Acara ini menarik partisipasi puluhan warga yang dengan antusias menangkap ikan gurame, mas, dan nila seberat 35 kilogram di dalam kolam berukuran sekitar 10 meter persegi.
Koordinator Daerah (Korda) Ganjar Sejati Kabupaten Ciamis, Candra Wijaya, menyatakan bahwa kegiatan Ngobeng Lauk ini diselenggarakan sebagai hiburan untuk warga Desa Jelat, Baregbeg, Ciamis.
Selain menjadi hiburan tradisional, acara ini juga menjadi momen untuk memperkenalkan Ganjar Pranowo kepada masyarakat setempat, sambil mempertahankan tradisi Jawa Barat yang mempererat jalinan sosial dan budaya.
Dengan mempertahankan tradisi ini, masyarakat Jawa Barat dapat terus memperkuat ikatan sosial dan budaya mereka serta mewariskan nilai-nilai luhur kepada generasi mendatang, sebagaimana yang telah dilakukan oleh para relawan Ganjar-Mahfud di Pilpres 2024.
Editor: Komaruddin Bagja"
https://flores.inews.id/read/340360/warga-labuan-bajo-minta-menko-polhukam-mahfud-md-perhatian-kasus-orang-mati-bisa-tanda-tangan-surat,"Jum'at, 01 September 2023 | 10:44 WIB",Warga Labuan Bajo Minta Menko Polhukam Mahfud Md Perhatian Kasus Orang Mati Bisa Tanda-tangan Surat,"Scan this QR or download app from:
Labuan Bajo, iNewsFlores.id- Di tengah citra Kepolisian Republik Indonesia (Polri) yang sedang naik setelah sebelumnya kepercayaan publik kepada Polri mengalami penurunan akibat skandal kasus yang menimpa oknum di tubuh Polri, kali ini hal tak sedap yang bisa menurunkan citra dan simpati masyarakat kepada Polri kembali bisa terjadi di Nusa Tenggara Timur (NTT).
Seorang warga yang bernama Suwandi Ibrahim misalnya, warga Desa Gorontalo, Kecamatan Komodo, Kabupaten Manggarai Barat (Mabar), Nusa Tenggara Timur. Kasus pemalsuan dan penipuan yang dilaporkan sejak September tahun 2022 lalu ini mandek hingga saat ini di Polres Manggarai Barat.
Kasus dengan nomor LP/B/240/IX/2022 terkait dugaan tindak pidana pemalsuan dokumen tanah warisan milik ayah kandung Suwandi Ibrahim (Alm.Ibrahim Hanta) yang diduga dilakukan oleh YBS.
Kasus ini terkait dugaan pemalsuan tanda tangan kesepakatan persetujuan sebuah dokumen tanah tahun 2019 lalu, dimana dalam dokumen tersebut terdapat tanda tangan Ibrahim Hanta yang diketahui telah meninggal sejak tahun 1986.
Karena itu pihak keluarga dan warga yang kecewa dengan sikap penegakan hukum yang dilakukanPolres Mabarmeminta perhatian kepadaMenko PolhukamMahfud Mduntuk memeriksa kasus ini. Karena Diduga ada oknum-oknum dan penguasa yang mempermainkan kasus ini hingga mandek sampai sekarang.
""Aneh, masa ada orang yang sudah meninggal bisa muncul tanda tangan? Inikan jelas sudah pemalsuan dokumen. Lebih heran lagi, pengungkapan kasus ini memakan waktu hampir satu tahun. Saya duga ada indikasi permainan dalam menyelesaikan kasus ini. Karena itu saya minta kepada bapak Menko Polhukam Mahfud Md untuk memperhatikan dan memeriksa kasus ini. Saya sebagai warga sangat kecewa dengan kinerja pihak Polres Mabar,"" kata Mikael Mansen, keluarga pelapor sekaligus penerima kuasa untuk mengurus sertfikat tanah tersebut dari keluarga Ibrahim Hanta.
Ia mengatakan, Suwandi Ibrahim melaporkan kepada pihak kepolisian pada 13 september 2022, namun hingga saat ini pihak kepolisian belum memberikan hasil dari laporan yang sudah berjalan satu tahun.
Editor : Yoseph Mario Antognoni"
https://www.inews.id/news/nasional/profil-dan-biodata-zaizatun-nihayati-istri-mahfud-md-yang-rela-tinggalkan-profesi-guru-demi-dukung-suami,"Kamis, 19 Oktober 2023 - 17:09:00 WIB","Profil dan Biodata Zaizatun Nihayati, Istri Mahfud MD yang Rela Tinggalkan Profesi Guru demi Dukung Suami","Scan this QR or download app from:
JAKARTA, iNews.id –Profil dan biodataZaizatun Nihayatimenjadi sorotan masyarakat. Pasalnya, dirinya setia mendampingiMahfud MDusai sang suami diumumkan sebagai calon wakil presiden (cawapres) pendamping calon presiden (capres) Ganjar Pranowo di Kantor DPP PDI Perjuangan (PDIP), Jakarta.
Zaizatun Nihayati adalahistri Mahfud MDsekaligus sosok perempuan di balik kesuksesan Menko Polhukam itu, selain ibu kandung Mahfud. Sejarah hubungan Zaizatun dan Mahfud MD cukup panjang, mereka saling mengenal dan berpacaran sejak masih kuliah hingga akhirnya menikah pada tahun 1982.


Penasaran dengan sosok Zaizatun Nihayati? Simak profil dan biodata Zaizatun Nihayati yang dikutip dari berbagai sumber, Kamis (19/10/2023).
Ejaan nama Zaizatun Nihayati adalah ejaan lama, yakni Zaizatun Nihajati. Perempuan yang akrab disapa Yatie ini lahir di Jember, Jawa Timur pada tanggal 18 November 1959.

Zaizatun Nihayati adalah anak kedua dari delapan bersaudara. Ayahnya seorang juragan tebu di Jember bernama Sya'roni, sementara ibunya bernama Shofiyah."
https://probolinggo.inews.id/read/364213/mengenal-mohammad-sroedji-pahlawan-dari-kota-jember-kampung-asal-istri-mahfud-md,"Senin, 30 Oktober 2023 | 19:45 WIB","Mengenal Mohammad Sroedji Pahlawan dari Kota Jember, Kampung Asal Istri Mahfud MD","Scan this QR or download app from:
JEMBER,iNewsProbolinggo.id - Dengan naiknyaMahfud MDsebagai calon wakil presiden 2024 dari Ganjar Pranowo, ada baiknya masyarakat mengetahui sejarah perjuangan Indonesia dimana kisahpahlawanberada.
Bahkan, Mahfud MD yang sudah berkontribusi dalam perjuangan Indonesia melalui keahlian di bidang hukum, memandang tinggi akan pahlawan Indonesia karena kemerdekaan yang mereka raih untuk masyarakatnya.
Dengan besar dan panjangnya sejarah Indonesia dalam perjuangan, pahlawan-pahlawan datang dari berbagai daerah yang memiliki semangat untuk meraih kemerdekaan. Salah satunya adalahkota Jember.
Kota Jember adalah kota asal Istri Menteri Koordinator bidang Politik, Hukum, dan Keamanan (Menkopolhukam) dan juga Calon Wakil Presiden (cawapres) Mahfud MD, Zaizatun Nihayati
Indonesia adalah tanah yang kaya akan sejarah kepahlawanan. Dari Sabang hingga Merauke, banyak pahlawan nasional telah berjuang untuk kemerdekaan dan kemajuan bangsa.
Salah satu daerah yang memiliki andil besar dalam menghasilkan pahlawan adalah Jember, yang memiliki Pahlawan bernamaMohammad Sroedji
Mohammad Sroedji, yang lahir pada 1 Februari 1915, adalah seorang prajurit berani yang berperang melawan pasukan penjajah Belanda di wilayah Kabupaten Jember, Jawa Timur.
Semangat dan tekadnya untuk melawan penjajah membuatnya menjadi salah satu pahlawan nasional yang dihormati dan diabadikan oleh masyarakat Indonesia.
Pada akhir tahun 1943,Moch Sroedjimemulai karir militernya di Jember, awalnya menjabat sebagai komandan kompi (Chuudanchoo) di Peta Besuki.
Untuk mencapai posisi ini, ia harus menyelesaikan Pendidikan Perwira Tentara PETA angkatan pertama di Bogor, bersama dengan Ahmad Yani dan Soeharto.
Setelah menyelesaikan pendidikan tersebut, ia ditugaskan sebagai komandan kompi untuk wilayah Karesidenan Besuki – Batalyon 1 Kencong – Jember di bawah komando Daidancho Soewito Soediro.
Editor : Hikmatul Uyun"
https://sragen.inews.id/read/360674/optimis-menangkan-pasangan-ganjar-mahfud-relawan-sukoharjo-resmikan-posko-pemenangan,"Minggu, 22 Oktober 2023 | 17:15 WIB","Optimis Menangkan Pasangan Ganjar-Mahfud, Relawan Sukoharjo Resmikan Posko Pemenangan","Scan this QR or download app from:
SUKOHARJO,iNewsSragen.id- Sekira200 oranglebihpendukung Ganjar Pranowodi Kabupaten Sukoharjo menggelar acaraperesmian posko pemenanganGanjar Pranowo-Mahfud MD,pasangan Capres-CawapresPemilu 2024, di Jalan Raya Baki-Pandeyan, Kecamatan Baki pada, Minggu (22/10/2023).
Acara peresmian posko bersama dengan diawali potong tumpeng itu juga dihadiri sejumlah tokoh dan Ketua Umum Kornas Ganjarist Kris Tjantra, Agus Santosa Wakil Bupati Sukoharjo, dan Sunu Prasetyo Ketua Alumni Perguruan Tinggi Solo Raya.
""Jadi ini kurang lebih dari 100 hari (coblosan Pemilu 2024), pergerakan kami untuk memenangkan Ganjar-Mahfud. Oleh karenanya kami harus bisa bersinergi dengan partai-partai pendukung,"" kata Kris Tjantra yang secara khusus datang dari Jakarta.
Menurutnya, pasca penetapan pasangan Ganjar-Mahfud, pihaknya juga langsung menginstruksikan kepada seluruh relawan Ganjarist di Indonesia agar bisa berkolaborasi dan bersinergi dengan seluruh elemen masyarakat serta simpatisan pendukung Ganjar-Mahfud.
""Seperti hari ini sangat baik. Dengan adanya sinergi maka harus bisa dipadukan untuk bergerak bersama, bekerja bersama untuk memenangkan Mas Ganjar dan Pak Mahfud,"" tegas Kris.
Editor : Joko Piroso"
https://jatim.inews.id/berita/5-fakta-menarik-jember-tempat-lahir-zaizatun-istri-mahfud-md-cawapres-ganjar-pranowo,"Kamis, 19 Oktober 2023 - 18:30:00 WIB","5 Fakta Menarik Jember, Tempat Lahir Zaizatun Istri Mahfud MD Cawapres Ganjar Pranowo","Scan this QR or download app from:
JEMBER, iNews.id -FaktamenarikJemberakan diulas di artikel ini. Kabupaten Jember merupakan kota kelahiranZaizatun Nihayati, IstriMahfud MDcawapresGanjar Pranowo. Di Jember inilah Zaizatun Nihayati dilahirkan pada 18 November 1959 silam.
Kabupaten Jember, yang terletak di Provinsi Jawa Timur, merupakan wilayah dengan alam yang luar biasa indah.Jember juga termasuk wilayah yang cukup luas dengan 31 kecamatan, 226 desa dan 22 kelurahan.

Sejak pembentukannya pada tahun 1929, Kabupaten Jember telah mengalami perubahan signifikan dalam struktur pemerintahan dan pembagian wilayahnya. Dari dataran ngarai subur di bagian tengah dan selatan, hingga pegunungan yang melingkari bagian utara dan timur.
Selain itu ada garis pantai yang membentang di sepanjang batas selatan hingga Pulau Nusa Barong, Jember menawarkan lanskap geografis yang unik dan menarik. Di luar itu, ada banyak fakta menarik di kota kelahiran isti Mahfud MD. Apa saja, berikut ulasannya:

1. Punya Banyak Julukan
Kabupaten Jember, kota kelahiran Zaizatun Istri Mahfud MD cawapres Ganjar Pranowo dikenal dengan sejumlah julukan yang memperlihatkan kekayaan dan keunikan kulturanya. Julukan itu antara lain ""Kota Carnival"", menandakan reputasinya sebagai tuan rumah acara carnival yang spektakuler seperti JFC (Jember Fashion Carnaval), acara mode yang telah mendapat pengakuan internasional.

Selain itu, terdapat julukan ""Kota Tembakau"". Julukan ini mencerminkan peran pentingnya sebagai salah satu produsen tembakau terkemuka dengan kualitas unggulan yang diekspor ke berbagai penjuru dunia.
Kemudian ""Kota Suwar Suwir"", merujuk pada camilan khasnya yang terbuat dari tape dengan tekstur yang khas, sementara ""Kota Pandhalungan"" menyoroti kekayaan budaya Jawa dan Madura yang tercampur dalam identitas kulturalnya, yang mencerminkan pluralitas masyarakat Jember dan sekitarnya.
Editor: Ihya Ulumuddin"
https://jatim.inews.id/berita/silaturahmi-ke-ponpes-peterongan-tgb-minta-kh-tamim-romli-doakan-ganjar-mahfud,"Kamis, 02 November 2023 - 19:22:00 WIB","Silaturahmi ke Ponpes Peterongan, TGB Minta KH Tamim Romli Doakan Ganjar-Mahfud","Scan this QR or download app from:
JOMBANG, iNews.id-Ketua HarianDPP Partai Perindo, DrTGB HM Zainul Majdibersilaturahmi kePondok Pesantren(Ponpes) Darul UlumPeterongan, Jombang, Selasa (31/10/203) sore.
Kedatangan TGB dan rombongan disambut langsung pengasuh Ponpes Darul Ulum yang juga mursyid Thariqat Wannaqsabandiyah, KH Tamim Romli.

Dalam kunjungannya, TGB meminta doa khusus kepada KH Tamim Romli agar pasanganGanjar Pranowo-Mahfud MDdiberikan kelancaran dan kemenangan pada Pemilu Presiden (Pilpres) 2024 mendatang.
""Tadi juga saya minta khusus doa dari beliau, semoga dimudahkan pasangan Ganjar-Mahfud, kalau ada takdirnya semoga jadi pemimpin yang menghadirkan keadilan dan penegakan hukum,"" kata TGB.

TGB mengaku merasa sangat senang karena mendapat banyak masukan dan doa dari KH Tamim Romli agar pasangan Ganjar-Mahfud mendapatkan kemudahan dalam Pilpres 2024 mendatang.
Kepada TGB, KH Tamim Romli menilai Ganjar Pranowo-Mahfud MD sebagai pasangan yang ideal. Dia pun mendoakan pasangan Ganjar-Mahfud mendapatkan hasil yang terbaik pada Pilpres 2024 mendatang.
""Jadi pasangan yang serasi. Prosesnya seperti yang disampaikan tadi mulus, semoga proses yang baik ini bisa dilanjutkan dengan yang baik pula. Kita berharap dua pasangan ini dapat membawa bangsa ini semakin baik, semakin baik ke depan,"" kata KH Tamim Romli.
Editor: Kastolani Marzuki"
https://yogya.inews.id/berita/butet-kartaredjasa-berharap-ganjar-pranowo-dan-mahfud-md-jadi-penerus-gus-dur,"Kamis, 19 Oktober 2023 - 09:45:00 WIB",Butet Kartaredjasa Berharap Ganjar Pranowo dan Mahfud MD Jadi Penerus Gus Dur,"Scan this QR or download app from:
YOGYAKARTA, iNews.id- SenimanButet Kartaredjasamenggunggah fotoGanjar Pranowodan fotoMahfud MDyang berpose di depan lukisan fotoGus Durdi akun Instagramnya @masbutet. Seniman monolog ini berharap pasangan Ganjar Pranowo dan Mahfud MD yang didukung Partai Perindo akan menjadi penerus Presiden Gus Dur yang sangat toleran.
Foto pertama yang diunggah berupa Ganjar Pranowo yang memegang buku berdiri di sisi kiri dengan background lukisan Gus Dur. Sedangkan foto kedua ada Mahfud MD dengan posisi berdiri di sisi kanan di depan.

Butet juga mengunggah tulisan Penerus Gusdur. Hari ini turut mengantar keduanya ke KPU supaya terbuka ruang pengabdian yang lebih luas. Dan berharap keduanya mewarisi sifat-sifat Gus Dur: berani, full toleran, membela yang terpinggirkan, berkeadilan dan jenaka. Uassuwoook.
Tulisan ini banyak mendapat beragam komentar dari netizen. Akun @leoagusanoso mengomentari GaMa (Ganjar-Mahfud) orang baik akan selalu dikelilingi oleh orang-prang baik pula semoga Indonesia lebih maju, guyub rukun saling merangkul dalam wadah kebhinekaan.

Akun Yosaphat_agustanto, mengomentarai Mas Butet maturnuwun selalu menjaga dan menyuarakan kewarasan buat pemimpin bangsa sekarang dan ke depan.Toleransi, antikorupsi, ajur ajer karo wong cilik, bloko suto, ora mencla mencle, or amblenjani janji, enenge mung niat ing sun kanggo rakyate. Berkah dalam gusti kagem mas butet pak GP dan pak MD. Gusti mboten dahan lan sare tansah ngamini dedonga ingkang jujur, rulus lan disarengi ikhtiar.
Sedangkan aku @Steba946 mengomentari @yennywahid semoga tersalurkan suaranya.

Akun @rahmabani35 mengomentar dapat jabatan apa tet..Sedangkan akun @Irmantfk99 berkomenar penerus Gus Dur? Yang benar saja pak.
Editor: Kuntadi Kuntadi"
https://jabar.inews.id/berita/seru-warga-kersamanah-garut-ngobeng-lauk-bersama-relawan-ganjar-pranowo-mahfud-md,"Senin, 23 Oktober 2023 - 09:25:00 WIB","Seru, Warga Kersamanah Garut Ngobeng Lauk Bersama Relawan Ganjar Pranowo-Mahfud MD","Scan this QR or download app from:
GARUT, iNews.id -Warga Desa Sukamerang, Kecamatan Kersamanah,Kabupaten Garut, Jawa Barat dan relawan Ganjar Muda Padjajaran (GMP) menggelar hajat lembur dengan tradisi menangkap ikan di kolam atua ngobeng lauk, Minggu (22/10/2023). Acara itu berlangsung seru, warga dan relawan Capres-Cawapres yang didukung Partai Perindo,Ganjar Pranowo-Mahfud MD itu bergembira terjun ke kolam.
Saat acara berlangsung, warga, tua muda, kakek, nenek, dan anak-anak terjun ke kolam atau blong untuk menangkap ikan yang telah ditebar.

Koordinator Daerah GMPGarutAndri Cahyana mengatakan, 5 kuintal ikan berbagai jenis disebar dalam kolam atau balong untuk warga. “Hajat lembur yang kami lakukan, menabur 5 kuintal ikan di kolam lalu ditangkap oleh warga,” kata Koordinator Daerah GMP Garut.
Andri Cahyana menyatakan, warga yang mengikuti kegiatan kali ini sangat antusias dan acara berlangsung seru. “Kebetulan warga Desa Sukamerang baru kali pertama mendapat keseruan seperti ini. Warga juga mendukungGanjar-Mahfuddi 2024,” ujar Andri Cahyana.

Purwiyanto, warga mengatakan, acara yang digelar GMP sangat seru. Kegiatan serupa perlu dilakukan sebagai bentuk GMP dan pasangan Ganjar-Mahfud merakyat.
“Tadi tangkap ikan bareng-bareng, seru banget ada ikan tawes, nila, emas. Menurut saya kegiatan seperti ini bagus karena sangat dekat dengan rakyat,“ kata Purwiyanto.


Editor: Agus Warsudi"
https://www.inews.id/travel/kuliner/5-sate-madura-paling-recommended-di-jakarta-makanan-khas-tempat-kelahiran-mahfud-md,"Kamis, 26 Oktober 2023 - 11:17:00 WIB",5 Sate Madura Paling Recommended di Jakarta! Makanan Khas Tempat Kelahiran Mahfud MD,"Scan this QR or download app from:
JAKARTA, iNews.id -Adasate Madurapaling recommended di Jakarta yang perlu Anda coba. Makanan khas tempat kelahiranMahfud MDini pun menjadi kegemaran sejumlah orang.
Mahfud MD secara resmi telah ditetapkan sebagai Calon Wakil Presiden untuk mendampingiGanjarPranowo dalam deklarasi yang diadakan pada Rabu (18/10/2023).

Profesor Dr. Mohammad Mahfud Md, S.H., S.U., M.I.P., lahir di Sampang, Madura, Jawa Timur, pada 13 Mei 1957. Tempat kelahiran Mahfud MD rupanya menyimpang berbagai budaya dan makanan khas yang menarik.
Salah satu makanan khas Madura yang paling sering kita temui adalah Sate Madura. Sate ayam khas Madura yang lezat tak hanya bisa ditemukan di kota asalnya. Di Jakarta, terdapat juga sate ayam Madura yang lezat dan legendaris yang dapat Anda nikmati.
Sate ayam Madura merupakan variasi sate ayam yang memiliki cita rasa unik berkat bumbu khas Madura. Selain populer di kota asalnya, jenis sate ini juga banyak ditemukan di berbagai daerah, termasuk Jakarta."
https://jateng.inews.id/berita/gus-ali-gondrong-ganjar-mahfud-sosok-yang-dibutuhkan-untuk-mengatasi-korupsi-dan-radikalisme,"Rabu, 25 Oktober 2023 - 17:07:00 WIB",Gus Ali Gondrong: Ganjar-Mahfud Sosok yang Dibutuhkan untuk Mengatasi Korupsi dan Radikalisme,"Scan this QR or download app from:
WONOSOBO, iNews.id- Gus Ali Gondrong atau Abah Ali menyebut sosokGanjar PranowodanMahfud MDdinilai merupakan pasangan capres-cawapres paling tepat untuk Indonesia 2024 mendatang. Menurutnya, pasangan ini paling tegas dan sosok yang dibutuhkan untuk mengatasikorupsidanradikalisme.
Hal tersebut disampaikan ulama yang memiliki nama lengkap Drs. K.H Mohammad Ali Shodiqin usai mengisi Sholawat Kebangsaan di hadapan puluhan ribu jemaah di Wonosobo pada Selasa (24/10/2023) malam.

”Indonesia butuh wong sing galak karena satu sudah darurat koruptor, darurat maling. Orang sing klemak klemek, sing teges,” ujar Gus Ali Gondrong di halaman Taman Sindoro Sumbing, Desa Revo, Kecamatan Kertek Wonosobo.
”Yang kedua darurat radikal, ati-ati. Jangan sampai radikal menguasai Indonesia, jaga NKRI,” tambahnya. Puluhan ribu jemaah mafia sholawat berasal dari daerah di Jawa Tengah ini larut dalam lantunan sholawat mengikuti alunan grup hadroh Semut Ireng Semarang. Tak kurang 20 lagu dibawakan Gus Ali Gondrong membuat suasana dingin di Wonosobo menjadi hilang.

Dalam kesempatan tersebut, Gus Ali Gondrong menyebut bahwa memasuki tahun politik, sholawat yang bersifat menyejukkan sangat diperlukan untuk mendinginkan suasana.

Editor: Ahmad Antoni"
https://www.inews.id/multimedia/video/mahfud-md-akan-jemput-eksil-di-eropa-jamin-status-kewarganegaraan,"Selasa, 04 Juli 2023 - 14:03:00 WIB","Mahfud MD Akan Jemput Eksil di Eropa, Jamin Status Kewarganegaraan","Scan this QR or download app from:
JAKARTA, iNews.id -Menteri Koordinator Politik, Hukum dan HAM (Menkopolhukam)Mahfud MDberencana menjemput paraeksilyang menjadi korban pelanggaran HAM berat di Eropa. Langkah itu dilakukan sebagai bentuk penyelesaian kasus pelanggaran HAM berat secara non-yudisial.
Mahfud saat RDP bersama Komite I DPD RI, di Kompleks Parlemen Senayan, Jakarta Pusat, Selasa (4/7/2023) mengatakan, pemerintah akan menjamin pengakukan status kewarganegaraan kepada para eksil yang berada di negara Eropa. Hal itu dilandasi, lantaran ia merasa para eksil tak bersalah.
Kendati demikian, Mahfud berencana akan menjemput para eksil yang berada di negara Eropa.  Baginya, mereka punya hak untuk pulang ke tanah air. Meski begitu, ia belum mengagendakan kujungan tersebut.
Produser: Reza Ramadhan
Editor: Wahyu Triyogo"
https://ambon.inews.id/read/317478/koin-emas-gambar-wajah-lukas-enembe-disita-kpk-mahfud-md-ngaku-tak-heran,"Sabtu, 08 Juli 2023 | 04:52 WIB","Koin Emas Gambar Wajah Lukas Enembe Disita KPK, Mahfud MD Ngaku Tak Heran","Scan this QR or download app from:
MALANG, iNewsAmbon.id - Komisi Pemberantasan Korupsi (KPK) menyita empat koin emas bergambar wajah Gubernur Papua nonakitfLukas Enembe.
Menteri Koordinator Politik, Hukum dan HAM (Menkopolhukam)Mahfud MDmeminta semua aset Lukas Enembe yang terbukti dari korupsi untuk disita dan tidak boleh ada yang menghalangi penyidikan.
""Nanti akan dirampas semua, dan saya juga minta agar siapa pun tidak boleh menghalang-halangi penyidikan, baik pejabat pemerintah, TNI Polri, penegak hukum, pengacara. Karena menghalang-halangi penyidikan itu hukumannya berat,"" kata Mahfud ditemui usai rapat Majelis Wali Amanat (MWA) Universitas Brawijaya, Malang, Jumat (7/7/2023) malam.
Mahfud mengatakan, dirinya sejak awal meminta agar Lukas Enembe ditangkap karena dugaan korupsinya mencapai ratusan miliar. Setelah penangkapan, terbukti banyak aset Lukas Enembe yang diduga hasil dari korupsi.
""Maka saya bilang tangkap saja dulu. Nanti kalau sudah ditangkap kan berkembang. Waktu ditangkap kan betul jadi lebih dari 100 (miliar). Belum lagi gedung, kapal, rumah dan sebagainya sudah diidentifikasi oleh KPK,"" kata Mahfud.
Mahfud mengaku tak heran kalau Lukas Enembe membantah tidak melakukan korupsi dan segala macam jenisnya. Bahkan para pendukungnya marah saat dilakukan penangkapan di Papua.
""Lukas itu dulu bilangnya enggak korupsi, enggak apa, suruh tangkap saja dulu nanti kan berkembang betul. Kalau Lukas dulu ketika dijadikan tersangka dengan dugaan mendapat gratifikasi satu miliar kan mereka (pendukungnya) ngamuk, itu bohong, itu fitnah. Padahal kita tahu dugaan korupsinya ratusan miliar,"" ujarnya.
Sebagaimana diberitakan, KPK menyita empat keping logam mulia berbentuk koin yang terukir wajah dengan tulisan ""Property of MR. Lukas Enembe"". Pada sisi lainnya, ada ukiran gambar pulau Papua dan juga tulisan ""production of MOY PAPUA"". KPK juga menyita dua emas batangan dengan nilai Rp1,78 miliar.
Aset lain milik Lukas Enembe berbentuk emas yang disita yakni sebuah liontin emas berbentuk kepala singa senilai Rp34 juta lebih.
Kemudian 12 cincin emas bermata batu, satu buah cincin emas tak bermata. Dua cincin emas putih dan bijih emas dalam sebuah tumbler yang nilainya masih ditaksir oleh pihak pegadaian. Selain itu,ada puluhan jenis aset dalam bentuk uang dan barang yang telah disita KPK.
Editor : Nevy Hetharia"
https://jatim.inews.id/berita/mahfud-md-tegaskan-presiden-jokowi-tak-akan-laporkan-rocky-gerung-ke-polisi,"Selasa, 08 Agustus 2023 - 12:42:00 WIB",Mahfud MD Tegaskan Presiden Jokowi Tak Akan Laporkan Rocky Gerung ke Polisi,"Scan this QR or download app from:
SURABAYA, iNews.id -Presiden Jokowibersikap pasif atas dugaan ujaran kebencian yang dilontarkan akademisiRocky Gerung. Mantan Gubernur DKI Jakarta itu tidak akan melaporkan Rocky Gerung kepolisisebagaimana dilakukan para pendukungnya.
Hal itu disampaikanMenko PolhukamMahfud MDseusai membuka acara Forum Diskusi Sentra Gakkumdu dengan tema ‘Wujudkan Pemilu Bersih’ di Surabaya, Selasa (8/8/2023). ""Biar berproses. Jadi, tidak akan ada pengaduan dari Pak Jokowi. Tapi kan laporannya banyak. Tidak hanya delik aduan, ada laporan yang lain,"" katanya.Terkait aduan dan laporan terhadap Rocky Gerung tersebut, Mahfud tidak mengetahui persis laporan mana yang ditindaklanjuti. ""Saya enggak tahu mana yang diproses. Semoga bisa berjalan baik,"" ujarnya.
Editor: Ihya Ulumuddin"
https://jatim.inews.id/berita/digadang-gadang-jadi-cawapres-prabowo-mahfud-md-ndak-ada-lamaran/all,"Minggu, 30 April 2023 - 07:51:00 WIB","Digadang-gadang Jadi Cawapres Prabowo, Mahfud MD: Ndak Ada Lamaran","Scan this QR or download app from:
SURABAYA, iNews.id -Menko PolhukamMahfud MDdigadang-gadang menjadi calon wakil presiden pendampingPrabowo Subiantodi Pilpres 2024. Namun, Mahfud enggan berspekulasi atas semua dinamika politik yang terjadi saat ini.
Mahfud bahkan mengaku belum adalamarankepada dirinya untuk menjadi calon wakil presiden dari kandidat calon presiden mana pun, termasuk Prabowo Subianto. ""Ndak ada lamaran,"" katanya seusai acara halal bihalal di Gedung Negara Grahadi, Sabtu (29/4/2023) malam.

Mahfud mengatakan, kabar tentang pemilihan presiden (pilpres) yang saat ini mulai hangat tidak perlu dibicarakan. Pasalnya, hal itu masih berada dalam ranah partai politik. Apalagi, pesta demokrasi itu juga masih lama.
Mahfud juga menganalogikan, pilpres tersebut sebagai sebuah pertandingan sepak bola, sehingga penonton (masyarakat seperti dirinya) tidak boleh masuk di dalam arena. ""Permainan bola ini urusan partai politik. Kita belum boleh bermain di situ,"" katanya.

Karena itu dia tidak ingin berandai-andai, termasuk kemungkinan digandeng Prabowo Subianto. ""Nggak ada jika (digandeng). Itu (pilpres) nanti,"" tuturnya.
Terkait pertemuannya dengan Prabowo beberapa waktu lalu, Mahfud juga mengaku sebagai pertemuan biasa, yakni silaturahmi. Selain itu, dia juga diundang dalam rangka untuk mengisi ceramah. Bukan untuk urusan politik.

Diketahui, Menko Polhukam Mahfud MD digadang-gadang menjadi kandiat calon wakil presiden pada Pemilu 2024 mendatang. Selain dikaitkan dengan Prabowo Subianto, Mahfud juga kerap disandingkan dengan Ganjar Pranowo.
Editor: Ihya Ulumuddin"
