url,tanggal,judul,isi
https://karawang.inews.id/read/402745/ini-tanggapan-jokowi-perihal-petisi-ugm-dan-uii,"Jum'at, 02 Februari 2024 | 11:33 WIB",Ini Tanggapan Jokowi Perihal Petisi UGM dan UII,"Scan this QR or download app from:
JAKARTA,iNewsKarawang.id-Perihal petisi yang dilayangkan oleh guru besar, dosen, mahasiswa hingga alumni Universitas Gadjah Mada (UGM) dan Universitas Islam Indonesia (UII) beberapa waktu lalu, mendapat tanggapan dari Presiden Joko Widodo (Jokowi).
Menurut Jokowi, ia memastikan bahwa semua pihak bebas memberikan kritik dan berpendapat. Sebab hal tersebut, katanya, merupakan hak setiap pihak dalam berdemokrasi.""Setiap orang boleh berbicara berpendapat, silakan,"" kata Jokowi usai menghadiri acara Kongres XVI GP Ansor di Tanjung Priok, Jakarta, Jumat (2/2/2024).
Diketahui, Sejumlah sivitas akademika yang terdiri dari guru besar, dosen, mahasiswa hingga alumni Universitas Gadjah Mada (UGM) menyampaikan petisi sebagai kritik terhadap Presiden Joko Widodo (Jokowi) yang dianggap telah melakukan tindakan menyimpang di tengah proses demokrasi.
Dalam petisi 'Bulaksumur' yang dibacakan pada Rabu (31/01/2024), mereka menyampaikan menyampaikan keprihatinan mendalam atas tindakan menyimpang dari prinsip-prinsip moral demokrasi, kerakyatan dan keadilan sosial oleh Presiden Jokowi yang juga sebagai alumnus UGM.
""Kami menyesalkan tindakan-tindakan menyimpang yang justru terjadi dalam masa pemerintahan Presiden Joko Widodo yang juga merupakan bagian dari keluarga besar Universitas Gadjah Mada,"" bunyi dalam petisi 'Bulaksumur' yang dikutip, Rabu (31/01/2024).
Selain sivitas UGM, sejumlah sivitas akademika, dosen, dan mahasiswa Universitas Islam Indonesia (UII) juga mengeluarkan pernyataan sikap atas kondisi perkembangan politik nasional menjelang Pemilu 2024 ini.
Pernyataan ini secara langsung dibacakan oleh Rektor UII Prof. Fathul Wahid di depan Auditorium Prof. KH. Kahar Muzakir Kampus UII, Kamis (1/2/2024). Pernyataan sikap ini menyusul adanya gejala praktik penyalahgunaan kewenangan dan kekuasaan yang ditunjukkan oleh Presiden Jokowi.
Dalam hal ini, mereka menganggap bahwa Presiden Jokowi telah memudarkan sikap kenegarawanan dalam tubuh pemerintahan Indonesia.
""Indikator utamanya adalah pencalonan Gibran Rakabuming Raka sebagai calon wakil presiden yang didasarkan pada putusan Mahkamah Konstitusi (MK). Putusan yang proses pengambilannya sarat dengan intervensi politik dan dinyatakan terbukti melanggar etika hingga menyebabkan Ketua MK, Anwar Usman diberhentikan,"" ucap Prof. Fathul Wahid dalam surat pernyataan sikap yang dibacakan.
Editor : Boby"
https://www.inews.id/news/nasional/daftar-kampus-kritik-jokowi-serukan-keprihatinan-soal-penyimpangan-demokrasi,"Minggu, 04 Februari 2024 - 15:25:00 WIB","Daftar Kampus Kritik Jokowi, Serukan Keprihatinan soal Penyimpangan Demokrasi","Scan this QR or download app from:
JAKARTA, iNews.id- Puluhankampusdan lembaga telah menyuarakan keresahan terkait kemundurandemokrasidi era pemerintahan Presiden Joko Widodo (Jokowi). Para sivitas akademika menuntut agar Pemilu 2024 berlangsung jujur dan adil.
Berbagai perguruan tinggi negeri maupun swasta telah menyampaikan petisi dan kritik dalam sepekan terakhir. Tercatat, ada 29 kampus dan lembaga yang telah menyuarakan desakannya.


Berikut daftar kampus dan lembaga yang telah menyuarakan kritik terkait nasib demokrasi di era Presiden Jokowi.
1. UGM, 31 Januari 20242. UII, 1 Februari 20243. Universitas Khairun Ternate, 1 Februari 20244. Unand, 2 Februari 20245. UIN Sunan Kalijaga, 2 Februari 20246. UNHAS, 2 Februari 20247. Universitas Lambung Mangkurat, 2 Februari 20248. Universitas Atma Jaya, 2 Februari 20249. UI, 2 Februari 202410. UMY, 3 Februari 202411. UAD, 5 Februari 202412. Universitas Sanata Dharma, 12 Februari 202413. APMD, 6 Februari 202414. Unpad, 3 Februari 202415. Universitas Muhammadiyah Babel, 2 Februari 202416. UIN Syarif Hidayatulah, 5 Februari 202417. Universitas Pendidikan Indonesia, 5 Februari 202418. UNAIR, 5 Februari 202419. LP3ES, 3 Februari 202420. Persatuan Gereja-gereja Indonesia21. UMS, 5 Februari 202422. ⁠Universitas Janabadra Yogyakarta, 5 Februari 202423. Universitas Brawijaya, 5 Februari 202424. Asosiasi Perguruan Tinggi Katolik Indonesia25. STF Driyarkara, 5 Februari 202426. Universitas Islam Malang, 3 Februari 202427. ⁠IPB University, 3 Februari 202428. Universitas Trunojoyo Madura, 7 Februari 202429. Universitas Sriwijaya, 4 Februari 2024

Sejumlah sivitas akademika Universitas Gadjah Mada (UGM) yang terdiri dari guru besar, dosen, mahasiswa hingga alumni membacakan Petisi Bulaksumur, Rabu (31/1/2024). Petisi itu merupakan kritik terhadap Presiden Joko Widodo (Jokowi) yang dianggap telah melakukan tindakan menyimpang di tengah proses demokrasi.
Berdasarkan hasil pencermatan dinamika perpolitikan beberapa bulan terakhir, mereka prihatin atas tindakan menyimpang dari prinsip-prinsip moral demokrasi, kerakyatan dan keadilan sosial oleh Jokowi yang juga sebagai alumnus UGM.

""Kami menyesalkan tindakan-tindakan menyimpang yang justru terjadi dalam masa pemerintahan Presiden Joko Widodo yang juga merupakan bagian dari keluarga besar Universitas Gadjah Mada,"" bunyi Petisi Bulaksumur yang dibacakan sivitas akademika UGM, Koentjoro, dikutip, Rabu (31/1/2024)."
https://www.inews.id/news/nasional/respons-istana-soal-petisi-sivitas-akademika-ke-jokowi-kritik-adalah-vitamin,"Sabtu, 03 Februari 2024 - 07:10:00 WIB",Respons Istana soal Petisi Sivitas Akademika ke Jokowi: Kritik adalah Vitamin,"Scan this QR or download app from:
JAKARTA, iNews.id- Istana menanggapipetisidari parasivitas akademikaterhadap Presiden Joko Widodo (Jokowi). Salah satu yang dikritisi yakni sikap politik Jokowi.
Koordinator Staf Khusus Presiden Ari Dwipayana mengatakan semua pihak bebas menyampaikan pendapat atau punkritikdalam negara demokrasi. Hal tersebut menjadi hak bagi semua pihak dalam berdemokrasi.


""Dalam negara demokrasi, kebebasan untuk menyampaikan pendapat, seruan, petisi maupun kritik harus dihormati. Kemarin,  Bapak Presiden juga telah menegaskan 'freedom of speech' adalah hak demokrasi,"" kata Ari dalam keterangannya, dikutip Sabtu (3/2/2024).
Ari mengatakan perbedaan pendapat, perspektif, hingga pilihan politik sangat wajar dalam demokrasi. Termasuk kritik dan petisi dari para sivitas akademika.

""Kritik adalah vitamin untuk terus melakukan perbaikan pada kualitas demokrasi di negara kita,"" katanya.
Diketahui, sejumlah sivitas akademika yang terdiri dari guru besar, dosen, mahasiswa hingga alumni Universitas Gadjah Mada (UGM) menyampaikan petisi sebagai kritik terhadap Jokowi yang dianggap telah melakukan tindakan menyimpang di tengah proses demokrasi.

Dalam Petisi Bulaksumur yang dibacakan pada Rabu (31/01/2024), mereka menyampaikan keprihatinan mendalam atas tindakan penyimpangan prinsip-prinsip moral demokrasi, kerakyatan dan keadilan sosial oleh Jokowi yang juga sebagai alumnus UGM.
""Kami menyesalkan tindakan-tindakan menyimpang yang justru terjadi dalam masa pemerintahan Presiden Joko Widodo yang juga merupakan bagian dari keluarga besar Universitas Gadjah Mada,"" bunyi Petisi Bulaksumur yang dikutip, Rabu (31/1/2024)."
https://www.inews.id/multimedia/infografis/infografis-jokowi-naikkan-tunjangan-pegawai-bawaslu-jelang-pencoblosan,,Infografis Jokowi Naikkan Tunjangan Pegawai Bawaslu jelang Pencoblosan,"JAKARTA, iNews.id - Presiden Joko Widodo (Jokowi) telah mengeluarkan regulasi tentang peningkatantunjangankinerja untuk pegawai Badan Pengawas Pemilihan Umum (Bawaslu). Regulasi tersebut telah ditandatangani olehPresiden Jokowipada tanggal 12 Februari 2024.
Sebagaimana yang diketahui, warga Indonesia akan menggunakan hak pilihnya pada tanggal 14 Februari 2024. Dengan demikian, regulasi tersebut dikeluarkan dua hari sebelum hari pemungutan suara.
Peraturan tersebut dijelaskan dalam Peraturan Presiden (Perpres) nomor 18 tahun 2024 mengenai Tunjangan Kinerja Pegawai di Sekretariat Jenderal Badan Pengawas Pemilihan Umum.
Editor: Johan Jaelani"
https://www.inews.id/news/nasional/yasonna-laoly-sebut-pengganti-wamenkumham-eddy-hiariej-terserah-presiden-jokowi/2,"Minggu, 10 Desember 2023 - 21:50:00 WIB",Yasonna Laoly Sebut Pengganti Wamenkumham Eddy Hiariej Terserah Presiden Jokowi,"Scan this QR or download app from:

Diketahui, KPK menetapkan Eddy Hiariej sebagai tersangka suap dan gratifikasi sebesar Rp8 miliar. Eddy diduga memakai uang suap sebesar Rp1 miliar untuk modal mencalonkan diri sebagai Ketua Umum Pengurus Pusat Persatuan Tenis Seluruh Indonesia (PP Pelti).

Wakil Ketua KPK, Alexander Marwata menjelaskan Eddy menerima suap dan gratifikasi melalui Yosi Andika Mulyadi selaku pengacara dan Yogi Arie Rukmana selaku asisten pribadinya.
“Berawal dari terjadinya sengketa dan perselisihan internal di PT CLM dari tahun 2019 sampai 2022 terkait status kepermilikan. Untuk menyelesaikan sengketa tersebut, HH selaku Direktur Utama PT CLM berinisiatif untuk mencari konsultan hukum dan sesuai rekomendasi yang diperoleh yang tepat adalah EOSH,” kata Alex dalam konferensi pers di Gedung KPK, Kamis (7/12/2023).

Editor: Faieq Hidayat"
https://www.inews.id/news/internasional/media-asing-lagi-lagi-soroti-isu-dugaan-campur-tangan-jokowi-di-pilpres-2024,"Rabu, 07 Februari 2024 - 12:24:00 WIB",Media Asing Lagi-Lagi Soroti Isu Dugaan Campur Tangan Jokowi di Pilpres 2024,"Scan this QR or download app from:
JAKARTA, iNews.id– Isu dugaan campur tangan Presiden Joko Widodo (Jokowi) diPilpres 2024kembali menuai sorotan media asing. Salah satunya mengangkat tentang protes yang mulai disuarakan banyak kalangan di dalam negeri, termasukmahasiswa.
Reutershari ini melansir kabar tentang ratusan mahasiswa Indonesia yang berencana melakukan aksi protes pada hari ini terhadap Jokowi atas dugaan intervensinya dalam Pemilu 14 Februari nanti.


“Hanya seminggu menjelang pemilu, sekitar 2.000 mahasiswa dari sejumlah universitas diperkirakan akan bergabung dalam aksi unjuk rasa di pusat ibu kota Jakarta, menyerukan Jokowi, sebutan populer untuk presiden tersebut, agar tetap netral dalam pemilu yang berlangsung sengit ini,” tulisReutersdalam berita bertajukIndonesian Students to Demand President Remain Neutral Ahead of Poll, Rabu (7/2/2024).
Menurut media itu, Jokowi memang belum secara eksplisit mendukung kandidat mana pun di Pilpres 2024. Namun dia telah kerap tampil secara luas bersama calon presiden nomor urut dua,Prabowo Subianto, yang notabene berpasangan dengan putra sulung sang presiden, Gibran Rakabuming Raka.

Jokowi juga menghadapi banyak tuduhan pelanggaran etika dan campur tangan dalam pemilu, terutama setelah Mahkamah Konstitusi mengubah aturan syarat wakil presiden pada Oktober, yang memungkinkan Gibran untuk mencalonkan diri."
https://www.inews.id/finance/bisnis/jokowi-resmikan-2-terminal-di-jabar-senilai-rp70-miliar,"Sabtu, 03 Februari 2024 - 17:30:00 WIB",Jokowi Resmikan 2 Terminal di Jabar Senilai Rp70 Miliar,"Scan this QR or download app from:
JAKARTA, iNews.id- Presiden Joko Widodo (Jokowi) meresmikan dua terminal tipe A di ProvinsiJawa Barat, pada hari ini, Sabtu (3/2/2024). Keduanya Terminal Leuwipanjang di Kota Bandung dan Terminal Banjar di Kota Banjar.
""Dengan mengucap bismillahirrahmanirrahim, pada siang hari ini saya resmikan Terminal Leuwipanjang di Kota Bandung dan Terminal Banjar di Kota Banjar, Provinsi Jawa Barat,"" katanya dalam sambutannya saat peresmian yang dipusatkan di Terminal Leuwipanjang, Kota Bandung.


Jokowi pun mengapresiasi bangunan terminal yang dibangun dengan anggaran Rp70 miliar tersebut. Ia berharap kehadiran terminal tersebut dapat mendorong kembali minat masyarakat untuk menggunakan transportasi umum.
""Ini untuk mendorong masyarakat agar kembali menggunakan transportasi umum, berbondong-bondong lagi tidak menggunakan kendaraan pribadi, tidak menggunakan mobil pribadi,"" tutur Jokowi.

Jokosi juga menjelaskan bahwa kehadiran terminal tersebut diharapkan dapat mengurangi kemacetan yang terjadi di Provinsi Jawa Barat, khususnya Kota Bandung. Ia mengingatkan bahwa kemacetan dapat mengakibatkan kerugian ekonomi, misalnya di Jabodetabek yang mengalami kerugian hampir Rp100 triliun."
https://www.inews.id/news/nasional/jokowi-teken-keppres-14-februari-jadi-libur-nasional,"Selasa, 06 Februari 2024 - 22:00:00 WIB","Jokowi Teken Keppres, 14 Februari jadi Libur Nasional","Scan this QR or download app from:
JAKARTA, iNews.id -Presiden Joko Widodo (Jokowi) menetapkan hari Rabu 14 Februari 2024 sebagai harilibur nasional. Libur tersebut dalam rangkaPemilu 2024.
Hal tersebut diatur dalam Keputusan Presiden (Keppres) nomor 10 tahun 2024 tentang Hari Pemungutan Suara Pemilihan Umum tahun 2024 sebagai hari libur nasional.


""Menetapkan hari Rabu tanggal 14 Februari 2024 sebagai hari libur nasional dalam rangka pemilihan umum tahun 2024,"" bunyi Keppres tersebut.
Keppres tersebut mulai berlaku pada tanggal 6 Februari 2024. Keppres itu ditandatangani olehPresiden Jokowi.

Salah satu pertimbangan yakni penetapan hari libur nasional dalam rangka Pemilu 2024 dilaksanakan guna memberikan kesempatan yang seluas-kuasnya kelsda warga negara Indonesia untuk menggunakan hak pilihnya.
Editor: Faieq Hidayat"
https://www.inews.id/news/nasional/jokowi-hadiri-puncak-hari-guru-nasional-di-gbk-didampingi-mendikbudristek-dan-menag/all,"Sabtu, 25 November 2023 - 16:17:00 WIB","Jokowi Hadiri Puncak Hari Guru Nasional di GBK, Didampingi Mendikbudristek dan Menag","Scan this QR or download app from:
JAKARTA, iNews.id-Presiden Joko Widodo(Jokowi) menghadiri acara puncak peringatanHari Guru Nasional2023. Acara tersebut digelar di Indonesia Arena Senayan, Gelora Bung Karno (GBK), Jakarta Pusat, Sabtu (25/11/2023).
Berdasarkan pantauan di lokasi, Jokowi duduk di antara Menteri Pendidikan, Kebudayaan, Riset dan Teknologi (Mendikbudristek)Nadiem Makarimdan Menteri Agama (Menag) Yaqut Cholil Qoumas.


Acara dibuka dengan menyanyikan lagu Indonesia Raya yang dinyanyikan dengan khidmat seisi ruangan. Setelahnya, acara dilanjutkan dengan drama musikal yang melibatkan siswa-siswa dari tingkat SD, SMP dan SMA.
Selain Jokowi, terlihat juga hadir Panglima TNI Jenderal Agus Subiyanto dan Kapolri Jenderal Listyo Sigit Prabowo.

Jokowi dalam acara ini juga memberikan hadiah secara simbolis kepada lima guru yang inovatif dan dedikatif. Sebelumnya, Jokowi juga sempat menghadiri puncak peringatan HUT ke-78 Persatuan Guru Republik Indonesia (PGRI) di Jakarta Utara. Dalam kesempatannya, Jokowi guru bukanlah profesi yang ringan.


Dia mengaku sempat membaca riset internasional pada tahun 2022. Dalam riset tersebut ditemukan tingkat stres profesi guru lebih tinggi dari pekerjaan lainnya.
""Saya kaget juga setelah membaca (riset internasional), bahwa tingkat stres guru itu lebih tinggi dari pada pekerjaan yang lain,"" kata Jokowi, Sabtu (25/11/2023).

Editor: Donald Karouw"
https://www.inews.id/news/nasional/jokowi-dihujani-kritik-dari-kampus-di-tanah-air-ini-kata-maruf-amin,"Senin, 05 Februari 2024 - 17:53:00 WIB","Jokowi Dihujani Kritik dari Kampus di Tanah Air, Ini Kata Ma'ruf Amin","Scan this QR or download app from:
JAKARTA, iNews.id -Wakil Presiden Ma’ruf Amin merespons adanya gelombang kritik dari para guru besar sejumlahperguruan tinggidi Tanah Air terhadap sikapPresiden Joko Widodo(Jokowi) dalam Pemilu 2024. Para civitas ingin agar presiden tidak cawe-cawe atau ikut campur dalam pemilu.
Sejumlah guru besar maupun civitas akademika itu berasal dari Universitas Gadjah Mada (UGM), Universitas Indonesia (UI), Universitas Islam Indonesia (UI), Universitas Andalas (Unand), Universitas Padjadjaran (Unpad) dan sejumlah universitas besar lainnya.


“Mengenai pernyataan-pernyataan dari berbagai universitas, guru besar, saya kira itu bagian dari dinamika politik yang tentu harus diperhatikan,” ujar Wapres di sela kunjungan kerja di Abu Dhabi, Uni Emirat Arab, Senin (5/2/2024).
Ma'ruf mengatakan, dinamika politik memang harus diperhatikan dan dievaluasi oleh pemerintah.

“Dinamika politik apa pun ya pemerintah harus perhatikan. Artinya mengevaluasi dan mengambil langkah-langkah berikutnya seperti apa,"" kata Ma'ruf."
https://www.inews.id/news/nasional/guru-besar-ui-ungkap-ada-intimidasi-saat-kritisi-pemerintahan-jokowi,"Jumat, 02 Februari 2024 - 16:11:00 WIB",Guru Besar UI Ungkap Ada Intimidasi saat Kritisi Pemerintahan Jokowi,"Scan this QR or download app from:
DEPOK, iNews.id - Ketua Dewan Guru BesarUniversitas Indonesia(UI) Prof. Harkristuti Harkrisnowo mengungkap sempat ada dugaanintimidasisaat hendak mengkritisi pemerintah era Presiden Joko Widodo (Jokowi) lewat pesan kebangsaan. Intimidasi tersebut diduga dari seorang alumni UI melalui aplikasi pesan Whatsapp (WA).
Dia menceritakan oknum tersebut tidak sepakat dengan sikap UI yang sama seperti Universitas Gajah Mada (UGM) dan Universitas Islam Indonesia (UII)


""Kami ada intimidasi juga, kami mendapat WA dari salah seorang mahasiswa kami (alumni Fakultas Hukum) yang mengatakan kecewa kenapa UI ikut UGM dan UII, karena kita bisa pergi ke pejabat berwenang untuk menyampaikan ide,"" kata Harkristuti kepada wartawan di Halaman Rektorat UI, Depok, Jawa Barat, Jumat (2/2/2024).
Harkristuti menambahkan intimidasi dilakukan alumnus diduga oknum aparat berseragam.

""Kebetulan dia dari angkatan pakai seragam walau tak menyebut nama, tapi dia berusaha agar kita tidak melakukan saat ini,"" ujarnya.
Lebih lanjut, Harkristuti mengimbau mahasiswa generasi muda untuk berusaha melawan segala bentuk intimidasi yang terjadi saat ini.

""Kami mengimbau mahasiswa generasi muda yang mereka belum mengetahui sejarah masa lalu perlu mengetahui bahwa Indonesia sudah lama berbenah menjadi negara demokratis. Saat ini mereka juga harus berusaha untuk memastikan bahwa itu yang akan terjadi di Indonesia, mereka harus melawan jika ada intimidasi,"" tuturnya.
Editor: Faieq Hidayat"
https://www.inews.id/news/nasional/mahfud-ungkap-ada-operasi-bungkam-kritik-kampus-ke-jokowi-diminta-bilang-pemilu-berjalan-baik,"Selasa, 06 Februari 2024 - 13:34:00 WIB","Mahfud Ungkap Ada Operasi Bungkam Kritik Kampus ke Jokowi, Diminta Bilang Pemilu Berjalan Baik","Scan this QR or download app from:
YOGYAKARTA, iNews.id- Calon Wakil Presiden (Cawapres) Nomor Urut 3Mahfud MDmengungkapkan adanya operasi untuk membungkamkritikperguruan tinggi ataukampusterhadap pemerintahan Presiden Joko Widodo (Jokowi). Menurutnya, para rektor diminta oknum tertentu menyatakan sikap bertolak belakang dengan kritik yang disampaikan paraguru besar, salah satunya menyebut Pemilu 2024 berjalan dengan baik.
Pernyataan itu disampaikan Mahfud dalam acara Tabrak Prof! di Koat Kopi, Yogyakarta, Senin (5/2/2024). Semula, dia menanggapi aspirasi yang disampaikan anak muda bernama Irsyad.


Irsyad merasa bangga karena kampus-kampus, terutama di Yogyakarta, sudah menunjukkan upaya penyelamatan demokrasi. Akan tetapi, dia mempertanyakan apakah pemerintah dan aparat penegak hukum mengintervensi upaya tersebut.
Menanggapi aspirasi pemuda tersebut, Mahfud menjelaskan kemungkinan intervensi bisa terjadi. Sejauh ini, kata dia, sudah ada 59 kampus yang telah menyatakan sikap.

“Karena sampai sore ini ada 59 perguruan tinggi yang terus mengalir ya, dan ini akan terus perguruan tinggi menyatakan sikap untuk mengawal pemilu dan munculnya pemerintahan yang beretika,” kata Mahfud.
Dia pun mengucapkan terima kasih kepada guru besar dan sivitas akademika UGM yang telah mengawali pernyataan sikap dan mengajak perguruan tinggi lain untuk melakukan tindakan serupa."
https://jatenginfo.inews.id/read/389893/presiden-jokowi-ke-ump-untuk-meresmikan-ground-breaking-kampus-2,"Selasa, 02 Januari 2024 | 23:14 WIB",Presiden Jokowi ke UMP untuk Meresmikan Ground Breaking Kampus 2,"Scan this QR or download app from:
PURWOKERTO, iNewsJatenginfo.id- Presiden Republik Indonesia Joko Widodo (Jokowi) dijadwalkan mengunjungiUniversitas Muhammadiyah Purwokerto(UMP) Rabu (3/1) besok. KedatanganPresiden JokowikeUMPuntuk meresmikan Ground Breaking Kampus 2, menjadi sejarah bagi UMP sebagai bentuk dukungan pemerintah terhadap perkembangan pendidikan di Indonesia.
Presiden Joko Widodo akan didampingi oleh Menteri Pekerjaan Umum dan Perumahan Rakyat (PUPR) Mochamad Basuki Hadimoeljono. Kedatangan keduanya diharapkan memberikan dorongan positif untuk kemajuan infrastruktur dan pendidikan di UMP.
Rektor UMP, Assoc Prof Dr Jebul Suroso, menyambut baik kunjungan dan dukungan dari pemerintah. Menurutnya kunjungan presiden bersama mentri PUPR besok merupakan momen bersejarah bagi UMP.
“Kami berterima kasih atas perhatian dan dukungan penuh dari Presiden Joko Widodo beserta Menteri PUPR. Ground Breaking Kampus 2 ini akan menjadi tonggak awal bagi pengembangan UMP sebagai pusat pendidikan unggul di Indonesia,"" ujar Rektor dalam keterangannya, Selasa (2/1/2/2024).
Menurut Rektor, dengan Ground Breaking Kampus 2, diharapkan UMP dapat memberikan fasilitas dan lingkungan belajar yang lebih baik bagi mahasiswa.
“Acara ini juga menjadi wujud nyata komitmen pemerintah dalam mendukung pengembangan pendidikan tinggi di tanah air,” pungkasnya.
Editor : Iman Nurhayanto"
https://papua.inews.id/video/baru-diresmikan-jokowi-inilah-kampung-nelayan-modern-samber-binyeri-di-biak-numfor-yang,,"Baru Diresmikan Jokowi, Inilah Kampung Nelayan Modern Samber Binyeri di Biak Numfor yang","Scan this QR or download app from:
BIAK, iNews.id-Presiden Joko Widodo(Jokowi) meresmikanKampung NelayanModern di Biak Numfor, Provinsi Papua, pada Kamis, (23/11/2023). Kampung Nelayan Modern yang diresmikannya tersebut dibangun secara terintegrasi.
Memiliki fasilitas yang cukup lengkap dimulai dari cold storage, pabrik es, hingga bengkel bagi para nelayan. Jokowi menginginkan pendampingan para nelayan dalam hal teknis maupun manajemen untuk memanfaatkan fasilitas-fasilitas yang telah dibangun.
Produser: Reza Ramadhan
Editor : Wahyu Triyogo
Follow Berita iNewsPapua diGoogle News
VIDEO TERKAIT
KOMENTAR
Video
Headline iNEWS.ID: KPK Usut Dana Operasional Gubernur Papua Diduga Dikorupsi untuk Beli Private Jet
Multimedia |4 bln lalu
Headline iNEWS.ID: DPR Desak Menteri Bahlil Cabut Izin Tambang Nikel di Raja Ampat
Video |4 bln lalu
Headline iNEWS.ID: Satgas Habema TNI Tembak Mati 18 OPM di Intan Jaya Papua Tengah
Video |5 bln lalu
Headline iNEWS.ID: KKB Serang 10 Guru dan Nakes hingga Bakar Rumah Dinas di Yahukimo
Video |6 bln lalu
Headline iNEWS.ID: Satgas Damai Cartenz Tangkap 7 Pemasok Senjata ke KKB Papua, Salah Satunya Satpam SMA di Sleman
Video |7 bln lalu
Photo
Aksi Teroris KKB Papua Semakin Brutal
Pascakerusuhan di Wamena, Pasar Tradisional Sinakma Berangsur Normal
Pemakaman Massal 20 Jenazah Korban Banjir Bandang Sentani
Danau Sentani Meluap, 25 Kampung Terendam Banjir
Pengungsi Korban Banjir Bandang Sentani Bertambah Jadi 10.000 Orang
KOLOM
Ketika Komunikasi Pemerintah Tak Lagi Dipahami Gen Z
Gas Melon: Ketika Subsidi Tak Sampai, Harga Mencekik Emak-Emak!
Instruktur Berkualitas, Peserta Didik Naik Kelas"
https://www.inews.id/news/nasional/menko-pmk-muhadjir-effendy-tepis-isu-mundur-dari-kabinet-jokowi,"Rabu, 07 Februari 2024 - 15:09:00 WIB",Menko PMK Muhadjir Effendy Tepis Isu Mundur dari Kabinet Jokowi,"Scan this QR or download app from:
JAKARTA, iNews.id -Menteri Koordinator Bidang Pembangunan Manusia dan Kebudayaan (Menko PMK)Muhadjir Effendymenepis isu akanmundurdari Kabinet Indonesia Maju di bawah naungan PresidenJoko Widodo(Jokowi). Dia memastikan masih bekerja.
“Isu saya mundur, ndak ada saya mundur,” kata Muhadjir di Kantor Kemenko PMK, Rabu (7/2/2024).


Pada kesempatan itu, Muhadjir mengutip pernyataan Presiden Indonesia ke-4 Abdurrahman Wahid (Gus Dur).
“Saya itu jangankan mundur. Kalau kata Gus Dur, maju aja dituntun bagaimana mundur,” ujar Muhadjir.

Sebelumnya, Menteri Luar Negeri (Menlu) Retno Marsudi juga dikabarkan akan mundur dari Kabinet. Namun, dia juga menepis isu ini."
https://www.inews.id/news/nasional/presiden-jokowi-tunjuk-irjen-marthinus-hukom-kepala-bnn,"Senin, 04 Desember 2023 - 16:46:00 WIB",Presiden Jokowi Tunjuk Irjen Marthinus Hukom Kepala BNN,"Scan this QR or download app from:
JAKARTA, iNews.id -Presiden Joko Widodo(Jokowi) menunjuk IrjenMarthinus Hukomsebagai Kepala Badan Narkotika Nasional (BNN). Irjen Marthinus menggantikan Komjen Petrus Golose.
Penunjukkan ini terlihat dalam surat Keputusan Presiden Nomor 182/TPA Tahun 2023 tertanggal 29 November 2023.


""Mengangkat Sdr. Irjen Pol. Marthinus Hukom S.I.K., M.si., sebagai Kepala Badan Narkotika Nasional,"" tulis petikan Keppres tersebut.
Irjen Marthinus Hukom sebelumnya menjabat Kepala Detasemen Khusus 88 Antiteror Polri.

Marthinus Hukom merupakan lulusan Akademi Kepolisian angkatan 1991 yang berpengalaman dalam bidang reserse.
Dia juga diketahui pernah menangkap pelaku bom Bali tahun 2002 yakni Ali Imron. Ali Imron ditangkap pada 13 Januari 2003 di Pulau Brukang, Samarinda, Kalimantan Timur.
Editor: Reza Fajri"
https://papua.inews.id/berita/2-bandara-keren-di-papua-siap-diresmikan-presiden-jokowi,"Kamis, 23 November 2023 - 01:51:00 WIT",2 Bandara Keren di Papua Siap Diresmikan Presiden Jokowi,"Scan this QR or download app from:
PAPUA, iNews.id -BandaraDouw Aturure di Nabire, Papua Tengah dan Bandara Siboru diFakfak, Papua Barat siap diresmikan oleh Presiden Joko Widodo (Jokowi). Menteri Perhubungan (Menhub)Budi KaryaSumadi meninjau dua Proyek Strategis Nasional (PSN) tersebut pada Rabu (22/11/2023).
“Kita sudah membangun bandara yang cantik dan keren di Papua. Insya Allah sudah siap diresmikan oleh BapakPresiden Jokowibesok (Kamis, 23/11),” kata Menhub di Nabire, Papua.

Budi Karya Sumadimenyatakan, kedua bandara tersebut merupakan hasil kolaborasi antara pemerintah pusat dan daerah untuk saling melengkapi. “Pemerintah daerah menyediakan lahannya kepada pemerintah pusat. Kemudian, pemerintah pusat yang melakukan pembangunan baik terminal, runway, maupun fasilitas lainnya,” ujar Budi Karya.
Dengan kehadiran dua bandara ini, tutur Menhub, diharapkan dapat semakin memperlancar mobilitas masyarakat dari dan ke Papua, baik ke Nabire maupun Fakfak.

“Kami mohon dukungan pemda melakukan upaya-upaya untuk memasarkan bandara ini agar penumpang dan penerbangannya semakin ramai,” tutur Menhub.

Editor: Agus Warsudi"
https://www.inews.id/finance/bisnis/jokowi-bantah-politisasi-bansos-pemberian-blt-sudah-dari-dulu,"Jumat, 02 Februari 2024 - 11:00:00 WIB",Jokowi Bantah Politisasi Bansos: Pemberian BLT Sudah dari Dulu!,"Scan this QR or download app from:
JAKARTA, iNews.id- Presiden Joko Widodo (Jokowi) membantah adanya unsurpolitisasidalam pemberianbansos. Diketahui, pada awal tahun ini Jokowi baru saja memberikan bantuan langsung tunai (BLT) kepada keluarga penerima manfaat (KPM).
Jokowi menegaskan pada dasarnya pemberian BLT telah dilakukan pemerintah sejak September tahun 2023.


""Oh sudah dari dulu (pemberian BLT). Ini kan sudah dari September,"" kata Jokowi usia menghadiri acara Kongres XVI GP Ansor di Tanjung Priok, Jakarta, Jumat (2/2/2024).
Jokowi menjelaskan pemberian BLT dilakukan karena adanya kenaikan harga beras di seluruh negara. Pemberian BLT tersebut, kata Jokowi, untuk memperkuat daya beli masyarakat.

""Kita ingin memperkuat daya beli rakyat yang dibawah, dan itu sudah dilakukan. Misalnya bantuan pangan beras itu sudah sejak September, BLT itu karena ada EL Nino kemarau panjang. Sehingga juga ini untuk memperkuat daya beli masyarakat sehingga diperlukan,"" ucapnya.
Lantas, dana pemberian BLT sebesar Rp200.000 berasal dari mana?

Klik halaman selanjutnya untuk membaca>>>"
https://www.inews.id/news/nasional/mutasi-tni-jenderal-geng-solo-eks-ajudan-jokowi-promosi-bintang-3,"Rabu, 20 Desember 2023 - 07:22:00 WIB","Mutasi TNI, Jenderal 'Geng Solo' Eks Ajudan Jokowi Promosi Bintang 3","Scan this QR or download app from:
JAKARTA, iNews.id- Panglima TNI Jenderal TNI Agus Subiyanto menunjuk Pangdam IV/Diponegoro Mayjen TNIWidi Prasetijonosebagai Komandan Komando Pendidikan dan Latihan TNI Angkatan Darat (Dankodiklatad). Penunjukan ini akan membawa Widi promosi pangkatbintang 3alias letnan jenderal/letjen.
Penunjukan Widi tertuang dalam Surat Keputusan Panglima TNI Nomor Kep/1470/XII/2023 tanggal 18 Desember 2023 tentang Pemberhentian dari dan Pengangkatan dalam Jabatan di Lingkungan Tentara Nasional Indonesia. Secara keseluruhan, mutasi dan promosi jabatan mencakup 183 perwira tinggi (pati) TNI terdiri atas 97 Pati TNI AD, 54 Pati TNI AL dan 32 Pati TNI AU.


“Promosi dan mutasi jabatan merupakan hal biasa guna mengoptimalkan tugas pokok TNI,” kata Pelaksana Harian Kabidpenum Puspen TNI Kolonel Sus Aidil dalam keterangan resmi, dikutip Rabu (20/12/2023).
Berdasarkan mutasi terbaru ini, Widi akan menggantikan seniornya, Letjen TNI Eko Margiyono. Panglima TNI menggeser Eko untuk bertugas di luar struktur TNI yaitu wakil gubernur (wagub) Lembaga Ketahanan Nasional (Lemhannas).

Widi Prasetijono menyelesaikan pendidikan Taruna Akademi Militer pada 1993. Jenderal kelahiran Trenggalek, Jawa Timur, pada 4 Juni 1971 ini selanjutnya ditempa di kecabangan infanteri Korps Komando Khusus alias Kopassus.
Semasa perwira pertama dan menengah, kariernya banyak dihabiskan di kesatuan Baret Merah. Widi antara lain pernah menjabat Danunit Grup 2 Kopassus (1995), Danunit Yon 22 Grup 2 Kopassus (1996), Dansubtim Yon 22 Grup 2 Kopassus (1998), Dantim Yon 22 Grup 2 Kopassus (2000), Kasilog Grup 1, Kopassus (2003), hingga Wadanyon 11 Grup 1 Kopassus (2006).

Menembus pangkat letnan kolonel, Widi mulai mendapat penugasan di luar Kopassus. Serdadu yang pernah diterjunkan dalam Operasi Timor Timur (1996) itu dipercaya menjabat Danyonif 400/Raider (2009-2010), kemudian Pabandya Ops Sopsdam IV/Diponegoro (2010-2011). Kariernya makin terkerek saat dipercaya sebagai Dandim 0735/Surakarta (2011-2012)."
https://www.inews.id/news/nasional/menlu-malaysia-temui-presiden-jokowi-di-istana-bahas-apa,"Selasa, 06 Februari 2024 - 14:54:00 WIB","Menlu Malaysia Temui Presiden Jokowi di Istana, Bahas apa?","Scan this QR or download app from:
JAKARTA, iNews.id -Menteri Luar NegeriMalaysiaMohamad bin Hasan menyambangi Istana Negara, Jakarta, Selasa (6/2/2024). Mohamad datang untuk bertemuPresiden Joko Widodo(Jokowi).
Hasan mengatakan, kunjungan ini untuk mengeratkan hubungan Indonesia dengan Malaysia.


""Mengeratkan kembali hubungan antar-dua negara,"" kata Hasan di Kompleks Istana.
Nantinya, kata Hasan, akan dibahas lebih lanjut mengenaikerja sama ekonomikedua negara.

""Ekonomi, kerja sama serantau,"" kata Hasan.
Dia mengungkapkan, akan dibahas juga mengenai perbatasan dan investasi di Ibu Kota Nusantara (IKN) dengan Presiden Jokowi.
""Hubungan antara kedua negara dan juga peningkatan ekonomi di Bandar Sempadan dan juga tentang peleburan serikat Malaysia di Nusantara,"" ujar Hasan.
Editor: Reza Fajri"
https://www.inews.id/news/nasional/ganjar-kutip-pernyataan-jokowi-di-2019-tidak-pilih-pemimpin-punya-potongan-diktator-pelanggar-ham,"Minggu, 04 Februari 2024 - 22:19:00 WIB",Ganjar Kutip Pernyataan Jokowi di 2019: Jangan Pilih Pemimpin Punya Potongan Diktator-Pelanggar HAM,"Scan this QR or download app from:
JAKARTA, iNews.id -Calon Presiden (Capres) Nomor Urut 3,Ganjar Pranowomenyinggung pesanJoko Widodo(Jokowi) yang saat itu ikut kontestasiPilprestahun 2019 untuk tidak memilih pemimpin yang diktator dan pelanggar Hak Asasi Manusia (HAM). Ganjar sindir siapa?
“Lima tahun yang lalu dalamdebatCapres 2019 saya tim kampanye Joko Widodo. Beliau menyampaikan dan kita diingatkan untuk tidak memilih calon yang punya potongan diktator dan otoriter. Dan yang punya rekam jejak pelanggar HAM, yang punya rekam jejak untuk melakukan kekerasan, yang punya rekam jejak masalah korupsi,” kata Ganjar saat menutup Debat Kelima Pilpres2024, di Jakarta Convention Center (JCC), Jakarta Pusat, Minggu (4/2/2024).


Ganjar pun setuju dengan pesan Jokowi yang akhirnya terpilih menjadi Presiden di tahun 2019 saat itu.
“Saya sangat setuju apa yang beliau sampaikan agar kriteria ini menjadi pegangan kita semua dalam memilih pemimpin,"" katanya.

Oleh karena itu, Ganjar berjanji jika dia dan Calon Wakil Presiden (Cawapres) Mahfud MD ketika terpilih untuk menjadi Presiden 2024 tidak akan mengecewakan rakyat Indonesia."
https://www.inews.id/news/nasional/jokowi-saya-tidak-akan-berkampanye,"Rabu, 07 Februari 2024 - 11:52:00 WIB",Jokowi: Saya Tidak Akan Berkampanye,"Scan this QR or download app from:
JAKARTA, iNews.id- Presiden Joko Widodo (Jokowi) menyatakan tidak akan berkampanye di Pemilu 2024. Pernyataan itu menjawab kemungkinan dirinya berkampanye pada hari terakhirkampanye10 Februari 2024 mendatang.
Semula, Jokowi ditanya awak media terkait kemungkinannya berkampanye menjelang hari pencoblosan pada 14 Februari 2024.

“Yang bilang siapa?” tanya Jokowi kepada awak media di sela kunjungan kerja di Kabupaten Batubara, Sumatera Utara, Rabu (7/2/2024).
Dia kemudian menegaskan kembali bahwa presiden diperbolehkan kampanye sebagaimana Undang-Undang Nomor 7 Tahun 2017 tentang Pemilihan Umum. Menurutnya, undang-undang tersebut mengatur hak presiden dan wakil presiden untuk melaksanakan kampanye.
“Ini, saya ingin menegaskan kembali pernyataan Saya sebelumnya bahwa presiden memang diperbolehkan Undang-Undang untuk kampanye, dan juga sudah pernah saya tunjukkan bunyi aturan,” kata Jokowi.
Hanya saja, dia menegaskan tidak akan berkampanye di Pemilu 2024. “Tapi jika pertanyaannya, apakah saya akan kampanye? Saya jawab tidak. Saya tidak akan berkampanye,” tuturnya.
Sebelumnya, Jokowi mengatakan presiden boleh berkampanye atau pun memihak. Pernyataan tersebut menanggapi perihal adanya menteri kabinet yang menjadi tim sukses pasangan capres-cawapres meski tidak ada hubungan politik."
https://www.inews.id/news/nasional/momen-jokowi-main-sepak-bola-lawan-basuki-hadimuljono-sama-sama-jadi-kiper,"Senin, 04 Desember 2023 - 21:46:00 WIB","Momen Jokowi Main Sepak Bola Lawan Basuki Hadimuljono, Sama-sama Jadi Kiper","Scan this QR or download app from:
JAKARTA, iNews.id -Presiden Joko Widodo(Jokowi) bermainsepak bolabersama warga Desa Batu Cermin, Kecamatan Komodo, Kabupaten Manggarai Barat, Nusa Tenggara Timur (NTT), Senin (4/12/2023) sore. Tampak lapangan ramai dipenuhi warga.
Presiden mengenakan kaus olahraga dengan nomor punggung 22. Terlihat juga Menteri Pekerjaan Umum dan Perumahan Rakyat (PUPR)Basuki Hadimuljonodengan nomor punggung 14.


Kehadiran Jokowi pun menambah semangat para pemain dan masyarakat yang menonton secara langsung. Dalam pertandingan ini, Jokowi dan Basuki menjadi kiper dalam tim yang berbeda.
Pada menit ke 10, gawang Presiden berhasil ditembus tim Menteri Basuki. Tak lama kemudian, tim Presiden Jokowi berhasil menyamakan kedudukan 1-1 hingga pertandingan selesai.

Huber, pemain yang berhasil menembus pertahanan gawang Presiden Jokowi menyampaikan sangat bersemangat dan bangga bisa bermain sepak bola bersama Presiden hingga berhasil mencetak gol ke gawangnya.
“Kami bangga sekali bisa bermain bersama Pak Presiden,” ujar Huber usai pertandingan.
“Sangat bangga sekali, begitu hebatnya Bapak Presiden jaga Indonesia, tapi gawang ini Bapak Presiden tidak bisa jaga, saya cetak gol, saya semangat, saya senang,” sambungnya sambil tertawa."
https://medan.inews.id/read/376507/mengenal-maruli-simanjuntak-ksad-baru-yang-dilantik-presiden-jokowi,"Rabu, 29 November 2023 | 17:08 WIB","Mengenal Maruli Simanjuntak, KSAD Baru yang Dilantik Presiden Jokowi","Scan this QR or download app from:
JAKARTA, iNewsMedan.id–Maruli Simanjuntakresmi dilantik Presiden Joko Widodo (Jokowi) sebagai Kepala Staf Angkatan Darat (KSAD).
Maruli mengisi jabatan KSAD setelah ditinggal Jenderal Agus Subiyanto yang ditunjuk sebagai Panglima TNI. Sebelum ditunjuk menjadi KSAD, Maruli menduduki posisi sebagai Panglima Komando Cadangan Strategis TNI Angkatan Darat (Pangkostrad).
Setelah resmi dilantik menjadi KSAD, pangkat Letjen Maruli Simanjuntak langsung dinaikkan setingkat lebih tinggi menjadi jenderal penuh atau bintang empat.
Kenaikan pangkat ini berdasarkan Keputusan Presiden Republik Indonesia Nomor 104 TNI Tahun 2023 tentang kenaikan pangkat dalam golongan perwira tinggi TNI.
BerikutprofildanbiodataJendera Maruli Simanjuntak, sosok KSAD baru berdarah Batak yang dilantik Presiden Jokowi.
Profil Biodata Maruli Simanjuntak
Jenderal Maruli Simanjutak merupakan abituren (lulusan) Akademi Militer tahun 1992 yang kenyang pengalaman di infanteri. Sebagian besar kariernya malang-melintang di Korps Baret Merah alias Kopassus.
Maruli lahir di Bandung, Jawa Barat pada 27 Februari 1970. Lulus dari Lembah Tidar, Magelang, dia pernah menjabat Komandan Denpur Cakra (2002), Pabandya Ops Mako Kopassus (2005-2008), Danyon 21 Grup 2 Kopassus (2008-2009) serta Dan Sekolah Komando Pusdik Passus (2009-2010).
Di kesatuan elite TNI AD tersebut, karier Maruli semakin moncer. Dia selanjutnya dipercaya sebagai Wadan Grup 1 Kopassus (2010-2013), Dan Grup 2 Kopassus (2013-2014), dan Asops Danjen Kopassus (2014).
Kecakapan dalam memimpin membuatnya dipromosikan sebagai Dan Grup A Paspampres (2014-2016), grup yang bertugas pengamanan jarak dekat terhadap presiden dan keluarganya. Setelah itu dia dipromosikan sebagai komandan teritorial. Maruli menjabat Danrem 074/Warastratama (2016-2017), Kodam Diponegoro.
Hanya setahun, menantu Menko Kemaritiman dan Investasi Luhut Binsar Panjaitan ini kembali ditarik ke Jakarta. Kali ini menjabat Wadanpaspampres (2017-2018). Tak berselang lama Maruli dipindah sebagai Kasdam IV/Diponegoro (2018-2018).
Karier militernya semakin cemerlang. Maruli dipromosikan sebagai pemegang tongkat komando tertinggi korps “Setia Waspada” alias Komandan Paspampres (2018-2020).
Maruli kemudian menjabat Pangdam IX/Udayana sejak 23 November 2020. Saat itu dia memegang tongkat komando Kodam IX/Udayana menggantikan Mayjen TNI Kurnia Dewantara. Pada awal 2022, Letjen Maruli Simanjuntak dilantik menjadi Pengkostrad.
Editor : Odi Siregar"
https://balikpapan.inews.id/read/384408/presiden-jokowi-kembali-groundbreaking-sejumlah-proyek-di-ikn-hari-ini/2,"Rabu, 20 Desember 2023 | 07:45 WIB",Presiden Jokowi Kembali Groundbreaking Sejumlah Proyek di IKN Hari Ini,"Scan this QR or download app from:
Kemudian Presiden menuju miniatur forestasi hutan tropis dan mengunjungi lokasi rehab hutan dan lahan Kawasan Inti Pusat Pemerintahan (KIPP).
Tidak hanya itu, presiden juga mendukung inovasi dan pembangunan di PT Wulandari Bangun laksana sebelum mendarat di lokasi sabuk hijau Nusantara.
Hari pertama ditutup dengan kunjungan ke Glamping IKN, mencerminkan semangat kebersamaan dalam menjalani perjalanan menuju kemajuan.
Selanjutnya di hari kedua dimulai dengan kunjungan ke lokasi groundbreaking Blue Bird Group, BSH Mandiri dan De Pakubuwono yang merupakan pilar-pilar pembangunan di IKN.
Presiden juga meninjau Kodim IKN, menegaskan kehadiran militer dalam mendukung pembangunan.
Namun tidak hanya sektor bisnis, Presiden juga memberi perhatian pada sektor pariwisata dan hunian dengan kunjungan ke Hotel Nusantara sebelum kembali ke hunian pekerja konstruksi untuk bersama-sama makan siang.
Kemudian presiden juga melanjutkan kunjungan ke ground breaking Polres IKN. Kemudian juga ke masjid negara IKN hingga Universitas Gunadarma, luar biasa menggambarkan komitmen untuk mengembangkan potensi sumber daya manusia.
Setelah perjalanan yang penuh makna, rencananya pada pukul 14.55 WIT, Presiden dan rombongan kembali menuju bandara Balikpapan untuk melanjutkan perjalanan ke Jakarta.
Jokowi menegaskan, saat ini baik perusahaan swasta maupun pemerintah sangat antusias untuk membangun sejumlah fasilitas di IKN. Dimana fasilitas yang dibangun ini mulai dari fasilitas bisnis, kesehatan, hingga bidang olahraga.
""Saya kira antusias untuk membangun fasilitas maupun di zona bisnis, di zona kesehatan, zona olahraga saya kira terus menunjukkan di IKN,"" ucapnya.
Dalam kesempatan itu, Jokowi menginginkan selalu ada groundbreaking proyek di IKN setiap bulannya. Upaya ini juga sekaligus untuk memberikan semangat kepada investor lain untuk segera mulai berinvestor di IKN.
""Setiap bulan akan saya, kalau ada yang ngantre, ada lagi udah banyak, ya kita groundbreaking, untuk memberikan semangat kepada yang lain untuk segera memulai,"" tutupnya.
Editor : Mukmin Azis"
https://www.inews.id/news/nasional/jokowi-ajak-masyarakat-datang-ke-tps-gunakan-hak-pilih-di-pemilu-2024,"Rabu, 07 Februari 2024 - 11:38:00 WIB",Jokowi Ajak Masyarakat Datang ke TPS Gunakan Hak Pilih di Pemilu 2024,"Scan this QR or download app from:
JAKARTA, iNews.id- Presiden Joko Widodo (Jokowi) mengajak masyarakat menggunakanhak pilihditempat pemungutan suara(TPS) padaPemilu 2024, Rabu (14/2/2024) mendatang. Dia mengimbau masyarakat memberikan suara sesuai pilihan masing-masing.
“Saya menghimbau, saya mengajak kepada seluruh masyarakat agar menggunakan hak pilihnya, datang ke TPS memberikan suara sesuai dengan pilihannya,” ungkap Jokowi di sela kunjungan kerja ke Kabupaten Batubara, Sumatera Utara, Rabu (7/2/2024).


Jokowi juga meminta Aparatur Sipil Negara (ASN), TNI-Polri, termasuk Badan Intelijen Negara (BIN) harus netral dan menjaga kedaulatan rakyat.
“Dan saya ingin menegaskan kembali bahwa ASN, TNI, Polri, termasuk BIN harus netral dan menjaga kedaulatan rakyat,” tuturnya.

Dia meminta KPU hingga Bawaslu profesional dan memastikan integritas pemilu supaya suara rakyat benar-benar berdaulat.
“Kita semua harus menjaga pemilu yang damai, yang jujur dan adil. Menghargai hasil pemilu dan bersatu padu kembali untuk membangun Indonesia,” katanya.

Editor: Rizky Agustian"
https://ambon.inews.id/read/380291/presiden-jokowi-lantik-irjen-pol-marthinus-hukom-sebagai-kepala-bnn,"Jum'at, 08 Desember 2023 | 14:34 WIB",Presiden Jokowi Lantik Irjen Pol Marthinus Hukom sebagai Kepala BNN,"Scan this QR or download app from:
JAKARTA, iNewsAmbon.id -Presiden Joko WidodomelantikIrjen Pol Marthinus HukomsebagaiKepala Badan Narkotika Nasional(BNN) pada Jumat, 8 Desember 2023, di Istana Negara, Jakarta.
Marthinus Hukom menggantikanKomjen Pol Petrus Goloseyang memasuki masa pensiun.
PelantikanKepala BNNdilakukan berdasarkan Keputusan Presiden Republik Indonesia Nomor 182/TPA Tahun 2023 tentang Pemberhentian dan Pengangkatan Dari dan Dalam Jabatan Pimpinan Tinggi Utama di Lingkungan Badan Narkotika Nasional.
“Saya berjanji bahwa saya akan setia dan taat kepada Undang-Undang Dasar Negara Republik Indonesia Tahun 1945 serta akan menjalankan segala peraturan perundang-undangan dengan selurus-lurusnya demi darma bakti saya kepada bangsa dan negara,” ujar Presiden Jokowi mendiktekan sumpah jabatan.
Diketahui, Marthinus merupakan lulusan Akademi Kepolisian (Akpol) Angkatan tahun 1991. Sebelum dilantik sebagai Kepala BNN, Marthinus menjabat sebagai Kepala Detasemen Khusus/Kadensus 88 Antiteror(AT) Polri.
Bagi masyarakat di Maluku, Marthinus dikenal sebagai pria kelahiran Pulau Nusalaut Kabupaten Maluku Tengah dan menyelesaikan pendidikan sekolah menenengah di SMA Negeri 3 Ambon.
Editor : Nevy Hetharia"
https://www.inews.id/news/nasional/jokowi-bakal-tunjuk-menko-polhukam-pengganti-mahfud-dari-non-parpol,"Sabtu, 03 Februari 2024 - 18:39:00 WIB",Jokowi Bakal Tunjuk Menko Polhukam Pengganti Mahfud dari Non-Parpol,"Scan this QR or download app from:
JAKARTA, iNews.id -Presiden Joko Widodo(Jokowi) mengungkapkan, calon Menteri Koordinator Politik, Hukum dan Keamanan (Menko Polhukam) penggantiMahfud MDakan berasal dari non-partai politik (parpol). Saat ini Menko Polhukam masih dipegang pelaksana tugas atau Plt.
""Dari non (parpol),"" kata Jokowi di Bandung, Sabtu (3/2/2024).


Menteri Dalam Negeri (Mendagri) Tito Karnavian telah ditunjuk menjadi Plt Menko Polhukam. Kursi Menko Polhukam kosong usai Mahfud MD mengundurkan diri.
Jokowi menjelaskan, Tito ditunjuk menjadi Plt Menko Polhukam karena memiliki pengalaman yang cukup banyak. Di antaranya menjadi Kepala BNPT dan Kapolri."
https://www.inews.id/finance/bisnis/duh-jokowi-sebut-kemacetan-di-jabodetabek-bikin-rugi-hingga-rp100-triliun,"Sabtu, 03 Februari 2024 - 18:41:00 WIB",Duh! Jokowi Sebut Kemacetan di Jabodetabek Bikin Rugi hingga Rp100 Triliun,"Scan this QR or download app from:
JAKARTA, iNews.id- Presiden Joko Widodo (Jokowi) mengatakan bahwakemacetandiJabodetabekbisa menyebabkan kerugianekonomihingga hampir Rp100 triliun. Ia pun berharap fasilitas yang diberikan pemerintah bisa meringankan hal itu.
Salah satu upaya yang dilakukan adalah meresmikan dua terminal di Jawa Barat, yakni Terminal Leuwipanjang di Kota Bandung dan Terminal Banjar di Kota Banjar.


Tak cuma itu, eks Gubernur DKI Jakarta ini berharap masyarakat juga mau menggunakan transportasi umum, seperti KRL hingga MRT untuk mengurangi kemacetan di jalan.
""Saya sangat menghargai pembangunan ini dan semoga nanti kita bisa mendorong masyarakat untuk kembali menggunakan transportasi umum, baik itu bus, baik itu kereta api, baik itu kayak di Jakarta ada MRT, LRT, KRL, kereta cepat jadi akan sangat-sangat mengurangi kemacetan yang ada di jalan yang kita miliki,"" tuturnya saat peresmian, Sabtu (3/2/2024).

Selain itu, kehadiran kedua terminal tersebut turut diharapkan dapat meningkatkan mobilitas orang, baik antarkota maupun dalam kota.
""Semoga Terminal Leuwipanjang dan Terminal Banjar di Provinsi Jawa Barat ini nanti bisa mempercepat mobilitas orang dari satu kota ke kota yang lain atau di dalam kota,"" kata Jokowi.
Editor: Puti Aini Yasmin"
https://medan.inews.id/read/390949/ksad-terima-laporan-kenaikan-pangkat-mantan-ajudan-jokowi-berpangkat-letjen,"Jum'at, 05 Januari 2024 | 11:04 WIB","KSAD Terima Laporan Kenaikan Pangkat, Mantan Ajudan Jokowi Berpangkat Letjen","Scan this QR or download app from:
JAKARTA, iNewsMedan.id -Kepala Staf TNI Angkatan Darat,KSADJenderal TNI Maruli Simanjuntakmenerima laporan kenaikan pangkat 30 perwira tinggi (Pati) TNI AD di Markas Besar Angkatan Darat (Mabesad), Jakarta, Kamis (4/1/2024).
Dari 30 Pati yang naik pangkat, 19 di antaranya merupakan perwira menengah berpangkat kolonel yang naik pangkat menjadi brigadir jenderal. Sementara itu, 10 Pati naik pangkat menjadi mayor jenderal, dan satu Pati naik pangkat menjadi letnan jenderal.
Pati yang naik pangkat menjadi letnan jenderal adalahLetjen TNI Widi Prasetijono, yang saat ini menjabat sebagai Komandan Doktrin Pendidikan dan Latihan Angkatan Darat (Dankodiklatad). Letjen TNI Widi Prasetijono adalah mantanajudanPresiden Jokowi.
KSAD Jenderal TNI Maruli Simanjuntak mengucapkan selamat kepada para Pati yang naik pangkat. Ia berharap kenaikan pangkat ini menjadi motivasi bagi para Pati untuk terus meningkatkan profesionalisme, integritas, dan inovasi dalam menjalankan tugasnya.
""Kenaikan pangkat atau jabatan berarti tuntutan tugas akan semakin tinggi. Oleh karena itu, saya berharap para Pati tidak ragu dalam membuat perubahan,"" kata Maruli.
Berikut nama-nama perwira tinggi yang naik pangkat satu tingkat lebih tinggi dari pangkat sebelumnya.Menjadi Bintang 3:Letjen TNI Widi Prasetijono,Menjadi Bintang 2:Mayjen TNI Niko Fahrizal, M.Tr. (Han),Mayjen TNI Joko Hadi Susilo, S.I.P.,Mayjen TNI Tatan Ardianto, S.I.P.,Mayjen TNI Dadang Arif Abdurachman, S.E., M.Si.,Mayjen TNI Khoirul Hadi, S.E.,Mayjen TNI Agus Saepul, S.Sos., M.M.,Mayjen TNI Roni Pasaribu, S.I.P., M.A.,Mayjen TNI Alvis Anwar, S.A.P., M.Tr.(Han),Mayjen TNI Dr. R. Nugraha Gumilar, M.Sc., danMayjen TNI Roedy Widodo.
Editor : Vitrianda Hilba SiregarEditor Jakarta"
https://jabar.inews.id/berita/susul-ui-dan-ugm-unpad-kritik-tajam-kualitas-demokrasi-era-jokowi,"Sabtu, 03 Februari 2024 - 11:48:00 WIB","Susul UI dan UGM, Unpad Kritik Tajam Kualitas Demokrasi Era Jokowi","Scan this QR or download app from:
BANDUNG, iNews.id -Civitas Akademika Universitas Padjadjaran (Unpad) menyampaikan petisi seruan ""Selamatkan Negara Hukum yang Demokratis, Beretika dan Bermartabat"" di Gerbang Pintu Utama Kampus Dipatiukur, Kota Bandung, Sabtu (3/2/2024). Petisi seruan yang disampaikan para guru besar, dosen, dan mahasiswa Unpad itu berisi kritikan terhadap menurunnya kualitasdemokrasiselama masa pemerintahan Presiden Joko Widodo (Jokowi).
Ketua Senat Akademik Unpad, Prof Ganjar Kurnia mengatakan, sebagai bentuk tanggung jawab kaum intelektual, Civitas Akademika Unpad menyerukan agar pelaksanaan demokrasi harus menjunjung tinggi etika dan norma hukum yang bersandar pada Pancasila dan UUD 1945.

""Hukum tidak hanya teks semata, melainkan juga nilai dan prinsip yang ada di dalamnya serta dijalankan secara konsisten,"" ucap Ganjar.
Ganjar juga meminta, Jokowi dan para elite politik harus menjadi contoh keteladanan kepatuhan terhadap hukum dan etika. Bukan justru menjadi contoh melanggar etika, apa yang diucap tidak sesuai dengan kenyataan.

""Negara dan pemerintah beserta aparaturnya harus hadir sebagai pengayom, penjaga, dan fasilitator pelaksanaan demokrasi yang berintegritas dan bermartabat dengan menjaga jarak yang sama dengan para kontestan pemilu,"" katanya.
Pihaknya juga mengajak kepada seluruh komponen masyarakat untuk turut serta berpartisipasi aktif dalam kontestasi Pemilu 2024 dengan memilih para calon berdasarkan kesadaran dan keyakinan yang sungguh, bukan atas dasar politik uang atau intimidasi.

""Bersama-sama dengan seluruh masyarakat menjaga penyelenggaraan Pemilu 2024 agar kondusif, aman, dan bermartabat serta mengawal hasil penyelenggaraan Pemilu 2024 sampai terbentuknya pemerintahan baru sebagai perwujudan kedaulatan rakyat,"" tuturnya.
Ganjar mengatakan, Pemilu 2024 sebagai institusi demokrasi tidak boleh diolok-olok atau direduksi maknanya sekadar prosedur memilih pemimpin.

""Demokrasi harus dikembalikan pada jatidirinya sebagai perwujudan kedaulatan rakyat dengan menegakan aturan main yang adil dan transparan, membuka ruang partisipasi yang substantif bagi publik untuk memperoleh informasi yang dapat diandalkan dalam memberikan suara,"" ucapnya.
Editor: Nani Suherni"
https://karawang.inews.id/read/377486/profil-danpaspampres-brigjen-achiruddin-jenderal-baret-merah-perisai-baru-presiden-jokowi,"Jum'at, 01 Desember 2023 | 20:27 WIB","Profil Danpaspampres Brigjen Achiruddin, Jenderal Baret Merah Perisai Baru Presiden Jokowi","Scan this QR or download app from:
JAKARTA,iNewsKarawang.id-Wakil DanjenKopassusBrigjen Achiruddindimutasi menjadiDanpaspampres.
Brigjen Achiruddin menggantikan Mayjen Rafael Granada Baay yang menjadi Pangdam Brawijaya.
Achiruddin pria kelahiran asal Jakarta pada 15 November 1975. Dia lulusan akademi militer (Akmil) tahun 1997.
Achiruddin, merupakan lulusan dari kecabangan Infanteri (Kopassus). Dia menjadi perwira tinggi TNI AD sejak 4 November 2022, mengemban amanat sebagai Wakil Komandan Jenderal Komando Pasukan Khusus.Semasa kecilnya, dia bersekolah SMP Negeri 2 Palu Sulawesi Tengah. Lalu tahun1991-1994, dia melanjutkan sekolah di SMA Taruna Nusantara Magelang.
Riwayat Jabatan:
- Danyon 812/Bantuan Sat 81 Gultor Kopassus- Dandim 0506/Tangerang(2015—2017)- Kasrem 052/Wijayakrama (2017)- Wadansat 81 Gultor Kopassus(2017—2018)- Asintel Danjen Kopassus(2018—2019)- Dan Grup A Paspampres[3](2019—2021)- Pamen Denma Mabesad(2021—2022)- Danrem 074/Warastratama (2022)- Danrem 052/Wijayakrama (2022)- Wadanjen Kopassus(2022—2023).
Editor : Boby"
https://www.inews.id/news/nasional/momen-jokowi-makan-nasi-kotak-bareng-karyawan-pabrik-lauknya-sama/all,"Rabu, 27 Desember 2023 - 19:13:00 WIB","Momen Jokowi Makan Nasi Kotak Bareng Karyawan Pabrik, Lauknya Sama","Scan this QR or download app from:
JAKARTA, iNews.id -Presiden Joko Widodo(Jokowi) mengunjungi pabrik PT Maspion Unit I di KabupatenSidoarjo, Provinsi Jawa Timur, Rabu (27/12/2023). Presiden Jokowi menyempatkan makan siang bersama parakaryawan pabrik.
Presiden yang duduk di hadapan para karyawan, menyantap hidangan makan siang berupa nasi kotak dengan lauk ayam suir bumbu merah, sambal goreng kentang, telur bacem dan oseng sayur. Sebelum makan siang, Jokowi tampak menghampiri sejumlah karyawan di hadapannya dan memastikan menu makan siang mereka.


“Lauk makan siangnya apa?” tanya Presiden. Para karyawan pun mengangkat nasi kotak yang memiliki lauk serupa dan menunjukkannya kepada Presiden Jokowi. Setelahnya, Jokowi kembali ke tempat duduk dan mempersilakan para karyawan menyantap hidangan makan siang bersama-sama.
Desiana, salah satu karyawan yang hadir merasa senang mendapatkan kesempatan makan siang bersama Presiden Jokowi. “Senang banget, tadinya memang lapar ya, tapi pas lihat Presiden datang sudah kenyang, tapi lebih kenyang lagi pas sudah makan,” ujar Desiana.

Desiana juga menceritakan lauk nasi kotak yang disantap oleh dirinya dan karyawan lainnya sama dengan apa yang juga disantap oleh Presiden Jokowi. “Tadi lauknya telur sama ayam suir, (Presiden) juga sama sepertinya lauknya tadi dilihat juga,” katanya.
Dia kemudian menyampaikan harapan agar pemerintah dapat mendorong penggunaan produksi dalam negeri dan meningkatkan sektor perdagangan nasional di masa mendatang.
“Saya harap Pak Presiden bisa meningkatkan lagi perdagangan di Indonesia, terutama ekspor impor,” harapnya.
Editor: Reza Fajri"
https://cirebon.inews.id/read/381005/klaim-zulhas-soal-jokowi-gabung-pan-heru-subagia-sebut-cermin-kesuksesan-politik,"Senin, 11 Desember 2023 | 13:06 WIB","Klaim Zulhas Soal Jokowi Gabung PAN, Heru Subagia Sebut Cermin Kesuksesan Politik","Scan this QR or download app from:
KOTA CIREBON, iNewsCirebon.id -Klaim Ketua Umum Partai Amanat Nasional (PAN) Zulkifli Hassan (Zulhas) tentang bergabungnya Joko Widodo (Jokowi) ke partainya, ditanggapi Calon Anggota Legislatif (Caleg) DPR RI, Heru Sebugia.
Heru menilai dengan mengklaim Jokowi masuk PAN, dianggapnya sebagai cermin kesuksesanpolitik, Heru Yakin PAN akan menjadi partai besar dan aset nasional.
"" Jokowi menjadi buldoser politik yang sangat potensial mengakumulasi kepentingan elektoral dan juga penguatan kelembagaan kepartaian PAN itu sendiri"" ujar Heru, Senin (11/12/2023).
Menurut Heru,Ketum PANZulkifli Hasanefektif dalam manajemen kepartaian, lobi politik dan eksekusi program strategis nasional melalui Kementerian Perdagangan.
Tidak itu saja,Heru mengakui keampuhan Zulkifli Hasan dalam membangun koneksitas politik nasional dan melibatkan Presiden Jokowi, yang mana menciptakan dampak positif bagi internal partai.
""Tentunya kekuatan PAN saat ini sangat kuat dan lengkap karena sudah mengawalinya sebagai partai terbuka dan berada dalam posisi pemerintah yang prospektif."" Ujar Caleg DPR RI Dapil VIII tersebut.
Mengutip dari berbagai media, sebelumnya Zulhas mengeklaim Jokowi sudah bergabung dengan PAN.
klaim Zulhas soal Jokowi disampaikannya di depan seribuan kader PAN di Labuan Bajo, Kabupaten Manggarai Barat, Nusa Tenggara Timur (NTT) pada Sabtu (9/12/2023).
Editor : Miftahudin"
https://belu.inews.id/read/378763/lawan-basuki-hadimuljono-momen-presiden-jokowi-main-sepak-bola-di-flores-ntt,"Selasa, 05 Desember 2023 | 14:20 WIB",Lawan Basuki Hadimuljono Momen Presiden Jokowi Main Sepak Bola di Flores NTT,"Scan this QR or download app from:
JAKARTA, iNewsBelu.id - Presiden Joko Widodo (Jokowi) bermainsepak bolabersama warga Desa Batu Cermin, Kecamatan Komodo, Kabupaten Manggarai Barat, Nusa Tenggara Timur (NTT), Senin (4/12/2023) sore.
Tampak lapangan ramai dipenuhi warga. Presiden mengenakan kaus olahraga dengan nomor punggung 22. Terlihat juga Menteri Pekerjaan Umum dan Perumahan Rakyat (PUPR)Basuki Hadimuljonodengan nomor punggung 14.
Kehadiran Jokowi pun menambah semangat para pemain dan masyarakat yang menonton secara langsung. Dalam pertandingan ini, Jokowi dan Basuki menjadi kiper dalam tim yang berbeda. Pada menit ke 10, gawang Presiden berhasil ditembus tim Menteri Basuki. Tak lama kemudian, timPresiden Jokowiberhasil menyamakan kedudukan 1-1 hingga pertandingan selesai.
Editor : Stefanus Dile Payong"
https://yogya.inews.id/berita/demo-tuntut-jokowi-mundur-ribuan-mahasiswa-jogja-penuhi-pertigaan-gejayan,"Senin, 12 Februari 2024 - 16:43:00 WIB","Demo Tuntut Jokowi Mundur, Ribuan Mahasiswa Jogja Penuhi Pertigaan Gejayan","Scan this QR or download app from:
JOGJA, iNews.id -Ribuan mahasiswa dari berbagai universitas di Daerah Istimewa Yogyakarta (DIY) mulai memadati Pertigaan Gejayan Kabupaten Sleman. Mereka datang dari sisi barat dan utara pertigaan Gejayan.
Mereka datang membawa berbagai spanduk dan postur kritik dari mahasiswa kepada pemerintahan Jokowi. Ribuan mahasiswa awalnya berkumpul di Bundaran UGM dan depan Kampus Universitas Sanata Dharma.

Selepas salat ashar, mereka kemudian melakukan long march menuju ke pertigaan Gejayan  mereka bakal menggelar aksi demonstrasi dalam tajuk 'Gejayan Memanggil'.
Sesampai di pertigaan Gejayan, sebagian dari mereka naik ke atas papan baliho setinggi 15 meter. Mereka kemudian membentangkan poster kain berukuran besar dari atas papan baliho tersebut. Teriakan demi teriakan menghujat pemerintahan Jokowi terlontar dari para mahasiswa.

Ratusan polisi dan berbagai unsur keamanan nampak berjaga di seputaran Gejayan sejak pagi. Mereka sibuk mengatur arus lalu lintas supaya lancar baik ketika mahasiawa dan juga guru besar serta aktivis lainnya melakukan longmarch.
Editor: Nani Suherni"
https://serpong.inews.id/read/392346/revitalisasi-selesai-jembatan-cisadane-tangerang-diresmikan-presiden-jokowi,"Selasa, 09 Januari 2024 | 06:52 WIB","Revitalisasi Selesai, Jembatan Cisadane Tangerang Diresmikan Presiden Jokowi","Scan this QR or download app from:
TANGERANG, iNewsSerpong.id– Pekerjaan RevitalisasiJembatanCisadane A dan B diKota Tangerangtelah selesai. Revitalisasi jemabatan yang dilakukan oleh KementerianPUPRsejak pertengahan tahun 2022, diresmikan langsung olehPresiden Jokowi, pada Senin (8/12/2024).
Padaperesmiantersebut, nampak hadir Menteri PUPR Basuki Hadimuljono, Menteri Perdagangan Zulkifli Hasan, PJ Gubernur Banten, dan PJ Wali Kota Tangerang.
Presiden Jokowi mengatakan bahwa Jembatan Cisadane yang baru ini dirancang untuk menggantikan jembatan tipe Callender Hamilton sebelumnya yang sudah berusia lebih dari 40 tahun. Adapun pembangunan jembatan tersebut menghabiskan dana sebesar Rp123,3 miliar.
""Total pembangunan 3 jembatan di Banten mengahabiskan dana Rp270,5 miliar. Yang pertama Jembatan Cisadane A dan B di Kota Tangerang biaya kontruksinya Rp106,7 Miliar. Kedua jembatan Batuceper di Tangerang Rp123,2 miliar dan yang ketiga jembatan Tawing Satu di Serang biaya kontruksinya Rp40,6 miliar,"" kata Jokowi di lokasi.
Sebagai jembatan yang menjadi penghubung wilayah Kota Tangerang dengan Kabupaten Tangerang dan DKI Jakarta, Jembatan Cisadane yang baru diklaim memiliki kualitas lebih baik dibanding dengan desain jembatan sebelumnya sebagai upaya untuk meningkatkan konektivitas dalam mendukung pengembangan ekonomi di Kawasan Provinsi Banten.
""Infrastruktur jembatan ini akan semakin baik untuk meningkatkan aksesbilitas jalan di Provinsi Banten antar kota, antar kabupaten melancarkan mobilitas barang, angkutan orang, angkutan logistik dan menekan biaya transportasi semakin efisien,"" tutupnya.
Sementara itu, PJ Wali Kota Tangerang Nurdin menjelaskan bahwa Jembatan Cisadane A dan B masing-masing memiliki panjang 110 meter. Tampilan tanpa tiang penopang, memungkinkan pengendara kendaraan bermotor maupun pejalan kaki dapat langsung melihatSungai Cisadaneyang menjadi sumber air baku dan sarana rekreasi bagi warga Kota Tangerang.
“Festival CIsadane dan berbagai perlombaan juga digelar di Sungai Cisadane setiap tahun , jadi sekarang bisa semakin jelas melihatnya,” puji Nurdin.

Artikel ini telah tayang di www.inews.id dengan judul "" Wajah Baru Jembatan Cisadane Tangerang Habiskan Dana Rp106,7 Miliar "", Klik untuk baca: https://www.inews.id/news/megapolitan/wajah-baru-jembatan-cisadane-tangerang-habiskan-dana-rp1067-miliar/all.
Download aplikasi Inews.id untuk akses berita lebih mudah dan cepat:https://www.inews.id/apps
Editor : A.R Bacho"
https://regional.inews.id/berita/jokowi-resmikan-revitalisasi-terminal-pakupatan-di-serang-banten/2,"Senin, 08 Januari 2024 - 13:57:00 WIB",Jokowi Resmikan Revitalisasi Terminal Pakupatan di Serang Banten,"Scan this QR or download app from:


Menurutnya jika terminal ini modern, jumlah bus juga penumpang akan bertambah dan  menunjukkan adanya pergerakan orang menggunakan transportasi umum.
""Juga meninggalkan image bahwa terminal itu tidak aman, terminal itu tempatnya preman. Harus di balik bahwa terminal itu tempat yang nyaman dan pelayanannya baik,"" ucapnya.

Editor: Donald Karouw"
https://gresik.inews.id/read/398636/kampanye-di-gresik-ahy-pastikan-melanjutkan-program-pro-rakyat-sby-dan-jokowi,"Selasa, 23 Januari 2024 | 22:00 WIB","Kampanye di Gresik, AHY Pastikan Melanjutkan Program Pro Rakyat SBY dan Jokowi","Scan this QR or download app from:
iNewsGresik.id- Ketua Umum PartaiDemokratAgus Harimurti Yudhoyono (AHY) komitmen mendongkrak kesejahteraan pelaku Usaha Mikro, Kecil, dan Menengah (UMKM) di Tanah Air.""Saya berharap seluruh kader Demokrat di seluruh pelosok tanah air terus membina pelaku UMKM untuk mendongkrak perekonomian warga,"" ujar AHY saat menutup festival UMKM Demokrat 2024, sekaligus kampanye akbar di GKB ConvexGresik, Selasa (23/1/2024).
BazarUMKM ini, diselenggarakan DPC Partai Demokrat Gresik, berlangsung selama 3 hari dan diikuti ratusan pelaku UMKM dari Gresik, Lamongan dan Surabaya.
Pada Momen ini, AHY didampingi sang istri, Anissa Pohan Yudhoyono. Selain itu, istri Wakil Gubernur Jatim Arumi Bachsin, Ketua DPC Demokrat Gresik Supriyanto, calon legislatif (caleg) DPR RI, Jemmy Setiawan, dan sejumlah caleg DPRD Jatim dan Caleg DPRD Gresik.
Di hadapan ribuan massa pendukungnya, AHY menyampaikan Partai Demokrat tetap konsisten mendukung upaya meningkatkan perekonomian rakyat, di antaranya melalui festival UMKM ini.
""Kegiatan ini, efektif mendongkrak perekonomian masyarakat,"" tegasnya.
AHY menambahkan bersyukur bisa kembali datang ke kota santri Gresik. Selain berkampanye menyapa masyarakat juga untuk menjelaskan sejumlah program Partai Demokrat yang perjuangkan pada Pemilu 2024.
""Demokrat berkomitmen memperjuangkan kesejahteraan rakyat melalui Program-program pro rakyat, seperti di era Presiden SBY dan Presiden Jokowi,"" ungkap AHY dan mendapatkan sambutan antusias massa pendukungnya.
AHY menyebutkan Gresik memiliki potensi yang luar biasa, menjadi kota industri, juga menjadi lumbung pertanian, dan juga kota santri. Termasuk sektor UMKM akan semakin maju.
“Semoga dengan doa dan dukungan masyarakat di Kabupaten Gresik, maka kami bisa melanjutkan apa yang sudah baik, yang sudah dicapai selama ini, kita lanjutkan,” terangnya.
AHY mengingatkan Demokrat terus berkomitmen meningkatkan kesejahteraan dan sudah terbukti. Selama 10 tahun, yakni tahun 2004-2014, Presiden ke-6 RI Susilo Bambang Yudhoyono (SBY) yang diusung Partai Demokrat, berhasil meningkatkan kesejahteraan masyarakat.
""Program-program pro rakyat ketika itu berhasil membawa pertumbuhan ekonomi sebesar 6 persen bahkan lebih,"" bebernya.
Jika Partai Demokrat kembali sukses dalam Pemilu 2024 ini, lanjut AHY, maka akan memperjuangkan kembali, program-program pro rakyat. Hal ini, untuk mengurangi kemiskinan, membuka lapangan pekerjaan dan  meningkatkan penghasilan.
""Mudah-mudaha partai Demokrat kembali ke Pemerintahan nasional, dan semakin kuat di parlemen baik DPR RI, DPR Provinsi serta DPRD Kabupaten/Kota di manapun berada, sehingga bisa berkontribusi mendongkrak ekonomi masyarakat ,"" tandasnya.
Menurut AHY, pemimpin Jawa TImur pasangan Khofifah dan Emil Dardak merupakan kader Partai Demokrat. Pasangan ini, diharapkan kembali tampil menjadi Gubernur dan Wagub untuk 5 tahun ke depan.
Mereka akan melanjutkan pembangunan yang sudah baik. Prestasi yang sudah dicapai dan segalanya yang sudah baik tentu akan dilanjutkan. Sedangkan hal-hal yang masih belum selesai terus kita perbaiki dan perjuangkan.
""Oleh karena itu, Demokrat akan terus berada di depan untuk meningkatkan kesejahteraan masyarakat,"" ucapnya.
Masih kata AHY, pada Pemilu 2024 mendatang,  mentargetkan mendapatkan 12 persen, jika dikonversikan mencapai 70 kursi di DPR RI. Oleh karena itu, para caleg di manapun berada, struktur partai di seluruh Indonesia harus bekerja sekuat tenaga untuk mendapatkan kursi tadi.
""Tentunya tidak mudah, tetapi kami tetap yakin dan optimis dengan kerja keras, ini minggu-minggu yang sangat menentukan sebelum tanggal pencoblosan,"" terang AHY.
Sementara itu, caleg DPR RI dapil Gresik-Lamongan, Jemmy Setiawan mengatakan mengapresiasi kunjungan AHY di kota santri Gresik. Karena, tak semua Dapil bisa dikunjungi untuk aktivitas pemenangan.
""Mudah-mudahan apa yang diharapkan Ketua Umum dapat kita selesaikan dengan kerja-kerja nyata di lapangan dan menghasilkan buah kemenangan di akhir nanti,"" tegas Jemmy Setiawan
Editor : Agus Ismanto"
https://tangsel.inews.id/read/404669/ridho-pandoe-saat-bertemu-jokowi-sebut-pengusaha-siap-kolaborasi-dengan-pemerintah,"Selasa, 06 Februari 2024 | 23:17 WIB",Ridho Pandoe saat Bertemu Jokowi Sebut Pengusaha Siap Kolaborasi dengan Pemerintah,"Scan this QR or download app from:
JAKARTA,iNewstangsel- Presiden RI Joko Widodo (Jokowi) baru-baru ini berdiskusi dengan sejumlahpengusahadi Istana Negara. Pertemuan itu membahas terkait program pemerintah saat ini supaya bisa dilanjutkan oleh presiden terpilih. Hal itu dilakukan agar terjadi kesinambungan pembangunan yang sudah dikerjakan oleh pemerintah saat ini.
Ridho Pandoe, salah satu pengusaha yang hadir mengungkapkan pihaknya siap bersinergi dengan pemerintah demi menghadirkan ekosistem ekonomi kuat dan berdampak positif pada kesejahteraan masyarakat.
""Demi kesejahteraan masyarakat, kami siap berkolaborasi bersama pemerintah agar bisa berdampak positif pada bisnis yang sudah berjalan,"" kata Ridho Pandoe dalam keterangannya, Selasa (6/2/2024).
Terkait tahun politik dan jelang pemilu 2024, Ridho mengungkapkan, faktor penting dalam mendukung iklim usaha di dalam negeri tetap kondusif adalah stabilitas sosial dan politik yang terjaga.
""Kami mengharapkan Pemilu 2024 dapat berlangsung dengan jujur, adil, dan transparan. Dunia usaha melihat pemilu berlangsung aman dan minimnya konflik dapat membangun kepastian hukum oleh era pemerintahan baru,"" ujar Direktur Utama Bahana Genta Samodra itu.
Sementara itu, Presiden Joko Widodo menyampaikan agar pengusaha tak perlu khawatir terkait pemilihan umum (Pemilu) 2024. Jokowi menekankan bahwa kondisi politik jelang Pemilu saat ini aman.
""Pengusaha diharapkan mensupport selalukebijakan pemerintahdemi kebaikan bersama dan kedepan,"" jelas Jokowi.
Editor : Hasiholan Siahaan"
https://www.inews.id/finance/bisnis/bertemu-presiden-mozambik-jokowi-bahas-perdagangan-hingga-pengadaan-vaksin,"Rabu, 23 Agustus 2023 - 20:56:00 WIB","Bertemu Presiden Mozambik, Jokowi Bahas Perdagangan hingga Pengadaan Vaksin","Scan this QR or download app from:
JAKARTA, iNews.id- Presiden Joko Widodo (Jokowi) melakukan pertemuan bilateral dengan Presiden Republik Mozambik Filipus Nyusi, pada Rabu (23/8/2023). Dalam pertemuan tersebut. Jokowi membahaskerja samaperdaganganhingga pengadaanvaksin.
Jokowi mengatakan, dalam kerja sama ekonomi terkait perdagangan, sejak PTAIndonesia-Mozambikditetapkan pada tahun 2022, perdagangan naik signifikan yaitu 78 persen per juni tahun ini.


""Kami telah sepakat untuk mengoptimalkan pemanfaatan PTA untuk pelaku usaha melalui kerja sama antar kamar dagang,"" kata Jokowi dalam keterangan persnya, Rabu (23/8/2023).
Selain itu, Jokowi dan Nyusi juga membahas kerja sama di sektortransportasi. Jokowi mendorong ekspor produk kereta oleh BUMN Indonesia, yakni PT INKA, ke Mozambik.

Jokowi juga menyambut baik rencana investasi untuk pengelolaan migas oleh BUMN Indonesia dan perluasan investasi di sektor pembangkit listrik. Serta, katanya, produksi dan penjualan distribusi gas oleh perusahaan swasta Indonesia."
https://www.inews.id/news/nasional/presiden-jokowi-undang-3-bacapres-ke-istana-ini-yang-dibahas,"Senin, 30 Oktober 2023 - 10:13:00 WIB","Presiden Jokowi Undang 3 Bacapres ke Istana, Ini yang Dibahas","Scan this QR or download app from:
JAKARTA, iNews.id -PresidenJoko Widodo(Jokowi) dikabarkan telah mengundang tiga bakal calon presiden (bacapres) Pemilu 2024 ke Istana Kepresidenan, Senin (30/10/2023) siang. Mereka yaituGanjar Pranowo,Prabowo Subianto, danAnies Baswedan.
Kabar itu dikonfirmasi langsung oleh Sekretaris Jenderal (Sekjen) Partai NasDem Hermawi Taslim.


""Tigacapresdiundang ke Istana hari ini tanpa cawapres,"" kata Hermawi saat dihubungi, Senin (30/10/2023).
Bagi Hermawi, undangan itu merupakan bentuk dukunganPresiden Jokowiterhadap tiga kandidat bacapres.

""Presiden pernah mengatakan bahwa beliau mendukung ke 3 capres demi kebaikan bangsa. Nah siang ini ketiganya diundang ke Istana. Mungkin inilah wujud dukungan yang dimaksud,"" tuturnya.
Editor: Rizal Bomantama"
https://karawang.inews.id/read/345923/jokowi-apresiasi-berdirinya-ksi-pabrik-katalis-pertama-buatan-anak-bangsa,"Jum'at, 15 September 2023 | 02:48 WIB","Jokowi Apresiasi Berdirinya KSI, Pabrik Katalis Pertama Buatan Anak Bangsa","Scan this QR or download app from:
JAKARTA, iNewskarawang.id – PresidenJoko Widodomengapresiasi sejumlah proyek strategis nasional yang telah rampung. Salah satunyapabrik katalis pertama buatan anak bangsabernama PTKatalis Sinergi Indonesia(KSI). Hal itu disampaikan dalam acara Infrastructure Forum and Edutainment Expo-Sustainable Infrastructure Towards Indonesia Emas 2045 di The Kasablanka Hall, Grand Atrium dan Mosaic Walk, Kota Kasablanka, Jakarta Selatan, Rabu, (13/9/2023).
KSI merupakan proyek strategis nasional di bidang industri proses kimia. Dengan total investasi mencapai Rp.286 miliar, KSI akan membuat katalis, suatu zat yang bisa mempercepat dan mengarahkan reaksi kimia saat mengkonversi suatu bahan baku menjadi bahan lain yang diinginkan.
Karena pabrik katalis pertama yang dibuat bangsa Indonesia, produk katalis buatan KSI disebut sebagai Katalis Merah Putih. Jajaran direksi PT KSI adalah Achmad Setiawan sebagai Direktur Utama, Yogi Utomo sebagai Direktur Keuangan dan Pemasaran, dan Elvianto Riendra sebagai Direktur Produksi dan Riset.
Pabrik itu dibangun di lahan salah satu anak perusahaan Pupuk Indonesia (Persero). Berdiri di lahan seluas 2 hektare di Kawasan Industri Kujang Cikampek, Kabupaten Karawang Jawa Barat, PT KSI merupakan sebuah konsorsium yang dibangun oleh Pupuk Kujang (37 persen), Pertamina Lubricants (38 persen) dan Rekacipta Inovasi ITB. (25 persen).
Rahmad Pribadi, Direktur Utama Pupuk Indonesia menuturkan, Pupuk Indonesia melalui anak usahanya, PT Pupuk Kujang berperan sebagai salah satu investor khususnya dalam penyediaan lahan dan operasional.
“Pabrik katalis ini akan menjadi industri yang ramah lingkungan mendukung pengembangan green fuel, serta pengembangan energi baru dan terbarukan,” kata Rahmad.
Rahmad menegaskan bahwa proyek ini sejalan dengan semangat transisi energi yang diangkat oleh negara-negara di dunia. Proyek katalis ini sendiri merupakan bagian dari roadmap dekarbonisasi perusahaan untuk pengembangan green energy.
“Selain itu, katalis juga bisa dimanfaatkan untuk mempercepat reaksi kimia dalam produksi Amonia dan Asam Sulfat, dimana keduanya merupakan bahan baku produksi pupuk,” kata Rahmad.
Dalam operasinya, KSI diproyeksikan memproduksi 7 jenis katalis. Diantaranya 4 jenis katalis hydrotreating dan 3 jenis katalis oleochemical.
Beragam jenis katalis itu diperlukan di hampir seluruh industri proses termasuk petrokimia, pengilangan minyak dan gas, oleokimia hingga bahan bakar. Katalis hydrotreating misalnya menjadi bahan penting dalam pembuatan bahan bakar nabati.
Dalam pembuatan BBN, misalnya, katalis berfungsi untuk mempercepat reaksi dalam proses perubahan minyak sawit atau minyak buah jarak menjadi BBN. Baik itu bensin, biosolar bahkan bahan bakar pesawat terbang atau avtur. Selain itu, KSI juga bisa membuat katalis oleochemical untuk beragam industri.
Achmad Setiawan, Direktur Utama KSI menuturkan, seluruh produk buatan KSI telah melalui uji laboratotium Research And Technology (RTI) Pertamina. “Kami siap memproduksi katalis hasil formulasi Pertamina,” ujar Achmad di sela peresmian pabrik.
Achmad menuturkan, KSI diproyeksikan bisa memproduksi katalis sebanyak 800 ton katalis per tahun. “Beroperasinya PT KSI diharapkan bisa memenuhi kebutuhan katalis dalam negeri,” ujar Achmad.
Berdirinya KSI tak lepas dari peran sejumlah peneliti ITB. Sejak tahun 2019, tim riset ITB telah menguji bensa atau bensin berbahan kelapa sawit sebagai bahan bakar kendaraan bermotor. Para peneliti ITB menggunakan katalis untuk mengkonversi minyak sawit menjadi diesel nabati (green diesel) atau bensin nabati (green gasoline/bio gasoline) dan mengkonversi minyak inti sawit menjadi avtur nabati (green avtur/bio avtur) yang ketiganya berbentuk ekstrudat.
Editor : Frizky Wibisono"
https://www.inews.id/news/nasional/jokowi-terbitkan-perpres-tunjangan-kinerja-dan-tunjangan-khusus-pegawai-kpk/all,"Jumat, 18 Agustus 2023 - 13:27:00 WIB",Jokowi Terbitkan Perpres Tunjangan Kinerja dan Tunjangan Khusus Pegawai KPK,"Scan this QR or download app from:
JAKARTA, iNews.id- Presiden Joko Widodo (Jokowi) menerbitkan dua peraturan presiden (perpres) tentang tunjangan pegawai Komisi Pemberantasan Korupsi (KPK). Keduanya yakni Perpres Nomor 50 Tahun 2023 dan Perpres Nomor 51 Tahun 2023.
Perpres 50/2023 mengatur soaltunjangan kinerjapegawai KPK, sedangkan Perpres 51/2023 mengatur tentang tunjangan kinerja khusus pegawai KPK.


Perpres tunjangan Kinerja pegawai KPK terdiri atas 11 pasal. Salah satu pertimbangan perpres ini dibuat karena pemberian tunjangan dilakukan untuk reformasi birokrasi.
""Bahwa pemberian tunjangan kinerja sebagaimana dimaksud dalam huruf a dilaksanakan dalam rangka reformasi birokrasi dan dalam upaya peningkatan kinerja pegawai di lingkungan Komisi Pemberantasan Tindak Pidana Korupsi,"" bunyi pertimbangan Perpres 50/2023 tersebut.

Berikut bunyi Pasal 2 hingga Pasal 4 Perpes Nomor 50 tahun 2023:
Pasal 2

(1) Pegawai di Lingkungan Komisi Pemberantasan Korupsi, selain diberikan penghasilan sesuai dengan ketentuan peraturan perundang-undangan, diberikan tunjangan kinerja setiap bulan.
(2) Tunjangan kinerja sebagaimana dimaksud pada ayat (1) diberikan setelah mempertimbangkan penilaian reformasi birokrasi, capaian kinerja organisasi, dan capaian kinerja individu.

Pasal 3
(1) Tunjangan kinerja sebagaimana dimaksud dalam Pasal 2 tidak diberikan kepada:a. Pegawai di Lingkungan Komisi Pemberantasan Korupsi yang tidak mempunyai jabatan tertentu;b. Pegawai di Lingkungan Komisi Pemberantasan Korupsi yang diberhentikan untuk sementara atau dinonaktifkan;c. Pegawai di Lingkungan Komisi Pemberantasan Korupsi yang diberhentikan dari jabatan organiknya dengan diberikan uang tunggu dan belum diberhentikan sebagai pegawai; dan/ataud. Pegawai di Lingkungan Komisi Pemberantasan Korupsi yang menjalani cuti di luar tanggungan negara atau dalam bebas tugas untuk persiapan masa pensiun.

(2) Ketentuan lebih lanjut mengenai Pegawai di Lingkungan Komisi Pemberantasan Korupsi yang tidak diberikan tunjangan kinerja sebagaimana dimaksud pada ayat (1) diatur dengan Peraturan Komisi Pemberantasan Korupsi.
Pasal 4
Tunjangan kinerja setiap bulan sebagaimana dimaksud dalam Pasal 2 tercantum dalam Lampiran yang merupakan bagian tidak terpisahkan dari Peraturan Presiden ini.
Sedangkan Perpres 51/2023 terdapat 9 Pasal. ""Dalam hal terjadi penurunan penghasilan bagi pegawai di lingkungan KPK yang telah menjadi pegawai aparatur sipil negara, maka selain gaji dan tunjangan sesuai dengan ketentuan peraturan perundang-undangan, perlu diberikantunjangan khususbagi pegawai di lingkungan KPK,"" bunyi pertimbangan Perpres 51/2023.

Adapun bunyi Pasal 1 hingga 4 Perpres 51 Tahun 2023 sebagai berikut:
Pasal 1
(1) Tunjangan khusus dapat diberikan kepada pegawai di lingkungan Komisi Pemberantasan Tindak Pidana Korupsi yang dialihkan menjadi aparatur sipil negara dan yang mengalami penurunan penghasilan, dibandingkan dengan penghasilan yang diterima sesuai dengan ketentuan peraturan perundang-undangan yang mengatur mengenai sistem manajemen sumber daya manusia Komisi Pemberantasan Tindak Pidana Korupsi.
(2) Tunjangan khusus sebagaimana dimaksud pada ayat (1) diberikan setiap bulan sebesar selisih antara penghasilan bulanan yang diterima oleh pegawai di lingkungan Komisi Pemberantasan Tindak Pidana Korupsi sebagai aparatur sipil negara yang meliputi gaji pokok, tunjangan keluarga, tunjangan jabatan, tunjangan pangan/beras, uang makan, tunjangan kinerja dengan penghasilan pegawai di lingkungan Komisi Pemberantasan Tindak Pidana Korupsi sesuai dengan peraturan perundang-undangan yang mengatur mengenai sistem manajemen sumber daya manusia Komisi Pemberantasan Tindak Pidana Korupsi yang meliputi gaji, insentif tetap bulanan, insentif tidak tetap bulanan, insentif tetap tahunan yang dibagi 12 bulan.
(3) Untuk dasar perhitungan penurunan penghasilan, penghasilan sebagaimana dimaksud pada ayat (1) dan ayat (2) tidak termasuk tunjangan asuransi kesehatan dan jiwa dan tunjangan hari tua.
(4) Penetapan besaran tunjangan khusus untuk setiap pegawai sebagaimana dimaksud pada ayat (1) dan ayat (2) dengan memperhatikan ketentuan sebagaimana dimaksud pada ayat (3) dilaksanakan oleh pejabat pembina kepegawaian di lingkungan Komisi Pemberantasan Tindak Pidana Korupsi, setelah berkoordinasi dengan menteri yang menyelenggarakan urusan pemerintahan di bidang keuangan dan menteri yang menyelenggarakan urusan pemerintahan di bidang pendayagunaan aparatur negara.
Pasal 2
(1) Pemberian tunjangan khusus sebagaimana dimaksud dalam Pasal 1 juga berlaku untuk seluruh pegawai, termasuk pegawai negeri sipil pada jabatan fungsional jaksa, pegawai negeri sipil pada jabatan struktural atau jabatan fungsional lainnya, dan/atau anggota Kepolisian Negara Republik Indonesia yang mendapatkan keputusan melaksanakan tugas di Komisi Pemberantasan Tindak Pidana Korupsi dari Presiden atau pejabat pembina kepegawaian di lingkungan Komisi Pemberantasan Tindak Pidana Korupsi, sebelum ditetapkannya Peraturan Presiden ini.
(2) Penetapan besaran tunjangan khusus untuk setiap pegawai sebagaimana dimaksud pada ayat (1) dilaksanakan oleh pejabat pembina kepegawaian di lingkungan Komisi Pemberantasan Tindak Pidana Korupsi, setelah berkoordinasi dengan menteri yang menyelenggarakan urusan pemerintahan di bidang keuangan dan menteri yang menyelenggarakan urusan pemerintahan di bidang pendayagunaan aparatur negara.
Pasal 3
(1) Pemberian tunjangan khusus juga berlaku untuk seluruh pegawai, termasuk pegawai negeri sipil pada jabatan fungsional jaksa, pegawai negeri sipil pada jabatan struktural atau jabatan fungsional lainnya, dan/atau anggota Kepolisian Negara Republik Indonesia yang mendapatkan keputusan melaksanakan tugas di Komisi Pemberantasan Tindak Pidana Korupsi dari Presiden atau pejabat pembina kepegawaian di lingkungan Komisi Pemberantasan Tindak Pidana. Korupsi, setelah ditetapkannya Peraturan Presiden ini.
(2) Penetapan besaran tunjangan khusus untuk setiap pegawai sebagaimana dimaksud pada ayat (1) dilaksanakan oleh pejabat pembina kepegawaian di lingkungan Komisi Pemberantasan Tindak Pidana Korupsi berdasarkan rentang besaran tunjangan khusus sebagaimana tercantum dalam Lampiran yang merupakan bagian tidak terpisahkan dari Peraturan Presiden ini, dengan mempertimbangkan kompetensi pegawai dan keadilan internal,
(3) Ketentuan sebagaimana dimaksud pada ayat (2) dilaksanakan setelah berkoordinasi dengan menteri yang menyelenggarakan urusan pemerintahan di bidang keuangan dan menteri yang menyelenggarakan urusan pemerintahan di bidang pendayagunaan aparatur negara.
Pasal 4
(1) Pegawai Komisi Pemberantasan Tindak Pidana Korupsi yang mengalami mutasi atau promosi jabatan di lingkungan Komisi Pemberantasan Tindak Pidana Korupsi diberikan tunjangan khusus sebagaimana tercantum dalam Lampiran yang merupakan bagian tidak terpisahkan dari Peraturan Presiden ini, pada kelas jabatan yang didudukinya.
Editor: Rizky Agustian"
https://www.inews.id/multimedia/photo/presiden-jokowi-dapat-jersey-bernomor-23-dari-presiden-fifa-gianni-infantino,,Presiden Jokowi Dapat Jersey Bernomor 23 dari Presiden FIFA Gianni Infantino,"JAKARTA, iNews.id-Presiden Joko Widodo(kanan) menerimajerseydari PresidenFIFAGianni Infantino saat peresmian kantor FIFA di Jakarta, Jumat (10/11/2023).
FIFA membangun kantor tetap Asia Hub di Jakarta yang berlokasi di Menara Mandiri II sehingga diharapkan dapat meningkatkan kualitas persepakbolaan Indonesia.
ANTARA FOTO/Hafidz Mubarak A
Editor: Yudistiro Pranoto"
https://www.inews.id/multimedia/photo/pemerintahan-jokowi-bangun-558-jembatan-gantung-selama-2015-2023,,Pemerintahan Jokowi Bangun 558 Jembatan Gantung Selama 2015-2023,"LEBAK, iNews.id- Warga mengendarai kendaraan roda dua melintas dijembatan gantungyang dibangunKementerian PUPRdi Kolelet, Lebak, Banten, Minggu (29/10/2023).
Pemerintah melalui Kementerian PUPR membangun sebanyak 558 jembatan gantung dengan total panjang 34.932 meter selama periode 2015-2023 di Indonesia dalam rangka mempermudah konektivitas antardesa.
ANTARA FOTO/Muhammad Bagus Khoirunas
Editor: Yudistiro Pranoto"
https://www.inews.id/multimedia/infografis/infografis-presiden-jokowi-anugerahkan-6-tokoh-gelar-pahlawan-nasional,,Infografis Presiden Jokowi Anugerahkan 6 Tokoh Gelar Pahlawan Nasional,"JAKARTA, iNews.id -Menko Polhukam Mahfud MD mengungkap Presiden Joko Widodo bakal memberikangelar pahlawan nasionalkepada enam tokoh. Penganugerahan akan dilakukan saat peringatan Hari Pahlawan pada 10 November 2023.
“Dua hari lagi tanggal 10 November, peringatanhari pahlawan nasionalatau peringatan Hari Pahlawan ke-78. Seperti biasa, setiap hari pahlawan kita menganugerahkan gelar pahlawan kepada para pejuang yang dulu ikut memperjuangkan kemerdekaan negara,” kata Mahfud MD di Kantor Kemenko Polhukam, Jakarta Pusat, Rabu (8/11/2023).
Mahfud mengatakan 6 tokoh itu dinilai memiliki peran yang luar biasa dalam memperjuangkan kemerdekaan. “Dan atau ikut mengisi kemerdekaan dengan pengabdian dan perjuangan yang luar biasa jasanya kepada negara,” ucapnya.
Editor: made prisni"
https://probolinggo.inews.id/read/357948/apel-hari-santri-nasional-2023-digelar-di-surabaya-jokowi-inspektur-upacara-menag-komandan-apel,"Senin, 16 Oktober 2023 | 14:08 WIB","Apel Hari Santri Nasional 2023 Digelar di Surabaya: Jokowi Inspektur Upacara, Menag Komandan Apel","Scan this QR or download app from:
JAKARTA, iNewsProbolinggo.id-ApelHari Santri Nasional 2023akan diselenggarakan pada hari Ahad, 22 Oktober 2023, di Tugu Pahlawan Kota Surabaya, Jawa Timur, dimulai pukul 07.00 WIB. Sekretaris JenderalPengurus Besar Nahdlatul Ulama, Saifullah Yusuf (Gus Ipul), menyatakan bahwa Presiden Joko Widodo (Jokowi) akan menjadi Inspektur Upacara Apel Hari Santri.
Menteri Agama,Yaqut Cholil Qoumas(Gus Yaqut), akan bertindak sebagai Komandan Apel. Pembacaan resolusi Jihad akan dilakukan oleh Ketua UmumPBNU,Yahya Cholil Staquf, dan pembacaan doa oleh Rais Aam PBNU, KH Mifthul Ahyar.
""Jadi, Inspektur Apel Hari Santri akan langsung dihadiri oleh Presiden Jokowi, Komandan Apel oleh Gus Men (Menteri Agama Yaqut Cholil Qoumas), Resolusi Jihad oleh Gus Yahya (Ketum PBNU), dan doa oleh Rais Aam (KH Miftachul Akhyar),"" kata Gus Ipul kepada wartawan pada Senin, 16 Oktober 2023.
Keputusan mengenai susunan unsur kekengkapan apel Hari Santri Nasional 2023 disampaikan oleh Gus Ipul setelah memimpin rapat mengenai persiapan rangkaian peringatan Hari Santri Nasional 2023. Rapat ini dihadiri oleh para Ketua PWNU dari seluruh Indonesia, para pengurus 15 badan otonom (banom) NU, dan 18 pengurus lembaga NU.
Selain peserta apel yang mencapai ribuan orang di Tugu Pahlawan, sebagai Ketua Pengarah Panitia HSN PBNU, Gus Ipul juga mengimbau agar semua PWNU menyelenggarakan apel di wilayah masing-masing. Berdasarkan laporan dari pengurus PWNU, diperkirakan mayoritas kantor gubernur akan menjadi lokasi penyelenggaraan apel terakhir bagi Presiden Jokowi.
Sebagai tuan rumah, PWNU Jawa Timur berencana mengirim sekitar 250 ribu santri yang akan mengikuti apel di cabang-cabang masing-masing. ""Dengan demikian, seluruh wilayah dan cabang NU akan mengirim sekitar satu juta orang untuk mengikuti apel Hari Santri Nasional tahun 2023 ini. Terima kasih kepada para kiai pengurus PW dan PCNU,"" ujar Gus Ipul.
Editor : Vitrianda Hilba SiregarEditor Jakarta"
https://www.inews.id/multimedia/photo/penampilan-presiden-jokowi-pakai-baju-raja-pakubuwono-surakarta-hadiningrat,,Penampilan Presiden Jokowi Pakai Baju Raja Pakubuwono Surakarta Hadiningrat,"JAKARTA, iNews.id-Presiden Jokowimemakai baju Ageman Songkok Singkepan Ageng yang biasa dipakai paraRajaPakubuwonoSurakartaHadiningratsaat mengikuti upacara Detik-Detik Proklamasi di Istana Merdeka, Jakarta, Kamis (17/8/2023).
Ageman ini dipakai oleh para Raja Pakubuwono Surakarta Hadiningrat dalam acara Enggar Eggar soho Tedhak Loji, yang artinya saat dimana Raja keluar dari Keraton dengan menaiki kereta kuda, diikuti dengan perangkat keraton untuk terjun langsung melihat kondisi kawulo/masyarakat.
Dalam pelaksanaannya, di sepanjang jalan Sang Raja membagikan uang dan makanan sebagai rasa cinta kasih kepada kawulonya atau bisa disebut dengan turuba (turun ke bawah).
Sebelum memimpin upacara, Presiden menyempatkan diri secara langsung warga yang berada di luar Istana.
Foto: Laily Rachev - Biro Pers Sekretariat Presiden
Editor: Yudistiro Pranoto"
https://www.inews.id/news/nasional/adian-napitupulu-ceritakan-sejarah-pdip-menangkan-jokowi-hingga-gibran,"Minggu, 22 Oktober 2023 - 23:15:00 WIB",Adian Napitupulu Ceritakan Sejarah PDIP Menangkan Jokowi hingga Gibran,"Scan this QR or download app from:
JAKARTA, iNews.id- Politikus PDI Perjuangan,Adian Napitupulumenyinggung soal sejarah partainya memperjuangkan kemenangan hingga mengawal Presiden Joko Widodo (Jokowi). Hal ini diungkapkan Adian menanggapi isu ke mana arah politikPresiden Jokowidalam Pilpres 2024 mendatang.
Adian mengatakan, secara konstitusional Presiden sebagai Kepala Negara maupun Kepala Pemerintahan harus bersikap netral dan tidak berpihak dengan mengumumkan di depan umum.


""Lalu bagaimana dengan sikap Jokowi sebagai kader partai? Untuk menjawab ini ada banyak argumentasi yang bisa disampaikan kenapa seorang kader partai wajib menjalankan keputusan partai dan itu berlaku di semua partai tidak hanya PDI Perjuangan,"" kata Adian, Minggu (22/10/2023).
Adian mengaku memiliki pandangan secara pribadi untuk menanggapi hal tersebut. Dalam pandangannya, dia akan menggunakan referensi sejarah untuk menjawab hal tersebut.

Pertama, kata dia, dalam perjalanan hidup Jokowi, tercatat bahwa PDI Perjuangan adalah partai pengusung yang bersama rakyat telah membawa Jokowi dan keluarga mendapatkan 7 kali kemenangan tanpa putus. Mulai dari 2 kali menjadi Wali Kota, 1 kali menjadi Gubernur DKI, dan 2 kali menjadi Presiden RI.
Di luar itu,PDIPsebagai partai pengusung juga berjuang membawa baik Gibran Rakabuming Raka maupun Bobby Nasution menjadi wali kota Solo dan Wali kota Medan.

""Sempurna!! 7 kemenangan untuk Jokowi dan keluarganya di persembahkan oleh PDI Perjuangan dengan seluruh kader kadernya,"" ujarnya.
Kedua, lanjut Adian, untuk 7 kemenangan itu tidak sedetikpun PDI Perjuangan meninggalkan Jokowi. Seluruh kader PDIP hingga tingkat anak ranting bergotong royong sebisanya, mencetak atribut, berkeliling dari pintu ke pintu meyakinkan pemilih orang demi orang.

""Ketua umum, sekjen, seluruh DPP partai menjadi jurkamnas berkeliling berbagai Propinsi dan kabupaten pagi siang malam. Sungguh sangat melelahkan,"" tuturnya.
"
https://www.inews.id/multimedia/photo/naik-tank-marinir-presiden-jokowi-periksa-pasukan-upacara-hut-ke-78-tni,,"Naik Tank Marinir, Presiden Jokowi Periksa Pasukan Upacara HUT ke-78 TNI","JAKARTA, iNews.id- Presiden Joko Widodo (kedua kiri) naik tankMarinirdidampingi Panglima TNI Laksamana TNI Yudo Margono (kiri) dan komandan upacara Mayjen TNI Choirul Anam (ketiga kiri) memeriksa pasukan saat menjadi inspektur upacara Hari Ulang Tahun (HUT) ke-78 Tentara Nasional Indonesia (TNI) di Lapangan Silang Monumen Nasional (Monas), Gambir, Jakarta, Kamis (5/10/2023).
HUT ke-78 TNImengangkat tema TNI Patriot NKRI: Pengawal Demokrasi untuk Indonesia Maju.
ANTARA FOTO/Akbar Nugroho Gumay
Editor: Yudistiro Pranoto"
https://www.inews.id/finance/bisnis/jokowi-bertemu-pm-li-qiang-china-jadi-mitra-dagang-dan-investor-terbesar-ri/all,"Selasa, 17 Oktober 2023 - 10:30:00 WIB",Jokowi Bertemu PM Li Qiang: China Jadi Mitra Dagang dan Investor Terbesar RI,"Scan this QR or download app from:
JAKARTA, iNews.id- Presiden Joko Widodo (Jokowi) melaksanakan pertemuan bilateral dengan Perdana Menteri (PM)ChinaLi Qiang yang digelar di Diaoyutai State House, Beijing, China, pada Selasa (17/10/2023).
Dalam pertemuan, Jokowi mengapresiasi kemitraan strategis komprehensif antara Indonesia-China yang berkembang sangat baik dalam 10 tahun terakhir.


""RRT (China) menjadimitra dagangterbesar Indonesia dan RRT juga menjadiinvestorterbesar kedua Indonesia,"" ucap Jokowi dalam keterangannya.
Melihat hal tersebut, Jokowi menilaikerja samaantarkedua negara ini dapat turut menguatkan kerja sama regional dan internasional dengan perdamaian dan stabilitas menjadi kunci utamanya.

Selain itu, ia juga turut menyampaikan sejumlah kerja sama Indonesia-China dalam beberapa bidang, antara lain dalam bidang investasi dan infrastruktur, salah satunya di Ibu Kota Nusantara (IKN).
""Saya mengapresiasi kerja sama design planning antara Otoritas Ibu Kota Nusantara dan Shenzen, serta minat swasta Tiongkok di Ibu Kota Nusantara untuk di bidang perumahan dan kesehatan,"" ucapnya.


Lebih lanjut, Jokowi meminta dukungan PM Li Qiang untuk mendorong percepatan realisasi investasi Tiongkok di IKN. Lalu, juga meminta dukungan atas rencana penandatanganan MoU untuk pembangunan kawasan industri hijau di Kalimantan Utara serta realisasi proyek tenaga angin dan tenaga surya.
Dalam bidang perdagangan, Jokowi menyampaikan kepada PM Li Qiang untuk juga mendukung perluasan akses pangan hingga produk pertanian dan perikanan Indonesia di Tiongkok.
""Saya mengharapkan dukungan Yang Mulia untuk perluasan akses pangan, produk pertanian, dan perikanan Indonesia di Tiongkok,"" tutur Jokowi.
Turut mendampingiPresiden Jokowidalam pertemuan antara lain Menteri Luar Negeri Retno Marsudi, Menteri Perdagangan Zulkifli Hasan, Menteri Badan Usaha Milik Negara selaku Ad Interim Menteri Koordinator Bidang Kemaritiman dan Investasi Erick Thohir, Sekretaris Kabinet Pramono Anung, dan Duta Besar RI untuk RRT Djauhari Oratmangun.
Editor: Puti Aini Yasmin"
https://www.inews.id/news/nasional/presiden-jokowi-ternyata-ingin-kenakan-baju-adat-tanimbar-maluku-sejak-lama,"Rabu, 16 Agustus 2023 - 16:58:00 WIB",Presiden Jokowi Ternyata Ingin Kenakan Baju Adat Tanimbar Maluku sejak Lama,"Scan this QR or download app from:
JAKARTA, iNews.id -Presiden Joko Widodo (Jokowi) mengenakanbaju adatTanimbarMalukupadaSidang Tahunan MPRdan Sidang Bersama DPR dan DPD Tahun 2023 di Ruang Rapat Paripurna, Gedung Nusantara MPR/DPR/DPD Senayan, Jakarta, Rabu (16/8/2023). Sekretaris Pribadi Presiden Anggit Noegroho menceritakan awal mula pemilihan baju tersebut.
Anggit menjelaskanPresiden Jokowimemang sudah sejak lama ingin mengenakana pakaian adat Tanimbar, Maluku.


""Ketertarikan Presiden terhadap pakaian adat Tanimbar sebenarnya sudah disampaikan saat melakukan kunjungan kerja ke Saumlaki, Kabupaten Kepulauan Tanimbar Provinsi Maluku 1 September 2022,"" ucapnya, Rabu (16/8/2023).
Anggit mengatakan sudah menjadi kebiasaan setiap tahun, Presiden memerintahkan Sekretaris Pribadi Presiden (Sespri) untuk menyiapkan pakaian adat yang akan dipakai pada pidato kenegaraan tanggal 16 Agustus 2023.

""Sespri kemudian mendata dan mengumpulkan baju-baju adat dari daerah-daerah yg belum pernah dikenakan Presiden. Dari sekian banyak busana adat tersebut dipilih hingga tinggal 3 buah,"" kata Anggit.
Untuk tanggal 16 Agustus 2023, Presiden memilih baju adat dari Kabupaten Kepulauan Tanimbar Provinsi Maluku versi yang sudah modifikasi.
""Pakaian adat Kabupaten Tanimbar ini terdiri atas ikat kepala (kaluyak uke) dengan hiasan burung (somalay), baju, celana panjang dan selempang bersilang dari kain tenun (syal brana) serta sabuk lebar yang juga dari kain tenun,"" kata Anggit.
Anggit pun menjelaskan makna aksesoris pada pakaian adat yang digunakan Presiden. Di antaranya ada yang melambangkan keteguhan, tanggung jawab hingga martabat.
""Aksesoris yang dikenakan berupa kalung yang disebut mamuat, yang menyimpan makna keteguhan terhadap janji untuk menjalani kehidupan. Ikat kepala (Kaluyak uke) dengan aksesori somalay melambangkan tanggung jawab yang diemban seorang laki-laki,"" ucapnya."
https://papua.inews.id/berita/sosok-ridwan-rumasukun-ditunjuk-jokowi-jadi-pj-gubernur-papua,"Jumat, 01 September 2023 - 16:41:00 WIT","Sosok Ridwan Rumasukun, Ditunjuk Jokowi Jadi Pj Gubernur Papua","Scan this QR or download app from:
JAKARTA, iNews.id-Presiden Joko Widodo(Jokowi) telah memutuskan 10 penjabat (Pj) Gubernur untuk 10 provinsi yang habis masa jabatannya pada awal September 2023 ini. Satu di antaranya yakniPj GubernurPapua.
Jokowi menunjuk MuhammadRidwan Rumasukunyang saat ini menjabat Pelaksana Harian (Plh) Gubernur Papua sebagai Penjabat Gubernur.

Terkait keputusan 10 nama Pj Gubernur ini dibenarkan Tenaga Ahli Utama Kantor Staf Presiden (KSP) Ali Mochtar Ngabalin.
""Ya (benar), kemarin diputuskan. Presiden memimpin langsung,"" ujar Ngabalin kepada wartawan, Jumat (1/9/2023).

Diketahui, Muhammad Ridwan Rumasukun bukan orang baru di Papua. Dia seorang birokrat yang sudah sejak lama bertugas di Papua dan pernah menempati sejumlah posisi jabatan.
Saat masih menjabat sebagai Asisten Bidang Umum Setda Papua tahun 2019, dia pernah ditunjuk menjadi Plt Sekda Papua hingga akhirnya didefinitkan pada 2021. Kemudian pada awal 2023, dia diangkat menjadi Plh Gubernur Papua (2023) hingga akhirnya akan segera dilantik menjadi Penjabat Gubernur Papua.

M Ridwan Rumasukun lahir di Jakarta 14 Oktober 1964. Dia menghabiskan masa kecilnya di Sorong, Papua Barat.

Editor: Donald Karouw"
https://www.inews.id/news/nasional/deretan-komandan-upacara-hut-ri-di-era-jokowi-nomor-5-dihampiri-presiden-di-lapangan,"Kamis, 17 Agustus 2023 - 04:58:00 WIB","Deretan Komandan Upacara HUT RI di Era Jokowi, Nomor 5 Dihampiri Presiden di Lapangan","Scan this QR or download app from:
JAKARTA, iNews.id -Komandan upacaraperingatan Hari Ulang Tahun (HUT)kemerdekaanRepublik Indonesia diIstana Merdekaselalu menjadi sorotan. Komandan upacara tersebut biasanya dipegang perwira menengah TNI dengan pangkat kolonel.
Di eraPresiden Joko Widodo(Jokowi) sudah ada 8 sosok terpilih yang pernah menjadi komandan upacara. Komandan upacara bendera pada pagi hari selalu diisi perwira TNI sedangkan upacara penurunan bendera pada sorenya dipimpin perwira Polri.


Berikut 8 perwira menengah TNI yang pernah menjadi komandan upacara di masa pemerintahan Jokowi.
1. Kolonel (Mar) Umar Farouq, 2015

Kolonel (Mar) Umar Farouq dipercaya menjadi komandan upacara HUT ke-70 kemerdekaan RI pada 17 Agustus 2015. Ini merupakan upacara bendera Agustusan pertama Jokowi sebagai presiden.
Umar yang kala itu menjabat Kepala Departemen Marinir di lingkungan Akademi Angkatan Laut (AAL) lolos seleksi ketat untuk memimpin upacara detik-detik proklamasi itu.
Umar kini telah pecah bintang alias berpangkat brigadir jenderal. Dia menjabat Komandan Pasmar 1.
2. Kolonel (Inf) Sonny Aprianto, 2016
Kolonel (Inf) Sonny Aprianto dipercaya sebagai komandan upacara HUT ke-71 kemerdekaan RI di Istana Merdeka pada 2016. Sonny saat itu merupakan Asintel Kasdam Jaya.
Lulusan Akademi Militer (Akmil) 1990 ini terbilang punya karier cemerlang. Sonny saat ini telah menembus bintang dua alias mayor jenderal.
3. Kolonel (Pnb) Yani Amirullah, 2017
Kolonel (Pnb) M Yani Amirullah menjadi komandan upacara HUT ke-72 kemerdekaan RI pada 17 Agustus 2017. Lulusan Akademi Angkatan Udara (AAU) 1995 ini sekarang telah menyandang satu bintang emas di pundaknya alias marsekal pertama.
Yani merupakan penerbang jet tempur Hawk. Portfolionya di matra udara sangat moncer.
4. Kolonel (Arh) Tri Sugiyanto, 2018
Saat menjadi Asisten Personel Kodam Jaya, Kolonel Arhanud Tri Sugiyanto terpilih sebagai komandan upacara HUT ke-73 kemerdekaan RI pada 17 Agustus 2018. Dia merupakan lulusan Akmil 1996 dari kecabangan artileri pertahanan udara.
Prajurit kelahiran Magetan ini pernah menjabat Danyon Arhanudse-14 (2013-2014) dan Dandim 0609/Kabupaten Bandung (2014-2016). Setelah itu dia dipercaya menjadi Waaspers Kodam Jaya (2016-2017), Dandim 0609/Kab Bandung (2014-2016), Komandan Resimen Arhanud 1/Falatehan (2017-2018) serta Aspers Kodam Jaya (2018-2019).
Dia lantas ditunjuk menjadi Staf Ahli Bidang Ideologi Politik Kasdam XVIII/Kasuari dan Wadanpusdik Arhanud.
5. Kolonel Laut (P) Hariyo Poernomo, 2019
Prajurit TNI AL kembali terpilih sebagai komandan upacara di Istana Merdeka pada 2019. Kolonel Laut (P) Hariyo Poernomo mengomandoi upacara HUT ke-74 kemerdekaan RI pada 17 Agustus 2019.
Kala itu, Hariyo merupakan Kepala Departemen Strategi Sekolah Staf dan Komando Angkatan Laut (Seskoal). Momen istimewa terjadi pada tahun itu. Seusai upacara, Presiden Jokowi turun podium dan menghampiri Hariyo. Jokowi lantas menyalami dan menepuk pundak sang komandan.
Kini Hariyo telah pecah bintang menjadi laksamana pertama. Dia menjabat Kepala Dinas Sejarah TNI Angkatan Laut (Disjarahal)."
https://www.inews.id/multimedia/infografis/infografis-spesifikasi-mobil-antipeluru-presiden-jokowi-di-ktt-g20-india,,Infografis Spesifikasi Mobil Antipeluru Presiden Jokowi di KTT G20 India,"JAKARTA, iNews.id –Presiden Joko Widodo menghadiri Konferensi Tingkat Tinggi G20 di India. Orang nomor satu di Indonesia itu menggunakan mobil mewahAudisetibanya di Air Force Station (AFS) Oalam, New Delhi, India.
Pemerintah India telah mempersiapkan beberapa modelmobil antipeluruuntuk kepala negara yang hadir diKTT G202023. Ada tiga brand mobil premium yang digunakan, yaitu Mercedes-Benz, BMW dan Audi.
Jokowi menggunakan Audi A8 L Security yang dilengkapi sejumlah fitur pelindung. Mobil sedan ini diklaim dapat menahan peluru AK-47, granat, dan ranjau. Audi A8 L Security juga memiliki sertifikasi perlindungan balistrik VR9 dengan bobot substansial 3.875 kilogram.
Editor: made prisni"
https://www.inews.id/news/nasional/samawi-tegaskan-tetap-kawal-program-jokowi-mesti-tak-lagi-jabat-presiden,"Minggu, 08 Oktober 2023 - 03:24:00 WIB",Samawi Tegaskan Tetap Kawal Program Jokowi Mesti Tak Lagi Jabat Presiden,"Scan this QR or download app from:
JAKARTA, iNews.id -Presiden Joko Widodo(Jokowi) menghadiri penutupan rapat pimpinan Nasional (Rapimnas) Solidaritas Ulama Muda Jokowi (Samawi) yang digelar di Istora Senayan, Jakarta, Sabtu (7/10/2023). Samawi memastikan tetap mengawal program Jokowi meski orang nomor satu diIndonesiaitu tak lagi menjabat.
Ketua Samawi Gus Hadi Nur mengatakan pihaknya akan mendukung bakal calon presiden (Bacapres) yang akan melanjutkan program Jokowi. Namun dia belum merincikan siapa bacapres yang akan didukung.


""Kalau mau jawabannya tunggu nanti pukul 20.00 WIB di Kertanegara,"" ucap Ketua Samawi Gus Hadi Nur di Istora Senayan.
Dia mengatakan, Rapimnas hari ini dihadiri oleh 10.000 anggota dari Jabodetabek, Jawa Barat hingga perwakilan dari berbagai wilayah di Indonesia. Mereka hadir guna menyatukan pandangan arah politik di Pilpres 2024 mendatang.

Selain menyampaikan rekomendasi atas salah satu nama bacapres kepada Jokowi, Gus Hadi mengatakan pihaknya akan merapikan struktur anggota dan pengurusnya di seluruh Indonesia hingga ke tatanan Desa.
""Hasilnya menata merapikan struktur di seluruh Indonesia sampai tatanan desa. Memberi pandangan-pandangan beliau untuk Indonesia ke depan terus dan lain sebagainya,"" ucapnya.
Sementara itu, Sekjen Samawi Gus Nizar Ahmad Saputra menyebut pihaknya akan mengedepankan politik kegembiraan dan menyejukkan untuk kemaslahatan bersama. Dirinya juga kagum dengan hasil kerja Jokowi seperti kereta api cepat, MRT, LRT, dan hilirisasi.
""Kami meyakini semuanya itu tidak akan bisa terwujud tanpa kepemimpinan yang visioner, eksekusi yang tepat, konsisten dan penuh keberanian. Kepemimpinan itu lah yang kita lihat di bapak Presiden Joko Widodo,"" katanya."
https://www.inews.id/otomotif/niaga/intip-mobil-antipeluru-audi-a8-l-security-digunakan-presiden-jokowi-di-ktt-g20-india,"Senin, 11 September 2023 - 09:10:00 WIB",Intip Mobil Antipeluru Audi A8 L Security Digunakan Presiden Jokowi di KTT G20 India,"Scan this QR or download app from:
JAKARTA, iNews.id–Presiden Joko Widodo(Jokowi) menghadiri Konferensi Tingkat Tinggi (KTT) G20 diIndia. Dalam acara tersebut, orang nomor satu di Indonesia itu menggunakan mobil mewahAudisetibanya di Air Force Station (AFS) Oalam, New Delhi, India.
Dilansir dariTimes of India, Senin (11/9/2023), pemerintah India telah mempersiapkan beberapa model mobil antipeluru untuk kepala negara yang hadir diKTT G202023. Ada tiga brand mobil premium yang digunakan, yaitu Mercedes-Benz, BMW dan Audi.

Jokowi menggunakan Audi A8 L Security yang dilengkapi sejumlah fitur pelindung. Mobil sedan ini diklaim dapat menahan peluru AK-47, granat, dan ranjau.
Audi A8 L Security juga memiliki sertifikasi perlindungan balistrik VR9 dengan bobot substansial 3.875 kilogram. Mobil ini memiliki sistem pemadam kebakaran dengan nozel di kompartemen mesin, tangki bahan bakar, bagian bawah bodi mobil, serta velg,

Diketahui, model terbaru Audi A8 L Security diluncurkan di Rusia, pada 2022. Mobil seharga Rp11 miliar ini diciptakan untuk kendaraan operasional kepala negara, sehingga tidak mengherankan apabila dibekali keamanan tingkat tinggi.
Audi membekali mobil ini dengan sistem udara segar darurat, agar penumpang VIP bisa bernapas dengan nyaman saat terjadi insiden tak terduga. Jika terjebak di dalam kabin, Audi memasang sistem piroteknik yang dapat memisahkan engsel pintu.

"
https://cilegon.inews.id/read/344340/kunjungi-kota-cilegon-presiden-jokowi-dijadwalkan-singgah-ke-pasar-kranggot,"Senin, 11 September 2023 | 17:10 WIB","Kunjungi Kota Cilegon, Presiden Jokowi Dijadwalkan Singgah ke Pasar Kranggot","Scan this QR or download app from:
CILEGON, iNewsCilegon.id–Presiden Joko Widodo(Jokowi) direncanakan mengunjungi Kota Cilegon, Selasa (12/9/2023). Jokowi akan melihat realisasi investasi PT Lotte Chemical Titan Tbk diKelurahan Geremdan Rawa Arum, Kecamatan Grogol, Kota Cilegon.
Sejumlah pejabatPemkot Cilegonpun menggelar rapat persiapan kedatangan orang nomor satu di Indonesia. Hal itu, karena selain kunjungan ke PT Lotte Chemical Tbk. Jokowi juga berencana singgah ke Pasar Kranggot untuk memberikan bantuan sosial.
Plh. Asda II Kota Cilegon Ahmad Aziz Setia Ade Putra mengatakan, kunjunganPresiden Jokowike Pasar Kranggot direncanakan pada Selasa (12/9/2023) sekira pukul 10.00 WIB. Dipilihnya Pasar Kranggot sebagai lokasi kunjungan karena lokasinya yang strategis di tengah kota.
""Rencananya Pak Presiden mau ketemu pedagang sekaligus memberikan BLT (bantuan langsung tunai) dan juga memberikan sembako kepada PKL. Ya mudah-mudahan kondisi pasar masih ramai pada jam 10.00 WIB tersebut,"" kata Aziz, sebagaimana dirilis Diskominfo, Senin 11 September 2023.
Sesuai hasil rapat jajaran Pemkot Cilegon, tambah Aziz, pihaknya menyiapkan dua opsi pasar tradisional untuk dikunjungi Presiden Jokowi, yakni Pasar Kranggot dan Pasar Merak. ""Tapi sebelumnya waktu kunjungan ke Pasar Blok F beberapa bulan lalu, kami juga pernah tawarkan Pasar Merak, tapi yang dipilih Pasar Blok F,"" jelasnya.
Sementara itu, Kepala Dinas Perindustrian dan Perdagangan (Disperindag) Kota Cilegon Syafrudin memastikan Pasar Kranggot menjadi tujuan utama Presiden setelah ke Lotte. Kepastian itu didapat setelah ia mengikuti rapat dengan Pemprov Banten yang juga dihadiri tim kepresidenan.
""Insya Allah kami siap menerima kunjungan Pak Presiden. Kita sedang berkoordinasi dengan pihak-pihak terkait mulai dari Dinas Perhubungan, Kepolisian dan TNI yang akan mengatur lalu lintas dan keamanan, serta Satpol PP yang mengatur ketertiban di sekitar Kranggot,"" ungkapnya.
Editor : Mohamad Hidayat"
https://www.inews.id/news/nasional/presiden-jokowi-restui-mahfud-md-jadi-cawapres-ganjar-beri-ucapan-selamat/all,"Selasa, 24 Oktober 2023 - 17:57:00 WIB","Presiden Jokowi Restui Mahfud MD Jadi Cawapres Ganjar, Beri Ucapan Selamat","Scan this QR or download app from:
JAKARTA, iNews.id -Menko PolhukamMahfud MDmenemuiPresiden Joko Widodo(Jokowi) di Istana Kepresidenan, Jakarta, Selasa (24/10/2023) sore untuk melaporkan pendaftaran dirinya sebagaicawapresbersamaGanjar Pranowo. Mahfud mengatakan Presiden Jokowi telah memberikan restu.
Bahkan, Jokowi mengucapkan selamat atas terpilihnya Mahfud sebagai cawapres Ganjar.


""Iya sudah, beliau mengucapkan selamat, merestui. Kalau resminya restu itu izin, sudah diberikan tanggal 18 (Oktober 2023) ketika saya deklarasi pagi, Bu Mega deklarasi pagi, sorenya saya kirim surat ke beliau,"" ucap Mahfud di Kantor Kemenko Polhukam, Jakarta, Selasa (24/10/2023).
Alasan Mahfud mengirim surat karena saat itu Jokowi tengan melakukan kunjungan kerja ke Beijing dan Riyadh. Pertemuan keduanya pun baru bisa terealisasi pada hari ini.

""Beliau (Presiden) di luar negeri, langsung dijawab dari luar negeri. Pak Mensesneg (Pratikno) komunikasi langsung, diizinkan malam itu juga, nah ketemunya baru tadi, beliau mengucapkan selamat,"" ucap Mahfud.
Mahfud mengatakan Jokowi menitipkan pesan agar dirinya menjalankan pemilu dengan baik dan damai tanpa adanya permusuhan.
""Nitip saja pemilu berjalan dengan baik, pemilu bukan untuk bermusuhan tapi untuk besama-sama menjadi wakil rakyat dan pemimpin negara yang dipilih oleh rakyat sendiri,"" tutur Mahfud.
Sebelumnya, Mahfud MD menghadap Presiden Jokowi di Istana Kepresidenan, Jakarta pada Selasa (24/10/2023) sore.  Pantauan di lokasi, Menko Polhukam itu tiba sekitar pukul 15.17 WIB. Mahfud tampak mengenakan batik lengan panjang berwarna cokelat.
""Biasa kan ketemu presiden. Menteri biasa (ketemu),"" kata Mahfud di Kompleks Istana Kepresidenan, Jakarta, Selasa (24/10/2023).
Editor: Rizal Bomantama"
https://madiun.inews.id/read/352369/jokowi-resmi-beri-nama-whoosh-begini-spesifikasi-kereta-cepat-jakarta-bandung,"Senin, 02 Oktober 2023 | 11:08 WIB","Jokowi Resmi Beri Nama Whoosh, Begini Spesifikasi Kereta Cepat Jakarta-Bandung","Scan this QR or download app from:
JAKARTA, iNewsMadiun.id -Presiden Jokowimemberi namaWhooshkepadakereta cepatJakarta-Bandungsaat peresmian di Stasiun Halim, Jakarta Timur. ""Kereta cepat Jakarta Bandung ini merupakan kereta cepat pertama di Indonesia dan juga pertama di Asia Tenggara. Dengan kecepatan 350 km per jam, dan kereta cepat ini kita namakan Whoosh, W, o, o, s, h, di baca whoosh,"" kata Presiden Jokowi, Senin (2/10/2023).
Jokowi menjelaskan bahwa nama Whoosh terinspirasi dari suara kecepatan dan memiliki singkatan waktu hemat operasi optimal sistem hebat (Whoosh). Kereta Cepat Whoosh menjadi kereta cepat pertama di Indonesia dan Asia Tenggara. ""Ini di inspirasi dari suara yang melesat dari kereta berkecepatan tinggi ini. Dan singkatan dari Waktu hemat operasi optimal sistem hebat. Sekali lagi W, h, o, o , s h, tapi bacanya whoosh,"" ungkapnya.
Presiden menekan layar sentuh dan penandatanganan prasasti sebagai simbol peresmian pengoperasian Kereta Cepat Jakarta Bandung dengan nama Whoosh. Usai secara resmi menyatakan pengoperasian, Presiden dan rombongan kembali menjajal Whoosh dari stasiun Halim menuju Stasiun Padalarang.
Turut hadir dalam peresmian tersebut Sekretaris Kabinet Pramono Anung, Menko Marves Luhut Binsar Panjaitan, Ketua MPR Bambang Soesatyo, Menteri BUMN Erick Thohir, Menteri Perhubungan Budi Karya Sumadi, Menteri PUPR Basuki Hadimuljono, Menkominfo Budi Arie Setiadi, Menteri Koperasi dan UKM Teten Masduki, Menteri ATR Hadi Tjahjanto, Pj Gubernur DKI Jakarta Heru Budi Hartono, Pj Gubernur Jawa Barat Bey Machmudin serta Direksi KCIC.

Spesifikasi Kereta Cepat Whoos
Kereta Cepat Whoosh menggunakan tipe CR400AF. Tinggi kereta api sekitar 4 meter, lebar 3,36 m, dengan panjang kepala kereta 27,2 m dan intermediate kereta 25 m. Dengan desain tersebut memungkinkan kereta CR400AF memiliki kecepatan hingga 420km/jam dan kecepatan operasional 350 km/jam. Meskipun kecepatan tinggi, dari sisi kenyamanan CR400AF memiliki cabin noise yang lebih rendah sehingga mampu meredam getaran dan suara di dalam kereta dengan lebih optimal.
Setiap rangkaian CR400AF dilengkapi dua Lightning Arrester untuk meningkatkan keamanan terhadap sambaran petir terutama di sisi peralatan tegangan tinggi. CR400AF dilengkapi dengan dua emergency brake. Pertama disebut Emergency Brake EB yang bekerja berdasarkan perintah driver controller, fasilitas emergency brake penumpang dan kontrol kewaspadaan masinis.
Emergency brake kedua disebut Emergency Brake UB yang akan aktif berdasarkan fungsi Automatic Train Protection (ATP), pendeteksi jarak antar kereta dan pada saat power kereta dalam kondisi off / tidak bekerja.  Dengan dua sistem emergency brake ini, CR400AF menawarkan tingkat keamanan yang lebih untuk melindungi kereta pada saat terjadi kesalahan sistem maupun human error. Kereta cepat juga dilengkapi  earthquake sensor, wind sensor, dan rain sensor.
Editor : Arif Handono"
https://www.inews.id/news/nasional/deretan-5-baju-adat-presiden-jokowi-di-sidang-tahunan-mpr,"Rabu, 16 Agustus 2023 - 01:54:00 WIB",Deretan 5 Baju Adat Presiden Jokowi di Sidang Tahunan MPR,"Scan this QR or download app from:
JAKARTA, iNews.id -PresidenJoko Widodo(Jokowi) selalu mengenakan pakaian adat daerah saat Pidato Kenegaraan diSidang Tahunan MPR. Deretan 5baju adatPresiden Jokowidi Sidang Tahunan MPR mengundang perhatian publik.
Presiden Jokowi menggunakan baju adat Bugis pada Sidang Tahunan MPR 2017. Namun, Presiden Jokowi hanya mengenakan jas pada 2018.

Dia melanjutkan lagi untuk menggunakan baju adat pada 2019 hingga 2022. Tahun ini, baju adat pilihan Jokowi masih misteri.
Berikut ini deretan 5 baju adat Presiden Jokowi di Sidang Tahunan MPR seperti dirangkumiNews.id, Kamis (16/8/2023):
Presiden Jokowi mulai membuat kebiasaan baru dengan mengenakan pakaian adat ketika memberikan pidato kenegaraan.
Saat berpidato di sidang MPR/DPR/DPD, Jokowi memakai pakaian adat Bugis lengkap dengan songkok berwarna emas yang disebut songkok Ta Bone (songkok orang Bone).
Presiden Jokowi kembali mengenakan pakaian tradisional Indonesia saat memberikan pidato kenegaraan dalam sidang tahunan MPR/DPR/DPD pada tanggal 16 Agustus 2019.
Jokowi memakai pakaian adat Sasak dari Nusa Tenggara Barat. Pakaian berwarna emas tersebut dilengkapi dengan penutup kepala dan keris.
"
https://regional.inews.id/berita/infografis-makna-dan-filosofi-baju-adat-tanimbar-maluku-yang-dipakai-presiden-jokowi,,,"Scan this QR or download app from:
Alamat yang anda masukkan salah, tidak tersedia atau sudah dihapus"
https://belu.inews.id/read/348837/tinjau-pembangunan-ikn-presiden-jokowi-pasang-bilah-pertama-di-kantor-presiden-ikn/2,"Jum'at, 22 September 2023 | 13:02 WIB",Tinjau Pembangunan IKN  Presiden Jokowi Pasang Bilah Pertama di Kantor Presiden IKN,"Scan this QR or download app from:
Sejalan dengan hal tersebut, Dirjen Cipta Karya, Kementerian PUPR, Diana Kusumastuti menyebut sampai bulan September 2023, progres pembangunan kantor presiden sudah mencapai 38 persen. Saat ini, kantor presiden tersebut sudah memulai tahap pemasangan bilah Garuda.
“Progres kantor presiden yang ada di Ibu Kota Nusantara ini di September 2023 sudah 38 persen, dan ini kita sudah mulai memasang bilah-bilah,” ucapnya dalam kesempatan terpisah. Lebih lanjut, Diana menargetkan pemasangan bilah Garuda dengan jumlah total 4.650 bilah tersebut dapat diselesaikan pada bulan Maret 2024.
“Mudah-mudahan nanti kita selesai di Maret, karena kita ada 465 modul di mana satu modulnya itu ada 10, sehingga kita mempunyai 4.650 bilah yang akan dipasang mulai hari ini,” ucapnya.
Setelah selesai, Garuda yang akan menjadi ikon bangunan tersebut akan memiliki bentangan sayap sepanjang 177 meter dengan tinggi 77 meter. “Sayapnya itu dari ujung ke ujung panjangnya itu 177 meter, kalau dari lengkungannya itu sekitar 239 meter, dan tingginya 77 meter,” kata Diana.
Turut mendampingi Presiden yakni Menteri Pekerjaan Umum dan Perumahan Rakyat Basuki Hadimuljono, Menteri Sekretaris Negara Pratikno, Menteri Investasi/Kepala Badan Koordinasi Penanaman Modal Bahlil Lahadalia, Kepala Otorita IKN Bambang Susantono, Wakil Kepala Otorita IKN Donny Rahajoe, dan Gubernur Kalimantan Timur Isran Noor.
Editor : Stefanus Dile Payong"
https://jabar.inews.id/berita/profil-dan-prestasi-bey-triadi-machmudin-yang-ditunjuk-jokowi-jadi-pj-gubernur-jabar,"Jumat, 01 September 2023 - 16:38:00 WIB",Profil dan Prestasi Bey Triadi Machmudin yang Ditunjuk Jokowi Jadi Pj Gubernur Jabar,"Scan this QR or download app from:
BANDUNG, iNews.id -Presiden Joko Widodo (Jokowi) menunjuk Bey Triadi Machmudin menjabat sebagai penjabat (Pj) Gubernur Jabar menggantikanRidwan Kamilyang habis masa jabatannya pada 5 September 2023. Bey merupakan Deputi Bidang Protokol, Pers, dan Media, Sekretariat Presiden (Setpres).
Pria kelahiran Cirebon 15 April 1970 ini lulusan Fakultas Ekonomi Unika Parahyangan. Bey juga kini satu almamater denganGubernur Jawa Barat Ridwan Kamildi Institut Teknologi Bandung (ITB).

Dia menempuh studi S2 Magister Teknik ITB. Sebelum menduduki jabatan saat ini, Bey pernah menjabat sebagai Kepala Biro Pers Istana pada 2015. Hingga akhirnya dia dilantik menjadi Deputi Bidang Protokol, Pers, dan Media, Setpres oleh Menteri Sekretaris Negara Pratikno di Gedung Krida Bhakti Sekretariat Negara, Jakarta pada Rabu 20 Januari 2021.
Informasi mengenai Bey sangat sedikit. Beberapa capaiannya selama menjabat juga belum banyak muncul di media. Namun, kini Bey telah resmi menjadiPj GubernurJawa Barat menggantikan Ridwan Kamil.


Editor: Agus Warsudi"
https://ambon.inews.id/read/333536/pakaian-adat-tanimbar-maluku-dipakai-jokowi-begini-makna-filosofi-ornamen-dan-hiasan-yang-melekat,"Rabu, 16 Agustus 2023 | 10:54 WIB","Pakaian Adat Tanimbar Maluku Dipakai Jokowi, Begini Makna Filosofi Ornamen dan Hiasan yang Melekat","Scan this QR or download app from:
JAKARTA, iNewsAmbon.id -Presiden Jokowi kenakanpakaian adat TanimbarMalukusaat menghadiri Sidang Tahunan MPR RI di Senayan, Jakarta, Rabu (16/8/2023). Lantas apa makna dan filosofi pakaian adaat tersebut.
Deputi II Kepala Staf Kepresidenan, Abetnego Tarigan, menyatakan bahwa keputusan Presiden Joko Widodo, Jokowi untuk mengenakan pakaian adat Tanimbar Maluku mencerminkan tekad untuk mengangkat kebudayaan dan busana tradisionalsuku Tanimbardi Maluku ke tingkat tertinggi dalam panggung kenegaraan Indonesia.
""Langkah ini merupakan manifestasi dari semangat Presiden Jokowi untuk mengangkat pakaian adat dari wilayah yang belum banyak dikenal oleh masyarakat Indonesia,"" ujar Abetnego dalam pernyataannya pada hari Rabu (16/8/2023).
Pakaian adat pria Tanimbar terdiri dari celana panjang dan kemeja panjang. Pada pakaian adat ini terdapat kelengkapan berupa umpan, yaitu sehelai kain tenun yang dililitkan di tubuh dan diikatkan pada bahu atau pinggang. Di bagian kepala, terdapat hiasan dari bulu burung, sepertiburung cenderawasihataukakatua.
Abetnego menjelaskan bahwa pemilihan pakaian adat Tanimbar ini juga mengingat kunjungan Presiden pada bulan September 2022 yang lalu. Saat itu, Presiden Jokowi diterima dengan antusias oleh masyarakat Tanimbar. Lebih penting lagi, kunjungan tersebut menjadikan Presiden sebagai kepala negara kedua yang mengunjungi Tanimbar.
Editor : Vitrianda Hilba SiregarEditor Jakarta"
https://jabar.inews.id/berita/pemenangan-pemilu-relawan-rumah-jokowi-for-ganjar-bidik-suara-gen-y-dan-z-jabar,"Selasa, 29 Agustus 2023 - 15:05:00 WIB","Pemenangan Pemilu, Relawan Rumah Jokowi For Ganjar Bidik Suara Gen Y dan Z Jabar","Scan this QR or download app from:
BANDUNG, iNews.id- DPD Rumah Jokowi For Ganjar Jawa Barat melihat peluang suara yang sangat besar pada Generasi Y dan Z. Sebab, bonus demografi Jabar yang tercatat mencapai 19 juta jiwa.
Maka dari itu, Gen Y dan Z jadi targetrelawanGanjar di Jabar untuk mendulang suara. Tak pelak, mayoritas pengurus Rumah Jokowi For Ganjar Jabar pun mayoritas diisi kaum muda.

Ketua Umum Relawan Rumah Jokowi, Yonathan Yongki mengatakan, kehadirannya di Bandung kali ini untuk menghadiri peresmian Sekretariat DPD Rumah Jokowi For Ganjar Jabar dan dilanjutkan dengan pelantikan beberapa DPC Rumah Jokowi For Ganjar se-Jabar.
""Program sudah ada di tangan Pak Ketua DPD yang nanti juga akan dilaksanakan saja. Tujuannya cuman satu kok, menang buat Ganjar,"" kata Yongki di Sekretariat DPD Rumah Jokowi For Ganjar Jabar, Jalan Buah Batu Nomor 107, Kota Bandung, Selasa (29/8/2023).

Yongki menjelaskan, Rumah Jokowi merupakan wadah relawan mantan Wali Kota Solo itu dan resmi berdiri yang ditandatangani oleh Jokowi pada 11 April 2014. Dia memastikan, seluruh relawan Rumah Jokowi di Indonesia bakal menyukseskan kemenangan Ganjar Pranowo di Pemilihan Presiden (Pilpres) 2024.
""Sederhana yah. Di sebagian Ganjar itu persis sama Jokowi. Sebagian lagi justru Ganjar tuh lebih dari Jokowi,"" ujar Yongki disinggung alasan yang mendasari dukungan kepada Ganjar Pranowo.

Pada Rapimnas Mei lalu, lanjut Yongki, ada dua keputusan yang diambil. Pertama, pembangunan yang dilakukan Jokowi harus berkelanjutan. Kedua, sosok yang menjamin pembangunan keberlanjutan itu jatuh kepada Ganjar Pranowo.
""Maka tagline kita meneruskan kebaikan, kebaikan selama 10 tahun oleh Jokowi,"" katanya.
Yongki menambahkan, Relawan Rumah Jokowi For Ganjar ini diisi oleh seluruh rakyat Indonesia yang gandrung akan perubahan, kesejahteraan, kesatuan, dan persatuan. Meski begitu, ia enggan membocorkan strategi apa yang akan dilakukan untuk memenangkan Gubernur Jawa Tengah ini.
""Pasti (suara pemula digaet). Itu salah satu segmen yang memang kita targetkan untuk memperoleh suara terbesar dari milenial danGen Z,"" ucap dia.

Editor: Asep Supiandi"
https://malang.inews.id/read/364888/profil-agus-subiyanto-calon-tunggal-panglima-tni-yang-kenal-jokowi-sejak-wali-kota-solo,"Rabu, 01 November 2023 | 12:25 WIB","Profil Agus Subiyanto, Calon Tunggal Panglima TNI yang Kenal Jokowi sejak Wali Kota Solo","Scan this QR or download app from:
JAKARTA, iNewsMalang.id- Presiden Joko Widodo (Jokowi) telah mengusulkan Kepala Staf Angkatan Darat (KSAD), Jenderal TNIAgus Subiyanto, sebagai calon tunggal untuk menggantikan Laksamana Yudo Margono, yang akan memasuki usia pensiun, sebagai Panglima TNI.
Koordinator Staf Khusus Presiden, Ari Dwipayana, menjelaskan bahwaPresiden Jokowitelah mempertimbangkan berbagai aspek, termasuk profesionalisme dan kebutuhan strategis pertahanan negara sebelum menentukan Agus Subiyanto sebagai kandidat.
""Presiden memiliki hak prerogatif untuk memilih Panglima TNI, dengan mempertimbangkan berbagai aspek kualifikasi kepangkatan, kepemimpinan, profesionalisme, rotasi antarmatra, serta berdasarkan kebutuhan strategis pertahanan negara,"" ujar Ari, pada Selasa (31/10/2023).
Ketua DPR, Puan Maharani, telah menerima Surat Presiden (Surpres) yang berisi usulan calon Pengganti Panglima TNI menggantikan Laksamana Yudo Margono. Puan mengumumkan hal ini setelah menggelar sidang paripurna ke-8 Masa Persidangan II Tahun Sidang 2023-2024 pada Selasa (31/10/2023).
Puan menyampaikan, ""Pada kesempatan ini saya akan mengumumkan nama calon pengganti Panglima TNI Laksamana Yudo Margono. Nama yang diusulkan oleh presiden adalah Jenderal TNI Agus Subiyanto, yang saat ini menjabat sebagai KSAD.""
Editor : Arif Handono"
https://jabar.inews.id/berita/pidato-di-ktt-brics-jokowi-tegaskan-spirit-bandung-harus-diperkuat-hadapi-krisis-dunia,"Jumat, 25 Agustus 2023 - 05:21:00 WIB","Pidato di KTT BRICS, Jokowi Tegaskan Spirit Bandung Harus Diperkuat Hadapi Krisis Dunia","Scan this QR or download app from:
JAKARTA, iNews.id-Presiden Joko Widodo(Jokowi) menyebut untuk menghadapi krisis global dibutuhkan kekompakan dan solidaritas antarnegara. Termasuk di antara negara-negara selatan global.
Jokowi menegaskan, semangat ‘Bandung’ yang masih sangat relevan harus terus diperkuat. Hal tersebut disampaikan dalam sesi BRICS-Africa Outreach and BRICS Plus Dialogue, Konferensi Tingkat Tinggi (KTT) BRICS ke-15 yang digelar di Sandton Convention Center, Johannesburg, Republik Afrika Selatan, Kamis (24/8/2023).
“Kehadiran saya di sini juga didasari keinginan untuk terus menghidupkan ‘spirit Bandung’ yang masih sangat relevan sampai saat ini, di mana solidaritas, soliditas dan kerja sama antarnegara berkembang perlu terus diperkuat,” ujar Jokowi, Kamis (25/8/2023).
Presiden Jokowi melihat situasi dunia saat ini sedang berada di tengah situasi yang mengancam kehidupan umat manusia. Hal tersebut karena perang dan konflik yang terjadi saat ini.
“Perang dan konflik telah menyebabkan tragedi kemanusiaan, krisis pangan telah mengakibatkan puluhan juta orang jatuh miskin,” kata Presiden.
Selain itu, Presiden juga menyebut ancaman lainnya yang juga mengancam kehidupan dunia yakni perubahan iklim.
“Belum lagi, ancaman perubahan iklim yang mengintai umat manusia,” ucapnya.
Oleh sebab itu, untuk menghadapi berbagai situasi tersebut, Presiden Jokowi memandang kolaborasi dan solidaritas antarnegara di seluruh dunia sangat dibutuhkan, seperti halnya saat menghadapi pandemi Covid-19.“Dari pandemi kita telah diajarkan bahwa krisis global tidak akan bisa selesai kalau kita bekerja sendiri-sendiri atau oleh sekelompok negara saja, dibutuhkan kolaborasi dan solidaritas bersama untuk mengatasinya,” ujar Presiden.

Editor: Donald Karouw"
https://jabar.inews.id/berita/besok-presiden-jokowi-kembali-kunjungi-bandung-tinjau-stasiun-kcjb-tegalluar/2,"Senin, 18 September 2023 - 11:27:00 WIB","Besok Presiden Jokowi Kembali Kunjungi Bandung, Tinjau Stasiun KCJB Tegalluar","Scan this QR or download app from:

Diketahui, Presiden Jokowi bersama sejumlah menteri dan artis mengunjungi Bandung. Jokowi dan rombongan menjajal KCJB dari Stasiun KCJB Halim hingga Stasiun KCJB Padalarang. Dari Padalarang, Presiden ke Bandung menggunakan kereta feeder.

Di Bandung, Presiden Jokowi sempat makan siang di sebuah rumah makan kawasan Sukajadi dan kembali ke Jakarta bersama rombongan.
Editor: Agus Warsudi"
https://jateng.inews.id/infografis/infografis-filosofi-baju-ageman-songkok-singkepan-ageng-yang-dipakai-jokowi-di-upacara-hut-ke-78-ri,,Infografis Filosofi Baju Ageman Songkok Singkepan Ageng yang Dipakai Jokowi di Upacara HUT ke-78 RI,"Scan this QR or download app from:
SURAKARTA, iNews.id- Presiden Joko Widodo mengenakan pakaian Ageman Songkok Singkepan Ageng saat memimpin upacara peringatan Hari Ulang Tahun ke-78 Republik Indonesia di Istana pada tanggal 17 Agustus 2023. Pakaian tersebut memiliki akar yang dalam dalam sejarah kerajaan Mataram.
Pakaian tradisional tidak hanya merepresentasikan identitas budaya suatu daerah, tetapi juga mencerminkan status dan keagungan para pemimpin. Salah satu contoh pakaian tradisional yang kaya akan nilai-nilai sejarah dan budaya adalah Baju Ageman Songkok Singkepan Ageng.
Baju Ageman Songkok Singkepan Ageng merupakan pakaian tradisional khas Jawa yang umumnya dikenakan oleh Raja Pakubuwono, pemimpin dari kerajaan Mataram di Jawa Tengah. Pakaian ini mencerminkan tingkat kebangsawanan dan kedudukan yang sangat tinggi. Kata ""Ageman"" merujuk pada pakaian yang dipakai oleh pangeran atau bangsawan, sementara ""Singkepan Ageng"" mengacu pada bentuk kerah besar yang menjadi ciri khas dari pakaian ini.
Editor : made prisni
Follow Berita iNewsJateng diGoogle News
BERITA TERKAIT
KOMENTAR
Video
Viral! Kapolsek Kendal Tertangkap Masuk Rumah Janda, Propam Turun Tangan
Multimedia |24 hari lalu
Heboh! Surat Ortu Dilarang Tuntut Jika Anak Keracunan Program Makan Gratis di Brebes Viral
Video |26 hari lalu
Unsoed Periksa Oknum Guru Besar Diduga Lecehkan Mahasiswi
Video |1 bln lalu
Jurnalis iNews Dibacok Dua Orang Tak Dikenal di Grobogan, Polisi Telusuri Identitas Pelaku
Video |1 bln lalu
Kenaikan PBB-P2 250 Persen Dibatalkan, Bupati Pati Minta Maaf kepada Warga
Video |2 bln lalu
Photo
1,2 Juta Petasan Hasil Razia Dimusnahkan Polresta Banyumas
Jalanan Dipenuhi Lumpur Bekas Erupsi Kawah Sileri Dieng Mulai Dibersihkan
Warung Sedekah Sediakan 200 Paket Makanan Gratis untuk Warga Kurang Mampu
Intip Keseharian Mantan Wali Kota Solo FX Rudy Jadi Tukang Las
Suasana Desa Kalipedes Tegal Pascabanjir Bandang
KOLOM
Ketika Komunikasi Pemerintah Tak Lagi Dipahami Gen Z
Gas Melon: Ketika Subsidi Tak Sampai, Harga Mencekik Emak-Emak!
Instruktur Berkualitas, Peserta Didik Naik Kelas"
https://bali.inews.id/berita/potret-iriana-jokowi-pakai-baju-adat-bali-tari-legong-asik-menari-dengar-lagu-nona-manis,"Kamis, 17 Agustus 2023 - 12:25:00 WITA","Potret Iriana Jokowi Pakai Baju Adat Bali Tari Legong, Asik Menari Dengar Lagu Nona Manis","Scan this QR or download app from:
JAKARTA, iNews.id -Ibu negara Iriana Joko Widodo (Jokowi) memakaiBaju Adat BaliTari Legongdi Upacara HUT ke-78 RI di Halaman Istana Merdeka, Jakarta, Kamis pagi (17/08/2023). Iriana tertangkap kamera sempat menari saat ada lantunan lagu 'Nona Manis Siapa Yang Punya'.
Baju adat yang dipakaiIriana Jokowiitu terdiri dari kemen berwarna emas yang menjadi penutup di bagian atas serta baju lengan panjang yang terbuat dari kain prada berwarna hijau tua penuh estetika.

Kemen dan baju sekilas terlihat seperti kebaya di Jawa dan memiliki hiasan serta corak khusus. Sementara di bagian rok, Iriana juga tampak mengenakan kain songket yang berwarna senada dengan baju atasan yang ia kenakan.  Kain songket tersebut tampak memiliki corak dan warna emas yang identik dengan kemewahan serta keindahan.
Sebagai hiasan, pada bagian atas, Iriana juga terlihat mengenakan Badong berwarna emas, yakni sebuah perhiasan yang terbuat dari kulit hewan dan dikenakan melingkar di leher sehingga menutupi bahu.

Sementara itu, ada juga penutup dada yang dikenakan dengan tujuan hiasan sekaligus memperkuat pakaian yang dikenakannya. Penampilan Iriana juga tampak kian meriah dengan beberapa pernak-pernik untuk mendukung busana yang dikenakan.
Mulai dari pernak-pernik semacam gelang yang melingkari bagian lengan, hingga gelungan berwarna emas sebagai hiasan kepala yang semakin menambah keunikan dan kemewahan penampilan Iriana pagi itu.

Gelungan sendiri merupakan bagian yang dianggap paling suci dari kostum  lainnya karena kepala juga dianggap sebagai bagian tubuh yang paling suci.
Editor: Nani Suherni"
https://jabar.inews.id/berita/segera-beroperasi-presiden-jokowi-uji-coba-ka-feeder-padalarang-bandung,"Senin, 02 Oktober 2023 - 11:55:00 WIB","Segera Beroperasi, Presiden Jokowi Uji Coba KA Feeder Padalarang Bandung","Scan this QR or download app from:
BANDUNG, iNews.id- Presiden Joko Widodo (Jokowi) melakukanuji cobakeretafeederdari StasiunKereta CepatPadalarang menuju Stasiun Bandung. Uji coba ini sebelum digunakannya secara resmiKA feedermulai 3 Oktober 2023.
Setelah sampai di Stasiun KA Cepat Padalarang, Jokowi langsung menuju ke ke kereta feeder menuju Stasiun Bandung. Jokowi tiba Stasiun Bandung sekitar pukul 10.45 WIB. Sesampainya stasiun, Jokowi langsung menuju rumah makan.

Joko Widodo dijadwalkan akan kembali naik KA Feeder menuju Stasiun Padalarang pada pukul 12.15 WIB. Turut mendampingi, Menteri Koordinator Bidang Kemaritiman dan Investasi Luhut Binsar Panjaitan, Mensesneg Pratikno, Menhub Budi Karya Sumadi, dan lainnya.
Kepala Dinas Perhubungan Jawa Barat A Koswara mengatakan, feeder ini menghubungkan Kota Bandung dan Padalarang. Ini menjadi alternatif untuk penumpang yang akan ke Bandung namun tidak turun di Tegalluar.

""Sekarang paling utama kan ini pakai kereta api feeder dari Kota Bandung ke Padalarang. Kalau dari Tegalluar perhitungannya Tegalluar itu sisa yang tidak turun di Padalarang. Sehingga di sana dilayani bus,"" kata dia.

Editor: Asep Supiandi"
https://medan.inews.id/read/347523/masyarakat-3-desa-di-dairi-minta-presiden-jokowi-perbaiki-jalan-rusak-yang-sudah-puluhan-tahun,"Selasa, 19 September 2023 | 14:04 WIB",Masyarakat 3 Desa di Dairi Minta Presiden Jokowi Perbaiki Jalan Rusak yang Sudah Puluhan Tahun,"Scan this QR or download app from:
DAIRI, iNewsMedan.id- Ratusanmasyarakat Tanah Pinem,Kabupaten Dairidari Tiga Desa yakni Kempawa, Kuta Gamber dan Desa Lau Primbon berarak-arakan melintasi jalan yang rusak di Desa mereka. Hal itu sengaja dilakukan warga guna menyampaikan aspirasi, keluhan dan keresahan mereka kepada pemerintah.
Sekretaris Forum Masyarakat Tenggiring (FMT) Cahaya Ujung mengatakan bahwa aksi yang mereka gelar itu untuk meminta kepada Presiden Joko Widodo (Jokowi) agar memperbaikijalan rusakdi desa mereka yang sudah berlangsung lama hingga puluhan tahun.
""Ini aksi kami dari Forum Masyarakat Tenggiring (FMT) dari tiga Desa menyampaikan aspirasi dan keluhan kepada pemerintah. Yaitu Desa Kuta Gambir, Lau Primbon, Kempawa. Kurang lebih 35 KM jalan penghubung desa yang rusak kami telusuri dengan menggunakan puluhan kenderaan bak terbuka menyerukan perbaikan kepada Bapak Presiden RI Joko Widodo,"" kata Cahaya Ujung didampingi Ligad Tarigan, Selasa (19/9/2023).
Cahaya Ujung juga menerangkan bahwa rusaknya jalan tersebut menjadi batu sandungan bagi masyarakat yang mayoritas menggantungkan hidupnya dari bercocok tanam.
""Pada akhirnya, masyarakat yang didominasi bercocok taman tanaman kemiri dan jagung kerap mengalami kerugian menjual hasil tani karena tingginya biaya transportasi mengangkut hasil tani akibat kondisi jalan yang rusak parah, "" Terangnya saat didampingi kordinator Desa Gamber, Pierre Daniel Sebayang ,ras Kabar Sembiring, Desa Lau Perimbon, Gerhana Leo Ujung dan Julkifli.
Editor : Odi Siregar"
https://medan.inews.id/read/340431/jokowi-kantongi-10-nama-pj-kepala-daerah-hassanudin-pj-gubernur-sumut,"Jum'at, 01 September 2023 | 14:32 WIB","Jokowi Kantongi 10 Nama Pj Kepala Daerah, Hassanudin Pj Gubernur Sumut","Scan this QR or download app from:
JAKARTA, iNewsMedan.id-Presiden Joko Widodo (Jokowi) diketahui telah mengantongi 10 nama penjabat (Pj) Gubernur untuk 10 provinsi yang akan habis masa jabatannya pada September 2023 ini. Dari 10 nama tersebut, salah satunya adalah Hassanudin yang akan ditunjuk sebagaiPj Gubernur Sumut.
Hasanudintidak asing bagi warga Sumatera Utara. Untuk diketahui, Mayor Jenderal TNI (Purn), Hassanudin memiliki jabatan strategis di TNI Angkatan Darat (AD). Dia pernah menjabat Wakil Inspektur Jendral TNI AD masa jabatan 25 Februari 2022 hingga 24 Agustus 2023.
Kemudian, menjabat sebagai Pangdam I Bukit Barisan masa jabatan 18 November 2020 hingga 25 Februari 2022. Pangdam Iskandar Muda, masa jabatan 31 Maret 2020 hingga 18 November 2020. Kepala Staf Kodam I Bukit Barisan masa jabatan 2 Juli 2018 hingga 24 Juli 2019.
Sebelumnya, Presiden Joko Widodo (Jokowi) dikabarkan telah memutuskan 10 penjabat (Pj) Gubernur untuk 10 provinsi yang habis masa jabatannya pada September 2023 ini.
Berdasarkan informasi yang dihimpun, Jokowi menunjuk Bey Machmudin sebagai Pj Gubernur Jawa Barat, lalu Nana Sudjana sebagai Pj Gubernur Jawa Tengah dan Pj Gubernur Bali Sang Made Mahendra Jaya, Hassanudin  ditunjuk sebagai Pj Gubernur Sumut.
Sang Mahendra Jaya ditunjuk sebagai Pj Gubernur Bali, Ridwan Rumasukun ditunjuk sebagai Pj Gubernur Papua, Ayodhia Kalake ditunjuk sebagai Pj Gubernur NTT, Lalu Gita Ariadi ditunjuk sebagai Pj Gubernur NTB, Harrison Azroi ditunjuk sebagai Pj Gubernur Kalimantan Barat, Andap Budhi ditunjuk sebagai Pj Gubernur Sulawesi Tenggara dan Bachtiar Baharuddin ditunjuk sebagai Pj Gubernur Sulawesi Selatan.
Penunjukan Pj tersebut berdasarkan hasil rapat Tim Penilai Akhir (TPA) dan diputuskan Jokowi pada Kamis (31/8) sore kemarin.

Penunjukan Pj untuk sepuluh gubernur pada minggu ini telah disampaikan Presiden Jokowi saat mengunjungi SMKN Jateng pada Rabu (30/8) lalu. Jokowi mengatakan bahwa penunjukan Pj Gubernur paling lambat akan diputuskan minggu ini.
""Belum masuk ke meja saya. Nanti lewat mekanisme TPA. Paling lambat minggu ini kalau sudah masuk di meja saya kita putuskan. Belum. Kalau ditanya siapa, belum tahu,"" kata Jokowi usai meninjau SMKN Jawa Tengah, Rabu (30/8/2023).

Editor : Ismail"
https://kaltim.inews.id/berita/jokowi-ucap-salam-suku-dayak-adil-ka-talino-bacuramin-ka-saruga-basengat-ka-jubata-ini-artinya,"Jumat, 03 November 2023 - 16:50:00 WIB","Jokowi Ucap Salam Suku Dayak Adil Ka Talino Bacuramin Ka Saruga Basengat Ka Jubata, Ini Artinya","Scan this QR or download app from:
SENDAWAR, iNews.id-Presiden Joko Widodo(Jokowi) berkunjung keKabupaten Kutai Barat,Kalimantan Timur, Jumat (3/11/2023). Kedatangannya disambut puluhan ribu warga yang berbondong-bondong memadati Alun-Alun Itho Sendawar.
Antusiasme warga mengingat momen ini merupakan yang pertama kalinya Jokowi ke Kutai Barat. Kedatangannya sekaligus untuk menghadiri Festival Dahau dan memperingati Hari Ulang Tahun (HUT) ke-24 Kabupaten Kutai Barat.

Dalam sambutannya, Jokowi menyapa masyarakat dengan mengucapkan salam Bahasa Dayak.
""Adil Ka' Talino, Bacuramin Ka' Saruga, Basengat Ka' Jubata,"" ucap Jokowi, Jumat (3/11/2023).

Kalimat tersebut merupakan salam budayaSuku Dayak. Salam ini mengandung arti tiga pilar pedoman hidup yakni adil kepada sesama manusia, bercermin kepada surga dan napas hidup berasal dari Tuhan.
Salam dari Jokowi pun disambut riuh dengan warga dengan sahutan.

""Arus... Arus... Arus.... (Setuju..Setuju..Setuju),"" kata para warga yang berdesakan di Alun-Alun Itho.
Jokowi mengaku bahagia bisa hadir menyapa warga Kutai Barat.

""Saya betul-betul sangat senang dan gembira bisa hadir di Bumi Tanaa Purai Ngeriman dalam Festival Dahau yang selalu dinanti warga Kutai Barat,"" katanya.
Jokowi menyampaikan pesan kebangsaan, sebagai negara besar dengan kemajemukan yang memiliki 714 suku agar setiap warga selalu menjaga keutuhan dan persatuan bangsa.


Editor: Donald Karouw"
https://jabar.inews.id/berita/ini-cara-jokowi-agar-pindad-masuk-50-besar-perusahaan-top-dunia,"Selasa, 19 September 2023 - 15:37:00 WIB",Ini Cara Jokowi agar Pindad Masuk 50 Besar Perusahaan Top Dunia,"Scan this QR or download app from:
BANDUNG, iNews.id- Presiden Joko Widodo meyakiniindustri pertahananIndonesia akan masuk 50 besar dunia pada tahun 2025 mendatang. Hal itu didasari perkembangan pesat pada industri pertahanan di Indonesia.
""Pada 2022 peringkatPindadsebagai perusahaan pertahanan menempati posisi 79 dunia. Tahun 2024 kami targetkan  masuk angka 60. Kemudian pada 2025 kami targetkan masuk top fifty,"" jelas  Jokowi saat berkunjung ke kawasan industri PT Pindad, Kota Bandung, Selasa (19/9/2023).

""Ini luar biasa cepat dari sebelumnya waktu tinjau di Turen Malang. Sekarang lihat di sini, lini ranpur, perkembangan cepat sekali,"" katanya.
Menurut dia, progres perkembangan Pindad kelihatan sangat pesat. Produksi Pindad juga terus berkembang dari tahun ke tahun. Ini terlihat dari pendapatan Pindad yang terus naik.


Editor: Asep Supiandi"
https://malang.inews.id/read/334432/kisah-marahnya-presiden-jokowi-usai-berjalan-kaki-3-km-hadiri-hut-tni,"Jum'at, 18 Agustus 2023 | 08:19 WIB",Kisah Marahnya Presiden Jokowi usai  Berjalan Kaki 3 Km Hadiri HUT TNI,"Scan this QR or download app from:
JAKARTA, iNewsMalang.id- Siapa yang tak naik pitam akibat terjebak kemacetan kurang lebih 3 km? Wong cilik atau rakyat biasa saja bisa mengumpat habis-habisan di jalanan. Apalagi jika orang tersebut adalah Presiden Republik Indonesia, orang nomor satu yang memimpin negara dengan luas 1.919.440 km². Namun Presiden Joko Widodo (Jokowi) seolah bisa meredam amarahnya. Jokowi sepertitrade markblusukan-nya, langsung turun dari mobil kepresidenan.
Sepanjang jalan, Presiden yang dilantik pada 20 Oktober 2014 tersebut ramah menjawab masyarakat yang menyapanya. Presiden melambaikan tangannya dengan tenang. “Pak Jokowi, Pak Jokowi,” teriak masyarakat yang menyaksikan Presiden berjalan kaki.
Kisah Presiden terjebak macet barangkali menjadi catatan kelam sejarah peringatanHUT TNI. Bagaimana tidak seorang Presiden yang harus mendapat pengawalan nomor satu malah terjebak macet menuju lokasi acara peringatan HUT TNI. Sungguh kisah tragis yang menjadi kenangan pahit bagi para pengawalnya.
Meski Panglima TNI JenderalGatot Nurmantyosudah meminta maaf, faktanya ada kisah ""MarahnyaPresiden Jokowiusai Berjalan Kaki 3 km Hadiri HUT TNI"".  Sepenggal kisah ini terekam dalam buku  “Menjaga Jokowi Menjaga Nusantara: Catatan Perjalanan Jaguar Komandan Grup A Pasukan Pengamanan Presiden” karya Pangdam Jaya Mayjen TNI Mohamad Hasan.
Dilansir Sindonews.com pada Jumat (18/8/2023), Mayjen TNI Mohamad Hasan pada saat itu adalah Komandan Grup A Pasukan Pengamanan Presiden (Dangrup) A Paspampres. Kenangan mengawal Presiden Jokowi terjebak macet menjadi pengalaman yang tidak bisa dilupakan bagi Pangdam Jaya Mayjen TNI Mohamad Hasan. Grup A diberi tanggung jawab melakukan pengamanan jarak dekat kepada Presiden, Ibu Negara, dan keluarganya.
Editor : Arif Handono"
https://jateng.inews.id/berita/makna-dan-filosofi-baju-ageman-songkok-singkepan-ageng-yang-dipakai-jokowi-di-upacara-hut-ke-78-ri,"Kamis, 17 Agustus 2023 - 09:43:00 WIB",Makna dan Filosofi Baju Ageman Songkok Singkepan Ageng yang Dipakai Jokowi di Upacara HUT ke-78 RI,"Scan this QR or download app from:
SURAKARTA, iNews.id -Makna dan filosofibaju Ageman SongkokSingkepan Agengyang dipakai Presiden Joko Widodo untuk memimpin upacaraHUT ke 78 RIdi Istana, Kamis (17/8/2023) akan dibahas dalam artikel ini. Baju itu tak lepas dari sejarah kerajaan Mataram.
Busana tradisional tidak hanya mewakili identitas budaya suatu daerah, tetapi juga mencerminkan kedudukan dan keagungan para pemimpin. Salah satu contoh busana tradisional yang kaya dengan nilai sejarah dan budaya yakni Baju Ageman Songkok Singkepan Ageng.

Baju Ageman Songkok Singkepan Ageng merupakan busana tradisional Jawa yang biasa dipakai olehRaja Pakubuwono, pemimpin kerajaan Mataram di Jawa Tengah. Busana ini menggambarkan tingkat kebangsawanan dan kedudukan yang tinggi. Nama ""Ageman"" merujuk pada pakaian yang dikenakan oleh pangeran atau bangsawan, sedangkan ""Singkepan Ageng"" mengacu pada bentuk kerah besar yang menjadi ciri khas busana ini.
Baju Ageman Songkok Singkepan Ageng memiliki akar sejarah yang panjang dalam budaya Jawa dan dipercayai memiliki pengaruh dari berbagai elemen budaya lokal serta internasional.

Editor: Nani Suherni"
https://bandungraya.inews.id/read/352068/sejarah-sumur-lubang-buaya-yang-ditinjau-jokowi-di-hari-kesaktian-pancasila,"Minggu, 01 Oktober 2023 | 12:15 WIB",Sejarah Sumur Lubang Buaya yang Ditinjau Jokowi di Hari Kesaktian Pancasila,"Scan this QR or download app from:
BANDUNG, iNewsBandungRaya.id -Presiden Joko Widodo (Jokowi) meninjau lokasisumur Lubang Buayausai memimpin upacara Peringatan Hari KesaktianPancasila, di Monumen Pancasila Sakti, Lubang Buaya, Jakarta Timur, Minggu (1/10/2023).
Lantas, apa itu sumur Lubang Buaya? Bagaimanasejarahdanasal usultempat tersebut? Berikut ulasannya.
Sejarah dan asal usul dari sumur Lubang Buaya tidak pernah lepas dari peristiwa nasional yang terjadi lebih dari satu dekade lalu yaitu peristiwaG30S PKI. Suatu peristiwa berdarah yang dilakukan oleh Partai Komunis Indonesia (PKI) yang memakan korban 7 jenderal TNI.
Sebagai bentuk pengabdian dari gugurnya 7 jendral TNI nama Lubang Buaya dijadikan sebuah museum sejarah yaitu museum Lubang Buaya yang terletak di Jalan Raya Pondok Gede, Lubang Buaya. Serta melekat erat terhadap Jalan Lubang Buaya atau Jalan Monumen Pancasila Sakti di Jakarta.
Sejarah Lubang Buaya
Nama lubang buaya menjadi sangat erat kaitannya dengan Gerakan 30 September 1965. Dimana lokasi lubang buaya menjadi sangat terkenal dengan sumur kecil yang menjadi saksi bisu ditemukanya 7 pahlawan revolusi korban G30 SPKI.
Editor : Rizal Fadillah"
https://sulut.inews.id/berita/4-rekomendasi-mall-di-manado-nomor-3-langganan-presiden-jokowi,"Sabtu, 28 Oktober 2023 - 17:03:00 WITA","4 Rekomendasi Mall di Manado, Nomor 3 Langganan Presiden Jokowi","Scan this QR or download app from:
MANADO, iNews.id-Rekomendasiempat mall yang wajib dikunjungi saat berada diKota Manado, Sulawesi Utara. Bangunannya yang megah dengan area luas menjadikan mall-mall ini sebagai pilihan tempat santai dan nyaman untuk nongkrong bersama teman dan keluarga.
Di Manado ada beberapa mall yang sudah sangat terkenal. Bahkan ada satu mall yang menjadi tempat langganan Presiden Joko Widodo (Jokowi) saat berkunjung ke Bumi Nyiur Melambai.

Megamall Manado merupakan mall yang pertama berdiri di Tanah Nyiur Melambai dengan luas area sekitar 29,161 m2. Lokasinya berada di tengah kawasan bisnis Megamas.
Megamall juga menjadi pilar perbelanjaan yang paling diminati masyarakat Sulawesi Utara, khususnya warga Kota Manado dan sekitarnya.

Mall ini berdiri sejak tanggal 27 Januari 2004 ini memiliki motto 'The One Stop Shopping and Entertainment'. Lokasinya di Jalan Piere Tendean Boulevard, Manado.
Bahu Mall merupakan salah satu pusat perbelanjaan di Manado. Mall ini didirikan pada tahun 2009 yang terdiri atas 2 lantai. Banyak penyewa di mall ini merupakan perusahaan besar, baik skala nasional maupun internasional.

Selain itu, Bahu Mall juga menjadi pusat perbelanjaan yang berkonsep untuk menyediakan seluruh kebutuhan keluarga dalam satu tempat. Lokasinya di Jalan Wolter Monginsidi, Bahu, Malalayang, Kota Manado.

Editor: Donald Karouw"
https://jatim.inews.id/berita/gibran-jadi-bakal-cawapres-prabowo-jokowi-mendukung-dan-merestui/2,"Minggu, 22 Oktober 2023 - 09:00:00 WIB","Gibran Jadi Bakal Cawapres Prabowo, Jokowi: Mendukung dan Merestui","Scan this QR or download app from:

Pengumuman juga dihadiri langsung bakal capres Prabowo Subianto. Isu Gibran menjadi cawapres Prabowo sebelumnya santer muncul sejak beberapa hari terakhir.

Isu ini makin menguat setelah Mahkamah Konstitusi (MK) memutuskan seseorang di bawah umur 40 tahun boleh menjadi capres-cawapres dengan syarat pernah menjadi kepala daerah.
Editor: Nani Suherni"
https://jateng.inews.id/berita/spanduk-dadi-wong-jowo-ojo-lali-jawane-bertebaran-di-jateng-sindir-jokowi-dan-gibran,"Jumat, 27 Oktober 2023 - 06:01:00 WIB","Spanduk Dadi Wong Jowo Ojo Lali Jawane Bertebaran di Jateng, Sindir Jokowi dan Gibran?","Scan this QR or download app from:
SOLO, iNews.id- Sejumlahspandukbertuliskan Dadi Wong Jowo Ojo Lali Jawane (Jadi Orang Jawa Jangan Lupa Jawanya), lengkap dengan gambar Petruk bertebaran di sejumlah wilayah Jawa Tengah (Jateng). Di antaranya diKota Solodan Semarang.
Pantauan di lapangan pada Kamis (26/10/2023) sore, sedikitnya ada dua spanduk dengan desain tersebut terpampang di sepanjang Jalan Ahmad Yani, Banjarsari, Kota Solo.

Titik pertama berada di depan pintu keluar barat Terminal Tirtonadi Solo, sedangkan titik kedua berada di sebelah timur kampus UTP. Dua spanduk itu dipasang berdekatan dengan spanduk bergambar Jokowi dan Prabowo Subianto.
Diduga spanduk tersebut ditujukan kepadaGibran Rakabuming Rakadan juga sindiran bagiPresiden Jokowiyang identik dengan tokoh punakawan, Petruk.

Ketua DPCPDIPSoloFX Hadi Rudyatmomembantah spanduk-spanduk itu dibuat olehPDI Perjuangan(PDIP). Rudy menegaskan bahwa sebelum spanduk-spanduk tersebut terpasang di Kota Solo, pihaknya telah mendapatkan informasi jika spanduk tersebut juga terpasang di wilayah Soloraya.
""Saya tegaskan dilarang menghujat, menjelek-jelekkan, mencaci-maki, capres-cawapres lain. Kita tetap semangat bergotong-royong memenangkan Ganjar-Mahfud,"" tegasnya.

Selain itu, pihaknya juga telah menginstruksikan kepada ke seluruh Kader PDIP hingga relawan untuk tidak memasang spanduk dan alat peraga lainnya, yang memiliki unsur kebencian.
""Dilarang menerima tawaran apapun, memasang spanduk atau demo. Sehingga, pertama , memasang spanduk atau demo di Solo, bukan PDI-P. Kedua, adanya keinginan adu domba dengan Mas Gibran. Saya tidak mau diadu domba dengan mas Gibran,"" katanya.


Editor: Ahmad Antoni"
https://ponorogo.inews.id/read/351046/mencicipi-kuliner-legendaris-ponorogo-garang-asem-ngasinan-jadi-jujukan-presiden-jokowi/2,"Kamis, 28 September 2023 | 12:41 WIB","Mencicipi Kuliner Legendaris Ponorogo Garang Asem Ngasinan, Jadi Jujukan Presiden Jokowi","Scan this QR or download app from:
Warung ini menawarkan berbagai variasi garang asem, mulai dari garang asem ayam, garang asem hati ayam, dan varian menu lainnya. Setiap hidangan garang asem disajikan dengan nasi, dan harganya pun sangat terjangkau.
Rumah Makan Bu Parti juga menjadi langganan para pejabat tinggi negara, dari mulai publik figure, menteri, anggota DPR, sampai dengan juga dinikmati oleh PresidenJoko Widodo.
Warung ini buka setiap hari mulai pagi hingga malam, sehingga Anda memiliki banyak kesempatan untuk mencicipi hidangan lezat mereka saat berkunjung ke Ponorogo.
Garang asem berbahan dasar daging ayam yang memiliki cita rasa asam pedas. Adonan garang asem dibungkus menggunakan daun pisang dan melalui proses kukus.
Jadi, jangan lewatkan kesempatan untuk mencicipi kuliner legendaris yang telah memikat hati Presiden Jokowi ini saat Anda berada di Ponorogo
Editor : Putra"
https://bandungraya.inews.id/read/333547/penampilan-ibu-negara-cantik-dan-flawless-iriana-jokowi-dengan-riasan-minimalis-bennu-sorumba,"Rabu, 16 Agustus 2023 | 11:12 WIB","Penampilan Ibu Negara, Cantik dan Flawless Iriana Jokowi dengan Riasan Minimalis Bennu Sorumba","Scan this QR or download app from:
JAKARTA, iNewsBandungRaya.id -PenampilanIbu NegaraIriana Jokowisukses mencuri perhatian saat mendampingi Presiden Jokowi di Rapat Tahunan MPR RI 2023 yang digelar di Gedung Nusantara Kompleks Parlemen, Senayan, Jakarta Pusat, Rabu (16/8/2023).
Selain karena kebaya kuning nan elegan yang ia kenakan, Iriana juga tampil memesona dengan riasan wajah yang tidak terlalu mencolok namun tampakflawless.
Meski bukan pertama kalinya merias ibu negara, Bennu tampak kembali berhasil membuat Iriana tampil cantik dan memesona di salah satu momen penting itu.
Bennu juga terlihat membagikan beberapa potret penampilan Iriana Jokowi setelah ia rias melalui akun Instagramnya. Dalam dua potret yang ia unggah, riasan wajah Iriana terlihat serasi dengan kebaya kuning yang ia kenakan.
“SIDANG KENEGARAAN IBU NEGARA RI 1 @jokowi,” tulis Bennu, melalui akun Instagramnya, @bennusorumba, Rabu, (16/8/2023).
Dalam potret yang diunggah Bennu, detail riasan wajah Iriana Jokowi tampak terlihat jelas. Meski mengenakan riasan minimalis berupa warna lipstick coral matte, dan blush on merah yang tipis, wajah istri Presiden Jokowi itu tampak terlihat lebih segar.
Ditambah, dengan pulasan eyeshadow berwarna coklat serta bulu mata nan lentik, makin membuat bagian mata Iriana Jokowi terlihat lebih hidup.
Penampilan Iriana juga kian cantik dengan model rambut sanggul andalannya. Ia juga terlihat mengenakan anting serta payet berwarna perak yang membuat penampilannya kian elegan.
Editor : Vitrianda Hilba SiregarEditor Jakarta"
https://www.inews.id/finance/bisnis/dipantau-langsung-jokowi-badan-karantina-indonesia-perketat-pemeriksaan-di-pelabuhan-dan-bandara,"Rabu, 26 Juli 2023 - 11:51:00 WIB","Dipantau Langsung Jokowi, Badan Karantina Indonesia Perketat Pemeriksaan di Pelabuhan dan Bandara","Scan this QR or download app from:
JAKARTA, iNews.id-Badan Karantina Indonesiaakan memperketatpemeriksaanlalu lintas hewan dan tumbuhan dipelabuhandanbandara. Hal itu, sesuai dengan tugas atau mandat khusus dari Presiden Joko Widodo dalam Peraturan Presiden (Perpres) Nomor 45 Tahun 2023 tentang Badan Karantina Indonesia (Barantin).
Melalui Perpres tersebut, Badan Karantina Hewan & Tumbuhan yang ada di Kementerian Pertanian, Badan Karantina Ikan di Kementerian Kelautan Perikanan, serta Direktorat Jenderal Konservasi Sumber Daya Alam dan Ekosistem Kementerian Lingkungan Hidup dan Kehutanan Kementerian Lingkungan Hidup dan Kehutanan dilebur menjadi Badan Karantina Indonesia dan bertanggung jawab langsung kepada Presiden.


Kepala Badan Karantina Indonesia, Bambang, mengatakan tujuan utama regulasi tersebut mencakup dua hal, yakni menjaga ketahanan pangan dan mengakselerasi ekspor pertanian dan perikanan.
""Untuk itu, Badan Karantina akan memperketat lalu lintas hewan dan tumbuhan baik yang masuk maupun yang keluar,"" kata Bambang dalam konferensi pers di Kantornya, Rabu (26/7/2023).
Dia mengungkapkan, ketahanan pangan yang dimaksudkan adalah dengan menjaga komoditas yang masuk agar bersih dari virus maupun bakteri yang berpotensi menimbulkan pandemi."
https://papua.inews.id/berita/jokowi-perintahkan-menko-pmk-dan-mensos-tangani-bencana-kelaparan-di-papua-tengah,"Senin, 31 Juli 2023 - 14:27:00 WIT",Jokowi Perintahkan Menko PMK dan Mensos Tangani Bencana Kelaparan di Papua Tengah,"Scan this QR or download app from:
JAKARTA, iNews.id-Bencana kelaparanakibatcuaca ekstremmelandaPapua Tengah.Presiden Joko Widodo(Jokowi) memerintahkan Menteri Koordinator Bidang Pembangunan Manusia dan Kebudayaan (Menko PMK) Muhadjir Effendy danMenteri Sosial(Mensos) Tri Rismaharini danBNPBuntuk segera cepat menanganinya.
""Saya sudah perintahkan kepada Menko PMK, Menteri sosial, BNPB dan juga di daerah, di Papua untuk segera menangani secepat-cepatnya,"" ujar Jokowi usai meresmikan Sodetan Ciliwung, Jakarta Timur, Senin (31/7/2023).

Jokowi mengungkapkan, terjadinya kelaparan di Papua Tengah karena cuaca dingin saat memasuki musim salju. Hal tersebut membuat tanaman tidak dapat tumbuh dengan baik.
""Problemnya supaya tahu itu ada daerah spesifik yang kalau di musim salju itu yang namanya tanaman tidak ada yang tumbuh. Di ketinggian yang sangat tinggi di distrik itu,"" kata Jokowi.

Permasalahan lainnya terkait dengan urusan keamanan. Pemerintah cukup sulit memberikan bantuan karena faktor keamanan. Pesawat pun tidak berani untuk mendarat membawa bantuan.

Editor: Donald Karouw"
https://www.inews.id/multimedia/infografis/infografis-jokowi-naikkan-tukin-pns-bappenas-bpkp-dan-kemenpanrb,,"Infografis Jokowi Naikkan Tukin PNS Bappenas, BPKP, dan KemenPANRB","JAKARTA, iNews.id-Presiden Joko Widodo(Jokowi) menaikkantunjangan kinerja(tukin) bagi pegawai negeri sipil (PNS) di Kementerian PPN/Bappenas, Badan Pengawasan Keuangan dan Pembangunan (BPKP), dan Kementerian Pendayagunaan Aparatur Sipil Negara dan Reformasi Birokrasi (Kemenpan-RB) yang tertuang dalam tiga Peraturan Presiden (Perpes).
Perpres tersebut di antaranya Perpres No.32/2023 tentang Tunjangan Kinerja Pegawai di LingkunganKemenPANRB, Perpres No.33/2023 tentang Tunjangan Kinerja Pegawai di Lingkungan Kementerian PPN/Bappenas dan Perpres No.34/2023 tentang Tunjangan Kinerja Pegawai di Lingkungan BPKP.
Perpres ini diundangkan dan berlaku mulai dari 13 Juni serta sekaligus mencabut Perpres sebelumnya terkait tukin di kementerian dan lembaga tersebut.
Tukin tertinggi adalah untuk kelas jabatan 17 yang mencapai Rp41,55 juta, kelas jabatan 16 Rp32,54 juta, kelas jabatan 15 Rp24,1 juta, kelas jabatan 14 Rp21,33 juta, kelas jabatan 13 Rp13,67 juta, kelas jabatan 12 Rp12,37 juta, kelas jabatan 11 Rp10,94 juta, kelas jabatan 10 Rp8,45 juta.
Sementara, kelas jabatan 9 Rp7,47 juta, kelas jabatan 8 Rp6,34 juta, kelas jabatan 7 Rp5,07 juta, kelas jabatan 6 Rp4,83 juta, kelas jabatan 5 Rp4,6 juta, kelas jabatan 4 Rp4,17 juta, kelas jabatan 3 Rp3,98 juta, kelas jabatan 2 Rp3,15 juta dan kelas jabatan 1 Rp2,57 juta.
Editor: Aditya Pratama"
https://www.inews.id/otomotif/mobil/intip-spesifikasi-hongqi-l5-mobil-mewah-bergaya-retro-yang-ditumpangi-jokowi-di-china/2,"Jumat, 28 Juli 2023 - 12:46:00 WIB","Intip Spesifikasi Hongqi L5, Mobil Mewah Bergaya Retro yang Ditumpangi Jokowi di China","Scan this QR or download app from:

Sekilas, Hongqi L5 terlihat seperti mobil buatan produsen asal Inggris, Rolls-Royce Phantom. Ini terlihat ketika memperhatikan mobil dari samping, di mana bentuknya terlihat mengotak.
Mobil ini masuk dalam kategori limosin yang menawarkan kenyamanan untuk penumpangnya. Bagian interiornya juga telah dilengkapi dengan jok kelas atas yang memiliki sandaran kepala dengan bentuk yang terinspirasi dari topi Dinasti Tang.
Bahkan, produsen mengklaim bahwa Hongqi L5 memiliki kursi dengan kenyamanan yang dibuat setara dengan kabin pesawat jet pribadi. Itu berkat teknologi pijat yang tersemat pada kursi sehingga membuat penumpang bisa lebih nyaman di perjalanan.
Layaknya pada mobil mewah saat ini, sandaran kursinya dibekali dengan pemanas 5 tingkat yang dapat disesuaikan. Terdapat juga layar LCD 6,5 inci yang tertanam di setiap sandakan kepala jok depan.
Untuk menambah kesan mewah, ditanamkan batu giok pada setiap handle pintu dengan bentuk yang terinspirasi dari perhiasan emas. Desainnya dibuat dengan garis-garis halus yang membetuk gambar awan dan naga.
Di sektor dapur pacu, Hongqi L5 dibekali mesin V12 berkapasitas 6.000 cc yang dapat menyemburkan tenaga 402 hp pada 5.600 rpm dan torsi puncak 550 Nm paa 4.000 rpm.
Tenaga tersebut dialirkan ke seluruh roda melalui transmisi manual 6-percepatan. Untuk mencapai kecepatan 0-100 km/jam hanya butuh 2,59 detik. Mobil ini dapat melaju dengan kecepatan maksimal 260 km/jam.
Editor: Ismet Humaedi"
https://www.inews.id/otomotif/aksesoris/dipakai-jokowi-saat-naik-motor-jaket-lokal-ini-punya-tekad-go-international/2,"Rabu, 05 Juli 2023 - 20:42:00 WIB","Dipakai Jokowi saat Naik Motor, Jaket Lokal Ini Punya Tekad Go International","Scan this QR or download app from:

“Jaket andalan kita model mesh, dari awal launching Rabbit and Wheels sendiri mengeluarkan jaket jenis mesh, karena di Indonesia belum ada yang bikin jaket mesh seperti ini. Itulah kenapa saya berani untuk bikin model ini,” kata Irvan.

Brand apparel asal Bandung ini berdiri pada 2020. Baik desain dan bahan materialnya pun diklaim berkualitas baik. Presiden Jokowi pun terlihat sempat beberapa kali menggunakannya di berbagai acara.
Sebagai informasi, Rabbit and Wheels pada 2022 lalu berhasil menjual lebih dari 5.000 pcs jaket. Sementara untuk harganya, jaket mereka dijual di kisaran Rp500 ribu sampai Rp2 juta.
“Juli ini, Rabbit and Wheels akan launching jaket baru yaitu Legendary Black 23 artikel Mid Night yang dipakai Presiden Jokowi,” ujar Irvan.
Editor: Ismet Humaedi"
https://www.inews.id/news/nasional/mutasi-tni-eks-ajudan-jokowi-kolonel-imam-gogor-jabat-aspers-kaskostrad/3,"Kamis, 13 Juli 2023 - 05:39:00 WIB","Mutasi TNI, Eks Ajudan Jokowi Kolonel Imam Gogor Jabat Aspers Kaskostrad","Scan this QR or download app from:

19. Brigjen TNI Nugroho Djatiwaluyo dari Direvjianbang Sesko TNI menjadi Staf Khusus Kasad
20. Brigjen TNI Suhardi dari Kapoksahli Bais TNI menjadi Kapoksahli Bais TNI
21. Brigjen TNI G. Taufan Gestoro dari Dir D Bais TNI menjadi Kapoksahli Bais TNI
22. Mayjen TNI Djaka Budhi Utama, S.Sos. dari Deputi Bid. Koordinasi Politik Dalam Negeri, Kemenko Polhukam menjadi Pa Sahli Tk. III Bid. Ekkudag Panglima TNI
23. Mayjen TNI Heri Wiranto, S.E., M.M. dari Deputi Bid. Koordinasi Han Negara Kemenko Polhukam menjadi Deputi Bid. Koordinasi Politik Dalam Negeri, Kemenko Polhukam.
24. Mayjen TNI Achmad Riad, S.I.P. dari Pa Sahli Tk. III Bid. Sosbudkum HAM dan Narkoba Panglima TNI menjadi Pati Mabes TNI AD (dalam rangka pensiun)
25. Mayjen TNI Lismer Lumban Siantar, S.I.P. dari Pa Sahli Tk. III Kasad Bid. Jahpers menjadi Pa Sahli Tk. III Bid. Sosbudkum HAM dan Narkoba Panglima TNI
26. Brigjen TNI Arif Bukhori dari Pa Sahli Tk. II Kasad Bid. Intekmil menjadi Pa Sahli Tk. III Kasad Bid. Jahpers
27. Brigjen TNI Amrin Ibrahim, S.I.P. dari Irdam VI/Mlw menjadi Pa Sahli Tk. II Kasad Bid. Intekmil
28. Kolonel Czi Fahrizal Harris, S.E. dari Waasintel Kaskogabwilhan III menjadi Irdam VI/Mlw
29. Brigjen TNI Ludfie Soediarto dari Dandenma Mabesad menjadi Pati Mabes TNI AD (dalam rangka pensiun)
30. Kolonel Czi Suprayoga dari Wadandenma Mabesad menjadi Dandenma Mabesad
31. Brigjen TNI Surjadi Sjamsir, S.H. dari Kaotmilti II Jakarta Babinkum TNI menjadi Kaotmilti IV Makassar Babinkum TNI
32. Brigjen TNI Safrin Rachman, S.H., M.H. dari Kaotmilti IV Makassar Babinkum TNI menjadi Kaotmilti II Jakarta Babinkum TNI,
33. Brigjen TNI Dr. Salidin, S.H., M.Hum. dari Waka Babinkum TNI menjadi Staf Khusus Kasad.
34. Brigjen TNI Dr. Rokhmat, S.H., C.N., M.Kn. dari Kaotmilti I Medan Babinkum TNI menjadi Waka Babinkum TNI
35. Brigjen TNI Sudarma Setiawan, S.E., S.H., CfrA., M.H. dari Kabidbankum Perdatun Babinkum TNI menjadi Inspektur Babinkum TNI
36. Kolonel Chk Roedhi Soerjono, S.E., S.H., CFrA., M.H. dari Kabidbankumperdatun Babinkum TNI menjadi Inspektur Babinkum TNI
37. Brigjen TNI Abidin, S.H. dari Waorjen TNI Babinkum TNI menjadi Staf Khusus Kasad
38. Brigjen TNI Azhar, S.H., M.Kn. dari Kapuslemasmil Babinkum TNI menjadi Staf Khusus Kasad
39. Brigjen TNI Agus Wijanarko, S.H. dari Dirum Puspomad menjadi Kapuslemasmil Babinkum TNI
40. Kolonel Cpm Bayu Ajiwidodo, S.H., M.I.P. dari Dirbinlidpamfik Puspomad menjadi Dirum Puspomad
41. Brigjen TNI Yusri Nuryanto, S.I.P. dari Dircab Puspomad menjadi Ir Puspomad
42. Brigjen TNI Sain Musta’in, S.H. dari Dansatidik Puspomad menjadi Dircab Puspomad,
43. Brigjen TNI Muhammad Yusrif Guntur, S.Sos., M.Si. dari Ir Puspomad menjadi Dansatidik Puspomad.
44. Mayjen TNI Helly Guntoro, S.Sos. dari Kapusbekangad menjadi Pati Mabes TNI AD (dalam rangka pensiun)
45. Brigjen TNI Diding Ahmad Kizwini, S.Sos., M.M. dari Wakapusbekangad menjadi Kapusbekangad
46. Brigjen TNI Rommy Tuwaidan, S.H. dari Dirum Pusbekangad menjadi Wakapusbengad
47. Brigjen TNI Ari Yulistiyo, S.E. dari Dirkuad menjadi Pati Mabes TNI AD (dalam rangka pensiun)
48. Kolonel Cku Andi Tjarwandi, S.E., M.M. dari Wadirkuad menjadi Dirkuad
49. Kolonel Inf Junaidi M., S.Sos., M.Si. dari Pamen Denmabesad menjadi Pa Sahli Tk. II Kasad Bid. Siber
50. Brigjen TNI Amping Bujasar Tangdilintin, S.Sos., M.Si. dari Ir Puspenerbad menjadi Staf Khusus Kasad
51. Kolonel Cpn Asyik Rudianto, S.Mn., M.M. dari Dosen Utama Seskoad menjadi Ir Puspenerbad.
52. Brigjen TNI Abdi Iman Sakti Zebua, S.H., M.M. dari Aspers Kaskostrad menjadi Pati Mabes TNI AD (dalam rangka pensiun)
53. Kolonel Inf Mohammad Imam Gogor Agnie Aditya dari Danrem 083/Bdj (Malang) Kodam V/Brw menjadi Aspers Kaskostrad
54. Brigjen TNI Bambang Siswanto dari Widyaiswara Bid. Juangpimp Seskoad menjadi Pati Mabes TNI AD (dalam rangka pensiun)
55. Kolonel Inf Sukandar dari Analis Madya Bid. Info Strahan di Daerah Pushansiber Bainstrahan Kemhan menjadi Widyaiswara Bid. Juangpimp Seskoad
56. Brigjen TNI Budi Irawan, S.I.P., M.Si. dari Dirjianbang Secapaad menjadi Staf Khusus Kasad
57. Kolonel Inf Akhmad Yani dari Pamen Ahli Bid. Ilpengtek Pussenif menjadi Dirjianbang Secapaad
58. Brigjen TNI Satriojo Pinandojo dari Dirlat Kodiklat TNI menjadi Staf Khusus Panglima TNI
59. Brigjen TNI Khairul Anwar Mandailing, S.H., M.Tr. (Han) dari Staf Khusus Kasad menjadi Dirlat Kodiklat TNI
60. Brigjen TNI Murod, S.H., M.H. dari Staf Khusus Kasad menjadi Staf Khusus Panglima TNI.
61. Brigjen TNI Iwan Bambang Setiawan, S.I.P. dari Penasehat Militer PTRI PBB di New York, Amerika Serikat menjadi Staf Khusus Kasad
62.  Kolonel Inf Felix Lumban Tobing, S.T. M.C.T. dari Paban Utama H - 2 Dit H Bais TNI menjadi Penasehat Militer PTRI PBB di New York, Amerika Serikat
63. Brigjen TNI Putut Widjaksono Hadi, S.I.P. dari Athan RI di Riyadh Saudi Arabia, menjadi Staf Khusus Kasad
64. Kolonel Inf Eri Nassuri, S.E. dari Paban Utama C-1 Dit C Bais TNI menjadi Athan RI di Riyadh, Saudi Arabia
65. Mayjen TNI Dr. Dedy Agus Purwanto, S.H., M.A.P. dari Staf Ahli Bid. Ideologi dan Politik BIN menjadi Pati Mabes TNI AD (dalam rangka pensiun)
66. Brigjen TNI Hardani Lukitanta Adi, S.Sos. dari Kabinda Kalimantan Timur pada Deputi Bidang Intelijen Dalam Negeri BIN menjadi Pati Mabes TNI AD (dalam rangka pensiun)
67. Brigjen TNI Vincentius Setiawan Bayu Sasetyo, S.I.P., M.Si.(Han) dari Agen Intelijen Ahli Madya pada Direktorat Maluku dan Papua, Deputi Bidang Intelijen Dalam Negeri BIN menjadi Pati Mabes TNI AD (dalam rangka pensiun)
68. Brigjen TNI Tato Frederik Pasaka, S.T. dari Agen Intelijen Ahli Madya pada Direktorat Perencanaan Pengendalian Kegiatan dan Operasi Deputi Bid. Intelijen Luar Negeri BIN menjadi Pati Mabes TNI AD (dalam rangka pensiun)
69. Mayjen TNI Widhioseno, S.E., M.Hum. dari Staf Khusus Kasad menjadi Pati Mabes TNI AD (dalam rangka pensiun)
70. Mayjen TNI Gumuruh W., S.E., M.B.A. dari Staf Khusus Kasad menjadi Pati Mabes TNI AD (dalam rangka pensiun)
71. Kolonel Cba Gusman Hakim, S.E., M.M. dari Kasubditbinhar Sdircab Pusbekangad menjadi Dirum Pusbekangad
72. Brigjen TNI Yogi Gunawan dari Pa Sahli Tk. II Kasad Bid. Siber menjadi Pati Mabes TNI AD (dalam rangka pensiun)
73. Brigjen TNI Daryatmo, S.I.P. dari Staf Khusus Kasad menjadi Pati Mabes TNI AD (dalam rangka pensiun)"
https://papua.inews.id/berita/resmikan-bandara-ewer-jokowi-harap-bisa-buka-keterisolasian-di-asmat,"Kamis, 06 Juli 2023 - 15:33:00 WIT","Resmikan Bandara Ewer, Jokowi Harap Bisa Buka Keterisolasian di Asmat","Scan this QR or download app from:
JAKARTA, iNews.id- Presiden Joko Widodo (Jokowi) mengatakan Bandar Udara (Bandara) Ewer di Distrik Agats, Kabupaten Asmat, Papua Selatan, ditujukan untuk melayani kebutuhan transportasi masyarakat. Dia menyebut bandara itu sebagai penghubung antarwilayah.
“Ini penting sekali konektivitas keterhubungan antara sebuah wilayah. Baik itu kabupaten, provinsi maupun pulau karena akan mempercepat mobilitas orang dan mobilitas barang,” kata Jokowi dalam sambutannya saat peresmianBandara Ewer, Kamis (6/7/2023).

Selain itu, kata Jokowi, peresmian pengembangan bandara ini akan membukaketerisolasian wilayahdan akan mempercepat pengiriman logistik di Asmat.
Dalam kesempatan tersebut, Jokowi juga telah mendapat laporan tentang jadwal penerbangan dari Timika sebanyak dua kali seminggu, penerbangan dari Kamur sebanyak empat kali dalam seminggu, dan dari Merauke sebanyak empat kali seminggu.

Dia menyebut penerbangan ke Asmat akan membuka wisata serta semakin meningkatkan perekonomian di wilayah tersebut.
""Ini akan membuka wisata Asmat akan semakin meningkat. Dan kita ingin dengan selesainya Bandara Ewer ini, Asmat akan semakin berkembang dan maju. Dan kita harapkan ekonomi di Kabupaten Asmat di Papua Selatan secara umum akan semakin baik dan meningkat,"" ungkapnya.

Sementara itu dalam laporannya, Menteri Perhubungan (Menhub) Budi Karya Sumadi menyampaikan terminal penumpang Bandara Ewer memiliki arsitektur minimalis dengan ornamen dan interior bernuansa budaya Asmat.
“Seperti pemasangan miniatur perahu suku Asmat yang bukan hanya sekedar alat transportasi tapi juga merupakan filosofi kehidupan dan kematian bagi suku Asmat,” ujar Budi.
Editor: Rizky Agustian"
https://papua.inews.id/berita/jokowi-soal-pembebasan-pilot-susi-air-semua-jurus-digunakan-bawah-dan-atas-tanah,"Rabu, 12 Juli 2023 - 15:20:00 WIT","Jokowi soal Pembebasan Pilot Susi Air: Semua Jurus Digunakan, Bawah dan Atas Tanah","Scan this QR or download app from:
JAKARTA, iNews.id- Presiden Joko Widodo (Jokowi) menyatakan pemerintah mengerahkan segala upaya untuk membebaskanpilot Susi Air, Philips Mark Mehrtens, yang disandera Kelompok Kriminal Bersenjata (KKB) Papua. Dia menyebut semuajurustelah digunakan.
""Semua sudut, semua jurus kita gunakan agar upaya yang kita lakukan betul-betul nanti titik akhirnya menghasilkan sesuatu,"" kata Jokowi dalam keterangannya kepada wartawan di Nyoman Nuarta Gallery, Bandung Barat, Rabu (12/7/2023).

Meski begitu, Jokowi tidak mau membeberkan apa-apa saja jurus yang dilakukan pemerintah untuk bernegosiasi dengan KKB.
""Tapi gak bisa saya sampaikan karena memang upaya itu, ada upayabawah tanah, maupun upayaatas tanah,"" kata Jokowi.

Diberitakan sebelumnya, Kapolda Papua Irjen Mathius Fakhiri membenarkan KKB pimpinan Egianus Kogoya yang menyandera pilot Susi Air tak pernah meminta uang tebusan Rp5 milliar.
Dia mengatakan saat pilot Susi Air disandera 7 Februari 2023 lalu, dirinya meminta Pemkab Nduga untuk menyediakan dana jika KKB meminta uang tebusan untuk pembebasan sang pilot.

Namun belakangan diketahui, hingga kini kelompok teroris bersenjata itu tak pernah meminta uang tebusan.
Editor: Rizky Agustian"
https://www.inews.id/otomotif/aksesoris/dipakai-jokowi-saat-naik-motor-jaket-lokal-ini-punya-tekad-go-international,"Rabu, 05 Juli 2023 - 20:42:00 WIB","Dipakai Jokowi saat Naik Motor, Jaket Lokal Ini Punya Tekad Go International","Scan this QR or download app from:
JAKARTA, iNews.id- Merek apparel lokalRabbit and Wheelspunya tekad go international untuk memperkenalkan produk asli Indonesia. Untuk diketahui, merek ini adalah jaket yang sempat viral digunakan oleh Presiden Jokowi saat mengendarai motornya.
“Saya ingin bawa brand ini di lokal dan berharap bisa membawanya hingga ke internasional,” kata Irvan Octria, owner Rabbit and Wheels.Salah satu strateginya dengan menggelar acara Meet The Bunnies yang berlangsung di Kiara Artha Park, Bandung, pada 2 Juli 2023 lalu.

“Sesuai namanya Meet the Bunnies, kita datangi beberapa kota untuk ketemu dengan konsumen apparel Rabbit and Wheels. Tapi bukan hanya pengguna apparel kita yang boleh hadir, semua bikers juga boleh datang, karena yang bersaudara kan orangnya bukan apa yang kita pakai,"" ujar Irvan.
Irvan sendiri tak menampik bahwa desain apparel atau jaketnya memang terinspirasi dari jaket yang beredar banyak di Jepang. Namun, dia menegaskan Rabbit and Wheels akhirnya punya ciri khasnya sendiri hingga akhirnya bisa diterima dengan baik oleh pasar.

"
https://www.inews.id/news/nasional/profil-letjen-tni-bambang-suswantono-mantan-perisai-hidup-jokowi-yang-masuki-masa-purnatugas,"Kamis, 20 Juli 2023 - 11:50:00 WIB","Profil Letjen TNI Bambang Suswantono, Mantan Perisai Hidup Jokowi yang Masuki Masa Purnatugas","Scan this QR or download app from:
JAKARTA, iNews.id -Panglima TNI Laksamana Yudo Margono memutasi 96 perwira tinggi (pati), 25 di antaranya memasuki masapensiunataupurnatugas. Salah satunya Letjen TNI (Mar) Bambang Suswantono.
Mutasi TNItersebut tercantum dalam Surat Keputusan Panglima TNI Nomor Kep/779/VII/2023 tanggal 17 Juli 2023 tentang pemberhentian dari dan pengangkatan dalam jabatan di lingkungan TNI.


Bambang yang menjabat Inspektur Jenderal TNI dimutasi menjadi Pati Mabes TNI AL dalam rangka pensiun.
Lahir di Semarang pada 6 November 1965, jenderal marinir bintang 3 ini memiliki riwayat karier yang terbilang moncer. Hal ini dibuktikan dengan sejumlah jabatan strategis yang pernah disandangnya.

Salah satunya menjadi KomandanPaspampres(2016-2017) pada periode pertama Presiden Joko Widodo (Jokowi). Lalu dia dimutasi menjadi Komandan Korps Marinir (2017-2018) serta Aspotmar KSAL (2018-2020).
Dia pun pernah menjabat Danjen Akademi TNI (2020). Baru pada 21 Oktober 2020, Bambang Suswantono ditunjuk sebagai Irjen TNI.
Sebelumnya, Bambang menyampaikan dia sudah menjabat Irjen TNI sejak November 2020 atau lebih kurang 2 tahun 9 bulan. Jabatan itu dipegangnya dari masa Panglima TNI Marsekal Hadi Tjahjanto, Jenderal Andika Perkasa dan sekarang Laksamana Yudo Margono.
“Per 1 Agustus, saya akan memasuki purnatugas di lingkungan Angkatan Laut, Alhamdulillah sampai hari ini masih diberikan kesehatan, keselamatan dan melaksanakan tugas-tugas mengabdi pada negara,” ucapnya."
https://www.inews.id/news/nasional/mutasi-tni-eks-ajudan-jokowi-kolonel-imam-gogor-jabat-aspers-kaskostrad,"Kamis, 13 Juli 2023 - 05:39:00 WIB","Mutasi TNI, Eks Ajudan Jokowi Kolonel Imam Gogor Jabat Aspers Kaskostrad","Scan this QR or download app from:
JAKARTA, iNews.id -MantanajudanPresidenJokowiKolonel Imam Gogor naik pangkat menjadi bintang satu. Imam yang sebelumnya menjadi Danrem 083/Bdj (Malang) diangkat pada jabatan baru sebagai Asisten Personil (Aspers) Kaskostad.
Pengangkatan Imam Gogor ini tertuang dalam Surat Keputusan PanglimaTNINomor Kep/690/VII/2023 tanggal 26 Juni 2023 tentang pemberhentian dari dan pengangkatan dalam jabatan di lingkungan Tentara Nasional Indonesia.


""Panglima TNI Laksamana TNI Yudo Margono, S.E., M.M. melakukan rotasi,mutasidan promosi jabatan di lingkungan TNI,"" kata Plt. Kabidpenum Puspen TNI Letkol Inf Erif Zaglul dalam keterangannya, Rabu (12/7/2023).
Informasi yang dihimpun, Imam tercatat pernah menduduki sejumlah jabatan penting. Selain pernah menjadi Ajudan Presiden RI Joko Widodo, dia juga pernah menjabat Komandan Korem 083/Baladhika Jaya.

Diketahui, Panglima TNI Laksamana TNI Yudo Margono memutasi 176 perwira tinggi TNI, Rabu (12/7/2023). Sebanyak 73 di antaranya yakni perwira tinggi TNI AD, salah satunya, Brigjen TNI Suhardi dari Kapoksahli Bais TNI menjadi Kapoksahli Bais TNI."
https://bogor.inews.id/read/328945/creed-apresiasi-langkah-jokowi-tak-respons-berlebihan-pernyataan-rocky-gerung,"Jum'at, 04 Agustus 2023 | 21:23 WIB",CREED Apresiasi Langkah Jokowi Tak Respons Berlebihan Pernyataan Rocky Gerung,"Scan this QR or download app from:
JAKARTA, iNewsBogor.id– Lembaga kajian kebijakan publik, Center for Research on Ethics, Economy, and Democracy (CREED) mengapresiasi langkah PresidenJoko Widodo(Jokowi) yang tidak menanggapi berlebihan pernyataan pegiat media sosialRocky Gerung.
Direktur Eksekutif CREEDYoseph Billie Dosiwodamengatakan, langkah Jokowi yang tak merespons pernyataan Rocky menunjukan kearifan yang mencerminkan dukungan atas iklim demokrasi.
“Presiden Jokowitidak menanggapi serius pernyataan Rocky Gerung dan lebih memiliki kerja-kerja diakhir masa jabatannya. Artinya Presiden tidak memanfaatkan haknya sebagai warga negara untuk memidanakan Rocky Gerung dan ini patut diapresiasi dimana Presiden Jokowi memiliki sikap arif menghargai kebebasan berpendapat bagi pengkritiknya walaupun tidak memiliki etika tersebut,” ucap Billie dalam keterangannya, Jumat (4/8/2023).
Billie menyayangkan cara Rocky Gerung yang menggunakan diksi-diksi tak pantas dalam menyampaikan kritik kepada Presiden Jokowi. Ia melihat Rocky yang erat dengan filsafat tidak menerapkan prinsip-prinsip etika dalam pernyataannya.
“Rocky Gerung yang dikenal sebagai aktivis Demokrasi dan HAM sejak melawan rezim Orde Baru. Dan mantan pengajar ilmu filsafat UI atas ucapannya kepada Kepala Negara tidak memiliki prinsip etika yang baik dengan menggunakan diksi seperti itu,” katanya.
Editor : Ifan Jafar Siddik"
https://jatim.inews.id/berita/presiden-jokowi-cek-bahan-pangan-di-pasar-bululawang-harga-di-sini-sangat-bagus/2,"Senin, 24 Juli 2023 - 12:00:00 WIB",Presiden Jokowi Cek Bahan Pangan di Pasar Bululawang: Harga di Sini Sangat Bagus,"Scan this QR or download app from:

Jokowi menuturkan,harga bahan pangandi Pasar Bululawang masih terjangkau. Salah satunya karena beberapa komoditi terpenuhi dan diproduksi di Kabupaten Malang.

""Bawang merah di harga dua puluhan ribu. Ini saya kira baik. Sebagian besar produksinya di Kabupaten Malang. Untuk inflasi terkendali,"" ujarnya.
Dalam kunjungan kerja ke Malang ini, Gubernur Jawa Timur Khofifah Indar Parawansa dan Bupati Malang Sanusi ikut mendampingi.
Setelah berkunjung ke Pasar Bululawang Malang, Presiden Jokowi akan berkunjung ke PT Pindad untuk meninjau produksi amunisi dan mobil kendaraan taktis Ranops Maung yang diproduksi PT Pindad Bandung.
Editor: Reza Yunanto"
https://www.inews.id/news/megapolitan/presiden-jokowi-kunjungi-pasar-menteng-pulo-jaksel-disambut-meriah-warga,"Kamis, 15 Juni 2023 - 10:51:00 WIB","Presiden Jokowi Kunjungi Pasar Menteng Pulo Jaksel, Disambut Meriah Warga","Scan this QR or download app from:
JAKARTA, iNews.id -Presiden Joko Widodo (Jokowi) mengunjungiPasarMenteng Pulo,JakartaSelatan (Jaksel) pada pagi hari ini, Kamis (15/6/2023). Kedatangan Presiden disambut meriah warga.
Pantauan di lokasi, Presiden Jokowi tiba sekitar pukul 10.07 WIB. Tampak menyambut dan mendampingi Jokowi, Pj Gubernur DKI Jakarta Heru Budi Santoso dan Sekretaris Kabinet Pramono Anung.


Saat turun dari mobil, Jokowi tampak menyapa warga yang sedari pagi menunggunya. Jokowi pun menghampiri kerumunan warga tersebut.
Selain menyapa, Jokowi juga berfoto selfie dengan beberapa warga. Di Pasar Menteng Pulo, Jokowi akan berdialog dengan para pedagang pasar.

Jokowi juga akan mengecek harga sembako di Pasar Menteng Pulo.
Editor: Rizal Bomantama"
https://cianjur.inews.id/read/311997/presiden-jokowi-pesan-3-ekor-sapi-ke-peternakan-saritani-untuk-kurban,"Jum'at, 23 Juni 2023 | 15:54 WIB",Presiden Jokowi Pesan 3 Ekor Sapi ke Peternakan Saritani Untuk Kurban,"Scan this QR or download app from:
CIANJUR,iNewsCianjur.id- PeternakSapiSaritani di Kampung Sumbertani, Desa Wangunjaya, Kecamatan Cugenang, Kabupaten Cianjur kembali mendapat kepercayaan orang nomor 1 di IndonesiaPresidenJokowiWidodo untuk mengadakan 3 ekor sapikurban.
Presiden Joko Widodo memesan 3 ekor sapi jenis Simental dan Limousine dengan bobot 900 Kg hingga 1 ton lebih, untuk dijadikan hewan kurban pada Idul Adha 1444 Hijriyah atau 29 Juni 2023.
Peternak Saritani dipilih tim Sekretariat Negara didampingi tim kesehatan hewan Dinas Peternakan Kabupaten Cianjur setelah melalui seleksi ketat.
Menurut Siti Imas Nur Ulfah, pemilik peternak sapi Saritani mengatakan ketiga ekor sapi pesanan presiden dan sudah dipilih tim sekretariat negara itu akan dibawa ke Istana Negara sehari sebelum hari raya Idul Adha atau pada H-1 Idul Adha.
Ke tiga sapi yang sudah dipesan Presiden itu diberi nama Rocky, Bison dan Gimang. Ke tiganya mendapat perlakuan khusus dalam perawatannya. Setiap hari ke tiga sapi tersebut diberi asupan vitamin dan obat cacing. Selain itu dilakukan vaksinasi dan diperiksa kesehatannya untuk menghindari dan terpapar penyakit Lumpy Skin Disease (LSD) dan penyakit mulut dan kuku (PMK).
""Ke tiga ekor sapi yang sudah dipesan Presiden itu kami jaga dan rawat setiap hari secara khusus dan diperiksa kesehatannya oleh dokter hewan hingga hari H-1 di bawa ke Istana,"" ungkap Siti kepada iNewsCianjur dipeternakannya Jum'at (23/6/2023).
Siti menyebutkan, pesanan sapi dari orang nomor di Indonesia merupakan yang kedua kalinya tahun ini karena tahun sebelumya juga sama memesan tiga ekor sapi.
""Iya ini merupakan pesanan yang kedua kali kepada peternakan kami. Untuk Idul Adha tahun kemarin juga pak Jokowi memesan tiga ekor sapi,"" sebut Siti.
Sementara itu, Kepala Dinas Peternakan Kesehatan Hewan dan Perikanan Kabupaten Cianjur, Aris Haryanto, menyebutkan pihaknya rutin memeriksa kondisi sapi pesanan presiden agar tidak terpapar penyakit Lumpy Skin Disease (LSD) atau Lato-lato dan penyakit mulut dan kuku (PMK)
""Dokter hewan kami rutin melakukan pemeriksaan memantau kondisi sapi yang dipesan Presiden Joko Widodo. Sehingga pada hari H-1 saat dikirim ke Istana sapi dalam kondisi sehat,"" pungkas Aris.
Editor : Ayi Sopiandi"
https://jabar.inews.id/berita/pangdam-jaya-menulis-buku-menjaga-jokowi-menjaga-nusantara-bagikan-pengalaman-jadi-paspampres,"Kamis, 27 Juli 2023 - 04:15:00 WIB","Pangdam Jaya Menulis Buku Menjaga Jokowi Menjaga Nusantara, Bagikan Pengalaman Jadi Paspampres","Scan this QR or download app from:
JAKARTA, iNews.id-Mayjen TNI Mohamad Hasanmeluncurkan buku kisahnya sebagai Komandan Grup A Pasukan Pengamanan Presiden (Paspampres) Joko Widodo (Jokowi) sejak 5 Februari 2016 hingga 12 Januari 2018. Jenderal bintang dua TNI yang kini menjabat Panglima Kodam (Pangdam) Jayakarta atauPangdam Jayaini membagikan kisahnya saat menjadi pengawal Presiden.
Satu di antaranya yang ditulis dalam buku tersebut yakni saat mengawal Presiden Jokowi berkunjung keWamena, Papua dengan mengendarai motor trail.

Hasan menuturkan, pengalamannya saat mengendarai motor bersama Jokowi dari Wamena ke Danau Habema merupakan hal yang paling menegangkan lantaran jalur perjalanan cukup rawan.
""Di situ saya tulispengalamanyang menegangkan karena di daerah Wamena di situ sangat rawan. Saya pun kenal siapa OPM (Organisasi Papua Merdeka) di situ, sehingga saya berpikir kok Pak Jokowi berani sekali naik motor trail di situ,"" ujar Hasan di sela-sela sesi peluncuran bukunya, Rabu (26/7/2023).

Hasan mengatakan, selain pengalamannya di Wamena, dia menuliskan kisah-kisahnya bersama Pak Jokowi yang begitu akrab dengan Paspampresnya.
""Di buku ini banyak kisah menarik, bahkan ada kisah jenaka juga. Semisal Pak Jokowi yang usil mengerjai anggota Paspampres. Jadi segmen kisah-kisah pengalaman saya bersama Pak Jokowi ini menarik untuk semua kalangan,"" katanya.


Editor: Donald Karouw"
https://www.inews.id/news/nasional/mutasi-tni-eks-ajudan-jokowi-kolonel-imam-gogor-jabat-aspers-kaskostrad/all,"Kamis, 13 Juli 2023 - 05:39:00 WIB","Mutasi TNI, Eks Ajudan Jokowi Kolonel Imam Gogor Jabat Aspers Kaskostrad","Scan this QR or download app from:
JAKARTA, iNews.id -MantanajudanPresidenJokowiKolonel Imam Gogor naik pangkat menjadi bintang satu. Imam yang sebelumnya menjadi Danrem 083/Bdj (Malang) diangkat pada jabatan baru sebagai Asisten Personil (Aspers) Kaskostad.
Pengangkatan Imam Gogor ini tertuang dalam Surat Keputusan PanglimaTNINomor Kep/690/VII/2023 tanggal 26 Juni 2023 tentang pemberhentian dari dan pengangkatan dalam jabatan di lingkungan Tentara Nasional Indonesia.


""Panglima TNI Laksamana TNI Yudo Margono, S.E., M.M. melakukan rotasi,mutasidan promosi jabatan di lingkungan TNI,"" kata Plt. Kabidpenum Puspen TNI Letkol Inf Erif Zaglul dalam keterangannya, Rabu (12/7/2023).
Informasi yang dihimpun, Imam tercatat pernah menduduki sejumlah jabatan penting. Selain pernah menjadi Ajudan Presiden RI Joko Widodo, dia juga pernah menjabat Komandan Korem 083/Baladhika Jaya.

Diketahui, Panglima TNI Laksamana TNI Yudo Margono memutasi 176 perwira tinggi TNI, Rabu (12/7/2023). Sebanyak 73 di antaranya yakni perwira tinggi TNI AD, salah satunya, Brigjen TNI Suhardi dari Kapoksahli Bais TNI menjadi Kapoksahli Bais TNI.
Berikut Daftar Lengkap Mutasi Perwira TNI:

73 Pati TNI AD:1. Mayjen TNI Dr. dr. Sutan Finekri Arifin A, Sp.OG., Subsp.K.FM., M.A.R.S., M.H. dari Dekan Fakultas Kedokterdan dan Ilmu Kesehatan Unhan menjadi Dosen Tetap Unhan
2. Brigjen TNI dr. Prihati Pujowaskito, Sp.PJ., M.M.R.S. dari Dirjangmed RSPAD Gatot Soebroto menjadi Dekan Fakultas Kedokterdan dan Ilmu Kesehatan Unhan
3. Kolonel Ckm Dr. drg. Puji Hartono, Sp.Ort., M.A.R.S., M.H. dari Paban VII/Kes Slogad menjadi Dirjangmed RSPAD Gatot Soebroto
4. Mayjen TNI Jubei Levianto, S.Sos., M.M. dari Staf Ahli Menhan Bid. Sosial menjadi Pati Mabes TNI AD (dalam rangka pensiun)
5.  Kolonel Inf Hari Santoso dari Kabag Datin Set Bainstrahan Kemhan menjadi Wakil Direktur Bid. Keuangan dan Umum Pascasarjana Unhan
6. Brigjen TNI Fahrid Amran, S.H. dari Dir Sumdahan Ditjen Pothan Kemhan menjadi Wakil Dekan Bid. Keuangan dan Umum Fakultas Manajemen Pertahanan Unhan
7. Kolonel Inf Agus Isrok Mikroj, S.I.P. dari Pamen Denmabesad menjadi Dir Sumdahan Ditjen Pothan Kemhan
8. Brigjen TNI Asrianus Bulo, M.Han., CIT. dari Wakil Dekan Bid. Keuangan dan Umum Fakultas Strategi Pertahanan Unhan menjadi Pati Mabes TNI AD (dalam rangka pensiun)
9. Kolonel Inf Sudaryono, S.I.P., M.Han. dari Kabag Karpeg Ropeg Setjen Kemhan menjadi Wakil Dekan Bid. Keuangan dan Umum Fakultas Strategi Pertahanan Unhan
10. Kolonel Inf Dr. Sunarko, S.E., M.Sc., PSc. Dari Kaprodi Magister Diplomasi Pertahanan Fakultas Strahan Unhan menjadi Wakil Direktur Bid. Akademik dan Kemahasiswaan Pascasarjana Unhan
11. Kolonel Czi Ir. Mustofa, S.H., M.Han. dari Kaprodi Sarjana Teknik Sipil Fakultas Sains dan Teknologi Pertahanan Unhan menjadi Wakil Dekan Bid. Akademik dan Kemahasiswaan Fakultas Sains dan Teknologi Pertahanan Unhan
12. Brigjen TNI Taufiq Shobri dari Karo Akademik dan Kemahasiswaan Unhan menjadi Waaster Kasad Bid. Tahwil Komsos dan Bakti TNI
13. Brigjen TNI Yudianto Putrajaya, S.E., M.M. dari Waaster Kasad Bid. Tahwil Komsos dan Bakti TNI menjadi Karo Akademik dan Kemahasiswaan Unhan
14. Kolonel Chk Berty Beatus Willem Sumakud, S.H., M.H. dari Kabid Hukum Internasional Publik pada Asdep Hukum Internasional Kemenko Polhukam menjadi Kepala Biro Hukum dan Komunikasi Publik Settama BSSN.
15. Brigjen TNI Kiswari, S.H., M.H. dari Direktur Penindakan pada Jaksa Agung Muda Bidang Pidana Militer Kejaksaan Agung menjadi Staf Khusus Kasad
16. Brigjen TNI Budhi Dharmawan, S.Sos. dari Irops Itjen TNI menjadi Pati Mabes TNI AD (dalam rangka pensiun)
17. Brigjen TNI Frederick Made Setiawan, S.I.P., M.M. dari Aslog Kaskogabwilhan III menjadi Staf Khusus Kasad
18. Kolonel Cpl Handoko Tri Nugroho dari Paban III/Alpal Slog TNI menjadi Aslog Kaskogabwilhan III
19. Brigjen TNI Nugroho Djatiwaluyo dari Direvjianbang Sesko TNI menjadi Staf Khusus Kasad
20. Brigjen TNI Suhardi dari Kapoksahli Bais TNI menjadi Kapoksahli Bais TNI
21. Brigjen TNI G. Taufan Gestoro dari Dir D Bais TNI menjadi Kapoksahli Bais TNI
22. Mayjen TNI Djaka Budhi Utama, S.Sos. dari Deputi Bid. Koordinasi Politik Dalam Negeri, Kemenko Polhukam menjadi Pa Sahli Tk. III Bid. Ekkudag Panglima TNI
23. Mayjen TNI Heri Wiranto, S.E., M.M. dari Deputi Bid. Koordinasi Han Negara Kemenko Polhukam menjadi Deputi Bid. Koordinasi Politik Dalam Negeri, Kemenko Polhukam.
24. Mayjen TNI Achmad Riad, S.I.P. dari Pa Sahli Tk. III Bid. Sosbudkum HAM dan Narkoba Panglima TNI menjadi Pati Mabes TNI AD (dalam rangka pensiun)
25. Mayjen TNI Lismer Lumban Siantar, S.I.P. dari Pa Sahli Tk. III Kasad Bid. Jahpers menjadi Pa Sahli Tk. III Bid. Sosbudkum HAM dan Narkoba Panglima TNI
26. Brigjen TNI Arif Bukhori dari Pa Sahli Tk. II Kasad Bid. Intekmil menjadi Pa Sahli Tk. III Kasad Bid. Jahpers
27. Brigjen TNI Amrin Ibrahim, S.I.P. dari Irdam VI/Mlw menjadi Pa Sahli Tk. II Kasad Bid. Intekmil
28. Kolonel Czi Fahrizal Harris, S.E. dari Waasintel Kaskogabwilhan III menjadi Irdam VI/Mlw
29. Brigjen TNI Ludfie Soediarto dari Dandenma Mabesad menjadi Pati Mabes TNI AD (dalam rangka pensiun)
30. Kolonel Czi Suprayoga dari Wadandenma Mabesad menjadi Dandenma Mabesad
31. Brigjen TNI Surjadi Sjamsir, S.H. dari Kaotmilti II Jakarta Babinkum TNI menjadi Kaotmilti IV Makassar Babinkum TNI
32. Brigjen TNI Safrin Rachman, S.H., M.H. dari Kaotmilti IV Makassar Babinkum TNI menjadi Kaotmilti II Jakarta Babinkum TNI,
33. Brigjen TNI Dr. Salidin, S.H., M.Hum. dari Waka Babinkum TNI menjadi Staf Khusus Kasad.
34. Brigjen TNI Dr. Rokhmat, S.H., C.N., M.Kn. dari Kaotmilti I Medan Babinkum TNI menjadi Waka Babinkum TNI
35. Brigjen TNI Sudarma Setiawan, S.E., S.H., CfrA., M.H. dari Kabidbankum Perdatun Babinkum TNI menjadi Inspektur Babinkum TNI
36. Kolonel Chk Roedhi Soerjono, S.E., S.H., CFrA., M.H. dari Kabidbankumperdatun Babinkum TNI menjadi Inspektur Babinkum TNI
37. Brigjen TNI Abidin, S.H. dari Waorjen TNI Babinkum TNI menjadi Staf Khusus Kasad
38. Brigjen TNI Azhar, S.H., M.Kn. dari Kapuslemasmil Babinkum TNI menjadi Staf Khusus Kasad
39. Brigjen TNI Agus Wijanarko, S.H. dari Dirum Puspomad menjadi Kapuslemasmil Babinkum TNI
40. Kolonel Cpm Bayu Ajiwidodo, S.H., M.I.P. dari Dirbinlidpamfik Puspomad menjadi Dirum Puspomad
41. Brigjen TNI Yusri Nuryanto, S.I.P. dari Dircab Puspomad menjadi Ir Puspomad
42. Brigjen TNI Sain Musta’in, S.H. dari Dansatidik Puspomad menjadi Dircab Puspomad,
43. Brigjen TNI Muhammad Yusrif Guntur, S.Sos., M.Si. dari Ir Puspomad menjadi Dansatidik Puspomad.
44. Mayjen TNI Helly Guntoro, S.Sos. dari Kapusbekangad menjadi Pati Mabes TNI AD (dalam rangka pensiun)
45. Brigjen TNI Diding Ahmad Kizwini, S.Sos., M.M. dari Wakapusbekangad menjadi Kapusbekangad
46. Brigjen TNI Rommy Tuwaidan, S.H. dari Dirum Pusbekangad menjadi Wakapusbengad
47. Brigjen TNI Ari Yulistiyo, S.E. dari Dirkuad menjadi Pati Mabes TNI AD (dalam rangka pensiun)
48. Kolonel Cku Andi Tjarwandi, S.E., M.M. dari Wadirkuad menjadi Dirkuad
49. Kolonel Inf Junaidi M., S.Sos., M.Si. dari Pamen Denmabesad menjadi Pa Sahli Tk. II Kasad Bid. Siber
50. Brigjen TNI Amping Bujasar Tangdilintin, S.Sos., M.Si. dari Ir Puspenerbad menjadi Staf Khusus Kasad
51. Kolonel Cpn Asyik Rudianto, S.Mn., M.M. dari Dosen Utama Seskoad menjadi Ir Puspenerbad.
52. Brigjen TNI Abdi Iman Sakti Zebua, S.H., M.M. dari Aspers Kaskostrad menjadi Pati Mabes TNI AD (dalam rangka pensiun)
53. Kolonel Inf Mohammad Imam Gogor Agnie Aditya dari Danrem 083/Bdj (Malang) Kodam V/Brw menjadi Aspers Kaskostrad
54. Brigjen TNI Bambang Siswanto dari Widyaiswara Bid. Juangpimp Seskoad menjadi Pati Mabes TNI AD (dalam rangka pensiun)
55. Kolonel Inf Sukandar dari Analis Madya Bid. Info Strahan di Daerah Pushansiber Bainstrahan Kemhan menjadi Widyaiswara Bid. Juangpimp Seskoad
56. Brigjen TNI Budi Irawan, S.I.P., M.Si. dari Dirjianbang Secapaad menjadi Staf Khusus Kasad
57. Kolonel Inf Akhmad Yani dari Pamen Ahli Bid. Ilpengtek Pussenif menjadi Dirjianbang Secapaad
58. Brigjen TNI Satriojo Pinandojo dari Dirlat Kodiklat TNI menjadi Staf Khusus Panglima TNI
59. Brigjen TNI Khairul Anwar Mandailing, S.H., M.Tr. (Han) dari Staf Khusus Kasad menjadi Dirlat Kodiklat TNI
60. Brigjen TNI Murod, S.H., M.H. dari Staf Khusus Kasad menjadi Staf Khusus Panglima TNI.
61. Brigjen TNI Iwan Bambang Setiawan, S.I.P. dari Penasehat Militer PTRI PBB di New York, Amerika Serikat menjadi Staf Khusus Kasad
62.  Kolonel Inf Felix Lumban Tobing, S.T. M.C.T. dari Paban Utama H - 2 Dit H Bais TNI menjadi Penasehat Militer PTRI PBB di New York, Amerika Serikat
63. Brigjen TNI Putut Widjaksono Hadi, S.I.P. dari Athan RI di Riyadh Saudi Arabia, menjadi Staf Khusus Kasad
64. Kolonel Inf Eri Nassuri, S.E. dari Paban Utama C-1 Dit C Bais TNI menjadi Athan RI di Riyadh, Saudi Arabia
65. Mayjen TNI Dr. Dedy Agus Purwanto, S.H., M.A.P. dari Staf Ahli Bid. Ideologi dan Politik BIN menjadi Pati Mabes TNI AD (dalam rangka pensiun)
66. Brigjen TNI Hardani Lukitanta Adi, S.Sos. dari Kabinda Kalimantan Timur pada Deputi Bidang Intelijen Dalam Negeri BIN menjadi Pati Mabes TNI AD (dalam rangka pensiun)
67. Brigjen TNI Vincentius Setiawan Bayu Sasetyo, S.I.P., M.Si.(Han) dari Agen Intelijen Ahli Madya pada Direktorat Maluku dan Papua, Deputi Bidang Intelijen Dalam Negeri BIN menjadi Pati Mabes TNI AD (dalam rangka pensiun)
68. Brigjen TNI Tato Frederik Pasaka, S.T. dari Agen Intelijen Ahli Madya pada Direktorat Perencanaan Pengendalian Kegiatan dan Operasi Deputi Bid. Intelijen Luar Negeri BIN menjadi Pati Mabes TNI AD (dalam rangka pensiun)
69. Mayjen TNI Widhioseno, S.E., M.Hum. dari Staf Khusus Kasad menjadi Pati Mabes TNI AD (dalam rangka pensiun)
70. Mayjen TNI Gumuruh W., S.E., M.B.A. dari Staf Khusus Kasad menjadi Pati Mabes TNI AD (dalam rangka pensiun)
71. Kolonel Cba Gusman Hakim, S.E., M.M. dari Kasubditbinhar Sdircab Pusbekangad menjadi Dirum Pusbekangad
72. Brigjen TNI Yogi Gunawan dari Pa Sahli Tk. II Kasad Bid. Siber menjadi Pati Mabes TNI AD (dalam rangka pensiun)
73. Brigjen TNI Daryatmo, S.I.P. dari Staf Khusus Kasad menjadi Pati Mabes TNI AD (dalam rangka pensiun)
59 Pati TNI AL
1. Laksda TNI Antongan Simatupang, M.Tr.Opsla dari Staf Ahli Bid. Kedaulatan Wilayah dan Kemaritiman Kemenko Polhukam menjadi Pati Mabes TNI AL (dalam rangka pensiun)
2. Laksma TNI Dr. Ir. Abdul Rivai Ras, M.M. dari Staf Khusus Panglima TNI menjadi Staf Ahli Bid. Kedaulatan Wilayah dan Kemaritiman Kemenko Polhukam
3. Laksma TNI Nono Suwarno, S.T., M.Si. dari Wakil Direktur Bid. Keuangan dan Umum Pascasarjana Unhan menjadi Kapuslaik Kemhan
4. Laksma TNI Dr. Taufik Arief, S.T., M.M., CHRMP., CSBA. dari Kadislitbangal menjadi Dankodikdukum Kodiklatal
5. Laksma TNI Budi Raharjo dari Dankodikdukum Kodiklatal menjadi Kadislitbangal
6. Mayjen TNI (Mar) Yuliandar Tuah K.D. dari Tenaga Ahli Pengkaji Bid. Sismennas Lemhannas menjadi Pati TNI AL (dalam rangka pensiun)
7. Brigjen TNI (Mar) Nana Rukmana, S.E. dari Dirbinlak Taplai Debid Taplai Bangsa Lemhannas menjadi Tenaga Ahli Pengkaji Bid. Sismennas Lemhannas
8. Laksma TNI Eddy Tarjono, M.Tr. Opsla. dari Tenaga Ahli Pengajar Madya Bid. IIpengtek Lemhannas menjadi Dirbinlak Taplai Debid Taplai Bangsa Lemhannas
9. Kolonel Laut (S) Trismawan Djonisajoko, S.E., M.M., M.Tr.Opsla. dari Kasubdit Jian SKA Ditjian Debidjianstrat Lemhannas menjadi Tenaga Ahli Pengajar Madya Bid. IIpengtek Lemhannas
10. Laksda TNI Rubiyanto, S.E., M.M., CHRMP., CFrA. dari Koorsahli Kasal menjadi Staf Khusus Kasal
11. Laksda TNI Budi Setiawan , S.T., M.Tr.Opsla dari Askomlek Kasal menjadi Koorsahli Kasal
12. Laksma TNI Dono Herbowo, S.T., M.Tr.(Han)., CHRMP. dari Tenaga Ahli Pengkaji Madya Bid. Politik Lemhannas menjadi Askomlek Kasal
13. Laksma TNI Endarto Pantja Irianto, S.T., M.T., M.Tr.Opsla. dari Waaskomlek Kasal menjadi Tenaga Ahli Pengkaji Madya Bid. Politik Lemhannas
14. Laksma TNI Rony Saleh dari Ir Pushidrosal menjadi Waaskomlek Kasal
15. Kolonel Laut (E) Yudi Cahyadi, S.T., CHRMP. dari Irbek Babek TNI menjadi Ir Pushidrosal
16. Laksma TNI Matjuri dari Waaslog Panglima TNI menjadi Inspektur Kogabwilhan II
17. Laksda TNI Bambang Irawan, S.E., M.Tr.Opsla. dari Deputi Bid. Opslat Bakamla menjadi Dosen Tetap Unhan
18. Laksma TNI Andi Abdul Aziz, S.H., M.M. dari Kas Koarmada II menjadi Deputi Bid. Opslat Bakamla
19. Laksma TNI Isswarto, M.Tr.Opsla., CHRMP. dari Asops Pangkoarmada RI menjadi Kas Koarmada II
20. Laksma TNI Heri Triwibowo, S.E., M.Si. dari Danguspurla Koarmada I menjadi Asops Pangkoarmada RI
21. Kolonel Laut (P) Muhamad Taufik, MMDS. dari Pamen Setmilpres (Ajudan Wapres RI) menjadi Danguspurla Koarmada I
22. Laksma TNI Dato Rusman S.N., S.E., M.Si. dari Wagub AAL menjadi Staf Khusus Kasal
23. Laksma TNI Arif Badrudin, M.Mgt.Stud. dari Kadisdikal menjadi Wagub AAL
24. Kolonel Laut (P) Dodi Agus Prasetyo, S.Pi., M.A.P., CHRMP., CRMP., M.Tr.Opsla dari Sekdisminpersal menjadi Kadisdikal
25. Laksda TNI Isrovi, S.E., M.M. dari Staf Ahli Bid. Hankam Setjen Wantannas menjadi Pati Mabes TNI AL (dalam rangka pensiun)
26. Laksda TNI Arsyad Abdullah, S.E., M.A.P. dari Staf Khusus Kasal menjadi Staf Ahli Bid. Hankam Setjen Wantannas
27. Laksda TNI Hanarko Djodi Pamungkas dari Pa Sahli Tk. III Bid. Banusia Panglima TNI menjadi Staf Khusus Panglima TNI
28. Laksma TNI Bambang Eko Palgunadi, S.T., M.A. dari Bandep Ur. Lingkungan Strategi Nasional Setjen Wantannas menjadi Pa Sahli Tk. III Bid. Banusia Panglima TNI
29. Kolonel Laut (P) Berkat Widjanarko, S.E., M.Tr.Opsla dari Paban V Binkom Skomlekal menjadi Bandep Ur. Lingkungan Strategi Nasional Setjen Wantannas
30. Laksma TNI Supendi, S.T., M.Tr.Opsla dari Karoum Setjen Wantannas menjadi Staf Khusus Kasal
31. Kolonel Laut (P) Imam Hidayat, S.E., M.M dari Analis Kebijakan Bid. Pullah Info Desisnas Setjen Wantannas menjadi Karoum Setjen Wantannas
32. Laksma TNI Farid Maruf, S.H., M.H. dari Direktur Hukum pada Deputi Bid. Informasi, Hukum dan Kerjasama Bakamla menjadi Direktur Penindakan pada Jaksa Agung Muda Bidang Pidana Militer Kejaksaan Agung
33. Kolonel Laut (KH) Priambodo, S.H. dari Wakapuslemasmil Babinkum TNI menjadi Direktur Hukum pada Deputi Bid. Informasi Hukum dan Kerjasama Bakamla
34. Laksma TNI Djatmoko, S.T., M.M., CHRMP. dari Dosen Ahli Latgab Sesko TNI menjadi Direvjianbang Sesko TNI
35. Kolonel Laut (P) Uki Prasetia, S.T., M.M. dari Kapusoyu Sesko TNI menjadi Dosen Ahli Latgab Sesko TNI
36. Kolonel Mar Asril dari Wadan Pasmar I Kormar menjadi Dirdik Kodiklat TNI
37. Laksma TNI Urip Bambang Widjanarko, S.E. dari Pa Sahli Tk. II Siber Sahli Bid. Intekmil dan Siber Panglima TNI menjadi Staf Khusus Kasal (Kainkopal)
38. Kolonel Laut (T) Heru Windarto, M.Si.(Han) dari Pamen Sahli Bid. Teklog Sahli Kasal Bid. Iptek menjadi Pa Sahli Tk. II Siber Sahli Bid. Intekmil dan Siber Panglima TNI
39. Laksda TNI Kisdiyanto, M.Tr.Opsla dari Tenaga Ahli Pengkaji Bid. Politik Lemhannas menjadi Deputi Bid. Koordinasi Han Negara Kemenko Polhukam
40. Laksma TNI Rahmat Eko Rahardjo, M.Tr.(Han)., CHRMP. dari Asrena Kaskogabwilhan II menjadi Tenaga Ahli Pengkaji Bid. Politik Lemhannas
41. Laksma TNI Prio Budie Leksono, S.E., M.M. dari Dir Strategi Kamla Deputi Bid. Kebijakan dan Strategi Bakamla menjadi Asrena Kaskogabwilhan II
42. Kolonel Laut (P) Bambang Trijanto dari Wadan Kolatarma Koarmada RI menjadi Dir Strategi Kamla Deputi Bid. Kebijakan dan Strategi Bakamla
43. Laksda TNI Halili, S.H., CFrA., M.H., M.Tr.Opsla dari Pa Sahli Tk. III Bid. Polkamnas Sahli Panglima TNI menjadi Pati Mabes TNI AL (dalam rangka pensiun)
44. Kolonel Laut (KH) Effendi Maruapey, S.H., M.H. dari Kabidundang Babinkum TNI menjadi Kaotmilti I Medan Babinkum TNI
45. Laksma TNI Agoes S. Himarwanto dari Pati Sahli Kasal Bid. Ekojemen menjadi Pati Mabes TNI AL (dalam rangka pensiun).
46. Laksma TNI Bram Rusman Namin, CHRMP., M.Tr.Opsla dari Aspotmar Pangkoarmada RI menjadi Pati Sahli Kasal Bid. Ekojemen
47. Laksma TNI Dr. Imam Teguh Santoso, S.T., M.Si., M.Tr.Opsla., CIQnR. dari Danpusdikbangspes Kodiklat TNI menjadi Aspotmar Pangkoarmada RI
48. Brigjen TNI (Mar) Muhammad Nadir, M.Tr.Opsla dari Dankodikmar Kodiklatal menjadi Danpusdikbangspes Kodiklat TNI
49. Kolonel (Mar) Samson Sitohang, S.I.P., M.M. dari Dandenjaka Kormar menjadi Dankodikmar Kodiklatal
50. Laksma TNI dr. Eko Prasetyo Adi Wibowo dari Karumkital Dr. Rml Diskesal menjadi Pati Mabes TNI AL (Meninggal Dunia)
51. Kolonel Laut (K) dr. Benny Jovie, Sp.Jp. dari Wakamed Rumkital Dr. Rml Diskesal menjadi Karumkital Dr. Rml Diskesal
52. Laksma TNI Ivan Gatot Prijanto, S.E., M.Tr.Opsla dari Dosen Ahli Opsgab Sesko TNI menjadi Danlantamal VI Mks Koarmada II.
53. Brigjen TNI (Mar) Amir Kasman, S.E., M.M. dari Danlantamal VI Mks Koarmada II menjadi Dosen Ahli Opsgab Sesko TNI
54. Laksma TNI A. AG. B. Oka Wirayudhatama, S.T. dari Athan RI di Canberra, Australia menjadi Staf Khusus Kasal
55. Kolonel Laut (S) Yusliandi Ginting, S.E. MMP. dari Paban Utama B-2 Dit B Bais TNI menjadi Athan RI di Canberra, Australia
56. Laksma TNI Dr. Didik Kurniawan, S.T., M.Si., M.Tr.Opsla dari Athan RI di New Delhi, India menjadi Staf Khusus Kasal
57. Kolonel Laut (P) Ardiansyah Muqsit, S.E., CHRMP. dari Waaspers Koarmada RI menjadi Athan RI di New Delhi, India
58. Laksma TNI Endra Sulistiyono, S.E., M.M. dari Staf Khusus Kasal menjadi Pati Mabes TNI AL (dalam rangka pensiun)
59. Laksma TNI Heru Sriyanta, S.T. dari Staf Khusus Kasal menjadi Pati Mabes TNI AL (dalam rangka pensiun).
44 Pati TNI AU:
1. Marsma TNI Muhammad Yani Rudiansyah, dari Kapuslaik Kemhan menjadi Staf Ahli Menhan Bid. Sosial
2. Marsma TNI Asfan Jauhari, dari Sesbadiklat Kemhan menjadi Staf Khusus Kasau
3. Marsma TNI Ir. Wajariman, dari Dir Tekindhan Ditjen Pothan Kemhan menjadi Sesbadiklat Kemhan
4. Kolonel Tek Dedy Laksmono, dari Kasubdit Perizinan Dit Tekindhan Ditjen Pothan Kemhan menjadi Dir Tekindhan Ditjen Pothan Kemhan
5. Marsda TNI Farrid Hidayat, dari Tenaga Ahli Pengajar Bid. Kepemimpinan Lemhannas menjadi Pati Mabes TNI AU (dalam rangka pensiun)
6. Marsma TNI I G. Made Radar P. J., dari Kadisbtbau menjadi Tenaga Ahli Pengajar Bid. Kepemimpinan Lemhannas
7. Marsma TNI Nurcahyo Aloysius, dari Ses Itjenau menjadi kabidsbtbau
8. Marsma TNI Erwan Andrian, dari Ir Koopsud III menjadi Ses Itjenau
9. Kolonel Pnb Joko Triwibowo, dari Paban Utama Intekmil Sahli Bid. Intekmil dan Siber Panglima TNI menjadi Ir Koopsud III
10. Marsma TNI Herry Pinehas, dari Inspektur Kogabwilhan II menjadi Waaslog Panglima TNI
11. Kolonel Pom Ridwan Djoko Leksono, dari Kabid Anev Set Itjen TNI menjadi Irops Itjen TNI
12. Marsma TNI Ulung Prabawa P. Utama dari Dirjianbang Akadami TNI menjadi Pati Mabes TNI AU (dalam rangka pensiun)
13. Marsma TNI Olot Dwi Cahyono dari Dirdik Kodiklat TNI menjadi Dirjianbang Akademi TNI
14. Marsda TNI Fachri Adamy, dari Pa Sahli Tk. III Bid. Ekkudag Panglima TNI menjadi Pati Mabes TNI AU (dalam rangka pensiun).
15. Marsma TNI Agus Sudarmanto, dari Kapusada TNI menjadi Pa Sahli Tk. III Bid. Polkamnas Sahli Panglima TNI
16. Kolonel Kal Achsamul Amaly, dari Sesdiswatpersau menjadi Kapusada TNI
17. Marsma TNI Ridwan Gultom, dari Pa Sahli Tk. II Was Aspas Sahli Bid. Hubint Panglima TNI menjadi Staf Khusus Kasau
18. Marsma TNI Jumarto, dari Staf Khusus Kasau menjadi Pa Sahli Tk. II Was Aspas Sahli Bid. Hubint Panglima TNI
19. Marsma TNI Bambang Subiyantoro, dari Staf Khusus Panglima TNI menjadi Waorjen TNI Babinkum TNI
20. Marsda TNI Bambang Triono, dari Dankoharmatau menjadi Pati Mabes TNI AU (dalam rangka pensiun)
21. Marsma TNI Oki Yanuar, dari Waaslog Kasau menjadi Dankoharmatau
22. Marsma TNI Dwi Antep Isnugroho dari Dirkersamik Sesko TNI menjadi Waaslog Kasau
23. Kolonel Tek Semri Bija, dari Paban III/Aero Slogau menjadi Dirkersamik Sesko TNI
24. Marsda TNI Trikorjawan Eko I., dari Askomlek Kasau menjadi Pati Mabes TNI AU (dalam rangka pensiun)
25. Marsda TNI Hari Mursanto, dari Kapuslaiklambangjaau menjadi Askomlek Kasau
26. Marsda TNI Benedictus Benny, dari Staf Khusus Kasau menjadi Kapuslaiklambangjaau
27. Marsma TNI Julianto Sutrisnawan, dari Pati Sahli Kasau Bid. Strahan menjadi Pati Mabes TNI AU (dalam rangka pensiun)
28. Kolonel Pnb Historis P. Bu’ulolo, dari Paban I/Bindok Ditdok Kodiklatau menjadi Pati Sahli Kasau Bid. Strahan
29. Marsma TNI Susanto, dari Kadisaeroau menjadi Pati Mabes TNI AU (dalam rangka pensiun)
30. Marsma TNI Iwan Agung Djumaeri, dari Kadislitbangau menjadi Kadisaeroau
31. Marsma TNI Wahyu Laksito, dari Pati Sahli Kasau Bid. Sumdanas menjadi Kadislitbangau
32. Marsma TNI B. Antar Samodra, dari Direktur Pelatihan untuk Pelatihan Taplai Debid Taplai Bangsa Lemhannas menjadi Pati Sahli Kasau Bid. Sumdanas
33. Kolonel Tek Stevanus Ervin S., dari Dirren Koharmatau menjadi Direktur Pelatihan untuk Pelatihan Taplai Debid Taplai Bangsa Lemhannas
34. Marsma TNI Mukti Arja Berlian, dari Ka RSPAU dr. Hardjolukito menjadi Kalakespra dr. Saryanto
35. Marsma TNI M. Roikhan Harowi, dari Kalakespra dr. Saryanto menjadi Ka RSPAU dr. Hardjolukito
36. Marsma TNI Chirstian Syahmo, dari Ir Koharmatau menjadi Staf Khusus Kasau
37. Marsma TNI Nyoman Sudarsana, dari Ir Kodiklatau menjadi Ir Koharmatau
38. Marsma TNI Bayu G.H. Kusuma, dari Danpusdik Kodiklatau menjadi Ir Kodiklatau
39. Marsma TNI Ramot Christian Parlindungan Sinaga, dari Dirdok Kodiklatau menjadi Danpusdik Kodiklatau
40. Marsma TNI Yuniarsa Aditya Permana, dari Dankosek IKN Koopsud I menjadi Dirdok Kodiklatau
41. Kolonel Pnb Abdul Haris, dari Danlanud Slm menjadi Dankosek IKN Koopsud I
42. Marsma TNI Tjahja Elang Migdiawan, dari Athan RI di Washington DC/USA menjadi Staf Khusus Kasau
43. Kolonel Pnb Edwardus Wisoko Aribowo, dari Waasops Kas Koopsudnas menjadi Athan RI di Washington DC/USA
44. Marsma TNI Made Mahendra, dari Staf Khusus Kasau menjadi Pati Mabes TNI AU (dalam rangka pensiun).
Editor: Ihya Ulumuddin"
https://jabar.inews.id/berita/presiden-jokowi-tetapkan-status-covid-19-jadi-endemi-ridwan-kamil-bilang-begini,"Rabu, 21 Juni 2023 - 21:32:00 WIB","Presiden Jokowi Tetapkan Status Covid-19 Jadi Endemi, Ridwan Kamil Bilang Begini","Scan this QR or download app from:
BANDUNG, iNews.id -Gubernur Jawa Barat Ridwan Kamilmerespons pengumuman statusendemiCovid-19 oleh Presiden Joko Widodo (Jokowi).Ridwan Kamilmenyambut bahagia perubahan status menjadi endemi itu.
Ridwan Kamil mengatakan, ke depan, Covid-19 akan dianggap sebagai flu biasa.

""Harus kita terima dengan bahagia. Endemi adalah sebuah kesimpulan bahwa pandemi sudah tidak ada. Covid akan diperlakukan flu biasa seperti penyakit yang lain,"" kata Kang Emil, sapaan akrab Ridwan Kamil di Gedung Sate, Kota Bandung, Rabu (21/6/2023).
Meski begitu, Kang Emil mengingatkan masyarakat untuk tetap menghindari segala hal yang berpotensi menularkan Covid-19. Jika sudah endemi, maka biaya pengobatan Covid-19 tak akan lagi ditanggung negara.

""Apapun itu hindari hal atau perilaku yang punya potensi mengarah ke Covid,"" ujarnya.

Editor: Agus Warsudi"
https://bogor.inews.id/read/321080/profil-budi-arie-setiadi-yang-dilantik-jokowi-jadi-menkominfo,"Senin, 17 Juli 2023 | 14:47 WIB",Profil Budi Arie Setiadi yang Dilantik Jokowi Jadi Menkominfo,"Scan this QR or download app from:
JAKARTA,iNewsBogor.id- Ketua Umum Relawan ProJokowiatau Projo,Budi Arie Setiadi, resmi dilantik sebagai Menteri Komunikasi & Informatika (Menkominfo) pada Senin (17/7) oleh Presiden Joko Widodo (Jokowi) di Istana Negara.
Budi Arie Setiadi mengambil alih posisi yang sebelumnya dipegang oleh Johnny G Plate yang terjerat dalam kasus korupsi pengadaan BTS 4G.
Pada awal bulan Juli, Johnny G Plate telah menghadapi sidang kedua di Pengadilan Tipikor Jakpus.
Lantas, siapa sebenarnya Budi Arie Setiadi?
Budi Arie Setiadi sebelumnya menjabat sebagai Wakil Menteri Desa dan Pembangunan Daerah Tertinggal (Wamendes).
Sebelum bergabung dalam Kabinet, Budi Arie adalah Ketua Umum dari relawan Pro Jokowi (Projo), salah satu kelompok relawan terbesar yang memberikan dukungan kepada Jokowi sejak tahun 2014.
Editor : Ifan Jafar Siddik"
https://jayapura.inews.id/read/299899/viral-jalan-wambasalahin-maluku-rusak-parah-presiden-jokowi-diminta-turun-tangan,"Selasa, 23 Mei 2023 | 19:58 WIB","Viral! Jalan Wambasalahin Maluku Rusak Parah, Presiden Jokowi Diminta Turun Tangan","Scan this QR or download app from:
MALUKU, iNewsJayapura.id-Presiden Jokowidiminta turun tangan untuk memperbaikikondisi akses jalanyang menghubungkan Kecamatan Waeapo dan Desa PersiapanWambasalahin, Kecamatan Lolong Guba, Kabupaten Buru, Provinsi Maluku.
Permintaan itu disampaikanUskup AmboinaMgr. Seno Ngutra melalui sebuah video yang tengah viral di media sosial.
Dalam video berdurasi 2,38 detik tersebut, Uskup Seno juga meminta perhatian serius dari Kementerian PUPR, Gubernur Maluku hingga Bupati Buru.
Uskup Seno mengungkapkan, kondisi ruas jalan menuju Desa Persiapan Wambasalahin sudah tak layak untuk akses mobilisasi. Bahkan, kata dia bahwa kerusakannya sudah sangat parah, bagian kontur dipenuhi lumpur tebal.
Ironisnya, saat melakukan kunjungan kanoniknya ke Umat Katolik di sana, Uskup Seno Ngutra bersama rombongan terpaksa harus berjalan kaki.
Bahkan, untuk bisa sampai di Desa Persiapan Wambasalahin yang berjarak sekitar 15-20 kilometer dari Kecamatan Waeapo, rombongan Uskup harus bertaruh nyawa menyusuri sungai dan sebuah jembatan rakitan dengan mobil mobil pick up hilux.
Jembatan rakitan itu sebagaimana diperlihatkan Sang Uskup dalam video yang viral, tampak hanya tersusun enam balok kayu dan ditengah-tengahnya kosong.
“Selama tiga tahun terakhir ini (2021-2023) saya sudah mengunjungi desa ini, Desa Wambasalahin di Pegunungan Pulau Buru. Tahun ini saya kembali lagi untuk ketiga kali dan jalan yang dulu saya jalan kaki ini, sekarang tambah rusak,” kata Uskup Seno dalam video viral itu.
Dengan nada pilu, Pimpinan Tinggi Gereja Katolik Keuskupan Amboina ini lantas meminta kepedulian penguasa negara  terhadap roda kehidupan masyarakat Wambasalahin.
Sebab, Warga Wambasalahin seakan terisolir dari dunia luar. Aktivitas ekonomi mereka tersendat.
“Lihatlah! Mereka (Warga Wambasalahin) adalah warga Negara Indonesia, orang-orang kecil dan miskin yang tentunya juga membutuhkan perhatian dari pemimpin negara ini,” keluh Uskup Seno.
Tak heran, Sang Uskup kemudian membanding-bandingkan kondisi Kota Jakarta dan daerah-daerah pelosok seperti Desa Wambasalahin.
“Kalau saya ke Jakarta, saya melihat tiang-tiang besar dengan jalan tol yang panjang licin (mulus) saya selalu terharu dan menangis ketika mengingat desa ini, jalan ini,” imbuhnya.
“Karena itu dari lubuk hati yang paling dalam, saya meminta kepada bapak presiden, gubernur, bupati dan para pemegang kekuasaan untuk memperhatikan jalan seperti ini demi untuk masyarakat yang juga adalah Warga Negara Indonesia,” pinta Uskup Seno.
Terpisah, saat dikonfirmasi iNewsJayapura.id pada Senin (22/5/2023) malam, Uskup Seno membenarkan sebaran video viral itu dengan mengirim beberapa video lain yang dibuat timKomisi Komunikasi Sosial(Komsos) Keuskupan Amboina terkait kondisi ruas jalan Wambasalahin.
Uskup Seno juga mengaku bahwa video itu dibuat oleh pihaknya saat melakukan kunjungan kanonik ke Desa Wambasalihan pada 19 Mei 2023 lalu.
Editor : Damn"
https://babel.inews.id/berita/sapi-kurban-presiden-jokowi-di-bangka-seharga-rp135-juta-jenis-limosin-bobot-11-ton,"Jumat, 09 Juni 2023 - 07:34:00 WIB","Sapi Kurban Presiden Jokowi di Bangka Seharga Rp135 Juta, Jenis Limosin Bobot 1,1 Ton","Scan this QR or download app from:
PANGKALPINANG, iNews.id -Sapi kurban PresidenJoko Widodo (Jokowi) di Kepulauan Bangka Belitung beratnya mencapai 1,1 ton. Sapi jenis limosin ini harganya Rp135 juta.
Untuk menjaga kesehatan sapi, peternak selalu memberi pakan segar serta vitamin. Rencananya, sapi ini akan dikurbankan di Hari Raya Idul Adha 1444 Hijiriah nanti.

""Ini sudah dipesan Pak Jokowi untuk kurban di Bangka Belitung di Idul Adha 2023. Bobotnya 1,1 ton tinggi sekitar 2 meter. Harga Rp135 juta,"" ucap Distributor sapi Pangkalpinang,  Rangga Aji Saputra, Kamis (8/6/2023).
Editor: Nani Suherni"
https://www.inews.id/multimedia/photo/ekspresi-rocky-gerung-minta-maaf-bikin-gaduh-soal-dugaan-menghina-presiden-jokowi,,Ekspresi Rocky Gerung Minta Maaf Bikin Gaduh soal Dugaan Menghina Presiden Jokowi,"JAKARTA, iNews.id- EkspresiRocky Gerungsaat memberikan keterangan saat konferensi pers di Jakarta, Jumat (4/8/2023). Dalam keterangannya, Rocky Gerung meminta maaf atas kegaduhan yang terjadi terkait dugaanpenghinaanterhadap Presiden Joko Widodo.
Editor: Yudistiro Pranoto"
https://ambon.inews.id/read/313125/pakai-baju-batik-lengan-panjang-menhan-prabowo-menghadap-jokowi-di-istana-kepresidenan,"Senin, 26 Juni 2023 | 18:57 WIB","Pakai Baju Batik Lengan Panjang, Menhan Prabowo Menghadap Jokowi di Istana Kepresidenan","Scan this QR or download app from:
JAKARTA, iNewsAmbon.id -Mengenakanbaju batikMenteri PertahananPrabowo Subiantomenghadap Presiden Joko Widodo (Jokowi) diIstana Kepresidenan, Jakarta Senin (26/6/2023) sore.
Prabowo tiba sekitar 16.46 WIB, tak sampai satu jam yakni pada pukul 17.20 WIB telah selesai bertemu dengan Jokowi di Istana.
Prabowo pun mengaku membahas mengenai politik dalam negeri dengan Jokowi. Prabowo mengaku ditanyai Jokowi terkait rencana-rencana masa depannya.
""Ada (bahas politik). Secara garis besar saja,"" kata Prabowo di Komplek Istana Kepresidenan, Jakarta, Senin (26/6/2023).
""Bertanya tentang rencana-rencana saya ke depan dan sebagainya,"" tambahnya.
Prabowo juga menepis kabar mengenai pertemuan dengan Menteri BUMN Erick Thohir di Istana bersama Jokowi.
""Enggak, enggak (ketemu Erick Thohir),"" kata Prabowo.
Selain membahas politik, Prabowo juga melaporkan mengenai kunjungan ke luar negerinya salah satunya terkait masalah geopolitik dunia.
""Saya tadi memang dipanggil bapak presiden memang saya melaporkan hasil kunjungan saya ke luar negeri ke Eropa kita bicarakan sedikit masalah geopolitik. Masalah perkembangan terakhir di internasional
ada beberapa hal yang dapat pentunjuk dari bapak presiden saya kira akan kita laksanakan petunjuk-petunjuk beliau,"" ungkap Prabowo.
Editor : Vitrianda Hilba SiregarEditor Jakarta"
https://sumut.inews.id/berita/gagahnya-si-mosin-sapi-kurban-presiden-jokowi-di-sumut-yang-punya-perawatan-khusus,"Senin, 26 Juni 2023 - 10:38:00 WIB","Gagahnya Si Mosin, Sapi Kurban Presiden Jokowi di Sumut yang Punya Perawatan Khusus","Scan this QR or download app from:
MEDAN, iNews.id -Sapi kurban PresidenJoko Widodo (Jokowi) untuk warga Sumatera Utara (Sumut) beratnya 1,02 ton. Sapi gagah itu dibeli dari peternak bernama Rahmat.
""Berat sapi ditimbang terakhir 1.020 kilogram, sapi ini bernama Mosin karena jenisnya limosin,"" ujar Rahmat, Minggu (25/6/2023).

Dia mengatakan, awal pembelian sapi ini, ada utusan dari Pemprov Sumut untuk menanyakan sapi di Desa Tandem Hilir, Kecamatan Hamparan Perak, Deli Serdang dengan berat satu ton.
""Kemudian kami menawarkan sapi ini kepada pihak provinsi tersebut. Lalu sapi itu ditimbang, setelah itu diambil darah, air liur dan kotorannya,"" tutur Rahmat.

Setelah itu, 15 hari kemudian datang kembali pihak dari provinsi untuk membeli sapi tersebut, dan diberikan obat cacing, vitamin.
""Sapi si Mosin dengan berat 1.020 kg ini ditawarkan Rp90 juta, kemudian sapi yang dipesan Presiden Jokowi ini direncanakan akan dikirim Mesjid Agung Medan pada 28 Juni 2023,"" ucapnya.
Editor: Nani Suherni"
https://pandeglang.inews.id/read/313703/presiden-jokowi-beli-sapi-monster-dari-malingping-berbobot-1-ton-lebih-untuk-kurban-di-banten,"Rabu, 28 Juni 2023 | 03:06 WIB",Presiden Jokowi Beli Sapi Monster dari Malingping Berbobot 1 Ton Lebih untuk Kurban di Banten,"Scan this QR or download app from:
LEBAK,iNewsPandeglang.id-Sapi MonsterdariMalingpingterpilih dan dibeliPresiden Jokowiuntuk dijadikan hewan kurban pada Hari Raya Idul Adha 1444 Hijriah. Sapi berbobot 1 ton itu untuk kurban di Banten.
Hal itu sebagaimana diungkapkan Dinas Peternakan dan Kesehatan Hewan Kabupaten Lebak bahwa peternak sapi bernama Saban, warga Desa Cilangkahan, Kecamatan Malingping, Lebak, Banten tak pernah menyangka jika si Monster menjadi salah satu primadona yang dipilih orang nomor satu di Indonesia itu untuk dijadikan hewan kurban. Tentu ini merupakan suatu kebanggaan.
""Insan peternakan di Kabupaten Lebak begitu bahagia dan sangat bangga karena Sapi Monster berjenis Limousin dengan bobot lebih dari 1 ton milik peternak asal Malingping Kabupaten Lebak terpilih dan dibeli oleh PresidenJokowiuntuk dijadikan hewan kurban pada Idul Adha tahun ini,"" tulis IG @disnakeswan.lebak dikutip Rabu, (28/6/2023).
Memastikan sehat dan terbebas dari penyakit mulut dan kuku,Sapi Kurban Jokowisudah menjalani pemeriksaan kesehatan serta telah mendapatkan vaksinasi.
Dalam keterangan itu disebut Si Monster  terpilih karena memiliki performa yang baik dan sehat serta telah mendapatkan vaksin PMK.
""Semoga hal ini dapat memotivasi peternak lain di Kabupaten Lebak dan menjadi pertanda bahwa peternakan di Kabupaten Lebak mampu menghasilkan ternak yang berkualitas dan dapat bersaing dengan daerah lain,"" tulisnya lagi.
Kini Sapi Monster itu sudah berada di Masjid Al-Bantani yang berada di Kawasan Pusat Pemerintahan Provinsi Banten (KP3B) Palima Kota Serang sebagai Sapi Banmas Presiden tahun 2023.
Editor : Iskandar Nasution"
https://jabar.inews.id/berita/cerita-penjual-sapi-limosin-pesanan-jokowi-untuk-kurban-peternak-bandung-tak-nyangka,"Jumat, 30 Juni 2023 - 11:03:00 WIB","Cerita Penjual Sapi Limosin Pesanan Jokowi untuk Kurban, Peternak Bandung Tak Nyangka","Scan this QR or download app from:
BANDUNG, iNews.id- Hari Raya Idul Adha adalah momen yang sangat ditunggu-tunggu, terutama bagi para peternak sapi kambing atau domba. Pada momen tersebut menjadi waktu tepat bagi mereka untuk menikmati hasil dari hewan ternak yang telah dibesarkan.
Seperti halnya Owner Dwi Sejahtera Perkasa (DSP) Farm, Vandry Dwitama. Dia mendapatkan pesanan sapilimosinuntuk kurban Presiden Indonesia, Joko Widodo. Harga belinya pun cukup tinggi.

Bukan perkara mudah bisa lolos dalam uji kesehatan untuk hewan kurban presiden. Banyak proses yang mesti dilalui, untuk bisa lolos menjadi sapi yang akan dipilih presiden. Bahkan, sebelum disembelih, sapi tersebut harus dikarantina selama beberapa pekan sebelum dikirim ke Istana Bogor.
Dia bercerita, mulanya dia menawarkan dua sapinya untuk dibeli presiden. Namun, ternyata hanya satu ekor yang berhasil lolos uji. Tinggi sapinya sekitar 185 cm.

""Seleksinya pun cukup sulit dan banyak. Mulai dari tes darah, urine, kotoran, sampai air liurnya juga. Saya menawarkan dua sapi, tapi yang lolosnya satu ekor bernama Markoci jenis limousin,"" katanya.
Berat badan Markoci ukurannya 1 ton 50 kg, berusia 3 tahun. Vandry mengatakan, berat Markoci bisa bertambah sampai 1 ton 100 kg. Perawatansapi limosinpun tidak mudah, perlu tangan khusus sehingga bobotnya bisa terus bertambah.

Dia menjelaskan, ada perbedaan cara mengurus sapi besar dengan sapi biasa. Bahkan dari kandang pun berbeda. Untuk sapi besar tipe limousin dan simental butuh alas yang baik untuk memperkuat kakinya supaya tidak luka.
""Kita berikan karpet busa atau plastik di bawahnya sebagai pijakannya. Pemberian pakannya pun sehari dua kali di pagi dan sore hari. Gizi dan vitaminnya pun kita berikan tambahan seperti pisang dan singkong. Itu makanan wajib untuk sapi-sapi besar,"" tuturnya.
Tak hanya presiden, aktor Baim Wong juga pernah membeli 9 ekor sapi di peternakannya. Jenisnya sapi limousin dan simental. Peternakannya ada di Kelurahan Cisurupan, Kecamatan Cibiru, Kota Bandung.

Editor: Asep Supiandi"
https://bogor.inews.id/read/313029/jokowi-kaget-harga-daging-ayam-tembus-rp50-ribu-per-kilogram-jelang-idul-adha,"Senin, 26 Juni 2023 | 15:52 WIB",Jokowi Kaget Harga Daging Ayam Tembus Rp50 Ribu Per Kilogram Jelang Idul Adha,"Scan this QR or download app from:
JAKARTA,iNewsBogor.id- Presiden Joko Widodo (Jokowi) kaget mendapati hargadaging ayamper kilogram mencapai Rp50 ribu.
Hal itu diketahui Jokowi saat mengunjungiPasarPalmerah, Jakarta, Senin (26/6/2023) pagi.
Kegiatan ini dilakukan Jokowi dalam rangka memeriksa stabilitas harga kebutuhan pokok menjelang Hari RayaIdul Adha1444 Hijriyah.
Di Pasar Palmerah, Jokowi melihat harga daging ayam melonjak tinggi mencapai Rp50 ribu per kilogram.
""Yang naik agak tinggi memang daging ayak. Biasanya di harga Rp30 ribu sampai Rp32 ribu, tapi ini sudah mencapai Rp50 ribu per kilogram,"" ucap Jokowi.
Mantan Gubernur Jakarta itu mengaku bakal memeriksa penyebab kenaikan harga pada daging ayam ini.
Editor : Ifan Jafar Siddik"
https://pandeglang.inews.id/read/313987/cerita-saban-di-lebak-ngaku-bangga-sapi-monster-miliknya-dibeli-jokowi-untuk-hewan-kurban,"Rabu, 28 Juni 2023 | 19:40 WIB",Cerita Saban di Lebak Ngaku Bangga Sapi Monster Miliknya Dibeli Jokowi untuk Hewan Kurban,"Scan this QR or download app from:
LEBAK,iNewsPandeglang.id- Saban, warga Desa Cilangkahan, KecamatanMalingping, Lebak, Banten  tak pernah menyangkaSapi Monstermiliknya terpilihPresiden Jokowiuntuk dijadikan hewan kurban. Dia mengaku bangga karena sapinya menjadi salah satu primadona yang dibeli orang nomor satu di Indonesia.
""Ya sangat, sangat senang, sangat bahagia karena apa? pertama berarti kita berhasil milik ternaknya dan yamg kedua hasil penjualannya mudah-mudahan bisa barokah dan dimanfaatkan untuk melangkah usaha selanjutnya,"" ucapnya saat di temui di Malingping, Rabu (28/6/2023).
Dikisahkan Saban, dua ekor sapi Limosin yang dibeli Presiden Jokowi itu berusia sekitar 3 tahun dengan bobot masing-masing sekitar 1 ton. Awalnya kata dia, hanya memelihara 2 ekor kambing. Namun seiring dengan waktu berjalan kambing menjadi 11 ekor.

Dari penjualan kambing yang 11 ekor itu kata Saban bisa membeli sapi Limosin yang dibeli presiden usai dipelihara 3 tahun. Untuk pemeliharan ternak itu lanjut  Saban itu mudah yakni harus memiliki feeling yang sejalan dengan kemauan ternak.
""Mudah, kita harus punya feeling yang sejalan dengan ternak. Untuk pakan juga harus diperhatikan disamping rumput lapang , ampas tahu, dedak padi dan vitamin itu yang saya berikan. Alhamdulillah sehat sapinya,"" tuturnya.
Menurut Saban, sapi miliknya terpilih menjadi hewan kurban Presiden Jokowi usai  melalui penilaian tim Pemkab Lebak melalui Disnakeswan, Pemerintah Provinsi Banten  dan Sekretariat Negara.
Saban berharap penjualan hewan ternaknya bisa bermanfaat dan bisa memotivasi peternak lainnya di Kabupaten Lebak. Meski demikian dia enggan mengatakan  dibeli berapa harganya.
""Alhamdulillah bisa untuk modal mengembangkan usaha ternak selanjutnya dan semoga bisa menginspirasi para peternak di Lebak,"" katanya.
Editor : Iskandar Nasution"
https://jateng.inews.id/berita/gus-baha-ungkap-kedekatan-presiden-jokowi-dan-prabowo-karena-karomah-mbah-moen,"Sabtu, 24 Juni 2023 - 22:19:00 WIB",Gus Baha Ungkap Kedekatan Presiden Jokowi dan Prabowo karena Karomah Mbah Moen,"Scan this QR or download app from:
JAKARTA, iNews.id- Ulama NU asal Rembang KH Bahauddin Nursalim (Gus Baha) mengungkapkedekatanPresiden Joko Widodo(Jokowi) danPrabowo Subiantokarena karomahKH Maimoen Zubair(Mbah Moen).
Menurut Gus Baha, akurnya Presiden Jokowi dan Prabowo setelah didoakan waliyullah KH Maimoen Zubair.

""Saya punya doanya Mbah Moen. Sebelum wafat, beliau (Mbah Moen) itu mencatet doa itu. Doanya begini, Allahumma alfi bainahuma ulfatan wa mawaddatan. Artinya, Ya Allah, saya mohon jadikan kedua tokoh ini (Jokowi dan Prabowo) saling asih dan saling mencintai,"" kata Gus Baha dikutip dari akun Instagram, @gusbahaonline, Sabtu (24/6/2023).
Doa tersebut dibaca Mbah Moen ketika suhu politik saat Pilpres 2019 kurang kondusif.

Gus Baha mengaku sangat kagum karena doa yang dibaca Mbah Moen dikabulkan Allah SWT. Terbukti, saat pelantikan menteri kabinet Indonesia Bersatu, Prabowo Subianto masuk dalam jajaran menteri yang dilantik Jokowi.
""Setelah pelantikan (menteri) saya tambah kagum bahwa ternyata kita punya guru seorang wali. Doa yang muhal (mustahil) saja masih kesampaian. Sampai sekarang teks itu (doa tulisan tangan) masih saya simpen. Itu dulu diberikan anak ndalem (putra Mbah Moen),"" kata Gus Baha.

Editor: Kastolani Marzuki"
https://pangandaran.inews.id/read/331236/ulama-panutan-jokowi-ternyata-keturunan-nabi-muhammad-jenazahnya-tak-hancur-meski-4-tahun-dikubur,"Kamis, 10 Agustus 2023 | 16:58 WIB","Ulama Panutan Jokowi Ternyata Keturunan Nabi Muhammad, Jenazahnya Tak Hancur meski 4 Tahun Dikubur","Scan this QR or download app from:
JAKARTA,iNewsPangandaran.id - Ulama panutanJokowiini ternyataketurunan Nabi MuhammadSAW. Bahkan jenazahnya tetap utuh tak hancur meski sudah4 tahun dikubur.M
Ulama tersebut adalahKH Maimun ZubairpengasuhPondok Pesantren Al-Anwardi Sarang Rembang, Jawa Tengah.
Menurut Presiden Jokowi, kiai yang akrab disapaMbah Moenitu adalah sosok tokoh agama yang selalu jadi rujukan dan panutan bagi umat Islam. ""Beliau juga sengat gigih dalam menyampaikan masalah NKRI harga mati,"" tutur orang nomor 1 di Indonesia.
Mbah Moen, ulama panutan Jokowi ini ternyata keturunan Nabi Muhammad SAW yang ke-37.  Dari jalur kakek, silsilah Mbah Moen merupakan keturunan salah satu wali songo, yakni Sunan Giri. Sementara dari nasab Nenek, Mbah Moen adalah keturunan Pangeran Diponegoro.
Selama hidupnya, Mbah Moen aktif berdakwah dan menyebarkan ajaran Islam. Beliau pun banyak menulis berbagai kitab fiqih, tasawuf dan lain-lain.
Selain berdakwah, Mbah Moen terjun ke dunia politik menjadi anggota DPRD Rembang selama 7 tahun dari 1971-1978. Kemudian pada tahun 1987, ia menjadi anggota MPR RI selama 3 periode hingga tahun 1999.
Setelah berakhirnya masa tugas, Mbah Moen fokus mengurus pondok pesantrennya. Meski begitu, ia menjabat sebagai Ketua Majelis Syariah Partai Persatuan Pembangunan (PPP) hingga ia wafat.
KH Maimun Zubair meninggal dunia di usia 90 tahun pada 6 Agustus 2019. Ia wafat di Mekkah saat sedang menjalankan ibadah haji. Alhasil, kiai asal Rembang itu pun dimakamkan di Tanah Suci berdekatan dengan makam Khadijah istri Rasulallah.
Editor : Hikmatul Uyun"
https://cirebon.inews.id/read/308456/ini-momen-ketika-putri-ariani-bertemu-presiden-jokowi-di-istana,"Rabu, 14 Juni 2023 | 17:41 WIB",Ini Momen Ketika Putri Ariani Bertemu Presiden Jokowi di Istana,"Scan this QR or download app from:
JAKARTA, iNewsCirebon.id-Putri Arianipenyanyi berbakat diundang Presiden Joko Widodo (Jokowi) ke Istana Negara, Jakarta, Rabu (14/6/2023). Kedua orang tua Putri juga turut hadir di Istana. Saat Putri tiba di salah satu ruangan Istana, Presiden Jokowi langsung menyapa dan melempar senyum.
Putri mengaku terharu dia dan kedua orang tuanya dapat bertemu dengan sang presiden di Istana. ""Luar biasa bangga dan terharu. Putri tidak menyangka bakal bertemu presiden,"" kata Putri.
Dalam kesempatan tersebut, Putri meminta dukungan penuh Jokowi dan pemerintah kepada dirinya yang akan tampil lagi di ajang America's Got Talent akhir Agustus 2023 nanti. ""Support Putri terus ya Pak, agar Putri bisa mengharumkan nama Indonesia di kancah dunia dan teman-teman yang lain bisa mengikuti jejak Putri,"" katanya.
Jokowi pun bangga dengan prestasi Putri. Dirinya berpesan kepada anak-anak muda Indonesia bahwa bila memiliki kemauan atau impian maka harus bekerja keras untuk menggapainya.  ""Banyak kesempatan, banyak peluang seperti yang dicontohkan oleh Putri dan ini adalah inspirasi besar bagi anak-anak muda Indonesia.
Dan tidak ada yang namanya penghalang itu, kalau mau memiliki kemauan yang keras, mau berkerja keras, contoh (Putri), generasi muda Indonesia menginspirasi betul-betul,"" kata Jokowi.Presiden menyatakan pemerintah akan terus mendukung Putri dalam kompetisi ajang pencarian bakat. ""Iya (akan terus mendukung),"" kata Jokowi.
Editor : Miftahudin"
https://sidoarjo.inews.id/read/308933/dimandikan-2-kali-sehari-inilah-sapi-kurban-presiden-jokowi-seberat-1-ton,"Kamis, 15 Juni 2023 | 18:47 WIB","Dimandikan 2 Kali Sehari, Inilah Sapi Kurban Presiden Jokowi Seberat 1 Ton","Scan this QR or download app from:
PALEMBANG, iNewsSidoarjo.id- Ada perlakuan khusus bagiSapi kurbanPresiden Joko Widodo (Jokowi). Ya, sapi jenis Simental dengan berat mencapai 1 ton itu mendapat perawatan khusus.
Perawatan khusus itu diantaranya dimandikan sehari sebanyak 2 kali, termasuk perawatan yang layak, baik itu dari segi kebersihan kandang hingga pakan yang dikonsumsi.
""Sapi ini juga sebetulnya kesayangan anak saya dan diberi nama Baba. Perawatannya memang agak beda, karena sapi ini manja bahkan harus dimandikan sehari dua kali,"" kata Ibrahim, pemilik peternakan sapi Simental yang dibeli olehPresiden Jokowi.
Ibrahim mengatakan, sapi tersebut telah dibeli seharga Rp 95 juta. Sebelum dijual, sapi tersebut telah menjalani pemeriksaan kesehatan.
""Sebelumya saya mengajukan untuk persiapan sapi Presiden. Alhamdulilah peternakan saya dipilih,"" ujarnya, Kamis (15/6/2023).
Menurutnya, sapi tersebut sebelumnya dibeli dari Lampung ketika berusia 1,5 tahun. Kemudian, dirinya pun membesarkan sapi tersebut di peternakannya hingga berumur 3,5 tahun dan beratnya mencapai 1 ton.
Kepala Dinas Ketahanan Pangan dan Peternakan Sumsel Ruzuan Efendi menjelaskan, Presiden Jokowi sebelumnya telah mencari beberapa sapi kurban untuk di Palembang. Dari beberapa peternak yang mengajukan, sapi jenis Simental milik Ibrahim terpilih sebagai hewan kurban Presiden.
Editor : Nanang Ichwan"
https://subang.inews.id/read/309472/peternak-subang-kaget-sapi-raksasanya-dibeli-presiden-jokowi-untuk-kurban-idul-adha,"Sabtu, 17 Juni 2023 | 08:11 WIB",Peternak Subang Kaget Sapi Raksasanya Dibeli Presiden Jokowi Untuk Kurban Idul Adha,"Scan this QR or download app from:
SUBANG,iNewsSubang.id- Peternak sapi di Desa Kasomalang Kulon, Kecamatan Kasomalang, Kabupaten Subang, Jawa Barat tidak menyangka sapinya dibeli oleh Presiden Joko Widodo. Sapi tersebut akan dijadikan salah satu hewan kurban oleh Presiden Jokowi saatIdul Adha1444 H.
Sapi bernama Raja tersebut memiliki bobot satu 1005 kilogram. Raja adalah sapi jantan jenis simental berusia 4 tahun.
Sebelum dipilih, kondisi sapi telah diperiksa oleh Dinas Kesehatan Jawa Barat. Bahkan saat tim Sekretariat Kepresidenan melihat ke peternakan, tertarik tertarik untuk membeli 2 ekor sapi lainnya yang beratnya hampir sama dengan Raja.
Editor : Yudy Heryawan Juanda"
https://papua.inews.id/berita/antusias-sambut-presiden-jokowi-ratusan-warga-padati-lahan-food-estate-keerom,"Selasa, 21 Maret 2023 - 12:27:00 WIT","Antusias Sambut Presiden Jokowi, Ratusan Warga Padati Lahan Food Estate Keerom","Scan this QR or download app from:
KEEROM, iNews.id- Ratusanwargaantusiasmenyambut kunjungan Presiden Joko Widodo (Jokowi) di Kabupaten Keerom, Papua, Selasa (21/3/2023). Masyarakat memadati lokasifood estatedi Kampung Wambes, Distrik Mannem.
Salah seorang warga, Martina Fatagur, mengaku sangat bahagia dengan kedatanganPresiden Jokowike Papua. Dia tak sabar melihat presiden melaksanakan tanam jagung.

""Kami dari Kampung Wonorejo ke Kampung Wambes untuk melihat Bapak Presiden tanam jagung bersama petani,"" kata Martina.
Dia berharap, setelah penanaman jagung oleh Presiden Joko Widodo, pengembangan lahan itu terus dikelola oleh para petani dengan dukungan dan pendampingan dari pemerintah daerah setempat.

""Sehingga para petani bisa merasakan dampak dari hasil pertanian jagung yang dihasilkan pada lahan tersebut,"" ujarnya.
Sementara itu, warga Kampung Yamara, Ida Horota, mengaku telah tiba di lahan food estate sejak pukul 06.00 WIT. Dia hendak menunggu kedatangan Presiden Jokowi.

""Kami sangat senang sekali kedatangan bapak Presiden di sini,"" katanya.
Editor: Rizky Agustian"
https://papua.inews.id/berita/presiden-jokowi-minta-youth-creative-hub-juga-dibangun-di-daerah-lain-tiru-papua-saja,"Selasa, 21 Maret 2023 - 13:01:00 WIT",Presiden Jokowi Minta Youth Creative Hub Juga Dibangun di Daerah Lain: Tiru Papua Saja,"Scan this QR or download app from:
JAKARTA, iNews.id- Presiden Joko Widodo (Jokowi) meresmikanPapua Youth Creative Hub(PYCH) di Kota Jayapura, Papua, Selasa (21/3/2023). Dia berharapYouth Creative Hubbisa dibangun di daerah lain.
""Ini di Indonesia yang pertama di Papua. Saya minta agar juga dibangun di NTT, di Papua Barat, kemudian di Maluku dan Aceh. Mulai tahun ini sehingga selesainya tahun depan,"" kata Jokowi dalam sambutannya yang disiarkan akun YouTube Sekretariat Presiden, Selasa (21/3/2023).

Dia mengatakan, pembangunan Youth Creative Hub di daerah lain dapat meniru seperti yang ada di Papua. Sebab, dia kaget karena fasilitas yang ada di PYCH sangat lengkap.
""Niru semua yang ada di sini. Ditiru aja sudah. Ini sudah sangat bagus sekali. Saya sangat kaget bahwa semuanya ada di PYCH ini. Dari mulai tadi masuk di pembuatan HP, pembuatan laptop, ada podcast, ada studio musik, ada studio untuk fotografi,"" kata Jokowi.

Dia menilai, berbagai fasilitas yang disediakan tersebut dapat mengembangkan potensi anak muda di Papua. Dia menginginkan agar kesempatan itu juga bisa dimanfaatkan anak muda di daerah lain.
""Kalau ini diteruskan jangan-jangan anak-anak muda di provinsi yang lain ketinggalan dengan anak-anak muda yang di Papua,"" katanya.

Lebih lanjut, Jokowi mengatakan Indonesia akan mengalami bonus demografi pada 2035. Sehingga, kata dia, diperlukan wadah dan kesempatan kerja bagi anak-anak muda khususnya di Papua.
Dia menyebut, sebagian besar penduduk Indonesia berusia produktif. Khusus Tanah Papua, sebanyak 2,6 juta atau kurang lebih 60 persen penduduk Papua dan Papua Barat adalah anak-anak muda pada 2022.
Editor: Rizky Agustian"
https://papua.inews.id/berita/dampingi-presiden-jokowi-kunker-di-jayapura-prabowo-hadiri-peresmian-papua-youth-creative-hub,"Selasa, 21 Maret 2023 - 16:12:00 WIT","Dampingi Presiden Jokowi Kunker di Jayapura, Prabowo Hadiri Peresmian Papua Youth Creative Hub","Scan this QR or download app from:
JAYAPURA, iNews.id-Menteri Pertahanan(Menhan)Prabowo SubiantomendampingiPresiden Joko Widodo(Jokowi) dalam agenda kunjungan kerja diPapua. Kunjungan ini untuk peresmian GedungPapua Youth Creative Hub(PYCH) dan peluncuran produk kreatif di Abepura,Jayapura, Selasa (21/3/2023).
Prabowo yang juga hadir bersama Kepala Badan Intelijen Nasional (BIN), Menteri Investasi, Kepala Badan Koordinasi Penanaman Modal (BPKM), Kepala Staf Kepresidenan, PLH Gubernur Papua, meninjau Gedung PYHC sebagai pusat atau wadah kreativitas anak muda Papua.

Dalam sambutannya, Jokowi mengungkapkan Youth Creative Hub di Papua ini merupakan yang pertama dibangun di Indonesia. Presiden pun berencana akan membangun pusat kreativitas serupa di wilayah lainnya pada tahun ini.
""Saya juga minta agar dibangun di NTT, Papua Barat, Maluku dan Aceh mulai tahun ini supaya dapat selesai tahun depan. Ditiru saja semua yang ada di sini karena sudah sangat bagus,"" ujar Jokowi, Selasa (21/3/2023).

Hal tersebut dikarenakan, Jokowi ingin menjadikan pembangunan di Indonesia tak hanya lagi berpusat di Jawa Sentris, tapi Indonesia Sentris.
""Tanah Papua menjadi prioritas pembangunan,"" katanya.

Terlebih, Indonesia akan mengalami bonus demografi pada 2035 yang sebagian besar penduduk Indonesia berusia produktif, khususnya di Papua akan muncul 2,6 juta atau 60 persen penduduk Papua dan Papua Barat adalah anak-anak muda.

Editor: Donald Karouw"
https://www.inews.id/multimedia/infografis/infografis-presiden-jokowi-ingatkan-pejabat-jangan-pamer-kekayaan-dan-kekuasaan,,Infografis Presiden Jokowi Ingatkan Pejabat Jangan Pamer Kekayaan dan Kekuasaan,"JAKARTA, iNews.id- PresidenJoko Widodo(Jokowi) mengingatkan kepada para pejabat pemerintahan untuk tidak memamerkan kekuasaan dan kekayaan di media sosial. Perbuatan itu sangat tidak pantas.
Jokowi dalam arahannya pada Sidang Kabinet Paripurna di Istana Negara, Jakarta, Kamis (2/3/2023), mengatakan telah memantau perkembangan kasus mantan Pejabat Direktorat Jenderal Pajak (DJP) Kementerian Keuangan (Kemenkeu)Rafael Alun Trisambododan Kepala Kantor Bea dan Cukai YogyakartaEko Darmanto. Hal tersebut, menurut Jokowi, sangat berkaitan dengan reformasi birokrasi terkait pelayanan masyarakat.
Menurut Jokowi, wajar rakyat kecewa apabila melihat tingkah laku aparat yang bergaya hidup hedonis.
Editor: Maria Christina"
https://papua.inews.id/berita/jokowi-tinjau-food-estate-di-keerom-papua-siapkan-10000-hektare-untuk-tanam-jagung,"Selasa, 21 Maret 2023 - 21:44:00 WIT","Jokowi Tinjau Food Estate di Keerom Papua, Siapkan 10.000 Hektare untuk Tanam Jagung","Scan this QR or download app from:
JAKARTA, iNews.id-Presiden Joko Widodo(Jokowi) meninjaulumbung panganataufood estatediKabupaten Keerom, ProvinsiPapua, Selasa (21/3/2023). Pemerintah menyiapkan sekitar 10.000 hektare lahan untuk penanaman jagung di tempat tersebut.
""Kita di Kabupaten Keerom, Provinsi Papua, di sini akan disiapkan kurang lebih 10.000hektare untuk penanaman jagung. Tapi sekarang yang sudah disiapkan land clearing, kemudian pengolahan tanah baru 500 hektare, tahun depan 2.500 hektare. Tetapi yang ditanam hari ini baru 100 hektare,"" ujar Presiden, Selasa (21/3/2023).

Presiden mengatakan, hasil penanaman hari ini diharapkan pada Juni mendatang sudah panen pertama. Presiden melihat langsung lahan di Papua tersebut sangat layak untuk ditanami jagung karena kontur tanahnya yang rata.
""Saya lihat ini feasible karena tanahnya rata, datar, hanya memang tidak mungkin sekali tanam bisa menghasilkan kayak di Jawa 10 atau 11 ton. Mungkin pertama enggak apa-apa 4 ton atau 5 ton, saya kira baik. Nanti penanaman kedua naik lagi menjadi 6 ton, yang ketiga baru biasanya setelah ketiga itu baru berada pada posisi yang baik,"" katanya.

Kepala Negara kemudian berpesan kepada Menteri Pertanian dan Bupati Keerom agar menentukan secara jelas terkait pembeli atau offtaker jagung tersebut. Demikian juga dengan pengeringnya, pascapanennya hingga penentuan harga agar petani tidak ada yang dirugikan setelah panen.
""Pascapanennya seperti apa harus jelas, harganya berapa harus jelas semuanya sehingga petani jangan sampai nanti dirugikan setelah panen. Harus dipastikan sehingga kita akan coba dulu 100 hektare. 100 hektare itu kalau per hektare dapat 5 ton berarti sudah 500 ton, itu gede banget kalau jagung,"" katanya.


Editor: Donald Karouw"
https://www.inews.id/finance/bisnis/profil-istaka-karya-dari-konsorsium-18-perusahaan-konstruksi-hingga-dibubarkan-jokowi,"Jumat, 17 Maret 2023 - 21:08:00 WIB","Profil Istaka Karya, dari Konsorsium 18 Perusahaan Konstruksi hingga Dibubarkan Jokowi","Scan this QR or download app from:
JAKARTA, iNews.id- PTIstaka Karya(Persero) dibubarkan Presiden Joko Widodo (Jokowi) melalui Peraturan Pemerintah (PP) Nomor 13 Tahun 2023. PP tersebut diterbitkan hari ini, Jumat (17/3/2023).
Pembubaran Istaka Karya berdasarkan putusan Pengadilan Niaga pada Pengadilan Negeri (PN) Jakarta Pusat. Pada 12 Juli 2022, Istaka Karya dinyatakan pailit dan menyebabkan harta pailit perusahaan berada dalam keadaan insolvensi.


Perusahaan pelat merah, yang bergerak di bidang konstruksi ini didirikan sejak 1980. Istaka Karya sebelumnya dikenal dengan nama PT Indonesian Consortium of Construction Industries (ICCI), sebuah konsorsium beranggota 18 perusahaan konstruksi Indonesia.
Setelah berubah nama menjadi Istaka Karya, BUMN ini tidak sepopuler BUMN Karya lain, seperti PT Waskita Karya Tbk, PT Hutama Karya (Persero), hingga PT Adhi Karya Tbk. Dari sisi aset dan jumlah proyek, Istaka pun kalah dengan BUMN Karya lainnya.
Perusahaan mengalami krisis keuangan sejak 2013. Pengadilan Negeri Jakarta Pusat saat itu membatalkan homologasi atau kesepakatan damai dengan kreditur, sehingga memberi imbas signifikan terhadap keuangan dan operasional perusahaan."
https://papua.inews.id/berita/jelang-kunjungan-jokowi-ke-papua-danrem-172-pwy-ajak-warga-ikut-terlibat-pengamanan,"Senin, 20 Maret 2023 - 14:58:00 WIT","Jelang Kunjungan Jokowi ke Papua, Danrem 172 PWY Ajak Warga Ikut Terlibat Pengamanan","Scan this QR or download app from:
JAYAPURA, iNews.id-Presiden Joko Widodo(Jokowi) diagendakan akankunjungan kerjake Papua, Senin (20/3/2023) hari ini. Jokowi akan mendatanggi tiga wilayah yakni Kabupaten dan KotaJayapurasertaKeerom.
Komandan Korem 172 PWYBrigjen TNI JO Sembiringberharap warga turut serta mengamankan kunjungan Presiden ke Bumi Cenderawasih. Sebab kunjungan ini sangat bermanfaat dan memberikan dampak positif bagi Tanah Papua.

Danrem 172 PWYselaku Komandan Satgas Pengamanan Wilayah (Dansatgas Pamwil) menyampaikan, Presiden Jokowi sudah berulang kali ke Papua selama masa kepemimpinannya.
""Kunjungan Presiden Jokowi tentunya membawa dampak positif dalam rangka pemberdayaan masyarakat Papua dan peningkatan infrastruktur,"" ujarnya di Jayapura, Minggu (19/3/2023).

Dia yakin kunjungan kali ini juga adalah bagian dari komitmen Presiden yang begitu besar mencurahkan perhatian untuk mewujudkan perdamaian, kedamaian dan peningkatan kesejahteraan di Tanah Papua.
""Untuk agenda kunjungan tersebut, Presiden Jokowi akan meninjau lokasi lumbung jagung sebagai program Ketahanan Pangan Nasional di Kabupaten Keerom. Kemudian meresmikan Gedung Papua Youth Creative Hub (PYCH),"" katanya.


Editor: Donald Karouw"
https://www.inews.id/multimedia/infografis/infografis-jokowi-kantongi-nama-calon-gubernur-bi,,Infografis Jokowi Kantongi Nama Calon Gubernur BI,"JAKARTA, iNews.id- Presiden Joko Widodo (Jokowi) mengantongi daftar nama calon Gubernur Bank Indonesia (BI) periode 2023-2028. Itu karena masa jabatan Gubernur BI, Perry Warjiyo akan berakhir pada Mei 2023.
""Kita putuskan hari ini atau besok, nama-namanya sudah masuk,"" kata Jokowi di Jakarta, Selasa (21/2/2023).
Hingga saat ini terdapat sejumlah nama yang digadang-gadang sebagaicalon Gubernur BIberedar di publik. Nama-nama tersebut, yakni Menteri KeuanganSri MulyaniIndrawati, Ketua Lembaga Penjamin Simpanan (LPS)Purbaya Yudhi Sadewa, dan petahana Perry Warjiyo.
Editor: Jujuk Ernawati"
https://papua.inews.id/berita/ini-fungsi-papua-youth-creative-hub-yang-bakal-diresmikan-presiden-jokowi,"Senin, 20 Maret 2023 - 16:46:00 WIT",Ini Fungsi Papua Youth Creative Hub yang Bakal Diresmikan Presiden Jokowi,"Scan this QR or download app from:
JAYAPURA, iNews.id- Koordinator Umum Papua Muda Inspiratif (PMI), Gracia Josaphat Jobel Mambrasar atau Billy, mengatakanPapua Youth Creative Hub(PYCH) dapat menopang kegiatan dan minat pemuda baik yang ingin berwirausaha, bertani, beternak, hingga konten creator dan stand up comedy.
""Bagi yang berminat silakan bergabung dengan mendaftarkan diri dan mengisi formulir yang sudah disediakan,"" ujar Billy, Senin (20/3/2023).

Dia menyebut, saat ini tercatat 12.232 orang yang tergabung di Papua Muda Inspiratif (PMI). Mereka berasal dari berbagai lini usaha.
""Siapa saja boleh bergabung karena dengan bergabung diharapkan usaha yang dilakukannya makin berkembang dan bila mengalami kendala akan dibantu mencari solusi bagaimana mengatasinya, "" kata Billy.

Sementara itu, Kepala Balai Prasarana Permukiman Wilayah Papua, Corneles Sagrim, mengatakan gedung itu dijadwalkan diresmikan olehPresiden Jokowipada Selasa (21/3/2023).
""Gedung PYCH dijadwalkan diresmikan Presiden Joko Widodo, Selasa (21/3/2023),"" kata Corneles.

Dia menyebut, gedung PYCH dibangun bernuansa adat dan mempunyai fasilitas untuk menunjang minat, bakat, dan kreativitas anak-anak muda di Tanah Papua. Desain yang digunakan yakni rumah adat masyarakat Kota Jayapura dan Wamena, yakni atap Honai dan Kariwari.
Proyek pembangunan PYCH di Jayapura, Papua, menghabiskan dana sekitar Rp105 miliar. Sebanyak Rp103 miliar di antaranya dihabiskan untuk pembangunan gedung.
Editor: Rizky Agustian"
https://jabar.inews.id/infografis/presiden-jokowi-resmikan-kolam-retensi-andir-panggil-anak-sd-sebutkan-fungsinya,,,"Scan this QR or download app from:
Alamat yang anda masukkan salah, tidak tersedia atau sudah dihapus"
https://www.inews.id/multimedia/infografis/infografis-presiden-iran-telepon-jokowi-bahas-situasi-palestina,,"Infografis Presiden Iran Telepon Jokowi, Bahas Situasi Palestina","TEHERAN, iNews.id– PresidenIranEbrahim Raisimenelepon Presiden RI Joko Widodo (Jokowi), Kamis (6/4/2023). Dalam kesempatan itu, dia menyerukan Organisasi Kerja Sama Islam (OKI) menggelar pertemuan darurat untuk membahas situasi diPalestina.
Seruan Raisi itu menyusul serangan dan serbuan pasukanIsraelterhadapMasjid al-Aqsa, di Yerusalem. Presiden Iran itu mengecam tindakan brutal aparat zionis di tempat suci umat Islam tersebut.
Raisi mengatakan kepada Jokowi bahwa mendukung hak-hak warga Palestina dan memerangi Israel adalah sebuah prinsip yang tidak dapat diubah dalam Islam. Dia pun menyebut Palestina sebagai ""jantung dari dunia Islam.""
Editor: Ahmad Islamy Jamil"
https://jateng.inews.id/berita/kunjungan-ke-blora-presiden-jokowi-terkesan-dengan-lokasi-acara-yang-berlumpur/2,"Jumat, 10 Maret 2023 - 17:56:00 WIB","Kunjungan ke Blora, Presiden Jokowi Terkesan dengan Lokasi Acara yang Berlumpur","Scan this QR or download app from:


Sebelumnya, Presiden Jokowi melakukan kunjungan di Pasar Menden, Kecamatan Kradenan, Blora untuk memberikan bantuan paket sembako.
Kemudian dilanjutkan ke Desa Gabusan, Kecamatan Jati, Kabupaten Blora satu wilayah dengan Oro-oro Kesongo.

Agendanya menyerahkan sertifikat Hak Guna Bangunan (HGB) di atas Hak Pengelolaan Lahan (HPL) dan SK perhutanan sosial.
Jokowi didampingi oleh Menteri LHK Siti Nurbaya, Mentri ATR BPR Hadi Tjahyanto, serta para Bupati dari Blora, Bojonegoro, Kudus, Grobogan.
Diketahui Jokowi memberikan SK perhutanan sosial seluas 21.488 hektare, jumlah penerima KK ada 16.476. Jumlah tersebut dari daerah Brebes, Grobogan, Blora, Kudus, Pati, Rembang, Bojonegoro.
Editor: Ary Wahyu Wibowo"
https://www.inews.id/travel/destinasi/pesona-bukit-jokowi-di-papua-menikmati-keindahan-jayapura-dari-ketinggian,"Rabu, 03 Mei 2023 - 20:10:00 WIB","Pesona Bukit Jokowi di Papua, Menikmati Keindahan Jayapura dari Ketinggian","Scan this QR or download app from:
JAKARTA, iNews.id -Bukit Jokowimerupakan salah satu spot Instagramable yang populer di Papua. Bukit ini populer karena saat berada di sini Anda dapat menikmati berbagai pemandangan menakjubkan Kota Jayapura.
Bukit Jokowi berada di ketinggian dan dapat diakses dengan mudah. Dari lokasi ini Anda dapat melihat keindahan Danau Sentani, pemandangan Kota Jayapura, dan Jembatan Merah yang megah. Jembatan ini dibangun oleh pemerintah Jokowi.

Bahkan, dari Bukit iniPresiden Jokowipernah memantau pembangunan Jembatan Merah. Karena hal itu pula masyarakat kerap menyebut kawasan ini sebagai Bukit Jokowi.
Penasaran seperti apa keunikan dari Bukit Jokowi di Papua? Berikut ulasannya dirangkum pada Rabu (3/5/2023).

Bukit Jokowi merupakan salah satu objek wisata di Skyland, Entrop, Jayapura Selatan, Kota Jayapura, Papua. Objek wisata ini menyuguhkan pemandangan tanah Papua yang indah dari atas ketinggian. Dinamakan Bukit Jokowi tak terlepas setelah kunjungan Presiden Jokowi ke bukit yang mulanya bernama Skyland pada tahun 2014 silam. Kala itu, dari atas Bukit Jokowi, beliau melihat sejumlah pembangunan infrastruktur jalan dan jembatan yang sedang dalam pembangunan. Salah satunya jembatan Holtekamp, penghubung warga di Kota Jayapura hingga ke perbatasan Papua dan Papua Nugini."
https://kutaraja.inews.id/read/281095/presiden-jokowi-reasmi-tutup-pt-kertas-kraft-aceh-kka,"Sabtu, 08 April 2023 | 12:29 WIB",Presiden Jokowi Reasmi Tutup PT Kertas Kraft Aceh (KKA),"Scan this QR or download app from:
ACEH UTARA, iNewsKutara.id- Presiden Republik Indonesia, Joko Widodo (JOKOWI) dengan resmi membubarkan perusahaan PT Kertas Kraft Aceh terhitung sejak Senin (3/4/2023). Pembubaran tersebut diatur dalam Peraturan Pemerintah Republik Indonesia nomor 17 Tahun 2023.
""Bahwa berdasarkan hasil kajian dengan memperhatikan aspek kinerja perusahaan, pasar, agilitas menghadapi disrupsi pasar, dan kemampuan melanjutkan kegiatan usaha, kelangsungan Perusahaan Perseroan (Persero) PT Kertas Kraft Aceh tidak dapat dipertahankan lagi sehingga perlu untuk membubarkan Perusahaan Perseroan (persero) PT Kertas Kraft Aceh,"" bunyi pertimbangan dalam Peraturan Pemerintah tersebut dikutip Sabtu (8/4/2023).Pasal 1, terhitung sejak berlakunya Peraturan Pemerintah ini, Perusahaan Perseroan (Persero) PT Kertas Kraft Aceh yang didirikan berdasarkan Peraturan Pemerintah Nomor 31 Tahun 1982 tentang Penyertaan Modal Negara Republik Indonesia untuk Pendirian Perusahaan Perseroan (Persero) dalam Bidang Industri Kertas Terpadu sebagaimana telah diubah dengan Peraturan Pemerintah Nomor 9 Tahun 1986 tentang Perubahan atas Peraturan Pemerintah Nomor 31 Tahun 1982 tentang Penyertaan Modal Negara Republik Indonesia untuk Pendirian Perusahaan Perseroan (Persero) dalam Bidang Industri Kertas Terpadu dibubarkan.Terkait pelaksanaan likuidasi dalam rangka pembubaran PT Kertas Kraft Aceh dilakukan sesuai dengan ketentuan peraturan perundang-undangan di bidang Badan Usaha Milik Negara, peraturan perundang-undangan di bidang Perseroan Terbatas, peraturan perundang-undangan di bidang Kepailitan dan Penundaan Kewajiban Pembayaran Utang, dan/atau peraturanperundang-undangan lainnya.Lalu, penyelesaian pembubaran PT Kertas Kraft Aceh termasuk likuidasi dilaksanakan paling lambat 5 tahun terhitung sejak tanggal pengundangan Peraturan Pemerintah tersebut..Pasal 4, semua kekayaan sisa hasil likuidasi Perusahaan Perseroan (Persero) PT Kertas Kraft Aceh sebagaimana dimaksud dalam Pasal 2, disetorkan ke Kas Negara.
Editor : Khairol Azmi.AR"
https://aceh.inews.id/berita/bahasa-aceh-apa-kabar-pernah-dipelajari-presiden-jokowi,"Minggu, 26 Maret 2023 - 12:09:00 WIB","Bahasa Aceh Apa Kabar, Pernah Dipelajari Presiden Jokowi","Scan this QR or download app from:
BANDA ACEH, iNews.id -Bahasa Aceh apa kabarini harus diketahui jika kamu ingin berkunjung ke ProvinsiAceh. Bahasa ini digunakan untuk berkomunikasi dengan warga daerah berjuluk Serambi Mekkah.
Bahasa tersebut bisa dipelajari ketika kamu akan mengunjungi atau berencana menetap di wilayah paling barat Indonesia.

Apalagi jika kamu baru belajar bahasa Aceh. Bahasa ini biasanya dipakai untuk menyapa teman, kerabat, keluarga ataupun masyarakat sekitar.
Tenang, kamu tidak perlu fasih untuk mengucapkan kata tersebut. Pelajari beberapa menit pun kamu sudah bisa menerapkannya.

Bahasa Aceh apa kabar yakniPeuhaba.
Ternyata, Presiden Joko Widodo (Jokowi) pernah mempelajari bahasa tersebut.

Dilansir dari Antara, Minggu (26/3/2023),Presiden Jokowimemiliki kenangan lantaran dirinya pernah tinggal tiga tahun di Aceh. Dia juga pernah menetap di Lhokseumawe selama tujuh bulan.
Jokowi bahkan mengakui sejak tinggal di Aceh dirinya hanya belajar bahasa Aceh apa kabar saja.

""Sejak saya tinggal di Aceh, saya hanya belajarpeuhabasaja,"" kata Presiden Jokowi.
Editor: Nur Ichsan Yuniarto"
https://www.inews.id/news/nasional/momen-4-mata-presiden-jokowi-bersama-dua-capres-ganjar-di-pesawat-kepresidenan-prabowo-di-rumah-pribadi/all,"Sabtu, 22 April 2023 - 16:27:00 WIB","Momen 4 Mata Presiden Jokowi Bersama Dua Capres : Ganjar di Pesawat Kepresidenan, Prabowo di Rumah Pribadi","Scan this QR or download app from:
JAKARTA, iNews.id -Presiden Joko Widodo(Jokowi) bertemu 4 mata dengan dua orang kandidat calon presiden 2024 yakniGanjar PranowodanPrabowo Subianto. Kedua pertemuan itu terjadi dalam waktu yang tidak terlalu lama.
Momen pertama, Presiden Jokowi terekam kamera bertemu 4 mata dengan Ganjar Pranowo di pesawat. Pertemuan terjadi usai pengumuman Ganjar sebagai capres Partai Demokrasi Indonesia Perjuangan (PDIP), Jumat (21/4/2023).


Usai pengumuman, Ganjar bertolak ke Solo bersama Jokowi menggunakan Pesawat Kepresidenan RI 1. Dari foto yang diterima, tampak Ganjar duduk menghadap Jokowi sambil tersenyum.
Momen satu pesawat tersebut pun diunggah ke media sosial oleh Sekretaris Kabinet Pramono Anung melalui akun Instagramnya.

""Nganter Bapak Presiden @jokowi dan Pak Gub @ganjar_pranowo, pulang kampung ke Solo,"" kata Pramono.
Momen kedua yakni saat Menteri Pertahanan Prabowo Subianto bersilaturahmi ke kediaman Presiden Jokowi di Solo, Sabtu (22/4/2023). Kunjungan Prabowo itu dalam rangka silaturahmi Hari Raya Idul Fitri 1444 H.
Prabowo bersama putranya, Didit Hediprasetyo tiba pukul 12.00 WIB. Keduanya langsung disambut Presiden Jokowi bersama Ibu Iriana, beserta keluarga seperti Walikota Solo, Gibran Rakabuming Raka dan Kaesang Pangarep bersama istri.
Kemudian, pertemuan dilanjutkan sesi empat mata antara Prabowo dan Jokowi.
Wajah Presiden Jokowi terlihat tersenyum lebar saat bersama Prabowo.
Editor: Reza Fajri"
https://sulsel.inews.id/berita/ketum-psmti-wilianto-tanta-sambut-presiden-jokowi-di-hotel-rinra-makassar,"Rabu, 29 Maret 2023 - 22:57:00 WITA",Ketum PSMTI Wilianto Tanta Sambut Presiden Jokowi di Hotel Rinra Makassar,"Scan this QR or download app from:
JAKARTA, iNews.id-Ketua UmumPaguyuban Sosial Marga Tionghoa Indonesia (PSMTI) Wilianto Tanta sekaligus pemilikHotel Rinramenyambut kedatanganPresiden Joko Widodo(Jokowi) yang tiba diKota Makassar, Rabu (29/3/2023) petang. Presiden Jokowi melakukan kunjungan dinas selama dua hari di Sulawesi Selatan.
Presiden Jokowi beserta rombongan dijadwalkan menginap di Hotel Rinra, pesisir pantai barat Makassar.

Dalam kesempatan tersebut, Jokowi menanyakan usia dari Hotel berbintang lima kepada pria yang akrab disapa Wili.
""Sudah berapa lama hotel ini Pak?,"" kata Presiden Jokowi.

""Siap, sudah enam tahun Pak Presiden,"" ucap Willianto.
Jawaban Willianto pun direspons spontan presiden, ""Saya sudah tiga kali nginap di sini,"" kata Jokowi.
Pada dialog singkat bersama mantan gubernur DKI Jakarta ini dimanfaatkan Wilianto dengan meng-update organisasi yang dipimpinnya yakni Peguyuban Sosial Marga Tionghoa Indonesia (PSMTI).
""Saya tepat setahun pimpin PSMTI Indonesia,"" ujar Willianto, yang tepat 22 Maret 2022 lalu, terpilih jadi Ketua Umum DPP PSMTI periode 2022-2026 pada Munas VII PSMTI di Makassar.
Dalam hal ini, Willianto juga mengundang Presiden Jokowi untuk menghadiri peringatan Hari Ulang Tahun ke-25 PSMTI, enam bulan mendatang. ""Tanggal 28 September 2023 nanti PSMTI rayakan HUT seperempat abad, semoga Pak Presiden berkenan hadir,"" ujar Willianto.
Mendengar informasi PSMTI tersebut, Presiden RI hanya melempar senyum.
Editor: Kastolani Marzuki"
https://papua.inews.id/berita/jokowi-dapat-hadiah-jaket-bomber-rancangan-anak-muda-papua,"Selasa, 21 Maret 2023 - 19:37:00 WIT",Jokowi Dapat Hadiah Jaket Bomber Rancangan Anak Muda Papua,"Scan this QR or download app from:
JAKARTA, iNews.id-Presiden Joko Widodo(Jokowi) meninjau sejumlah stan produk yang dihasilkan paraanak mudaPapuadiPapua Youth Creative Hub(PYCH) diKota Jayapura, Selasa (21/3/2023). Dalam peninjauan tersebut, Presiden mendapathadiahjaketdari seorang perancang busana asli Papua Eunike Yunita.
Eunike mengatakan, jaket yang dia berikan merupakan hasil rancangannya. Jaket ini model bomber berwarna cream. Jokowi pun langsung menerima dan mengenakan jaket hasil karya asli anak bangsa tersebut.

“Kami lihat Bapak Presiden suka sekali memakai gaya yang stylish, jadi kami coba mungkin dengan produk yang kami buat khusus itu dan Bapak suka,” ujarnya, Selasa (21/3/2023).
Dia menjelaskan, jaket tersebut dibuat dengan memadukan motif batik Papua di bagian kantung.

“Kami memadukan antara batik Papua yang dengan bahan lain untuk pembuatannya,” kata Eunike.

Editor: Donald Karouw"
https://jabar.inews.id/berita/2-juta-masyarakat-berobat-ke-luar-negeri-jokowi-mau-terus-terusan,"Senin, 06 Maret 2023 - 13:39:00 WIB","2 Juta Masyarakat Berobat ke Luar Negeri, Jokowi: Mau Terus-terusan?","Scan this QR or download app from:
BANDUNG, iNews.id- PresidenJoko Widodo(Jokowi) mengaku sangat menyesal terkait masih banyaknya masyarakat yang memilihberobatke luar negeri dibanding di Tanah Air. Berdasarkan data yang dikantonginya, tak kurang dari 2 juta masyarakat Indonesia yang sakitberobat ke luar negeri.
Padahal, menurutnya, rumah sakit di Indonesia juga tidak kalah bagus dengan fasilitas yang lengkap.

""Informasi saya terima, hampir dua juta masyarakat kita, hampir masih pergi berobat ke luar negeri apabila sakit. Padahal kita punya rumah sakit seperti ini,"" kata Jokowi saat meresmikan Rumah Sakit Mayapada Bandung, Senin (6/3/2023).
Jokowi menyebut, masyarakat yang berobat ke luar negeri tidak hanya ke wilayah Asean saja, tapi juga beberapa negara lain termasuk Amerika hingga beberapa wilayah Eropa seperti Jerman.

""Hampir dua juta, satu juta kurang lebih ke Malaysia, kurang lebih 750 ribu ke Singapura, sisanya ke Jepang, Amerika, Jerman dan lainnya. Mau kita terus terusan?"" katanya.

Editor: Asep Supiandi"
https://serpong.inews.id/read/287433/jokowi-tersenyum-lebar-saat-pertemuan-4-mata-dengan-prabowo-di-solo,"Sabtu, 22 April 2023 | 17:36 WIB",Jokowi Tersenyum Lebar saat Pertemuan 4 Mata dengan Prabowo di Solo,"Scan this QR or download app from:
JAKARTA, iNewsSerpong.id -Ditemani putra semata wayangnya, Menteri PertahananPrabowo Subiantobersilaturahmi ke kediaman Presiden Joko Widodo ( Jokowi ) diSolo, Jawa Tengah, Sabtu (22/4/2023).
Prabowo dan Didit Hediprasetyo tiba pukul 12.00 WIB di kediaman Jokowi. Kedatangannya disambut langsung Presiden Jokowi bersama Ibu Negara Iriana Wali Kota Solo Gibran Rakabuming Raka, dan Kaesang Pangarep bersama istri.
Kue Khas Lebaran
Selanjutnya, pertemuan dilanjutkan sesi empat mata antara Prabowo dan Jokowi. Wajah Presiden Jokowi terlihat tersenyum lebar saat bersama Prabowo dalam satu meja.
Di meja tersebut terdapat berbagai macam kue khas Lebaran dan air mineral kemasan. Prabowo mengenakan baju koko warna putih. Sedangkan baju yang dikenakan Jokowi berwarna hitam dengan corak. Keduanya mengenakan peci berwarna hitam. (*)Artikel ini telah diterbitkan di halaman SINDOnews.com pada Sabtu, 22 April 2023 - 15:51 WIB oleh Rico Afrido Simanjuntak dengan judul ""Senyum Lebar Jokowi saat Pertemuan 4 Mata dengan Prabowo"".


Editor : Syahrir Rasyid"
https://lampung.inews.id/berita/momen-gubernur-lampung-girang-tepuk-tangan-dengar-jokowi-ambil-alih-perbaikan-jalan-rusak,"Sabtu, 06 Mei 2023 - 16:11:00 WIB",Momen Gubernur Lampung Girang Tepuk Tangan Dengar Jokowi Ambil Alih Perbaikan Jalan Rusak,"Scan this QR or download app from:
LAMPUNG TENGAH, iNews.id-Gubernur LampungArinal Djunaiditampak girang dan langsungtepuk tanganusai mendengar pemerintah pusat akan mengambil alih perbaikanjalan rusakdi provinsi berjuluk Sai Bumi Ruwa Jurai. Dia lalu terlihat berbisik ke Menteri PUPR Basuki Hadimuljono.
Momen ini terjadi saatPresiden Joko Widodo(Jokowi) memberikan keterangan usai meninjau jalan rusak di Kabupaten Lampung Tengah, Provinsi Lampung, Jumat (5/5/2023).

Jokowi mengatakan, pemerintah pusat melalui Kementerian Pekerjaan Umum dan Perumahan Rakyat (PUPR) akan segera memperbaiki sejumlah ruas jalan yang rusak di Lampung.
“Semangatnya adalah kita ingin memperbaiki jalan-jalan yang kita lihat baru saja tadi, baik jalan kabupaten, baik jalan provinsi, baik jalan kota yang rusak parah,” ujar Presiden di Jalan Seputih Raman, Kabupaten Lampung Tengah, Jumat (5/5/2023).

Menurutnya, setiap ruas jalan memiliki penanggung jawabnya masing-masing, yaitu pemerintah pusat untuk jalan nasional, gubernur untuk jalan provinsi dan bupati/wali kota untuk jalan kabupaten/kota. Meski demikian, Presiden menjelaskan pemerintah pusat akan mengambil alih perbaikan jalan di Lampung.
“Tetapi ini karena memang sudah lama ya akan diambil alih oleh pemerintah pusat,” ucapnya yang disambut dengan sorak kegembiraan para warga di lokasi.

Pada momen inilah, Gubernur Lampung Arinal Djunaidi yang turut mendampingi dan berada tepat di belakang Jokowi tersenyumkegirangansambil tepuk tangan.
Presiden lalu mengungkapkan, untuk memperbaiki infrastruktur jalan tersebut, tahun ini pemerintah pusat secara khusus akan mengucurkan anggaran sebesar kurang lebih Rp800 miliar untuk Lampung. Biaya tersebut akan mencakup perbaikan 15 ruas jalan dan akan dimulai tahap pembangunannya pada bulan Juni setelah proses lelang dilakukan.

“Begitu saya lihat tadi, saya sudah perintahkan Pak Menteri PU untuk lelang, tapi juga nanti ada beberapa ruas yang menjadi tanggung jawabnya Pak Gubernur. Ada yang tanggung jawabnya Bapak/Ibu Bupati yang ada di sini. Jangan semuanya pemerintah pusat,” kata Jokowi.

Editor: Donald Karouw"
https://bekasi.inews.id/read/264325/jokowi-saya-cek-ke-pasar-baleendah-harga-cabai-rawit-naik-jadi-rp80-ribukg,"Minggu, 05 Maret 2023 | 19:34 WIB",Jokowi: Saya Cek ke Pasar Baleendah Harga Cabai Rawit Naik Jadi Rp80 Ribu/Kg,"Scan this QR or download app from:
JAKARTA, iNewsBekasi.id-Presiden Joko Widodomengakui bahwaharga cabairawit mengalami kenaikan setelah dia mengunjungi Pasar Baleendah, Kabupaten Bandung, Jawa Barat pada Minggu lalu.
Menurut Presiden,harga cabai rawitmerah dan hijau meningkat drastis mencapai kisaran Rp70 ribu hingga Rp80 ribu per kilogram.
""Saya cek harga-harga yang ada di sini, memang ada kenaikan untukcabai rawit merah,cabai rawit hijau, memang naik,"" kata Jokowi dilansir dari Antara, pada Minggu (5/3/2023).
Menurut penjelasan Jokowi, kenaikan harga cabai merupakan fenomena yang terjadi setiap tahun dan sulit untuk diatasi. Namun, di sisi lain, ia menekankan bahwa para petani juga harus mendapatkan keuntungan dari hasil panen mereka.
Presiden mengatakan bahwa petani harus mendapatkan keuntungan dari hasil panen mereka, tetapi harga komoditas pertanian cenderung fluktuatif dan turun naik dari waktu ke waktu.
Meskipun begitu, harga beras di Pasar Baleendah masih tinggi dan untuk mengatasi masalah ini, ia memerintahkan Bulog untuk melakukan operasi pasar guna menurunkan harga.
Editor : Fatiha Eros Perdana"
https://cilegon.inews.id/read/292916/jokowi-umumkan-lapor-jalan-rusak-di-instagram-warga-pandeglang-curhat-hampir-melahirkan-di-jalan,"Minggu, 07 Mei 2023 | 12:28 WIB","Jokowi Umumkan Lapor Jalan Rusak di Instagram, Warga Pandeglang Curhat Hampir Melahirkan di Jalan","Scan this QR or download app from:
CILEGON,iNewsCilegon.id- Unggahan instagram milikPresiden Joko Widodo(Jokowi) yang mempersilahkanwargauntuk melaporkanjalan rusakdibanjiri berbagai komentar dan keluhan dari masyarakat. Salah satunya, warganet yang berasal dari KabupatenPandeglang, Provinsi Banten.
Hingga hari ini, Minggu (7/5/2023) kolom komentar dalam instagram @jokowi sudah mencapai 34.203 komentar, dan 1.148.632 disukai.
Dalam kolom komentar @jokowi terkait laporkanjalanrusak, warganet asal Kabupaten Pandeglang curhat bahwa dirinya hampirmelahirkandijalan akibat rusaknya jalan.
""Pandeglang pak, parah banget banyak warganya yang ngadu,"" ujar warganet.
""Pa presiden @jokowi jalan di pandeglang juga yah, tepatmya di Kecamatan Banjar sampai cimanuk Kabupaten Pandeglang Provinsi Banten. Maaf ya pa, saya hampir melahirkan dijalan. Karena udah lebih dari 10 tahun tidak dibangun,"" ungkap warganet.
""Maaf pak Ujung kulon provinsi banten lebih dari itu pak,"" kata warganet.
""Area Banten Selatan pak masih jelek,"" tulis warganet lainnya.
Seperti diketahui, unggahan laporkan jalan rusak diposting Jokowi usai melakukan kunjungan dan peninjauan jalam rusak di Provinsi Lampung yang viral dijagat maya oleh salah satu warganya bernama Bima di akun TikTok miliknya, beberapa waktu lalu.
Editor : M Mahfud"
https://jabar.inews.id/berita/jokowi-datang-jalan-katapang-andir-bandung-mulus-dan-lampu-terang,"Minggu, 05 Maret 2023 - 18:57:00 WIB","Jokowi Datang, Jalan Katapang Andir Bandung Mulus dan Lampu Terang","Scan this QR or download app from:
BANDUNG, iNews.id- Suasana berbeda tampak di Jalan Katapang Andir, tempat peresmianKolam RetensiAndir oleh Presiden Joko Widodo di Desa Ciputat, Kelurahan Andir, Kecamatan Baleendah, Kabupaten Bandung, Minggu (5/3/2023). Sebagian jalan menuju kolam retensi tampak mulus sekitar 200-300 meter.
Tak ada lubang jalan, apalagi genangan air. Terlihat dengan jelas jalan tersebut baru saja diaspal. Tampak kondisi aspal masih hitam.

""Alhamdulillah, Jokowi datang, jalan ke sini langsung diaspal. Kalau enggak ada presiden, mungkin entah kapan diaspalnya,"" kata salah seorang warga Desa Cipatat yang enggan disebutkan namanya.
Dia mengaku, jalan tersebut baru saja di aspal sebelum kedatangan presiden. Sebelumnya, jalan tersebut sedikit berlubang dan tidak mulus. Jalan tersebut hanya mulus di sekitar kolam retensi.

Menurut dia, tak hanya jalan Katapang Andir yang diaspal jelang kedatangan Jokowi, lampu penerangan jalan umum (PJU) juga diperbaiki.
""Iya, lampu lampu juga diperbaiki. Kalau malam sekarang terang,"" ujar dia.


Editor: Asep Supiandi"
https://cirebon.inews.id/read/278449/ketua-umum-ampi-akan-dilantik-presiden-jokowi-jadi-menpora,"Senin, 03 April 2023 | 10:34 WIB",Ketua Umum AMPI akan Dilantik Presiden Jokowi Jadi Menpora,"Scan this QR or download app from:
JAKARTA, iNews.id- Ketua Umum DPPAngkatan Muda Pembaharuan Indonesia(AMPI) periode 2017-2022,Dito Ariotedjoakan dilantik Presiden Jokowi menjadiMenteri Pemuda dan Olahraga(Menpora).
Pelantikan ketum organisasi kepemudaan yang berada di bawahPartai Golkaritu, dikabarkan bakal dilakukan bersamaan dengan pelantikan Komjen Pol Rycko Amelza Daniel sebagai Kepala Badan Nasional Penanggulangan Terorisme (BNPT).
""Ya benar dilantik,"" kata salah satu sumber di kalangan Istana Kepresidenan, Jakarta pada Senin (3/4/2023).
Dito Ariotedjo kelahiran Jakarta, 25 September 1990 itu merupakan pengusaha yang pada 2021 lalu bekerja sama dengan Raffi Ahmad dan CEO Prestige Motor untuk membentuk Rans Sport.
Sejak April 2022, Dito masuk ke dalam jajaran tim ahli Menteri Koordinator Bidang Perekonomian Indonesia.
Editor : Sazili MustofaEditor Jakarta"
https://manado.inews.id/read/265652/5-tempat-makan-legendaris-di-manado-salah-satunya-pernah-dikunjungi-jokowi,"Rabu, 08 Maret 2023 | 14:18 WIB","5 Tempat Makan Legendaris di Manado, Salah Satunya Pernah Dikunjungi Jokowi","Scan this QR or download app from:
MANADO,iNewsManado.com- Kota Manado punya banyak tempat makan legendaris yang sudah ada sejak puluhan tahun lalu. Meski banyak tempat makan moderen mau pun bergaya milenial, namun tempat makan legendaris ini tak sepi peminat.
Beberapa cafe atau restoran tempo dulu yang sudah ada sejak lama tak kehilangan eksistensinya sampai sekarang dan kerap dikunjungi karena terkenal legendaris. Makanan yang disajikan pun tidak banyak mengalami perubahan.
Berikut 5 tempat makan legendaris yang berhasil dirangkum iNewsManado.com Rabu (8/3/2023). Salah satunya pernah disinggahi oleh Presiden RI Joko Widodo.
1.Rumah Kopi Tikala
Rumah kopi yang sudah berdiri sejak tahun 1932 ini tak banyak mengalami perubahan baik dari segi bangunan mau pun kulinernya.
Rumah kopi yang terletak di Jalan Sudirman, Kelurahan Tikala Kumaraka, Kecamatan Wenang, ini merupakan rumah kopi tertua di Manado.
Selain konsep bangunan tua, menunya juga dari dulu masih tetap dipertahankan hingga kini selain tentunya tersedia juga menu-menu lainnya.
Menu yang sudah ada sejak dahulu yakni kopi susu dan teh serta roti bakar srikaya. Uniknya hanya ada roti bakar srikaya, dan roti bakar mentega gula, tidak ada roti bakar coklat atau keju mau pun roti bakar lainnya
Selain itu, semua bahan mulai dari kopi hingga srikaya merupakan hasil racikan sendiri. Rumah kopi ini buka pukul 5 pagi hingga 6 sore. Banyak orang kerap datang berdiskusi, atau bersosialisasi, dan membicarakan banyak hal di rumah kopi ini.
2.Warung Kopi Jalan Roda
Warung kopi jalan roda atau lebih populer di sebut Jarod bukanlah nama sebuah cafe, melainkan sebuah kawasan ekowisata di tengah kota Manado. Kawasan ini sudah ada sejak jaman dulu, bahkan sebelum perang dunia I dan II.
Tempat ini merupakan titik kumpul dari warga masyarakat Minahasa, baik dari Tomohon, Tonsea, Tanawangko, dan Wori yang datang ke Wenang untuk menjual bahan-bahan hasil bumi.
Disebut jalan roda karena masyarakat Minahasa yang datang berjualan di tempat ini menggunakan alat transportasi roda pedati atau gerobak yang ditarik oleh sapi atau kuda.
Bisnis pendukung pun tumbuh seiring dengan ramainya stasiun roda waktu itu. Sekitar tahun 1950 an, sudah ada penginapan. Di penginapan inilah, orang-orang dari luar kota menginap. Bisnis warung makan dan kedai kopi pun mulai bermunculan.
Seiring waktu, Jarod tetap terpelihara dan berubah menjadi tempat kongko-kongko. Tempat ini kemudian berkembang menjadi kawasan pertokoan pusat kota pasar 45. Pasar Minahasa pun berubah menjadi shopping center. Keberadaan Jarod di antara gedung-gedung pertokoan sendiri masih tetap dipertahankan hingga kini.
Presiden RI Joko Widodo pada 31 Maret 2019 lalu pernah singgah minum kopi bersama masyarakat sekitar dan Tim Kampanye Nasional. Ditempat itu Jokowi mencicipi kopi dan pisang goreng dengan sambal roa khas Manado.
3.Rumah Es Miangas
Rumah es ini sudah ada sejak tahun 1970 an dan merupakan tempat favorit masyarakat Manado sejak dahulu. Letaknya yang berada persis di samping jembatan miangas sehingga tempat ini dinamai rumah es miangas.
Sesuai dengan namanya, tempat yang berlokasi di Kelurahan Tikala Ares, Kecamatan Tikala ini menjual aneka es.
Selain itu juga ada tersedia rujak, gohu pepaya, gohu ketimun, gohu pepaya ketimun, tahu goreng, tahu goreng, mie kuah cakalang, tahu rebus, serta aneka jus seperti jus pepaya, ketimun, wortel, durian, nanas dan sirsak.
Rumah Es Miangas juga menjual aneka ragam kue tradisional khas Manado, mulai dari kue lampu-lampu, lalampa, balapis, nagasari, kolombeng polote, apang coe, panada, koyabu, serta puluhan kue lainnya yang harganya sangat terjangkau.
Sebagian besar menu yang dijual di sini merupakan menu andalan dan tidak banyak mengalami perubahan sejak dulu serta paling banyak dicari orang.
4.Nasi Kuning Selamat Pagi
Nasi kuning selamat pagi merupakan salah satu yang tertua di Kota Manado, sejak jaman Jepang sudah ada, dahulu lokasinya berada di pasar 45 sebelum akhirnya sekira tahun 1974 pindah berjualan di jalan Sudirman, Kampung Kodo, Manado, Sulawesi Utara.
Puluhan tahun nasi kuning selamat pagi tetap konsisten menjaga rasa dengan tetap menggunakan beras lokal jenis superwin yang dibudidayakan petani lokal.
Nasi kuning yang gurih dan pulen serta rasanya yang khas itulah yang membuat nasi kuning ini bukan hanya laris didatangi penikmat mulai dari kalangan orang biasa, pejabat, bahkan artis pernah mencicipi nasi kuning selamat pagi.
Bahkan nasi kuning ini pernah dipesan orang untuk dibawa ke luar negeri, seperti Jerman, Jepang dan Amerika Serikat.
Kalau biasanya nasi kuning lauknya menggunakan abon ikan cakalang, di tempat ini nasi kuningnya tergolong unik, karena menggunakan abon ikan tindarung sebagai lauknya.
Dahulu nasi kuning selamat pagi buka 24 jam, kini hanya buka sejak pukul 05.00 wita sampai dengan pukul 24.00 Wita.
5.Warteg Sudirman
Warteg atau warung tegal yang biasa dikenal sebagai makanan pinggiran tidak hanya ada di Jawa saja, di Manado, Sulawesi Utara juga ada. Bahkan berdiri sejak 1978, warteg ini merupakan yang tertua di Kota Manado.
Rumah makan ini menyajikan berbagai menu ayam dan bebek, aneka nasi, sate, bakso dan soto yang dibanderol dengan harga yang murah dan bersahabat dengan kantong.
Tersedia juga pokis, martabak terang bulan dan malabar serta aneka gorengan lainnya. Untuk kue pokis hanya ada di warteg ini, anda tidak akan menemukannya di tempat lain.
Sejak berdiri hingga kini, warteg Sudirman tidak banyak mengalami perubahan. Meski di sekitarnya banyak tempat makan moderen, namun tempat makan legendaris ini selalu ramai dikunjungi.
Editor : Subhan Sabu"
https://probolinggo.inews.id/read/283606/habib-najib-salim-attamimi-tegaskan-jokowi-tokoh-teladan-yang-wajib-dicontoh-bagi-para-pemimpin,"Kamis, 13 April 2023 | 16:18 WIB",Habib Najib Salim Attamimi Tegaskan Jokowi Tokoh Teladan yang Wajib Dicontoh Bagi Para Pemimpin,"Scan this QR or download app from:
JAKARTA, iNewsProbolinggo.id - Presiden Joko Widodo atauJokowi, tak hanya layak disebut Presiden RI. Tapi Jokowi betul-betul tokoh teladan rakyat Indonesia dan sangat layak diberi gelar tokoh teladan rakyat di seluruh dunia.
Kerja atau programnya langsung menyentuh rakyat, sering blusukan. Bahkan juga sering menjadi imam shalat wajib lima waktu, baik di Indonesia maupun di Negara Afganistan.
Hal itu jarang terjadi pada presiden-presiden RI sebelumnya disampaikan Founder Al Hasanah Foundation,Habib Najib Salim Attamimi, Kamis (13/4)
""Betul-betul presiden teladan rakyat dan tak ada duanya. Sederhana, dekat dengan rakyat, kerjanya konkrit untuk rakyat dan negara. Pembangunan infrastruktur sangat luar biasa,"" jelas tokoh yang kerap disapa Habib Najib ini.
Najib mencontohkan, selama Ramadan saja, Presiden Jokowi betul-betul detail mengurus hal yang berkaitan dengan rakyat. Mulai dari turun langsung mengecek harga sembako ke pasar saat puasa, cek langsung fasilitas umum untuk arus mudik, hingga hal besar soal yang berkaitan dengan banyak negara di dunia.
Dari sederet Presiden RI sebelumnya, mungkin hanya Gus Dur (almarhum KH Abdurrahman Wahid) dan Jokowi yang sering menjadi imam shalat wajib lima waktu.
Hal ini memang sederhana, tapi dalam perspektif Islam, menjadi imam shalat itu contoh kecil soal kepemimpinan diri yang utama.
""Jadi imam shalat itu menjadi pemimpin bacaan dalam shalat, gerakan shalat hingga hal lain yang menjadi sahnya shalat,"" jelasnya.
Selain itu, hal sederhana yang langsung bersentuhan dengan rakyat juga langsung ditangani oleh Presiden Jokowi.
Seperti turun langsung memberikan sedekah pada rakyat yang sedang puasa, anak yatim dan warga kurang mampu.
""Inilah sosok Presiden Jokowi. Semoga kedepan digantikan sosok yang tak jauh beda. Jadi teladan dan juga bisa jadi imam shalat,"" harap Najib.
Selain itu, Najib juga banyak berharap, jelang Pemilu 2024, rakyat Indonesia nantinya, betul-betul memilih sosok pemimpin yang teladan bagi rakyatnya. Seperti sosok Presiden Jokowi.
""Saatnya semua tokoh bersatu, saling bersilaturahmi, bermusyawarah dan merumuskan akan seperti apa perpolitikan Indonesia yang baik, damai serta mampu menyejahterakan rakyat, di tengah kondisi ekonomi lagi tidak baik-baik saja seperti saat ini,"" katanya.
Pada momentum Ramadan, Lailatul Qadar dan Idul Fitri nantinya, tambah Najib, harus saling berangkulan dalam semua hal.
""Tinggalkan permusuhan sesama umat. Jalankan politik yang berkadaban. Satu niat untuk memajukan bangsa dan sejahterakan rakyat Indonesia. Majukan Indonesia menjadi negara yang disegani dan contoh dunia,"" jelasnya.
Editor : Ahmad Hilmiddin"
