Tanggal;Judul;URL;Isi Berita
14 Mar 2023 20:11;Survei PWS: Ganjar Pranowo Paling Difavoritkan Jadi WakilPrabowountuk Pilpres 2024;https://www.liputan6.com/news/read/5233145/survei-pws-ganjar-pranowo-paling-difavoritkan-jadi-wakil-prabowo-untuk-pilpres-2024;"Liputan6.com, Jakarta -
Lembaga survei Political Weather Stations (PWS) merilis hasil survei terbarunya, soal simulasi pasangan calon presiden
(capres)
dan calon wakil presiden (cawapres) yang difavoritkan publik.
Hasilnya, pasangan Prabowo Subianto-
Ganjar Pranowo
menjadi yang paling banyak dipilih dan berpotensi besar membuat pemilihan presiden (Pilpres) 2024 cukup satu putaran.
“Pasangan Prabowo-Ganjar bahkan jauh lebih difavoritkan publik daripada pasangan Ganjar Pranowo-Erick Thohir yang akhir-akhir ini banyak dibicarakan,” tulis Peneliti Senior PWS, Sharazani MA dalam keterangan diterima, Selasa (14/3/2023).
Advertisement
Sharazani menjelaskan, dalam survei kali ini PWS membuat beberapa simulasi pasangan capres-cawapres. Pertama-tama dibuat simulasi siapakah cawapres yang dinilai cocok mendampingi tiga capres papan atas yakni
Prabowo Subianto
, Ganjar dan Anies. Kemudian PWS membuat simulasi apabila capres diikuti tiga pasang kandidat.
“Kami bertanya siapakah yang menjadi favorit publik. Selain itu PWS juga membuat analisis secara cross-tabulation untuk mengetahui kemana arah dukungan partai-partai politik terhadap tiga pasangan capres-cawapres yang disimulasikan PWS,” urai dia.
Hasilnya, dari dari sejumlah nama yang diajukan oleh PWS kepada responden dan menanyakan kepada mereka siapakah yang paling cocok menjadi wakil dari pendamping Prabowo Subianto, sebanyak 24,5% publik menyebut nama Ganjar Pranowo. Setelah itu muncul nama Ridwan Kamil (15,6%), Sandiaga Uno (12,8%), Erick Thohir (11,2%) dan Khofifah (10,1%).
“Ketua Umum PKB Muhaimin Iskandar dan politisi senior PDI Perjuangan Puan Maharani hanya disebut oleh kurang 2% responden,” tutur Sharazani."
14 Mar 2023 16:25;Relawan JawaraPrabowo-Sandi 2019 Alih Dukung Erick Thohir Maju di Pilpres 2024;https://www.liputan6.com/pemilu/read/5232902/relawan-jawara-prabowo-sandi-2019-alih-dukung-erick-thohir-maju-di-pilpres-2024;"Liputan6.com, Jakarta -
Ratusan
Relawan Jawara
Prabowo-Sandi 2019 Provinsi Banten resmi mendeklarasikan dukungan kepada Menteri BUMN Erick Thohir untuk maju pada Pilpres 2024. Erick Thohir dinilai sosok yang mampu menjadi harapan baru pendorong kemajuan bangsa ke depan.
“Kami Jawara Prabowo-Sandi 2019 Banten berikrar memberikan dukungan kepada Bapak Erick Thohir, agar berkenan maju pada
Pilpres 2024
,"" kata eks Relawan Jawara Prabowo-Sandi 2019 Abdurrahman, Selasa (14/3/2023).
Dia mengatakan dukungan penuh bakal diberikan relawan kepada
Erick Thohir
untuk ikut bertarung pada Pilpres mendatang. Erick Thohir menjadi sosok yang tepat lantaran punya kerja cepat.
Advertisement
""Sosok pemimpin seperti ini hanya kita temukan pada sosok Bapak Erick Thohir,"" jelas Abdurrahman.
Setiap tugas yang diamanahkan, dia mengatakan, mampu dengan baik dituntaskan Erick Thohir. Terlebih Erick Thohir selalu mengedepankan kepentingan masyarakat secara untuk mewujudkan kemaslahatan bersama.
""Kita dan masyarakat di seluruh Indonesia, khususnya Banten, membutuhkan pemimpin yang mampu bekerja cepat untuk rakyat,"" ucap Abdurrahman."
14 Mar 2023 13:50;TegaskanPrabowoCapres, Gerindra: Itu Hasil Rapimnas, Tak Ada Perubahan;https://www.liputan6.com/news/read/5232673/tegaskan-prabowo-capres-gerindra-itu-hasil-rapimnas-tak-ada-perubahan;"Liputan6.com, Jakarta -
Ketua Harian Partai
Gerindra
Sufmi Dasco Ahmad menegaskan Ketua Umum Gerindra Prabowo Subianto harus menjadi calon presiden. Sebab mengusung Prabowo sebagai calon presiden merupakan keputusan
Rapimnas
Gerindra.
""Patut diketahui bahwa hasil Rapimnas partai Gerindra menjadi patokan kita itu calon presiden dari partai Gerindra itu kan Pak
Prabowo
dan selama itu hasil rapimnas enggak ada perubahan, ya tentunya masih begitu,"" ujar Dasco di Kompleks Parlemen, Senayan, Jakarta, Selasa (14/3/2023).
BACA JUGA:
Wamenaker Immanuel Ebenezer Kena OTT KPK dan Pesan Prabowo Tak Lindungi Kader Nakal
BACA JUGA:
Komisaris Waskita Karya Dirombak, Ajudan Prabowo-Kader Gerindra Masuk
Baca Juga
Ketua MPR: Doa untuk Affan Kurniawan dan Ajakan Jaga Persatuan
Gerindra Bakal Cabut Keanggotaan Immanuel Ebenezer Usai Jadi Tersangka KPK
Polemik Bupati Pati, Dasco Sebut Prabowo Berkali-kali Ingatkan Jaga Sikap
Dasco menanggapi pernyataan Sekjen PDIP Hasto Kristiyanto bahwa PDIP harus memegang kursi calon presiden dalam penjajakan koalisi Pilpres 2024. Pernyataan tersebut menanggapi wacana duet Prabowo-Ganjar. Dasco menghormati sikap politik PDIP tersebut.
Advertisement
""Ya saya pikir kan semua memang memiliki planing masing-masing. Kalau PDIP punya planning demikian ya Gerindra juga punya planning sesuai mekanisme yang ada,"" ujarnya.
Dasco tidak ingin berandai-andai bila Gerindra mengubah keputusan agar Prabowo sebagai calon presiden. Ia mengatakan, Gerindra sedang semangat-semangatnya mendukung Prabowo sebagai calon presiden.
""Saya pikirkan yang namanya politik saat ini kita di Gerindra sedang semangat-semangatnya dan amanat rapimnas Pak Prabowo calon presiden
(Capres)
,"" ujar Dasco."
14 Mar 2023 13:10;Wacana DuetPrabowo-Ganjar di Pilpres, Gerindra: Itu Hadir karena Ada Dorongan Masyarakat;https://www.liputan6.com/news/read/5232625/wacana-duet-prabowo-ganjar-di-pilpres-gerindra-itu-hadir-karena-ada-dorongan-masyarakat;"Liputan6.com, Jakarta -
Wakil Ketua Umum Partai Gerindra Budi Djiwandowo menyatakan wacana duet
Prabowo
Subianto-Ganjar Pranowo hadir karena ada dorongan dari masyarakat.
“Itu kan terjadi karena pembicaraan
masyarakat
juga. Minggu lalu ada kunjugan bareng,” kata Budi dalam keterangannya, Selasa (14/3/2023).
BACA JUGA:
Reshuffle Kabinet Prabowo, Ini Profil Menkeu Purbaya Yudhi Sadewa Pengganti Sri Mulyani
BACA JUGA:
Reshuffle Kabinet Merah Putih, IHSG Berbalik Arah Memerah Jelang Penutupan
Baca Juga
Reshuffle Kabinet, Ini Profil Menteri P2MI Mukhtarudin yang Dilantik Prabowo Hari Ini
Dito Ariotedjo Kena Reshuffle, Presiden Prabowo Belum Lantik Menpora Baru
Profil Ferry Juliantono, Dilantik Prabowo jadi Menteri Koperasi Gantikan Budi Arie Setiadi
Budi menyebut pihaknya masih harus melihat perkembangan politik ke depan sebelum memutuskan pasangan calon capres-cawapres.
Advertisement
“Ya kita akan lihat ke depan itu nanti seperti apa, kan pendaftaran
capres
cawapres itu akan final pas mereka mendaftarkan ke KPU,” kata Budi.
Budi menegaskan, saat ini pihaknya komitmen untuk bekerjasama dengan PKB.
“Kerja sama politik itu saya ingatkan kembali bahwa mengenai capres dan cawapres itu akan ditentukan oleh Pak Prabowo dan pak muhaimin iskandar. Saya rasa Pak Muhaimin iskandar adalah calon terkuat untuk menjadi pendamping Pak Prabowo,” kata dia."
14 Mar 2023 10:40;Wacana DuetPrabowoGanjar, PDIP: Selalu Ada Kemungkinan;https://www.liputan6.com/news/read/5232435/wacana-duet-prabowo-ganjar-pdip-selalu-ada-kemungkinan;"Liputan6.com, Jakarta -
Wacana duet Ketua Umum Partai Gerindra
Prabowo Subianto
dengan Gubernur Jawa Tengah sekaligus kader PDIP
Ganjar
Pranowo mencuat ke publik, usai foto kedekatan kedua tokoh itu saat dampingi Presiden Joko Widodo di Jawa Tengah tersebar.
Ketua Bappilu DPP PDI Perjuangan Bambang Wuryanto alias Bambang Pacul menyebut bahwa yang berhak menentukan sosok calon presiden (capres) di
PDI Perjuangan
hanya Ketua Umum Megawati Soekarnoputri.
BACA JUGA:
Hasto dapat Amnesti dari Prabowo, PDIP Tepis Spekulasi Intervensi Politik
BACA JUGA:
Hasto Kristiyanto Divonis 3,5 Tahun Penjara, Ketua PDIP Ganjar Pranowo Nilai Hakim Bijaksana
Baca Juga
Hasto Kembali Jadi Sekjen, PDIP Segera Daftarkan Kepengurusan ke Kemenkum
Ganjar Pastikan PDIP Tetap Buka Komunikasi dengan Pemerintah Pusat Meski Hasto Kembali Jadi Sekjen
Ini Alasan Hasto Kembali Ditunjuk jadi Sekjen PDIP
Namun, dia menilai tak masalah jika masyarakat atau pihak lain ingin berspekulasi tentang wacana capres dan cawapres.
Advertisement
""Soal presiden dan wapres itu di tangan Ketua Umum (Megawati Soekarnoputri). Jadi masyarakat berspekulasi boleh, pengamat berspekulasi boleh. Tokoh politik di luar PDIP berspekulasi boleh,"" kata Pacul, saat diwawancarai di Kompleks Parlemen, Senayan, Jakarta, Selasa (14/3/2023).
Tak hanya itu, dia pun mengingatkan bahwa PDI Perjuangan akan mengusung capres dari kader partai kepala banteng tersebut.
""Bu Ketum di dalam pidato beliau di ulang tahun kan mengatakan kita akan mengusung capres dari kader sendiri,"" ujarnya.
Kendati demikian, Bambang Pacul tak menampik jika kemungkinan wacana untuk diduetkan selalu ada.
""Di dalam polilitik itu apa yang tidak mungkin? Selalu ada kemungkinan ya toh? Dan kemungkinan itu kan diciptakan oleh para ahlinya. Dan ahlinya itu politisi,"" imbuh Bambang Pacul."
14 Mar 2023 09:02;Infografis Wacana DuetPrabowoSubianto dan Ganjar Pranowo di Pilpres 2024;https://www.liputan6.com/news/read/5232157/infografis-wacana-duet-prabowo-subianto-dan-ganjar-pranowo-di-pilpres-2024;"Liputan6.com, Jakarta -
Dua tokoh yang mempunyai elektabilitas tinggi bertemu. Menteri Pertahanan Prabowo Subianto dan Gubernur Jawa Tengah Ganjar Pranowo tampil bersama saat mendampingi Presiden Joko Widodo atau
Jokowi
dalam agenda panen raya di Desa Lejer, Kecamatan Ambal, Kabupaten Kebumen, Kamis 9 Maret 2023.
Dari rangkaian foto yang dibagikan Sekretariat Presiden, ketiga tokoh itu tampak menghampiri para petani yang siap memanen padi. Di sela-sela panen raya, Presiden Jokowi
selfie
atau swafoto bersama
Prabowo Subianto
dan Ganjar Pranowo.
BACA JUGA:
Infografis Kronologi Kasus Nadiem Makarim hingga Ditetapkan Tersangka Korupsi Chromebook
BACA JUGA:
Infografis Tragis 5 Jenazah Ditemukan Dalam Rumah Satu Liang Lahat di Indramayu
BACA JUGA:
Infografis Mereka yang Dinonaktifkan dan Nilai Fasilitas Gaji Tunjangan yang Dibekukan DPR
Advertisement
Baca Juga
Jokowi Buka Suara Soal Isu Jodohkan Ganjar dan Prabowo saat Momentum Panen Raya di Kebumen
Muncul Wacana Duet Maut Prabowo-Ganjar, Hasto Tegaskan Capres PDI-P dari Kader Sendiri
Gerindra Wacanakan Duet Prabowo-Ganjar di Pilpres 2024, PKB Ingatkan 2 Syarat
Foto yang dibagikan Sekretariat Presiden itu kemudian menguatkan wacana duet Prabowo dan Ganjar di Pemilu Presiden atau
Pilpres 2024
. Beragam tanggapan pun datang dari kalangan partai politik atau parpol, termasuk sejumlah pengamat.
Terkait hal itu, pihak istana menjelaskan alasan Presiden Jokowi mengajak Prabowo Subianto saat blusukan ke Jawa Tengah atau Jateng.
Prabowo
diajak Jokowi, karena juga punya agenda kerja di Magelang.
Menurut Deputi Bidang Protokol, Pers, dan Media
Sekretariat Presiden
, Bey Triadi Machmudin, Presiden Jokowi juga ingin Prabowo melihat langsung masalah yang dihadapi petani.
""Presiden ingin agar Pak Prabowo memahami masalah-masalah di lapangan yang dihadapi petani. Hal ini perlu diketahui Pak Prabowo mengingat Beliau juga diberi tugas menangani
Food Estate
(Program Pengembangan Pangan) di Kalimantan Tengah,""
Bey Triadi Machmudin
menjelaskan.
Adapun
Gubernur Ganjar Pranowo
menjelaskan, saat itu dia mendampingi Presiden Jokowi melihat panen padi. Sebab, Jokowi perhatian terhadap harga gabah yang mulai turun, hal itu berdampak untung kepada petani.
""Itu di balik cerita foto,"" kata politikus Partai Demokrasi Indonesia Perjuangan atau
PDIP
tersebut.
Bagaimana hasil 4 suvei terbaru elektabilitas duet Prabowo Subianto dan Ganjar Pranowo? Bagaimana pula ragam tanggapan wacana duet Prabowo-Ganjar di Pilpres 2024? Simak dalam rangkaian
Infografis
berikut ini:"
14 Mar 2023 06:30;Duet Ganjar -Prabowo, Pengamat: Cocok dan Kuat untuk Lawan Capres-Cawapres Lain;https://www.liputan6.com/news/read/5232243/duet-ganjar-prabowo-pengamat-cocok-dan-kuat-untuk-lawan-capres-cawapres-lain;"Liputan6.com, Jakarta
Wacana menduetkan Gubernur Jawa Tengah Ganjar Pranowo dan Ketua Umum Gerindra Prabowo Subianto semakin menguat. Hal ini dianggap wajar jika kedua pasangan yang elektabilitasnya berada di papan atas tersebut maju bersama di
Pemilu 2024
.
Pengamat politik Ujang Komarudin menilai wajar jika Presiden Joko Widodo atau Jokowi memberikan dukungan kepada duet Prabowo-Ganjar. Apalagi
Prabowo Subianto
adalah anak buah Jokowi sebagai menteri pertahanan.
Baca Juga
NasDem Pasang Target Masuk 3 Besar di Pemilu 2029, Konsolidasi jadi Fokus Utama
Pentingnya Layanan Pendidikan Tambahan Selain Sekolah, Mengingat Ketatnya Seleksi Masuk Perguruan Tinggi
Kinerja PPP di Pemilu 2024 Harus Dievaluasi, Bukan Saling Menyalahkan
Serta, mantan Danjen Kopassus itu punya pengalaman dua kali berlaga sebagai calon presiden di 2014 dan Pilpres 2019.
Advertisement
""Peran Prabowo sebagai Menhan menjadi alasan kuat mengapa Jokowi memberikan dukungan terhadapnya,"" ujar Ujang kepada wartawan, dikutip Selasa (14/3/2023).
Dengan pengalaman itu, wajar jika disandingkan dengan Ganjar. bahkan, beberapa kali Presiden Jokowi terkesan mengendorse mereka.
""Pak Prabowo punya pengalaman sebagai capres, jadi konstruksi yang ideal bisa saja bahwa Prabowo berdampingan dengan Ganjar. Saya melihat beberapa kali pak jokowi mengendorse secara khusus saatnya giliran Pak Prabowo,"" ujar Ujang.
Dari segi kekuatan elektoral, duet Prabowo dan Ganjar punya peluang menang besar. Dua tokoh itu kerap berada di urutan teratas survei
Pilpres 2024
.
""Kalau kita bicara survei yang ada saat ini di lembaga yang kredibel bahwa mengatakan Prabowo dan Ganjar paling kuat dan cocok untuk bisa bersaing dengan capres cawapres yang lain,"" ujar Ujang.
Sebelumnya, Presiden Jokowi mengajak Menhan Prabowo Subianto dan Gubernur Jateng, Ganjar Pranowo panen raya di Kebumen pekan lalu. Baik Prabowo maupun Ganjar diketahui dua nama bakal Capres yang memiliki elektabilitas tinggi di berbagai survei.
Spekulasi bermunculan. Jokowi dianggap ingin duetkan Prabowo dan Ganjar di Pemilu 2024. Jokowi pun menjawab soal itu.
Jokowi mengatakan, momen Prabowo dan Ganjar di Desa Lajer, Kabupaten Kebumen, Jawa Tengah, hanya acara panen raya di sawah.
""Itu panen raya di sawah. Kebetulan Bapak Prabowo mau ke Magelang, saya ajak bareng. Sudah bareng, turun di Kulon Progo. Karena pertemuan bapak Prabowo-nya siang, sudah ke sawah dulu kita panen raya. Ada saya, ada Bapak Ganjar ada Bapak Prabowo, gitu saja,"" kata Presiden Jokowi usai meresmikan Tempat Pengolahan Sampah Terpadu (TPST) Kesiman Kertalangu, Kota Denpasar, Bali, pada Senin (13/3/2023).
Kemudian, wartawan pun bertanya tentang pasangan yang tepat antara Prabowo dan Ganjar. Apakah Prabowo capres dan Ganjar cawapres. Atau sebaliknya.
Jokowi jawab singkat dan tegas. ""Iya ideal semuanya,"" ujar Jokowi."
14 Mar 2023 05:30;Golkar Bicara Peluang DuetPrabowo-Airlangga, Bakal Tinggalkan KIB?;https://www.liputan6.com/news/read/5232199/golkar-bicara-peluang-duet-prabowo-airlangga-bakal-tinggalkan-kib;"Liputan6.com, Jakarta -
Ketua DPD Partai Golkar Jawa Barat, Ace Hasan Syadzily menanggapi peluang duet Ketua Umum Golkar Airlangga Hartarto dengan Ketua Umum Partai Gerindra
Prabowo
Subianto.
Peluang duet Prabowo-Airlangga terbuka dengan catatan Golkar bergabung dengan koalisi Kebangkitan Indonesia Raya (KIR) yang dibentuk Gerindra dan PKB.
BACA JUGA:
Menko Airlangga Usul Magang Bergaji, Anindya Bakrie: Perlu Dibahas Lebih Lanjut
BACA JUGA:
Indonesia Tawarkan Investasi Proyek Giant Sea Wall ke China hingga Jepang
Baca Juga
Transaksi Harbolnas 2025 Ditargetkan Sentuh Rp 35 Triliun
Respons Menko Airlangga Terkait Isu PHK Karyawan Gudang Garam
Airlangga Pastikan Satgas PHK Segera Terealisasi, Aturan Sudah Diteken
Ace mengatakan, konfigurasi duet
Prabowo-Airlangga
tidak tertutup. Sebab, politik jelang Pemilihan Presiden (Pilpres) 2024 sampai hari ini masih dinamis.
Advertisement
""Ya berbagai dinamika itu bagian dari yang harus dilalui ya menuju proses pendaftaran Pilpres 2024. Oleh karena itu saya kira berbagai kemungkinan konfigurasi itu yaitu menurut saya masih sangat dinamis,"" ujar Ace saat ditemui di kantor DPP Partai Golkar, Jakarta Barat, Senin (12/3/2023).
Meski begitu, dia menegaskan bahwa yang berwenang untuk menentukan siapa calon presiden (capres) dan calon wakil presiden (cawapres) adalah ketua umum partai politik.
""Dan tentu yang memiliki otoritas untuk menentukan siapa dan bagaimana tentu kewenangannya ada pada ketua umum masing-masing partai politik,"" ujar Ace.
Sementara itu,
Airlangga
dan Ketua Umum PKB Muhaimin Iskandar (Cak Imin) saat ini tengah intensif menjalin komunikasi penjajakan Pilpres 2024. Menurut Ace, komunikasi itu akan terus dijaga.
Lantas KIB Akan Bubar?
Peluang Golkar bergabung dengan koalisi Gerindra-PKB memang terbuka. Namun bisa juga Gerindra dan PKB yang justru akan merapat ke Koalisi Indonesia Bersatu (KIB) yang lebih dulu digagas dan dideklarasikan oleh Golkar bersama PPP dan PAN.
""
KIB
sendiri dari sejak awal memang sudah sangat membuka ya kemungkinan untuk berkoalisi dengan partai politik yang lain maupun dengan koalisi yang terbentuk di luar KIB,"" ujar Ace."
14 Mar 2023 00:00;HEADLINE: Wacana DuetPrabowoSubianto dan Ganjar Pranowo di Pilpres 2024, Prediksinya?;https://www.liputan6.com/news/read/5231894/headline-wacana-duet-prabowo-subianto-dan-ganjar-pranowo-di-pilpres-2024-prediksinya;"Liputan6.com, Jakarta -
Wacana duet Ketua Umum (Ketum) Partai Gerindra
Prabowo Subianto
dan Gubernur Jawa Tengah Ganjar Pranowo mencuat dan ramai diperbincangkan publik setelah keduanya menunjukkan keakrabannya saat mendampingi Presiden Joko Widodo (Jokowi) di Jawa Tengah.
Berdasarkan foto yang dibagikan Sekretariat Presiden, Kamis 9 Maret 2023, keakraban itu terjadi saat
Jokowi
meninjau lokasi panen raya padi di Desa Lajer, Kecamatan Ambal, Kabupaten Kebumen, Provinsi Jawa Tengah.
BACA JUGA:
Reshuffle Kabinet Prabowo, Ini Profil Menkeu Purbaya Yudhi Sadewa Pengganti Sri Mulyani
BACA JUGA:
Reshuffle Kabinet Merah Putih, IHSG Berbalik Arah Memerah Jelang Penutupan
BACA JUGA:
Daftar Nama Menteri yang Disebut Kena Reshuffle Kabinet, Ini Penjelasan Mensesneg
BACA JUGA:
Prabowo Reshuffle Kabinet di 3 Kementerian Sektor Ekonomi, Ini Daftarnya
Baca Juga
Reshuffle Kabinet, Ini Profil Menteri P2MI Mukhtarudin yang Dilantik Prabowo Hari Ini
Dito Ariotedjo Kena Reshuffle, Presiden Prabowo Belum Lantik Menpora Baru
Profil Ferry Juliantono, Dilantik Prabowo jadi Menteri Koperasi Gantikan Budi Arie Setiadi
Ketiganya bahkan sempat melakukan swafoto bersama dengan para petani di areal persawahan. Raut wajah para petani pun senang saat berfoto bersama mereka. Namun sesekali mereka juga nampak terlihat berbicara serius.
Advertisement
Momen keakraban tersebut, lantas kemudian memantik berbagai tafsir soal kedekatan antara Prabowo Subianto dengan
Ganjar Pranowo
, Tak sedikit yang beranggapan bahwa hal itu juga berkaitan dengan proses politik untuk menuju Pemilu 2024 mendatang.
Peneliti Senior Populi Center, Usep S Ahyar berpandangan bahwa momentum keakraban antara Prabowo Subianto dan Ganjar Pranowo bersama Presiden Jokowi menjadi pertanda untuk Pemilu 2024.
Menurut Usep, momentum tersebut bisa dibaca sebagai kode keras Jokowi untuk menyandingkan Prabowo Subianto dengan Ganjar Pranowo untuk menjadi pasangan pada
Pilpres 2024
mendatang.
""Seperti yang kita ketahui, dalam berbagai kesempatan, Pak Jokowi selalu memberikan isyarat atau kode-kode politik terhadap Ganjar dan Prabowo. Jadi saya kira, hal ini juga bisa kita baca sebagai kode keras Jokowi terhadap Ganjar, bahwa Ganjar bisa dipasangkan dengan Prabowo,"" kata Usep kepada
Liputan6.com
, Senin (13/3/2023).
Hal itu, kata Usep, juga dapat dimaknai sebagai sinyal antisipasi atau kode Jokowi bahwa Ganjar apabila tidak dicalonkan oleh PDIP, bisa dipasangkan dengan Prabowo sebagai Calon Wakil Presiden (Cawapres).
""Ganjar apabila tidak dicalonkan oleh PDIP, Ganjar bisa dicalonkan oleh partai lain salah satunya dengan Prabowo ini, maka saya kira PDIP akan rugi jika tidak menyalonkan Ganjar,"" ujarnya.
Adapun terkait komposisi keduanya, Usep menilai baik Prabowo maupun Ganjar memiliki kans yang sama untuk menjadi Calon Presiden (Capres) maupun Calon Wakil Presiden (Cawapres) jika diduetkan, hal itu tergantung bagaimana sikap partai masing-masing khususnya sikap PDIP terhadap Ganjar sendiri.
""Jika keduanya benar dipasangkan, Ganjar bisa saja jadi Capres apabila PDIP yang mengusung, karena PDIP memiliki posisi tawar yang lebih tinggi. Namun, jika Gerindra yang mengusung maka itu sebaliknya, Prabowo-lah yang memiliki posisi tawar yang tinggi walaupun elektabilitas Ganjar lebih tinggi,"" kata dia.
Usep menuturkan, tidak menutup kemungkinan juga bahwa Prabowo bisa menjadi Cawapres dari Ganjar. Mengingat, dalam praktiknya Prabowo sendiri memiliki pengalaman sebagai Cawapres Megawati di masa lampau, pun juga menjadi menteri di Kabinet Jokowi saat ini.
""Secara logis pak Prabowo dalam praktiknya saat ini, beliau menjabat sebagai menteri saja mau apalagi jika sebagai
Cawapres
, ditambah di masa lalu dia juga pernah menjadi Cawapresnya ibu Mega, jadi kemungkinan itu pastinya ada,"" Usep menandaskan."
13 Mar 2023 19:13;Buka Suara Soal Isu Jodohkan Ganjar danPrabowosaat Momentum Panen Raya di Kebumen;https://www.liputan6.com/news/read/5232019/jokowi-buka-suara-soal-isu-jodohkan-ganjar-dan-prabowo-saat-momentum-panen-raya-di-kebumen;"Liputan6.com, Jakarta
Presiden Joko Widodo (Jokowi) buka suara soal asumsi publik, tentang ‘perjodohan’ antara Prabowo Subianto dan Ganjar Pranowo yang sengaja dilakukannya saat momentum panen raya di Kebumen, Jawa Tengah. Menurut
Jokowi
, tidak ada niatan untuk menjodohkan keduanya. Hanya saja ketiganya tengah berada di tempat yang sama sehingga dipertemukan untuk melihat momentum panen raya.
“Itu panen raya, panen raya di sawah, kebetulan Pak Prabowo mau ke Magelang. Saya ajak bareng, turun di Kulonprogo karena pertemuan Pak Prabowo-nya siang udah kita ke sawah dulu, ke panen raya. ada saya, ada Pak
Ganjar Pranowo
ada Pak Prabowo, udah,” kata Jokowi di Bali, seperti dikutip dari siaran daring, Senin (13/3/2023).
BACA JUGA:
Kaesang Soroti Upaya Adu Domba Prabowo-Jokowi di Medsos: Itu Menyesatkan
BACA JUGA:
Jokowi Menang Gugatan Wanprestasi Gagalnya Produksi Mobil Esemka di PN Solo
Baca Juga
Cek Fakta: Hoaks Artikel Ahmad Sahroni Mau Kembali ke Indonesia Jika Jokowi Tunjukkan Ijazah Aslinya
Cek Fakta: Hoaks Artikel Jokowi Tantang Pendemo untuk Datang ke Rumahnya
PSI: Ada Pihak Coba Adu Domba Prabowo-Jokowi, Itu Hoaks
Namun pengamat politik Adi Prayitno melihat dari sudut pandang yang berbeda. Menurut dia, ada upaya menduetkan kedua tokoh itu sebab saling berpotensi. Dia meyakini, tidak harus menimbang senioritas untuk memunculkan potensi kedua orang tersebut. Justru Adi melihat faktor terpenting saat menduetkan adalah soal elektabilitas.
Advertisement
Adi meyakini, senioritas bukan lagi menjadi penghalang saat ini untuk menjadi menduetkan sosok yang potensial. Misalnya, saat Jokowi yang sudah dua kali mendapatkan pasangan yang lebih senior dan berpengalaman darinya, Jusuf Kalla (JK) dan Ma'ruf Amin sebagai wakil presidennya.
""Kalau Pak Prabowo lebih senior memang tidak bisa dibantah tetapi di pilpres kita 2014 dan 2019, Jokowi juga memiliki cawapres yang lebih senior. Pak JK dan Ma'ruf Amin. Namun, elektabilitas dan dukungan untuk Jokowi lebih unggul saat itu,"" kata Adi secara terpisah, Minggu 12 Maret 2023.
Adi mengingatkan, saat ini kondisi Ganjar serupa dengan Jokowi saat Pemilu Presiden. Ganjar meraih elektabilitas lebih tinggi dari Prabowo di beberapa survei nasional saat ini.
Sedangkan Prabowo sendiri berada di posisi kedua untuk tingkat elektabilitas capres menjelang 2024. Artinya, partai pendukung tentu akan melihat elektoral tertinggi personal untuk dijadikan capres.
Meski begitu Adi mengamini, sejak awal Gerindra memang sudah memasang harga mati untuk pencapresan Prabowo Subianto. Tetapi, bila pertimbangan Gerindra karena senioritas, maka hal itu belum tentu bisa dijadikan pertimbangan yang kuat ketimbang elektabilitas sosok dan khususnya partai.
""Bila PDIP nanti umumkan capresnya Ganjar Pranowo, maka jelas PDIP secara elektabilitas lebih tinggi dari Gerindra dan juga Ganjar punya elektabilitas lebih tinggi dari
Prabowo
,"" Adi menutup."
13 Mar 2023 15:57;Muncul Wacana Duet MautPrabowo-Ganjar, Hasto Tegaskan Capres PDI-P dari Kader Sendiri;https://www.liputan6.com/regional/read/5231805/muncul-wacana-duet-maut-prabowo-ganjar-hasto-tegaskan-capres-pdi-p-dari-kader-sendiri;"Liputan6.com, Jakarta -
Menanggapi pernyataan Wakil Ketua Dewan Pembina Partai
Gerindra
Hashim Djojohadikusumo, yang membuka kemungkinan menduetkan Ketua Umum Partai Gerindra
Prabowo
Subianto sebagai capres dan Gubernur Jawa Tengah sekaligus kader PDI Perjuangan
Ganjar Pranowo
sebagai cawapres, Sekjen DPP PDI Perjuangan Hasto Kristiyanto menegaskan, partainya akan mengusung kader sendiri sebagai capres di Pemilu 2024.
""Partai mengusung calon presiden dari kader internal partai. Itulah yang diperjuangkan oleh PDI Perjuangan,"" kata Hasto, Senin (13/3/2023).
Ketentuan capres yang diusung oleh PDI Perjuangan berasal dari kader sendiri pun telah disampaikan oleh Ketua Umum DPP PDI Perjuangan Megawati Soekarnoputri pada HUT Ke-50 PDI Perjuangan.
Advertisement
Hal tersebut, kata Hasto, karena partai berlambang banteng bermoncong putih itu telah melakukan kaderisasi secara sistematis serta melakukan penugasan terhadap kader-kader partai, baik di tingkat nasional maupun daerah, dalam perspektif yang ideal.
Dikatakan pula bahwa pembahasan mengenai calon wakil presiden yang diusung oleh PDI Perjuangan dapat ditentukan berdasarkan konfigurasi politik yang ada dan kerja sama antarpartai politik.
""Artinya, harus disepakati bersama-sama oleh partai politik yang membangun kerja sama tersebut, mengingat calon presiden dan calon wakil presiden diusung oleh partai politik atau gabungan partai politik,"" ucapnya.
Sebelumnya, Hashim Djojohadikusumo memberikan pernyataan terkait dengan wacana duet Prabowo-Ganjar. ""Saya kira terbuka kalau Pak Ganjar mau ikut Pak Prabowo dengan catatan Pak Prabowo calon presiden. Saya kira sudah tidak mungkin kalau Pak Prabowo calon wakil presiden,"" kata Hashim di Museum Joang 45, Jakarta, Minggu (12/3/2023).
Menurut dia, hal itu dikarenakan Prabowo Subianto jauh lebih senior ketimbang Ganjar.
""Pak Prabowo jauh lebih senior, 15 tahun lebih tua, pengalamannya berbeda. Saya kira kalau Pak Ganjar mau ikut, mau diduetkan dengan Pak Prabowo, kami terbuka untuk itu. Pak Ganjar sebagai calon wakil presiden,"" ucapnya."
13 Mar 2023 15:45;Gerindra Wacanakan DuetPrabowo-Ganjar di Pilpres 2024, PKB Ingatkan 2 Syarat;https://www.liputan6.com/news/read/5231811/gerindra-wacanakan-duet-prabowo-ganjar-di-pilpres-2024-pkb-ingatkan-2-syarat;"Liputan6.com, Jakarta
Partai Kebangkitan Bangsa (
PKB
) menyatakan belum menerima secara resmi wacana Partai
Gerindra
menduetkan
Prabowo-Ganjar
pada Pilpres 2024.
Sebelumnya, Wakil Ketua Dewan Pembina Gerindra Hashim Djojohadikusumo membuka peluang Gubernur Jawa Tengah menjadi calon wakil presiden dari Ketua Umum Gerindra Prabowo Subianto. Peluang duet Prabowo dan Ganjar terbuka asal posisi calon presiden untuk Prabowo.
BACA JUGA:
Wamenaker Immanuel Ebenezer Kena OTT KPK dan Pesan Prabowo Tak Lindungi Kader Nakal
BACA JUGA:
Komisaris Waskita Karya Dirombak, Ajudan Prabowo-Kader Gerindra Masuk
Baca Juga
Ketua MPR: Doa untuk Affan Kurniawan dan Ajakan Jaga Persatuan
Gerindra Bakal Cabut Keanggotaan Immanuel Ebenezer Usai Jadi Tersangka KPK
Polemik Bupati Pati, Dasco Sebut Prabowo Berkali-kali Ingatkan Jaga Sikap
PKB melihat wacana duet Prabowo-Ganjar hanya opsi-opsi yang ditawarkan dalam dinamika politik jelang
Pilpres 2024
.
Advertisement
""Sampai hari ini opsi yang disampaikan Pak Hashim belum secara resmi disampaikan ke Gus Muhaimin,"" ujar Wasekjen PKB Syaiful Huda kepada wartawan, Senin (13/3/2023).
PKB menyoroti syarat Prabowo diduetkan dengan Ganjar yaitu, Prabowo harus sebagai calon presiden, dan harus disepakati oleh Ketua Umum PKB Muhaimin Iskandar. Sehingga duet Prabowo-Ganjar belum final.
""Artinya, kalau dua syarat ini tidak bisa terpenuhi, ya bubar dengan sendirinya,"" kata Huda.
Untuk syarat Prabowo sebagai calon presiden, Huda mengatakan, Menteri Pertahanan itu harus negosiasi dengan Ganjar. Sebab, politikus PDIP itu selama ini digadang-gadang sebagai calon presiden.
Syarat kedua, lanjut Huda, harus ada persetujuan Cak Imin. Dalam konteks pencapresan, PKB memiliki keputusan dalam Muktamar untuk mendorong Cak Imin maju sebagai calon presiden atau calon wakil presiden di Pilpres 2024.
""Bagi kami, ketika mendorong koalisi PKB Gerindra, syaratnya ini bagian dari skenario PKB untuk mencapres dan mencawapreskan Cak Imin. Tentu tidak mudah itu. Kompromikan dua syarat yang disampaikan Pak Hashim, masih butuh waktu lah,"" ujar Huda.
Namun, Huda yakin, pada waktunya Prabowo dan Cak Imin akan membahas pencalonan presiden dari koalisi Gerindra-PKB. Termasuk peluang duet Prabowo-Ganjar akan dibahas satu meja.
""Secara resmi belum disampaikan dalam satu meja dengan Pak Prabowo dan Gus Muhaimin. Tapi kita hormati opsi-opsi itu dan hasilnya kembali kepada keputusan beliau,"" ujar Huda."
13 Mar 2023 15:42;Gerindra Wacanakan DuetPrabowo-Ganjar, Hasto: Capres Harus dari PDIP;https://www.liputan6.com/pemilu/read/5231785/gerindra-wacanakan-duet-prabowo-ganjar-hasto-capres-harus-dari-pdip;"Liputan6.com, Jakarta
Partai Demokrasi Indonesia Perjuangan (PDIP) menegaskan pihaknya belum menentukan calon presiden untuk Pilpres 2024. Hal ini disampaikan untuk menjawab pertanyaan tentang duet
Ganjar Pranowo
dan
Prabowo Subianto
.
Sekjen PDIP Hasto Kristyanto menegaskan Ketua Umum PDI Perjuangan Megawati Soekarnoputri lah yang akan menentukan calon presiden yang akan diusung.
BACA JUGA:
Hasto dapat Amnesti dari Prabowo, PDIP Tepis Spekulasi Intervensi Politik
BACA JUGA:
Hasto Kristiyanto Divonis 3,5 Tahun Penjara, Ketua PDIP Ganjar Pranowo Nilai Hakim Bijaksana
Baca Juga
Hasto Kembali Jadi Sekjen, PDIP Segera Daftarkan Kepengurusan ke Kemenkum
Ganjar Pastikan PDIP Tetap Buka Komunikasi dengan Pemerintah Pusat Meski Hasto Kembali Jadi Sekjen
Ini Alasan Hasto Kembali Ditunjuk jadi Sekjen PDIP
""Ya nanti Ibu Megawati Soekarnoputri yang akan memutuskan pasangan yang terbaik dan sesuai dengan yang menjadi harapan rakyat,"" kata Hasto dalam keterangannya, Senin (13/3/2023).
Advertisement
Kewenangan Megawati menentukan calon presiden dan calon wakil presiden sudah berjalan selama ini. Hasto mencontohkan ketika Megawati memiliki Joko Widodo di Pilpres 2014 dan 2019.
""Jadi, kalau kita lihat secara empiris pada tahun 2014 dan 2019, maka tahapannya, Ibu Megawati Soekarnoputri menetapkan calon presiden dari internal PDI Perjuangan, pada saat itu adalah Bapak Jokowi,"" ujar Hasto.
Hasto menegaskan,
PDIP
terbuka jika ingin bekerjasama dengan parpol lain termasuk Gerindra. Tapi syaratnya calon presiden harus kader partai banteng.
""Ya penawaran kerjasama tentu saja dalam rangka calon presiden, berasal dari PDI Perjuangan,"" tegas Hasto
""Sebagai partai pemenang pemilu dengan kepercayaan rakyat dua kali berturut-turut, tentu saja kami akan mengusung calon presiden dan inilah sebagai konsekuensi dari keputusan Kongres Ke-lima pada tahun 2019 lalu,"" sambungnya."
13 Mar 2023 15:17;Wacana DuetPrabowo-Ganjar, Sekjen Hasto Tegaskan Capres Harus dari PDIP;https://www.liputan6.com/news/read/5231764/wacana-duet-prabowo-ganjar-sekjen-hasto-tegaskan-capres-harus-dari-pdip;"Liputan6.com, Jakarta
Sekretaris Jenderal PDI Perjuangan Hasto Kristiyanto menegaskan kursi calon presiden harus dari PDIP. Penegasan ini menanggapi pernyataan Wakil Ketua Dewan Pembina Gerindra Hashim Djojohadikusumo yang memberikan syarat Gubernur Jawa Tengah Ganjar Pranowo harus menjadi calon wakil presiden bila ingin berpasangan dengan Ketua Umum Gerindra Prabowo Subianto.
Dalam penjajakan kerja sama Pilpres 2024, ditegaskan Hasto, PDIP akan mengambil inisiatif kursi calon presiden untuk partai berlambang banteng ini.
BACA JUGA:
Reshuffle Kabinet Prabowo, Ini Profil Menkeu Purbaya Yudhi Sadewa Pengganti Sri Mulyani
BACA JUGA:
Reshuffle Kabinet Merah Putih, IHSG Berbalik Arah Memerah Jelang Penutupan
Baca Juga
Reshuffle Kabinet, Ini Profil Menteri P2MI Mukhtarudin yang Dilantik Prabowo Hari Ini
Dito Ariotedjo Kena Reshuffle, Presiden Prabowo Belum Lantik Menpora Baru
Profil Ferry Juliantono, Dilantik Prabowo jadi Menteri Koperasi Gantikan Budi Arie Setiadi
""Ya penawaran kerja sama tentu saja dalam rangka calon presiden berasal dari PDI Perjuangan,"" kata Hasto dalam keterangannya, Senin (13/3/2023).
Advertisement
Sementara itu, untuk kursi calon wakil presiden berasal dari konfigurasi politik kerja sama antarpartai. Harus ada kesepakatan bersama-sama dengan koalisi.
""Artinya, harus disepakati bersama-sama oleh partai politk yang membangun kerja sama tersebut, mengingat calon presiden dan calon wakil presiden diusung oleh partai politik atau gabungan partai politik,"" jelas Hasto.
Sesuai dengan amanat Ketua Umum PDIP Megawati Soekarnoputri, kata Hasto, bahwa kursi calon presiden harus dari PDIP.
Sebab PDIP sudah melakukan proses kaderisasi secara sistemik dan melakukan penugasan terhadap kader partai baik di tingkat nasional maupun daerah dalam perspektif ideal.
""Partai mengusung calon presiden dari kader internal partai, itulah yang diperjuangkan oleh PDI Perjuangan,"" tegas Hasto.
Sebelumnya, Gerindra membuka peluang bagi Gubernur Jawa Tengah Ganjar Pranowo duet dengan Prabowo Subianto di Pilpres 2024. Namun, Wakil Ketua Dewan Pembina Gerindra Hashim Djojohadikusumo menegaskan Prabowo menjadi calon presiden adalah harga mati.
""Saya kira kalau pak Ganjar mau ikut, mau diduetkan dengan pak Prabowo saya kira kami terbuka, pak Prabowo terbuka (Ganjar) sebagai calon wakil presiden,"" tegas adik kandung Prabowo Subianto ini ditemui usai deklarasi relawan Prabowo Mania 08 di Gedung Joang, Menteng, Jakarta, Minggu (12/3/2023).
Reporter: Ahda Bayhqi
Sumber: Merdeka"
13 Mar 2023 14:21;Berpasangan dengan Airlangga,PrabowoPunya Kans Kalahkan Ganjar atau Anies;https://www.liputan6.com/pemilu/read/5231677/berpasangan-dengan-airlangga-prabowo-punya-kans-kalahkan-ganjar-atau-anies;"Liputan6.com, Jakarta
Direktur Eksekutif Indonesia Political Power, Ikhwan Arif, menyebut tak menutup kemungkinan Prabowo Subianto akan berduet dengan Airlangga Hartarto di Pilpres 2024. Pasalnya,
Prabowo
, dinilai masih terkendala dengan figur cawapres.
""Sehingga tidak menutup kemungkinan Golkar akan menerima pinangan Gerindra dengan mengerucutkan nama Prabowo dan
Airlangga
,"" kata Ikhwan saat dihubungi, Senin, 13 Maret 2023.
Menurut dia, Koalisi Indonesia Bersatu (KIB) yang digawangi, Golkar, PPP, dan PAN saat ini punya banyak nominasi bakal capres dan cawapres. Namun, konsolidasi partai masih jalan di tempat.
Advertisement
Sementara, KIB dari sisi internal punya satu nominasi kandidat terkuat dari partai Golkar Airlangga Hartarto, karena sejauh ini PAN dan PPP terkesan mendukung tokoh-tokoh dari luar koalisi seperti Ganjar, Erick Thohir, dan Sandiga Uno. Rumitnya konsolidasi di internal partai koalisi, semakin membuka peluang anggota KIB lainnya melebur dengan koalisi lain.
""Misalnya kedekatan Golkar dan Gerindra bisa saja membuka peluang duet Prabowo dan Airlangga terwujud,"" kata Ikhan.
Duet Prabowo-Airlangga dianggap Ikhwan punya kans menang meski menghadapi nama-nama besar seperti Ganjar Pranowo dan Anies Baswedan.
Selain kekuatan mesin politik yang sangat mendukung, baik Golkar dan Gerindra keduanya memiliki kader-kader politik yang sangat berpengaruh di seluruh Indonesia.
""Keduanya punya punya kekuatan yang sama baik itu dari faktor popularitas keduanya sangat populer. Jadi kalau Prabowo berpasangan dengan Airlangga, ada kans menang lawan
Anies Baswedan
dan Ganjar Pranowo,"" ujarnya.
Ia juga menilai kedua tokoh sudah mendapatkan restu dari Jokowi, jadi semakin besar untuk mendapatkan pengaruh ketokohan Jokowi dalam memikat hati pemilih terutama bagi pemilih yang menginginkan kelanjutan program-program di pemerintahan Jokowi"
13 Mar 2023 09:28;Pengamat: Duet Ganjar-PrabowoBisa Tiru Jokowi-Ma'ruf Amin, Kesampingkan Senioritas;https://www.liputan6.com/pemilu/read/5231341/pengamat-duet-ganjar-prabowo-bisa-tiru-jokowi-maruf-amin-kesampingkan-senioritas;"Liputan6.com, Jakarta
Partai Gerindra membuka peluang untuk
Ganjar Pranowo
bergabung. Namun syaratnya, Ganjar harus menjadi calon wakil presiden, sebab jatah calon presiden hanya untuk
Prabowo Subianto
.
Menilai hal ini, Pengamat Politik Adi Prayitno mengatakan upaya menduetkan Ganjar dan Prabowo bisa saja terjadi, namun lebih baik mengesampingkan senioritas.
BACA JUGA:
Hasto dapat Amnesti dari Prabowo, PDIP Tepis Spekulasi Intervensi Politik
BACA JUGA:
Hasto Kristiyanto Divonis 3,5 Tahun Penjara, Ketua PDIP Ganjar Pranowo Nilai Hakim Bijaksana
Baca Juga
Hasto Kembali Jadi Sekjen, PDIP Segera Daftarkan Kepengurusan ke Kemenkum
Ganjar Pastikan PDIP Tetap Buka Komunikasi dengan Pemerintah Pusat Meski Hasto Kembali Jadi Sekjen
Ini Alasan Hasto Kembali Ditunjuk jadi Sekjen PDIP
""Kalau Pak Prabowo lebih senior memang tidak bisa dibantah tetapi di Pilpres 2014 dan 2019, Jokowi juga memiliki cawapres yang lebih senior. Pak JK dan Ma'ruf Amin. Namun, elektabilitas dan dukungan untuk Jokowi lebih unggul saat itu,"" kata Adi seperti dikutip dalam keterangan diterima, Senin (13/3/2023).
Advertisement
Kondisi serupa juga terjadi saat, kata Adi, dalam beberapa survei Ganjar Pranowo lebih unggul dari Prabowo. Sehingga partai pendukung pasti melihat elektabilitas yang tertinggi untuk memilih calon presiden.
""Bila PDIP nanti umumkan capresnya Ganjar Pranowo, maka jelas PDIP secara elektabilitas lebih tinggi dari Gerindra dan juga Ganjar punya elektabilitas lebih tinggi dari Prabowo,"" Adi menutup.
Sebelumnya, Wakil Ketua Dewan Pembina Gerindra Hashim Djojohadikusumo menegaskan, Prabowo tidak mungkin menjadi calon wakil presiden, sebab dibandingkan Ganjar, Prabowo jauh lebih senior dan berpengalaman.
""Saya kira sudah tidak mungkin kalau Pak Prabowo calon wakil presiden. Pak Prabowo jauh lebih senior, 15 tahun lebih tua pengalamannya berbeda kan,"" ujarnya.
Hashim mengaku kesempatan Ganjar menjadi calon wakil presiden terbuka lebar, namun tetap harus dengan persetujuan PKB.
""Kemungkinan itu terbuka kalau Pak Ganjar mau jadi tapi harus disetujui oleh PKB. Kan begitu harus disetujui PKB, kami terbuka,"" ujarnya."
13 Mar 2023 07:25;Gus Ali Matangkan PerjodohanPrabowo-Cak Imin di Sidoarjo;https://www.liputan6.com/pemilu/read/5231226/gus-ali-matangkan-perjodohan-prabowo-cak-imin-di-sidoarjo;"Liputan6.com, Jakarta -
Pengasuh Pondok Pesantren Progresif Bumi Shalawat Sidoarjo KH Agoes Ali Masyhuri menjadi saksi dari 'perjodohan' antara Ketua Umum Partai Kebangkitan Bangsa (PKB) Abdul Muhaimin Iskandar (Cak Imin) dengan Ketua Umum Partai Gerindra
Prabowo Subianto
.
Gus Ali, sapaan KH Agoes Ali ini mengatakan, 'perjodohan' dilangsungkan secara tertutup dan berlangsung selama 45 menit di kediamannya, Kompleks Ponpes Progresif Bumi Shalawat, Tulangan, Sidoarjo.
BACA JUGA:
Reshuffle Kabinet Prabowo, Ini Profil Menkeu Purbaya Yudhi Sadewa Pengganti Sri Mulyani
BACA JUGA:
Reshuffle Kabinet Merah Putih, IHSG Berbalik Arah Memerah Jelang Penutupan
Baca Juga
Reshuffle Kabinet, Ini Profil Menteri P2MI Mukhtarudin yang Dilantik Prabowo Hari Ini
Dito Ariotedjo Kena Reshuffle, Presiden Prabowo Belum Lantik Menpora Baru
Profil Ferry Juliantono, Dilantik Prabowo jadi Menteri Koperasi Gantikan Budi Arie Setiadi
Menurut dia, 'perjodohan' antara Prabowo dengan
Cak Imin
tersebut memang sengaja diatur di sela acara pernikahan putra Gus Ali, Shohibul Burhan (Gus Burhan) dengan Iftitakhur Rahmah (Ning Tita).
Advertisement
""Pun (sudah), selesai,"" ujar Gus Ali, seperti dikutip Senin (13/3/2023).
Usai pertemuan, Gus Ali berpesan agar Cak Imin bersama DPP PKB segera melakukan konsolidasi dan manajemen pemenangan dengan baik.
Cak Imin mengaku, dirinya senang atas 'perjodohan' dengan Prabowo yang diinisiasi oleh Gus Ali Masyhuri. ""Alhamdulillah Gus Ali mendoakan pasangan kita supaya sukses,"" katanya kepada awak media.
""Apakah Cak Imin-
Prabowo
sudah
fix
bakal berpasangan usai pertemuan tersebut?,"" tanya awak media lagi. ""Moga-moga,"" jawab Ketum PKB tersebut."
13 Mar 2023 00:02;Kala Gus Ali Matangkan PerjodohanPrabowo-Muhaimin di Ponpes Bumi Shalawat Jawa Timur;https://www.liputan6.com/news/read/5231121/kala-gus-ali-matangkan-perjodohan-prabowo-muhaimin-di-ponpes-bumi-shalawat-jawa-timur;"Liputan6.com, Jakarta -
Pengasuh Pondok Pesantren Progresif Bumi Shalawat Sidoarjo KH Agoes Ali Masyhuri (Gus Ali) mematangkan perjodohan Ketua Umum Partai Kebangkitan Bangsa (PKB) Abdul Muhaimin Iskandar (Gus Muhaimin) dengan Ketua Umum Partai Gerindra
Prabowo Subianto
. Pertemuan tertutup kedua tokoh tersebut sebagai pasangan calon presiden (capres) dan calon wakil presiden (cawapres) sengaja diatur oleh Gus Ali di sela acara pernikahan putra Gus Ali, Shohibul Burhan (Gus Burhan) dengan Iftitakhur Rahmah (Ning Tita).
""Pun (
sampun
, sudah), selesai,"" ujar Gus Ali usai mempertemukan Gus Muhaimin dengan Prabowo di kediamannya, Komplek Ponpes Progresif Bumi Shalawat, Sidoarjo, Minggu (12/3/2023)
BACA JUGA:
Reshuffle Kabinet Prabowo, Ini Profil Menkeu Purbaya Yudhi Sadewa Pengganti Sri Mulyani
BACA JUGA:
Reshuffle Kabinet Merah Putih, IHSG Berbalik Arah Memerah Jelang Penutupan
Baca Juga
Reshuffle Kabinet, Ini Profil Menteri P2MI Mukhtarudin yang Dilantik Prabowo Hari Ini
Dito Ariotedjo Kena Reshuffle, Presiden Prabowo Belum Lantik Menpora Baru
Profil Ferry Juliantono, Dilantik Prabowo jadi Menteri Koperasi Gantikan Budi Arie Setiadi
Gus Ali juga berpesan kepada Gus Muhaimin usai pertemuan tersebut agar DPP
PKB
segera melakukan konsolidasi dan manajemen pemenangan dengan baik. Pertemuan berlangsung tertutup sekitar 45 menit. Sejumlah petinggi partai memilih menunggu di tenda yang ada di luar kediaman Gus Ali.
Advertisement
Mereka antara lain Wakil Ketua Umum Bidang Pemenangan Pemilu DPP PKB Jazilul Fawaid, Waketum yang juga Menteri Ketenagakerjaan Ida Fauziyah, Sekjen Hasanuddin Wahid, Ketua Fraksi PKB DPR RI Cucun Ahmad Syamsurijal, Ketua DPW PKB Jateng KH Yusuf Chudlori.
Terlihat pula sejumlah ulama Nahdlatul Ulama (NU) antara lain Pengasuh Ponpes Denanyar Jombang KH Abdul Salam Shohib, Ketua PWNU Jatim KH Marzuki Mustamar, dan Pengasuh Ponpes Sidogiri Pasuruan KH Ahmad Fuad Nur Hasan, Wakil Bupati Pasuruan KH Mujib Imron, Rektor Unisma Prof Maskuri.
Prabowo datang didampingi Letnan Jenderal TNI (Purn.) Sjafrie Sjamsoeddin dan sejumlah tokoh Gerindra lainnya. Usai pertemuan, Gus Muhaimin juga memperkenalkan Prabowo kepada sejumlah kiai yang hadir, termasuk kepada Kiai Ahmad Fuad Nur Hasan Sidogiri dan sejumlah tokoh NU Jatim.
Gus Muhaimin merasa senang atas terjadinya pertemuan dengan Prabowo yang diinisiasi oleh KH Agoes Ali Masyhuri. ""Alhamdulillah Gus Ali mendoakan pasangan kita supaya sukses,"" ungkapnya kepada wartawan.
Ditanya apakah Gus
Muhaimin
dan Prabowo sudah pasti bakal berpasangan usai pertemuan tersebut, Muhaimin menjawab, ""Moga-moga""."
12 Mar 2023 19:40;Resmi DeklarasiPrabowoMania 08, Immanuel Ebenezer: Bangsa Ini Sudah Letih dengan Konflik;https://www.liputan6.com/news/read/5231061/resmi-deklarasi-prabowo-mania-08-immanuel-ebenezer-bangsa-ini-sudah-letih-dengan-konflik;"Liputan6.com, Jakarta -
Relawan
Jokowi Mania
atau JoMan telah resmi mendeklarasikan Prabowo Mania 08 untuk mendukung Ketua Umum (Ketum) Gerindra Prabowo Subianto maju sebagai calon presiden (capres) di Pilpres 2024.
Ketua Relawan
Prabowo Mania 08
, Immanuel Ebenezer menyatakan bangsa Indonesia sudah letih dengan berbagai konflik, sehingga diyakini Ketua Umum Gerindra
Prabowo
Subianto bisa menjadi pelopor rekonsiliasi bangsa.
""Saya rasa sudah terlalu letih bangsa ini dengan konflik-konflik yang tidak substantif, peta konflik dan sebagainya. Pak Prabowo seorang tokoh yang berani mempelopori rekonsiliasi bangsa ini, dan itu bagian cita-cita mulia yang hari ini kami perjuangkan,"" kata Ketua Umum Prabowo Mania 08 Immanuel Ebenezer di Jakarta, Minggu (12/3/2023).
Advertisement
Immanuel juga menyinggung soal panasnya Pemilihan Kepala Daerah (Pilkada) 2017 dengan diksi cebong vs kampret. Tensi tersebut bahkan masih terasa di Pilpres 2019.
Dia yakin kehadiran Prabowo akan membawa energi positif untuk meredam segala konflik dan tensi politik Tanah Air.
""Kita cukup letih dengan Pilkada 2017 dengan cebong kampret, 2019 konflik itu masih ada, tapi 2024 saya yakin tidak ada, karena kita akan dipimpin seorang tokoh kader bangsa yang patriotik, siapa? Prabowo Subianto,"" ujarnya. Dilansir dari
Antara
.
Relawan Jokowi Mania Nusantara (JoMan) pada Minggu (12/3/2023) mendeklarasikan Prabowo Mania 08 untuk mendukung Ketua Umum (Ketum) Gerindra Prabowo Subianto maju sebagai calon presiden (capres) di Pilpres 2024.
Deklarasi yang berlangsung di Gedung Joeang 45, Menteng, Jakarta Pusat itu turut dihadiri adik Prabowo, Hashim Djojohadikusumo, yang juga menjabat Wakil Ketua Dewan Pembina Gerindra."
12 Mar 2023 19:32;Survei IPO, Duet Ganjar-Erick UngguliPrabowo-Cak Imin dan Airlangga-Kang Emil;https://www.liputan6.com/pemilu/read/5231068/survei-ipo-duet-ganjar-erick-ungguli-prabowo-cak-imin-dan-airlangga-kang-emil;"Liputan6.com, Jakarta -
Lembaga survei Indonesia Political Opinion (IPO) merilis survei terbaru simulai Capres-Cawapres 2024. Hasilnya, kandidat duet Capres-Cawapres
Ganjar Pranowo
-Erick Thohir berhasil mengalahkan Ketum Gerindra Prabowo Subianto dan Ketum Golkar Airlangga Hartarto.
BACA JUGA:
MK Larang Wamen Jadi Komisaris BUMN, Ini Jawaban Erick Thohir
BACA JUGA:
Jadwal Timnas U-23 Indonesia di Kualifikasi Piala Asia 2026 Usai Gagal Kalahkan Laos
Baca Juga
Timnas Indonesia Pesta Gol, Erick Thohir Berikan Apresiasi Timnas Chinese Taipei
Rapat dengan DPR, Erick Thohir Pastikan Prioritas BUMN Sejalan Visi-Misi Presiden
Anggaran Kementerian BUMN Rp 280 Miliar Tahun Depan
Dalam simulasi IPO,
Prabowo
berpasangan dengan Ketum PKB Muhaimin Iskandar (Cak Imin). Kemudian Airlangga berpasangan dengan Gubernur Jawa Barat (Jabar) Ridwan Kamil.
Advertisement
Dari hasil akhir survei,
Ganjar-Erick
menempati urutan pertama. Elektabilitas duet kepala daerah dan menteri ini berada di angka 36,8 persen.
Dengan angka elektabilitas tersebut, Ganjar-Erick berada di posisi pertama simulasi Pilpres 2024. Sedangkan pesaingnya harus puas dengan posisi kedua dan ketiga.
Posisi kedua terdapat duet Prabowo - Muhaimin dengan elektabilitas sebesar 31,5 persen. Kemudian pasangan Airlangga – Ridwan Kamil harus puas di tempat ketiga dengan elektabilitas 19,4 persen.
Dalam simulasi
survei IPO
ini, 12,3 persen masyarakat memutuskan tidak menjawab atau tidak tahu."
12 Mar 2023 18:47;Cak Imin Bertemu denganPrabowo, Didoakan Menang Pilpres 2024;https://www.liputan6.com/news/read/5231034/cak-imin-bertemu-dengan-prabowo-didoakan-menang-pilpres-2024;"Liputan6.com, Jakarta -
Ketua Umum Partai Gerindra Prabowo Subianto dan Ketua Umum Partai Kebangkitan Bangsa (PKB) Muhaimin Iskandar atau Cak Imin bertemu di pernikahan putra dari ulama kharismatik dan tokoh Nahdlatul Ulama di Jawa Timur, KH Agoes Ali Masyhuri.
Cak Imin
mengaku turut dijodohkan dengan Prabowo untuk maju di Pilpres 2024 oleh pengasuh Ponpes Bumi Shalawat, Sidoarjo, Jawa Timur tersebut.
""Kyai Agoes Ali Masyhuri, karena kecerdasan beliau dan langkah beliau yang selalu lincah, banyak orang memanggil beliau dengan Gus Ali. Hari ini beliau menikahkan putra terakhir Gus Burhan dan mengundang saya dan Pak
Prabowo
,"" ujar Cak Imin melalui akun Instagramnya, Minggu (12/3).
BACA JUGA:
Cak Imin Sebut Pengelolaan Kurban Masih Memprihatinkan, Dorong Jakarta Jadi Pionir Standar Internasional
BACA JUGA:
Demo DPR Ricuh, Cak Imin: Pelajaran untuk Anggota Dewan
Baca Juga
Sekjen PKB Raih Gelar Doktor, Cak Imin Beri Pesan Khusus
Cak Imin: Beda Pendapat Wajar, Asal Jangan Mudah Terpecah
Cak Imin Minta Seluruh Kader PKB Gelar Doa Keselamatan Bangsa
""Sejak awal beliau berpesan harus datang karena akan menikahkan 2 pasangan. Ternyata pasangan yang kedua yang dimaksud adalah Pak Prabowo dan saya,"" jelasnya.
Advertisement
Menurut Cak Imin, Gus Ali yakin duetnya dengan
Prabowo Subianto
bisa menang di Pilpres 2024. Gus Ali juga akan bergerak memenangkan duet Prabowo-Cak Imin.
""Kepada Pak Prabowo dan saya, Gus Ali meyakinkan bahwa duet ini akan menang Pilpres 2024, bahkan beliau yang akan bergerak sendiri usaha lahiriyah maupun batiniyah,"" kata Cak Imin.
Cak Imin juga dititipkan pesan bahwa koalisi PKB dan Gerindra akan membawa kebaikan untuk bangsa. Ia yakin koalisi ini bisa menang di
Pilpres 2024
.
""Beliau meyakinkan kepada kita bahwa PKB dan Gerindra akan maslahah untuk umat dan bangsa,"" kata Wakil Ketua DPR RI ini.
""Di Pesantren Bumi Sholawat ini kami didoakan khusus untuk menang 2024,"" tandas Cak Imin."
12 Mar 2023 17:01;Cerita Hashim SaatPrabowoBawa Jokowi ke Jakarta: Lobi Megawati hingga Jadi Gubernur;https://www.liputan6.com/news/read/5230972/cerita-hashim-saat-prabowo-bawa-jokowi-ke-jakarta-lobi-megawati-hingga-jadi-gubernur;"Liputan6.com, Jakarta -
Wakil Ketua Dewan Pembina Partai Gerindra,
Hashim Djojohadikusumo
mengungkapkan, Ketua Umum Gerindra Prabowo Subianto merupakan orang yang mengawali kiprah Joko Widodo (Jokowi) di tingkat nasional. Atas jasa Prabowo,
Jokowi
diusulkan menjadi calon Gubernur DKI Jakarta pada 2012.
Hal itu diungkapkan Hashim saat deklarasi relawan Jokowi Mania (Joman) membentuk relawan
Prabowo
Mania 08. Hashim membenarkan pernyataan Ketua Umum Joman Immanuel Ebenezer bahwa Prabowo merupakan sosok yang mencetak pemimpin di Indonesia, salah satunya adalah Presiden Jokowi.
BACA JUGA:
Kaesang Soroti Upaya Adu Domba Prabowo-Jokowi di Medsos: Itu Menyesatkan
BACA JUGA:
Jokowi Menang Gugatan Wanprestasi Gagalnya Produksi Mobil Esemka di PN Solo
Baca Juga
Cek Fakta: Hoaks Artikel Ahmad Sahroni Mau Kembali ke Indonesia Jika Jokowi Tunjukkan Ijazah Aslinya
Cek Fakta: Hoaks Artikel Jokowi Tantang Pendemo untuk Datang ke Rumahnya
PSI: Ada Pihak Coba Adu Domba Prabowo-Jokowi, Itu Hoaks
""Tidak bisa dibantah dan apa yg dikatakan Pak Noel dan Pak Aris itu benar, yang bawa Pak Jokowi ke Jakarta pada bulan April 2012 itu Pak Prabowo Subianto,"" ujar Hashim di Gedung Joang, Jakarta, Minggu (12/3/2023).
Advertisement
Jelang Pilkada DKI Jakarta tahun 2012, PDI Perjuangan (PDIP) mendukung petahana Fauzi Bowo. Jokowi ketika itu menyampaikan kepada Prabowo sikap PDIP.
""Kan Pak Jokowi bilang ke Pak Prabowo, Pak Prabowo, hendaknya Pak Prabowo pisah sama ibu (Ketua Umum PDIP Megawati Soekarnoputri) karena saya dengar PDIP dukung Fauzi Bowo,"" ujar Hashim.
Adik kandung Prabowo ini masih ingat ketika April 2012 ada pertemuan dengan Ketua Umum PDIP Megawati Soekarnoputri. Prabowo bertemu Megawati untuk meyakinkan supaya mencalonkan Jokowi di Pilkada DKI 2012.
""Waktu itu Prabowo ketemu dengan Ibu
Megawati
, disaksikan oleh almarhum Tjahjo Kumolo, dan di situ Pak Prabowo mulai betul-betul meyakinkan ibu, untuk mencalonkan Pak Jokowi,"" kata Hashim."
12 Mar 2023 16:07;Hashim Sebut ProgramPrabowoPunya Kesamaan dengan Jokowi, Termasuk soal Pembangunan IKN;https://www.liputan6.com/news/read/5230958/hashim-sebut-program-prabowo-punya-kesamaan-dengan-jokowi-termasuk-soal-pembangunan-ikn;"Liputan6.com, Jakarta -
Wakil Ketua Dewan Pembina Partai Gerindra, Hashim Djojohadikusumo menilai wajar relawan Presiden Joko Widodo atau Jokowi Mania (Joman) mendukung Ketua Umum Gerindra
Prabowo
Subianto di Pilpres 2024. Sebab memang ada kesamaan program antara Prabowo dan Jokowi.
""Saya kira ada logika, logika karena pak Prabowo sudah tiga tahun membantu pak
Jokowi
kalau kita lihat program pak Prabowo tahun 2013 dan 2019 itu hampir sama dengan program pak Jokowi. Sehingga programnya sama,"" ujar
Hashim Djojohadikusumo
di deklarasi Prabowo Mania 08 di Gedung Joang, Jakarta, Minggu (12/3/2023).
BACA JUGA:
Peran Hashim Adik Prabowo & Orang Tajir Jepang di Balik Pembebasan Arnold Putra dari Junta Militer Myanmar
BACA JUGA:
Dibantu Orang Kaya Jepang, Cerita Selebgram Arnold Putra Dibebaskan dari Penjara Myanmar
Baca Juga
Dapat Tanda Kehormatan dari Prabowo, Hashim: Saya Kurang Nyaman Karena Kakak Kandung Sendiri
Perusahaan Hashim Djojohadikusumo Beli 30,09 Juta Saham WIFI, Ini Tujuannya
Hashim: Air Bersih Fondasi Bagi Kesehatan dan Produktivitas
Program Prabowo dan Jokowi yang sama di antaranya adalah pembangunan jalan tol, pelabuhan, bandara udara dan infrastruktur lainnya. Salah satunya adalah program pembangunan jalan tol Aceh-Lampung atau trans Sumatera.
Advertisement
Termasuk juga pembangunan Ibu Kota Negara
(IKN)
di Kalimantan Timur. Hashim menyebut, pemindahan ibu kota merupakan gagasan Prabowo ketika jelang Pemilu 2014.
""Perpindahan ibu kota negara itu
program Prabowo
, itu gagasan Prabowo 2013, itu sudah ada di program tertulis. Program pak Jokowi itu 99 persen programnya pak Prabowo,"" ujar Hashim."
12 Mar 2023 15:25;Joman Resmi DeklarasiPrabowoMania 08, Hashim Djojohadikusumo Didapuk Jadi Ketua Dewan Penasihat;https://www.liputan6.com/news/read/5230930/joman-resmi-deklarasi-prabowo-mania-08-hashim-djojohadikusumo-didapuk-jadi-ketua-dewan-penasihat;"Liputan6.com, Jakarta -
Hashim Djojohadikusumo, Adik kandung Ketua Umum Gerindra Prabowo Subianto didapuk menjadi Ketua Dewan Penasihat relawan
Prabowo Mania 08
. Kelompok relawan ini dideklarasikan oleh relawan pendukung Presiden Joko Widodo atau Jokowi Mania (Joman).
""Bapak
Hashim Djojohadikusumo
Insyaallah menjadi Ketua Dewan Penasihat kita di Prabowo Mania,"" ujar Sekjen Prabowo Mania 08 Ahmad Gojali Harahap saat deklarasi di Gedung Joang, Jakarta, Minggu (12/3/2023).
BACA JUGA:
Peran Hashim Adik Prabowo & Orang Tajir Jepang di Balik Pembebasan Arnold Putra dari Junta Militer Myanmar
BACA JUGA:
Dibantu Orang Kaya Jepang, Cerita Selebgram Arnold Putra Dibebaskan dari Penjara Myanmar
Baca Juga
Dapat Tanda Kehormatan dari Prabowo, Hashim: Saya Kurang Nyaman Karena Kakak Kandung Sendiri
Perusahaan Hashim Djojohadikusumo Beli 30,09 Juta Saham WIFI, Ini Tujuannya
Hashim: Air Bersih Fondasi Bagi Kesehatan dan Produktivitas
Sementara itu, Hashim mengaku menjadi
ketua dewan penasihat
Prabowo Mania 08 tidak sebagai pengurus Gerindra. Wakil Ketua Dewan Pembina Gerindra ini membawa nama pribadi bukan utusan partai.
Advertisement
""Saya diundnag oleh pak Noel dan pak pengurus ini untuk menjadi ketua dewan penasihat secara pribadi bukan Gerindra secara pribadi,"" kata Hashim ditemui usai deklarasi.
Hanya saja, Hashim mengatakan, tidak ada masalah bila ada pengurus Gerindra lain yang ingin terlibat dalam relawan pendukung kakaknya ini sebagai calon presiden.
""Namun kalau orang-orang
Gerindra
mau ikut bergabung saya kira tidak masalah. Sebetulnya kita terbuka untuk semua partai semua partai ini suatu gerakan nasional lintas partai lintas agama lintas ras lintas suku ya, saya kira bagus lah,"" ujar Hashim."
12 Mar 2023 14:59;Hashim Sebut Cak Imin Tak Mutlak Harus Jadi CawapresPrabowo;https://www.liputan6.com/pemilu/read/5230914/hashim-sebut-cak-imin-tak-mutlak-harus-jadi-cawapres-prabowo;"Liputan6.com, Jakarta
Wakil Ketua Dewan Pembina Gerindra Hashim Djojohadikusumo mengungkap, bahwa Muhaimin Iskandar atau
Cak Imin
tidak harus menjadi calon wakil presiden. Hal ini, kata Hashim diuangkapkan langsung oleh Cak Imin. Namun, calon wakil presiden yang akan mendampingi
Prabowo Subianto
harus berdasarkan persetujuan PKB.
""Saya kira bukan, dalam pembicaraan dengan Pak Muhaimin itu tidak semestinya, tidak mutlak Pak Muhaimin. Itu calon-calon yang disetujui dan tentu dicalonkan oleh PKB,"" ujar Hashim ditemui usai deklarasi relawan Prabowo Mania 08 di Gedung Joang, Jakarta, Minggu, (12/3/2023).
BACA JUGA:
Reshuffle Kabinet Prabowo, Ini Profil Menkeu Purbaya Yudhi Sadewa Pengganti Sri Mulyani
BACA JUGA:
Reshuffle Kabinet Merah Putih, IHSG Berbalik Arah Memerah Jelang Penutupan
Baca Juga
Reshuffle Kabinet, Ini Profil Menteri P2MI Mukhtarudin yang Dilantik Prabowo Hari Ini
Dito Ariotedjo Kena Reshuffle, Presiden Prabowo Belum Lantik Menpora Baru
Profil Ferry Juliantono, Dilantik Prabowo jadi Menteri Koperasi Gantikan Budi Arie Setiadi
Hashim mengungkap, bila sejak awal PKB mengunci nama Cak Imin sebagai cawapres, maka sudah deklarasi sejak Agustus tahun lalu.
Advertisement
""Kami menangkap tidak perlu sampai 100 persen harus Pak Muhaimin. Kalau harus Pak Muhaimin kan sudah deklarasi bulan Agustus tahun lalu,"" ujar adik kandung Prabowo ini.
Sementara itu, Gerindra terbuka bila Prabowo diduetkan Gubernur Jawa Tengah
Ganjar Pranowo
. Asal politikus PDIP itu menjadi cawapres bukan capres. Serta, PKB juga menyetujui nama Ganjar.
""Kemungkinan itu terbuka kalau pak Ganjar mau jadi tapi harus disetujui oleh PKB. Kan begitu harus disetujui PKB, kami terbuka lah,"" ujar Hashim."
12 Mar 2023 14:34;Hashim: Gerindra Terbuka jika Ganjar Gabung denganPrabowo, tapi Jadi Cawapres;https://www.liputan6.com/pemilu/read/5230900/hashim-gerindra-terbuka-jika-ganjar-gabung-dengan-prabowo-tapi-jadi-cawapres;"Liputan6.com, Jakarta
Partai Gerindra membuka peluang untuk
Ganjar Pranowo
bergabung. Namun, Ganjar harus menjadi calon wakil presiden, sebab jatah calon presiden hanya untuk
Prabowo Subianto
.
""Saya kira terbuka kalau Pak Ganjar mau ikut dengan Pak Prabowo, dengan catatan Pak Prabowo calon presiden,"" ujar Wakil Ketua Dewan Pembina Gerindra Hashim Djojohadikusumo ditemui usai deklarasi relawan Prabowo Mania 08 di Gedung Joang, Menteng, Jakarta, Minggu, (12/3/2023).
BACA JUGA:
Hasto dapat Amnesti dari Prabowo, PDIP Tepis Spekulasi Intervensi Politik
BACA JUGA:
Hasto Kristiyanto Divonis 3,5 Tahun Penjara, Ketua PDIP Ganjar Pranowo Nilai Hakim Bijaksana
Baca Juga
Hasto Kembali Jadi Sekjen, PDIP Segera Daftarkan Kepengurusan ke Kemenkum
Ganjar Pastikan PDIP Tetap Buka Komunikasi dengan Pemerintah Pusat Meski Hasto Kembali Jadi Sekjen
Ini Alasan Hasto Kembali Ditunjuk jadi Sekjen PDIP
Hashim menegaskan, Prabowo tidak mungkin menjadi calon wakil presiden. Sebab dibandingkan Ganjar, Prabowo jauh lebih senior dan berpengalaman.
Advertisement
""Saya kira sudah tidak mungkin kalau Pak Prabowo calon wakil presiden. Pak Prabowo jauh lebih senior, 15 tahun lebih tua pengalamannya berbeda kan,"" ujarnya.
Hashim mengaku kesempatan Ganjar menjadi calon wakil presiden terbuka lebar, tapi tetap harus dengan persetujuan PKB.
""Kemungkinan itu terbuka kalau Pak Ganjar mau jadi tapi harus disetujui oleh PKB. Kan begitu harus disetujui PKB, kami terbuka,"" ujarnya.
Sebelumnya, Menteri Pertahanan Prabowo Subianto dan Gubernur Jawa Tengah Ganjar Pranowo tampil akrab saat mendampingi Presiden Joko Widodo (Jokowi) di Jawa Tengah. Jokowi juga terlihat melakukan swafoto bersama Prabowo dan Ganjar.
Berdasarkan foto yang dibagikan Sekretariat Presiden, Kamis, (9/3/2023), keakraban itu terjadi saat Jokowi meninjau lokasi panen raya padi di Desa Lajer, Kecamatan Ambal, Kabupaten Kebumen, Provinsi Jawa Tengah.
Jokowi dan Prabowo terlihat memakai kemeja berwarna putih. Sedangkan, Ganjar memakai seragam dinas Gubernur berwarna cokelat.
Sesekali mereka terlihat berbicara serius. Kemudian, suasana menjadi cair penuh tawa saat berfoto dengan para petani di sawah.
Jokowi nampak memegang ponsel, kemudian bergantian dengan Ganjar. Raut wajah para petani pun senang berfoto bersama mereka.
Kegiatan Presiden Jokowi di Jawa Tengah pada hari ini adalah meninjau lokasi panen raya padi di Desa Lajer, Kecamatan Ambal, Kabupaten Kebumen, Provinsi Jawa Tengah."
12 Mar 2023 14:11;Sekjen Gerindra: Jika Terpilih Presiden 2024,PrabowoKomitmen Mengabdi untuk Rakyat dan Negara;https://www.liputan6.com/pemilu/read/5230892/sekjen-gerindra-jika-terpilih-presiden-2024-prabowo-komitmen-mengabdi-untuk-rakyat-dan-negara;"Liputan6.com, Jakarta
Sekretaris Jenderal (Sekjen) Partai Gerindra Ahmad Muzani menyampaikan komitmen partainya untuk memperkuat persatuan dan kesatuan di Indonesia. Menurut dia, Ketua Umum (Ketum) Partai Gerindra
Prabowo Subianto
juga senantiasa berkomitmen menjaga kebhinekaan di RI.
Hal ini disampaikan Muzani pada acara mengikuti Jalan Sehat Prabowo di Bali pada Minggu (12/3/2023). Kegiatan ini dalam rangkaian peringatan HUT ke-15 Partai Gerindra yang jatuh pada 6 Februari 2023 lalu.
BACA JUGA:
Reshuffle Kabinet Prabowo, Ini Profil Menkeu Purbaya Yudhi Sadewa Pengganti Sri Mulyani
BACA JUGA:
Reshuffle Kabinet Merah Putih, IHSG Berbalik Arah Memerah Jelang Penutupan
Baca Juga
Reshuffle Kabinet, Ini Profil Menteri P2MI Mukhtarudin yang Dilantik Prabowo Hari Ini
Dito Ariotedjo Kena Reshuffle, Presiden Prabowo Belum Lantik Menpora Baru
Profil Ferry Juliantono, Dilantik Prabowo jadi Menteri Koperasi Gantikan Budi Arie Setiadi
Wakil Ketua MPR ini mengatakan telah berkeliling ke sejumlah kota-kota besar dalam rangka menghadiri kegiatan jalan sehat HUT
Gerindra
ke-15. Dia menilai Bali sebagai salah satu kota yang antusiasme masyarakatnya begitu luar biasa.
Advertisement
Bali, lanjut dia penuh keberagaman karena berbagai suku, bahasa, dan bangsa manca negara semuanya tinggal di Bali. Itu sebabnya, kata Muzani, persatuan, perdamaian, dan kebhinekaan di Bali harus dijaga.
""
Pemilu 2024
harus menjadi sarana kita untuk memperkuat Pancasila, kerukunan, kebhinekaan, dan persatuan kita. Apalagi Bali adalah jendela dunia bagi Indonesia,"" kata Muzani dalam keterangan tertulis, Minggu (12/3/2023).
Muzani menyebut pesan keberagaman dan kesatuan inilah yang akan dipertahankan Prabowo apabila terpilih sebagai Presiden RI pada pemilihan umum (Pemilu) 2024.
""Insya Allah bila Pak Prabowo ditakdirkan presiden 2024 beliau akan menjaga itu semua. Komitmen beliau untuk mengabdi kepada rakyat, bangsa dan negara begitu kuat,"" kata dia."
12 Mar 2023 13:17;Joman Resmi DeklarasiPrabowoMania 08, Dihadiri Hashim Djojohadikusumo;https://www.liputan6.com/news/read/5230847/joman-resmi-deklarasi-prabowo-mania-08-dihadiri-hashim-djojohadikusumo;"Liputan6.com, Jakarta -
Kelompok relawan pendukung Presiden Joko Widodo di Pilpres 2019, Jokowi Mania (Joman) mendeklarasikan dukungan kepada Ketua Umum Gerindra Prabowo Subianto sebagai calon presiden 2024. Joman mendeklarasikan kelompok relawan bernama
Prabowo Mania 08
di Gedung Joang, Jakarta, Minggu (12/3/2023).
Ketua Umum Joman Immanuel Ebenezer didapuk sebagai Ketua Umum Prabowo Mania 08. Sementara itu, adik Prabowo, Wakil Ketua Dewan Pembina Gerindra
Hashim Djojohadikusumo
sebagai Ketua Dewan Penasihat Prabowo Mania 08. Hashim menghadiri langsung deklarasi relawan pendukung Prabowo Subianto.
BACA JUGA:
Reshuffle Kabinet Prabowo, Ini Profil Menkeu Purbaya Yudhi Sadewa Pengganti Sri Mulyani
BACA JUGA:
Reshuffle Kabinet Merah Putih, IHSG Berbalik Arah Memerah Jelang Penutupan
Baca Juga
Reshuffle Kabinet, Ini Profil Menteri P2MI Mukhtarudin yang Dilantik Prabowo Hari Ini
Dito Ariotedjo Kena Reshuffle, Presiden Prabowo Belum Lantik Menpora Baru
Profil Ferry Juliantono, Dilantik Prabowo jadi Menteri Koperasi Gantikan Budi Arie Setiadi
Deklarasi dibacakan oleh seluruh pengurus DPP Prabowo Mania 08.
Advertisement
""Kami pengurus DPP Jokowi Mania Nusantara Joman mendeklarasikan Prabowo Mania 08 untuk menjadi salah satu pilar dalam mensukseskan bapak Letnan Jenderal Purnirawan H
Prabowo Subianto
sebagai presiden Republik Indonesia 2024,"" ujar perwakilan pengurus Prabowo Mania 08 membacakan deklarasi.
Prabowo Mania 08 menyatakan siap memenangkan Prabowo Subianto menjadi Presiden pada
Pemilu 2024
.
Kelompok relawan ini yakin, Prabowo menjadi kader terbaik yang bisa melanjutkan kepemimpinan Presiden Joko Widodo sebagai presiden selanjutnya.
Kemudian, Prabowo Mania 08 berkomitmen mengajak seluruh rakyat Indonesia untuk memenangkan Prabowo, demi demokrasi NKRI, Bhinneka Tunggal Ika, Pancasila dan UUD 1945.
""Demikian deklarasi nasional Prabowo Mania 08 semoga Allah SWT Tuhan Yang Maha Esa meridhoi perjuangan kita,"" tutup deklarasi Prabowo Mania 08."
12 Mar 2023 12:21;Relawan ProGib DukungPrabowoSubianto-Ganjar Pranowo Jadi Capres dan Cawapres Pemilu 2024;https://www.liputan6.com/news/read/4882601/relawan-progib-dukung-prabowo-subianto-ganjar-pranowo-jadi-capres-dan-cawapres-pemilu-2024;"Liputan6.com, Jakarta -
Sekelompok masyarakat menyampaikan dukungannya kepada Prabowo Subianto dan Ganjar Pranowo untuk maju sebagai Calon Presiden (Capres) dan Calon Wakil Presiden (Cawapres) dalam Pemilihan Umum atau
Pemilu 2024
.
Kelompok masyarakat yang tergabung dalam Relawan
Prabowo
-Ganjar Indonesia Bersatu (ProGib) untuk Indonesia Berkelanjutan itu berpandangan bahwa, Ketua Umum Partai Gerindra dan Gubernur Jawa Tengah tersebut merupakan pasangan ideal untuk melanjutkan kepemimpinan nasional Indonesia.
Baca Juga
RUU Pemilu: Muncul Wacana Pemisahan Pileg dan Pilpres, Begini Bocoran Skemanya
""Bapak
Prabowo Subianto
dan Bapak
Ganjar Pranowo
adalah dua negarawan yang layak untuk memimpin Negara Indonesia pasca-kepemimpinan Presiden Joko Widodo (Jokowi),"" ujar penanggung jawab acara Rembuk Rakyat Priangan Timur untuk Indonesia yang Berkelanjutan Asep Sumpena kepada wartawan yang disampaikan melalui keterangan tertulis, Minggu (12/3/2023).
Advertisement
Dia menilai, Prabowo dan Ganjar adalah sosok kedepankan visi-misi dan pemikiran yang bisa membuat Bangsa Indonesia jauh lebih baik lagi. Asep menyebut, mereka juga diyakini calon pemimpin yang mampu merawat persatuan dan kesatuan Indonesia.
""Kedua tokoh tersebut merupakan pemimpin yang anti-politik identitas yang merusak sendi-sendi kehidupan berbangsa dan bernegara,"" ucap dia.
Lebih lanjut, Asep menyatakan, Prabowo dan Ganjar telah memiliki segudang pengalaman dan prestasi untuk menjadi penerus pemimpin di Indonesia. Sebab itu, kata dia, ProGiB berharap, mereka berdua maju dalam kontestasi pesta demokrasi lima tahunan tersebut.
""Maka dengan ini kami atas nama ProGIB Relawan Prabowo-Ganjar Indonesia Bersatu meminta kepada Bapak Prabowo Subianto dan Bapak Ganjar Pranowo untuk bersatu dan berpasangan pada Pemilu 2024 sebagai pasangan calon Presiden dan calon Wakil Presiden Republik Indonesia, menuju Indonesia yang berkelanjutan, Indonesia maju, jaya dan sejahtera,"" papar Asep."
12 Mar 2023 12:20;Tak Khawatir KeakrabanPrabowodan Ganjar, Cak Imin: Masing-Masing Punya Potensi Berkompetisi;https://www.liputan6.com/news/read/5230810/tak-khawatir-keakraban-prabowo-dan-ganjar-cak-imin-masing-masing-punya-potensi-berkompetisi;"Liputan6.com, Jakarta
Ketua Umum PKB Muhaimin Iskandar mengatakan
Prabowo Subianto
dan Ganjar Pranowo mempunyai potensi untuk berkompetisi di
Pilpres 2024
. Untuk itu, dia menilai pertemuan Prabowo dan Ganjar saat menemani Presiden Joko Widodo meninjau panen raya di Kebumen, Jawa Tengah adalah hal yang positif.
""Pertemuan Pak Ganjar dengan Prabowo sebagai masing-masing memiliki potensi untuk berkompetisi adalah pertemuan yang sangat positif buat persiapan kita semua yang kondusif,"" ujar Cak Imin di Jakarta, Minggu, (12/3/2023).
BACA JUGA:
Reshuffle Kabinet Prabowo, Ini Profil Menkeu Purbaya Yudhi Sadewa Pengganti Sri Mulyani
BACA JUGA:
Reshuffle Kabinet Merah Putih, IHSG Berbalik Arah Memerah Jelang Penutupan
Baca Juga
Reshuffle Kabinet, Ini Profil Menteri P2MI Mukhtarudin yang Dilantik Prabowo Hari Ini
Dito Ariotedjo Kena Reshuffle, Presiden Prabowo Belum Lantik Menpora Baru
Profil Ferry Juliantono, Dilantik Prabowo jadi Menteri Koperasi Gantikan Budi Arie Setiadi
Menurutnya kedekatan para tokoh politik diperlukan untuk konsolidasi demokrasi. Agar pemilu berlangsung kondusif, saling menghargai dan menghormati.
Advertisement
""Ya tentu kedekatan tokoh-tokoh satu dengan yang lain sangat penting untuk konsolidasi demokrasi kita sehingga semua proses politik, seleksi politik kita berjalan dengan kondusif, saling menghargai dan menghormati,"" ujar
Cak Imin
.
Muhaimin pun mengaku tak khawatir dengan kedekatan Prabowo dan Ganjar. Sebab ia yakin Gerindra memiliki komitmen dengan PKB. Keputusan soal calon presiden dan calon wakil presiden akan diputuskan bersama antara Prabowo dan Cak Imin.
""Ya tidak ada, karena kita sudah berkomitmen ya, nanti keputusan ada ya, terakhir nanti diputuskan dengan saya dan pak Prabowo,"" ujar Cak Imin."
11 Mar 2023 20:30;PrabowoSubianto Beri Pembekalan ke Ribuan Babinsa, Singgung Masalah Perdamaian;https://www.liputan6.com/news/read/5230523/prabowo-subianto-beri-pembekalan-ke-ribuan-babinsa-singgung-masalah-perdamaian;"Liputan6.com, Jakarta
Menteri Pertahanan RI
Prabowo Subianto
melaksanakan kunjungan kerja ke wilayah Korem 091/Aji Surya Natakesuma (ASN) Kodam VI/Mulawarman (Mlw), Sabtu (10/3/2023).
Kunjungannya untuk memberikan pembekalan kepada 2.000 Babinsa jajaran Kodam VI/Mlw meliputi 3 Provinsi yakni Kaltim, Kalsel dan Kaltara, sekaligus memberikan bantuan 140 unit motor dinas dukungan transportasi pelaksanaan tugas.
BACA JUGA:
Reshuffle Kabinet Prabowo, Ini Profil Menkeu Purbaya Yudhi Sadewa Pengganti Sri Mulyani
BACA JUGA:
Reshuffle Kabinet Merah Putih, IHSG Berbalik Arah Memerah Jelang Penutupan
Baca Juga
Reshuffle Kabinet, Ini Profil Menteri P2MI Mukhtarudin yang Dilantik Prabowo Hari Ini
Dito Ariotedjo Kena Reshuffle, Presiden Prabowo Belum Lantik Menpora Baru
Profil Ferry Juliantono, Dilantik Prabowo jadi Menteri Koperasi Gantikan Budi Arie Setiadi
Prabowo dalam pembekalannya menyampaikan ucapan terima kasih atas sambutan yang begitu bersemangat. Ia menjelaskan bahwa untuk membangun pertahanan negara yang kuat maka harus diawali dari TNI yang berada di bawah komando teritorial.
Advertisement
“Komando teritorial adalah tulang punggung dari pertahanan negara dan merupakan senjata rahasia rakyat Indonesia, di mana dengan komando teritorial, bangsa Indonesia mampu merdeka dan berhasil mengusir penjajah,” kata dia dalam keterangannya.
Menurut Prabowo,
Babinsa
di Indonesia akan mendapatkan kendaraan motor dinas untuk mendukung mobilitas. Termasuk melengkapi fasilitas alat komunikasi yang dapat menghubungkan langsung dengan komando atas.
“Babinsa adalah ujung tombak. Babinsa adalah mata dan telinga. Babinsa adalah yang mewakili seluruh TNI. Babinsa harus mengenal seluruh masyarakatnya, harus membantu sekaligus merebut hati dan pikiran rakyat. Kita akan bangun TNI yang kuat, karena dengan tentara yang kuat akan menjamin negara aman,” kata Ketua Umum
Gerindra
ini.
“Negara aman menjamin perdamaian dan perdamaian akan menjamin pertumbuhan ekonomi sehingga negara dapat menjadi makmur,” sambungnya."
11 Mar 2023 15:05;Wacana DuetPrabowo-Ganjar, PKB: Memangnya Kita Tak Punya Kader?;https://www.liputan6.com/news/read/5230315/wacana-duet-prabowo-ganjar-pkb-memangnya-kita-tak-punya-kader;"Liputan6.com, Jakarta -
Juru Bicara Partai Kebangkitan Bangsa (
PKB
) Mikhael Sinaga mengomentari akrabnya
Prabowo Subianto
dan
Ganjar Pranowo
saat mendampingi Presiden Joko Widodo di Jawa Tengah.
Menurutnya, tak patut mencatut nama figur lain di luar koalisi Kebangkitan Indonesia Raya (KIR) untuk mendampingi Prabowo.
BACA JUGA:
Anggota DPR Fraksi PKB Usul Gerbong Khusus Merokok, Cak Imin: Itu Urusan Pribadi
BACA JUGA:
PKB Serahkan ke DPRD Pati soal Hak Angket Pansus Pemakzulan Bupati Sudewo
Baca Juga
Sekjen PKB Raih Gelar Doktor, Cak Imin Beri Pesan Khusus
Dukung Tuntutan 17+8, PKB Minta Kadernya di Legislatif Gelar Dialog Terbuka
Cak Imin: Beda Pendapat Wajar, Asal Jangan Mudah Terpecah
""Itu kan namanya dinamis ya, tapi saya tidak suka pribadi dan sebagai PKB sendiri saya kurang suka melihat partai-partai lain itu mencatut nama-nama yang bukan kadernya, memangnya kita sendiri enggak punya kader,"" ujar Mikhael dalam diskusi virtual, Sabtu (11/3).
Advertisement
Mikhael menyebut bahwa PKB punya kader yang bisa diusung di Pilpres 2024 yaitu sang ketum Abdul Muhaimin Iskandar (Cak Imin). Baginya, Cak Imin seorang cendekiawan dan sudah 17 tahun melalang di dunia politik.
""Sekarang ada sebuah partai berjalan 17 tahun dan sangat baik pengelolanya. Kenapa kita tidak bisa mempercayakan beliau (Cak Imin) untuk mengelola negara ini, saya rasa sudah waktunya,"" imbuhnya.
""Seperti kita lihat sendiri tidak mudah meloloskan sebuah partai. Untuk ikut Pemilu saja susahnya bukan main,"" tuturnya.
Sejauh ini, Mikhael sangat optimis Gerindra-PKB tetap berkoalisi hingga Pilpres 2024. Kemudian, mendaftarkan calon presiden dan wakil presiden bersama-sama."
10 Mar 2023 20:59;Ganjar Pranowo Bicara soal Fotonya Bersama Jokowi danPrabowo, yang Dikaitkan dengan Pemilu;https://www.liputan6.com/news/read/5229881/ganjar-pranowo-bicara-soal-fotonya-bersama-jokowi-dan-prabowo-yang-dikaitkan-dengan-pemilu;"Liputan6.com, Jakarta
Momen kemesraan Menteri Pertahanan sekaligus Ketua Umum Partai Gerindra Prabowo Subianto dan Gubernur Jawa Tengah Ganjar Pranowo terekam saat dampingi Presiden Joko Widodo atau Jokowi di
Jawa Tengah
.
Berdasarkan foto yang dibagikan Sekretariat Presiden, Kamis (9/3/2023), keakraban itu terjadi saat Jokowi meninjau lokasi panen raya padi di Desa Lajer, Kecamatan Ambal, Kabupaten Kebumen, Provinsi Jawa Tengah.
BACA JUGA:
Hasto dapat Amnesti dari Prabowo, PDIP Tepis Spekulasi Intervensi Politik
BACA JUGA:
Hasto Kristiyanto Divonis 3,5 Tahun Penjara, Ketua PDIP Ganjar Pranowo Nilai Hakim Bijaksana
Baca Juga
Hasto Kembali Jadi Sekjen, PDIP Segera Daftarkan Kepengurusan ke Kemenkum
Ganjar Pastikan PDIP Tetap Buka Komunikasi dengan Pemerintah Pusat Meski Hasto Kembali Jadi Sekjen
Ini Alasan Hasto Kembali Ditunjuk jadi Sekjen PDIP
Gubernur Jawa Tengah
Ganjar Pranowo
menjelaskan, bahwa pada momen tersebut dirinya mendampingi Presiden Jokowi melihat panen padi. Sebab, Jokowi perhatian terhadap harga gabah yang mulai turun, hal itu berdampak untung kepada petani.
Advertisement
""Saya dampingi Presiden melihat panen padi. Beliau perhatian pada harga gabah yang mulai turun. Ini bisa berdampak pada keuntungan petani. Mendengar suara petani, berapa harga GKP (Gabah Kering Panen) dan GKG (Gabah Kering Giling) yang layak,"" kata Ganjar, saat dikonfirmasi, Jumat (10/3/2023).
Tak hanya itu, dia mengungkapkan, dirinya mendampingi Jokowi dan Prabowo untuk mendengarkan permasalahan pertani terkait dengan ketersediaan pupuk dan harga, serta alternatif solusinya.
""Itu dibalik cerita poto,"" imbuuh Politikus PDIP ini.
Sebelumnya diberitakan, Menteri Pertahanan Prabowo Subianto dan Gubernur Jawa Tengah Ganjar Pranowo tampil akrab saat mendampingi Presiden Joko Widodo atau Jokowi di Jawa Tengah. Jokowi juga terlihat melakukan swafoto bersama Prabowo dan Ganjar.
Jokowi dan Prabowo terlihat memakai kemeja berwarna putih. Sedangkan, Ganjar memakai seragam dinas Gubernur berwarna cokelat. Sesekali mereka terlihat berbicara serius. Kemudian, suasana menjadi cair penuh tawa saat berfoto dengan para petani di sawah.
Jokowi
nampak memegang ponsel, kemudian bergantian dengan Ganjar. Raut wajah para petani pun senang berfoto bersama mereka."
10 Mar 2023 19:47;Pengamat SebutPrabowoLebih Cocok Jadi Capres, Ganjar Cawapres;https://www.liputan6.com/pemilu/read/5229897/pengamat-sebut-prabowo-lebih-cocok-jadi-capres-ganjar-cawapres;"Liputan6.com, Jakarta -
Pendiri Cyrus Network, Hasan Nasbi, melihat tak mungkin terjadi pasangan
Ganjar Pranowo
-Prabowo Subianto di
Pemilu 2024
. Menurut dia, lebih pas apabila Prabowo Capres, sementara Ganjar sebagai Cawapres.
Hasan menjelaskan, hingga hari ini tiket capres untuk Ganjar Pranowo saja belum jelas. Sementara
Prabowo Subianto
, sudah memiliki tiket capres. Tinggal memilih cawapres saja.
BACA JUGA:
Reshuffle Kabinet Prabowo, Ini Profil Menkeu Purbaya Yudhi Sadewa Pengganti Sri Mulyani
BACA JUGA:
Reshuffle Kabinet Merah Putih, IHSG Berbalik Arah Memerah Jelang Penutupan
Baca Juga
Reshuffle Kabinet, Ini Profil Menteri P2MI Mukhtarudin yang Dilantik Prabowo Hari Ini
Dito Ariotedjo Kena Reshuffle, Presiden Prabowo Belum Lantik Menpora Baru
Profil Ferry Juliantono, Dilantik Prabowo jadi Menteri Koperasi Gantikan Budi Arie Setiadi
""Kalau dari sisi elektabilitas, Ganjar hanya unggul dikit dari Pak Prabowo. Kalau dikejar serius, dengan Pak Prabowo keliling Indonesia seperti Ganjar yang lari pagi di seluruh provinsi, bisa menyalip Ganjar. Lalu dari sisi tiket, Pak Prabowo juga lebih pasti,"" ujar Hasan.
Advertisement
Hasan melihat, analisa dan pengamatan lebih tepat Ganjar-Prabowo terlalu tampak agenda setting. Menurut dia, pasangan tersebut terlalu dipaksakan.
""Agenda settingnya terlalu kelihatan. Mau maksakan Mas Ganjar jadi capres, cawapresnya Pak Prabowo,"" terang dia.
Hasan menganalisis, Prabowo adalah ketua umum partai politik. Ditambah, memiliki elektabilitas yang cukup untuk bertarung di Pemilu 2024. Terlebih, sudah mengantongi tiket capres dengan koalisi Gerindra-PKB.
""Ini kesempatan, mungkin ini kesempatan emas Pak Prabowo bisa jadi presiden,"" tegas dia.
Di sisi lain, kata Hasan, Ganjar masih pusing memikirkan tiket capres. Dia bahkan tak melihat, Ketum PDIP Megawati Soekarnoputri akan memberikan tiket capres PDIP kepada Ganjar Pranowo.
""Saya tanya, apa Ibu Mega sudah berikan nama tiket kepada Ganjar? Kan bukan Pak Jokowi yang berikan tiket capres. Tapi diberikan oleh parpol PDIP, di tangan ibu Mega. Saya enggak lihat Bu Mega beri kode dan tanda-tanda akan kasih tiket ke Ganjar,"" jelas dia."
10 Mar 2023 17:15;Surya Paloh soal KeakrabanPrabowo-Ganjar saat Dampingi Jokowi: Dipromosi Presiden Masa Gak Bagus;https://www.liputan6.com/news/read/5229725/surya-paloh-soal-keakraban-prabowo-ganjar-saat-dampingi-jokowi-dipromosi-presiden-masa-gak-bagus;"Liputan6.com, Jakarta -
Kedekatan Ketua Umum Partai Gerindra,
Prabowo
Subinto dan Ganjar Pranowo terlihat dalam kunjungan kerja Presiden Joko Widodo (Jokowi) di Desa Lajer, Kebumen, Jawa Tengah, Kamis (9/3/2023).
Menanggapi hal itu, Ketua Umum NasDem Surya Paloh menyebut kedekatan tersebut adalah hal baik. ""Bagus saja lah. Dipromosi oleh Presiden masa gak bagus,"" kata
Surya Paloh
di NasDem Tower, Jumat (10/3/2023).
BACA JUGA:
Top 3 News: Ayah Prada Lucky Klarifikasi Pernyataannya Soal Bakar Bendera
BACA JUGA:
KPK Respons Surya Paloh soal OTT Bupati Kolaka Timur, Tegaskan Sesuai Aturan
Baca Juga
VIDEO: Didampingi Ketum Partai Megawati-Surya Paloh, Prabowo Tanggapi Situasi Terkini Negara
Penghormatan Terakhir Surya Paloh ke IGK Manila: Orang yang Paling Kita Sayangi, Kita Kasihi
Menuju Pemilu 2029, Surya Paloh Ajak Kader NasDem Tingkatkan Militansi
Saat ditanya apakah Capres NasDem Anies Baswedan juga ada rencana agar dipromosikan oleh Jokowi, Paloh menilai hal itu adalah wewenang Jokowi.
Advertisement
""Nah itu jangan tanya saya tanya saja sama Pak Jokowi,"" kata dia.
Lagi pula, Paloh menyebut dirinya belum berniat mempertemukan Anies dan Jokowi. ""Belum, belum belum,"" tutupnya.
Sebelumnya, PDI Perjuangan (PDIP) menyatakan kedekatan itu bukan sinyal Jokowi mendukung duet Prabowo-
Ganjar Pranowo
.
“Sampai saat ini saya tidak bisa melihat sinyal-sinyal itu,"" kata Politikus PDIP TB Hasanuddin kepada wartawan, Kamis 9 Maret 2023.
Menurut Hasanuddin, pernyataan yang dilontarkan Jokowi terkait capres adalah candaan, dan tidak dapat diartikan sebagai bentuk dukungan atau endorsement Jokowi pada sosok capres tertentu.
""Pak
Jokowi
kadang-kadang Pak Jokowi melemparkan
joke
, ya misalnya contohnya saja yang rambutnya putih, ya kemudian yang mukanya keriput dan lain sebagainya begitu ya karena mikir negara. Tapi saya tidak melihat bahwa ya itu serius, gitu ya. itu ya,"" kata Hasanuddin."
10 Mar 2023 15:31;PrabowoSubianto Mesra dengan Ganjar Pranowo, PKB Percaya Komitmen Gerindra;https://www.liputan6.com/news/read/5229570/prabowo-subianto-mesra-dengan-ganjar-pranowo-pkb-percaya-komitmen-gerindra;"Liputan6.com, Jakarta -
Ketua Umum Partai Gerindra yang juga bakal calon Presiden, Prabowo Subianto, semakin mesra dengan Presiden Joko Widodo. Bahkan, belakangan Jokowi kerap menggandeng Gubernur Jawa Tengah
Ganjar Pranowo
di tengah kedekatan mereka berdua.
Lantas, muncul spekulasi ada upaya Jokowi untuk memasangkan
Prabowo
dengan Ganjar untuk Pemilihan Presiden (Pilpres) 2024 nanti.
BACA JUGA:
Reshuffle Kabinet Prabowo, Ini Profil Menkeu Purbaya Yudhi Sadewa Pengganti Sri Mulyani
BACA JUGA:
Reshuffle Kabinet Merah Putih, IHSG Berbalik Arah Memerah Jelang Penutupan
Baca Juga
Reshuffle Kabinet, Ini Profil Menteri P2MI Mukhtarudin yang Dilantik Prabowo Hari Ini
Dito Ariotedjo Kena Reshuffle, Presiden Prabowo Belum Lantik Menpora Baru
Profil Ferry Juliantono, Dilantik Prabowo jadi Menteri Koperasi Gantikan Budi Arie Setiadi
Partai Kebangkitan Bangsa (PKB) yang merupakan mitra koalisi Partai Gerindra dalam mengarungi Pilpres 2024, angkat bicara soal kedekatan Prabowo dengan Ganjar.
Advertisement
Wakil Ketua Umum
PKB
Jazilul Fawaid menilai kegiatan panen raya di Jawa Tengah yang dihadiri Menteri Pertahanan Prabowo dan Gubernur Ganjar tidak ada hubungannya dengan proses Pilpres 2024.
""Hemat saya, sebab panen padi enggak ada hubungannya dengan proses pilpres,"" kata Jazilul, saat dikonfirmasi, Jumat (10/3/2023).
Kendati demikian, jika kemesraan tersebut memunculkan manuver dan spekulasi di publik, Jazilul menegaskan, PKB tetap berpikir positif.
""Jika muncul manuver dan spekulasi spekulasi, kami
positive thinkng
saja,"" ujar Jazilul.
Jazilul menyatakan tetap percaya dengan komitmen yang dibangun oleh PKB dan Partai Gerindra dalam Pemilu 2024. Komitmen kedua partai, kata Jazilul, akan tetap terjaga dan dihormati.
Menurut Jazilul, terkait sosok capres dan cawapres juga sudah menjadi mandat Prabowo dan Muhaimin Iskandar untuk memutuskan.
""Kami percaya komitmen PKB dan
Gerindra
tetep terjaga. Urusan capres cawapres mandatnya ada di tangan Pak Prabowo dan Gus Muhaimin,"" kata dia."
10 Mar 2023 13:45;Pranowo-PrabowoDipasangkan di Agenda Jokowi untuk Maju di Pemilu 2024, PDIP: Tak Etis;https://www.liputan6.com/pemilu/read/5229465/ganjar-pranowo-prabowo-dipasangkan-di-agenda-jokowi-untuk-maju-di-pemilu-2024-pdip-tak-etis;"Liputan6.com, Jakarta
Kehadiran Gubernur Jawa Tengah Ganjar Pranowo dan Menteri Pertahanan Prabowo Subianto yang menemani kunjungan kerja Presiden Joko Widodo atau Jokowi, langsung dikaitkan dengan restu orang nomor satu itu kepada kedua tokoh tersebut untuk berpasangan di
Pemilu 2024
.
Terkait hal tersebut, Ketua DPP PDIP Djarot Saiful Hidayat menilai tak elok jika kegiatan Presiden Jokowi dimaknai dengan restu untuk maju di Pemilu. Sebab, dalam menentukan sosok capres dan cawapres menjadi kewenangan Ketua Umum PDIP Megawati Soekarnoputri.
Baca Juga
NasDem Pasang Target Masuk 3 Besar di Pemilu 2029, Konsolidasi jadi Fokus Utama
Pentingnya Layanan Pendidikan Tambahan Selain Sekolah, Mengingat Ketatnya Seleksi Masuk Perguruan Tinggi
Kinerja PPP di Pemilu 2024 Harus Dievaluasi, Bukan Saling Menyalahkan
""Saya memaknainya bahwa Presiden memberikan contoh untuk mewujudkan kedaulatan pangan diperlukan sinergitas dan gerakan serentak yang berkelanjutan antar tingkatan pemerintahan dengan kementerian/Lembaga. Tidak elok juga apabila semua kegiatan presiden selalu dimaknai dengan persoalan pencapresan,"" kata Djarot, saat dikonfirmasi, Jumat (10/3/2023).
Advertisement
Menurut dia, pemerintah juga harus berpihak kepada petani dengan memberikan perlindungan harga gabah agar tidak anjlok di saat panen raya tiba. Sehingga, kegiatan Presiden
Jokowi
beserta Prabowo dan Ganjar Pranowo semata-mata untuk kegiatan pemerintahan bukan untuk dikaitkan dengan pencapresan di Pemilu 2024.
Djarot pun kembali menegaskan, keputusan di dalam PDIP sudah bulat memandatkan kepada Megawati untuk memutuskan siapa sosok capres dan cawapres yang akan diusung oleh partai berlambang kepala banteng tersebut.
""Persoalan pencapresan ranahnya Ketua Umum (Megawati Soekarnoputri),"" imbuhnya.
Hal senada juga disampaikan oleh Plt Ketua DPD
PDIP
Jawa Timur Said Abdullah. Dia meminta agar kegiatan Presiden Jokowi bersama Prabowo dan Ganjar tak dikaitkan dengan nuansa politik. Sebab, kegiatan di Jawa Tengah merupakan kegiatan resmi Presiden Jokowi.
""Itu kunjungan resmi Bapak Presiden dan bagaimana mungkin ditarik ke nuansa politis,"" kata dia."
10 Mar 2023 12:14;Ini Alasan Jokowi AjakPrabowoBlusukan Bareng ke Jawa Tengah;https://www.liputan6.com/news/read/5229331/ini-alasan-jokowi-ajak-prabowo-blusukan-bareng-ke-jawa-tengah;"Liputan6.com, Jakarta -
Pihak Istana menjelaskan alasan Presiden Joko Widodo (Jokowi) mengajak Menteri Pertahanan Prabowo Subianto saat ""
blusukan
"" ke Jawa Tengah. Prabowo diajak
Jokowi
karena juga punya agenda kerja di Magelang.
""Hari ini Presiden mengajak Menteri Pertahanan
Prabowo
Subianto dalam kunjungan kerja ke Jawa Tengah, karena di hari yang sama Pak Prabowo memiliki agenda kerja ke Magelang pada siang harinya,"" kata Deputi Bidang Protokol, Pers, dan Media Sekretariat Presiden Bey Machmudin kepada wartawan, Jumat (10/3/2023).
BACA JUGA:
Kaesang Soroti Upaya Adu Domba Prabowo-Jokowi di Medsos: Itu Menyesatkan
BACA JUGA:
Jokowi Menang Gugatan Wanprestasi Gagalnya Produksi Mobil Esemka di PN Solo
Baca Juga
Cek Fakta: Hoaks Artikel Ahmad Sahroni Mau Kembali ke Indonesia Jika Jokowi Tunjukkan Ijazah Aslinya
Cek Fakta: Hoaks Artikel Jokowi Tantang Pendemo untuk Datang ke Rumahnya
PSI: Ada Pihak Coba Adu Domba Prabowo-Jokowi, Itu Hoaks
Bey melanjutkan, Presiden Jokowi juga ingin Prabowo melihat langsung masalah yang dihadapi petani. Sebab, Prabowo diberikan tugas untuk menangani program food estate.
Advertisement
""Presiden ingin agar Pak Prabowo memahami masalah-masalah di lapangan yang dihadapi petani. Hal ini perlu diketahui Pak Prabowo mengingat beliau juga diberi tugas menangani food estate di Kalimantan Tengah,"" Bey menjelaskan.
Selain itu, kata Bey, Jokowi mengajak Prabowo ke peresmian Tambak Budidaya Udang Berbasis Kawasan (BUBK). Jokowi ingin Ketua Umum Partai Gerindra itu bisa melihat peluang di pulau-pulau terluar untuk kesejahteraan warga.
""Untuk tambak udang, Presiden ingin agar Pak Prabowo dapat melihat peluang di pulau-pulau terluar yang dapat dimanfaatkan untuk meningkatkan kesejahteraan masyarakat setempat, mengingat pulau terluar itu juga menjadi pertahanan negara,"" ujar Bey.
Diketahui, Kunjungan ke pasar tradisional merupakan salah satu agenda yang rutin dilakukan Jokowi ketika melakukan kunjungan kerja ke suatu daerah.
Selain untuk mengecek harga kebutuhan pokok, Jokowi juga membagikan bantuan sosial bagi para pedagang. Dalam kunjungannya bersama Prabowo, Jokowi pun menyempatkan membeli baju koko dari salah satu pedagang pasar di Kebumen.
""Bajunya 100 ribu, Pak,"" ujar pedagang menjawab pertanyaan Jokowi, dikutip dari siaran pers Sekretariat Presiden, Kamis (9/3/2023).
Jokowi pun mengeluarkan empat lembar uang pecahan Rp50 ribu.
""Enggak usah dikembalikan,"" ucap Jokowi.
Tak hanya Jokowi, Prabowo dalam kunjungan tersebut juga berbelanja peci seharga Rp150 ribu. Dia pun mengeluarkan lima lembar uang seratus ribu dan menyerahkannya kepada pedagang.
Setelah berbelanja, Jokowi melanjutkan peninjauan pasar dan membagikan bantuan sosial berupa bantuan modal kerja, bantuan tunai, hingga bantuan sembako.
Turut mendampingi Presiden Jokowi dalam kegiatan tersebut yaitu Sekretaris Kabinet Pramono Anung, Gubernur Jawa Tengah Ganjar Pranowo, dan Bupati Kebumen Arif Sugiyanto.
Sebelumnya, Jokowi bersama Prabowo dan Ganjar juga meninjau panen raya padi di Kabupaten Kebumen, Jawa Tengah, Kamis pagi. Momen akrab ketiganya tergambar dari sebuah foto
Jokowi terlihat melakukan swafoto bersama Prabowo dan Ganjar. Sesekali mereka terlihat berbincang santai."
10 Mar 2023 10:40;PDIP Tak Ingin Keakraban Presiden Jokowi,Prabowodan Ganjar di Kebumen Dikaitkan dengan Pilpres 2024;https://www.liputan6.com/news/read/5229275/pdip-tak-ingin-keakraban-presiden-jokowi-prabowo-dan-ganjar-di-kebumen-dikaitkan-dengan-pilpres-2024;"Liputan6.com, Jakarta -
Pelaksana Tugas (Plt) Ketua DPD PDI Perjuangan
(PDIP)
Jawa Timur Said Abdullah mengatakan, keakraban antara Presiden Joko Widodo (Jokowi), Menteri Pertahanan sekaligus Ketua Umum Partai Gerindra Prabowo Subianto, dan Gubernur Jawa Tengah
Ganjar Pranowo
tak mau dikaitkan dengan pilpres 2024.
Dia menyebut, PDI Perjuangan (PDIP) memaknai pertemuan antara Jokowi,
Prabowo
, dan Ganjar hanya sebatas kerja pemerintahan untuk menyukseskan program kemandirian pangan nasional.
BACA JUGA:
Fraksi PDI Perjuangan Minta Tunjangan Perumahan dan Fasilitas di Luar Kepatutan Anggota DPR Dihentikan
BACA JUGA:
Prabowo: Saya Bukan PDIP, Tapi Baca Tulisan Bung Karno 'Indonesia Menggugat'
Baca Juga
Legislator PDIP Minta Pemerintah Stabilkan Harga Beras
PDIP Minta Maaf Atas Pernyataan Deddy Sitorus dan Viralnya Sadarestuwati: Ini Pelajaran Bagi Kita
Fraksi PDIP Minta Tunjangan Perumahan DPR Dihentikan, Said Abdullah Tekankan Etik dan Empati
Sebab, program ini sangat penting, menurutnya sebagian dari bahan pangan dipenuhi dari impor, padahal semua negara saat ini berkepentingan untuk mengamankan pasokan pangan masing-masing.
Advertisement
""Karena kunjungan kerja Presiden Joko Widodo (Jokowi) terkait peninjauan lapangan untuk program kemandirian pangan dilakukan di Jawa Tengah, otomatis Mas Ganjar sebagai Gubernur Jateng menjadi bagian dari kegiatan tersebut. Jadi kami tidak mau berpikiran lebih jauh menyangkut soal
Pilpres
2024,"" kata Said, dalam keterangan resmi, dikutip Jumat (10/3/2023).
Ketua Banggar DPR RI itu menyampaikan upaya mengamankan kebutuhan pasokan pangan nasional di tengah ketidakpastian ekonomi global menjadi agenda strategis pemerintah saat ini.
""DPR juga memberikan dukungan anggaran ketahanan pangan yang sangat besar pada tahun ini sebesar Rp. 104,2 triliun,"" ungkapnya. Dia pun menegaskan, anggaran tersebut harus membuahkan hasil, sehingga bisa mengurangi kebutuhan pangan nasional melalui kegiatan impor pangan.
""Kami sangat mengapresiasi perhatian
presiden
dan para menterinya atas program ini, termasuk sinergi pemerintah daerah dalam mendukung program ini,"" imbuh Said."
10 Mar 2023 09:56;Jokowi Ajak Ganjar-Prabowosaat Panen Raya di Kebumen, Sinyal Dukungan Menuju Pilpres?;https://www.liputan6.com/news/read/5229221/jokowi-ajak-ganjar-prabowo-saat-panen-raya-di-kebumen-sinyal-dukungan-menuju-pilpres;"Liputan6.com, Jakarta -
Analis Politik Arifki Chaniago menilai, momentum Presiden Joko Widodo (Jokowi), Menteri Pertahanan Prabowo Subianto, dan Gubernur Jawa Tengah
Ganjar Pranowo
hadir pada panen raya padi di Desa Lajer, Kabupaten Kebumen, Jawa Tengah menjadi pertanda untuk Pemilu 2024 mendatang.
Sebab, kehadiran dua calon presiden tersebur bersama dengan Presiden
Jokowi
melahirkan berbagai tafsir soal membangun kedekatan keduanya.
BACA JUGA:
Kaesang Soroti Upaya Adu Domba Prabowo-Jokowi di Medsos: Itu Menyesatkan
BACA JUGA:
Jokowi Menang Gugatan Wanprestasi Gagalnya Produksi Mobil Esemka di PN Solo
Baca Juga
Cek Fakta: Hoaks Artikel Ahmad Sahroni Mau Kembali ke Indonesia Jika Jokowi Tunjukkan Ijazah Aslinya
Cek Fakta: Hoaks Artikel Jokowi Tantang Pendemo untuk Datang ke Rumahnya
PSI: Ada Pihak Coba Adu Domba Prabowo-Jokowi, Itu Hoaks
“Ada sinyal duet Ganjar-Prabowo atau Prabowo-Ganjar itu bukan lagi isu baru,” kata Arifki dalam keterangan pers diterima, Jumat (10/3/2023).
Advertisement
Namun Arifki mengamini, duet pasangan Ganjar dan
Prabowo
tidak mudah terealisasi. Sebab keduanya figur capres yang masuk tiga besar dalam versi berbagai lembaga survei. Tetapi jika ada restu oleh Jokowi, tentu tidak mudah siapa yang akan menjadi capres dan cawapres.
“Prabowo tentu merasa paling berpengalaman dibandingkan Ganjar. Begitu pun sebaliknya, Ganjar bergerak dari dukungan para relawan. Momentum Pilpres 2024 targetnya tentu mendapatkan posisi capres,” yakin Arifki.
Arifki percaya, kedua pihak tidak akan semudah itu merasa ikhlas memberikan posisi calon presiden. Karena dari segi kewenangan pasca terpilih, daya tawar presiden jelas berbeda dari wakil presiden.
Selain itu, PDI-P bakal menjadi penentu restu untuk Ganjar jika ingin ikut dengan skema politik ini. Kecuali Ganjar didukung oleh partai lain agar bisa berpasangan dengan Prabowo tanpa harus memperoleh tiket dari PDI-P.
“Jika situasinya seperti ini, posisi cawapres lebih realistis bagi Ganjar dibandingkan sebagai capres (di
Pilpres
2024). Sikap politik tanpa restu PDI-P bakal mempersulit Ganjar untuk memperebutkan pemilih Jawa Tengah, dimana selama ini dikenal sebagai basis pemilih dari PDI-P,” urai dia."
10 Mar 2023 08:40;Indikator Politik Nilai Ganjar Cocok Capres danPrabowoCawapres, Begini Analisisnya;https://www.liputan6.com/news/read/5229137/indikator-politik-nilai-ganjar-cocok-capres-dan-prabowo-cawapres-begini-analisisnya;"Liputan6.com, Jakarta -
Skema yang memasangkan
Ganjar Pranowo
sebagai capres dan
Prabowo Subianto
sebagai cawapresnya di Pilpres 2024 terus bergulir menyusul momen kebersamaan keduanya selfie bersama Presiden Joko Widodo di Kebumen, Jawa Tengah, Kamis 9 Maret 2023.
Menurut pengamat politik Burhanuddin Muhtadi dari momen istimewa di kunjungan kerja Jokowi itu bisa memunculkan berbagai kemungkinan untuk memasangkan Ganjar Pranowo dan Prabowo Subianto.
BACA JUGA:
Reshuffle Kabinet Prabowo, Ini Profil Menkeu Purbaya Yudhi Sadewa Pengganti Sri Mulyani
BACA JUGA:
Reshuffle Kabinet Merah Putih, IHSG Berbalik Arah Memerah Jelang Penutupan
BACA JUGA:
Daftar Nama Menteri yang Disebut Kena Reshuffle Kabinet, Ini Penjelasan Mensesneg
Baca Juga
Reshuffle Kabinet, Ini Profil Menteri P2MI Mukhtarudin yang Dilantik Prabowo Hari Ini
Dito Ariotedjo Kena Reshuffle, Presiden Prabowo Belum Lantik Menpora Baru
Profil Ferry Juliantono, Dilantik Prabowo jadi Menteri Koperasi Gantikan Budi Arie Setiadi
Soal penentuan capres, Burhanuddin mengungkapkan, itu tergantung keputusan dua belah pihak yaitu PDIP dan Partai Gerindra.
Advertisement
“Tergantung konstelasi di tingkat elite dan konstelasi di tingkat massa keduanya,” ujar Burhanuddin.
Burhanuddin menjelaskan Prabowo Subianto harus mengalah untuk menjadi cawapres. Sebab, kondisi dalam beberapa survey menempatkan Ganjar selalu di puncak Elektabilitas diatas Prabowo. Dia menyebut saat ini Ganjar berpotensi menang di tingkat elektoral.
“Kalau misalnya PDIP, Gerindra plus Pak Jokowi punya perhitungan terutama di tingkat elektoral maka yang punya potensi menang itu Ganjar misalnya karena elektabilitasnya lebih tinggi ketimbang Pak Prabowo. Maka, Pak Prabowo yang harus mengalah sebagai cawapres,” tegas Burhanuddin."
10 Mar 2023 07:42;SMRC: Populer dan Dapat Dukungan Publik, Ganjar-PrabowoBerpeluang Duet di Pemilu 2024;https://www.liputan6.com/news/read/5229084/smrc-populer-dan-dapat-dukungan-publik-ganjar-prabowo-berpeluang-duet-di-pemilu-2024;"Liputan6.com, Jakarta -
Pengamat Politik dari Saiful Mujani Research & Consulting (SMRC) Saidiman Ahmad mengatakan
Ganjar Pranowo
dan
Prabowo Subianto
berpeluang diduetkan pada
Pemilu 2024
.
“Iya peluangnya terbuka (duet Ganjar-Prabowo), kalau misalnya lawannya Anies Baswedan. Koalisi pemerintahan melawan oposisi,"" katanya seperti dilansir
Antara
.
BACA JUGA:
Hasto dapat Amnesti dari Prabowo, PDIP Tepis Spekulasi Intervensi Politik
BACA JUGA:
Hasto Kristiyanto Divonis 3,5 Tahun Penjara, Ketua PDIP Ganjar Pranowo Nilai Hakim Bijaksana
Baca Juga
Hasto Kembali Jadi Sekjen, PDIP Segera Daftarkan Kepengurusan ke Kemenkum
Ganjar Pastikan PDIP Tetap Buka Komunikasi dengan Pemerintah Pusat Meski Hasto Kembali Jadi Sekjen
Ini Alasan Hasto Kembali Ditunjuk jadi Sekjen PDIP
Saidiman memperkirakan peluang terbuka untuk Ganjar dan Prabowo dipasangkan sebagai capres dan cawapres. Alasannya, keduanya sama-sama tokoh yang populer dan mendapat dukungan dari publik.
Advertisement
Namun kata dia, keputusan itu akan berkembang di dunia politik tanah air saat ini. Dia menambahkan, PDI Perjuangan sebagai partai pemenang pemilu, tentu akan mencalonkan tokoh internal partai.
Hal itu disampaikan Saidiman menanggapi aksi foto bersama Presiden Joko Widodo, Gubernur Jawa Tengah Ganjar Pranowo dan Menteri Pertahanan Prabowo Subianto saat kunjungan kerja di Kebumen, Jawa Tengah, Kamis (9/3).
Menurut Saidiman peluang besar Jokowi memberi dukungan untuk dua tokoh. Hal itu dikarenakan keduanya berada di lingkungan politik yang sama.
“Ganjar adalah gubernur dari PDIP, Jokowi dari PDIP. Keduanya dari lingkungan yang sama. Kemudian Pak Prabowo adalah Menhan, menteri di bawah Jokowi. Jadi dari sisi itu, kita katakan, apakah ada dukungan khusus untuk salah satu dari keduanya, menurut saya ya mereka yang paling potensial (menang),” jelasnya."
09 Mar 2023 20:53;Jokowi danPrabowoBlusukan ke Pasar di Kebumen, Beli Baju Koko hingga Peci;https://www.liputan6.com/news/read/5228891/jokowi-dan-prabowo-blusukan-ke-pasar-di-kebumen-beli-baju-koko-hingga-peci;"Liputan6.com, Jakarta -
Presiden Joko Widodo atau Jokowi mengunjugi Pasar Petanahan di Kabupaten Kebumen, Provinsi Jawa Tengah, Kamis (9/3/2023). Kunjungan ke pasar tradisional merupakan salah satu agenda yang rutin dilakukan
Jokowi
ketika melakukan kunjungan kerja ke suatu daerah.
Selain untuk mengecek harga kebutuhan pokok, Jokowi juga membagikan bantuan sosial bagi para pedagang. Dia pun menyempatkan membeli baju koko dari salah satu pedagang pasar di
Kebumen
.
BACA JUGA:
Cek Fakta: Hoaks Artikel Ahmad Sahroni Mau Kembali ke Indonesia Jika Jokowi Tunjukkan Ijazah Aslinya
BACA JUGA:
Cek Fakta: Hoaks Artikel Jokowi Tantang Pendemo untuk Datang ke Rumahnya
BACA JUGA:
PSI: Ada Pihak Coba Adu Domba Prabowo-Jokowi, Itu Hoaks
Advertisement
Baca Juga
Jokowi Sidak Kantor Pajak Solo, Sempat Geram soal Kasus Rafael Alun
Politikus PDIP: Saya Tak Lihat Sinyal Jokowi Endorse Prabowo-Ganjar
Ganjar Pranowo dan Prabowo Subianto Mesra di Jateng, Sinyal Didukung Jokowi di Pemilu 2024
""Bajunya 100 ribu, Pak,"" ujar pedagang menjawab pertanyaan Jokowi, dikutip dari siaran pers Sekretariat Presiden, Kamis (9/3/2023).
Jokowi pun mengeluarkan empat lembar uang pecahan Rp50 ribu.
""Enggak usah dikembalikan,"" ucap Jokowi.
Tak hanya Jokowi, Menteri Pertahanan
Prabowo
Subianto yang turut dalam kunjungan tersebut juga berbelanja peci seharga Rp150 ribu. Dia pun mengeluarkan lima lembar uang seratus ribu dan menyerahkannya kepada pedagang.
Setelah berbelanja, Jokowi melanjutkan peninjauan pasar dan membagikan bantuan sosial berupa bantuan modal kerja, bantuan tunai, hingga bantuan sembako.
Turut mendampingi Presiden Jokowi dalam kegiatan tersebut yaitu Sekretaris Kabinet Pramono Anung, Gubernur Jawa Tengah Ganjar Pranowo, dan Bupati Kebumen Arif Sugiyanto.
Sebelumnya, Presiden Jokowi bersama
Prabowo Subianto
dan Ganjar juga meninjau panen raya padi di Kabupaten Kebumen, Jawa Tengah, Kamis pagi. Momen akrab ketiganya tergambar dari sebuah foto
Jokowi terlihat melakukan swafoto bersama Prabowo dan Ganjar. Sesekali mereka terlihat berbicara serius. Kemudian, suasana menjadi cair penuh tawa saat berfoto dengan para petani di sawah.
Jokowi nampak memegang ponsel, kemudian bergantian dengan Ganjar. Raut wajah para petani pun senang berfoto bersama mereka."
09 Mar 2023 20:41;Istana Jelaskan AlasanPrabowoIkut Dampingi Jokowi Tinjau Panen Raya di Jateng;https://www.liputan6.com/news/read/5228892/istana-jelaskan-alasan-prabowo-ikut-dampingi-jokowi-tinjau-panen-raya-di-jateng;"Liputan6.com, Jakarta -
Pihak Istana menjelaskan alasan Presiden Joko Widodo atau Jokowi mengajak Menteri Pertahanan (Menhan) Prabowo Subianto ikut dalam kunjungan kerja ke Jawa Tengah, Kamis (9/3/2023). Padahal, kegiatan
Jokowi
di Jawa Tengah yakni, panen raya dan peresmian tambak udang, tak berkaitan langsung dengan tugas Prabowo sebagai Menhan.
Deputi Bidang Protokol, Pers, dan Media Sekretariat Presiden mengatakan Jokowi sengaja mengajak
Prabowo Subianto
mendampinginya karena Ketua Umum Partai Gerindra itu juga memiliki agenda kerja di Jawa Tengah.
BACA JUGA:
Kaesang Soroti Upaya Adu Domba Prabowo-Jokowi di Medsos: Itu Menyesatkan
BACA JUGA:
Jokowi Menang Gugatan Wanprestasi Gagalnya Produksi Mobil Esemka di PN Solo
Baca Juga
Cek Fakta: Hoaks Artikel Ahmad Sahroni Mau Kembali ke Indonesia Jika Jokowi Tunjukkan Ijazah Aslinya
Cek Fakta: Hoaks Artikel Jokowi Tantang Pendemo untuk Datang ke Rumahnya
PSI: Ada Pihak Coba Adu Domba Prabowo-Jokowi, Itu Hoaks
""Hari ini Presiden mengajak Menteri Pertahanan Prabowo Subianto dalam kunjungan kerja ke Jawa Tengah karena di hari yang sama Pak Prabowo memiliki agenda kerja ke Magelang pada siang harinya,"" jelas Bey kepada wartawan, Kamis (9/3/2023).
Advertisement
Selain itu, kata dia, Jokowi ingin Prabowo memahami masalah-masalah yang dihadapi petani di lapangan. Terlebih, Prabowo juga bertugas menangani lumbung pangan atau
food estate
di Kalimantan Tengah.
""Hal ini (masalah petani) perlu diketahui Pak
Prabowo
mengingat beliau juga diberi tugas menangani food estate di Kalimantan Tengah,"" ujarnya.
""Selain itu, tidak sedikit juga masyarakat yang ada di pulau terluar yang memilih profesi sebagai petani,"" sambung Bey.
Sementara terkait kegiatan tambak udang, Jokowi ingin Prabowo melihat peluang pulau-pulau terluar Indonesia untuk meningkatkan kesejahteraan masyarakat. Hal ini mengingat pulau terluar menjadi bagian pertahanan negara.
""Untuk tambak udang, Presiden ingin agar Pak Prabowo dapat melihat peluang di pulau-pulau terluar yang dapat dimanfaatkan untuk meningkatkan kesejahteraan masyarakat setempat, mengingat pulau terluar itu juga menjadi pertahanan negara,"" tutur Bey."
09 Mar 2023 20:33;Ganjar-PrabowoDiapit Jokowi di Kebumen, Pengamat : Jika Berduet, Potensi Menang 1 Putaran;https://www.liputan6.com/pemilu/read/5228886/ganjar-prabowo-diapit-jokowi-di-kebumen-pengamat-jika-berduet-potensi-menang-1-putaran;"Liputan6.com, Jakarta
Momen akrab Presiden Joko Widodo (
Jokowi
) bersama Gubernur Jawa Tengah
Ganjar
Pranowo dan Menteri Pertahanan Prabowo Subianto saat meninjau panen raya di ladang sawah Ambal, Kabupaten Kebumen, Jateng menjadi sorotan.
Momen tersebut digadang-gadang sebagai sinyal politik Jokowi untuk mendukung pasangan
Ganjar-Prabowo
dalam Pilpres 2024. Hal itu disampaikan Pengamat Politik Adi Prayitno saat dihubungi, Kamis (9/3/2023).
BACA JUGA:
Kaesang Soroti Upaya Adu Domba Prabowo-Jokowi di Medsos: Itu Menyesatkan
BACA JUGA:
Jokowi Menang Gugatan Wanprestasi Gagalnya Produksi Mobil Esemka di PN Solo
Baca Juga
Cek Fakta: Hoaks Artikel Ahmad Sahroni Mau Kembali ke Indonesia Jika Jokowi Tunjukkan Ijazah Aslinya
Cek Fakta: Hoaks Artikel Jokowi Tantang Pendemo untuk Datang ke Rumahnya
PSI: Ada Pihak Coba Adu Domba Prabowo-Jokowi, Itu Hoaks
""Pertemuan antara Ganjar, Pranowo, dan Jokowi hari ini adalah terkait dengan duet mereka, Ganjar capres dan Prabowo sebagai cawapres. Ini akan terjadi kalau Prabowo dan Ganjar menanggap Jokowi adalah king maker yang bisa menentukan soal arah koalisi di kubu pemerintah,” kata Adi.
Advertisement
Menurut Adi, sinyal dukungan ini akan dilaksanakan apabila Ganjar dan Prabowo menganggap Jokowi sebagai king maker. Namun demikian, kata Adi, ganjalan ada pada pihak Prabowo.
""Apakah mau menjadi calon wakil yang kemudian diduetkan dengan Ganjar Pranowo. Itu kan pertanyaan-pertanyaan penting, pertanyaan-pertanyaan publik yang sampai saat ini sebenarnya belum ada jawabannya karena menyatukan dua orang yang menurut saya punya nama besar, punya elektabilitas tinggi. Ini bukan perkara gampang,” kata dia.
Adi menjelaskan, jika melihat suasana politik hari ini, Prabowo masih mematok harga mati sebagai Capres 2024. Saat ini, Adi menyebut Prabowo merasa punya lebih banyak pengalaman di Pilpres.
Namun, kata Adi, kondisi politik dan koalisi masih sangat dinamis mengingat perhelatan Pilpres 2024 terbilang masih lama. Sebab itu, Adi meyakini Prabowo berpotensi luluh jika dipasangkan dengan Ganjar sebagai cawapres.
""Bukan tidak mungkin second plannya adalah berkoalisi dengan yang lain, jadi Prabowo tidak target sebagai capres. Karena Gerindra sampai saat ini juga lagi diuji betul iman politiknya,” katanya.
Terlebih lagi, Adi menyebutkan bahwa elektabilitas Ganjar dari sejumlah lembaga survei terpaut jauh di atas Prabowo. Menurut Adi, kondisi itu juga menjadi indikator potensi duet Ganjar-Prabowo terjadi dalam Pilpres.
""Ganjar lebih di atas dengan Prabowo. Ini yang sebenarnya bisa menjelaskan kalau ujung-ujungnya prabowo ya sangat mungkin bisa berpasangan dengan ganjar. Tapi itu dengan catatan Ganjar diusung oleh PDIP. Prabowo bisa punya partner koalisi di 2024,” pungkasnya."
09 Mar 2023 19:41;Konser Blackpink, Syaratnya Ada Foto Pakai Atribut Girlband K-Pop di BalihoPrabowoSubianto;https://www.liputan6.com/showbiz/read/5228843/gerindra-bagi-bagi-tiket-konser-blackpink-syaratnya-ada-foto-pakai-atribut-girlband-k-pop-di-baliho-prabowo-subianto;"Liputan6.com, Jakarta -
Girlband K-Pop Blackpink bakal menggelar konser di Stadion Utama Gelora Bung Karno (GBK) Jakarta, pada 11 Maret 2023 mendatang. Walau sempat terjadi perselisihan namun sepertinya
konser Blackpink
tetap akan berjalan sesuai jadwal.
Serunya lagi, Blink, sebutan untuk penggemar Blackpink bisa mendapatkan tiket nonton Blackpink dibagikan secara gratis. Tiket ini disediakan oleh Partai
Gerindra
.
BACA JUGA:
Santainya Lisa BLACKPINK Tenteng Tas Hermes Birkin Langka Seharga Rp5 Miliar
BACA JUGA:
Koleksi Debut Rose BLACKPINK X Puma, Terinspirasi Gaya Pribadi dan Musik
BACA JUGA:
Deretan Potret Lisa BLACKPINK Berkostum Labubu Pink di Konser Deadline World Tour Inggris
Advertisement
Baca Juga
Park Seo Joon Bersikap Gentleman kepada Jennie Blackpink di Paris Fashion Week, Hati Warganet Auto Meleyot
Park Seo Joon Foto Bareng Jennie BLACKPINK di Paris Fashion Week, Pose Tangannya Jadi Sorotan
Hesti Purwadinata Nikmati Momen Berada di Dalam Blackpink In Your Area Pop-Up Store & Exhibition in Jakarta
Sayangnya, tidak disebutkan berapa banyak tiket yang disediakan Partai Gerindra. Lantas bagaimana cara mendapatkannya?
Melalui cuitan di akun Twitter, Rabu (8/3/2023), Partai Gerindra memberikan syarat yang harus dipenuhi para Blink untuk bisa meraih
tiket gratis
. Salah satunya harus berfoto di baliho atau billboard
Prabowo Subianto
dengan atribut Blackpink."
09 Mar 2023 17:38;Politikus PDIP: Saya Tak Lihat Sinyal Jokowi EndorsePrabowo-Ganjar;https://www.liputan6.com/news/read/5228728/politikus-pdip-saya-tak-lihat-sinyal-jokowi-endorse-prabowo-ganjar;"Liputan6.com, Jakarta -
Kedekatan Menteri Pertahanan (Menhan) Prabowo Subinto dan Gubernur Jawa Tengah Ganjar Pranowo terlihat dalam kunjungan kerja Presiden Joko Widodo atau Jokowi Desa Lajer, Kebumen, Jawa Tengah, Kamis (9/3/2023). Menanggapi kedekatan tersebut, Partai Demokrasi Indonesia Perjuangan (
PDIP
) menyatakan, kedekatan itu bukan sinyal Jokowi mendukung duet Prabowo-Ganjar.
""Sampai saat ini saya tidak bisa melihat sinyal-sinyal itu,"" kata Politikus PDIP TB Hasanuddin kepada wartawan, Kamis (9/3/2023).
BACA JUGA:
Kaesang Soroti Upaya Adu Domba Prabowo-Jokowi di Medsos: Itu Menyesatkan
BACA JUGA:
Jokowi Menang Gugatan Wanprestasi Gagalnya Produksi Mobil Esemka di PN Solo
BACA JUGA:
Cek Fakta: Hoaks Artikel Yaqut Cholil Qoumas Sebut Jokowi Terima Dua Triliun dari Kuota Haji
Baca Juga
Cek Fakta: Hoaks Artikel Ahmad Sahroni Mau Kembali ke Indonesia Jika Jokowi Tunjukkan Ijazah Aslinya
Cek Fakta: Hoaks Artikel Jokowi Tantang Pendemo untuk Datang ke Rumahnya
PSI: Ada Pihak Coba Adu Domba Prabowo-Jokowi, Itu Hoaks
Menurut Hasanuddin, pernyataan yang dilontarkan
Jokowi
terkait capres adalah candaan, dan tidak dapat diartikan sebagai bentuk dukungan atau endorsement Jokowi pada sosok capres tertentu.
Advertisement
""Pak Jokowi kadang-kadang Pak Jokowi melemparkan joke, ya misalnya contohnya saja yang rambutnya putih, ya kemudian yang mukanya keriput dan lain sebagainya begitu ya karena mikir negara. Tapi saya tidak melihat bahwa ya itu serius, gitu ya. itu ya,"" kata Hasanuddin.
Terkait wacana duet
Prabowo Subianto
-Puan Maharani, Hasanuddin enggan berkomentar. Ia menegaskan keputusan capres PDIP menjadi wewenang Ketua Umum Megawati Soekarnoputri.
""Kita tunggu saja kalau untuk PDIP. Kami semua menunggu keputusan ibu Ketum, siapa yang dicalonkan begitu,"" pungkas Hasanuddin.
Prabowo Subianto dan
Ganjar Pranowo
tampil akrab saat mendampingi Presiden Jokowi di Jawa Tengah. Jokowi juga terlihat melakukan swafoto bersama Prabowo dan Ganjar.
Berdasarkan foto yang dibagikan Sekretariat Presiden, Kamis (9/3/2023), keakraban
Prabowo
dan Ganjar itu terjadi saat Jokowi meninjau lokasi panen raya padi di Desa Lajer, Kecamatan Ambal, Kabupaten Kebumen, Provinsi Jawa Tengah."
09 Mar 2023 17:35;Ganjar Pranowo danPrabowoSubianto Mesra di Jateng, Sinyal Didukung Jokowi di Pemilu 2024;https://www.liputan6.com/pemilu/read/5228727/ganjar-pranowo-dan-prabowo-subianto-mesra-di-jateng-sinyal-didukung-jokowi-di-pemilu-2024;"Liputan6.com, Jakarta
Dua nama yang elektabilitas menguat di Pemilu 2024, Menteri Pertahanan Prabowo Subianto dan Gubernur Jawa Tengah Ganjar Pranowo tampil akrab saat mendampingi Presiden Joko Widodo di Jawa Tengah. Presiden
Jokowi
juga terlihat melakukan swafoto bersama Prabowo dan Ganjar.
Direktur Eksekutif Indonesia Political Power, Ikhwan Arif memandang keduanya memiliki keterwakilan tokoh yang sangat dekat dengan Presiden Jokowi. Seolah memang ada sinyal dari mantan Gubernur DKI Jakarta tersebut untuk menjodohkan keduanya.
BACA JUGA:
Hasto dapat Amnesti dari Prabowo, PDIP Tepis Spekulasi Intervensi Politik
BACA JUGA:
Hasto Kristiyanto Divonis 3,5 Tahun Penjara, Ketua PDIP Ganjar Pranowo Nilai Hakim Bijaksana
Baca Juga
Hasto Kembali Jadi Sekjen, PDIP Segera Daftarkan Kepengurusan ke Kemenkum
Ganjar Pastikan PDIP Tetap Buka Komunikasi dengan Pemerintah Pusat Meski Hasto Kembali Jadi Sekjen
Ini Alasan Hasto Kembali Ditunjuk jadi Sekjen PDIP
""secara langsung wacana menduetkan Ganjar-Prabowo atau Prabowo-Ganjar bisa menjadi jawaban atas capres dan cawapres alternatif dari masing-masing koalisi,"" kata dia saat dikonfirmasi, Kamis (9/3/2023).
Advertisement
""Disamping itu keduanya mempunyai rekam jejak yang jelas di pemerintahan, antara
Ganjar Pranowo
dan Prabowo Subianto bisa dinilai sebagai sosok yang akan melanjutkan trah Jokowi dan melanjutkan program-program pemerintah yang sudah ada,"" sambungnya.
Arif menuturkan, kedua tokoh ini sangat memungkinkan terbentuknya koalisi gemuk dengan target partai koalisi ingin menang telak dalam menghadapi koalisi diluar pemerintah, karena sejauh ini garis pemisah antara tokoh-tokoh yang akan melanjutkan program pemerintahan Jokowi dan tokoh-tokoh yang berada diluar pemerintahan Jokowi bisa dilihat dengan pendekatan politik yang dibangun masing-masing tokoh.
""Menduetkan Ganjar dan Prabowo, bisa memperkuat dukungan publik dan pemilih, apalagi kedua tokoh sangat populer dan memiliki nilai elektabilitas yang cukup tinggi dari hasil beberapa lembaga survei,"" jelas dia.
Keduanya pun memiliki elektoral yang kuat untuk bisa meraih kemenangan di
Pemilu 2024
. Di mana, sama-sama memiliki basis suara yang besar. ""Menyandingkan kedua tokoh membuka keran elektoral yang cukup besar sehingga peluang untuk menang juga semakin besar,"" jelas dia.
""Menurut saya duet kedua tokoh ini sangat mungkin terwujud apabila kedua tokoh sama-sama ingin maju di Pilpres 2024, terlebih Pak Prabowo harus realistis untuk merebut kemenangan setelah beberapa kali berkompetisi di Pilpres. Dengan memilih pasangan yang populer dan memiliki elektabilitas tinggi adalah pilihan yang sangat rasional dan realistis untuk merebut kemenangan,"" pungkasnya.
Sebelumnya, Menteri Pertahanan Prabowo Subianto dan Gubernur Jawa Tengah Ganjar Pranowo tampil akrab saat mendampingi Presiden Joko Widodo (Jokowi) di Jawa Tengah. Jokowi juga terlihat melakukan swafoto bersama Prabowo dan Ganjar.
Berdasarkan foto yang dibagikan Sekretariat Presiden, Kamis (9/3/2023), keakraban itu terjadi saat Jokowi meninjau lokasi panen raya padi di Desa Lajer, Kecamatan Ambal, Kabupaten Kebumen, Provinsi Jawa Tengah."
09 Mar 2023 16:46;Cawapres Fleksibel, Erick Thohir Bisa Dipasangkan denganPrabowoatau Ganjar;https://www.liputan6.com/pemilu/read/5228744/cawapres-fleksibel-erick-thohir-bisa-dipasangkan-dengan-prabowo-atau-ganjar;"Liputan6.com, Jakarta -
Nama Menteri Badan Usaha Milik Negara (BUMN) Erick Thohir masih terus menghiasi bursa Calon Wakil Presiden (Cawapres) 2024. Latar belakangnya yang bukan berasal dari partai politik (parpol) membuat
Erick Thohir
mudah dipasangkan dengan figur Calon Presiden (Capres) manapun.
Pengamat Politik dari Universitas Al Azhar Indonesia, Ujang Komarudin menuturkan bahwa Erick Thohir merupakan cawapres yang sangat fleksibel. Ia berpotensi diusung sebagai cawapres dari dua kandidat capres potensial, yakni Menteri Pertahanan sekaligus Ketum Gerindra
Prabowo
Subianto dan Gubernur Jawa Tengah Ganjar Pranowo.
BACA JUGA:
MK Larang Wamen Jadi Komisaris BUMN, Ini Jawaban Erick Thohir
BACA JUGA:
Jadwal Timnas U-23 Indonesia di Kualifikasi Piala Asia 2026 Usai Gagal Kalahkan Laos
Baca Juga
Timnas Indonesia Pesta Gol, Erick Thohir Berikan Apresiasi Timnas Chinese Taipei
Rapat dengan DPR, Erick Thohir Pastikan Prioritas BUMN Sejalan Visi-Misi Presiden
Anggaran Kementerian BUMN Rp 280 Miliar Tahun Depan
“Skema Pak Erick itu kan kalau tidak bisa jadi cawapresnya Ganjar, bisa jadi Prabowo,” ujar Ujang dalam keterangan tertulis, Kamis (9/3/2023).
Advertisement
Selain itu, Erick Thohir juga memiliki kedekatan dengan sejumlah 'King Maker' Pilpres 2024, salah satunya yakni Presiden Joko Widodo (Jokowi). “Saya melihatnya adanya dukungan dari kekuasaan, Pak Jokowi ya,” ucap Ujang.
Erick Thohir memang dikenal sebagai salah satu menteri andalan Presiden Jokowi. Berbagai penugasan dari Presiden Jokowi berhasil diselesaikan Erick Thohir, mulai dari penanganan pandemi Covid-19, pemulihan ekonomi nasional, hingga urusan sepakbola Indonesia.
Bahkan Erick Thohir juga berhasil menunaikan penugasan personal dari
Jokowi
saat menikahkan putra bungsunya Kaesang Pangarep."
09 Mar 2023 12:34;Penuh Tawa, Jokowi Selfie BarengPrabowodan Ganjar di Panen Raya Jateng;https://www.liputan6.com/news/read/5228361/penuh-tawa-jokowi-selfie-bareng-prabowo-dan-ganjar-di-panen-raya-jateng;"Liputan6.com, Jakarta -
Menteri Pertahanan
Prabowo Subianto
dan Gubernur Jawa Tengah Ganjar Pranowo tampil akrab saat mendampingi Presiden Joko Widodo (
Jokowi
) di Jawa Tengah. Jokowi juga terlihat melakukan swafoto bersama Prabowo dan Ganjar.
Berdasarkan foto yang dibagikan Sekretariat Presiden, Kamis (9/3), keakraban itu terjadi saat Jokowi meninjau lokasi panen raya padi di Desa Lajer, Kecamatan Ambal, Kabupaten Kebumen, Provinsi Jawa Tengah.
BACA JUGA:
Kaesang Soroti Upaya Adu Domba Prabowo-Jokowi di Medsos: Itu Menyesatkan
BACA JUGA:
Jokowi Menang Gugatan Wanprestasi Gagalnya Produksi Mobil Esemka di PN Solo
Baca Juga
Cek Fakta: Hoaks Artikel Ahmad Sahroni Mau Kembali ke Indonesia Jika Jokowi Tunjukkan Ijazah Aslinya
Cek Fakta: Hoaks Artikel Jokowi Tantang Pendemo untuk Datang ke Rumahnya
PSI: Ada Pihak Coba Adu Domba Prabowo-Jokowi, Itu Hoaks
Jokowi dan Prabowo terlihat memakai kemeja berwarna putih. Sedangkan,
Ganjar Pranowo
memakai seragam dinas cokelat.
Advertisement
Sesekali mereka terlihat berbicara serius. Kemudian, suasana menjadi cair penuh tawa saat berfoto dengan para petani di sawah.
Jokowi nampak memegang ponsel, kemudian bergantian dengan Ganjar. Raut wajah para petani pun senang berfoto bersama mereka.
Kegiatan Presiden Jokowi di Jawa Tengah pada hari ini adalah meninjau lokasi panen raya padi di Desa Lajer, Kecamatan Ambal, Kabupaten Kebumen, Provinsi Jawa Tengah."
09 Mar 2023 12:17;Prabowo-Ganjar Tampil Akrab di Kebumen Bareng Jokowi, Pengamat: Capres-Cawapres Ideal 2024;https://www.liputan6.com/pemilu/read/5228330/prabowo-ganjar-tampil-akrab-di-kebumen-bareng-jokowi-pengamat-capres-cawapres-ideal-2024;"Liputan6.com, Jakarta -
Menteri Pertahanan
Prabowo Subianto
dan Gubernur Jawa Tengah Ganjar Pranowo ""debut"" tampil bersama, saat mendampingi Presiden Joko Widodo (
Jokowi
) dalam agenda panen raya di Desa Lejer, Kecamatan Ambal, Kebumen, Kamis (9/3).
Kebersamaan keduanya semakin menguatkan wacana duet Prabowo-Ganjar untuk pemilihan presiden (pilpres) 2024.
BACA JUGA:
Reshuffle Kabinet Prabowo, Ini Profil Menkeu Purbaya Yudhi Sadewa Pengganti Sri Mulyani
BACA JUGA:
Reshuffle Kabinet Merah Putih, IHSG Berbalik Arah Memerah Jelang Penutupan
Baca Juga
Reshuffle Kabinet, Ini Profil Menteri P2MI Mukhtarudin yang Dilantik Prabowo Hari Ini
Dito Ariotedjo Kena Reshuffle, Presiden Prabowo Belum Lantik Menpora Baru
Profil Ferry Juliantono, Dilantik Prabowo jadi Menteri Koperasi Gantikan Budi Arie Setiadi
Direktur Eksekutif Indonesia Political Review (IPR) Ujang Komarudin, menilai Prabowo sebagai calon presiden (capres) dan
Ganjar Pranowo
sebagai calon wakil presiden (cawapres) merupakan pasangan yang ideal.
Advertisement
""Pak Prabowo punya pengalaman sebagai capres. Jadi, konstruksi yang ideal bisa saja Prabowo berdampingan dengan Ganjar. Artinya, Prabowo capres dan Ganjar sebagai cawapres nya,"" kata Ujang.
Ia mengungkapkan, alasannya dikarenakan Prabowo sudah dua kali berpengalaman maju untuk capres, sementara Ganjar belum pernah sama sekali. Lantas, menurut Ujang, Ganjar selayaknya menjadi pendamping atau cawapres bersama Prabowo.
""Ya, bagus positif dan menjadi sesuatu yang rasional saja. Karena kan survei juga mengatakan Prabowo-Ganjar dan Anies selalu masuk tiga besar,"" ujarnya."
08 Mar 2023 19:00;PrabowoSubianto Akan Tambah Pesawat Tempur untuk TNI AU, Asalnya dari Prancis;https://www.liputan6.com/news/read/5227711/prabowo-subianto-akan-tambah-pesawat-tempur-untuk-tni-au-asalnya-dari-prancis;"Liputan6.com, Jakarta
Menteri Pertahanan Prabowo Subianto menekankan pentingnya terus menambah jumlah pesawat tempur untuk TNI Angkatan Udara (AU). Dia mengatakan pemerintah akan membeli pesawat tempur Rafale dari
Prancis
.
""Ya itu suatu keharusan (menambah pesawat tempur). Ya kita akan menambah pesawat tempur Rafale dari Prancis, kemudian kita sementara lagi negosiasi untuk menambah pesawat-pesawat lain,"" jelas Prabowo kepada wartawan di Lanud Halim Perdanakusuma, Jakarta, Rabu (8/3/2023).
BACA JUGA:
Reshuffle Kabinet Prabowo, Ini Profil Menkeu Purbaya Yudhi Sadewa Pengganti Sri Mulyani
BACA JUGA:
Reshuffle Kabinet Merah Putih, IHSG Berbalik Arah Memerah Jelang Penutupan
Baca Juga
Reshuffle Kabinet, Ini Profil Menteri P2MI Mukhtarudin yang Dilantik Prabowo Hari Ini
Dito Ariotedjo Kena Reshuffle, Presiden Prabowo Belum Lantik Menpora Baru
Profil Ferry Juliantono, Dilantik Prabowo jadi Menteri Koperasi Gantikan Budi Arie Setiadi
Kendati pembelian pesawat tempur Rafale sudah diteken,
Prabowo Subianto
menyampaikan pesawat itu baru akan tiba di Indonesia paling cepat pada tahun 2026. Oleh sebab itu, pemerintah tengah memodernisasi pesawat tempur yang ada untuk memperkuat pertahanan Indonesia.
Advertisement
""Sementara itu, karena kalau kita sudah tanda-tangan untuk pesawat Rafale, datangnya baru 3-5 tahun, sementara kita harus mempunyai detterent yang cukup kuat, pesawat-pesawat sekarang kita sedang refurbish, sedang kita upgrade modernisasi,"" katanya.
Selain itu, Prabowo menyampaikan pihaknya mengakuisisi pesawat-pesawat bekas yang usianya masih muda. Namun, dia belum mau mengungkapkan jenis pesawat yang akan diakusisi pemerintah.
""Rencana kita kita akan mengambil beberapa pesawat dari luar negeri yang masih muda,"" ujar Prabowo.
Disisi lain, Prabowo meyakini kedatangan pesawat TNI AU C-130J-30 Super Hercules A-1339 akan menambah persentase Kekuatan Pokok Minimum atau Minimum Essential Force (MEF) yang ditargetkan mencapai 70 persen. Kendati begitu, dia meminta semua pihak tak terpaku terhadap persentase.
""Yang paling penting adalah kesiapan kemampuan operasi kita. Jadi, itu yang kita kejar. Kita ingin sedekat mungkin ke 100 persen,"" pungkas
Prabowo
.
Sebelumnya, unit pertama pesawat TNI Angkatan Udara (AU) C-130J-30 Super Hercules A-1339 tiba di Indonesia setelah mendarat di Pangkalan TNI AU (Lanud) Halim Perdanakusuma, Jakarta, Senin, 6 Maret 2023.
Kedatangan pesawat Super Hercules itu disambut langsung oleh Wakil Kepala Staf TNI AU (Wakasau) Marsdya TNI Agustinus Gustaf Brugman dengan didampingi Komandan Lanud Halim Perdanakusuma Kolonel Pnb Adrian P. Damanik."
08 Mar 2023 18:05;PrabowoTargetkan 27 Kapal Perang Selesai Dimodernisasi Desember 2023;https://www.liputan6.com/news/read/5227665/prabowo-targetkan-27-kapal-perang-selesai-dimodernisasi-desember-2023;"Liputan6.com, Jakarta -
Menteri Pertahanan (Menhan) RI Prabowo Subianto mengatakan, saat ini ada 41 kapal perang yang sedang dalam tahap modernisasi. Dari jumlah itu,
Prabowo
menargetkan modernisasi 27 kapal perang rampung sebelum Hari Armada pada 5 Desember 2023.
""Insya Allah akhir tahun saya berharap paling lambat Hari Armada. Hari Armada adalah 5 Desember ya kita akan sudah siap 27 kapal perang yang sudah dimodernisasi,"" kata Prabowo kepada wartawan di Lanud Halim Perdanakusuma Jakarta, Rabu (8/3/2023).
BACA JUGA:
Reshuffle Kabinet Prabowo, Ini Profil Menkeu Purbaya Yudhi Sadewa Pengganti Sri Mulyani
BACA JUGA:
Reshuffle Kabinet Merah Putih, IHSG Berbalik Arah Memerah Jelang Penutupan
Baca Juga
Reshuffle Kabinet, Ini Profil Menteri P2MI Mukhtarudin yang Dilantik Prabowo Hari Ini
Dito Ariotedjo Kena Reshuffle, Presiden Prabowo Belum Lantik Menpora Baru
Profil Ferry Juliantono, Dilantik Prabowo jadi Menteri Koperasi Gantikan Budi Arie Setiadi
""Kita sedang modernisasi 41
kapal perang
, tapi Desember ini Insya Allah akan siap 27,"" sambungnya.
Advertisement
Menurut dia, pemerintah juga merencanakan pengadaan berbagai kapal untuk memperkuat TNI Angkatan Laut (AL), mulai dari, kapal selam, kapal fregat, kapal cepat, hingga kapal peluru kendali.
""Jadi ya kita lihat, nanti mudah-mudahan akan tambah terus kesiapan kita,"" ucapnya.
Sebelumnya, Tentara Nasional Indonesia (TNI) Angkatan Laut (AL) berencana akan melakukan peremajaan terhadap 41 KRI AL hingga peningkatan. Hal tersebut sesuai dengan perencanaan oleh Kementerian Pertahanan (Kemenhan).
Kepala Staf TNI Angkatan Laut (Kasal) Muhammad Ali mengatakan, TNI AL saat ini akan melakukan peremajaan terlebih dahulu terhadap sejumlah kapal. Khususnya untuk kapal yang sudah tua.
""Kapal-kapal perang kita terutama yang sudah tua itu akan ada peremajaan, dan sebagian mungkin mid-life modernization. Mungkin delapan dulu,"" kata Ali saat ditemui wartawan di Komando Lintas Laut Militer AL, Jakarta Utara, Senin (16/1/2023).
Ali menjelaskan, peremajaan terhadap sejumlah kapal
TNI AL
ini akan menyesuaikan pendanaan yang dialokasikan pemerintahan dan pihak swasta. ""Kita juga menyesuaikan dengan galangan-galangan kapal yang ada di Indonesia baik galangan BUMN maupun galangan-galangan kapal swasta,"" tutur"
08 Mar 2023 17:19;PrabowoJajal Pesawat Tempur F-16: Kalau Sekarang Tes Masuk TNI AU, Pasti Saya;https://www.liputan6.com/news/read/5227645/prabowo-jajal-pesawat-tempur-f-16-kalau-sekarang-tes-masuk-tni-au-pasti-saya-nggak-lulus;"Liputan6.com, Jakarta -
Menteri Pertahanan (Menhan) Prabowo Subianto menjajal pesawat tempur F-16 milik Tentara Nasional Indonesia Angkatan Udara (TNI AU) untuk pertama kalinya pada Rabu (8/3/2023).
Prabowo Subianto
pun melakukan persiapan khusus dan mendengarkan sejumlah arahan, sebelum terbang dengan pesawat tempur F-16.
Prabowo mengatakan, tidak mudah dan sempat bingung saat mengikuti persiapan khusus sebelum terbang. Bahkan, dia mengaku dirinya pasti tak akan lulus ujian masuk
TNI AU
, apabila mengikuti tes saat ini.
BACA JUGA:
Reshuffle Kabinet Prabowo, Ini Profil Menkeu Purbaya Yudhi Sadewa Pengganti Sri Mulyani
BACA JUGA:
Reshuffle Kabinet Merah Putih, IHSG Berbalik Arah Memerah Jelang Penutupan
Baca Juga
Reshuffle Kabinet, Ini Profil Menteri P2MI Mukhtarudin yang Dilantik Prabowo Hari Ini
Dito Ariotedjo Kena Reshuffle, Presiden Prabowo Belum Lantik Menpora Baru
Profil Ferry Juliantono, Dilantik Prabowo jadi Menteri Koperasi Gantikan Budi Arie Setiadi
""Ada,
briefing, briefing
, tangan harus gimana. Aduh, sudah gitu banyak ini (arahan), waduh aku juga pusing. Kalau saya sekarang tes masuk Angkatan Udara, pasti enggak lulus,"" kata Prabowo kepada wartawan usai menjajal
pesawat tempur F-16
di Lanud Halim Perdanakusuma Jakarta, Rabu (8/3/2023).
Advertisement
Prabowo berkesempatan menjajal pesawat tempur kurang lebih 30 menit. Usai terbang, Ketua Umum Partai Gerindra itu pun mendapat brevet penerbangan kelas 1 dan wing dari TNI AU.
""Saya barusan mendapat kehormatan, saya ikut dalam suatu penerbangan yang sebenarnya sangat singkat tapi bagi saya pengalaman luar biasa,"" ujar dia.
Prabowo mengungkapkan cita-citanya adalah menjadi seorang penerbang, meski akhirnya masuk ke TNI AD. Dia pun menyadari betapa sulitnya menjadi penerbang, terutama pesawat tempur.
""Saya baru sadar betapa sulitnya untuk menjadi penerbang, apalagi penerbang pesawat yang canggih, pesawat tempur, tadi pesawat hercules pun yang tercanggih, sekarang ada semuanya ter-computerized,"" jelas
Prabowo
."
08 Mar 2023 17:15;Hasil Musra Relawan Jokowi di Sulteng dan Kalbar:PrabowoSubianto Jadi Capres Paling Diinginkan;https://www.liputan6.com/news/read/5227637/hasil-musra-relawan-jokowi-di-sulteng-dan-kalbar-prabowo-subianto-jadi-capres-paling-diinginkan;"Liputan6.com, Jakarta -
Relawan Joko Widodo (Jokowi) merilis hasil Musyawarah Rakyat
(Musra)
ke XXII di Palu, Sulawesi Tengah, pada 5 Maret 2023.
Berdasarkan voting dari 1916 peserta yang berpartisipasi dalam Musra Sulawesi Tengah
(Sulteng)
, Ketua Umum Partai Gerindra Prabowo Subianto menjadi calon presiden (capres) yang paling diinginkan pada Pilpres 2024.
Kemudian, di posisi selanjutnya ada nama Gubernur Jawa Tengah Ganjar Pranowo, Ketua Umum Partai Golkar Airlangga Hartarto, KSP Moeldoko.
Advertisement
""Paling tinggi di Musra Sulteng,
Prabowo Subianto
27,71 persen. Lalu ada nama Ganjar Pranowo 23,59 persen, kemudian Airlangga Hartarto dan Moeldoko,"" kata Ketua Panitia Musra, Panel Barus dalam konferensi pers di Jakarta Selatan, Rabu (8/3/2023).
Namun, dalam hasil Musra Sulteng, muncul nama Menteri Koordinator Kemaritiman dan Investasi (Menkomarves) Luhut Binsar Panjaitan sebagai kandidat capres harapan rakyat. Meskipun, tak memperoleh suara yang tidak begitu besar.
""Luhut Binsar Panjaitan 0,89% dengan 17 suara. Ini ada yang unik, ada nama Luhut,"" ujarnya.
Panel menjelaskan, dalam Musra yang digelar di Sulteng, kriteria dan karakter pemimpin bangsa yang diharapkan ialah berani dan tegas.
""Peserta Musra Sulawesi Tengah lebih mendambakan pemimpin bangsa yang berani, tegas, dan berwibawa, jujur, dan bersih. Harapan ini relatid seimbang dan cukup tinggi, mencapai hampir 65 persen jika dijumlahkan,"" tutur Panel.
Selain itu, kriteria berakhlak baik serta memiliki belakang pendidikan tinggi bukan merupakan karakter yang cukup diperhitungkan, meskipun ada sebagian masyarakat yang mendambakan pemimpin demikian.
Sementara, untuk Musra Pontianak, Kalimantan Barat pada 4 Maret 2023 dengan voting sebanyak 1361, Prabowo juga mendapatkan perolehan paling tinggi yang diharapkan untuk menjadi capres di 2024. Prabowo memperoleh 23,07 persen.
Berikut hasil Musra Sulawesi Tengah:
Prabowo Subianto 27,71%
Ganjar Pranowo 23,59%
Airlangga Hartarto 12,95
Moeldoko 11,01%
Longki Djanggola 10,02%
Hary Tanoesoedibjo 4,80%
Mahfud MD 2,56%
Anies Baswedan 1,10%
Luhut Binsar Panjaitan 0,89%
Sandiaga Uno 0,78%
Lainnya 4,59"
08 Mar 2023 13:11;Dapat Brevet dan Wing dari TNI AU, Cita-CitaPrabowoJadi Penerbang Tercapai;https://www.liputan6.com/news/read/5227384/dapat-brevet-dan-wing-dari-tni-au-cita-cita-prabowo-jadi-penerbang-tercapai;"Liputan6.com, Jakarta -
Menteri Pertahanan (Menhan)
Prabowo Subianto
mendapat brevet penerbang kehormatan kelas I dan
wing
atau lencana dari
TNI
Angkatan Udara (AU). Hal itu didapat Prabowo usai berhasil terbang dengan pesawat F-16 TNI AU dari Lanud Halim Perdanakusuma Jakarta, Rabu (8/3/2023).
Berdasarkan pantauan Liputan6.com,
pesawat tempur F-16
yang membawa Prabowo lepas landas dari Lanud Halim Perdanakusuma Jakarta sekitar pukul 10.41 WIB. Prabowo bersama pilot berkesempatan menjajal pesawat F-16 sekitar 30 menit.
BACA JUGA:
Reshuffle Kabinet, Ini Profil Menteri P2MI Mukhtarudin yang Dilantik Prabowo Hari Ini
BACA JUGA:
Dito Ariotedjo Kena Reshuffle, Presiden Prabowo Belum Lantik Menpora Baru
BACA JUGA:
Profil Ferry Juliantono, Dilantik Prabowo jadi Menteri Koperasi Gantikan Budi Arie Setiadi
Prabowo sendiri mengaku sangat terhormat dapat ikut dalam penerbangan yang sangat singkat itu. Dia pun kaget ternyata pesawat tempur yang dimiliki Indonesia ternyata sangat cepat.
Advertisement
""Saya barusan mendapat kehormatan, saya ikut dalam suatu penerbangan yang sebenarnya sangat singkat. Tapi bagi saya pengalaman luar biasa,"" kata Prabowo di Lanud Halim Perdanakusuma Jakarta, Rabu (8/3/2023).
Baca Juga
HUT ke-77 RI, Pesawat Tempur F-16 Bemanuver di Atas Istana Merdeka
Amankan Selat Malaka, Pesawat Tempur F-16 TNI AU Gelar Patroli
Pesawat Tempur F-16 Diterbangkan ke Natuna, TNI AU: Itu Patroli Rutin
""Rupanya pesawat tempur itu sangat cepat, dalam 5 menit kita sudah di Pelabuhan Ratu, sangat cepat,"" sambungnya.
Dia juga menyadari bahwa tak mudah menerbangkan pesawat terbang. Terlebih, pesawat tempur dan Hercules yang memiliki teknologi canggih.
""Saya baru sadar betapa sulitnya untuk menjadi penerbang, apalagi penerbang pesawat yang canggih, pesawat tempur. Tadi pesawat Hercules pun yang tercanggih, sekarang ada semuanya ter-
computerized
,"" jelasnya.
Prabowo mengatakan Indonesia beruntung memiliki
TNI AU
yang bisa menerbangkan pesawat tempur yang cukup sulit. Terlebih, apabila ada gangguan-gangguan eksternal yang membutuhkan reaksi cepat.
""Anda bayangkan, reaksi para penerbang kita, reaksi para panglima-panglima kita ambil keputusan kalau ada gangguan dari luar,"" ujarnya."
08 Mar 2023 10:50;Prabowo: Dukungan Pak Jokowi untuk Pertahanan Terbesar dalam Sejarah;https://www.liputan6.com/news/read/5227202/prabowo-dukungan-pak-jokowi-untuk-pertahanan-terbesar-dalam-sejarah;"Liputan6.com, Jakarta -
Menteri Pertahana (Menhan)
Prabowo Subianto
mengapresiasi dukungan Presiden Joko Widodo atau
Jokowi
di sektor pertahanan. Bahkan, kata dia, dukungan yang diberikan untuk pertahanan pemerintahan Jokowi terbesar dalam sejarah.
""Dukungan pemerintahan Pak Joko Widodo saya lihat dalam sejarah mungkin pertahanan itu terbesar,"" kata Prabowo saat acara penyerahan pesawat
Super Hercules
A-1339 di Lanud Halim Perdanakusuma Jakarta, Rabu (8/3/2023).
BACA JUGA:
Prabowo Terima Medali Kehormatan dari Komando Operasi Khusus AS di Istana Merdeka
BACA JUGA:
Menhan Minta Tambahan Rp184 Triliun untuk Perkuat Pertahanan Negara
Hanya saja, kata dia, pemerintah beberapa tahun terakhir memang lebih mempriorotaskan anggaran untuk penanganan Covid-19. Terlebih, banyak masyarakat yang menderita karena pandemi Covid-19.
Advertisement
""Tapi kita punya prioritas kemarin melawan covid yang sangat menderita rakyat jadi prioritas beliau kita utamakan keselamatan rakyat,"" jelasnya.
Baca Juga
Menhan Prabowo Serahkan Pesawat Super Hercules A-1339 ke TNI, Disaksikan Jokowi
Jokowi: Pesawat Super Hercules A-1339 Sangat Canggih, Bagus untuk Operasi Militer dan Non-Militer
TNI AU Akan Kedatangan 5 Pesawat Hercules Tipe J dari AS, Ini Kelebihannya
Disisi lain, Prabowo menyampaikan maintenance repair overhaul (MRO) pesawat Super Hercules sudah bisa dilakukan di Indonesia.
""Ini termasuk overhaul berat, pergantian sensor outer wing box ini sangat sulit. Pertama kalau dilalukan di Indonesia,"" tutur Prabowo.
Sebelumnya, Presiden Joko Widodo atau Jokowi menyaksikan penyerahan pesawat Super Hercules A-1339 dan A-1315 di Landasan Udara (Lanud) Halim Perdanakusuma Jakarta, Rabu (8/3/2023). Adapun pesawat ini dipesan dari Amerika Serikat.
Berdasarkan pantauan Liputan6.com, Jokowi tiba di Lanud Halim Perdanakusuma sekitar 08.45 WIB. Dia tampak didampingi Menteri Pertahanan Prabowo Subianto, Panglima
TNI
Laksamana Yudo Margono, dan Kepala Staf Angkutan Udara (KSAU) Marsekal Fadjar Prasetyo."
08 Mar 2023 10:22;MenhanPrabowoSerahkan Pesawat Super Hercules A-1339 ke TNI, Disaksikan Jokowi;https://www.liputan6.com/news/read/5227165/menhan-prabowo-serahkan-pesawat-super-hercules-a-1339-ke-tni-disaksikan-jokowi;"Liputan6.com, Jakarta -
Presiden Joko Widodo atau
Jokowi
menyaksikan penyerahan pesawat
Super Hercules
A-1339 dan A-1315 di Landasan Udara (Lanud) Halim Perdanakusuma Jakarta, Rabu (8/3/2023). Adapun pesawat ini dipesan dari Amerika Serikat.
Berdasarkan pantauan Liputan6.com, Jokowi tiba di Lanud Halim Perdanakusuma sekitar 08.45 WIB. Dia tampak didampingi Menteri Pertahanan Prabowo Subianto, Panglima TNI Laksamana Yudo Margono, dan Kepala Staf Angkutan Udara (KSAU) Marsekal Fadjar Prasetyo.
Sebelum acara penyerahan, Jokowi didampingi Prabowo terlebih dahulu melihat isi pesawat yang memiliki kapasitas angkut hingga 20 ton. Dia juga masuk ke ruang kemudi pesawat.
Advertisement
Setelah itu,
Prabowo
memberikan replika kunci pesawat Hercules A-1339 kepada Panglima TNI Yudo Margono. Kemudian, Jokowi memecahkan kendi serta menyiram air bunga ke roda pesawat.
Baca Juga
TNI AU Akan Kedatangan 5 Pesawat Hercules Tipe J dari AS, Ini Kelebihannya
TNI AU Hentikan Operasional Pesawat C-130 B Hercules A-1312
Jokowi Minta Panglima TNI Siapkan Pesawat Hercules untuk Jemput Obat Covid-19
Sebelumnya, unit pertama pesawat TNI Angkatan Udara (AU) C-130J-30 Super Hercules A-1339 tiba di Indonesia setelah mendarat di Pangkalan TNI AU (Lanud) Halim Perdanakusuma, Jakarta, Senin, 6 Maret 2023.
Kedatangan pesawat Super Hercules itu disambut langsung oleh Wakil Kepala Staf TNI AU (Wakasau) Marsdya TNI Agustinus Gustaf Brugman dengan didampingi Komandan Lanud Halim Perdanakusuma Kolonel Pnb Adrian P. Damanik.
Pesawat
TNI
AU C-130J-30 Super Hercules A-1339 memiliki empat mesin turboprop Rolls-Royce AE 2100D yang berkekuatan 4.700 tenaga kuda serta mampu mencapai kecepatan puncak 660 Km/jam pada ketinggian 6.706 meter.
Selain itu, pesawat itu memiliki dimensi kompartemen kargo dengan panjang 16,9 meter; lebar 3,12 meter; dan tinggi 2,74 meter, serta kapasitas angkut sebesar 20 ton. Kemudian, ruangannya mampu menampung delapan palet atau 97 tandu, 128 pasukan tempur, dan 92 pasukan terjun payung."
07 Mar 2023 13:55;PPP Sebut Ganjar,Prabowodan Anies Berpotensi Jadi Capres dari KIB;https://www.liputan6.com/news/read/5226312/ppp-sebut-ganjar-prabowo-dan-anies-berpotensi-jadi-capres-dari-kib;"Liputan6.com, Jakarta
Ketua Majelis Pertimbangan
PPP
Muhammad Romahurmuziy atau Romy mengungkapkan ada tiga nama potensial yang akan diusung sebagai calon presiden oleh Koalisi Indonesia Bersatu (KIB). Diketahui, KIB terdiri dari PPP, Golkar dan PAN.
Ketiga nama tersebut yaitu Gubernur Jawa Tengah
Ganjar Pranowo
, Ketua Umum Partai Gerindra Prabowo Subianto dan bakal calon presiden Partai NasDem
Anies Baswedan
.
BACA JUGA:
Hasto dapat Amnesti dari Prabowo, PDIP Tepis Spekulasi Intervensi Politik
BACA JUGA:
Hasto Kristiyanto Divonis 3,5 Tahun Penjara, Ketua PDIP Ganjar Pranowo Nilai Hakim Bijaksana
Baca Juga
Hasto Kembali Jadi Sekjen, PDIP Segera Daftarkan Kepengurusan ke Kemenkum
Ganjar Pastikan PDIP Tetap Buka Komunikasi dengan Pemerintah Pusat Meski Hasto Kembali Jadi Sekjen
Ini Alasan Hasto Kembali Ditunjuk jadi Sekjen PDIP
""Capres potensial jika diukur dari kombinasi elektabiltas dan kecukupan kendaraan ke depan hanya tiga, Ganjar, Prabowo dan Anies. KIB cukup secara kendaraan, tapi calonnya sampai saat ini kan belum ada,"" kata Romy, saat dikonfirmasi, Selasa (7/3/2023).
Advertisement
PAN melalui Rakernas sudah menyebutkan Ganjar-Erick. Sementata PPP untuk capres hingga saat ini diputuskan, namun untuk cawapres masih ada nama Menteri BUMN Erick Thohir dan Menteri Pariwisata dan Ekonomi Kreatif Sandiaga Uno. Sementara di Partai Golkar sudah menentukan Ketua Umum Airlangga Hartarto sebagai capres 2024.
""Bisa saja KIB nanti berbeda aspirasi ujungnya soal capres dan cawapres,"" ujarnya.
Oleh sebab itu, Romy menyampaikan, KIB terus membuka komunikasi dengan berbagai partai politik untuk menemukan titik temu terkait capres dan cawapres yang akan diusung.
""Realitasnya, Ganjar kader PDIP, Prabowo kader Gerindra, dan Anies non partai. Saat ini tidak tersedia stok bakal capres lagi yang elektabilitasnya cukup tinggi menurut survei, yang bisa dicalonkan KIB. Maka kita-kita harus realistis untuk berbicara dengan partai-partai asal bakal-bakal capres di atas,"" imbuhnya."
07 Mar 2023 13:06;Respons PKS usaiPrabowoTak Izinkan Sandi Duet Bareng Anies;https://www.liputan6.com/news/read/5226195/respons-pks-usai-prabowo-tak-izinkan-sandi-duet-bareng-anies;"Liputan6.com, Jakarta -
Ketua DPP Partai Keadilan Sejahtera (
PKS
) Al Muzammil Yusuf menilai tak masalah jika Ketua Umum Partai Gerindra
Prabowo Subianto
tidak mengizinkan
Sandiaga Uno
menjadi pasangan
Anies Baswedan
di Pilpres 2024.
Diketahui, Juru Bicara Partai Keadilan Sejahtera (PKS) Muhammad Iqbal menyatakan sosok Sandiaga Uno berpeluang untuk dipasangkan dengan Anies di Pilpres 2024.
BACA JUGA:
Reshuffle Kabinet Prabowo, Ini Profil Menkeu Purbaya Yudhi Sadewa Pengganti Sri Mulyani
BACA JUGA:
Reshuffle Kabinet Merah Putih, IHSG Berbalik Arah Memerah Jelang Penutupan
Baca Juga
Reshuffle Kabinet, Ini Profil Menteri P2MI Mukhtarudin yang Dilantik Prabowo Hari Ini
Dito Ariotedjo Kena Reshuffle, Presiden Prabowo Belum Lantik Menpora Baru
Profil Ferry Juliantono, Dilantik Prabowo jadi Menteri Koperasi Gantikan Budi Arie Setiadi
""Itu hak kebijakan partai atau pribadi masing-masing. Kita saling menghormati saja,"" kata Muzammil saat dikonfirmasi, Selasa (7/3).
Advertisement
Dia pun menyebut, PKS tengah mematangkan rencana kerjasama dengan Partai NasDem dan Demokrat dalam Koalisi Perubahan. Namun, untuk pembahasan soal sosok pendamping Anies tengah dibahas di meja perundingan.
Sementara, untuk sosok dari internal PKS dia mengatakan hanya ada satu nama yakni Wakil Ketua Majelis Syura Ahmad Heryawan alias Aher.
“Pembicaraan koalisi sudah mengerucut ke satu nama dari masing-masing partai. Maka dari PKS dikerucutkan ke satu nama, Aher,” ucapnya."
07 Mar 2023 09:24;Gerindra Sebut PertemuanPrabowodan Surya Paloh Membahas Koalisi dan Perjodohan di Pilpres 2024;https://www.liputan6.com/news/read/5225962/gerindra-sebut-pertemuan-prabowo-dan-surya-paloh-membahas-koalisi-dan-perjodohan-di-pilpres-2024;"Liputan6.com, Jakarta
Ketua Umum Partai NasDem
Surya Paloh
mengunjungi kediaman Ketua Umum Partai Gerindra
Prabowo Subianto
di Padepokan Garuda Yaksa, Hambalang, Bogor, Minggu, (5/3/2023). Pertemuan kedua tokoh tersebut rupanya juga membahas soal kemungkinan koalisi antar kedua partai.
BACA JUGA:
Reshuffle Kabinet Prabowo, Ini Profil Menkeu Purbaya Yudhi Sadewa Pengganti Sri Mulyani
BACA JUGA:
Reshuffle Kabinet Merah Putih, IHSG Berbalik Arah Memerah Jelang Penutupan
Baca Juga
Reshuffle Kabinet, Ini Profil Menteri P2MI Mukhtarudin yang Dilantik Prabowo Hari Ini
Dito Ariotedjo Kena Reshuffle, Presiden Prabowo Belum Lantik Menpora Baru
Profil Ferry Juliantono, Dilantik Prabowo jadi Menteri Koperasi Gantikan Budi Arie Setiadi
""Ya dalam pembicaraan berkembang, ada juga soal apa namanya gabung menggabungkan, lalu kemudian jodoh menjodohkan itu kan biasa,"" kata Ketua Harian DPP Partai Gerindra Dasco, kepada wartawan di Kompleks Parlemen, Senayan, Jakarta, Senin (6/3/2023).
Advertisement
Namun, pada akhirnya keduanya sepakat beda jalur dalam
Pemilu 2024
. ""Tapi di akhirnya kemudian kita sudah sepakat kemarin, kita akan terus melakukan komunikasi dan kita akan terus menjaga iklim yang sejuk dalam pileg dan pilpres walaupun kita dalam koalisi yang berbeda,"" tegasnya.
Prabowo ingin maju sebagai calon presiden, sementara Surya Paloh memiliki calon sendiri yang dijagokan yaitu Anies Baswedan. Keduanya berkomitmen untuk saling menghormati pilihan masing-masing dan menjanjikan pemilu yang kondusif.
Sebelumnyak, Prabowo mengaku telah membahas soal Pemilu 2024 saat bertemu dengan Surya Paloh. Dalam pertemuan tersebut keduanya sepakat untuk saling menghormati keputusan politik masing-masing.
""Kita sepakat bahwa kita ingin suasana bangsa dan negara selalu dalam keadaan damai, dalam keadaan rukun, dalam keadaan bersatu, bahwa persaingan, rivalitas itu perlu,"" kata Prabowo kemarin.
Dia pun menegaskan, baik Gerindra maupun NasDem akan saling menghormati putusan masing-masing partai di Pemilu 2024.
""Kita sudah sepakat kita akan menghormati keputusan politik masing-masing, kita masing-masing akan menghormati apapun keputusan politik Pak Surya dengan NasDem, sebagai sahabat apapun kita hormati keputusan politik,"" ungkap Prabowo.
""Mereka pun akan hormati keputusan politik kami, jadi koalisi itu bagian dari keputusan politik, jalan yang dipilih oleh masing-masing,"" sambung dia.
Hal senada juga disampaikan oleh Surya Paloh, dia sepakat untuk menjaga agar stabilitas pada Pemilu 2024 tetap terjaga. Serta menjaga keamanan dan kerukunan, agar pesta demokrasi yang akan datang tak seperti Pemilu sebelumnya.
""Belajar dari pengalaman masa lalu banyak kesedihan, banyak kepahitan yang kita petik nah semakin bisa kita mengambil referensi pengalaman yang kita persiapkan sedemikian rupa untuk menghadapi pemilu 2024 kami menjadi garda terdepan untuk menjaga suasana pemilu yang lebih stabil yang lebih tenang,"" kata Paloh.
Surya Paloh menegaskan, bahwa Prabowo telah menerima dan menyepakati pilihan dari masing-masing partai politik pada Pemilu 2024.
Hal itu, menjadi semangat agar jalannya Pemilu di 2024 dapat terjaga dengan baik.
""Mas Bowo menyatakan pilihan boleh berbeda, tapi spirit kebersamaan menempatkan kepentingan masyarakat diatas kepentingan daripada kedua partai ini. Dan semangat ini membantu kita semuanya agar kita menghadapinya dengan tenang, kami ingin membawa suasana yang lebih sejuk, suasana persahabatan, suasana yang membangun kegembiraan dan kebahagiaan,"" ujarnya.
""Kami berjanji mudah-mudahan kami terjauhkan dari saling menyalahkan apalagi memfitnah mengadudomda satu sama lain kami mau berdamai dengan kondisi keadaan apapun untuk membangun indonesia yang kita cintai,"" imbuh Paloh."
07 Mar 2023 09:02;Infografis PertemuanPrabowoSubianto dan Surya Paloh di Hambalang;https://www.liputan6.com/news/read/5225635/infografis-pertemuan-prabowo-subianto-dan-surya-paloh-di-hambalang;"Liputan6.com, Jakarta -
Dua pucuk pemimpin koalisi sekaligus ketua umum partai politik atau ketum parpol menggelar pertemuan. Ketum Partai Gerindra
Prabowo Subianto
menerima kunjungan Ketum Partai NasDem Surya Paloh di Hambalang, Kabupaten Bogor, Jawa Barat.
Prabowo Subianto sebagai pemimpin Koalisi Kebangkitan Indonesia Raya, sedangkan Surya Paloh menjadi tokoh sentral di
Koalisi Perubahan
. Menurut Prabowo Subianto, keduanya membahas Pemilu 2024.
BACA JUGA:
Infografis Kronologi Kasus Nadiem Makarim hingga Ditetapkan Tersangka Korupsi Chromebook
BACA JUGA:
Infografis Tragis 5 Jenazah Ditemukan Dalam Rumah Satu Liang Lahat di Indramayu
BACA JUGA:
Infografis Mereka yang Dinonaktifkan dan Nilai Fasilitas Gaji Tunjangan yang Dibekukan DPR
Advertisement
Baca Juga
2 Respons Partai Demokrat hingga PKS soal Pertemuan Surya Paloh dan Prabowo Subianto
Sekjen PKS: Tak Ada yang Salah dengan Pertemuan Surya Paloh-Prabowo Subianto
Kata Demokrat soal Pertemuan Surya Paloh-Prabowo: Perkuat Kolaborasi Lintas Koalisi
""Saya berbicara cukup luas, cukup mendalam, kita dapat suatu kesimpulan tertentu, kita sepakat untuk saling menghormati keputusan politik masing-masing, kita sepakat bahwa kita ingin suasana bangsa dan negara selalu dalam keadaan damai, dalam keadaan rukun, dalam keadaan bersatu, bahwa persaingan, rivalitas itu perlu,"" ujar
Prabowo
di Hambalang, Minggu 5 Maret 2023.
Hal senada disampaikan Surya Paloh. Ia juga mengaku dirinya sepakat untuk menjaga agar stabilitas pada
Pemilu 2024
tetap terjaga. Serta menjaga keamanan dan kerukunan, agar pesta demokrasi yang akan datang tak seperti pemilu sebelumnya.
""Belajar dari pengalaman masa lalu banyak kesedihan, banyak kepahitan yang kita petik nah semakin bisa kita mengambil referensi pengalaman yang kita persiapkan sedemikian rupa untuk menghadapi pemilu 2024 kami menjadi garda terdepan untuk menjaga suasana pemilu yang lebih stabil yang lebih tenang,"" ucap
Surya Paloh
.
Surya Paloh menegaskan, Prabowo telah menerima dan menyepakati pilihan dari masing-masing partai politik pada Pemilu 2024. Hal itu, menjadi semangat agar jalannya
pemilu
di 2024 dapat terjaga dengan baik.
""Mas Bowo (Prabowo Subianto) menyatakan pilihan boleh berbeda, tapi spirit kebersamaan menempatkan kepentingan masyarakat di atas kepentingan daripada kedua partai ini. Dan semangat ini membantu kita semuanya agar kita menghadapinya dengan tenang, kami ingin membawa suasana yang lebih sejuk, suasana persahabatan, suasana yang membangun kegembiraan dan kebahagiaan,"" kata Ketum
NasDem
tersebut.
Dalam pertemuan kurang lebih dua jam antara Prabowo dan
Paloh
itu sepakat untuk menjaga dinamika politik yang terus meningkat. Dengan demikian diharapkan kondisi politik di Indonesia dapat tetap stabil dan kondusif.
Apa saja poin penting pertemuan Prabowo Subianto dan Surya Paloh? Bagaimana ragam tanggapan pertemuan kedua elite politik tersebut? Simak selengkapnya dalam rangkaian
Infografis
berikut ini:"
07 Mar 2023 00:00;HEADLINE: PertemuanPrabowoSubianto dan Surya Paloh di Hambalang, Komitmen Damai Atau Penjajakan Koalisi?;https://www.liputan6.com/news/read/5225153/headline-pertemuan-prabowo-subianto-dan-surya-paloh-di-hambalang-komitmen-damai-atau-penjajakan-koalisi;"Liputan6.com, Jakarta -
Hujan deras dan jarak yang cukup jauh tak menghalangi Ketua Umum Partai NasDem
Surya Paloh
mengunjungi kediaman Ketua Umum Partai Gerindra
Prabowo Subianto
di Padepokan Garuda Yaksa, Hambalang, Bogor, Minggu, (5/3/2023).
Wakil Sekretaris Jenderal NasDem, Hermawi Taslim mengatakan, kedatangan Surya Paloh untuk memenuhi undangan Prabowo sekaligus kunjungan balasan beberapa waktu lalu.
BACA JUGA:
Reshuffle Kabinet Prabowo, Ini Profil Menkeu Purbaya Yudhi Sadewa Pengganti Sri Mulyani
BACA JUGA:
Reshuffle Kabinet Merah Putih, IHSG Berbalik Arah Memerah Jelang Penutupan
BACA JUGA:
Daftar Nama Menteri yang Disebut Kena Reshuffle Kabinet, Ini Penjelasan Mensesneg
Baca Juga
Reshuffle Kabinet, Ini Profil Menteri P2MI Mukhtarudin yang Dilantik Prabowo Hari Ini
Dito Ariotedjo Kena Reshuffle, Presiden Prabowo Belum Lantik Menpora Baru
Profil Ferry Juliantono, Dilantik Prabowo jadi Menteri Koperasi Gantikan Budi Arie Setiadi
Baik Prabowo maupun
Surya Paloh
mengaku bertemu untuk menyepakati bahwa mereka memilih jalur yang berbeda di Pilpres 2024. Prabowo ingin maju sebagai calon presiden, sementara Surya Paloh memiliki calon sendiri yang dijagokan yaitu Anies Baswedan. Namun keduanya berkomitmen untuk saling menghormati pilihan masing-masing dan menjanjikan pemilu yang kondusif.
Advertisement
Analis Komunikasi Politik Fikom Universitas Padjajaran, Kunto Adi Wibowo mengatakan, kemungkinan ada agenda lain dari pertemuan kedua tokoh tersebut yang tak diungkapkan ke publik. Yaitu saling menjajaki antara Nasdem dan Gerindra untuk kemungkinan berkoalisi. Meski Nasdem sudah berkoalisi dengan Demokrat dan PKS, namun masih membuka kemungkinan berkoalisi dengan Gerindra.
""Prabowo juga demikian walaupun Gerindra dengan PKB, tapikan cawapres masih dikosongin untuk membuka peluang agar partai-partai yang lain masuk, menurut saya dua-duanya ingin mendapat dukungan partai lain, untuk memperluas dukungan jadi menurut saya itu jadi misi utama dari pertemuan kemarin,"" kata Kunto kepada Liputan6.com di Jakarta, Senin, (6/3/2023).
Misi kedua, kata dia, meredakan tensi para pendukungnya. Apalagi Prabowo dan Anies Baswedan memiliki pendukung yang beririsan.
""Akan lebih menguntungkan jika bergabung, atau mencegah untuk saling menggembosi basis masing-masing, Prabowo dan Nasdem punya kepentingan itu,"" lanjutnya.
Kemudian, kata dia, pertemuan itu juga kemungkinan untuk mencegah tensi Pemilu 2024 memanas agar tak terjadi polarisasi seperti Pemilu 2019 lalu.
""Bahwa komunikasi politik ini menunjukkan elitnya santai dan tidak terpolarisasi sehingga diharapkan di tataran akar rumput juga tercipta suasana santai yang sama, sehingga tidak ada gesekan yang memanas jelang pemilu,"" tandasnya.
Hal yang sama juga dikatakan oleh Pengamat Komunikasi Politik Emrus Sihombing. Ia mengatakan pertemuan tersebut bisa saja menjajaki koalisi. Apalagi sampai saat ini dukungan Nasdem ke Anies Baswedan hanya sebatas lisan.
""Masih belum bisa dipegang sebagai jaminan, jadi karena itu bisa saja bahwa Anies tidak jadi maju,"" kata Emrus kepada Liputan6.com.
Ditambah lagi, pencalonan Anies Baswedan masih terganjal isu pengadaan lahan di Munjul, Cipayung dan Formula E saat masih menjadi Gubernur DKI Jakarta.
""Wacana di ruang publik masih ada persoalan saat kepemimpinan Anies, soal pengadaan lahan lalu kasus Formula E, mudah-mudahan bisa jernih bahwa masa pemerintahan Anies tidak ada keterkaitan, tapikan sampai sekarang belum tahu,"" ujar dia.
Sehingga bukan tidak mungkin dukungan Nasdem bisa saja berubah di tengah jalan. ""Jadi bisa saja pertemuan itu membahas soal pencairan politik soal dukungan pilpres,"" ujarnya.
Bisa jadi, pertemuan tersebut memang hanya untuk meredam tensi pendukung Prabowo dan Anies Baswedan sebelum Pilpres 2024. Seperti yang diucapkan Surya Paloh dan Prabowo dalam konferensi pers usai pertemuan bahwa keduanya menjanjikan pemilu yang kondusif.
""Tapi saya kira itu bagian terkecil dan bukan agenda utama. Karena yang bikin memanas kan tokoh-tokoh elit, rakyat pendukungnya itu adem-adem saja,"" kata dia.
Direktur Eksekutif Aljabar Strategic Arifki Chaniago mengatakan, bisa jadi kedatangan Surya Paloh ke Hambalang bisa saja ingin memastikan Prabowo maju atau tidak di Pilpres 2024.
Kedua, kata dia, Prabowo dan Surya Paloh memiliki semangat yang sama tentang tidak ada lagi agenda tunda Pemilu di tahun 2024 atau kesepakatan tentang agenda profesional tertutup atau terbuka yang sedang mengalami tarik menarik.
Selain itu, keduanya bisa saja membahas tentang keberlanjutan pembangunan Ibu kota Negara jika Anies Baswedan menjadi calon presiden.
""Narasi yang disampaikan oleh Surya Paloh pada saat pertemuan dengan Prabowo memperlihatkan bahwa Anies juga berada nanti dalam semangat yang sama dengan Prabowo bangun, sehingga keputusan masing-masing yang berbeda pilihan pun dijalankan dengan upaya saling menghormati,"" ujar Arifki.
Di samping itu, kata Arifki, pertemuan Prabowo dan Surya Paloh ini bakal menjadi contoh yang baik dalam demokrasi Indonesia kedepan karena mereka saling menghormati pilihan masing-masing dan komitmen yang baik tentang bangsa ke depan.
""Poin ini tentu bakal berdampak positif kepada masing-masing pendukung jika 2024 nanti Anies Vs Prabowo,"" ujarnya.
Sebab, baik Prabowo atau Surya Paloh memperebutkan pemilih yang sama. Selain itu, posisi NasDem dan Gerindra juga sama-sama di pemerintahan.
""Jika narasi yang digunakan sama di tahun 2014 dan 2019 dengan adanya polarisasi masyarakat tentu dikhawatirkan oleh kedua tokoh ini,"" tandas dia.
Sementara Analis Politik dan Direktur IndoStrategi Research and Consulting Arif Nurul Imam mengatakan bukan tidak mungkin membuka peluang Surya Paloh mengalihkan dukungan bakal calon presiden (bacapres) di tengah isu reshuffle kabinet yang mengancam menteri yang berasal dari Nasdem. Sebab, Surya Paloh terus menggelar pertemuan dengan para petinggi parpol.
""Dukungan Surya Paloh pada Anies bisa jadi masih tentatif, tidak menutup kemungkinan kemudian mengalihkan dukungan pada bakal capres lain, termasuk Prabowo,"" ujar Arif di Jakarta."
06 Mar 2023 15:25;2 Respons Partai Demokrat hingga PKS soal Pertemuan Surya Paloh danPrabowoSubianto;https://www.liputan6.com/news/read/5225348/2-respons-partai-demokrat-hingga-pks-soal-pertemuan-surya-paloh-dan-prabowo-subianto;"Liputan6.com, Jakarta -
Ketua Umum Partai NasDem
Surya Paloh
berkunjung ke kediaman Ketua Umum Partai Gerindra
Prabowo Subianto
pada Minggu 5 Maret 2023 di Hambalang, Bogor, Jawa Barat.
Sejumlah partai politik (parpol) lain pun merespons. Salah satunya
Partai Demokrat
. Koordinator Juru Bicara DPP Partai Demokrat Herzaky Mahendra Putra menilai, pertemuan antara kedua ketua umun parpol itu memerkuat kolaborasi lintas koalisi.
BACA JUGA:
Sekjen Demokrat Luruskan Isu Siapkan AHY di Pilpres 2029: Fokus Kami Dukung Pemerintahan Prabowo
BACA JUGA:
Soal Percaturan, Ibas: Satu Langkah Sejuta Strategi
BACA JUGA:
Ibas Demokrat Nilai Co-Firing Biomassa Jadi Solusi Energi Bersih dan Ekonomi Baru
Baca Juga
AHY Sampaikan Dukungan Demokrat untuk Prabowo Redakan Situasi Nasional
Demokrat Setuju Tunjangan DPR Dibatalkan, Ibas: Kami Siap Dikritisi dan Dievaluasi
Trump Turunkan Ribuan Tentara Garda Nasional dengan Senjata Api di Wilayah Kekuasaan Demokrat, Ada Apa?
""Koalisi Perubahan memang berupaya membangun kembali budaya kolaborasi antar-kekuatan bangsa. Meskipun berbeda pandangan dalam cara membangun bangsa ini ke depannya, berbeda pilihan koalisi dan capres, tetapi tetap jalin komunikasi dan silaturahim. Apalagi sesama parpol di parlemen,"" kata Herzaky kepada wartawan, dikutip Senin (6/3/2023).
Advertisement
Dia menyebut, soliditas partai-partai politik di parlemen harus diperkuat dalam menghadapi kekuatan di balik layar yang berupaya menunda pemilihan umum atau Pemilu. Menurut Herzaky, baik berupaya mengubah sistem proporsional terbuka menjadi tertutup, sampai berupaya menunda Pemilu.
Selain itu, Ketua Bidang Politik Hukum dan HAM (Polhukam) DPP
PKS
Almuzammil Yusuf menjelaskan, pertemuan Paloh dan Prabowo adalah hal yang terhormat, karena kedua pihak tetap menghargai pilihan politik dan capres masing-masing.
""Merupakan pertemuan politik yang terhormat antara dua pimpinan Parpol yang saling menghormati dan menghargai pilihan politik dan capresnya masing-masing"" kata Muzammil.
Anggota Komisi I DPR RI ini menegaskan sikap Parpol sesuai Konstitusi UUD 1945 sudah menjamin hak kebebasan parpol peserta Pemilu untuk dapat mengusung dan mendukung Capresnya masing-masing.
Berikut sederet tanggapan berbagai parpol terkait pertemuan Ketua Umum
Partai NasDem
Surya Paloh dengan Ketua Umum
Partai Gerindra
Prabowo Subianto dihimpun
Liputan6.com
:"
06 Mar 2023 10:22;Sekjen PKS: Tak Ada yang Salah dengan Pertemuan Surya Paloh-PrabowoSubianto;https://www.liputan6.com/news/read/5225027/sekjen-pks-tak-ada-yang-salah-dengan-pertemuan-surya-paloh-prabowo-subianto;"Liputan6.com, Jakarta -
Ketua Umum Partai Nasdem
Surya Paloh
menemui Ketua Umum Partai Gerindra
Prabowo Subianto
, pada Minggu 5 Maret 2023. Sekretaris Jenderal
PKS
Aboe Bakar AlHabsyi menyebut, tidak ada yang salah dalam pertemuan tersebut dan tidak akan menggangu koalisi yang sudah ada.
""Tak ada yang salah dengan silaturahmi antara Pak Surya Paloh dan Pak Prabowo. Malah politik silaturahim ini perlu terus kita kembangkan, komunikasi antar anak bangsa itu sangat diperlukan,"" kata Aboe kepada wartawan, Senin (6/3/2023).
BACA JUGA:
Top 3 News: Ayah Prada Lucky Klarifikasi Pernyataannya Soal Bakar Bendera
BACA JUGA:
KPK Respons Surya Paloh soal OTT Bupati Kolaka Timur, Tegaskan Sesuai Aturan
BACA JUGA:
Anak Buahnya Ditangkap KPK, Surya Paloh Minta Fraksi NasDem di DPR Gelar RDP Bahas Terminologi OTT
Baca Juga
VIDEO: Didampingi Ketum Partai Megawati-Surya Paloh, Prabowo Tanggapi Situasi Terkini Negara
Penghormatan Terakhir Surya Paloh ke IGK Manila: Orang yang Paling Kita Sayangi, Kita Kasihi
Menuju Pemilu 2029, Surya Paloh Ajak Kader NasDem Tingkatkan Militansi
Aboe menyebut silaturahmi antar parpol tak boleh dihalangi. Ia menilai, pertemuan antara dua negarawan pasti demi kebaikan bangsa.
Advertisement
""Beliau berdua ini negarawan, PKS meyakini apa yang dibicarakan Pak Surya Paloh dan Pak Prabowo pastilah demi kebaikan bangsa dan negara,"" ujar dia.
Sebelumnya, Ketua Bidang Politik Hukum dan HAM (Polhukam) DPP PKS Almuzammil Yusuf menyebut pertemuan itu adalah hal yang terhormat, karena menghargai pilihan politik dan capres masing-masing.
""Merupakan pertemuan politik yang terhormat antara dua pimpinan Parpol yang saling menghormati dan menghargai pilihan politik dan capresnya masing-masing"" kata Almuzammil pada wartawan, Senin (6/3/2023).
Anggota Komisi I DPR RI ini menegaskan sikap Parpol sesuai Konstitusi UUD 1945 sudah menjamin hak kebebasan parpol peserta Pemilu untuk dapat mengusung dan mendukung Capresnya masing-masing.
""Kontestasi politik tidak boleh dalam situasi saling ancam dan sandera. Yakni memaksakan pilihan capresnya untuk didukung, jika tidak ikut mendukung maka diancam dengan kriminalisasi hukum"" ujar Muzammil.
Dia mengingatkan, apabila ada situasi saling ancam dan sandra yang terjadi maka jelas merupakan kemunduran Demokrasi di era reformasi. Sekaligus penghianatan terhadap amanat konstitusi UUD 45 Pasal 6A ayat 2 yang berbunyi Pasangan calon Presiden dan Wakil Presiden diusulkan oleh partai politik atau gabungan partai politik peserta pemilihan umum sebelum pelaksanaan pemilu.
""Masyarakat kita sudah sangat dewasa dengan perbedaan pilihan dan kandidat politik, termasuk perbedaan capres. Jangan sampai kedewasaan masyarakat ini tidak diikuti oleh para elitenya. Ini lucu, dunia jadi terbalik-balik"" pungkas Muzammil."
06 Mar 2023 09:23;Surya Paloh TemuiPrabowo, PKS: Saling Hormati Pilihan Capres Masing-Masing;https://www.liputan6.com/news/read/5224958/surya-paloh-temui-prabowo-pks-saling-hormati-pilihan-capres-masing-masing;"Liputan6.com, Jakarta -
Ketua Umum Partai
NasDem
Surya Paloh
menemui Ketua Umum Partai
Gerindra
Prabowo Subianto
, Minggu (5/3/2023).
Menanggapi pertemuan tersebut Ketua Bidang Politik Hukum dan HAM (Polhukam) DPP
PKS
Almuzammil Yusuf menyebut, pertemuan itu adalah hal yang terhormat, karena kedua pihak tetap menghargai pilihan politik dan capres masing-masing.
BACA JUGA:
Top 3 News: Ayah Prada Lucky Klarifikasi Pernyataannya Soal Bakar Bendera
BACA JUGA:
KPK Respons Surya Paloh soal OTT Bupati Kolaka Timur, Tegaskan Sesuai Aturan
Baca Juga
VIDEO: Didampingi Ketum Partai Megawati-Surya Paloh, Prabowo Tanggapi Situasi Terkini Negara
Penghormatan Terakhir Surya Paloh ke IGK Manila: Orang yang Paling Kita Sayangi, Kita Kasihi
Menuju Pemilu 2029, Surya Paloh Ajak Kader NasDem Tingkatkan Militansi
""Merupakan pertemuan politik yang terhormat antara dua pimpinan Parpol yang saling menghormati dan menghargai pilihan politik dan capresnya masing-masing"" kata Muzammil pada wartawan, Senin (6/3/2023).
Advertisement
Anggota Komisi I DPR RI ini menegaskan sikap Parpol sesuai Konstitusi UUD 1945 sudah menjamin hak kebebasan parpol peserta Pemilu untuk dapat mengusung dan mendukung Capresnya masing-masing.
""Kontestasi politik tidak boleh dalam situasi saling ancam dan sandra. Yakni memaksakan pilihan Capresnya untuk didukung, jika tidak ikut mendukung maka diancam dengan kriminalisasi hukum"" ujar Muzammil."
06 Mar 2023 09:06;Kata Demokrat soal Pertemuan Surya Paloh-Prabowo: Perkuat Kolaborasi Lintas Koalisi;https://www.liputan6.com/news/read/5224904/kata-demokrat-soal-pertemuan-surya-paloh-prabowo-perkuat-kolaborasi-lintas-koalisi;"Liputan6.com, Jakarta -
Ketua Umum Partai
NasDem
Surya Paloh
berkunjung ke kediaman Ketua Umum Partai
Gerindra
Prabowo Subianto
pada Minggu (5/3) di Hambalang, Bogor, Jawa Barat.
Menanggapi pertemuan tersebut, Koordinator Juru Bicara DPP Partai
Demokrat
Herzaky Mahendra Putra menilai pertemuan antara kedua ketua umun parpol itu memerkuat kolaborasi lintas koalisi.
BACA JUGA:
Sekjen Demokrat Luruskan Isu Siapkan AHY di Pilpres 2029: Fokus Kami Dukung Pemerintahan Prabowo
BACA JUGA:
Soal Percaturan, Ibas: Satu Langkah Sejuta Strategi
BACA JUGA:
Ibas Demokrat Nilai Co-Firing Biomassa Jadi Solusi Energi Bersih dan Ekonomi Baru
Baca Juga
AHY Sampaikan Dukungan Demokrat untuk Prabowo Redakan Situasi Nasional
Demokrat Setuju Tunjangan DPR Dibatalkan, Ibas: Kami Siap Dikritisi dan Dievaluasi
Trump Turunkan Ribuan Tentara Garda Nasional dengan Senjata Api di Wilayah Kekuasaan Demokrat, Ada Apa?
""Koalisi Perubahan memang berupaya membangun kembali budaya kolaborasi antar-kekuatan bangsa. Meskipun berbeda pandangan dalam cara membangun bangsa ini ke depannya, berbeda pilihan koalisi dan capres, tetapi tetap jalin komunikasi dan silaturahim. Apalagi sesama parpol di parlemen,"" kata Herzaky kepada wartawan, dikutip Senin (6/3).
Advertisement
Dia menyebut, soliditas partai-partai politik di parlemen harus diperkuat dalam menghadapi kekuatan di balik layar yang berupaya menunda pemilu. Menurutnya, baik berupaya mengubah sistem proporsional terbuka menjadi tertutup, sampai berupaya menunda pemilu.
""Kami meyakini, bakal capres dari bakal koalisi lain banyak yang petarung juga. Siap berlaga dalam kontestasi yang jujur dan adil menghadapi bacapres dari Koalisi Perubahan, Mas Anies Baswedan. Tentu mereka-mereka ini tidak akan ikut-ikut tergoda, mengembalikan negeri ini ke masa kegelapan demokrasi seperti di Orde Baru. Berupaya menunda pemilu 2024, atau pun malah mengembalikan ke pemilihan presiden melalui MPR,"" tegas Herzaky."
06 Mar 2023 06:30;Fakta Terkait PertemuanPrabowoSubianto dan Surya Paloh, Sepakat Beda Jalur di Pemilu 2024;https://www.liputan6.com/news/read/5224731/5-fakta-terkait-pertemuan-prabowo-subianto-dan-surya-paloh-sepakat-beda-jalur-di-pemilu-2024;"Liputan6.com, Jakarta -
Ketua Umum Partai NasDem Surya Paloh mengunjungi kediaman Ketua Umum Partai Gerindra
Prabowo Subianto
pada Minggu 5 Maret 2023 di Padepokan Garuda Yaksa, Hambalang, Bogor, Jawa Barat.
Surya Paloh
berdasarkan pantuan
Liputan6.com
di lokasi, tiba bersama rombongan sekitar pukul 11.24 WIB. Paloh dan rombongan langsung disambut dengan drum band.
BACA JUGA:
Reshuffle Kabinet Prabowo, Ini Profil Menkeu Purbaya Yudhi Sadewa Pengganti Sri Mulyani
BACA JUGA:
Reshuffle Kabinet Merah Putih, IHSG Berbalik Arah Memerah Jelang Penutupan
BACA JUGA:
Daftar Nama Menteri yang Disebut Kena Reshuffle Kabinet, Ini Penjelasan Mensesneg
BACA JUGA:
Prabowo Reshuffle Kabinet di 3 Kementerian Sektor Ekonomi, Ini Daftarnya
BACA JUGA:
Prabowo Berencana Bangun Supermarket Produk Koperasi untuk Bantu Petani
BACA JUGA:
Prabowo: Ada Pihak-pihak Ingin Turunkan Kepercayaan Rakyat pada Pemerintah
Baca Juga
Reshuffle Kabinet, Ini Profil Menteri P2MI Mukhtarudin yang Dilantik Prabowo Hari Ini
Dito Ariotedjo Kena Reshuffle, Presiden Prabowo Belum Lantik Menpora Baru
Profil Ferry Juliantono, Dilantik Prabowo jadi Menteri Koperasi Gantikan Budi Arie Setiadi
Prabowo mengatakan, membahas Pemilihan Umum atau
Pemilu 2024
saat bertemu dengan Ketua Umum NasDem Surya Paloh.
Advertisement
""Saya berbicara cukup luas, cukup mendalam, kita dapat suatu kesimpulan tertentu, kita sepakat untuk saling menghormati keputusan politik masing-masing, kita sepakat bahwa kita ingin suasana bangsa dan negara selalu dalam keadaan damai, dalam keadaan rukun, dalam keadaan bersatu, bahwa persaingan, rivalitas itu perlu,"" kata Prabowo.
Kemudian Prabowo menegaskan, baik Partai Gerindra maupun NasDem akan saling menghormati putusan masing-masing partai di
Pemilu
2024.
""Kita sudah sepakat kita akan menghormati keputusan politik masing-masing, kita masing-masing akan menghormati apapun keputusan politik Pak Surya dengan NasDem, sebagai sahabat apapun kita hormati keputusan politik,"" ungkap Prabowo.
Senada, Paloh juga mengaku dirinya sepakat untuk menjaga agar stabilitas pada Pemilu 2024 tetap terjaga. Serta menjaga keamanan dan kerukunan, agar pesta demokrasi yang akan datang tak seperti Pemilu sebelumnya.
""Belajar dari pengalaman masa lalu banyak kesedihan, banyak kepahitan yang kita petik nah semakin bisa kita mengambil referensi pengalaman yang kita persiapkan sedemikian rupa untuk menghadapi pemilu 2024 kami menjadi garda terdepan untuk menjaga suasana pemilu yang lebih stabil yang lebih tenang,"" kata Paloh.
Berikut sederet fakta terkait Ketua Umum Partai NasDem Surya Paloh mengunjungi kediaman Ketua Umum Partai Gerindra Prabowo Subianto pada hari ini, Minggu 5 Maret 2023 di Padepokan Garuda Yaksa, Hambalang, Bogor, Jawa Barat dihimpun
Liputan6.com
:"
06 Mar 2023 06:04;Dukungan Surya Paloh pada Anies Masih Tentatif, Bisa Dialihkan ke Capres Lain TermasukPrabowo;https://www.liputan6.com/news/read/5224866/pengamat-dukungan-surya-paloh-pada-anies-masih-tentatif-bisa-dialihkan-ke-capres-lain-termasuk-prabowo;"Liputan6.com, Jakarta -
Kehadiran Ketua Umum Partai Nasdem
Surya Paloh
di kediaman
Prabowo Subianto
di Padepokan Garuda Yaksa, Hambalang, Kabupaten Bogor, Jawa Barat pada Minggu (5/3) menarik perhatian publik. Di tengah perbedaan pilihan, kedua ketua umum parpol ini melakukan pertemuan hampir dua jam lebih.
Analis Politik dan Direktur IndoStrategi Research and Consulting Arif Nurul Imam menilai, pertemuan tersebut menarik untuk dicermati lebih dalam lagi.
BACA JUGA:
Top 3 News: Ayah Prada Lucky Klarifikasi Pernyataannya Soal Bakar Bendera
BACA JUGA:
KPK Respons Surya Paloh soal OTT Bupati Kolaka Timur, Tegaskan Sesuai Aturan
Baca Juga
VIDEO: Didampingi Ketum Partai Megawati-Surya Paloh, Prabowo Tanggapi Situasi Terkini Negara
Penghormatan Terakhir Surya Paloh ke IGK Manila: Orang yang Paling Kita Sayangi, Kita Kasihi
Menuju Pemilu 2029, Surya Paloh Ajak Kader NasDem Tingkatkan Militansi
""Pertemuan ini menarik di cermati di tengah
NasDem
yang menyatakan mengusung
Anies Baswedan
dalam pilpres, sementara kita tahu Prabowo merupakan bakal capres Partai
Gerindra
dan PKB,"" kata dia, kepada wartawan Minggu (5/3). Menurut Arif, selain membahas soal politik kebangsaan pertemuan tersebut merupakan bentuk apresiasi Surya Paloh terhadap Prabowo Subianto.
Advertisement
""Kehadiran Surya Paloh bisa pula kita baca sebagai bentuk apresiasi pada Prabowo yang terus disebut oleh Presiden Jokowi,"" ujarnya.
Arif mengatakan bukan tidak mungkin membuka peluang Surya Paloh mengalihkan dukungan bakal calon presiden (bacapres) di tengah isu reshuffle kabinet yang mengancam menteri yang berasal dari Nasdem. Sebab, Surya Paloh terus menggelar pertemuan dengan para petinggi parpol.
""Dukungan Surya Paloh pada Anies bisa jadi masih tentatif, tidak menutup kemungkinan kemudian mengalihkan dukungan pada bakal capres lain, termasuk Prabowo,"" imbuh Arif."
06 Mar 2023 01:17;Surya Paloh SemangatiPrabowoSubianto yang Jadi Capres;https://www.liputan6.com/news/read/5224833/surya-paloh-semangati-prabowo-subianto-yang-jadi-capres;"Liputan6.com, Jakarta -
Ketua Umum Partai Nasdem
Surya Paloh
memberikan semangat kepada Ketua Umum Partai Gerindra
Prabowo Subianto
, yang kembali menyatakan maju sebagai calon presiden (capres) di Pilpres 2024.
Hal itu Surya Paloh utarakan, usai melakukan pertemuan dengan Prabowo di Hambalang, Bogor, Jawa Barat pada Minggu (5/3/2023).
Baca Juga
NasDem Pasang Target Masuk 3 Besar di Pemilu 2029, Konsolidasi jadi Fokus Utama
Pentingnya Layanan Pendidikan Tambahan Selain Sekolah, Mengingat Ketatnya Seleksi Masuk Perguruan Tinggi
Kinerja PPP di Pemilu 2024 Harus Dievaluasi, Bukan Saling Menyalahkan
Surya Paloh mengaku, sebagai sahabat lama Prabowo saat ini hanya bisa memberikan semangat kepada Menteri Pertahanan (Menhan) yang akan bertarung lagi sebagai capres di pesta demokrasi 2024 mendatang.
Advertisement
""Sekarang Mas Prabowo capres dari posisi Gerindra apa yang bisa dilakukan Nasdem, bersikaplah untuk betul-betul mampu memberikan spirit semangat untuk Mas Prabowo sebagai satu sumbangsih persahabatan, menang kalah itu nanti urusan kedua,"" kata Surya Paloh.
Meskipun, adanya perbedaan dukungan antara Nasdem dan Gerindra, Surya Paloh berharap kedua partai politik ini dapat menerima pilihan masing-masing sebagai pertemanan.
""Jadi kedua capres, paling tidak upaya yang saya ingin maksudkan, upaya untuk saling menerima sebagai pertemanan, yang hubungannya tidak terlalu jauh satu sama lain. Batas ini saja pun bisa tercapai, ini sudah satu hal maksimal, sudah mantap menurut saya. Supaya tidak ada salah pemahaman, pengertian, karena kita ingin membawa besar bagi perjalanan kehidupan kebangsaan kita,"" ujar Surya Paloh.
Prabowo Subianto menilai bahwa perbedaan tidak menjadi halangan untuk tetap bersahabat dan menjaga suasana di tahun politik yang damai.
""Tadi pembicaraan sangat cair, setelah kita makan siang, kita minum kopi dan saya berbicara cukup luas, mendalam. Kita dapat suatu kesimpulan tertentu, kita sepakat saling menghormati keputusan politik masing-masing,"" kata Prabowo.
""Kita sepakat bahwa kita ingin suasana bangsa dan negara selalu dalam keadaan damai, rukun, dan bersatu,"" lanjutnya.
Dia pun menjelaskan bahwa keduanya bersahabat dan memiliki nilai yang sama yaitu menjaga perdamaian. Prabowo juga berharap pelaksaan Pemilu 2024 akan berlangsung konstruktif, jujur dan adil.
""Kesimpulannya adalah kita bersahabat, kita bekerja sama dalam arti kita punya nilai-nilai yang sama, kita bertekad untuk menjaga suasana yang damai, sejuk dan rukun,"" imbuhnya."
05 Mar 2023 22:41;Prabowo-Paloh Hormati Capres Masing-Masing, PKS: Kontestasi Tak Boleh Saling Ancam;https://www.liputan6.com/news/read/5224786/prabowo-paloh-hormati-capres-masing-masing-pks-kontestasi-tak-boleh-saling-ancam;"Liputan6.com, Jakarta -
Ketua Bidang Politik Hukum dan HAM (Polhukam) DPP Partai Keadilan Sejahtera (
PKS
) Almuzammil Yusuf menilai, pertemuan antara Ketua Umum Gerindra
Prabowo Subianto
dan Ketua Umum Nasdem
Surya Paloh
sebagai pertemuan yang terhormat. Karena, menghargai pilihan politik dan capres masing-masing.
""Merupakan pertemuan politik yang terhormat antara dua pimpinan parpol yang saling menghormati dan menghargai pilihan politik dan capresnya masing-masing,"" kata Almuzzammil Yusuf, kepada wartawan, Minggu (5/3/2023).
BACA JUGA:
Reshuffle Kabinet Prabowo, Ini Profil Menkeu Purbaya Yudhi Sadewa Pengganti Sri Mulyani
BACA JUGA:
Reshuffle Kabinet Merah Putih, IHSG Berbalik Arah Memerah Jelang Penutupan
BACA JUGA:
Daftar Nama Menteri yang Disebut Kena Reshuffle Kabinet, Ini Penjelasan Mensesneg
Baca Juga
Reshuffle Kabinet, Ini Profil Menteri P2MI Mukhtarudin yang Dilantik Prabowo Hari Ini
Dito Ariotedjo Kena Reshuffle, Presiden Prabowo Belum Lantik Menpora Baru
Profil Ferry Juliantono, Dilantik Prabowo jadi Menteri Koperasi Gantikan Budi Arie Setiadi
Dia menjelaskan, terkait sikap parpol karena memang konstitusi UUD 1945 sudah menjamin hak kebebasan parpol peserta Pemilu untuk dapat mengusung dan mendukung capresnya masing-masing.
Advertisement
""Kontestasi politik tidak boleh dalam situasi saling ancam dan sandera. Yakni memaksakan pilihan capresnya untuk didukung, jika tidak ikut mendukung maka diancam dengan kriminalisasi hukum,"" ujar dia.
Muzammil mengingatkan, kalau situasi saling ancam dan sandera yang terjadi maka jelas merupakan kemunduran demokrasi di era reformasi. Sekaligus penghianatan terhadap amanat Konstitusi UUD 1945 Pasal 6A ayat 2 yang berbunyi Pasangan calon Presiden dan Wakil Presiden diusulkan oleh partai politik atau gabungan partai politik peserta pemilihan umum sebelum pelaksanaan pemilu.
""Masyarakat kita sudah sangat dewasa dengan perbedaan pilihan dan kandidat politik, termasuk perbedaan Capres. Jangan sampai kedewasaan masyarakat ini tidak diikuti oleh para elitnya. Ini lucu, Dunia jadi terbalik-balik,"" imbuhnya.
Sebagai informasi, Ketua Umum Partai Nasdem Surya Paloh berkunjung ke kediaman Ketua Umum Partai Gerindra Prabowo Subianto di Hambalang, Bogor, Jawa Barat pada Minggu (5/3/2023).
Pertemuan yang berlangsung hampir dua jam tersebut disepakati bahwa kedua ketua umum parpol menghormati untuk pilihan dari masing-masing partai pada Pemilu 2024."
05 Mar 2023 22:00;Tak Persoalkan Nasdem Usung Anies,Prabowo: Kita Hadapi, Rakyat yang Akan Memilih;https://www.liputan6.com/pemilu/read/5224760/tak-persoalkan-nasdem-usung-anies-prabowo-kita-hadapi-rakyat-yang-akan-memilih;"Liputan6.com, Jakarta
Ketua Umum Partai Gerindra
Prabowo Subianto
menghormati keputusan
Partai Nasdem
yang berkoalisi dengan Partai Demokrat dan PKS pada Pilpres 2024.
""Soal koalisi, soal capres-cawapres kita sudah sepakat menghormati keputusan politik masing-masing,"" kata Prabowo usai menerima kunjungan Ketua Umum Partai Nasdem Surya Paloh di Padepokan Garuda Yaksa, Hambalang, Bogor, Jawa Barat, Minggu (5/3/2023).
BACA JUGA:
Reshuffle Kabinet Prabowo, Ini Profil Menkeu Purbaya Yudhi Sadewa Pengganti Sri Mulyani
BACA JUGA:
Reshuffle Kabinet Merah Putih, IHSG Berbalik Arah Memerah Jelang Penutupan
Baca Juga
Reshuffle Kabinet, Ini Profil Menteri P2MI Mukhtarudin yang Dilantik Prabowo Hari Ini
Dito Ariotedjo Kena Reshuffle, Presiden Prabowo Belum Lantik Menpora Baru
Profil Ferry Juliantono, Dilantik Prabowo jadi Menteri Koperasi Gantikan Budi Arie Setiadi
Prabowo juga tidak mempermasalahkan Nasdem telah mengusung
Anies Baswedan
sebagai calon presiden.
Advertisement
""Anies sudah jadi keputusan politik Nasdem dan kawan-kawan, ya kita hormati. Ya sudah kita hadapi, rakyat yang pilih, rakyat yang akan pilih,"" tegas dia.
Dalam menghadapi Pilpres, Nasdem sebelumnya telah mendeklarasikan mantan Gubernur DKI Jakarta Anies Baswedan sebagai calon presiden 2024. Kemudian disusul PKS dan Demokrat.
Di sisi lain, Gerindra mengusung kembali Prabowo sebagai capres di Pilpres 2024. Gerindra juga telah menjalin koalisi dengan PKB.
Kedua partai tersebut telah mendirikan sekretariat bersama untuk menghadapi Pilpres 2024. Namun, Gerindra dan PKB belum resmi menetapkan cawapres untuk pendamping capres yang akan diusung.
Prabowo menambahkan, pertemuan dengan Ketua Umum Partai Nasdem Surya Paloh tidak membahas koalisi. Dia mengatakan kunjungan Surya Paloh adalah pertemuan persahabatan yang sama-sama sebagai sesama pendiri partai dan warga negara yang ingin berbakti kepada Tanah Air.
""Jadi ini sebetulnya pertemuan bersahabat. Dan kebetulan hari ini kita berkecimpung di bidang politik. Kita terpanggil sebagai warga negara, sebagai patriot ingin berbakti kepada negara dan bangsa,"" kata Prabowo."
05 Mar 2023 21:26;PrabowoSebut Penundaan Pemilu 2024 Tak Masuk Akal, Surya Paloh Sepakat;https://www.liputan6.com/news/read/5224746/prabowo-sebut-penundaan-pemilu-2024-tak-masuk-akal-surya-paloh-sepakat;"Liputan6.com, Jakarta -
Ketua Umum Partai Gerindra
Prabowo Subianto
dan Ketua Umum Partai Nasdem
Surya Paloh
menilai, penundaan Pemilu 2024 kurang arif dan tidak masuk akal. Hal itu disampaikan keduanya usai bertemu di Hambalang, Bogor, Jawa Barat pada Minggu (5/3/2023).
Diketahui, Pengadilan Negeri (PN) Jakarta Pusat (Jakpus) yang mengabulkan gugatan Partai Prima terhadap KPU. Sehingga, KPU dihukum untuk tidak melaksanakan sisa tahapan Pemilu 2024 dan melaksanakan tahapan pemilu dari awal.
BACA JUGA:
Reshuffle Kabinet Prabowo, Ini Profil Menkeu Purbaya Yudhi Sadewa Pengganti Sri Mulyani
BACA JUGA:
Reshuffle Kabinet Merah Putih, IHSG Berbalik Arah Memerah Jelang Penutupan
BACA JUGA:
Daftar Nama Menteri yang Disebut Kena Reshuffle Kabinet, Ini Penjelasan Mensesneg
Baca Juga
Reshuffle Kabinet, Ini Profil Menteri P2MI Mukhtarudin yang Dilantik Prabowo Hari Ini
Dito Ariotedjo Kena Reshuffle, Presiden Prabowo Belum Lantik Menpora Baru
Profil Ferry Juliantono, Dilantik Prabowo jadi Menteri Koperasi Gantikan Budi Arie Setiadi
Prabowo mengatakan sudah banyak tokoh yang memberikan tanggapan termasuk Menko Polhukam Mahfud Md. Menurutnya, putusan PN Jakpus ini masih dapat dikoreksi oleh pengadilan di tingkat atasnya.
Advertisement
""Soal penundaan
pemilu
, saya kira sudah banyak yang komentar, ya. Pak Menko Polhukam juga memberi tanggapan. Ya, itu pengadilan negeri masih ada di atasnya Pengadilan Tinggi, dan sebagainya,"" kata Prabowo.
Bahkan, dia menilai tak masuk akal bila pelaksanaan
Pemilu 2024
mesti ditunda. Prabowo pun meminta pandangan dari Surya Paloh.
""Saya kira sangat kurang arif atau tidak masuk akal bila ditunda-tunda terus. Bagaimana, Pak (Paloh)?"" kata Prabowo.
""Namanya usaha ya,"" sambung Prabowo.
Paloh kemudian memberikan jawaban soal putusan terkait penundaan pemilu. Paloh mengaku memiliki pandangan yang sama dengan Prabowo.
""Saya pikir jawabannya sama seperti Mas Bowo. (Enggak ada bedanya?) Apa bedanya? Titik dua sama dengan idem itu,"" kata Paloh."
05 Mar 2023 20:53;PrabowoSubianto Siap Hadapi Anies Baswedan di Pilpres 2024;https://www.liputan6.com/news/read/5224725/prabowo-subianto-siap-hadapi-anies-baswedan-di-pilpres-2024;"Liputan6.com, Jakarta
Ketua Umum Partai Gerindra
Prabowo Subianto
, mengaku siap menghadapi bakal calon presiden (bacapres) Partai NasDem
Anies Baswedan
di Pilpres 2024.
Hal itu diungkapkannya saat Prabowo ditanya soal kemungkinan peluang jika diduetkan dengan Anies Baswedan di
Pilpres 2024
. Sebab Prabowo dan Surya Paloh baru saja menggelar pertemuan di Hambalang, Bogor, Jawa Barat, pada Minggu (5/3/2023).
BACA JUGA:
Reshuffle Kabinet Prabowo, Ini Profil Menkeu Purbaya Yudhi Sadewa Pengganti Sri Mulyani
BACA JUGA:
Reshuffle Kabinet Merah Putih, IHSG Berbalik Arah Memerah Jelang Penutupan
BACA JUGA:
Daftar Nama Menteri yang Disebut Kena Reshuffle Kabinet, Ini Penjelasan Mensesneg
Baca Juga
Reshuffle Kabinet, Ini Profil Menteri P2MI Mukhtarudin yang Dilantik Prabowo Hari Ini
Dito Ariotedjo Kena Reshuffle, Presiden Prabowo Belum Lantik Menpora Baru
Profil Ferry Juliantono, Dilantik Prabowo jadi Menteri Koperasi Gantikan Budi Arie Setiadi
Prabowo mengaku, menghormati keputusan Partai NasDem atas pengusungan Anies Baswedan sebagai capres di
Pemilu 2024
.
Advertisement
""Kita sepakat. Kita akan menghormati keputusan politik masing-masing dan kita bertekad melakukan komunikasi yang lebih intensif,"" kata Prabowo.
Kendati demikian, jika antara Partai Gerindra dan Partai NasDem tak menemukan titik temu pada pengusungan sosok di Pilpres 2024, maka Prabowo akan siap untuk menghadapinya.
""Kalaupun Anies sudah jadi keputusan politik NasDem, kita hormati, hadapi. Rakyat yang pilih,"" tegasnya.
Sebagai informasi, Surya Paloh beserta jajaran elite Partai NasDem berkunjung ke kediaman Prabowo Subianto di Hambalang, Bogor, Jawa Barat pada Minggu (5/3/2023)."
05 Mar 2023 17:42;Kriteria Cawapres IdamanPrabowo: Harus Figur Berakhlak dan Berbakti ke Rakyat;https://www.liputan6.com/news/read/5224657/kriteria-cawapres-idaman-prabowo-harus-figur-berakhlak-dan-berbakti-ke-rakyat;"Liputan6.com, Jakarta
Ketua Umum Partai Gerindra
Prabowo Subianto
menyampaikan kriteria bakal calon wakil presiden (cawapres) idamannya untuk mendampingi di
Pemilu 2024
.
Menurut dia, kriteria pertama, sosok bakal cawapres harus seorang warga negara Indonesia yang komitmen terhadap Pancasila.
BACA JUGA:
Reshuffle Kabinet Prabowo, Ini Profil Menkeu Purbaya Yudhi Sadewa Pengganti Sri Mulyani
BACA JUGA:
Reshuffle Kabinet Merah Putih, IHSG Berbalik Arah Memerah Jelang Penutupan
Baca Juga
Reshuffle Kabinet, Ini Profil Menteri P2MI Mukhtarudin yang Dilantik Prabowo Hari Ini
Dito Ariotedjo Kena Reshuffle, Presiden Prabowo Belum Lantik Menpora Baru
Profil Ferry Juliantono, Dilantik Prabowo jadi Menteri Koperasi Gantikan Budi Arie Setiadi
""Harus warga negara yang commit Pancasila, itu enggak bisa ditawar, Undang-Undang Dasar, Bhineka Tunggal Ika, NKRI,"" kata Prabowo di Pendopo Garuda Yaksa, Hambalang, Bogor, Minggu (5/3/2023).
Advertisement
Kedua, lanjut dia, figur bakal cawapres yang diinginkan Prabowo harus figur yang memiliki kapabilitas dan kemampuan serta akhlak.
""Tentunya harus
capable
, punya kemampuan, harus punya kearifan, semangat negarawan, akhlak, enggak punya minat cari keuntungan pribadi atau keluarga atau kelompok,"" ucap Prabowo.
Kriteria terpenting, sambung dia, harus benar-benar berbakti kepada rakyat dan bangsa tanpa ada mencari keuntungan pribadi.
""Benar-benar ingin berbakti kepada rakyat dan bangsa, saya kira ini kuncinya,"" kata Prabowo.
Sebelumnya, Ketua Umum Gerindra Prabowo Subianto bertemu dengan Ketua Umum NasDem Surya Paloh di kediamannya, Hambalang, Bogor, Jawa Barat, Minggu (5/3/2023). Keduanya membahas soal Pemilu 2024.
""Saya berbicara cukup luas, cukup mendalam, kita dapat suatu kesimpulan tertentu, kita sepakat untuk saling menghormati keputusan politik masing-masing, kita sepakat bahwa kita ingin suasana bangsa dan negara selalu dalam keadaan damai, dalam keadaan rukun, dalam keadaan bersatu, bahwa persaingan, rivalitas itu perlu,"" kata Prabowo."
05 Mar 2023 16:35;PrabowoSaat Ditanya soal Peluang Anies-Sandiaga di Pemilu 2024: Saya Calon Presidennya;https://www.liputan6.com/pemilu/read/5224629/prabowo-saat-ditanya-soal-peluang-anies-sandiaga-di-pemilu-2024-saya-calon-presidennya;"Liputan6.com, Jakarta
Ketua Umum Partai Gerindra
Prabowo Subianto
angkat bicara soal peluang kadernya
Sandiaga Uno
yang akan berpasangan dengan Anies Baswedan di
Pemilu 2024
.
""Saya kira Mas Sandi, saya kira Sandi sudah menjawab berkali-kali di semua forum bahwa dia patuh dan akan taati keputusan partai,"" kata dia, saat konferensi pers usai bertemu Surya Paloh, di Hambalang, Bogor, Minggu (5/3/2023).
BACA JUGA:
Reshuffle Kabinet Prabowo, Ini Profil Menkeu Purbaya Yudhi Sadewa Pengganti Sri Mulyani
BACA JUGA:
Reshuffle Kabinet Merah Putih, IHSG Berbalik Arah Memerah Jelang Penutupan
Baca Juga
Reshuffle Kabinet, Ini Profil Menteri P2MI Mukhtarudin yang Dilantik Prabowo Hari Ini
Dito Ariotedjo Kena Reshuffle, Presiden Prabowo Belum Lantik Menpora Baru
Profil Ferry Juliantono, Dilantik Prabowo jadi Menteri Koperasi Gantikan Budi Arie Setiadi
""Keputusan partai sudah jelas saya calon presidennya,"" tegas Menteri Pertahanan itu.
Advertisement
Prabowo
pun memastikan, selama Sandiaga masih menjadi kader Partai Gerindra maka S akan patuh terhadap garis partai.
""Selama dia (Sandi) masih di partai, saya kira akan patuh sama garis partai,"" ujarnya.
Sebelumnya, Rabu (22/2/2023), Juru Bicara Partai Keadilan Sejahtera (PKS) Muhammad Iqbal menyatakan sosok Sandiaga Uno berpeluang untuk dipasangkan dengan Anies di Pilpres 2024.
""Saat ini, PKS belum menentukan cawapres, artinya Sandi masih berpeluang untuk bisa diusung PKS. Siapa saja berpeluang, termasuk Sandi, apalagi punya survei yang tinggi dan pernah menang bersama Anies,"" katanya di Jakarta.
Hal itu disampaikan Iqbal menanggapi hasil survei Voxpol Center Research and Consulting, dimana pasangan Anies Baswedan dan Sandiaga Uno berpotensi diduetkan untuk Pemilu 2024.
""Saya kira Mas Sandi ini adalah orang yang sangat dekat dengan PKS, karena pernah diusung dan ini adalah pasangan yang pernah menang, artinya kami menyambut baik survei Mas Sandi yang tinggi,"" ucapnya menegaskan."
05 Mar 2023 16:15;Meski Berbeda Jalur,Prabowodan Surya Paloh Meyakini Pemilu 2024 Akan Kondusif;https://www.liputan6.com/news/read/5224617/meski-berbeda-jalur-prabowo-dan-surya-paloh-meyakini-pemilu-2024-akan-kondusif;"Liputan6.com, Jakarta
Ketua Umum Partai Gerindra
Prabowo Subianto
menerima kunjungan Ketua Umum Partai NasDem
Surya Paloh
di Padepokan Garuda Yaksa, Hambalang, Bogor, Minggu (5/3/2023) siang.
Pertemuan kurang lebih dua jam itu sepakat untuk menjaga dinamika politik yang terus meningkat, sehingga diharapkan kondisi politik di Indonesia dapat tetap stabil dan kondusif.
Baca Juga
NasDem Pasang Target Masuk 3 Besar di Pemilu 2029, Konsolidasi jadi Fokus Utama
Pentingnya Layanan Pendidikan Tambahan Selain Sekolah, Mengingat Ketatnya Seleksi Masuk Perguruan Tinggi
Kinerja PPP di Pemilu 2024 Harus Dievaluasi, Bukan Saling Menyalahkan
""Dari kesimpulan pertemuan ini sepakat untuk saling menghormati keputusan politik masing-masing. Kita sepakat situasi negara dalam keadaan damai, rukun dan bersatu,"" ujar Prabowo saat konferensi pers di Hambalang Bogor.
Advertisement
Dia juga mengajak semua pihak untuk tidak takut berlebihan terhadap oposisi. Menurutnya, persaingan dalam kontestasi politik itu sangat diperlukan di setiap negara berdemokrasi.
""Jadi pemilu mendatang kita lakukan gerakan pemilu yang damai, konstruktif, dan pemilu lebih berkualitas serta jujur dan adil,"" kata Menteri Pertahanan itu.
Prabowo menambahkan komunikasi politik yang lebih intensif seperti sekarang ini menjadi poin penting dalam menjaga kondusifitas menjelang
Pemilu 2024
.
""Pak Surya jauh-jauh dari Jakarta artinya kan ada niat, bukan basa-basi. Kira-kira begitu,"" ucapnya.
Sementara itu, Surya Paloh mengaku dalam pertemuan hangat ini keduanya saling bertukar pikiran membahas perkembangan politik saat ini.
""Untuk apa?, bukan hanya memberikan benefit buat kami berdua, atau buat partai politik, tapi ada kepentingan yang lebih besar,"" kata dia.
Kepentingan yang dimaksud yakni menjaga semangat kebangsaan, meningkatkan rasa nasionalisme dan membangun kesadaran publik untuk saling menghargai perbedaan serta membangun kedewasaan dalam berpolitik.
""Tidak kalah pentingnya hubungan komunikasi kami perankan untuk memberikan kontribusi pikiran-pikiran kami berdua kepada masyarakat,"" kata Surya."
05 Mar 2023 15:44;Prabowodan Surya Paloh Sepakat Beda Jalur di Pemilu 2024;https://www.liputan6.com/news/read/5224600/prabowo-dan-surya-paloh-sepakat-beda-jalur-di-pemilu-2024;"Liputan6.com, Jakarta
Ketua Umum Gerindra
Prabowo Subianto
mengatakan, membahas Pemilu 2024 saat bertemu dengan Ketua Umum NasDem
Surya Paloh
di kediamannya, Hambalang, Bogor, Jawa Barat, Minggu (5/3/2023).
""Saya berbicara cukup luas, cukup mendalam, kita dapat suatu kesimpulan tertentu, kita sepakat untuk saling menghormati keputusan politik masing-masing, kita sepakat bahwa kita ingin suasana bangsa dan negara selalu dalam keadaan damai, dalam keadaan rukun, dalam keadaan bersatu, bahwa persaingan, rivalitas itu perlu,"" kata Prabowo.
BACA JUGA:
Reshuffle Kabinet Prabowo, Ini Profil Menkeu Purbaya Yudhi Sadewa Pengganti Sri Mulyani
BACA JUGA:
Reshuffle Kabinet Merah Putih, IHSG Berbalik Arah Memerah Jelang Penutupan
Baca Juga
Reshuffle Kabinet, Ini Profil Menteri P2MI Mukhtarudin yang Dilantik Prabowo Hari Ini
Dito Ariotedjo Kena Reshuffle, Presiden Prabowo Belum Lantik Menpora Baru
Profil Ferry Juliantono, Dilantik Prabowo jadi Menteri Koperasi Gantikan Budi Arie Setiadi
Dia pun menegaskan, baik Gerindra maupun NasDem akan saling menghormati putusan masing-masing partai di
Pemilu 2024
.
Advertisement
""Kita sudah sepakat kita akan menghormati keputusan politik masing-masing, kita masing-masing akan menghormati apapun keputusan politik Pak Surya dengan NasDem, sebagai sahabat apapun kita hormati keputusan politik,"" ungkap Prabowo.
""Mereka pun akan hormati keputusan politik kami, jadi koalisi itu bagian dari keputusan politik, jalan yang dipilih oleh masing-masing,"" sambungnya.
Hal senada juga disampaikan oleh Surya Paloh, dia sepakat untuk menjaga agar stabilitas pada Pemilu 2024 tetap terjaga. Serta menjaga keamanan dan kerukunan, agar pesta demokrasi yang akan datang tak seperti Pemilu sebelumnya.
""Belajar dari pengalaman masa lalu banyak kesedihan, banyak kepahitan yang kita petik nah semakin bisa kita mengambil referensi pengalaman yang kita persiapkan sedemikian rupa untuk menghadapi pemilu 2024 kami menjadi garda terdepan untuk menjaga suasana pemilu yang lebih stabil yang lebih tenang,"" kata Paloh."
05 Mar 2023 14:37;Surya Paloh Akan Bahas soal Pemilu denganPrabowo, PKS: Santai Saja;https://www.liputan6.com/pemilu/read/5224549/surya-paloh-akan-bahas-soal-pemilu-dengan-prabowo-pks-santai-saja;"Liputan6.com, Jakarta
Ketua Umum Partai NasDem
Surya Paloh
berkunjung ke kediaman Ketua Umum Partai Gerindra
Prabowo Subianto
, di Hambalang, Bogor, Jawa Barat, Minggu (5/3/2023).
Rombongan Surya Paloh tiba di kediaman Prabowo sekitar pukul 11.24 WIB.
BACA JUGA:
Top 3 News: Ayah Prada Lucky Klarifikasi Pernyataannya Soal Bakar Bendera
BACA JUGA:
KPK Respons Surya Paloh soal OTT Bupati Kolaka Timur, Tegaskan Sesuai Aturan
Baca Juga
VIDEO: Didampingi Ketum Partai Megawati-Surya Paloh, Prabowo Tanggapi Situasi Terkini Negara
Penghormatan Terakhir Surya Paloh ke IGK Manila: Orang yang Paling Kita Sayangi, Kita Kasihi
Menuju Pemilu 2029, Surya Paloh Ajak Kader NasDem Tingkatkan Militansi
Disebut, bahwa salah satunya akan membahas
Pemilu
2024. Namun, tak dijelaskan lebih jauh membahas koalisi atau bukan.
Advertisement
Menanggapi kunjungan tersebut, Juru Bicara Partai Keadilan Sejahtera (PKS) Ahmad Mabruri menilai pertemuan antara Surya Paloh dengan Prabowo akan membawa dampak Indonesia lebih aman dan lebih baik.
""Mantap itu berarti. Indonesia ke depan insyaAllah akan aman dan lebih baik. Para pimpinan partainya senang silaturahim,"" kata Mabruri, saat dihubungi merdeka.com, Minggu (5/3/2023).
Dia pun menyebut, jika saling silaturahmi antar pimpinan partai politik merupakan anjuran dari PKS, terlebih di tahun jelang pemilu.
""Politik silaturahim sesuai dengan anjuran PKS,"" ujarnya.
Mabruri juga menegaskan, bahwa PKS tidak merasa khawatir dengan pertemuan Surya Paloh dengan Prabowo Subianto. Bahkan, dia berkelakar bahwa hari pertemuan kedua ketum parpol itu hari Minggu, sehingga dia menanggapi dengan santai.
""Ya santai aja. Kan ini hari Minggu lagian,"" imbuh Mabruri.
Sebelumnya, Wakil Sekretaris Jenderal NasDem, Hermawi Taslim sebelumnya mengatakan, kedatangan Surya Paloh memenuhi undangan Prabowo sekaligus kunjungan balasan beberapa waktu lalu.
“Benar, pak SP akan memenuhi undangan pak PS sekaligus sebagai kunjungan balasan beberapa waktu lalu,” kata Hermawi, Sabtu (4/3/2023).
Hermawi tidak menampik bahwa akan ada pembicaraan mengenai
Pemilu
2024 hingga isu aktual lainnya.
“Ini tetap merupakan bagian dari silahturahmi kebangsaan. Tentu juga akan dibicarakan berbagai isu aktual kebangsaan termasuk dinamika pilpres,” kata dia."
05 Mar 2023 12:05;Surya Paloh Tiba di Hambalang, Langsung TemuiPrabowoSubianto;https://www.liputan6.com/news/read/5224467/surya-paloh-tiba-di-hambalang-langsung-temui-prabowo-subianto;"Liputan6.com, Jakarta
Ketua Umum Partai NasDem
Surya Paloh
mengunjungi kediaman Ketua Umum Partai Gerindra
Prabowo Subianto
di Padepokan Garuda Yaksa,
Hambalang
, Bogor, Minggu (5/3/2023).
Surya Paloh berdasarkan pantuan
Liputan6.com
di lokasi, tiba bersama rombongan sekitar pukul 11.24 WIB. Surya dan rombongan langsung disambut dengan drum band.
BACA JUGA:
Top 3 News: Ayah Prada Lucky Klarifikasi Pernyataannya Soal Bakar Bendera
BACA JUGA:
KPK Respons Surya Paloh soal OTT Bupati Kolaka Timur, Tegaskan Sesuai Aturan
Baca Juga
VIDEO: Didampingi Ketum Partai Megawati-Surya Paloh, Prabowo Tanggapi Situasi Terkini Negara
Penghormatan Terakhir Surya Paloh ke IGK Manila: Orang yang Paling Kita Sayangi, Kita Kasihi
Menuju Pemilu 2029, Surya Paloh Ajak Kader NasDem Tingkatkan Militansi
""Iya benar sudah datang dengan menggunakan kendaraan mobil van,"" ujar Adam R, Humas Media Partai Gerindra.
Advertisement
Wakil Sekretaris Jenderal
NasDem
, Hermawi Taslim sebelumnya mengatakan, kedatangan Surya Paloh memenuhi undangan Prabowo sekaligus kunjungan balasan beberapa waktu lalu.
“Benar, pak SP akan memenuhi undangan pak PS sekaligus sebagai kunjungan balasan beberapa waktu lalu,” kata Hermawi, Sabtu (4/3/2023).
Hermawi tidak menampik bahwa akan ada pembicaraan mengenai Pilpres 2024 hingga isu aktual lainnya.
“Ini tetap merupakan bagian dari silahturahmi kebangsaan. Tentu juga akan dibicarakan berbagai isu aktual kebangsaan termasuk dinamika pilpres,” kata dia."
04 Mar 2023 18:05;Surya Paloh TemuiPrabowodi Hambalang Besok, Bahas Koalisi?;https://www.liputan6.com/news/read/5224145/surya-paloh-temui-prabowo-di-hambalang-besok-bahas-koalisi;"Liputan6.com, Jakarta -
Ketua Umum Partai
Gerindra
Prabowo Subianto
akan menerima Ketua Umun Partai
NasDem
,
Surya Paloh
, di kediaman Prabowo yakni Padepokan Garuda Yaksa, Hambalang, Jawa Barat, Minggu (5/3/2023) pukul 11.00 WIB.
Kabar tersebut dibenarkan oleh Wakil Sekretaris Jenderal NasDem, Hermawi Taslim.
BACA JUGA:
Top 3 News: Ayah Prada Lucky Klarifikasi Pernyataannya Soal Bakar Bendera
BACA JUGA:
KPK Respons Surya Paloh soal OTT Bupati Kolaka Timur, Tegaskan Sesuai Aturan
Baca Juga
VIDEO: Didampingi Ketum Partai Megawati-Surya Paloh, Prabowo Tanggapi Situasi Terkini Negara
Penghormatan Terakhir Surya Paloh ke IGK Manila: Orang yang Paling Kita Sayangi, Kita Kasihi
Menuju Pemilu 2029, Surya Paloh Ajak Kader NasDem Tingkatkan Militansi
“Benar, pak SP akan memenuhi undangan pak PS sekaligus sebagai kunjungan balasan beberapa waktu lalu,” kata Hermawi saat dikonfirmasi, Sabtu (4/3/2023).
Advertisement
Hermawi menyebut pertemuan tersebut adalah kunjungan balasan Paloh, sebab Prabowo sudah lebih dulu mengunjungi NasDem. Ia tidak menampik bahwa akan ada pembicaraan mengenai Pilpres hingga isu aktual lainnya.
“Ini tetap merupakan bagian dari silahturahmi kebangsaan. Tentu juga akan dibicarakan berbagai isu aktual kebangsaan termasuk dinamika pilpres,” kata dia."
03 Mar 2023 21:00;6 Potret Najwa Shihab Ngobrol BarengPrabowoSubianto, Ditemani Kopi Hambalang, Topiknya Rahasia;https://www.liputan6.com/showbiz/read/5223613/6-potret-najwa-shihab-ngobrol-bareng-prabowo-subianto-ditemani-kopi-hambalang-topiknya-rahasia;"Liputan6.com, Jakarta
Najwa Shihab beroleh kesempatan langka
ngopi
bareng Menteri Pertahanan RI,
Prabowo Subianto
. Menghadap meja bundar dari kayu cokelat, keduanya asyik berbincang.
Menilik sejumlah foto yang diunggah di akun Instagram terverifikasi, Kamis (2/3/2023),
Najwa Shihab
tampil rapi dengan dalaman putih polos berbalut blazer cokelat.
BACA JUGA:
Reshuffle Kabinet, Ini Profil Menteri P2MI Mukhtarudin yang Dilantik Prabowo Hari Ini
BACA JUGA:
Dito Ariotedjo Kena Reshuffle, Presiden Prabowo Belum Lantik Menpora Baru
BACA JUGA:
Profil Ferry Juliantono, Dilantik Prabowo jadi Menteri Koperasi Gantikan Budi Arie Setiadi
Prabowo
pakai kemeja
broken white
lengan pendek dengan dua saku di sisi kanan dan kiri, celana panjang warna senada yang dipadukan sepatu pantofel hitam mengilap.
Advertisement
Baca Juga
Najwa Shihab Kesal Debat dengan Anang Hermansyah soal Tuntutan Istri Harus Cantik di Rumah: Capek Banget Ya Allah
25 Tahun Najwa Shihab Berumah Tangga, Tumbuh Bareng Suami Termasuk saat Putrinya Meninggal Dunia
Alasan Najwa Shihab Jadi Pembuat Kebijakan Dalam Rumah Tangga: Kalau Suami Kepala, Istri Jadi Leher
Di atas meja tampak cangkir isi kopi yang disebut Najwa Shihab, kopi Hambalang. Laporan khas Showbiz
Liputan6.com
merangkum 6 potret Najwa Shihab bersama Prabowo."
03 Mar 2023 15:29;Survei Litbang Kompas:PrabowoSubianto Jadi Capres yang Memiliki Loyalis Tertinggi;https://www.liputan6.com/pemilu/read/5223262/survei-litbang-kompas-prabowo-subianto-jadi-capres-yang-memiliki-loyalis-tertinggi;"Liputan6.com, Jakarta -
Ketua Umum Partai Gerindra
Prabowo Subianto
memiliki potensi loyalis tertinggi sebagai calon presiden. Hal tersebut berdasarkan
survei Litbang Kompas
pada 25 Januari-4 Februari 2023.
Litbang Kompas mencatat, loyalis Prabowo paling besar dengan angka 23,5 persen.
BACA JUGA:
Survei Litbang Kompas: 57,6% Warga Jabar Nilai Kinerja Dedi Mulyadi Soal Lapangan Pekerjaan Buruk
Baca Juga
Litbang Kompas: 90% Warga Dukung Dedi Mulyadi Ngonten, Sering-Sering Kasih Bantuan Langsung ke Warga
Survei Litbang Kompas Program Dedi Mulyadi dengan Kepuasan Tinggi: Ada Barak Militer Sampai Jam Malam
Rapor Kinerja Dedi Mulyadi Disorot Warganet Versi Survei Litbang Kompas, Ini Hasil yang Masih Merah
""Prabowo Subianto memimpin dengan pemilih potensial loyalis sebesar 23,5 persen,"" kata Peneliti Litbang Kompas, Reza Felix Citra dalam keterangan tertulis, Jumat (3/3/2023).
Advertisement
Tokoh calon presiden dengan potensi loyalis kedua tertinggi adalah Gubernur Jawa Barat Ridwan Kamil. Politikus Golkar itu memiliki angka loyalis sampai 18,6 persen
""Loyalis dari Ridwan Kamil nomor dua terbesar yakni 20,1 persen,"" ungkap Felix.
Di urutan ketiga dengan loyalis terbanyak adalah Gubernur Jawa Tengah Ganjar Pranowo. Politikus PDIP ini memiliki potensi loyalis 18,6 persen.
Sementara bakal calon presiden Anies Baswedan memiliki jumlah loyalis mencapai 16,1 persen.
Survei Litbang Kompas digelar melalui wawancara tatap muka pada 25 Januari -4 Februari 2023. Jumlah responden yang diwawancarai 1.202 orang yang dipilih secara acak dengan metode pencuplikan sistematis bertingkat di 38 provinsi di Indonesia.
Survei memiliki
margin of error
kurang lebih 2,83 persen pada tingkat kepercayaan 95 persen."
02 Mar 2023 22:06;Duduk Empat Mata,Prabowodan Najwa Shihab Diskusi soal Masa Depan Negara;https://www.liputan6.com/news/read/5222597/duduk-empat-mata-prabowo-dan-najwa-shihab-diskusi-soal-masa-depan-negara;"Liputan6.com, Jakarta
Menteri Pertahanan
RI,
Prabowo Subianto
menerima kunjungan jurnalis senior,
Najwa Shihab
di Kantor Kementerian Pertahanan RI, Kamis (2/3/2023).
Keduanya berdiskusi empat mata mengenai negara dan masa depan.
BACA JUGA:
Menhan Sjafrie: Tak Pantas Bendera Tengkorak Dikibarkan di Bawah Merah Putih
Baca Juga
Menhan Sjafrie Sjamsoeddin: Presiden Prabowo Akan Selalu Bersama Rakyat
Menhan RI-Singapura Bahas Pengembangan Bersama Fasilitas Pelatihan Militer di 3 Lokasi Ini
Menhan Singapura Chan Chun Sing Kunjungi Indonesia 5-6 Agustus 2025
""
Have you had your lunch
?"" ujar
Prabowo
kepada Najwa sebelum berdiskusi, seperti dikutip dari siaran pers diterima, Kamis (2/3/2023).
Advertisement
Prabowo bersama Najwa lalu berdiskusi di ruang kerja Prabowo. Prabowo pun memberikan buku 'Kepemimpinan Militer' karya Prabowo sebagai cendera mata. Usai pertemuan empat mata yang bersifat internal, Najwa lalu menyampaikan ucapan terima kasihnya.
""
Thank you so much
Pak,
it's an honor for me
,"" kata Najwa.
Najwa mengaku membicarakan soal negara dan masa depan bersama Prabowo dalam kesempatan tersebut.
“Bicara negara dan masa depan,” ujar Najwa di penghujung pertemuan itu.
Momen akrab tersebut pun kemudian diunggah Prabowo di akun instagram pribadinya. Dalam takarir, ia mengucapkan terima kasih atas kunjungan pendiri media Narasi tersebut.
""Diskusi bersama Mba Nana @najwashihab. Terima kasih sudah berkunjung ke kantor saya di Kementerian Pertahanan RI,"" tulis Prabowo.
Najwa pun membalas terima kasih Prabowo via komentar di unggahan tersebut. “Terima kasih banyak pak @prabowo menyenangkan sekali diskusi kita kemarin sore,” balas Najwa."
01 Mar 2023 19:21;Airlangga danPrabowoBersaing Ketat di Musra Relawan Jokowi di Kaltara;https://www.liputan6.com/pemilu/read/5221535/airlangga-dan-prabowo-bersaing-ketat-di-musra-relawan-jokowi-di-kaltara;"Liputan6.com, Jakarta
Bakal Calon Presiden dari Partai
Golkar
Airlangga Hartarto dan Bakal Calon Presiden dari Partai Gerindra
Prabowo
Subianto bersaing ketat menaklukan hati rakyat Kalimantan Utara (Kaltara) dalam Musyawarah Rakyat (Musra) yang diselenggarakan relawan Joko Widodo.
Ketua Pelaksana Musra Panel Barus mengatakan, Prabowo meraih dukungan 447 suara dari 1.334 peserta Musra di Kaltara yang mengikuti proses voting.
BACA JUGA:
Reshuffle Kabinet Prabowo, Ini Profil Menkeu Purbaya Yudhi Sadewa Pengganti Sri Mulyani
BACA JUGA:
Reshuffle Kabinet Merah Putih, IHSG Berbalik Arah Memerah Jelang Penutupan
Baca Juga
Reshuffle Kabinet, Ini Profil Menteri P2MI Mukhtarudin yang Dilantik Prabowo Hari Ini
Dito Ariotedjo Kena Reshuffle, Presiden Prabowo Belum Lantik Menpora Baru
Profil Ferry Juliantono, Dilantik Prabowo jadi Menteri Koperasi Gantikan Budi Arie Setiadi
""Prabowo Subianto di peringkat pertama dengan meraih 447 suara (33,51 persen),"" ujar Panel saat menggelar konferensi pers hasil Musra di kawasan Sudirman, Rabu (1/3/2023).
Advertisement
""Di posisi kedua capres paling diinginkan ada Airlangga Hartarto yang meraih 298 suara (22,34 persen),"" lanjutnya.
Musra Kaltara digelar di Tarakan pada 26 Februari 2023, dengan jumlah pemilih 1334 orang."
01 Mar 2023 18:02;KetikaPrabowoUngkap Kekaguman ke Cak Noer, Mantan Gubernur Jatim Legendaris Penggagas Jembatan Suramadu;https://www.liputan6.com/surabaya/read/5221325/ketika-prabowo-ungkap-kekaguman-ke-cak-noer-mantan-gubernur-jatim-legendaris-penggagas-jembatan-suramadu;"Liputan6.com, Jakarta -
Ketua Umum DPP Partai Gerindra yang juga menteri pertahanan
Prabowo Subianto
mengungkap kekaguman pada kepemimpinan Raden Panji Mohammad Noer atau Cak Noer, Gubernur Jatim periode 1967 – 1976 yang juga dikenal sebagai penggagas jembatan Surabaya Madura (Suramadu).
Dikutip dari postingan akun Facebook-nya, Rabu (1/3/2023), Prabowo mengaku selalu teringat dengan pesan perjuangan yang diajarkan Cak Noer. Filosofi 'Wong cilik iso gemuyu” menjadi kalimat yang terus diingat Prabowo hingga saat ini.
BACA JUGA:
Reshuffle Kabinet Prabowo, Ini Profil Menkeu Purbaya Yudhi Sadewa Pengganti Sri Mulyani
BACA JUGA:
Reshuffle Kabinet Merah Putih, IHSG Berbalik Arah Memerah Jelang Penutupan
Baca Juga
Reshuffle Kabinet, Ini Profil Menteri P2MI Mukhtarudin yang Dilantik Prabowo Hari Ini
Dito Ariotedjo Kena Reshuffle, Presiden Prabowo Belum Lantik Menpora Baru
Profil Ferry Juliantono, Dilantik Prabowo jadi Menteri Koperasi Gantikan Budi Arie Setiadi
Prabowo menyatakan, dia mengenal
Cak Noer
usai pensiun jadi gubernur Jatim.
Advertisement
""Sempat bertemu sebentar waktu beliau menjadi duta besar di Prancis, tetapi kemudian saya baru mempunyai kesempatan berbincang-bincang lebih mendalam sesudah beliau pensiun lama dan kembali ke Surabaya,"" ujarnya.
Saat itu, kata Prabowo saat menjabat sebagai Ketua Umum Himpunan Kerukunan Tani Indonesia (
HKTI
) mengundang Cak Noer untuk diskusi.
""Mungkin karena beliau tahu bahwa saya juga sangat memperhatikan nasib pertanian dan petani di Indonesia. Beliau berkenan memenuhi undangan saya untuk memberi pengarahan dalam sebuah seminar yang diselenggarakan oleh HKTI di Surabaya,"" sambungnya.
Pada kesempatan itulah, Prabowo beberapa kali berbincang dengan Cak Noer. Banyak pandanganCak Noer tentang pembangunan perekonomian di pedesaan, dan juga ekonomi kerakyatan yang cocok dengan pendapatnya.
""Kami yakin bahwa Indonesia bisa berdiri di atas kaki sendiri, harus bisa swasembada pangan, dan kita harus memberi penghasilan yang lebih adil kepada para petani yang merupakan kelompok produsen yang vital bagi kemerdekaan suatu bangsa,"" katanya."
01 Mar 2023 15:00;PrabowoBahas Military Training Area dengan Menteri Senior Singapura Theo Chee Hean;https://www.liputan6.com/global/read/5221004/prabowo-bahas-military-training-area-dengan-menteri-senior-singapura-theo-chee-hean;"Liputan6.com, Jakarta -
Menteri Pertahanan RI Prabowo Subianto bertemu dengan Menteri Senior Singapura Teo Chee Hean. Isu pendidikan dan area
latihan militer
menjadi sorotan dalam pertemuan tersebut.
Berdasarkan keterangan resmi Kementerian Pertahanan, Rabu (1/3/2023), kedua pejabat tinggi itu bertemu di kantor Kementerian Pertahanan, Jakarta. Menhan Prabowo menyampaikan penghargaan kepada Pemerintah Singapura yang telah menyelesaikan persyaratan dalam negeri bagi kerja sama pertahanan kedua negara.
BACA JUGA:
Reshuffle Kabinet, Ini Profil Menteri P2MI Mukhtarudin yang Dilantik Prabowo Hari Ini
BACA JUGA:
Dito Ariotedjo Kena Reshuffle, Presiden Prabowo Belum Lantik Menpora Baru
BACA JUGA:
Profil Ferry Juliantono, Dilantik Prabowo jadi Menteri Koperasi Gantikan Budi Arie Setiadi
Advertisement
Baca Juga
Peci Hitam dan Diplomasi Prabowo dengan Pemilik Manchester City Mansour bin Zayed
Putin Tanda Tangani UU Penangguhan Perjanjian Kontrol Nuklir Antara Rusia dan AS
19 Jet Tempur China Masuk Zona Pertahanan Udara dalam 24 Jam, Taiwan Kirim Pesawat Intai
“Kami menyambut baik setiap upaya untuk memperkuat dan menciptakan kerja sama pertahanan yang harmonis antara kedua negara dan terbuka untuk menjajaki seluruh potensi kerja sama pertahanan yang memberikan manfaat bersama,” jelas Menhan
Prabowo Subianto
.
Mengenai hubungan kerja sama pertahanan kedua negara, Menhan Prabowo menegaskan kembali komitmen yang tertuang pada Pernyataan Bersama Januari 2022.  Kementerian Pertahanan berkomitmen untuk mempertahankan dan memperkuat kerja sama di bidang pertahanan melalui dialog kebijakan bilateral dan konsultasi masalah keamanan yang menjadi kepentingan bersama.
Menhan Prabowo menyarankan agar Implementing Arrangement (IA) untuk Military Training Area (MTA) menjadi topik prioritas. Selain itu juga bidang pendidikan.
“Salah satu prioritas kerja sama dengan Singapura adalah bidang pendidikan, dan Kementerian Pertahanan bermaksud mengembangkan kerja sama di bidang ini lebih intensif,” ujar Menhan Prabowo Subianto.
Menhan Prabowo kemudian mengundang personel Angkatan Bersenjata Singapura untuk mengambil program magister di Universitas Pertahanan RI. Unhan RI menawarkan sejumlah program pendidikan seperti Diplomasi Pertahanan, Peperangan Asimetris, Manajemen Pertahanan dan program lainnya.
Hingga saat ini,
Unhan RI
telah menerima mahasiswa internasional dari Australia, China, India, Malaysia, dan beberapa negara lainnya."
01 Mar 2023 06:05;Cak Imin-PrabowoBakal Bertemu Awal Maret 2023, Bahas Capres-Cawapres;https://www.liputan6.com/news/read/5220534/cak-imin-prabowo-bakal-bertemu-awal-maret-2023-bahas-capres-cawapres;"Liputan6.com, Jakarta -
Wasekjen PKB Syaiful Huda memastikan Ketua Umum PKB Muhaimin Iskandar alias Cak Imin akan bertemu Ketua Umum Gerindra Prabowo Subianto untuk membahas calon presiden dan calon wakil presiden dari koalisi Gerindra-PKB.
""Ya awal Maret yang waktu itu isu akan bertemu per dua Minggu itu,"" ujar Huda ketika dihubungi, Selasa (28/2/2023).
BACA JUGA:
Cak Imin Sebut Pengelolaan Kurban Masih Memprihatinkan, Dorong Jakarta Jadi Pionir Standar Internasional
BACA JUGA:
Demo DPR Ricuh, Cak Imin: Pelajaran untuk Anggota Dewan
Baca Juga
Sekjen PKB Raih Gelar Doktor, Cak Imin Beri Pesan Khusus
Cak Imin: Beda Pendapat Wajar, Asal Jangan Mudah Terpecah
Cak Imin Minta Seluruh Kader PKB Gelar Doa Keselamatan Bangsa
Pertemuan tersebut merupakan kesepakatan antara PKB dan Gerindra agar Cak Imin dan Prabowo bertemu membahas berbagai hal salah satunya ada rencana deklarasi calon presiden dan calon wakil presiden. Akan terus bertemu berkala antara Cak Imin dan Prabowo.
Advertisement
""Kami menjadwalkan pertemuan berkala rutin dua mingguan, karena banyak hal yang perlu direspons dan diputuskan. Karena Pak Prabowo minggu ini masih di luar negeri,"" ujar Huda."
28 Feb 2023 14:41;Survei Median:Prabowo20,5%, Ganjar Pranowo 18,9%, Anies Baswedan 17,9%;https://www.liputan6.com/regional/read/5219922/survei-median-prabowo-205-ganjar-pranowo-189-anies-baswedan-179;"Liputan6.com, Jakarta -
Lembaga Survei Median (Media Survei Nasional) baru saja merilis data temuan terbaru hasil
survei elektabilitas
kandidat capres dan cawapres di
Pemilu 2024
.
Sampai data diambil, ada empat poros politik yang terbentuk, yaitu poros tunggal PDIP, poros Golkar-PAN-PPP, poros Gerindra-PKB, dan poros Nasdem-Demokrat-PKS. Dari data survei berkala yang dilakukan Median atau bahkan lembaga survei lainnya, ditemukan fakta belum ada satu pun capres yang memiliki elektabilitas di atas 50 persen.
BACA JUGA:
Reshuffle Kabinet Prabowo, Ini Profil Menkeu Purbaya Yudhi Sadewa Pengganti Sri Mulyani
BACA JUGA:
Reshuffle Kabinet Merah Putih, IHSG Berbalik Arah Memerah Jelang Penutupan
Baca Juga
Reshuffle Kabinet, Ini Profil Menteri P2MI Mukhtarudin yang Dilantik Prabowo Hari Ini
Dito Ariotedjo Kena Reshuffle, Presiden Prabowo Belum Lantik Menpora Baru
Profil Ferry Juliantono, Dilantik Prabowo jadi Menteri Koperasi Gantikan Budi Arie Setiadi
Direktur Eksekutif Lembaga Survei Median Rico Marbun, Selasa (29/2/2023) mengatakan, di antara nama-nama capres yang beredar, nama Prabowo dan Anies Baswedan relatif cukup kokoh dalam koalisinya masing-masing.
Advertisement
""Meski santer terbaca dari media-media massa Ganjar punya peluang maju di koalisi KIB, tapi ada dua problema. Hubungannya dengan PDIP dan kader-kader dari KIB cukup kuat,"" kata Rico.
Survei Median sendiri menggunakan rancangan nonprobability sampling, kuesioner disebarkan melalui Facebook dengan target pengguna aktif facebook berusia 17-60+. Form Pertanyaan disebar secara proporsional terhadap populasi dan tersebar di akun Facebook di 38 Provinsi.
Hasilnya terkumpul sebanyak 400 responden yang tersebar di 38 Provinsi yang diambil tanggal 22-26 februari 2023. Sementara hasil survei dimaksudkan untuk menggali persepsi penggunamedia sosial atau warganet. Dikarenakan sampel adalah pengguna media sosial maka survei ini tidak dimaksudkan untuk memberi gambaran persepsipopulasi secara keseluruhan
Berikut beberapa temuan terbaru lembaga survei Median terkait
elektabilitas capres
dan cawapres Pemilu 2024. Dari pertanyaan, jika saat ini Pilpres, siapakah calon presiden yang Anda pilih? Jawaban lima besar yang keluar adalah:
Prabowo (20,5%)
Ganjar Pranowo (18,9%)
Anies Baswedan (17,9%)
Ridwan Kamil (9%)
Agus Harimurti Yudhoyono (3,5%)
Sementara di peringkat selanjutnya diisi nama-nama, antara lain Airlangga Hartarto, Eric Thohir, Muhaimin Iskandar, Andika Perkara, Puan Maharani, Sandiaga Uno, Mahfud MD, Gatot Nurmantyo, Anis Matta."
28 Feb 2023 14:06;Survei IPS: ElektabilitasPrabowoSubianto Semakin Menguat;https://www.liputan6.com/pemilu/read/5219889/survei-ips-elektabilitas-prabowo-subianto-semakin-menguat;"Liputan6.com, Jakarta
Lembaga
survei
Indonesia Polling Stations (IPS) merilis hasil survei elektabilitas
Prabowo Subianto
berada di posisi puncak sebagai calon presiden (capres) untuk Pemilu 2024, dengan tingkat keterpilihan sebesar 33,1 persen.
""Sementara itu, dari capres tiga besar di atas yang memiliki peluang terbesar untuk memenangkan
Pilpres 2024
adalah Prabowo Subianto. Elektabilitas Ketua Umum Partai Gerindra itu dalam beberapa bulan terakhir menunjukkan tren semakin menguat,"" kata peneliti senior IPS Alfin Sugianto di Jakarta, Selasa (28/2/2023).
BACA JUGA:
Survei: 78% Warga Puas dengan Kinerja Pemerintahan Prabowo
BACA JUGA:
Dari Layar Ponsel ke Jalan Raya: Peran Media Sosial Ubah Tren Mobil Listrik
BACA JUGA:
Sederet Target IDSurvey Usai Diluncurkan
Alfin menjelaskan dalam survei IPS yang dilakukan pada Februari tersebut tingkat elektabilitas Prabowo telah menyentuh angka 33,1 persen, sedangkan tingkat keterpilihan Gubernur Jawa Tengah Ganjar Pranowo dan mantan gubernur DKI Jakarta Anies Baswedan terpaku di angka sekitar 20 persen.
Advertisement
Berbagai pergerakan yang dilakukan Prabowo Subianto, seperti sering terjun ke masyarakat, aktif melakukan komunikasi politik dengan sejumlah tokoh, serta kinerjanya sebagai menteri pertahanan, merupakan sejumlah faktor utama yang menyebabkan elektabilitas Prabowo menguat dan di posisi teratas survei.
Baca Juga
Prabowo dan Cak Imin Segera Bertemu, Bahas Capres dan Cawapres
Prabowo dan Cak Imin Segera Bertemu, Bahas Capres dan Cawapres
Survei Indostrategi: Prabowo Masih di Atas Ganjar dan Anies
Faktor lain yang turut berkontribusi signifikan terhadap menguatnya elektabilitas Prabowo, lanjut Alfin, ialah semakin dukungan dari Presiden Joko Widodo terhadap Ketua Umum Partai Gerindra tersebut semakin eksplisit.
""Ini pada gilirannya diikuti oleh para pendukung setia Jokowi pada Pilpres 2014 dan 2019 menjatuhkan pilihan pada Prabowo. Dua bulan terakhir, fenomena migrasi para relawan Jokowi yang semula mendukung
Ganjar Pranowo
dan kini hijrah pilihan ke Prabowo tak bisa dibendung lagi,"" katanya."
27 Feb 2023 19:42;Survei Litbang Kompas: ElektabilitasPrabowodi Kalangan Gen Z Naik, Ganjar dan Anies Turun;https://www.liputan6.com/pemilu/read/5219174/survei-litbang-kompas-elektabilitas-prabowo-di-kalangan-gen-z-naik-ganjar-dan-anies-turun;"Liputan6.com, Jakarta -
Litbang Kompas
merilis hasil survei calon presiden (capres) pilihan kalangan generasi Z atau para anak muda yang berumur 17-26 tahun di tahun 2024. Tiga besar capres pilihan gen Z adalah Gubernur Jawa Tengah Ganjar Pranowo, Ketua Umum Gerindra Prabowo Subianto, dan Gubernur Jawa Barat Ridwan Kamil.
Ganjar Pranowo
memiliki elektabilitas tertinggi dengan angka 28,8 persen. Disusul Prabowo dengan angka 20,6 persen dan Ridwan Kamil 9,1 persen.
BACA JUGA:
Survei Litbang Kompas: 57,6% Warga Jabar Nilai Kinerja Dedi Mulyadi Soal Lapangan Pekerjaan Buruk
Baca Juga
Litbang Kompas: 90% Warga Dukung Dedi Mulyadi Ngonten, Sering-Sering Kasih Bantuan Langsung ke Warga
Survei Litbang Kompas Program Dedi Mulyadi dengan Kepuasan Tinggi: Ada Barak Militer Sampai Jam Malam
Rapor Kinerja Dedi Mulyadi Disorot Warganet Versi Survei Litbang Kompas, Ini Hasil yang Masih Merah
Berdasarkan temuan Litbang Kompas, elektabilitas
Prabowo Subianto
mengalami peningkatan signifikan. Dari Oktober 2022 yaitu hanya 16,6 persen. Ada kenaikan sampai kurang lebih 4 persen hingga menjadi 20,6 persen di Januari 2023.
Advertisement
""Hasilnya survei Litbang Kompas pada Oktober mencatat pemilih Prabowo dari generasi Z sebesar 16,6 persen. Peningkatan ini merupakan yang pertama sejak survei yang sama digelar Januari 2022 yaitu sebesar 13,9 persen,"" kata Peneliti Litbang Kompas Arita Nugraheni, Senin (27/2).
Sementara itu, Ganjar mengalami kehilangan suara
gen Z
sebesar 0,7 persen dibandingkan survei Oktober 2022. Untuk pertama kalinya sejak survei gen Z digelar pada Januari 2022, Ganjar mengalami kehilangan suara dan Prabowo mendapatkan tambahan suara.
""Sejak survei Januari 2022, ini pertama kalinya bagi Ganjar kehilangan suara pemilih gen Z dan pertama kali bagi Prabowo mendapatkan tambahan suara. Di tengah dinamika ini, gen Z masih memberikan sumbangan besar bagi elektabilitas Ganjar dan mengukuhkan keterpilihan Prabowo,"" jelas Arita."
27 Feb 2023 18:25;Prabowodan Cak Imin Segera Bertemu, Bahas Capres dan Cawapres;https://www.liputan6.com/pemilu/read/5219111/prabowo-dan-cak-imin-segera-bertemu-bahas-capres-dan-cawapres;"Liputan6.com, Jakarta -
Ketua Umum Partai
Gerindra
Prabowo Subianto dan Ketua Umum
PKB
Muhaimin Iskandar (Cak Imin) akan segera melakukan pertemuan sebelum bulan Ramadan. Tujuannya untuk membahas penentuan calon presiden dan calon wakil presiden yang akan diusung di
Pemilu 2024
.
""Dalam waktu dekat memang kita dengan teman-teman PKB merencanakan akan mengadakan pertemuan antara kedua ketua umum untuk membicarakan hal yang mungkin perlu dibicarakan dan diputuskan demikian,"" ujar Ketua Harian Gerindra Sufmi Dasco Ahmad di Kompleks Parlemen, Senayan, Senin (27/2/2023).
BACA JUGA:
Wamenaker Immanuel Ebenezer Kena OTT KPK dan Pesan Prabowo Tak Lindungi Kader Nakal
BACA JUGA:
Komisaris Waskita Karya Dirombak, Ajudan Prabowo-Kader Gerindra Masuk
BACA JUGA:
Dasco Minta Masyarakat Tak Takut Putar Lagu, Aturan soal Royalti Segera Diumumkan
Baca Juga
Ketua MPR: Doa untuk Affan Kurniawan dan Ajakan Jaga Persatuan
Gerindra Bakal Cabut Keanggotaan Immanuel Ebenezer Usai Jadi Tersangka KPK
Polemik Bupati Pati, Dasco Sebut Prabowo Berkali-kali Ingatkan Jaga Sikap
Dasco mengingatkan, dalam kontrak politik antara Gerindra dan PKB, soal
capres
dan
cawapres
, akan diputuskan bersama. Maka itu
Prabowo Subianto
dan Cak Imin akan segera bertemu.
Advertisement
""Itu kan nanti tergantung mereka berdua karena Pak Prabowo dan Pak Muhaimin tentunya paham bahwa kontrak yang mereka tandatangani mensyaratkan bahwa keputusan tentang capres dan cawapres itu ada pada mereka berdua,"" ujar wakil ketua DPR RI ini.
Selain itu, waktu deklarasi juga tergantung bagaimana keputusan Prabowo dan
Cak Imin
. Gerindra tidak masalah kapanpun deklarasi calon presiden dan calon wakil presiden.
""Kesepakatan atau kontrak politik antara PKB dan Gerindra bahwa calon presiden, calon wakil presiden, itu ditentukan oleh Pak Prabowo dan Pak Muhaimin Iskandar. Apakah itu mau sebelum lebaran, sesudah lebaran, atau kapan, itu terserah apa kemudian mereka berdua yang memutuskan,"" ujar Dasco."
26 Feb 2023 17:31;Survei Indostrategi:PrabowoMasih di Atas Ganjar dan Anies;https://www.liputan6.com/news/read/5218060/survei-indostrategi-prabowo-masih-di-atas-ganjar-dan-anies;"Liputan6.com, Jakarta -
Analis politik sekaligus Direktur Indostrategi Research and Consulting, Arif Nurul Imam memaparkan hasil survei yang dilakukan pihaknya.
Survei
tersebut dilakukan untuk mengukur perspektif publik terhadap berbagai hal, termasuk tentang potensi
Pilpres 2024
mendatang.
Di dalam surveinya, ia menemukan bahwa tingkat popularitas dan akseptabilitas dari nama-nama tokoh menunjukkan,
Prabowo Subianto
lebih unggul.
BACA JUGA:
Reshuffle Kabinet, Ini Profil Menteri P2MI Mukhtarudin yang Dilantik Prabowo Hari Ini
BACA JUGA:
Dito Ariotedjo Kena Reshuffle, Presiden Prabowo Belum Lantik Menpora Baru
BACA JUGA:
Profil Ferry Juliantono, Dilantik Prabowo jadi Menteri Koperasi Gantikan Budi Arie Setiadi
""Survei mengukur tingkat popularitas dan akseptabilitas dari 12 tokoh publik. Hasilnya ditemukan bahwa Prabowo masih memuncaki tingkat popularitas dan akseptabilitas publik,"" kata Arif dalam rilis surveinya secara daring, dikutip Minggu (26/2/2023).
Advertisement
Tidak hanya popularitas dan akseptabilitas, survei juga menunjukkan posisi Prabowo Subianto di urutan teratas untuk potensi tingkat keterpilihan di Pemilu 2024 nanti.
Baca Juga
Gerindra Akan Ajak Partai Lain Mendukung Prabowo, Bentuk Koalisi di Pemilu 2024
Gerindra Siap Bawa Prabowo Jadi Presiden di Pemilu 2024, Minta Satukan Tekad
Hadiri Rakorda Gerindra Sultra, Dasco Ajak Kader Menangkan Prabowo Jadi Presiden di Pilpres 2024
""Prabowo masih memuncaki tingkat elektabilitas tertinggi bila Pilpres dilaksanakan hari ini dengan perolehan persentase 32,9%,"" ujarnya.
Sementara untuk tingkat elektabilitas nomor 2 (dua) diisi oleh Gubernur Jawa Tengah Ganjar Pranowo, dan disusul oleh eks Gubernur DKI Jakarta Anies Rasyid Baswedan.
""Ganjar masih terus berada diposisi kedua dengan 21% disusul di posisi tiga besar oleh Anies dengan persentase keterpilihan 19,8%,"" lanjutnya.
Lebih lanjut, Arif menyampaikan bahwa alasan mengapa tingkat elektabilitas Prabowo masih berada di nomor wahid, sebab ada beberapa faktor yang kemungkinan besar menjadi pengaruhnya.Antara lain, soal penyebutan nama Prabowo Subianto oleh Presiden Joko Widodo secara langsung di berbagai kesempatan besar.
""Ada beberapa alasan yang mungkin menjadi alasan Prabowo masih barada di posisi puncak. Pertama, endorsement Jokowi yang semakin intens terhadap Prabowo menuai dukungan dari pemilih loyal Jokowi 2019 lalu,"" jelasnya.
Endorsement tersebut juga berpotensi menggiring para pemilih loyal Jokowi ke
Ganjar Pranowo
bermigrasi mendukung Prabowo Subianto.
""Intensitas dukungan Jokowi terhadap Prabowo, mengakibatkan migrasi pemilih Jokowi yang ada di Ganjar ke Prabowo,"" sambungnya."
