Tanggal;Judul;URL;Isi Berita
14/02/2024 22:56;Prabowo-Gibran Unggul Quick Count, Qodari Yakin Hasilnya Tak Akan Beda Jauh dengan Real;https://www.liputan6.com/news/read/5528386/prabowo-gibran-unggul-quick-count-qodari-yakin-hasilnya-tak-akan-beda-jauh-dengan-real-count-kpu;"Liputan6.com, Jakarta
Pasangan calon
Prabowo Subianto
dan Gibran Rakabuming Raka mendominasi hasil quick count sejumlah lembaga survei. Di mana menempatkan posisi di urutan pertama dengan raihan lebih 50 persen.
Terkait hal tersebut, Ketua Umum Gerakan Sekali Putaran (GSP) M. Qodari yakin bahwa syarat sekali putaran sudah terpenuhi.
BACA JUGA:
Daftar Nama Menteri yang Disebut Kena Reshuffle Kabinet, Ini Penjelasan Mensesneg
BACA JUGA:
Prabowo Reshuffle Kabinet di 3 Kementerian Sektor Ekonomi, Ini Daftarnya
BACA JUGA:
Prabowo Berencana Bangun Supermarket Produk Koperasi untuk Bantu Petani
Baca Juga
Profil Ferry Juliantono, Dilantik Prabowo jadi Menteri Koperasi Gantikan Budi Arie Setiadi
Reshuffle Kabinet Prabowo, Ini Profil Menkeu Purbaya Yudhi Sadewa Pengganti Sri Mulyani
Reshuffle Kabinet Merah Putih, IHSG Berbalik Arah Memerah Jelang Penutupan
“Yang jelas saya yakin syarat 50% terpenuhi dan syarat mendapatkan suara minimal 20% di separuh provinsi juga terpenuhi,"" kata dia dalam keterangannya, Rabu (14/2/2024).
Advertisement
Qodari mengungkapkan, berdasarkan pengalamannya, hasil
quick count
tidak akan jauh berbeda dengan real count yang akan dilakukan oleh Komisi Pemilihan Umum (KPU).
Lebih dari itu, hasil dari lembaga survei semuanya menunjukkan hasil quick count bahwa Prabowo-Gibran jauh ungguli para pesaingnya.
“Jadi saya tidak melihat ada alasan bahwa itu akan berbeda pada kali ini khususnya karena semua lembaga survei itu semua hasilnya dan jumlah lembaga surveinya juga banyak sekali jadi rasa-rasanya sih ini akan benar,” ucapnya.
Qodari meyakini, salah satu alasan suara Prabowo-
Gibran
adalah faktor dari Presiden Joko Widodo atau Jokowi.
“Tentu pengaruh Pak Jokowi yang begitu besar dalam Pilpres sekali ini di mana tingkat kepuasan pada Pak Jokowi 80 persen dan yang tidak puas 20 persen suara, yang tidak puas 20 persen ini kan ke Mas Anies yang puas itu tadinya ke Ganjar tetapi pelan-pelan makin banyak yang bergeser kepada Pak Prabowo, alasannya keberadaan Mas Gibran” jelasnya."
14/02/2024 22:45;Nama Jokowi Menggema SaatPrabowoPidato di Istora Senayan;https://www.liputan6.com/pemilu/read/5528383/nama-jokowi-menggema-saat-prabowo-pidato-di-istora-senayan;"Liputan6.com, Jakarta -
Ada momen menarik saat calon presiden nomor urut 2
Prabowo
Subianto menyampaikan pidato di Istora Senayan, Jakarta pada Rabu (14/2/2024) malam.
Nama Presiden Joko Widodo atau
Jokowi
menggema digaungkan oleh simpatisan dan pendukung yang hadir.
BACA JUGA:
Daftar Nama Menteri yang Disebut Kena Reshuffle Kabinet, Ini Penjelasan Mensesneg
BACA JUGA:
Prabowo Reshuffle Kabinet di 3 Kementerian Sektor Ekonomi, Ini Daftarnya
Baca Juga
Profil Ferry Juliantono, Dilantik Prabowo jadi Menteri Koperasi Gantikan Budi Arie Setiadi
Reshuffle Kabinet Prabowo, Ini Profil Menkeu Purbaya Yudhi Sadewa Pengganti Sri Mulyani
Reshuffle Kabinet Merah Putih, IHSG Berbalik Arah Memerah Jelang Penutupan
Hal itu terjadi saat Prabowo menghaturkan rasa terimakasih kepada pemimpin Indonesia dari masa ke-masa, dimulai dari Presiden Soekarno hingga Presiden Jokowi karena sangat berjasa bagi bangsa Indonesia.
Advertisement
Menariknya, saat Prabowo menyebutkan nama presiden ke-tujuh, suasana menjadi bergemuruh.
""Presiden Joko Widodo berjasa bagi kita,"" kata Prabowo, Rabu (14/2/2024).
Mendengar hal itu, relawan dan simpatisan refleks langsung bertepuk tangan. Bahkan, saking riuhnya, Prabowo sampai menghentikan sementara sambutan.
Prabowo menyampaikan, sangat mengenal Jokowi dan kemudian memberikan penilaian. Menurut dia, Jokowi adalah sosok pekerja keras.
""Saya sangat kenal beliau saya katakan pekerja yang sangat sangat sangat keras. Tidak ada capeknya,"" ujar dia.
Prabowo melanjutkan, menteri-menterinya pun sulit menandingi. ""Menteri-menteri kuawalahan ikut beliau,"" ujar dia.
Relawan kemudian reflek berteriak dan memberikan tepuk tangan. Mereka lalu meneriaki nama Jokowi. ""Jokowi.. Jokowi.. Jokowi,"" ucap relawan."
14/02/2024 22:12;Count KPU 13,61%: Anies-Cak Imin 23,08%,Prabowo-Gibran 56,71%, Ganjar-Mahfud 19,63%;https://www.liputan6.com/pemilu/read/5528373/hasil-real-count-kpu-1361-anies-cak-imin-2308-prabowo-gibran-5671-ganjar-mahfud-1963;"Liputan6.com, Jakarta
Komisi Pemilihan Umum Republik Indonesia (
KPU
RI) mulai mengumumkan hasil hitung suara atau real countPemilihan Presiden (Pilpres) 2024.
Hasil sementara
real count KPU
pada Rabu (14/2/2024) pukul 20.03 WIB, suara masuk mencapai 13,61 % atau 112.082 TPS dari total 823.236 TPS di seluruh Indonesia.
“Setidak-tidaknya sampai saat ini, kalau kita perhatikan sampai dengan hari ini 14 Februari 2024 pada jam 20.03. Progres yang sekarang ini sudah 112.082 TPS yang sudah kirim dari 823.236 TPS. Jadi sudah sekitar 13,61% ini termasuk
TPS
di luar negeri,” kata Ketua Komisi Pemilihan Umum (KPU) Hasyim Asy’ari.
Advertisement
Adapun hasil real count KPU sebagai berikut:
Pasangan calon presiden dan calon wakil presiden nomor urut 1 Anies Baswedan-Muhaimin Iskandar adalah 23,88%.
Pasangan calon presiden dan calon wakil presiden nomor urut 2 Prabowo Subianto-Gibran Rakabuming Raka 56,71%.
Pasangan calon presiden dan calon wakil presiden nomor urut 3 Ganjar Pranowo-Mahfud MD 19,63%."
14/02/2024 22:11;Prabowo-Gibran Menang Telak di TPS Khusus Lapas Kelas IIB Sukabumi;https://www.liputan6.com/regional/read/5528358/prabowo-gibran-menang-telak-di-tps-khusus-lapas-kelas-iib-sukabumi;"Liputan6.com, Sukabumi -
Hasil penghitungan suara di Tempat Pemungutan Suara (TPS) khusus Lembaga Pemasyarakatan (Lapas) Kelas IIB Nyomplong Kota Sukabumi, mencatat hasil terendah diperoleh pasangan Capres Cawapres 03
Ganjar Pranowo
- Mahfud Md dengan jumlah 34 dari total 494 suara, jika dipersentase hanya mencapai 7 persen.
Hal itu disampaikan Kapalapas Kelas IIB
Sukabumi
, Gatot Harisaputro. Ia mengatakan ada regulasi baru dalam
Pemilu 2024
ini, tahun sebelumnya data warga binaan dibuat dalam satu Daftar Pemilih Tetap (DPT). Namun saat ini dibuat sesuai identitas NIK yang didapatkan lewat Disdukcapil dengan identifikasi sidik jari maupun geometrik.
Baca Juga
NasDem Pasang Target Masuk 3 Besar di Pemilu 2029, Konsolidasi jadi Fokus Utama
Pentingnya Layanan Pendidikan Tambahan Selain Sekolah, Mengingat Ketatnya Seleksi Masuk Perguruan Tinggi
Kinerja PPP di Pemilu 2024 Harus Dievaluasi, Bukan Saling Menyalahkan
“Memang ada beberapa yang di sini tidak ada identitas. Alhamdulillah beberapa yang tidak ada identitas tetap bisa mengikuti. Pemilu berjalan dengan aman, lancar, kondusif, damai dan itu sudah kami siapkan agar fasilitas di sini lebih mudah sehingga perjalanan pemilu lebih lancar,” kata Gatot Harisaputro.
Advertisement
Dia mengatakan, warga binaan di Lapas ini tak hanya berdomisili di Sukabumi, beberapa juga berasal dari Kabupaten Cianjur, dan luar kota. Kendati sempat terkendala dalam pendataan identitas, hal itu tak menyurutkan semangat demokrasi para narapidana. Jumlah DPT di TPS khusus ini sebanyak 284, sedangkan Daftar Pemilih Tambahan (DPTb) sebanyak 210 jika ditotal sebanyak 494 pemilih.
Hal itu dikurangi jumlah narapidana yang dikurangi KPU sebanyak 30 orang yang tidak ikut pemilih, dari jumlah keseluruhan 537 narapidana, dan satu orang narapidana WNA.
“Untuk capres unggul di sini dari paslon 02. Target penghitungan kalau bisa tidak sampai malam karena keamanan dan ketertiban di lapas berbeda dengan umum. Saya minta petugas KPPS menyelesaikan sebelum jam 17.00 WIB dan tadi sudah ngobrol dengan pengawas, Bawaslu, dan saksi karena di sini TPS khusus jadi kita menjaga keamanan,” ujarnya.
Sebanyak 14 sipir mengawal jalannya pemilihan umum di dua TPS 901 dan 902. Dengan rincian hasil pemungutan suara C1 PPWP atau Sertifikat hasil penghitungan suara pasangan calon Presiden dan Wakil Presiden, Anies-Imin 55 suara, Prabowo-Gibran 413 suara, Ganjar-Mahfud 34."
14/02/2024 22:02;Hari Ini:PrabowoSubianto Ungkap Penyebab Jalan dengan Kaki Diseret dan Berenang Pukul 04.30 Pagi;https://www.liputan6.com/lifestyle/read/5528360/top-3-berita-hari-ini-prabowo-subianto-ungkap-penyebab-jalan-dengan-kaki-diseret-dan-berenang-pukul-0430-pagi;"Liputan6.com, Jakarta -
Top 3 Berita Hari Ini tentang Sehari jelang Pilpres dan Pemilu 2024 digelar pada hari ini, Rabu (14/2/2024), Deddy Corbuzier mengunggah podcast Close the Door yang menghadirkan calon Presiden nomor urut 2
,
Prabowo Subianto
. Kesempatan itu dimanfaatkannya untuk menanyakan soal penyebab kaki Prabowo seperti diseret ketika sedang berjalan.
Awalnya, Prabowo menjelaskan masa-masa ketika ia berlatih menjadi tentara yang tergolong berat dan penuh bahaya. Mantan menantu Presiden Soeharto itu juga mengaku kakinya cedera karena berbagai kecelakaan yang membuat jalannya agak terseret.
BACA JUGA:
Top 3 Berita Hari Ini: Potret Nafa Urbach Berbusana Batik, Hadiri Rapat Kerja DPR RI sampai Kunjungan Dapil
Baca Juga
Top 3 Berita Hari Ini: Fenomena Orang Selingkuh dengan AI
Top 3 Berita Hari Ini: Gelombang Demo di Indonesia, Kemenpar Sebar Kontak Darurat yang Bisa Dihubungi Wisman
Top 3 Berita Hari Ini: Keistimewaan Jam Tangan Rp11 Miliar Milik Sahroni yang Dikembalikan Usai Dijarah
""Penyebabnya macem-macem, saya ini pernah kecelakaan beberapa kali ndilalah di kaki yang sama,"" ungkap Prabowo. Berita kedua yang banyak diminati adalah tentang Komeng viral di media sosial setelah banyak pemilik akun yang berbagi foto surat suara Pemilu 2024 pada Rabu (14/2/2024). Salah satu penyebabnya, ia menampilkan pose nyeleneh yang bikin warganet tertawa.
Advertisement
Tidak seperti calon legislatif (caleg) kebanyakan yang berfoto dengan pose serius, Komeng justru memperlihatkan ekspresi melotot sambil membuka sedikit mulutnya, seolah-olah seperti orang terkejut. Momen kocak yang diperlihatkan pria yang mencalonkan diri sebagai salah satu anggota Dewan Perwakilan Daerah (DPD) Jawa Barat ini sukses meleburkan beban serius jadi terasa lebih ringan.
Tingkah kocak pemilik nama asli Alfiansyah Bustami ini pun menarik perhatian komedian senior lainnya, Abdel Achrian. Berita ketiga yang banyak menarik perhatian adalah tentang Israel memasang iklan berdurasi 30 detik yang memuat narasi mereka tentang perang di Gaza selama NFL
Super Bowl
berlangsung pada Minggu, 11 Februari 2024.
Tayangan berbuah protes sejumlah aktivis pro-Palestina itu ditonton banyak pasang mata ketika Rafah kembali jadi sasaran pengemboman bertubi-tubi Pasukan Pertahanan Israel (IDF). Iklan tersebut dimulai dengan menampilkan seorang atlet NFL bermain bersama putranya.
Klip kemudian memotong memperlihatkan sandera Israel yang ditahan di Gaza bermain dengan anak-anak mereka sebelum 7 Oktober 2023 ketika sekitar 250 warga Israel ditawan. Iklan tersebut didedikasikan untuk ayah-ayah Israel yang disandera di Gaza, diakhiri dengan tagar, ""Bawa semua ayah pulang ke rumah."" Untuk lebih lengkapnya simak
Top 3 Berita Hari Ini
berikut ini.
Prabowo Subianto Ungkap Penyebab Jalan dengan Kaki Diseret dan Berenang Pukul 04.30 Pagi"
14/02/2024 21:15;Prabowo-Gibran Unggul Quick Count Pilpres 2024, Presidium Relawan Gibran Ucapkan Terima Kasih;https://www.liputan6.com/pemilu/read/477021/prabowo-gibran-unggul-quick-count-pilpres-2024-presidium-relawan-gibran-ucapkan-terima-kasih;"Liputan6.com, Jakarta -
Pasangan calon presiden (capres) dan calon wakil presiden (cawapres) nomor urut 02
Prabowo Subianto-Gibran Rakabuming Raka
semakin dekat dengan kemenangan pada pergelaran Pemilihan Presiden atau Pilpres 2024.
Paslon yang mengusung tema keberlanjutan ini mengungguli pesaingnya yakni paslon nomor urut 01 Anies Baswedan-Muhaimin Iskandar dan paslon nomor urut 03 Ganjar Pranowo-Mahfud Md.
Ketua Presidium
Relawan Gibran
, Twedy Ginting mengungkapkan rasa terima kasihnya kepada masyarakat Indonesia.
Advertisement
""Terima kasih ke masyarakat, khususnya anak muda yang telah berbondong-bondong menggunakan hak suara pada
Pemilu 2024
ini,"" ujar Twedy melalui keterangan tertulis, Rabu (14/2/2024).
Tak lupa juga, ia mengucapkan terima kasih kepada relawan yang terus berjuang untuk kemenangan paslon
Prabowo-Gibran
yang identik dengan warna biru muda ini.
""Terima kasih atas kolaborasi relawan dan partai dalam memenangkan paslon nomor 2. Para relawan yang telah berjuang melakukan konsolidasi sampai tingkat akar rumput dan mengawal proses pemungutan suara yg berjalan demokratis, jujur dan adil,"" tambah Twedy yang juga Ketua Umum Relawan Beta Gibran.
Twedy juga mengungkapkan, kemenangan Prabowo-Gibran adalah kemenangan seluruh rakyat Indonesia.
""Kemenangan Prabowo-Gibran dalam satu putaran adalah kehendak rakyat. Dan ini adalah kemenangan seluruh rakyat Indonesia. Kami berharap semua pasangan calon presiden dan wakil presiden berjiwa besar menerima hasil yang telah ditentukan rakyat lewat pemilu yang berlangsung demokratis,"" tandas Twedy.
Untuk diketahui, Presidium Relawan Gibran merupakan wadah bersama relawan yang bergerak dan mengusung Gibran Rakabuming Raka sebagai cawapres jauh sebelum putusan Mahkamah Konstitusi.
Presidium Relawan Gibran terdiri dari Bolone Mase, Beta Gibran, Bala Gibran, Bocahe Gibran Busantara, Kancane Mase, Kami Gibran, Gibranku, Gibran Maju, Gibran Penerus Jokowi dan Balad Gibran."
14/02/2024 21:07;Repnas: Pemilu Lancar, KemenanganPrabowoJadi Pertanda Indonesia Maju;https://www.liputan6.com/pemilu/read/5528437/repnas-pemilu-lancar-kemenangan-prabowo-jadi-pertanda-indonesia-maju;"Liputan6.com, Jakarta -
Ketua Umum Relawan Pengusaha Muda Nasional (REPNAS) Indonesia Maju, Anggawira, menyampaikan rasa syukur atas berjalannya pemilu dengan lancar dan damai serta peningkatan tingkat partisipasi pemilih dalam pemilu tahun ini.
""Kami bersyukur dengan jalannya Pemilu berjalan dengan lancar dan damai, serta tingkat partisipasi pemilih yang meningkat dalam Pemilu tahun ini,"" ujar Anggawira.
Baca Juga
NasDem Pasang Target Masuk 3 Besar di Pemilu 2029, Konsolidasi jadi Fokus Utama
Pentingnya Layanan Pendidikan Tambahan Selain Sekolah, Mengingat Ketatnya Seleksi Masuk Perguruan Tinggi
Kinerja PPP di Pemilu 2024 Harus Dievaluasi, Bukan Saling Menyalahkan
Selain itu, Anggawira juga mengucapkan terima kasih atas dukungan yang luar biasa dari Tim Kemenangan Nasional (TKN) Prabowo dan seluruh rakyat Indonesia.
Advertisement
""Kami REPNAS mengucapkan selamat atas kemanangan Prabowo-Gibran. Dari data exit poll dan quick count yang kita peroleh, kita melihat kemenangan Prabowo-Gibran ini rata-rata 58% dari berbagai lembaga survey. Hal ini merupakan pertanda baik bagi perjalanan Indonesia menuju kemajuan,"" ujar Anggawira.
Adapun, hasil pantauan enam lembaga survei menunjukkan calon presiden (capres) nomor urut 2,
Prabowo Subianto
dan pasangannya Gibran Rakabuming Raka memenangkan perhitungan cepat (quick count) dari berbagai lembaga survei."
14/02/2024 21:00;Anies-Cak Imin 25,04%,Prabowo-Gibran 58,23%, dan Ganjar-Mahfud 16,73%;https://www.liputan6.com/pemilu/read/5528311/hasil-quick-count-csis-indonesia-amp-cyrus-network-90-anies-cak-imin-2504-prabowo-gibran-5823-dan-ganjar-mahfud-1673;"Liputan6.com, Jakarta
Hasil perhitungan cepat atau quick count pasangan calon presiden (capres) dan calon wakil presiden (cawapres) peserta
Pilpres 2024
sedang berlangsung.
Sebagaimana dari keterangan yang diterima, hasil sementara quick count
CSIS Indonesia
dan Cyrus Network pada Rabu (14/2/2024), pasangan Prabowo Subianto dan Gibran Rakabuming Raka unggul.
Hasil sementara quick count CSIS Indonesia dan
Cyrus Network
pada Rabu (14/2/2024) pukul 18.31 WIB, total suara masuk 90 persen menunjukan rincian sebagai berikut:
Advertisement
Pasangan capres-cawapres nomor urut 01 Anies Baswedan-Muhaimin Iskandar: 25,04 persen
Pasangan capres-cawapres nomor urut 02 Prabowo Subianto-Gibran Rakabuming Raka: 58,23 persen
Pasangan capres-cawapres nomor urut 03 Ganjar Pranowo-Mahfud MD 16,73 persen
Quick count CSIS Indonesia dan Cyrus Network menggunakan populasi 2.000 TPS yang tersebar di 38 provinsi. Sampel dipilih dengan metode multistage random sampling.
Tingkat kepercayaan quick count ini 95 persen dengan margin of error ±1 persen.
Pantau hasil Quick Count Pemilu 2024 selengkapnya di Liputan6.com dalam tautan ini
https://www.liputan6.com/pages/quickcount-pemilu-2024"
14/02/2024 20:44;Politika 91,05%: Anies-Muhaimin 25,82%,Prabowo-Gibran 57,80%, Ganjar-Mahfud 16,37%;https://www.liputan6.com/pemilu/read/5528330/hasil-quick-count-charta-politika-9105-anies-muhaimin-2582-prabowo-gibran-5780-ganjar-mahfud-1637;"Liputan6.com, Jakarta -
Proses hitung cepat atau quick count Pemilihan Presiden (Pilpres) 2024 tengah berlangsung. Berdasarkan aturan, hasil
quick count
bisa diumumkan ke publik mulai pukul 15.00 WIB usai pencoblosan Pemilihan Umum (Pemilu) 2024.
Hasil sementara quick count
Charta Politika Indonesia
pada Rabu (14/2/2024) pukul 20.35 WIB, total suara masuk mencapai 91,05 persen. Adapun rinciannya adalah sebagai berikut:
BACA JUGA:
Daftar Nama Menteri yang Disebut Kena Reshuffle Kabinet, Ini Penjelasan Mensesneg
BACA JUGA:
Prabowo Reshuffle Kabinet di 3 Kementerian Sektor Ekonomi, Ini Daftarnya
Baca Juga
Profil Ferry Juliantono, Dilantik Prabowo jadi Menteri Koperasi Gantikan Budi Arie Setiadi
Reshuffle Kabinet Prabowo, Ini Profil Menkeu Purbaya Yudhi Sadewa Pengganti Sri Mulyani
Reshuffle Kabinet Merah Putih, IHSG Berbalik Arah Memerah Jelang Penutupan
Pasangan capres-cawapres nomor urut 01
Anies Baswedan
-Muhaimin Iskandar: 25,82 persen.
Advertisement
Pasangan capres-cawapres nomor urut 02
Prabowo Subianto
-Gibran Rakabuming Raka: 57,80 persen.
Pasangan capres-cawapres nomor urut 03
Ganjar Pranowo
-Mahfud Md: 16,37 persen.
Sebagai informasi, quick count Charta Politika Indonesia menggunakan populasi 2.000 tempat pemungutan suara (TPS) yang tersebar di 38 Provinsi.
Sampel dipilih dengan metode Stratified Clustered Random Sampling. Margin of Error quick count
Charta Politika
yakni ±1% pada tingkat kepercayaan 99%.
Pantau hasil Quick Count Pemilu 2024 selengkapnya di
Liputan6.com
dalam
tautan ini
."
14/02/2024 20:43;PrabowoBerterima Kasih pada Titiek Soeharto Saat Deklarasi Kemenangan Sementara, Didit Hediprasetyo Tersipu Malu;https://www.liputan6.com/lifestyle/read/5528320/prabowo-berterima-kasih-pada-titiek-soeharto-saat-deklarasi-kemenangan-sementara-didit-hediprasetyo-tersipu-malu;"Liputan6.com, Jakarta -
Calon Presiden (Capres) dan Calon Wakil Presiden (Cawapres) nomor urut 02
Prabowo Subianto
-Gibran Rakabuming Raka mendeklarasikan
kemenangan
Pemilihan Umum atau Pemilu 2024. Acara deklarasi kemenangan Prabowo-Gibran tersebut dimulai sekitar pukul 19.30 WIB pada hari ini, Rabu (14/2/2024), di Istora Senayan Jakarta.
Dilihat dari
live streaming
Liputan6 Update di Vidio.com, Prabowo dan
Gibran Rakabuming Raka
terlihat menaiki mobil kap terbuka dalam perjalanan menuju ke Istora. Keduanya kompak memakai kemeja biru putih tangan pendek motif kotak-kotak dan melambaikan tangan kepada para pendukung mereka yang memenuhi jalanan menuju Istora.
BACA JUGA:
Daftar Nama Menteri yang Disebut Kena Reshuffle Kabinet, Ini Penjelasan Mensesneg
BACA JUGA:
Prabowo Reshuffle Kabinet di 3 Kementerian Sektor Ekonomi, Ini Daftarnya
BACA JUGA:
Prabowo Berencana Bangun Supermarket Produk Koperasi untuk Bantu Petani
BACA JUGA:
Prabowo: Ada Pihak-pihak Ingin Turunkan Kepercayaan Rakyat pada Pemerintah
Baca Juga
Profil Ferry Juliantono, Dilantik Prabowo jadi Menteri Koperasi Gantikan Budi Arie Setiadi
Reshuffle Kabinet Prabowo, Ini Profil Menkeu Purbaya Yudhi Sadewa Pengganti Sri Mulyani
Reshuffle Kabinet Merah Putih, IHSG Berbalik Arah Memerah Jelang Penutupan
Sampai di dalam Istora, Prabowo dan Gibran kembali disambut meriah para pendukungnya dan menuju ke panggung utama. Mereka juga disambut pembawa acara, Raffi Ahmad dan Marsel Widianto yang juga merupakan pendukung capres nomor urut 02.
Advertisement
Setelah menyanyikan lagu kebangsaan Indonesia Raya bersama-sama,
Prabowo
berpidato di mimbar panggung utama dengan didampingi Gibran di samping kirinya. ""Kita berkumpul di sini untuk mensyukuri hasil penghitungan sementara Pemilu dan
Pilpres 2024
. Saya mengucapkan terima kasih pada Mas Gibran, calon wakil presiden kita. Terima kasih juga buar para ketua partai dan para pendukung kita semua,"" ucap Prabowo.
Prabowo juga berterima kasih pada Ketua Umum PSI, Kaesang Pangarep yang ternyata tidak hadir di tempat itu. Yang paling riuh adalah saat Prabowo berterima kasih kepada mantan istrinya,
Titiek Soeharto
, yang duduk di barisan depan.
Saat Titiek berdiri dan melambaikan tangan kemudian duduk kemballi di bangkunya, putranya
Didit Hediprasetyo
yang duduk di sampingnya terlihat tersipu malu melihat momen tersebut. Ia sampai menutup mulutnya mendengar massa bertepuk tangan panjang atas ucapan Prabowo untuk Titiek. Selvi Ananda yang duduk di samping Didit juga ikut tersenyum melihatnya."
14/02/2024 20:43;SMRC 92,80%: Anies-Muhaimin 24,85%,Prabowo-Gibran 58,61%, Ganjar-Mahfud 16,54%;https://www.liputan6.com/pemilu/read/5528331/hasil-quick-count-smrc-9280-anies-muhaimin-2485-prabowo-gibran-5861-ganjar-mahfud-1654;"Liputan6.com, Jakarta -
Hasil Quick Count Saiful Mujani Research and Consulting (SMRC) menunjukkan paslon 02,
Prabowo Subianto
-Gibran Rakabuming Raka, sementara unggul di Pilpres 2024.
Data yang masuk sudah 92,80% hingga Rabu (14/2/2024) pukul 20.42 WIB.
Baca Juga
NasDem Pasang Target Masuk 3 Besar di Pemilu 2029, Konsolidasi jadi Fokus Utama
Pentingnya Layanan Pendidikan Tambahan Selain Sekolah, Mengingat Ketatnya Seleksi Masuk Perguruan Tinggi
Kinerja PPP di Pemilu 2024 Harus Dievaluasi, Bukan Saling Menyalahkan
Prabowo-Gibran mendapatkan 58,61%. Disusul
Anies Baswedan
-Muhaimin Iskandar dengan 24,85%.
Advertisement
Sementara
Ganjar Pranowo
-Mahfud Md 16,54%."
14/02/2024 20:28;Prabowo: Rakyat Berhak untuk Mendapat Pemimpin yang Dikehendaki;https://www.liputan6.com/pemilu/read/5528318/prabowo-rakyat-berhak-untuk-mendapat-pemimpin-yang-dikehendaki;"Liputan6.com, Jakarta
Calon presiden (Capres) nomor urut 2,
Prabowo
Subianto menyampaikan pidato di Istora Senayan, Jakarta pada Rabu (14/2/2024). Pidato itu disampaikan usai dirinya dinyatakan unggul dalam hasil hitung cepat sementara sejumlah lembaga survei di
Pilpres 2024
.
Dalam pidatonya, Prabowo mengucapakan rasa terima kasih kepada rakyat Indonesia yang telah mendukungnya di Pilpres 2024. Ia mengungkapkan bahwa rakyat berhak memiliki pemimpin yang dikehendaki.
BACA JUGA:
Daftar Nama Menteri yang Disebut Kena Reshuffle Kabinet, Ini Penjelasan Mensesneg
Baca Juga
Profil Ferry Juliantono, Dilantik Prabowo jadi Menteri Koperasi Gantikan Budi Arie Setiadi
Reshuffle Kabinet Prabowo, Ini Profil Menkeu Purbaya Yudhi Sadewa Pengganti Sri Mulyani
Reshuffle Kabinet Merah Putih, IHSG Berbalik Arah Memerah Jelang Penutupan
""Saudara-saudara sekalian rakyat yang menentukan, rakyat yang memutuskan, rakyat berhak untuk mendapat pemimpin yang dikehendaki oleh rakyat Indonesia,"" ucapnya di Istora Senayan, Rabu (14/2/2024).
Advertisement
Selain itu, Prabowo juga mengucapkan rasa terimakasih kepada para menyelenggara maupun pengawas Pemilu 2024 yang telah melaksanakan pesta demokrasi ini dengan aman dan tertib. Ia merasa bersyukur atas hasil hitung cepat atau quick count yang menunjukkan dirinya dan Gibran Rakabuming Raka menang sekali putaran.
""Kita bersyukur atas hasil penghitungan cepat yang sudah ada. Semua penghitungan semua lembaga survei termasuk lembaga-lembaga yang berada di pihak-pihak paslon lain, menunjukan angka-angka yang memang paslon Prabowo-Gibran menang sekali putaran,"" ujarnya."
14/02/2024 20:23;PrabowoSebut Berenang Bagus untuk Dirinya, Ini Sederet Manfaat Olahraga Air Ini;https://www.liputan6.com/health/read/5528313/prabowo-sebut-berenang-bagus-untuk-dirinya-ini-sederet-manfaat-olahraga-air-ini;"Liputan6.com, Jakarta
Video calon presiden nomor urut dua
Prabowo Subianto
berenang usai mencoblos pagi tadi ramai di media sosial. Dalam video tersebut Prabowo mengungkapkan alasan memilih olahraga dalam air itu.
Alasan pertama Prabowo memilih berenang lantaran olahraga tersebut paling tepat dengan kondisi fisiknya.
BACA JUGA:
Daftar Nama Menteri yang Disebut Kena Reshuffle Kabinet, Ini Penjelasan Mensesneg
BACA JUGA:
Prabowo Reshuffle Kabinet di 3 Kementerian Sektor Ekonomi, Ini Daftarnya
BACA JUGA:
VIDEO: Presiden Prabowo Sebut Tuntutan Rakyat Banyak yang Masuk Akal
BACA JUGA:
Prabowo: Ekonomi Indonesia Tetap Stabil Meski Diguncang Demonstrasi
Baca Juga
Profil Ferry Juliantono, Dilantik Prabowo jadi Menteri Koperasi Gantikan Budi Arie Setiadi
Reshuffle Kabinet Prabowo, Ini Profil Menkeu Purbaya Yudhi Sadewa Pengganti Sri Mulyani
Reshuffle Kabinet Merah Putih, IHSG Berbalik Arah Memerah Jelang Penutupan
""Saya punya masalah dengan kaki kiri. Jadi, saya enggak bisa (olahraga) yang berat-berat seperti lari. Berenang paling bagus bagi saya,"" kata Prabowo.
Advertisement
Selain itu,
Prabowo
juga menemukan alasan lain yakni berenang bisa menjadi media bagi dirinya merenung dalam ketenangan.
""Ternyata berenang ini saya bisa merenung di air,"" kata pria 72 tahun itu.
Berenang adalah Olahraga Low Impact
Berenang merupakan olahraga yang membuat tubuh terapung dalam air. Alhasil, ini akan mengurangi beban tubuh hingga 90 persen.
Lantaran aktivitas itu tidak membebani tubuh maka cocok untuk kelompok tertentu termasuk lanjut usia dan yang memiliki permasalahan sendi seperti disampaikan Associate Professor of Kinesiology at DePauw University, Amerika Serikat, Brian Wright.
""Seseorang juga dapat terus melakukannya hingga lanjut usia, dibandingkan dengan aktivitas menahan beban seperti lari,” kata Wright mengutip
Business Insider,
Rabu (14/2/2024).
Seseorang dengan permasalahan nyeri sendi juga merasakan lebih nyaman kala berolahraga di air. Selain itu, tekanan hidrostatik dapat membantu mengurangi sensitivitas nyeri pada persendian.
Secara khusus, penelitian menunjukkan bahwa orang dengan arthritis, masalah leher dan punggung, fibromyalgia, dan obesitas memperoleh manfaat dari
berenang
."
14/02/2024 20:22;PrabowoKenal Semua Presiden: Pernah Diangkat Soekarno, Makan Siang Bareng Soeharto, dan Jadi Tukang;https://www.liputan6.com/pemilu/read/5528314/cerita-prabowo-kenal-semua-presiden-pernah-diangkat-soekarno-makan-siang-bareng-soeharto-dan-jadi-tukang-pijit-gus-dur;"Liputan6.com, Jakarta -
Calon Presiden nomor urut dua
Prabowo Subianto
melakukan pidato politik di Istora Senayan Jakarta, Rabu (14/2/2024) malam. Dalam pidatonya, Prabowo menceritakan dirinya mengenal semua Presiden RI.
""Hampir semua Presiden saya kenal. Bung Karno (Soekarno) saya tidak kenal, karena masih kecil, tapi saya pernah diangkat beliau. Kalau Presiden kedua (Soeharto), saya lumayan kenal juga, kenapa kalian ketawa? Kalian gak percaya?"" tanya Prabowo kepada pendukungnya di Istora Senayan Jakarta.
Baca Juga
NasDem Pasang Target Masuk 3 Besar di Pemilu 2029, Konsolidasi jadi Fokus Utama
Pentingnya Layanan Pendidikan Tambahan Selain Sekolah, Mengingat Ketatnya Seleksi Masuk Perguruan Tinggi
Kinerja PPP di Pemilu 2024 Harus Dievaluasi, Bukan Saling Menyalahkan
""Presiden kedua saya sering makan siang dengan beliau. Presiden ketiga (BJ Habibie) saya juga kenal. Presiden keempat (Gus Dur) juga kenal, saya dulu tukang pijitnya Gus Dur. Kalu enggak percaya tanya yang kenal Gus Dur.""
Advertisement
Prabowo juga menceritakan dirinya kenal baik dengan Presiden SBY hingga Jokowi.
""Dulu sempat kawan masuk AKABRI sama-sama (bareng SBY), tapi karena akademi militer sangat sayang sama saya, saya ditahan, dikasih beasiswa tambah satu tahun.""
""Presiden Jokowi juga saya sangat kenal. Beliau pekerja yang sangat keras. Tidak ada capeknya. Menteri-menterinya kewalahan ikut beliau,"" pungkasnya."
14/02/2024 20:09;Prabowo: Semua Hasil Hitung Cepat TunjukkanPrabowo-Gibran Menang 1 Putaran;https://www.liputan6.com/pemilu/read/5528304/prabowo-semua-hasil-hitung-cepat-tunjukkan-prabowo-gibran-menang-1-putaran;"Liputan6.com, Jakarta -
Calon presiden (capres) nomor urut 02
Prabowo Subianto
mengatakan, pencoblosan Pemilu 2024 telah dilaksanakan pada hari ini, Rabu (14/2/2024). Dia mengatakan, berdasarkan hasil hitung cepat lembaga survei menunjukkan pasangan Prabowo-Gibran menang dalam satu putaran.
""Saudara sekalian, atas nama tim
Prabowo-Gibran
dan Indonesia maju kita bersyukur atas hasil hitung cepat yang sudah ada. Semua penghitungan semua lembaga survei termasuk lembaga lembaga yang berada di pihak pihak paslon lain, menunjukkan angka angka yang memang paslon Prabowo-Gibran menang 1 putaran,"" kata Prabowo Subianto dalam pidato dan deklarasi kemenangan di Istora Senayan, Rabu (14/2/2024).
BACA JUGA:
Daftar Nama Menteri yang Disebut Kena Reshuffle Kabinet, Ini Penjelasan Mensesneg
BACA JUGA:
Prabowo Reshuffle Kabinet di 3 Kementerian Sektor Ekonomi, Ini Daftarnya
Baca Juga
Profil Ferry Juliantono, Dilantik Prabowo jadi Menteri Koperasi Gantikan Budi Arie Setiadi
Reshuffle Kabinet Prabowo, Ini Profil Menkeu Purbaya Yudhi Sadewa Pengganti Sri Mulyani
Reshuffle Kabinet Merah Putih, IHSG Berbalik Arah Memerah Jelang Penutupan
Prabowo mengatakan, kita patut bersyukur pemilihan umum (pemilu) di Indonesia yang diakui sebagai pemilihan umum terbesar di dunia, dilaksanakan dengan aman, tertib, sejuk, tidak ada ketegangan dan kekisruhan.
Advertisement
Untuk itu, atas nama Tim Kampanye Nasional Prabowo-Gibran dan atas nama Koalisi Indonesia maju, Prabowo ingin menyampaikan terima kasih bahwa pemilu berjalan dengan lancar dan sukses.
""Kita melihat rakyat di seluruh pelosok Tanah Air datang berbondong-bondong ke TPS melaksanakan pemilu dengan riang dengan tenang dengan suasana kekeluargaan dan dengan penuh kedamaian,"" tandas
Prabowo
."
14/02/2024 20:07;Deklarasi Kemenangan Pilpres 2024,Prabowo: Kita Tidak Boleh Sombong dan Jumawa;https://www.liputan6.com/pemilu/read/5528302/deklarasi-kemenangan-pilpres-2024-prabowo-kita-tidak-boleh-sombong-dan-jumawa;"Liputan6.com, Jakarta -
Pasangan calon presiden dan wakil presiden (Capres-Cawapres) nomor urut 02
Prabowo Subianto
-Gibran Rakabuming Raka menyampaikan pidato dan deklarasi kemenangan di Istora Senayan, Jakarta, Rabu (14/2/2024) malam
Dalam pidatonya,
Prabowo
menyatakan bahwa paslon nomor urut 02 menang satu putaran dalam Pemilihan Presiden (Pilpres) 2024. Hal itu berdasarkan hasil hitung cepat atau
quick count
sejumlah lembaga survei usai pencoblosan.
BACA JUGA:
Daftar Nama Menteri yang Disebut Kena Reshuffle Kabinet, Ini Penjelasan Mensesneg
BACA JUGA:
Prabowo Reshuffle Kabinet di 3 Kementerian Sektor Ekonomi, Ini Daftarnya
Baca Juga
Profil Ferry Juliantono, Dilantik Prabowo jadi Menteri Koperasi Gantikan Budi Arie Setiadi
Reshuffle Kabinet Prabowo, Ini Profil Menkeu Purbaya Yudhi Sadewa Pengganti Sri Mulyani
Reshuffle Kabinet Merah Putih, IHSG Berbalik Arah Memerah Jelang Penutupan
Meski begitu, Prabowo meminta pendukungnya untuk tidak sombong.
Advertisement
""Saya bersama Mas
Gibran
berpesan menyampaikan walaupun kita bersyukur kita tidak boleh sombong, kita tidak boleh jumawa, kita tidak boleh euforia, kita tetap harus rendah hati,"" kata Prabowo dalam pidatonya di Istora Senayan, Jakarta, Rabu (14/2/2024) malam.
Menurut Prabowo, kemenangan ini merupakan kemenangan untuk seluruh rakyat Indonesia.
""
Prabowo-Gibran
dan seluruh Koalisi Indonesia Maju, kami akan merangkul semua unsur dan semua kekuatan,"" kata Prabowo Subianto."
14/02/2024 20:04;Istora Senayan,PrabowoSapa Sejumlah Tokoh: dari Ketum Parpol, Titiek Soeharto hingga Deddy Corbuzier;https://www.liputan6.com/pemilu/read/5528303/pidato-di-istora-senayan-prabowo-sapa-sejumlah-tokoh-dari-ketum-parpol-titiek-soeharto-hingga-deddy-corbuzier;"Liputan6.com, Jakarta -
Calon Presiden nomor urut dua
Prabowo Subianto
melakukan pidato politik di Istora Senayan Jakarta, Rabu (14/2/2024) malam. Prabowo mengawali pidatonya dengan menyapa sejumlah tokoh.
""Saudara sekalian marilah kita tidak hentinya memanjatkan puji syukur kehadiran Allah SWT kita masih diberi kesehatan berkumpul di tempat bersejarah untuk menyambut hasil sementara dari pilpres yang baru dilaksanakan seluruh rakyat Indonesia di dalam dan luar negeri,"" kata Prabowo mengawali pidatonya.
Baca Juga
NasDem Pasang Target Masuk 3 Besar di Pemilu 2029, Konsolidasi jadi Fokus Utama
Pentingnya Layanan Pendidikan Tambahan Selain Sekolah, Mengingat Ketatnya Seleksi Masuk Perguruan Tinggi
Kinerja PPP di Pemilu 2024 Harus Dievaluasi, Bukan Saling Menyalahkan
Dari hasil hitung cepat (
quick count
) sementara, Prabowo Subianto-Gibran Rakabuming Raka unggul atas paslon Anies Baswedan-Muhaimin Iskandar dan Ganjar Pranowo-Mahfud Md. Prabowo-Gibran memperoleh di atas 50 persen suara.
Advertisement
Prabowo juga menyapa sejumlah tokoh penting di Istora Senayan. Diawali dari Gibran dan istrinya Selvi Ananda. Kemudian para ketum parpol seperti Airlangga Hartarto (Golkar), Zulkifli Hasan (PAN), Agus Harimurti Yudhoyono (Demokrat).
Kemudian Prabowo juga menyapa sejumlah menteri Kabinet Indonesia Maju yang hadir dan para pimpinan parpol, termasuk Titiek Soeharto (Wakil Ketua Dewan Pembina Partai Gerindra). Nama populer lain yang disapa adalah Gus Miftah dan Deddy Corbuzier."
14/02/2024 19:58;Hasil Hitung Cepat 90%,CSIS PastikanPrabowo-Gibran Unggul;https://www.liputan6.com/bisnis/read/5528301/hasil-hitung-cepat-90csis-pastikan-prabowo-gibran-unggul;"Liputan6.com, Jakarta -
Sejumlah lembaga survei sudah mulai mengumumkan hasil dari perhitungan cepat atau
quick count
yang diambil dari sejumlah Tempat Pemungutan Suara (TPS) mengenai hasil Pemilihan Umum
(Pemilu) 2024
pada hari ini.
Salah satu lembaga survei yang sudah mengumumkan data suara hingga 90 persen di seluruh provinsi Indonesia adalah Centre for Strategic and International Studies (
CSIS
). Pengumpulan data suara diambil dari 2.000 TPS yang tersebar secara proporsional di 38 provinsi di Indonesia.
BACA JUGA:
Daftar Nama Menteri yang Disebut Kena Reshuffle Kabinet, Ini Penjelasan Mensesneg
BACA JUGA:
Prabowo Reshuffle Kabinet di 3 Kementerian Sektor Ekonomi, Ini Daftarnya
Baca Juga
Profil Ferry Juliantono, Dilantik Prabowo jadi Menteri Koperasi Gantikan Budi Arie Setiadi
Reshuffle Kabinet Prabowo, Ini Profil Menkeu Purbaya Yudhi Sadewa Pengganti Sri Mulyani
Reshuffle Kabinet Merah Putih, IHSG Berbalik Arah Memerah Jelang Penutupan
Dari data yang masuk 90 persen pada pukul 18.31 WIB, pasangan calon (Paslon) nomor urut 02
Prabowo-Gibran
unggul dengan angka 58,23 persen. Disusul paslon nomor urut 01, Anies Baswedan dan Muhaimin Iskandar sebesar 25,04 persen. Kemudian di urutan ketiga ada Ganjar Pranowo dan Mahfud MD 16,73 persen.
Advertisement
""Saat ini kita sudah masuk angka di atas 90 persen dan kecenderungan data sangat stabil,"" kata Ketua Departemen dan Perubahan Sosial CSIS, Arya Fernandes, dalam konferensi pers, Jakarta, Rabu (14/2/2024).
Arya meyakini hasil dari selisih quick countnya dengan hasil real KPU tidak akan berbeda jauh. Hal itu terlihat dari pengalaman tahun 2019 yang memilimi perbedaan data hanya 0,12 persen.
""Selisih antara quick count dengan hasil real KPU tidak berbeda jauh. Pengalaman kita 2019 perbedaan antara quick count dan KPU hasil hanya 0,12 persen,"" pungkasnya.
Reporter: Siti Ayu Rachma
Sumber: Merdeka.com"
14/02/2024 19:16;Asing Sorot Quick Count Pemilu 2024 Indonesia, SebutPrabowoSubianto Memimpin Gantikan Presiden Jokowi;https://www.liputan6.com/global/read/5528271/media-asing-sorot-quick-count-pemilu-2024-indonesia-sebut-prabowo-subianto-memimpin-gantikan-presiden-jokowi;"Liputan6.com, Jakarta -
Momen hajatan akbar demokrasi Indonesia,
Pemilu 2024
telah dilangsungkan pada Rabu 14 Februari 2024. Lalu kapan hasil Pemilu 2024 akan diumumkan?
Setelah proses pemungutan suara selesai, langkah selanjutnya adalah perhitungan suara. Berdasarkan Info
Pemilu
dari Komisi Pemilihan Umum (KPU), pemungutan dan penghitungan suara diagendakan pada 14-15 Februari 2024.
Pasal 49 ayat 1 Peraturan Komisi Pemilihan Umum (PKPU) Nomor 25 Tahun 2023 menyebutkan bahwa, ""Waktu penghitungan suara di TPS dimulai setelah pemungutan suara selesai, dan berakhir pada hari yang sama dengan hari pemungutan suara.""
Advertisement
KPU kemudian memberikan tambahan satu hari dengan mempertimbangkan ayat 2 sebagai berikut, ""Dalam hal penghitungan suara belum selesai pada waktu sebagaimana dimaksud pada ayat (1), penghitungan suara dapat diperpanjang tanpa jeda paling lama 12 (dua belas) jam sejak berakhirnya hari pemungutan suara.""
Jelang pengumuman Pemilu 2024, sejumlah lembaga sudah bersertifikasi untuk ikut serta dalam proses hitung cepat atau
Quick Count
di Pemilu 2024 ke Komisi Pemilihan Umum (KPU).
Dengan informasi
Quick Count
ini diharapkan dapat memberikan informasi mengenai hasil perhitungan suara sementara dengan cepat. Proses tersebut ternyata juga
disorot media asing.
Mayoritas pemberitaan media asing memberitakan calon presiden dan calon wakil presiden,
Prabowo Subianto
-Gibran Rakabuming Raka yang unggul di
Quick Count
.
Salah satunya adalah
Associated Press (AP)
yang menjuduli artikelnya dengan
""Defense Minister Subianto leads in early, unofficial counts of Indonesia’s presidential race"".
""Menteri Pertahanan Prabowo Subianto memimpin dengan kuat dalam penghitungan awal pemilihan presiden
Indonesia
yang tidak resmi pada hari Rabu (14/2/2024), yang menunjukkan bahwa mantan jenderal tersebut mungkin dapat menghindari pemilihan putaran kedua. Kandidat berusia 72 tahun ini telah menampilkan dirinya sebagai pewaris Presiden Joko Widodo yang sangat populer, yang putranya ia pilih sebagai calon wakil presiden.,"" tulis
AP
."
14/02/2024 19:13;CSIS 90,60%: Anies-Muhaimin 24,96%,Prabowo-Gibran 58,24%, Ganjar-Mahfud 16,79%;https://www.liputan6.com/pemilu/read/5528270/hasil-quick-count-csis-9060-anies-muhaimin-2496-prabowo-gibran-5824-ganjar-mahfud-1679;"Liputan6.com, Jakarta -
Hasil hitung cepat atau
quick count
Pemilihan Presiden (Pilpres) 2024 tengah berlangsung. Berdasarkan hasil sementara quick count Lembaga Centre for Strategic and International Studies (CSIS) pada Rabu (14/2/2024) pukul 18.45 WIB dengan total suara yang masuk 90,60 persen, pasangan
Prabowo-Gibran
masih unggul.
Capres-cawapres nomor urut 2 itu unggul dengan persentase 58,24 persen, diikuti pasangan
Anies-Muhaimin
dengan 24,96 persen.
Sedangkan pasangan nomor urut 3, Ganjar-Mahfud meraih 16,79 persen.
Advertisement
Adapun hitung cepat ini dilakukan menggunakan populasi 2.000 TPS yang tersebar di 38 Provinsi. Sampel dipilih dengan metode Multistage Random Sampling.
Sedangkan untuk Tingkat kepercayaan Quick Count ini 95 persen dengan Margin of Error ±1%. Quick Count ini paling tidak melibatkan 1 juta pemilih."
14/02/2024 19:00;Relawan Beri Ucapan Selamat kepadaPrabowo-Gibran yang Menang Versi Quick Count;https://www.liputan6.com/pemilu/read/5528381/relawan-beri-ucapan-selamat-kepada-prabowo-gibran-yang-menang-versi-quick-count;"Liputan6.com, Jakarta -
Ketua Dewan Pembina Barisan Relawan for Gibran
(Barisan RFG)
Reza Pahlevi mengucapkan selamat kepada Pasangan Calon 02 Prabowo-Gibran yang telah memenangi Pilpres sekali putaran menurut versi hitung cepat sebagian besar lembaga survei kredibel.
“Ini berkat kerja keras, kerja ikhlas dan kerja tuntas seluruh perangkat pemenangan Paslon 02
Prabowo-Gibran
. Barisan RFG bangga menjadi bagian dari sejarah memenangkan pemimpin baru Indonesia yang akan melanjutkan keberhasilan pembangunan 2 periode Presiden Jokowi,"" kata Reza dalam keterangannya, Rabu (14/2/2024).
Reza mengungkapkan dari hasil hitung cepat yang masuk, mustahil terjadi perubahan signifikan perolehan suara.
Advertisement
“Dari sejumlah lembaga survei terpercaya sudah jelas Pak Prabowo dan Mas Gibran memenangkan Pilpres sekali putaran dengan angka mendekati 60 persen,"" tambah dia.
Lebih lanjut, Reza menegaskan, Barisan RFG akan terus mengawal kemenangan sementara versi hitung cepat hingga keluar rekapitulasi resmi dari KPU pada 20 Maret 2024.
""Barisan RFG bersama kelompok relawan pendukung Paslon ‘02 akan mengawal kemenangan sekali putaran ini hingga Pak Prabowo dan Mas Gibran resmi dilantik menjadi Presiden dan Wakil Presiden 2024-2029,"" tukas Reza.
Di sisi lain, sambung Reza, dukungan Barisan RFG bukan hanya sebatas pada Pilpres 2024, namun juga selama Prabowo dan Gibran memimpin Republik ini hingga akhir masa jabatan.
""Barisan RFG akan menginternalisasikan setiap program dan Visi-Misi Pak Prabowo dan Mas Gibran. Terutama program unggulan seperti makan siang dan susu gratis serta program keberlanjutan Presiden Jokowi seperti hilirisasi sumber daya alam dan menjadikan UMKM di daerah naik kelas,"" pungkas Reza."
14/02/2024 18:56;SMRC 84%: Anies-Muhaimin 25,14%,Prabowo-Gibran 58,31%, Ganjar-Mahfud 16,56%;https://www.liputan6.com/pemilu/read/5528263/hasil-quick-count-smrc-84-anies-muhaimin-2514-prabowo-gibran-5831-ganjar-mahfud-1656;"Liputan6.com, Jakarta -
Hasil Quick Count Saiful Mujani Research and Consulting (SMRC) menunjukkan paslon 02,
Prabowo Subianto
-Gibran Rakabuming Raka, sementara unggul di Pilpres 2024.
Data yang masuk sudah 84% hingga Rabu (14/2/2024) pukul 18.55 WIB.
Baca Juga
NasDem Pasang Target Masuk 3 Besar di Pemilu 2029, Konsolidasi jadi Fokus Utama
Pentingnya Layanan Pendidikan Tambahan Selain Sekolah, Mengingat Ketatnya Seleksi Masuk Perguruan Tinggi
Kinerja PPP di Pemilu 2024 Harus Dievaluasi, Bukan Saling Menyalahkan
Prabowo-Gibran mendapatkan 58,31%. Disusul
Anies Baswedan
-Muhaimin Iskandar dengan 25,14%.
Advertisement
Sementara
Ganjar Pranowo
-Mahfud Md 16,56%."
14/02/2024 18:53;Quick Count KedaiKOPI 88,9 %: Anies-Muhaimin 24.2%,Prabowo-Gibran 58.96%, Ganjar-Mahfud 16.84%;https://www.liputan6.com/pemilu/read/5528260/hasil-quick-count-kedaikopi-889-anies-muhaimin-242-prabowo-gibran-5896-ganjar-mahfud-1684;"Liputan6.com, Jakarta -
Hasil perhitungan cepat atau quick count
Pilpres 2024
telah dimulai. Berdasarkan hasil sementara quick count KedaiKOPI pada Rabu (14/2/2024), pasangan Prabowo Subianto dan Gibran Rakabuming Raka unggul.
Hasil sementara quick count
KedaiKOPI
pada Rabu (14/2/2024), pukul 18.33 WIB, total suara masuk 88,9 persen menunjukkan rincian sebagai berikut:
Anies Baswedan - Muhaimin Iskandar: 24.2 %
Advertisement
Prabowo Subianto - Gibran Rakabuming Raka: 58.96%
Ganjar Pranowo - Mahfud Md: 16.84%
Quick count KedaiKopi
menggunakan populasi 2.000 TPS yang tersebar di 38 Provinsi. Sampel dipilih dengan metode Multistage Random Sampling. Margin of Error quick count ini ±0,18% pada tingkat kepercayaan 95%."
14/02/2024 18:41;Prabowo-Gibran Menang Telak di TPS Khusus Rutan Bareskrim Polri;https://www.liputan6.com/pemilu/read/5528251/prabowo-gibran-menang-telak-di-tps-khusus-rutan-bareskrim-polri;"Liputan6.com, Jakarta -
Pasangan calon presiden dan calon wakil presiden (Capres-cawapres) nomor urut 02,
Prabowo
Subianto-Gibran Rakabuming Raka berhasil meraih suara mayoritas berdasarkan hasil perhitungan dari TPS Khusus 901 Rutan Bareskrim Polri.
Dari total daftar 95 pemilih tahanan Rutan
Bareskrim Polri
, Prabowo - Gibran berhasil meraih sebanyak 60 suara.
BACA JUGA:
Daftar Nama Menteri yang Disebut Kena Reshuffle Kabinet, Ini Penjelasan Mensesneg
BACA JUGA:
Prabowo Reshuffle Kabinet di 3 Kementerian Sektor Ekonomi, Ini Daftarnya
Baca Juga
Profil Ferry Juliantono, Dilantik Prabowo jadi Menteri Koperasi Gantikan Budi Arie Setiadi
Reshuffle Kabinet Prabowo, Ini Profil Menkeu Purbaya Yudhi Sadewa Pengganti Sri Mulyani
Reshuffle Kabinet Merah Putih, IHSG Berbalik Arah Memerah Jelang Penutupan
Perolehan itu, jauh di atas paslon Anies Baswedan - Muhaimin Iskandar (Cak Imin) dengan 27 suara. Lalu, Paslon nomor urut 03, Ganjar Pranowo - Mahfud MD dengan 7 suara. Sedangkan untuk suara tidak sah hanya ada 1 suara.
Advertisement
Kabag Tahti Rorenmin Bareskrim Polri, Kombes Gatot Agus Budi Utomo menjelaskan proses pemilu di Rutan Bareskrim Polri adalah bentuk menjaga hak memilih bagi para tahanan.
Dimana, pembentukan TPS Khusus 901 telah sesuai aturan dan berkoordinasi dengan KPU Kota Jakarta Selatan yang bertugas memfasilitasi proses pemungutan dan perhitungan suara para tahanan.
""Sesuai hasil koordinasi dengan KPU Kota Jaksel akan disiapkan 1 TPS Loksus di Rutan Bareskrim untuk melayani para tahanan. KPU juga menyiapkan 7 petugas KPPS dan 2 petugas Pamsung untuk mendukung pelaksanaan pencoblosan,"" jelas Gatot saat dikonfirmasi, Selasa (13/2) kemarin."
14/02/2024 18:29;Denny JA 91,40% : Anies-Muhaimin 24,99%,Prabowo-Gibran 58,46%, Ganjar-Mahfud 16,55%;https://www.liputan6.com/pemilu/read/5528246/hasil-quick-count-lsi-denny-ja-9140-anies-muhaimin-2499-prabowo-gibran-5846-ganjar-mahfud-1655;"Liputan6.com, Jakarta -
Hasil perhitungan cepat atau quick count pasangan calon presiden (capres) dan calon wakil presiden (cawapres) peserta Pilpres 2024 sedang berlangsung. Berdasarkan hasil sementara quick count
LSI Denny JA
pada Rabu (14/2/2024), pasangan Prabowo Subianto dan Gibran Rakabuming Raka unggul.
Hasil sementara
quick count
LSI Denny JA pada Rabu (14/2/2024), pukul 18.04 WIB, total suara masuk 91,40 persen menunjukkan rincian sebagai berikut:
Pasangan capres-cawapres nomor urut 01
Anies Baswedan
- Muhaimin Iskandar: 24,99 persen
Advertisement
Pasangan capres-cawapres nomor urut 02
Prabowo Subianto
- Gibran Rakabuming Raka: 58,46 persen
Pasangan capres-cawapres nomor urut 03
Ganjar Pranowo
- Mahfud Md: 16,55 persen
Quick count LSI Denny JA menggunakan populasi 2.000 TPS yang tersebar di 38 provinsi. Sampel dipilih dengan metode multistage random sampling.
Tingkat kepercayaan quick count ini 99 persen dengan margin of error ±1 persen.
Pantau hasil Quick Count Pemilu 2024 selengkapnya di Liputan6.com dalam tautan ini
https://www.liputan6.com/pages/quickcount-pemilu-2024"
14/02/2024 18:22;Prabowo-Gibran Bakal Pidato dan Deklarasi Kemenangan di Istora Senayan Malam Ini;https://www.liputan6.com/pemilu/read/5528240/prabowo-gibran-bakal-pidato-dan-deklarasi-kemenangan-di-istora-senayan-malam-ini;"Liputan6.com, Jakarta -
Calon Presiden (Capres) dan Calon Wakil Presiden (Cawapres) nomor urut 02
Prabowo Subianto-Gibran Rakabuming Raka
dijadwalkan bakal melakukan deklarasi kemenangan Pemilihan Umum atau Pemilu 2024.
Deklarasi kemenangan
Prabowo-Gibran tersebut bakal dilakukan sekitar pukul 19.00 WIB pada hari ini, Rabu (14/2/2024) di Istora Senayan Jakarta.
Berdasarkan keterangan yang diterima
Liputan6.com
,
Prabowo-Gibran
dijadwalkan bakal memberikan pidato mulai pukul 19.00 sampai 19.30 WIB.
Advertisement
Saat ini diketahui,
Prabowo
berkumpul bersama elite Tim Kampanye Nasional (TKN) Prabowo-Gibran di kediaman Kertanegara IV, Jakarta Selatan (Jaksel) dan Gibran baru saja tiba di Bandara dari Solo, Jawa Tengah (Jateng).
Sebelumnya, Tim Kampanye Nasional atau TKN Prabowo-Gibran menggelar nonton bareng penghitungan cepat atau
quick count
Pemilu 2024 di
Istora Senayan
, Jakarta.
Pasangan capres-cawapres nomor urut 2 Prabowo Subianto dan
Gibran Rakabuming Raka
juga dijadwalkan akan hadir dalam nobar itu ketika quick count sudah mencapai 80 persen lebih.
""Besok siang dalam rangka untuk menyambut kemenangan Pak Prabowo,
Gibran
, TKN akan melaksanakan nobar quick count bersama di Istora Senayan,"" kata Sekretaris Tim Kampanye Nasional (TKN) Prabowo-Gibran, Nusron Wahid di Media Center TKN, Jakarta Selatan, Selasa 13 Februari 2024
""Pintu mulai dibuka jam 14.00 WIB sampai selesai dan nanti ketika quick count-nya sudah mencapai angka ya 80 sampai 90 persen, nanti paslon baik pak capres maupun pak cawapres Pak Prabowo dan Mas Gibran akan hadir di sana,"" sambungnya.
Nusron mengatakan, seluruh pengurus TKN, ketua umum partai Koalisi Indonesia Maju dan elite partai akan ikut berkumpul di Istora Senayan. Dia menerangkan, nobar tersebut terbuka untuk umum tapi kapasitasnya terbatas.
""Karena itu kami harapkan para relawan dan teman-teman yang lain untuk bersama-sama mengawal kemenangan Pak Prabowo-Gibran ini secara serius dan nanti kita akan kumpul di Istora besok siang sampai sore mungkin sampai malam akan ada acara di situ,"" ucapnya."
14/02/2024 18:13;Politik 80,30%: Anies-Muhaimin 25,62%,Prabowo-Gibran 57,98%, Ganjar-Mahfud 16,40%;https://www.liputan6.com/pemilu/read/5528233/hasil-quick-count-indikator-politik-8030-anies-muhaimin-2562-prabowo-gibran-5798-ganjar-mahfud-1640;"Liputan6.com, Jakarta
Pasangan calon presiden (capres) dan calon wakil presiden (cawapres) nomor urut 2 Prabowo Subianto-Gibran Rakabuming Raka unggul dalam hitung cepat atau
quick count
pemilihan presiden (pilpres) 2024.
Berdasarkan
quick count
Indikator Politik Indonesia dengan suara masuk 80,30 persen,
Prabowo-Gibran
masih unggul dengan perolehan suara 57,87 persen.
Disusul pasangan nomor urut 1 Anies Baswedan-Muhaimin Iskandar 25,61 persen, kemudian pasangan nomor 3 Ganjar Pranowo-Mahfud Md 16,52 persen.
Advertisement
Quick count
Indikator Politik
menggunakan populasi 3.000 TPS yang tersebar di 38 provinsi.
Sampel dipilih dengan metode
stratified cluster random sampling
. Tingkat kepercayaan
quick count
ini 95 persen.
Pantau hasil Quick Count Pemilu 2024 selengkapnya di
Liputan6.com
dalam tautan ini
https://www.liputan6.com/pages/quickcount-pemilu-2024"
14/02/2024 18:12;Politika 80,95%: Anies-Muhaimin 25,69%,Prabowo-Gibran 57,66%, Ganjar-Mahfud 16,63%;https://www.liputan6.com/pemilu/read/5528229/hasil-quick-count-charta-politika-8095-anies-muhaimin-2569-prabowo-gibran-5766-ganjar-mahfud-1663;"Liputan6.com, Jakarta -
Proses hitung cepat atau quick count Pemilihan Presiden (Pilpres) 2024 tengah berlangsung. Berdasarkan aturan, hasil
quick count
bisa diumumkan ke publik mulai pukul 15.00 WIB usai pencoblosan Pemilihan Umum (Pemilu) 2024.
Hasil sementara quick count
Charta Politika Indonesia
pada Rabu (14/2/2024) pukul 18.05 WIB, total suara masuk mencapai 80,95 persen. Adapun rinciannya adalah sebagai berikut:
Pasangan capres-cawapres nomor urut 01
Anies Baswedan
-Muhaimin Iskandar: 25,69 persen.
Advertisement
Pasangan capres-cawapres nomor urut 02
Prabowo Subianto
-Gibran Rakabuming Raka: 57,66 persen.
Pasangan capres-cawapres nomor urut 03
Ganjar Pranowo
-Mahfud Md: 16,63 persen.
Sebagai informasi, quick count Charta Politika Indonesia menggunakan populasi 2.000 tempat pemungutan suara (TPS) yang tersebar di 38 Provinsi.
Sampel dipilih dengan metode Stratified Clustered Random Sampling. Margin of Error quick count
Charta Politika
yakni ±1% pada tingkat kepercayaan 99%.
Pantau hasil Quick Count Pemilu 2024 selengkapnya di
Liputan6.com
dalam
tautan ini
."
14/02/2024 18:01;Prabowo-Gibran Menang di TPS Khusus Rutan Polda Metro Jaya;https://www.liputan6.com/news/read/5528222/prabowo-gibran-menang-di-tps-khusus-rutan-polda-metro-jaya;"Liputan6.com, Jakarta -
Pasangan calon (paslon) capres dan cawapres nomor urut 02
Prabowo Subianto
-
Gibran Rakabuming Raka
menang di TPS di Rutan Polda Metro Jaya. Pasangan tersebut meraih dukungan suara mayoritas dari para tahanan Polda Metro Jaya pada Pemilu 2024.
Tercatat ada 204 daftar pemilih yang terbagi menjadi dua TPS khusus. Sesuai rekapitulasi, ada 81 suara dan 4 suara tidak sah untuk TPS di rutan Resnarkoba. Lalu, 123 suara dengan 4 di antaranya juga tidak sah untuk TPS di rutan Reskrimum
Polda Metro Jaya
.
Baca Juga
OTT KPK Jerat Wamenaker Immanuel Ebenezer, Simak Gaji Wakil Menteri Saat Ini
Dari semua suara yang telah dihitung total, pasangan nomor urut 02
Prabowo-Gibran
meraup 145 suara berdasarkan hasil suara dari tahanan Reskrimum, Reskrimsus hingga Resnarkoba Polda Metro Jaya.
Advertisement
Sementara untuk paslon nomor urut 03, Ganjar Pranowo-Mahfud Md mendapat 27 suara. Di posisi terakhir, ada paslon nomor urut 01, Anies Baswedan- Muhaimin Iskandar hanya mendapatkan 24 suara.
Terkait itu, Kabid Humas Polda Metro Jaya Kombes Ade Ary Syam Indradi mengatakan dalam hal ini polisi menyiapkan dua tempat pemungutan suara (TPS) untuk para tahanan.
""Rutan Polda Metro Jaya menyiapkan dua TPS di Lokasi khusus untuk mengakomodir tahanan reskrimum, reskrimsus dan tahanan kasus narkoba,"" kata Ade Ary saat dihubungi, Rabu (14/2/2024).
Ade Ary mengatakan, pelaksanaan pencoblosan para tahanan sudah dijalankan sesuai prosedur Keputusan KPU Nomor 66 Tahun 2024. Dengan berkoordinasi bersama pihak penyelenggara KPU serta Bawaslu.
""Polda Metro Jaya siap dan fokus pada pengawalan dan pengamanan Pemilu,"" tuturnya."
14/02/2024 18:00;Prabowo-Gibran Unggul Versi Quick Count, Wiranto: Kita Syukuri;https://www.liputan6.com/pemilu/read/5528219/prabowo-gibran-unggul-versi-quick-count-wiranto-kita-syukuri;"Liputan6.com, Jakarta -
Dewan Pembina TKN Prabowo-Gibran Jenderal TNI (Purn) Wiranto turut menanggapi hasil hitung cepat atau quick count pada pemilu 2024.
Pasangan capres dan cawaprws nomor urut 2,
Prabowo Subianto
dan
Gibran Rakabuming Raka
menang telak dibandingkan dua calon lainnya. Wiranto mengaku bersyukur atas perolehan suara yang diraih oleh paslon nomor urut 2.
Baca Juga
NasDem Pasang Target Masuk 3 Besar di Pemilu 2029, Konsolidasi jadi Fokus Utama
Pentingnya Layanan Pendidikan Tambahan Selain Sekolah, Mengingat Ketatnya Seleksi Masuk Perguruan Tinggi
Kinerja PPP di Pemilu 2024 Harus Dievaluasi, Bukan Saling Menyalahkan
Kendati, hasil real count masih berproses, namun dilihat dari hitung cepat Prabowo-Gibran unggul jauh ketimbang calon lain.
Advertisement
""Hitungan secara real masih terus berlangsung. Walaupun memang Biasanya quick count tidak terlalu berselisih banyak dengan hasil real. Oleh karena itu kita syukuri sekarang ini,"" kata Wiranto di Djakarta Theater, Jakarta Pusat, Rabu (14/2/2024)."
14/02/2024 17:55;CSIS 85,05%: Anies-Muhaimin 25,04%,Prabowo-Gibran 58,22%, Ganjar-Mahfud 16,74%;https://www.liputan6.com/pemilu/read/5528217/hasil-quick-count-csis-8505-anies-muhaimin-2504-prabowo-gibran-5822-ganjar-mahfud-1674;"Liputan6.com, Jakarta -
Hasil hitung cepat atau quick count Pemilihan Umum Presiden
(Pilpres) 2024
tengah berlangsung. Berdasarkan hasil sementara
quick count
Lembaga Centre for Strategic and International Studies (CSIS) pada Rabu (14/2/2024) pukul 17.40 WIB dengan total suara yang masuk 85,05 persen, pasangan Prabowo-Gibran masih tetap unggul.
Capres-cawapres nomor urut 2
Prabowo-Gibran
unggul dengan persentase 58,22 persen, diikuti pasangan Anies-Muhaimin dengan 25,04 persen.
Sedangkan pasangan nomor urut 3, Ganjar-Mahfud meraih 16,74 persen.
Advertisement
Adapun hitung cepat ini dilakukan menggunakan populasi 2.000 TPS yang tersebar di 38 Provinsi. Sampel dipilih dengan metode Multistage Random Sampling.
Sedangkan untuk Tingkat kepercayaan Quick Count ini 95 persen dengan Margin of Error ±1%. Quick Count ini paling tidak melibatkan 1 juta pemilih."
14/02/2024 17:45;Count KPU 5,61%: Anies-Muhaimin 21,85%,Prabowo-Gibran 57,74%, Ganjar-Mahfud 20,42%;https://www.liputan6.com/pemilu/read/5528209/hasil-real-count-kpu-561-anies-muhaimin-2185-prabowo-gibran-5774-ganjar-mahfud-2042;"Liputan6.com, Jakarta -
Komisi Pemilihan Umum Republik Indonesia (KPU RI) mulai mengumumkan hasil hitung suara atau
real count
Pemilihan Presiden (Pilpres) 2024.
Hasil sementara real count
KPU
pada Rabu (14/2/2024) pukul 17.12 WIB, suara masuk mencapai 5,61 persen atau 46.185 Tempat Pemungutan Suara (TPS) dari total 823.236 TPS di seluruh Indonesia. Adapun rinciannya adalah sebagai berikut:
Baca Juga
NasDem Pasang Target Masuk 3 Besar di Pemilu 2029, Konsolidasi jadi Fokus Utama
Pentingnya Layanan Pendidikan Tambahan Selain Sekolah, Mengingat Ketatnya Seleksi Masuk Perguruan Tinggi
Kinerja PPP di Pemilu 2024 Harus Dievaluasi, Bukan Saling Menyalahkan
Pasangan capres-cawapres nomor urut 01
Anies Baswedan
-Muhaimin Iskandar: 672.183 suara atau 21,85 persen.
Advertisement
Pasangan capres-cawapres nomor urut 02
Prabowo Subianto
-Gibran Rakabuming Raka: 1.776.525 suara atau 57,74 persen.
Pasangan capres-cawapres nomor urut 03
Ganjar Pranowo
-Mahfud Md: 628.160 suara atau 20,42 persen.
Disclaimer
Publikasi Form Model C/D Hasil adalah hasil penghitungan suara di TPS dengan tujuan untuk memudahkan akses informasi publik.
Penghitungan suara
yang dilakukan oleh KPPS, rekapitulasi hasil penghitungan suara dan penetapan hasil pemilu dilakukan secara berjenjang dalam rapat pleno terbuka oleh PPK, KPU Kabupaten/Kota, KPU Provinsi dan KPU berdasarkan ketentuan peraturan perundang-undangan."
14/02/2024 17:15;Denny JA 85,20% : Anies-Muhaimin 24,54%,Prabowo-Gibran 58,70%, Ganjar-Mahfud 16,76%;https://www.liputan6.com/pemilu/read/5528191/hasil-quick-count-lsi-denny-ja-8520-anies-muhaimin-2454-prabowo-gibran-5870-ganjar-mahfud-1676;"Liputan6.com, Jakarta -
Hasil perhitungan cepat atau quick count pasangan calon presiden (capres) dan calon wakil presiden (cawapres) peserta Pilpres 2024 sedang berlangsung. Berdasarkan hasil sementara quick count
LSI Denny JA
pada Rabu (14/2/2024), pasangan Prabowo Subianto dan Gibran Rakabuming Raka unggul.
Hasil sementara
quick count
LSI Denny JA pada Rabu (14/2/2024), pukul 16.04 WIB, total suara masuk 85,20 persen menunjukkan rincian sebagai berikut:
BACA JUGA:
VIDEO:Anies Baswedan Melayat Ke Rumah Duka Ojol Korban Dilindas Rantis Brimob
BACA JUGA:
Anies Baswedan Melayat ke Rumah Duka Driver Ojol Korban Demo Rusuh, Tangis Keluarga Pecah
Baca Juga
6 Potret Publik Figur di Pernikahan Clara Shinta dan Alexander Assad, Ada Anies Baswedan
Anies Baswedan Ungkap Permintaan Ibu Affan: Hukum Berat Orang yang Buat Anak Saya Meninggal!
Anies, Rieke 'Oneng' dan Baba Alun Iringi Affan Kurniawan ke Tempat Peristirahatan Terakhir
Pasangan capres-cawapres nomor urut 01
Anies Baswedan
- Muhaimin Iskandar: 24,54 persen
Advertisement
Pasangan capres-cawapres nomor urut 02
Prabowo Subianto
- Gibran Rakabuming Raka: 58,70 persen
Pasangan capres-cawapres nomor urut 03
Ganjar Pranowo
- Mahfud Md: 16,76 persen
Quick count LSI Denny JA menggunakan populasi 2.000 TPS yang tersebar di 38 provinsi. Sampel dipilih dengan metode multistage random sampling.
Tingkat kepercayaan quick count ini 99 persen dengan margin of error ±1 persen.
Pantau hasil Quick Count Pemilu 2024 selengkapnya di Liputan6.com dalam tautan ini
https://www.liputan6.com/pages/quickcount-pemilu-2024"
14/02/2024 17:11;SMRC 72,45%: Anies-Muhaimin 24,95%,Prabowo-Gibran 58,44%, Ganjar-Mahfud 16,61%;https://www.liputan6.com/pemilu/read/5528189/hasil-quick-count-smrc-7245-anies-muhaimin-2495-prabowo-gibran-5844-ganjar-mahfud-1661;"Liputan6.com, Jakarta -
Hasil Quick Count Saiful Mujani Research and Consulting (SMRC) menunjukkan paslon 02,
Prabowo Subianto
-Gibran Rakabuming Raka, sementara unggul di Pilpres 2024.
Data suara yang masuk sudah 72,45% hingga Rabu (14/2/2024) pukul 17.11 WIB.
Baca Juga
NasDem Pasang Target Masuk 3 Besar di Pemilu 2029, Konsolidasi jadi Fokus Utama
Pentingnya Layanan Pendidikan Tambahan Selain Sekolah, Mengingat Ketatnya Seleksi Masuk Perguruan Tinggi
Kinerja PPP di Pemilu 2024 Harus Dievaluasi, Bukan Saling Menyalahkan
Prabowo-Gibran mendapatkan 58,44%. Disusul
Anies Baswedan
-Muhaimin Iskandar dengan 24,95%.
Advertisement
Sementara
Ganjar Pranowo
-Mahfud Md 16,38%."
14/02/2024 17:09;Prabowodan Gibran Kompak Unggah Gambar Animasi Serupa di Instagram, Isyaratkan Menang Pemilu 2024?;https://www.liputan6.com/tekno/read/5528181/prabowo-dan-gibran-kompak-unggah-gambar-animasi-serupa-di-instagram-isyaratkan-menang-pemilu-2024;"Liputan6.com, Jakarta -
Calon Presiden Prabowo Subianto dan Calon Wakil Presiden Gibran Rakabuming Raka kompak mengunggah gambar animasi yang sama di akun Instagram masing-masing.
Berdasarkan pantauan
Tekno Liputan6.com
, Selasa (14/2/2024), ada dua foto serupa yang diunggah oleh akun Instagram
Prabowo Subianto
@prabowo dan Gibran Rakabuming @gibran_rakabuming.
BACA JUGA:
Daftar Nama Menteri yang Disebut Kena Reshuffle Kabinet, Ini Penjelasan Mensesneg
BACA JUGA:
Prabowo Reshuffle Kabinet di 3 Kementerian Sektor Ekonomi, Ini Daftarnya
BACA JUGA:
Prabowo Berencana Bangun Supermarket Produk Koperasi untuk Bantu Petani
Baca Juga
Profil Ferry Juliantono, Dilantik Prabowo jadi Menteri Koperasi Gantikan Budi Arie Setiadi
Reshuffle Kabinet Prabowo, Ini Profil Menkeu Purbaya Yudhi Sadewa Pengganti Sri Mulyani
Reshuffle Kabinet Merah Putih, IHSG Berbalik Arah Memerah Jelang Penutupan
Foto pertama memperlihatkan keduanya mengenakan kemeja berwarna biru muda dengan latar belakang merah putih. Meski mengunggah foto yang sama, waktu unggahan gambar tersebut berbeda.
Advertisement
Hingga berita ini ditayangkan,
Prabowo
diketahui telah mengunggah foto ini sekitar 10 jam lalu dan tanpa
caption
. Unggahan ini sudah mencapai sekitar 1,3 juta like.
Sementara akun Gibran mengunggahnya dengan
caption
emoji bendera Indonesia. Gambar itu diunggah sekitar 7 jam lalu dan sudah mendapatkan sekitar 578 ribu like.
Dalam gambar terbaru yang diunggah, mereka terlihat tengah mengenakan setelan jas berwarna hitam. Tak lupa, Prabowo mengenakan kopiah dengan warna senada.
Sebagai latar belakangnya, ada warna biru muda dan hiasan merah putih, disertakan pula lambang negara Garuda Pancasila. ""Indonesia Maju,"" tulis akun
Gibran
tersebut.
Sekilas, unggahan terkini di Instagram tersebut memperlihatkan keduanya seolah sebagai pasangan presiden dan wakil presiden.
Unggahan itu sudah mendapatkan sekitar 248 ribu like, sedangkan unggahan yang sama di akun
Instagram
Prabowo telah memperoleh sekitar 763 ribu like.
Meski tidak disertai dengan
caption
yang jelas, tapi kemungkinan unggahan kedua itu menandakan pasangan ini percaya diri menjadi pemenang dalam Pemilu 2024.
Sekadar informasi, beberapa hasil
quick count
memang menunjukkan kalau paslon 02, Prabowo Subianto-
Gibran Rakabuming Raka
, berhasil meraih suara terbanyak."
14/02/2024 17:08;Politik 71,67%: Anies-Muhaimin 25,62%,Prabowo-Gibran 57,98%, Ganjar-Mahfud 16,40%;https://www.liputan6.com/pemilu/read/5528184/hasil-quick-count-indikator-politik-7167-anies-muhaimin-2562-prabowo-gibran-5798-ganjar-mahfud-1640;"Liputan6.com, Jakarta
Pasangan calon presiden (capres) dan calon wakil presiden (cawapres) nomor urut 2 Prabowo Subianto-Gibran Rakabuming Raka unggul dalam hitung cepat atau
quick count
pemilihan presiden (pilpres) 2024.
Berdasarkan
quick count
Indikator Politik Indonesia dengan suara masuk 71,67 persen,
Prabowo-Gibran
masih unggul dengan perolehan suara 57,98 persen.
Disusul pasangan nomor urut 1 Anies Baswedan-Muhaimin Iskandar 25,62 persen, kemudian pasangan nomor 3 Ganjar Pranowo-Mahfud Md 16,40 persen.
Advertisement
Quick count
Indikator Politik
menggunakan populasi 3.000 TPS yang tersebar di 38 provinsi.
Sampel dipilih dengan metode
stratified cluster random sampling
. Tingkat kepercayaan
quick count
ini 95 persen.
Pantau hasil Quick Count Pemilu 2024 selengkapnya di
Liputan6.com
dalam tautan ini
https://www.liputan6.com/pages/quickcount-pemilu-2024"
14/02/2024 17:00;Quick Count KedaiKOPI 78,25%: Anies-Muhaimin 23.78%,Prabowo-Gibran 58.94%, Ganjar-Mahfud 17.28%;https://www.liputan6.com/pemilu/read/5528176/hasil-quick-count-kedaikopi-7825-anies-muhaimin-2378-prabowo-gibran-5894-ganjar-mahfud-1728;"Liputan6.com, Jakarta -
Hasil perhitungan cepat atau quick count Pilpres 2024 telah dimulai. Berdasarkan hasil sementara quick count KedaiKOPI pada Rabu (14/2/2024), pasangan
Prabowo Subianto
dan Gibran Rakabuming Raka unggul.
Hasil sementara quick count
KedaiKOPI
pada Rabu (14/2/2024), pukul 16.47 WIB, total suara masuk 78,25 persen menunjukkan rincian sebagai berikut:
Anies Baswedan - Muhaimin Iskandar: 23.78 %
Advertisement
Prabowo Subianto - Gibran Rakabuming Raka: 58.94%
Ganjar Pranowo - Mahfud Md: 17.28%
Quick count KedaiKopi
menggunakan populasi 2.000 TPS yang tersebar di 38 Provinsi. Sampel dipilih dengan metode Multistage Random Sampling. Margin of Error quick count ini ±0,18% pada tingkat kepercayaan 95%."
14/02/2024 16:55;Prabowo-Gibran Kompak Unggah Foto Gambar Keduanya Berlatar Biru dan Bendera Merah Putih;https://www.liputan6.com/pemilu/read/5528173/prabowo-gibran-kompak-unggah-foto-gambar-keduanya-berlatar-biru-dan-bendera-merah-putih;"Liputan6.com, Jakarta -
Calon Presiden (Capres) dan Calon Wakil Presiden (Cawapres) nomor urut 02
Prabowo Subianto-Gibran Rakabuming Raka
kompak mengunggah foto bersamaan di akun sosial media Instagram masing-masing.
Baik
Prabowo Subianto
, maupun Gibran Rakabuming Raka mengunggah foto karikatur keduanya dengan background biru,
bendera merah putih
, dan Garuda Pancasila.
BACA JUGA:
Daftar Nama Menteri yang Disebut Kena Reshuffle Kabinet, Ini Penjelasan Mensesneg
BACA JUGA:
Prabowo Reshuffle Kabinet di 3 Kementerian Sektor Ekonomi, Ini Daftarnya
BACA JUGA:
VIDEO: Presiden Prabowo Sebut Tuntutan Rakyat Banyak yang Masuk Akal
Baca Juga
Profil Ferry Juliantono, Dilantik Prabowo jadi Menteri Koperasi Gantikan Budi Arie Setiadi
Reshuffle Kabinet Prabowo, Ini Profil Menkeu Purbaya Yudhi Sadewa Pengganti Sri Mulyani
Reshuffle Kabinet Merah Putih, IHSG Berbalik Arah Memerah Jelang Penutupan
Prabowo mengunggah foto bersama
Gibran
tanpa disertai caption apa pun di akun sosial media Instagram @prabowo. Berbeda dengan pasangannya, Gibran menuliskan sebuah kalimat singkat.
Advertisement
""
Indonesia Maju 🇮🇩
#indonesia #indonesiamaj
u,"" tulis Gibran di akun sosial media Instagram
@gibran_rakabuming
, Rabu (14/2/2024).
Hingga berita ini ditulis, unggahan di akun Prabowo sudah mendapatkan
like
atau tanda suka sebanyak 678.643 dan akun
Gibran Rakabuming Raka
sebanyak 199.923.
Sebelumnya, hasil perhitungan cepat atau
quick count
pasangan calon presiden (capres) dan calon wakil presiden (cawapres) peserta Pilpres 2024 sedang berlangsung.
Berdasarkan hasil sementara quick count LSI Denny JA pada Rabu (14/2/2024), pasangan
Prabowo-Gibran
unggul.
Hasil sementara quick count LSI Denny JA pada Rabu (14/2/2024), pukul 16.04 WIB, total suara masuk 76,75 persen menunjukkan rincian sebagai berikut:
Pasangan capres-cawapres nomor urut 01 Anies Baswedan - Muhaimin Iskandar: 24,02 persen
Pasangan capres-cawapres nomor urut 02 Prabowo Subianto - Gibran Rakabuming Raka: 58,89 persen
Pasangan capres-cawapres nomor urut 03 Ganjar Pranowo - Mahfud Md: 17,09 persen
Quick count LSI Denny JA menggunakan populasi 2.000 TPS yang tersebar di 38 provinsi. Sampel dipilih dengan metode multistage random sampling.
Tingkat kepercayaan
quick count
ini 99 persen dengan
margin of error
±1 persen."
14/02/2024 16:55;Politika 72,25%: Anies-Muhaimin 25,84%,Prabowo-Gibran 57,79%, Ganjar-Mahfud 16,36%;https://www.liputan6.com/pemilu/read/5528169/hasil-quick-count-charta-politika-7225-anies-muhaimin-2584-prabowo-gibran-5779-ganjar-mahfud-1636;"Liputan6.com, Jakarta -
Proses hitung cepat atau quick count Pemilihan Presiden (Pilpres) 2024 tengah berlangsung. Berdasarkan aturan, hasil
quick count
bisa diumumkan ke publik mulai pukul 15.00 WIB usai pencoblosan Pemilihan Umum (Pemilu) 2024.
Hasil sementara quick count
Charta Politika Indonesia
pada Rabu (14/2/2024) pukul 16.50 WIB, total suara masuk mencapai 72,25 persen. Adapun rinciannya adalah sebagai berikut:
Pasangan capres-cawapres nomor urut 01
Anies Baswedan
-Muhaimin Iskandar: 25,84 persen.
Advertisement
Pasangan capres-cawapres nomor urut 02
Prabowo Subianto
-Gibran Rakabuming Raka: 57,79 persen.
Pasangan capres-cawapres nomor urut 03
Ganjar Pranowo
-Mahfud Md: 16,36 persen.
Sebagai informasi, quick count Charta Politika Indonesia menggunakan populasi 2.000 tempat pemungutan suara (TPS) yang tersebar di 38 Provinsi.
Sampel dipilih dengan metode Stratified Clustered Random Sampling. Margin of Error quick count
Charta Politika
yakni ±1% pada tingkat kepercayaan 99%.
Pantau hasil Quick Count Pemilu 2024 selengkapnya di
Liputan6.com
dalam
tautan ini
."
14/02/2024 16:55;Masuk 75,00%: Anies-Muhaimin 24,90%,Prabowo-Gibran 58,41%, Ganjar-Mahfud 16,69%;https://www.liputan6.com/pemilu/read/5528167/hasil-quick-count-csis-suara-masuk-7500-anies-muhaimin-2490-prabowo-gibran-5841-ganjar-mahfud-1669;"Liputan6.com, Jakarta -
Hasil hitung cepat atau
quick count
Pilpres 2024 tengah berlangsung. Berdasarkan hasil sementara quick count Lembaga Centre for Strategic and International Studies (CSIS) pada Rabu (14/2/2024) pukul 16.35 WIB, dengan total suara yang masuk 75,00 persen, Pasangan
Prabowo-Gibran
masih unggul.
Pasangan capres-cawapres nomor urut 2 Prabowo-Gibran unggul dengan persentase 58,41 persen, diikuti pasangan Anies-Muhaimin dengan 24,90 persen.
Sedangkan pasangan nomor urut 3, Ganjar-Mahfud meraih 16,69 persen.
Advertisement
Adapun hitung cepat ini dilakukan menggunakan populasi 2.000 TPS yang tersebar di 38 Provinsi. Sampel dipilih dengan metode Multistage Random Sampling.
Sedangkan untuk Tingkat kepercayaan Quick Count ini 95 persen dengan Margin of Error ±1%. Quick Count ini paling tidak melibatkan 1 juta pemilih."
14/02/2024 16:52;Prabowo-Gibran Unggul Versi Quick Count, PAN Komitmen Kawal Suara Rakyat;https://www.liputan6.com/pemilu/read/5528165/prabowo-gibran-unggul-versi-quick-count-pan-komitmen-kawal-suara-rakyat;"Liputan6.com, Jakarta -
Sekjen PAN yang juga Wakil Ketua TKN Prabowo-Gibran, Eddy Soeparno mengaku bersyukur atas hasil hitung cepat atau quick count berbagai lembaga survei yang memenangkan
Prabowo
-Gibran.
Dia memastikan seluruh jajaran kader dan simpatisan
PAN
akan mengawal suara rakyat sampai nanti pengumunan resmi disampaikan Komisi Pemilihan Umum (KPU).
Baca Juga
NasDem Pasang Target Masuk 3 Besar di Pemilu 2029, Konsolidasi jadi Fokus Utama
Pentingnya Layanan Pendidikan Tambahan Selain Sekolah, Mengingat Ketatnya Seleksi Masuk Perguruan Tinggi
Kinerja PPP di Pemilu 2024 Harus Dievaluasi, Bukan Saling Menyalahkan
""Kami bersyukur bahwa Prabowo-Gibran saat ini unggul dalam hitung cepat berbagai lembaga survei. Karena itu PAN berkomitmen mengawal suara rakyat ini dalam perhitungan resmi di KPU dan memastikan kemenangan
Prabowo-Gibran
sekali putaran,"" tutur Eddy kepada wartawan, Rabu (14/2/2024).
Advertisement
Salah satu fokus pengawalan suara, lanjut Eddy, yakni memastikan perolehan suara Prabowo-Gibran memenuhi persyaratan meraih lebih dari 20 persen di 20 atau lebih provinsi di Indonesia.
""PAN akan terus mengawal perolehan suara Prabowo-Gibran dari tingkat Provinsi, Kabupaten sampai Kecamatan dan Desa agar memenuhi seluruh persyaratan untuk ditetapkan sebagai pemenang Pilpres 2024,"" jelas dia.
Pimpinan Komisi VII DPR RI itu juga mengucapkan terima kasih kepada segenap pendukung, relawan dan simpatisan Prabowo-
Gibran
yang telah bekerja keras untuk memenangkan Pilpres 2024 ini.
""PAN loyal 15 tahun bersama Pak Prabowo dan akan kita tuntaskan dengan terus mengawal penghitungan suara hingga selesai dan ditetapkan sebagai pemenang
Pilpres 2024
,"" kata Eddy menandaskan."
14/02/2024 16:52;PrabowoSubianto Kumpul Bareng Elite TKN di Kertanegara;https://www.liputan6.com/pemilu/read/5528163/prabowo-subianto-kumpul-bareng-elite-tkn-di-kertanegara;"Liputan6.com, Jakarta -
Setelah mencoblos di Hambalang, Bogor, Jawa Barat, calon presiden (capres) nomor urut 02
Prabowo Subianto
berkumpul bersama elite Tim Kampanye Nasional (TKN) Prabowo-Gibran di kediaman Kertanegara IV, Jakarta Selatan, Rabu (14/2/2024). Prabowo sudah berada di Kertanegara sejak siang tadi.
BACA JUGA:
Daftar Nama Menteri yang Disebut Kena Reshuffle Kabinet, Ini Penjelasan Mensesneg
BACA JUGA:
Prabowo Reshuffle Kabinet di 3 Kementerian Sektor Ekonomi, Ini Daftarnya
Baca Juga
Profil Ferry Juliantono, Dilantik Prabowo jadi Menteri Koperasi Gantikan Budi Arie Setiadi
Reshuffle Kabinet Prabowo, Ini Profil Menkeu Purbaya Yudhi Sadewa Pengganti Sri Mulyani
Reshuffle Kabinet Merah Putih, IHSG Berbalik Arah Memerah Jelang Penutupan
Sejumlah tamu yang hadir di Kertanegara adalah Ketua
TKN Prabowo-Gibran
, Rosan Roeslani, Ketum Demokrat Agus Harimurti Yudhoyono, Ketua Harian Gerindra Sufmi Dasco Ahmad, Ketum PAN Zulkifli Hasan dan Ketum Golkar Airlangga Hartarto.
Advertisement
Ketum PAN Zulkifli Hasan menjelaskan, usai berkumpul di Kertanegara pihaknya berencana menuju Istora Senayan, Jakarta untuk menggelar nonton bareng perhitungan cepat.
""Nanti kita kan di Istora jam setelah ini saya kira jam 17.00 WIB,"" kata pria yang kerap disapa Zulhas di Kertanegara.
Lebih lanjut, Zulhas ditanya soal
Prabowo
yang dikabarkan bakal bertemu Presiden Joko Widodo (Jokowi) hari ini.
""Nanti saya tanya ya. Ya nanti kita tanya,"" kata Zulhas.
Selain itu, Zulhas menyampaikan keyakinan
Prabowo-Gibran
akan memenangkan Pilpres dalam satu putaran. Dia percaya diri berdasarkan hasil hitung cepat sementara.
""Kalau lihat
quick count-
nya kan 60 persen suara masuk rata-rata berkisaran 59-60 persen. Saya kira Pak Prabowo akan menang di antara 57 lah paling-paling. Paling kurang ya,"" kata Zulhas."
14/02/2024 16:42;Prabowo-Gibran Kelebihan Suara, Petugas di TPS Gibran Lakukan Penghitungan Ulang;https://www.liputan6.com/regional/read/5528126/prabowo-gibran-kelebihan-suara-petugas-di-tps-gibran-lakukan-penghitungan-ulang;"Liputan6.com, Solo -
Petugas Kelompok Penyelenggara Pemungutan Suara (KPPS) TPS 034 Manahan sempat melakukan
penghitungan suara ulang
untuk hasil surat suara pemilihan presiden (pilpres).
Penghitungan ulang dilakukan lantara hasil rekapitulasi di kertas plano yang dipasang di papan selisih satu suara untuk pasangan nomor urut 2,
Prabowo-Gibran
. Awalnya hasil perolehan suara pasangan tersebut tertulis 111 suara.
Baca Juga
OTT KPK Jerat Wamenaker Immanuel Ebenezer, Simak Gaji Wakil Menteri Saat Ini
Tetapi jumlah perolehan suara itu ternyata berbeda jumlah surat suara saat pemungutan suara pilpres. Setelah itu Ketua KPPS TPS 034 Manahan, Heru Mawanto memutuskan menghitung ulang yamg disetujui petugas panwas dan para saksi.
Advertisement
Untuk perolehan suara pasangan capres-cawapres nomor urut 1 Anies Baswedan-Muhaimin Iskandar tercatat 6 suara. Sedangkan perolehan suara pasangan capres-cawapres nomor urut 3 Ganjar Pranowo-Mahfud Md tercatat 53 suara. Sementara itu pemilih yang hadir ke TPS 034 untuk menggunakan hak pilihnya sebanyak 171 suara.
Setelah dilakukan penghitungan ulang perolehan suara masing-masing pasangan capres-cawapres, ternyata pasangan
Prabowo-Gibran
kelebihan satu suara sebanyak 111 suara. Usai Penghitungan ulang pasangan tersebut memperoleh 110 suara.
“Selisih satu itu kemungkinan yang mencoret (menulis hasil penghitungan suara) di papan tulis terlalu cepat. Mungkin kesalahannya di situ tapi jumlah suara sama seperti yang tertera di amplop pertama,” kata Ketua KPPS TPS 034 Manahan, Heru Mawanto.
Menurut dia, penghitungan suara pilpres ulang itu dilakukan setelah mendapatkan persetujuan dari para saksi capres-cawapres yang mengawasi penghitungan suara di TPS tersebut.
“Kita serahkan ke saksi dan pengawas. Pengawas dan saksi bisa menerima (penghitungan ulang),” ujar dia."
14/02/2024 16:38;Politik 62,50%: Anies-Muhaimin 25,50%,Prabowo-Gibran 58,02%, Ganjar-Mahfud 16,48%;https://www.liputan6.com/pemilu/read/5528148/hasil-quick-count-indikator-politik-6250-anies-muhaimin-2550-prabowo-gibran-5802-ganjar-mahfud-1648;"Liputan6.com, Jakarta
Pasangan calon presiden (capres) dan calon wakil presiden (cawapres) nomor urut 2 Prabowo Subianto-Gibran Rakabuming Raka unggul dalam hitung cepat atau
quick count
pemilihan presiden (pilpres) 2024.
Berdasarkan
quick count
Indikator Politik Indonesia dengan suara masuk 62,50 persen,
Prabowo-Gibran
masih unggul dengan perolehan suara 58,02 persen.
Disusul pasangan nomor urut 1 Anies Baswedan-Muhaimin Iskandar 25,50 persen, kemudian pasangan nomor 3 Ganjar Pranowo-Mahfud Md 16,48 persen.
Advertisement
Quick count
Indikator Politik
menggunakan populasi 3.000 TPS yang tersebar di 38 provinsi.
Sampel dipilih dengan metode
stratified cluster random sampling
. Tingkat kepercayaan
quick count
ini 95 persen.
Pantau hasil Quick Count Pemilu 2024 selengkapnya di
Liputan6.com
dalam tautan ini
https://www.liputan6.com/pages/quickcount-pemilu-2024"
14/02/2024 16:27;SMRC 65,05%: Anies-Muhaimin 24,95%,Prabowo-Gibran 58,44%, Ganjar-Mahfud 16,61%;https://www.liputan6.com/pemilu/read/5528142/hasil-quick-count-smrc-6505-anies-muhaimin-2495-prabowo-gibran-5844-ganjar-mahfud-1661;"Liputan6.com, Jakarta -
Hasil Quick Count Saiful Mujani Research and Consulting (SMRC) menunjukkan paslon 02,
Prabowo Subianto
-Gibran Rakabuming Raka, sementara unggul di Pilpres 2024.
Data yang masuk sudah 65,05% hingga Rabu (14/2/2024) pukul 16.27 WIB.
Baca Juga
NasDem Pasang Target Masuk 3 Besar di Pemilu 2029, Konsolidasi jadi Fokus Utama
Pentingnya Layanan Pendidikan Tambahan Selain Sekolah, Mengingat Ketatnya Seleksi Masuk Perguruan Tinggi
Kinerja PPP di Pemilu 2024 Harus Dievaluasi, Bukan Saling Menyalahkan
Prabowo-Gibran mendapatkan 58,44%. Disusul
Anies Baswedan
-Muhaimin Iskandar dengan 24,95%.
Advertisement
Sementara
Ganjar Pranowo
-Mahfud Md 16,61%."
14/02/2024 16:20;Masuk 65,30%: Anies-Muhaimin 24,49%,Prabowo-Gibran 58,68%, Ganjar-Mahfud 16,83%;https://www.liputan6.com/pemilu/read/5528132/hasil-quick-count-csis-suara-masuk-6530-anies-muhaimin-2449-prabowo-gibran-5868-ganjar-mahfud-1683;"Liputan6.com, Jakarta -
Lembaga Centre for Strategic and International Studies
(CSIS)
menggelar hasil hitung cepat atau quick count sementara capres-cawapres di Pemilihan Umum Presiden
(Pilpres) 2024
.
Hasil
quick count
CSIS pada Kamis (14/2/2024) pada pukul 16.00 WIB dengan total suara masuk 65,30 persen, Pasangan nomor urut 2, Prabowo-Gibran unggul sementara dengan perolehan suara 58,68 persen.
Kemudian disusul pasangan Anies-Muhaimin dengan angka 24,49 persen, sedangkan pasangan Ganjar-Mahfud berada di urutan ketiga dengan persentase 16,83 persen.
Advertisement
Adapun hitung cepat ini dilakukan menggunakan populasi 2.000 TPS yang tersebar di 38 Provinsi. Sampel dipilih dengan metode Multistage Random Sampling.
Sedangkan untuk Tingkat kepercayaan Quick Count ini 95 persen dengan Margin of Error ±1%. Quick Count ini paling tidak melibatkan 1 juta pemilih."
14/02/2024 16:19;Politika 64,84%: Anies-Muhaimin 25,98%,Prabowo-Gibran 57,47%, Ganjar-Mahfud 16,54%;https://www.liputan6.com/pemilu/read/5528135/hasil-quick-count-charta-politika-6484-anies-muhaimin-2598-prabowo-gibran-5747-ganjar-mahfud-1654;"Liputan6.com, Jakarta -
Proses hitung cepat atau quick count Pemilihan Presiden (Pilpres) 2024 tengah berlangsung. Berdasarkan aturan, hasil
quick count
bisa diumumkan ke publik mulai pukul 15.00 WIB usai pencoblosan Pemilihan Umum (Pemilu) 2024.
Hasil sementara quick count
Charta Politika Indonesia
pada Rabu (14/2/2024) pukul 16.15 WIB, total suara masuk mencapai 64,84 persen. Adapun rinciannya adalah sebagai berikut:
Pasangan capres-cawapres nomor urut 01
Anies Baswedan
-Muhaimin Iskandar: 25,98 persen.
Advertisement
Pasangan capres-cawapres nomor urut 02
Prabowo Subianto
-Gibran Rakabuming Raka: 57,47 persen.
Pasangan capres-cawapres nomor urut 03
Ganjar Pranowo
-Mahfud Md: 16,54 persen.
Sebagai informasi, quick count Charta Politika Indonesia menggunakan populasi 2.000 tempat pemungutan suara (TPS) yang tersebar di 38 Provinsi.
Sampel dipilih dengan metode Stratified Clustered Random Sampling. Margin of Error quick count
Charta Politika
yakni ±1% pada tingkat kepercayaan 99%.
Pantau hasil Quick Count Pemilu 2024 selengkapnya di
Liputan6.com
dalam
tautan ini
."
14/02/2024 16:18;Denny JA 76,75%: Anies-Muhaimin 24,02%,Prabowo-Gibran 58,89%, Ganjar-Mahfud 17,09%;https://www.liputan6.com/pemilu/read/5528129/hasil-quick-count-lsi-denny-ja-7675-anies-muhaimin-2402-prabowo-gibran-5889-ganjar-mahfud-1709;"Liputan6.com, Jakarta -
Hasil perhitungan cepat atau quick count pasangan calon presiden (capres) dan calon wakil presiden (cawapres) peserta Pilpres 2024 sedang berlangsung. Berdasarkan hasil sementara quick count
LSI Denny JA
pada Rabu (14/2/2024), pasangan Prabowo Subianto dan Gibran Rakabuming Raka unggul.
Hasil sementara
quick count
LSI Denny JA pada Rabu (14/2/2024), pukul 16.04 WIB, total suara masuk 76,75 persen menunjukkan rincian sebagai berikut:
Pasangan capres-cawapres nomor urut 01
Anies Baswedan
- Muhaimin Iskandar: 24,02 persen
Advertisement
Pasangan capres-cawapres nomor urut 02
Prabowo Subianto
- Gibran Rakabuming Raka: 58,89 persen
Pasangan capres-cawapres nomor urut 03
Ganjar Pranowo
- Mahfud Md: 17,09 persen
Quick count LSI Denny JA menggunakan populasi 2.000 TPS yang tersebar di 38 provinsi. Sampel dipilih dengan metode multistage random sampling.
Tingkat kepercayaan quick count ini 99 persen dengan margin of error ±1 persen.
Pantau hasil Quick Count Pemilu 2024 selengkapnya di Liputan6.com dalam tautan ini
https://www.liputan6.com/pages/quickcount-pemilu-2024"
14/02/2024 16:13;PrabowoSubianto Unggul Tipis dari Anies dan Ganjar di TPS Sri Mulyani;https://www.liputan6.com/bisnis/read/5528123/prabowo-subianto-unggul-tipis-dari-anies-dan-ganjar-di-tps-sri-mulyani;"Liputan6.com, Jakarta -
Pasangan calon presiden nomor urut 2, Prabowo Subianto dan Ganjar Rakabuming Raka meraih kemenangan suara di TPS 73 Bintaro Sektor 3A, Kelurahan Pondok Karya, Kecamatan Pondok Aren, Kota Tangerang Selatan.
Di TPS tempat Menteri Keuangan
Sri Mulyani
Indrawati mencoblos itu, Prabowo-Gibran unggul atas paslon nomor urut 1, Anies Baswedan-Muhaimin Iskandar dan paslon nomor urut 3, Ganjar Pranowo-Mahfud MD. Namun demikian, selisih angka di antara ketiganya tidak terlalu besar.
BACA JUGA:
Sri Mulyani Banjir Dukungan Karangan Bunga Usai Rumahnya Dijarah
BACA JUGA:
Sri Mulyani Ungkap Perintah Prabowo ke Menteri dalam Rapat Terbatas di Istana
BACA JUGA:
Kenaikan Pajak 2026 Ditunda, Buruh Mau Cukai Rokok Juga Tak Ikut Melonjak
BACA JUGA:
Rapat APBN 2026 Jalan Terus, Sri Mulyani Hadir Virtual Usai Rumah Dijarah
BACA JUGA:
Kumpulan Video Hoaks Terkini, Terbanyak Seputar Demo
Baca Juga
Reshuffle Kabinet Prabowo, Ini Profil Menkeu Purbaya Yudhi Sadewa Pengganti Sri Mulyani
Prabowo Reshuffle Kabinet di 3 Kementerian Sektor Ekonomi, Ini Daftarnya
Metro Sepekan: Kata Wali Kota Tangsel Pasca Rumah Sri Mulyani Diserbu
Menurut hasil penghitungan suara di
TPS
73 Bintaro, total terdapat 212 pemilih. Sebanyak 5 di antaranya dinyatakan tidak sah.
Advertisement
Dari 207 jumlah suara sah, Prabowo-Gibran berdiri di posisi pertama dengan raupan 87 suara. Diikuti Anies-Muhaimin dengan 72 suara, dan Ganjar-Mahfud 48 suara.
Ketua Kelompok Penyelenggara Pemungutan Suara (
KPPS
) TPS 73 Bintaro, Ilman Agung Perdana Putra mengatakan, hasil pemungutan suara tersebut akan ditindaklanjuti untuk direkapitulasi.
""Rencana kita langsung ke DPR RI, kemudian ke DPD, DPRD, dan provinsi untuk penghitungannya,"" ujar Ilman di TPS 73 Bintaro, Kota Tangerang Selatan, Rabu (14/2/2024).
Ilman menyebut seharusnya total daftar pemilih tetap (
DPT
) di TPS 73 ada sebanyak 255 orang. Namun, yang mengikuti sesi pencoblosan hanya 212 orang saja.
""Ada pindah pemilih, kemudian ada yang meninggal, ada yang tidak dikenal. Artinya dia sudah pindah rumah,"" kata dia.
Ilman juga menjelaskan perihal adanya 5 suara yang tidak sah. ""Ada pindah pemilih, kemudian ada yang meninggal, ada yang tidak dikenal. Artinya dia sudah pindah rumah,"" ujar dia."
14/02/2024 16:12;Quick Count KedaiKopi 65,7%: Anies-Muhaimin 22.92%,Prabowo-Gibran 59.19%, Ganjar-Mahfud 17.89%;https://www.liputan6.com/pemilu/read/5528124/hasil-quick-count-kedaikopi-657-anies-muhaimin-2292-prabowo-gibran-5919-ganjar-mahfud-1789;"Liputan6.com, Jakarta -
Hasil perhitungan cepat atau quick count
Pilpres 2024
telah dimulai. Berdasarkan hasil sementara quick count KedaiKOPI pada Rabu (14/2/2024), pasangan Prabowo Subianto dan Gibran Rakabuming Raka unggul.
Hasil sementara quick count
KedaiKOPI
pada Rabu (14/2/2024), pukul 16.01 WIB, total suara masuk 65,7 persen menunjukkan rincian sebagai berikut:
Anies Baswedan - Muhaimin Iskandar: 22.92 %
Advertisement
Prabowo Subianto - Gibran Rakabuming Raka: 59.19%
Ganjar Pranowo - Mahfud Md: 17.89%
Quick count KedaiKopi
menggunakan populasi 2.000 TPS yang tersebar di 38 Provinsi. Sampel dipilih dengan metode Multistage Random Sampling. Margin of Error quick count ini ±0,18% pada tingkat kepercayaan 95%."
14/02/2024 16:10;Politik 51,03%: Anies-Muhaimin 25,15%,Prabowo-Gibran 58,32%, Ganjar-Mahfud 16,53%;https://www.liputan6.com/pemilu/read/5528121/hasil-quick-count-indikator-politik-5103-anies-muhaimin-2515-prabowo-gibran-5832-ganjar-mahfud-1653;"Liputan6.com, Jakarta
Pasangan calon presiden (capres) dan calon wakil presiden (cawapres) nomor urut 2 Prabowo Subianto-Gibran Rakabuming Raka unggul dalam hitung cepat atau
quick count
pemilihan presiden (pilpres) 2024.
Berdasarkan
quick count
Indikator Politik Indonesia dengan suara masuk 51,03 persen,
Prabowo-Gibran
masih unggul dengan perolehan suara 57,99 persen.
Disusul pasangan nomor urut 1 Anies Baswedan-Muhaimin Iskandar 25,61 persen, kemudian pasangan nomor 3 Ganjar Pranowo-Mahfud Md 16,39 persen.
Advertisement
Quick count
Indikator Politik
menggunakan populasi 3.000 TPS yang tersebar di 38 provinsi.
Sampel dipilih dengan metode
stratified cluster random sampling
. Tingkat kepercayaan
quick count
ini 95 persen.
Pantau hasil Quick Count Pemilu 2024 selengkapnya di
Liputan6.com
dalam tautan ini
https://www.liputan6.com/pages/quickcount-pemilu-2024"
14/02/2024 16:09;Suara Masuk 50-an Persen,Prabowo-Gibran Rajai 6 Lembaga Quick Count Pilpres 2024;https://www.liputan6.com/health/read/5528133/suara-masuk-50-an-persen-prabowo-gibran-rajai-6-lembaga-quick-count-pilpres-2024;"Liputan6.com, Jakarta -
Enam lembaga
quick count
(perhitungan cepat)
Pilpres 2024
menyatakan bahwa pasangan calon presiden dan wakil presiden nomor urut 02, Prabowo Subianto dan Gibran Rakabuming Raka, mendominasi perolehan suara. Mereka berhasil mengungguli pasangan pesaingnya dengan perolehan suara yang signifikan.
Hasil ini menjadi indikator awal sebelum hasil resmi diumumkan oleh Komisi Pemilihan Umum (KPU). Meskipun hasil
quick count
bukan hasil resmi, tapi seringkali menjadi gambaran awal yang memberikan arah terkait dinamika politik dan kecenderungan pemilih.
Hasil sementara
quick count
'Indikator'
pada Rabu, 14 Februari 2024, sekitar pukul 16.00 WIB, suara masuk 51,03 persen dengan rincian.
Advertisement
Anies - Muhaimin : 25,61 persen
Prabowo-Gibran
: 57,99 persen
Ganjar Mahfud : 16,39 persen
Sementara dari lembaga
'Saiful Mujani'
, suara masuk 56,60 persen dengan rincian:
Anies - Muhaimin : 25,27 persen
Prabowo
- Gibran : 58,15 persen
Ganjar Mahfud : 16,58 persen
Lembaga
'Charta Politika'
suara yang masuk sebesar 58,15 persen dengan rincian seperti di bawah ini:
Anies - Muhaimain : 26,27 persen
Prabowo - Gibran : 57,07 persen
Ganjar - Mahfud : 16,64 persen
Sedangkan lembaga
quick count
'LSI Denny JA'
, suara masuk 73,75 persen, rinciannya sebagai berikut :
Anies - Muhaimin : 23,81 persen
Prabowo - Gibran : 58,95 persen
Ganjar - Mahfud : 17,24 persen
Lembaga
quick count
'Kedai Kopi'
suara masuk adalah 60,3 persen, berikut rinciannya
Anies - Muhaimin : 22,26 persen
Prabowo - Ganjar : 59,69 persen
Ganjar - Mahfud : 18,05 persen
Dan, yang terakhir adalah lembaga
quick count
'Center for Strategic and International Studies (CSIS)'
suara masuk 63,30 persen, begini rinciannya :
Anies - Muhaimin : 24,43 persen
Prabowo -
Gibran Rakabuming Raka
: 58,74 persen
Ganjar - Mahfud : 16,83 persen"
14/02/2024 16:04;Politika 58,15%: Anies-Muhaimin 26,27%,Prabowo-Gibran 57,07%, Ganjar-Mahfud 16,64%;https://www.liputan6.com/pemilu/read/5528115/hasil-quick-count-charta-politika-5815-anies-muhaimin-2627-prabowo-gibran-5707-ganjar-mahfud-1664;"Liputan6.com, Jakarta -
Proses hitung cepat atau quick count Pemilihan Presiden (Pilpres) 2024 tengah berlangsung. Berdasarkan aturan, hasil
quick count
bisa diumumkan ke publik mulai pukul 15.00 WIB usai pencoblosan Pemilihan Umum (Pemilu) 2024.
Hasil sementara quick count
Charta Politika Indonesia
pada Rabu (14/2/2024) pukul 15.55 WIB, total suara masuk mencapai 58,15 persen. Adapun rinciannya adalah sebagai berikut:
BACA JUGA:
Daftar Nama Menteri yang Disebut Kena Reshuffle Kabinet, Ini Penjelasan Mensesneg
BACA JUGA:
Prabowo Reshuffle Kabinet di 3 Kementerian Sektor Ekonomi, Ini Daftarnya
Baca Juga
Profil Ferry Juliantono, Dilantik Prabowo jadi Menteri Koperasi Gantikan Budi Arie Setiadi
Reshuffle Kabinet Prabowo, Ini Profil Menkeu Purbaya Yudhi Sadewa Pengganti Sri Mulyani
Reshuffle Kabinet Merah Putih, IHSG Berbalik Arah Memerah Jelang Penutupan
Pasangan capres-cawapres nomor urut 01
Anies Baswedan
-Muhaimin Iskandar: 26,27 persen.
Advertisement
Pasangan capres-cawapres nomor urut 02
Prabowo Subianto
-Gibran Rakabuming Raka: 57,07 persen.
Pasangan capres-cawapres nomor urut 03
Ganjar Pranowo
-Mahfud Md: 16,64 persen.
Sebagai informasi, quick count Charta Politika Indonesia menggunakan populasi 2.000 tempat pemungutan suara (TPS) yang tersebar di 38 Provinsi.
Sampel dipilih dengan metode Stratified Clustered Random Sampling. Margin of Error quick count
Charta Politika
yakni ±1% pada tingkat kepercayaan 99%.
Pantau hasil Quick Count Pemilu 2024 selengkapnya di
Liputan6.com
dalam
tautan ini
."
14/02/2024 15:59;CSIS 55,85%: Anies-Muhaimin 24,40%,Prabowo-Gibran 58,77%, Ganjar-Mahfud 16,84%;https://www.liputan6.com/pemilu/read/5528110/hasil-quick-count-csis-5585-anies-muhaimin-2440-prabowo-gibran-5877-ganjar-mahfud-1684;"Liputan6.com, Jakarta -
Lembaga Centre for Strategic and International Studies
(CSIS)
merilis hasil hitung cepat atau quick count sementara capres-cawapres dalam gelaran Pemilihan Umum Presiden
(Pilpres) 2024
.
Hasil
quick count
CSIS pada Rabu (14/2/2024) pukul 15.40 WIB dengan suara masuk 55,85 persen, Pasangan nomor urut 2, Prabowo Subianto dan Gibran Rakabuming Raka unggul sementara dengan persentase 58,77 persen.
Disusul oleh pasangan Anies Baswedan dan Muhaimin Iskandar dengan angka 24,40 persen dan Pasangan Ganjar. Sedangkan pasangan Ganjar Pranowo dan Mahfud Md berada di posisi ketiga dengan persentase 16,84 persen.
Advertisement
Adapun hitung cepat ini dilakukan menggunakan populasi 2.000 TPS yang tersebar di 38 Provinsi. Sampel dipilih dengan metode Multistage Random Sampling.
Sedangkan untuk Tingkat kepercayaan Quick Count ini 95 persen dengan Margin of Error ±1%. Quick Count ini paling tidak melibatkan 1 juta pemilih."
14/02/2024 15:58;Prabowo-Gibran Menang Telak di TPSPrabowo;https://www.liputan6.com/pemilu/read/5528109/prabowo-gibran-menang-telak-di-tps-prabowo;"Liputan6.com, Jakarta -
Pasangan capres-cawapres nomor urut 02,
Prabowo Subianto-Gibran Rakabuming Raka
menang telak di TPS 033, Bojong Koneng, Bogor, Jawa Barat. TPS tersebut adalah lokasi
Prabowo
mencoblos pada pagi tadi.
Berdasarkan hasil penghitungan suara, Rabu (14/2/2024) pasangan nomor urut 02 itu meraih suara sebanyak 236.
Sedangkan lawannya, paslon 03 Ganjar Pranowo-Mahfud MD hanya mendapatkan 2 suara. Sementara, Anies Baswedan-Muhaimin Iskandar mendapatkan 11 suara, dan surat suara tidak sah berjumlah 8.
Advertisement
Sehingga, total suara sah yang masuk sebesar 249 suara dan tidak sah 8 suara. Jika digabung, total suara sah dan tidak sah sebanyak 257 suara.
Form hasil penghitungan suara kemudian ditandatangani oleh petugas KPPS, Panwaslu, dan satu saksi-saksi di TPS tersebut.
Sebelumnya, Prabowo Subianto mengaku pasrah dengan hasil pemilihan umum (pemilu). Diketahui, hari ini, Rabu, 14 Februari 2024 seluruh rakyat Indonesia yang memenuhi syarat telah memilih calon presiden dan wakil presidennya.
""Saya pasrah apapun keputusannya. Kita tunggu hasilnya,"" kata Prabowo kepada wartawan.
Dia meyakini dan percaya kepada penyelenggara pemilu ini dapat dipertanggungjawabkan kredibilitasnya karena selaras untuk memperjuangkan hak bangsa dan rakyat Indonesia.
""Saya kira, yang penting tujuan kita berdemokrasi kan untuk memberi kepada rakyat, KPU dan semua penyelenggara saya kira berjuang untuk bangsa dan negara rakyat dan masa depan kita. Saya berharap semua pihak untuk mengerti ini tujuan yang besar,"" jelas Prabowo.
Usai mencoblos, Prabowo mengisi waktu dengan berenang usai mencoblos di TPS 033 Bojong Koneng, Hambalang, Bogor, Jawa Barat.
Sepulangnya melakukan pencoblosan, Prabowo bergegas melakukan olahraga favoritnya yakni berenang yang ia lakukan di kediaman pribadinya Padepokan Garuda Yaksa, Hambalang, Bogor, Jawa Barat.
Ketika berenang, Mantan Danjen Kopassus itu sembari mendengarkan lagu ‘Di Bawah Sinar Bulan Purnama’ yang dinyanyikan oleh Sundari Soekotjo.
Satu jam lamanya kurang lebih Prabowo berenang, ia pun bergegas melanjutkan agenda selanjutnya yakni menuju Jakarta untuk menunggu hasil Quick Count resmi."
14/02/2024 15:57;Prabowo-Gibran Unggul di TPS 01 Komplek Menteri Widya Chandra;https://www.liputan6.com/bisnis/read/5528107/prabowo-gibran-unggul-di-tps-01-komplek-menteri-widya-chandra;"Liputan6.com, Jakarta
Penghitungan suara
Pemilu 2024
telah dimulai di sejumlah tempat pemungutan suara (TPS). Termasuk di TPS 01 Widya Chandra, Senayan, Jakarta Selatan yang merupakan kompleks perumahan dinas menteri.
Penghitungan yang dilakukan di lokasi TPS menunjukkan posisi Pasangan Calon Presiden dan Wakil Presiden,
Prabowo-Gibran
unggul. Suara yang diraup oleh paslon nomor urut 2 ini sebanyak 94 suara.
BACA JUGA:
Daftar Nama Menteri yang Disebut Kena Reshuffle Kabinet, Ini Penjelasan Mensesneg
BACA JUGA:
Prabowo Reshuffle Kabinet di 3 Kementerian Sektor Ekonomi, Ini Daftarnya
BACA JUGA:
VIDEO: Presiden Prabowo Sebut Tuntutan Rakyat Banyak yang Masuk Akal
Baca Juga
Profil Ferry Juliantono, Dilantik Prabowo jadi Menteri Koperasi Gantikan Budi Arie Setiadi
Reshuffle Kabinet Prabowo, Ini Profil Menkeu Purbaya Yudhi Sadewa Pengganti Sri Mulyani
Reshuffle Kabinet Merah Putih, IHSG Berbalik Arah Memerah Jelang Penutupan
""(Jumlah suara) 90 ditambah 4 totalnya 94 untuk paslon nomor 2,"" ujar Ketua Kelompok Penyelenggara Pemungutan Suara (KPPS) TPS 01 Senayan, Abdul Rohim membacakan hasil penghitungan, Rabu (14/2/2024).
Advertisement
Sementara itu, paslon nomor urut 3, Ganjar Pranowo-Mahfud MD mendapatkan suara sebanyak 54 suara. Ada selisih cukup jauh dari paslon Prabowo-Gibran.
Kemudian, paslon nomor urut 1, Anies Baswedan-Muhaimin Iskandar berada di posisi paling sedikit dengan 52 suara. Beda satu suara dengan Paslon Ganjar-Mahfud.
""Hitungan untuk pak Anies Baswedan paslon nomor 1 terkumpul 5 kolom di 10 baris, totalnya 50 ditambah 3, 53 suara untuk pak Anies,"" jelas Rohim.
Kemudian, ada 3 surat suara yang dinyatakan tidak sah. Dengan demikian, total surat suara yang digunakan adalah sebanyak 204 surat suara.
Kendati begitu, jika dilihat dari total surat suara yang disediakan, masih ada sisa surat suara yang tak digunakan. Total surat suara kategori Presiden dan Wakil Presiden di
TPS
01 Widya Chandra, Senayan ini sebanyak 243, artinya ada 39 surat suara yang tak digunakan."
14/02/2024 15:57;Prabowo-Gibran Ungguli Anies-Muhaimin dan Ganjar-Mahfud di TPS Bobby Nasution Nyoblos;https://www.liputan6.com/regional/read/5528105/prabowo-gibran-ungguli-anies-muhaimin-dan-ganjar-mahfud-di-tps-bobby-nasution-nyoblos;"Liputan6.com, Medan
Kelompok Penyelenggara Pemungutan Suara (
KPPS
)
TPS
34, Tasbi, Blok VV, Kelurahan Asam Kumbang, Kecamatan Medan Selayang, Kota
Medan
, melakukan penghitungan surat suara untuk Pemilihan Presiden (
Pilpres
) 2024.
Penghitungan surat suara Pilpres pada Pemilihan Umum atau
Pemilu 2024
dilaksanakan Rabu (14/2/2024), dimulai sekitar pukul 14.10 WIB. Penghitungan surat suara Pilpres berlangsung sekitar 1 jam.
BACA JUGA:
Gubernur Sumut Bobby Nasution Terima Perwakilan Saat Demo Buruh 28 Agustus 2025, Pertimbangkan Tuntutan
BACA JUGA:
KPK Ungkap Rektor Unsu Masuk Lingkaran Bobby Nasution dan Topang Ginting
BACA JUGA:
Alasan Bobby Pakai Baju Adat Pakpak Bharat Saat Upacara HUT ke-80 RI
TPS 34 Tasbi, Blok VV, Kelurahan Asam Kumbang, Kecamatan Medan Selayang, merupakan lokasi Wali Kota Medan,
Bobby Nasution
, dan istri, Kahiyang Ayu, serta ibu dan 2 saudara Bobby nyoblos.
Advertisement
Baca Juga
Bobby Nasution dan Kahiyang Ayu Nyoblos di TPS 34 Tasbi Medan Selayang
Bobby Nasution dan Kahiyang Ayu Nyoblos di TPS 34 Tasbi Medan Selayang
Usai Nyoblos, Bobby Nasution: Semoga Banyak Masyarakat Datang ke TPS
Hasil penghitungan suara untuk
Pilpres
2024 di
TPS
tersebut sempat selip antara surat suara yang dihitung dengan yang dicatat. Pertama surat suara yang terpakai 217, dan setelah dihitung ternyata 218. Dari jumlah 217, sebanyak 215 suara sah dan 2 tidak sah.
Hasil hitungan pertama, pasangan
Prabowo-Gibran
unggul dengan 107 suara. Sedangkan
Anies-Muhaimin
71 suara, dan
Ganjar-Mahfud
37 suara. Saat dihitung ulang, diketahui ada 218 surat suara terpakai. Sebanyak 216 sah dan 2 tidak sah.
KPPS
dan saksi-saksi di
TPS
34, Tasbi, Blok VV, Kelurahan Asam Kumbang, Kecamatan Medan Selayang, Kota
Medan
, sepakat untuk dilakukan penghitungan ulang. Hasilnya,
Prabowo-Gibran
unggul dengan 107 suara. Sedangkan
Anies-Muhaimin
71 suara, dan Ganjar-Mahfud 38 suara.
Saat dihitung ulang, diketahui ada 218 surat suara terpakai. Hasilnya,
Prabowo-Gibran
unggul dengan 107 suara. Sedangkan
Anies-Muhaimin
71 suara, dan Ganjar-Mahfud 38 suara.
Ketua KPPS TPS 34, Tasbi, Blok VV, Kelurahan Asam Kumbang, Kecamatan Medan Selayang, Ahmad Fauzan mengatakan, partisipasi pemilih pada Pemilu 2024 cukup tinggi di banding Pemilu sebelumnya.
""Karena, saya juga KPPS di TPS pada Pemilu sebelumnya,"" Ahmad Fauzan menerangkan."
14/02/2024 15:57;RPGM:Prabowo-Gibran Menjemput Sekali Putaran;https://www.liputan6.com/regional/read/5528103/rpgm-prabowo-gibran-menjemput-sekali-putaran;"Liputan6.com, Mataram -
Rakyat Pro-Gibran MilenialZ (
RPGM
) menyatakan tanda-tanda kemenangan sekali putaran pasangan calon presiden nomor urut2
Prabowo-Gibran
.
Baca Juga
Serangan Fajar Jelang Pemilu 2024, Bagaimana Hukumnya dalam Islam?
Gus Iqdam Ungkap Amalan yang Bikin Kamu Kebanjiran Pahala, Yuk Amalkan di Bulan Sya'ban
Doa Sebelum Coblos Surat Suara Pemilu 2024: Bacaan Arab, Latin dan Artinya
Advertisement
Ketua RPGM Maulidan Isbar menjelaskan bahwa RPGM telah menempatkan saksi di hampir seluruh TPS di Indonesia. juga, RPGM memiliki Majelis Kemenangan Daerah (MKD) dan Majelis Kemenangan Cabang (MKC) di 38 provinsi.
“Tim RPGM yang terbesar di 38 provinsi menjadi saksi-saksi di setiap tempat pemungutan suara (TPS) yang memberikan update langsung terkait perhitungan suara,” ujar Maulidan Isbar, Rabu (14/02/2024)."
14/02/2024 15:56;SMRC 56,60%: Anies-Muhaimin 25,27%,Prabowo-Gibran 58,15%, Ganjar-Mahfud 16,58%;https://www.liputan6.com/pemilu/read/5528108/hasil-quick-count-smrc-5660-anies-muhaimin-2527-prabowo-gibran-5815-ganjar-mahfud-1658;"Liputan6.com, Jakarta -
Hasil Quick Count Saiful Mujani Research and Consulting (SMRC) menunjukkan paslon 02,
Prabowo Subianto
-Gibran Rakabuming Raka, sementara unggul di Pilpres 2024.
Data yang masuk sudah 56,60% hingga Rabu (14/2/2024) pukul 15.54 WIB.
Baca Juga
NasDem Pasang Target Masuk 3 Besar di Pemilu 2029, Konsolidasi jadi Fokus Utama
Pentingnya Layanan Pendidikan Tambahan Selain Sekolah, Mengingat Ketatnya Seleksi Masuk Perguruan Tinggi
Kinerja PPP di Pemilu 2024 Harus Dievaluasi, Bukan Saling Menyalahkan
Prabowo-Gibran mendapatkan 58,15%. Disusul
Anies Baswedan
-Muhaimin Iskandar dengan 25,27%.
Advertisement
Sementara
Ganjar Pranowo
-Mahfud Md 16,58%."
14/02/2024 15:49;Masuk 42,20%: Anies-Muhaimin 25,15 %,Prabowo-Gibran 58,32%, Ganjar-Mahfud 16,53%;https://www.liputan6.com/pemilu/read/5528095/hasil-quick-count-indikator-politik-suara-masuk-4220-anies-muhaimin-2515-prabowo-gibran-5832-ganjar-mahfud-1653;"Liputan6.com, Jakarta
Pasangan calon presiden (capres) dan calon wakil presiden (cawapres) nomor urut 2 Prabowo Subianto-Gibran Rakabuming Raka unggul dalam hitung cepat
quick count
pemilihan presiden (pilpres) 2024.
Berdasarkan
quick count
Indikator Politik Indonesia dengan suara masuk 42,20 persen,
Prabowo-Gibran
masih unggul dengan perolehan suara 58,32 persen.
Disusul pasangan nomor urut 1 Anies Baswedan-Muhaimin Iskandar 25,15 persen, kemudian pasangan nomor 3 Ganjar Pranowo-Mahfud Md 16,53 persen.
Advertisement
Quick count
Indikator Politik
menggunakan populasi 3.000 TPS yang tersebar di 38 provinsi.
Sampel dipilih dengan metode
stratified cluster random sampling
. Tingkat kepercayaan
quick count
ini 95 persen.
Pantau hasil Quick Count Pemilu 2024 selengkapnya di
Liputan6.com
dalam tautan ini
https://www.liputan6.com/pages/quickcount-pemilu-2024"
14/02/2024 15:48;Masuk 64,25%: Anies-Muhaimin 23,33%,Prabowo-Gibran 59,08%, Ganjar-Mahfud 17,59%;https://www.liputan6.com/pemilu/read/5528093/hasil-quick-count-lsi-denny-ja-suara-masuk-6425-anies-muhaimin-2333-prabowo-gibran-5908-ganjar-mahfud-1759;"Liputan6.com, Jakarta -
Hasil perhitungan cepat atau quick count pasangan calon presiden (capres) dan calon wakil presiden (cawapres) peserta Pilpres 2024 sedang berlangsung. Berdasarkan hasil sementara quick count
LSI Denny JA
pada Rabu (14/2/2024), pasangan Prabowo Subianto dan Gibran Rakabuming Raka unggul.
Hasil sementara quick count LSI Denny JA pada Rabu (14/2/2024), pukul 15.30 WIB, total suara masuk 64,25 persen menunjukkan rincian sebagai berikut:
Baca Juga
Mahfud MD soal Demo Ricuh: Tangkap Saja Kalau Ada yang Makar
Mahfud MD soal Demo Ricuh Berujung Driver Ojol Tewas: Yang Salah Pejabat Korup Serakahnomics
Respons Riza Chalid Tersangka, Mahfud Md: Bravo Kejagung, Masih Ada yang Nyinyir Tak Apa-apa
Pasangan capres-cawapres nomor urut 01
Anies Baswedan
-
Muhaimin Iskandar
: 23,33 persen
Advertisement
Pasangan capres-cawapres nomor urut 02
Prabowo
Subianto -
Gibran Rakabuming Raka
: 59,08 persen
Pasangan capres-cawapres nomor urut 03
Ganjar Pranowo
- Mahfud Md: 17,59 persen
Quick count
LSI Denny JA
menggunakan populasi 2.000 TPS yang tersebar di 38 provinsi. Sampel dipilih dengan metode multistage random sampling.
Tingkat kepercayaan
quick count
ini 99 persen dengan margin of error ±1 persen.
Pantau hasil Quick Count Pemilu 2024 selengkapnya di Liputan6.com dalam tautan ini
https://www.liputan6.com/pages/quickcount-pemilu-2024"
14/02/2024 15:43;KedaiKOPI Suara Masuk 48,8%: Anies-Muhaimin 21.8 %,Prabowo-Gibran 59.03%, Ganjar-Mahfud 19.17%;https://www.liputan6.com/pemilu/read/5528085/hasil-quick-count-kedaikopi-suara-masuk-488-anies-muhaimin-218-prabowo-gibran-5903-ganjar-mahfud-1917;"Liputan6.com, Jakarta -
Hasil perhitungan cepat atau
quick count
Pilpres 2024 telah dimulai. Berdasarkan hasil sementara quick count KedaiKOPI pada Rabu (14/2/2024), pasangan Prabowo Subianto dan Gibran Rakabuming Raka unggul.
Hasil sementara quick count
KedaiKOPI
pada Rabu (14/2/2024), pukul 15.35 WIB, total suara masuk 48,4 persen menunjukkan rincian sebagai berikut:
Anies Baswedan - Muhaimin Iskandar: 21.8 %
Advertisement
Prabowo Subianto - Gibran Rakabuming Raka: 59.03%
Ganjar Pranowo - Mahfud Md: 19.17%
Quick count KedaiKopi
menggunakan populasi 2.000 TPS yang tersebar di 38 Provinsi. Sampel dipilih dengan metode Multistage Random Sampling. Margin of Error quick count ini ±0,18% pada tingkat kepercayaan 95%."
14/02/2024 15:41;Prabowo-Gibran Unggul di TPS Jokowi Nyoblos;https://www.liputan6.com/pemilu/read/5528081/prabowo-gibran-unggul-di-tps-jokowi-nyoblos;"Liputan6.com, Jakarta -
Pasangan calon presiden dan wakil presiden nomor urut 02,
Prabowo Subianto-Gibran Rakabuming Raka
unggul di TPS 10, Gedung Lembaga Administrasi Negara (LAN), Kelurahan Gambir, Jakarta Pusat, Rabu (14/2/2024).
TPS 10 merupakan tempat Presiden Joko Widodo atau
Jokowi
dan Ibu Negara Iriana menggunakan hak pilihnya pada
Pemilu 2024
.
BACA JUGA:
Daftar Nama Menteri yang Disebut Kena Reshuffle Kabinet, Ini Penjelasan Mensesneg
BACA JUGA:
Prabowo Reshuffle Kabinet di 3 Kementerian Sektor Ekonomi, Ini Daftarnya
BACA JUGA:
Prabowo Berencana Bangun Supermarket Produk Koperasi untuk Bantu Petani
Baca Juga
Profil Ferry Juliantono, Dilantik Prabowo jadi Menteri Koperasi Gantikan Budi Arie Setiadi
Reshuffle Kabinet Prabowo, Ini Profil Menkeu Purbaya Yudhi Sadewa Pengganti Sri Mulyani
Reshuffle Kabinet Merah Putih, IHSG Berbalik Arah Memerah Jelang Penutupan
Ketua KPPS TPS 10 Hamdy Basjar mengatakan total ada 120 daftar pemilih tetap (DPT) di TPS-nya. Dari jumlah itu, ada 76 orang yang hadir. Lalu, 11 orang tercatat sebagai Daftar Pemilih Tambahan (DPTb) Pileg dan Pilpres.
Advertisement
""Yang dicoblos yang sah adalah 86 sudah disegel,"" kata Hamdy kepada wartawan di TPS 10 Kelurahan Gambir Jakarta Pusat, Rabu (14/2/2024).
Dia mengatakan ada satu suara yang tidak sah. Dari 86 surat suara yang sah, Prabowo-Gibran unggul 37 suara di TPS 10 tempat Jokowi dan Iriana mencoblos.
Sementara pasangan capres-cawapres nomor urut 01, Anies Baswedan-Muhaimin Iskandar memperoleh 29 suara. Kemudian, pasangan capres-cawapres nomor urut 03, Ganjar Pranowo-Mahfud Md mendapat 20 suara.
""Pak Anies Baswedan dan Bapak Muhaimin Iskandar total suaranya 29 suara, untuk Bapak Prabowo dan Bapak Gibran itu 37 suara, untuk Bapak Ganjar dan Bapak Mahfud Md itu ada 20 suara,"" jelas Hamdy."
14/02/2024 15:40;Masuk 47,45%: Anies-Muhaimin 24,22%,Prabowo-Gibran 58,84%, Ganjar-Mahfud 16,94%;https://www.liputan6.com/pemilu/read/5528079/hasil-quick-count-csis-suara-masuk-4745-anies-muhaimin-2422-prabowo-gibran-5884-ganjar-mahfud-1694;"Liputan6.com, Jakarta -
Lembaga Centre for Strategic and International Studies
(CSIS)
merilis hasil hitung cepat atau quick count sementara capres-cawapres dalam gelaran Pemilihan Umum Presiden
(Pilpres) 2024
.
Hasil quick count CSIS pada Rabu (14/2/2024) dengan persentase suara masuk 47,45, pasangan nomor urut 2, Prabowo Subianto dan Gibran Rakabuming Raka masih unggul sementara dengan persentase 58,84 persen, disusul oleh pasangan Anies Baswedan dan Muhaimin Iskandar dengan angka 24,22 persen.
Sedangkan pasangan Ganjar Pranowo dan Mahfud Md berada di posisi ketiga dengan persentase 16,94 persen.
Advertisement
Adapun hitung cepat ini dilakukan menggunakan populasi 2.000 TPS yang tersebar di 38 Provinsi. Sampel dipilih dengan metode Multistage Random Sampling.
Sedangkan untuk Tingkat kepercayaan Quick Count ini yakni 95 persen dengan Margin of Error ±1%. Quick Count ini paling tidak melibatkan 1 juta pemilih."
14/02/2024 15:39;Masuk 47,5%: Anies-Muhaimin 26,22%,Prabowo-Gibran 56,74%, Ganjar-Mahfud 17,03%;https://www.liputan6.com/pemilu/read/5528077/hasil-quick-count-charta-politika-suara-masuk-475-anies-muhaimin-2622-prabowo-gibran-5674-ganjar-mahfud-1703;"Liputan6.com, Jakarta -
Proses hitung cepat atau quick count Pemilihan Presiden (Pilpres) 2024 tengah berlangsung. Berdasarkan aturan, hasil
quick count
bisa diumumkan ke publik mulai pukul 15.00 WIB usai pencoblosan Pemilihan Umum (Pemilu) 2024.
Hasil sementara quick count
Charta Politika Indonesia
pada Rabu (14/2/2024) pukul 15.30 WIB, total suara masuk mencapai 47,5 persen. Adapun rinciannya adalah sebagai berikut:
Pasangan capres-cawapres nomor urut 01
Anies Baswedan
-Muhaimin Iskandar: 26,22 persen.
Advertisement
Pasangan capres-cawapres nomor urut 02
Prabowo Subianto
-Gibran Rakabuming Raka: 56,74 persen.
Pasangan capres-cawapres nomor urut 03
Ganjar Pranowo
-Mahfud Md: 17,03 persen.
Sebagai informasi, quick count Charta Politika Indonesia menggunakan populasi 2.000 tempat pemungutan suara (TPS) yang tersebar di 38 Provinsi.
Sampel dipilih dengan metode Stratified Clustered Random Sampling. Margin of Error quick count
Charta Politika
yakni ±1% pada tingkat kepercayaan 99%."
14/02/2024 15:35;Prabowo-Gibran Menang Telak di TPS Menko Airlangga;https://www.liputan6.com/bisnis/read/5528078/prabowo-gibran-menang-telak-di-tps-menko-airlangga;"Liputan6.com, Jakarta
Pasangan calon presiden (capres) nomor urut 01, Prabowo Subianto-Gibran Rakabuming Raka memenangi Pilpres di di
TPS
05 yang terletak di SMKN 6, Melawai, Kebayoran Baru, Jakarta Selatan.
Diketahui, TPS 05 merupakan tempat Ketua Umum Partai Golkar,
Airlangga Hartarto
menyalurkan hak pilihnya atau mencoblos pada pemilu serentak 2024.
BACA JUGA:
Daftar Nama Menteri yang Disebut Kena Reshuffle Kabinet, Ini Penjelasan Mensesneg
BACA JUGA:
Prabowo Reshuffle Kabinet di 3 Kementerian Sektor Ekonomi, Ini Daftarnya
Baca Juga
Profil Ferry Juliantono, Dilantik Prabowo jadi Menteri Koperasi Gantikan Budi Arie Setiadi
Reshuffle Kabinet Prabowo, Ini Profil Menkeu Purbaya Yudhi Sadewa Pengganti Sri Mulyani
Reshuffle Kabinet Merah Putih, IHSG Berbalik Arah Memerah Jelang Penutupan
Berdasarkan pantauan Merdeka.com, pasangan Capres
Prabowo-Gibran
memperoleh 104 suara. Di susul pasangan Capres nomor urut 03, Ganjar Pranowo - Mahfud MD dengan 66 suara.
Adapun, pasangan capres nomor urut 01 Anies Baswedan - Muhaimin Iskandar memperoleh 49 suara. Dengan hasil ini, pasangan Capres Prabowo - Gibran memenangi
Pemilu 2024
di TPS 05.
Advertisement
Meski demikian, perhitungan hasil Pilpres ini masih bersifat sementara. Nantinya, pengumuman hasil Pilpres 2024 akan diumumkan KPU paling lambat tanggal 20 Maret 2024.
Sesuai Perkiraan
Sebelumnya, Menteri Koordinator Bidang Perekonomian Airlangga Hartarto sekaligus Ketus Umum Partai Golkar, Airlangga Hartarto, optimis pasangan Capres nomor urut 01,  Prabowo Subianto dan Gibran Rakabuming Raka akan memenangi pemilihan presiden (Pilpres) 2024 dalam satu putaran.
""Pemilihan Insya Allah (satu putaran) kita tunggu,"" kata
Menko Airlangga
kepada awak media di TPS 05 yang terletak di SMKN 6, Melawai, Kebayoran Baru, Jakarta Selatan, Rabu (14/2)."
14/02/2024 15:32;Masuk 45,45%: Anies-Muhaimin 25,29%,Prabowo-Gibran 58,48%, Ganjar-Mahfud 16,23%;https://www.liputan6.com/pemilu/read/5528073/hasil-quick-count-smrc-suara-masuk-4545-anies-muhaimin-2529-prabowo-gibran-5848-ganjar-mahfud-1623;"Liputan6.com, Jakarta -
Hasil Quick Count Saiful Mujani Research and Consulting (SMRC) menunjukkan paslon 02,
Prabowo Subianto
-Gibran Rakabuming Raka, sementara unggul di Pilpres 2024.
Data yang masuk sudah 45,45% hingga Rabu (14/2/2024) pukul 15.30 WIB.
Baca Juga
NasDem Pasang Target Masuk 3 Besar di Pemilu 2029, Konsolidasi jadi Fokus Utama
Pentingnya Layanan Pendidikan Tambahan Selain Sekolah, Mengingat Ketatnya Seleksi Masuk Perguruan Tinggi
Kinerja PPP di Pemilu 2024 Harus Dievaluasi, Bukan Saling Menyalahkan
Prabowo-Gibran mendapatkan 58,48%. Disusul
Anies Baswedan
-Muhaimin Iskandar dengan 25,29%.
Advertisement
Sementara
Ganjar Pranowo
-Mahfud Md 16,23%."
14/02/2024 15:27;Masuk 35,40%: Anies-Muhaimin 23,37%,Prabowo-Gibran 59,29%, Ganjar-Mahfud 17,34%;https://www.liputan6.com/pemilu/read/5528066/hasil-quick-count-csis-suara-masuk-3540-anies-muhaimin-2337-prabowo-gibran-5929-ganjar-mahfud-1734;"Liputan6.com, Jakarta
Lembaga Centre for Strategic and International Studies
(CSIS)
merilis hasil hitung cepat atau quick count sementara capres-cawapres di
Pilpres 2024
.
Berdasarkan data yang dirilis pada pukul 15.20 WIB dengan total persentase suara masuk 30,45 persen, pasangan nomor urut 2,
Prabowo
Subianto dan Gibran Rakabuming Raka unggul sementara dengan persentase 59,26 persen, disusul oleh pasangan Anies Baswedan dan Muhaimin Iskandar dengan angka 23,37 persen.
BACA JUGA:
Daftar Nama Menteri yang Disebut Kena Reshuffle Kabinet, Ini Penjelasan Mensesneg
BACA JUGA:
Prabowo Reshuffle Kabinet di 3 Kementerian Sektor Ekonomi, Ini Daftarnya
BACA JUGA:
VIDEO: Presiden Prabowo Sebut Tuntutan Rakyat Banyak yang Masuk Akal
Baca Juga
Profil Ferry Juliantono, Dilantik Prabowo jadi Menteri Koperasi Gantikan Budi Arie Setiadi
Reshuffle Kabinet Prabowo, Ini Profil Menkeu Purbaya Yudhi Sadewa Pengganti Sri Mulyani
Reshuffle Kabinet Merah Putih, IHSG Berbalik Arah Memerah Jelang Penutupan
Sedangkan pasangan Ganjar Pranowo dan Mahfud Md berada di posisi ketiga dengan persentase 17,34 persen.
Advertisement
Adapun hitung cepat ini dilakukan menggunakan populasi 2.000 TPS yang tersebar di 38 Provinsi. Sampel dipilih dengan metode Multistage Random Sampling.
Sedangkan untuk Tingkat kepercayaan Quick Count ini 95 persen dengan Margin of Error ±1%. Quick Count ini paling tidak melibatkan 1 juta pemilih."
14/02/2024 15:27;Masuk 31,70%: Anies-Muhaimin 23,82 %,Prabowo-Gibran 59,49%, Ganjar-Mahfud 16,68%;https://www.liputan6.com/pemilu/read/5528067/hasil-quick-count-indikator-politik-suara-masuk-3170-anies-muhaimin-2382-prabowo-gibran-5949-ganjar-mahfud-1668;"Liputan6.com, Jakarta
Pasangan calon presiden (capres) dan calon wakil presiden (cawapres) nomor urut 2 Prabowo Subianto-Gibran Rakabuming Raka unggul dalam hitung cepat atau
quick count
pemilihan presiden (pilpres) 2024.
Berdasarkan
quick count
Indikator Politik Indonesia dengan suara masuk 31,70 persen,
Prabowo-Gibran
memperoleh 59,49 persen. Disusul pasangan nomor 1 Anies Baswedan-Muhaimin Iskandar 23,82 persen, dan pasangan nomor urut 3 Ganjar Pranowo-Mahfud Md 16,68 persen.
Quick count
Indikator Politik menggunakan populasi 3.000 TPS yang tersebar di 38 provinsi.
Advertisement
Sampel dipilih dengan metode
stratified cluster random sampling
. Tingkat kepercayaan
quick count
ini 95 persen.
Pantau hasil Quick Count Pemilu 2024 selengkapnya di
Liputan6.com
dalam tautan ini
https://www.liputan6.com/pages/quickcount-pemilu-2024"
14/02/2024 15:26;Prabowo-Gibran Unggul di TPS Khofifah, Yakin Menang Sekali Putaran;https://www.liputan6.com/surabaya/read/5528070/prabowo-gibran-unggul-di-tps-khofifah-yakin-menang-sekali-putaran;"Liputan6.com, Jakarta
Pasangan Calon (Paslon) Presiden nomor urut 2, Prabowo Subianto - Gibran Rakabuming Raka unggul di Tempat Pemungutan Suara (TPS) Dewan Pengarah Tim Kampanye Nasional (TKN),
Khofifah
Indar Parawansa.
Prabowo - Gibran
mendapatkan sebanyak 144 suara, sementara paslon nomor urut 1 Anies Baswedan - Muhaimin Iskandar sebanyak 61 suara dan paslon nomor urut 3 Ganjar Pranowo - Mahfud MD 35 suara.
Baca Juga
NasDem Pasang Target Masuk 3 Besar di Pemilu 2029, Konsolidasi jadi Fokus Utama
Pentingnya Layanan Pendidikan Tambahan Selain Sekolah, Mengingat Ketatnya Seleksi Masuk Perguruan Tinggi
Kinerja PPP di Pemilu 2024 Harus Dievaluasi, Bukan Saling Menyalahkan
Selain suara sah, dalam penghitungan suara kali ini ada sebanyak 13 suara tidak sah. Beberapa surat suara tampak dicoblos semua paslon. Kemudian ada juga yang tidak dicoblos sekali. Selanjutnya ada yang dicoblos di luar kotak paslon.
Advertisement
""Suara tidak sah 13, jumlah seluruh suara sah 240. Total suara sah berjumlah 253,"" ujar Ketua KPPS TPS 31 Muhammad Mabrur membacakan hasil penghitungan di TPS 31 Wilayah RW 05, Kelurahan Jemur Wonosari Kecamatan Wonocolo Surabaya, Rabu (14/2/2024).
Partisipasi pemilih di
TPS
31 ini tergolony tinggi. Dari 297 orang yang masuk Daftar Pemilih Tetap (DPT), sebanyak 253 menggunakan hak suaranya. Sementara lainnya golput.
Khofifah Indar Parawansa sebelumnya mengaku telah menggunakan hak suaranya sesuai lima kertas suara, putih, kuning, merah, hijau, dan biru masing-masing pemilihan DPD, DPR RI, DPRD Provinsi, DPRD kabupaten, kota, dan Presiden.
Selaku Tim Kampanye Nasional Paslon 02, Khofifah mengaku telah melakukan kampanye dan penggalangan dukungan Capres Cawapres, secara maksimal dan diharapkan akan menang signifikan di Jatim.
Dia bahkan telah menerima informasi dari daerah-daerah bahwa situasi aman, dan damai.
""Semoga semua masyarakat bisa menikmati suasana Pemilu kali ini, dan menggunakan hak suaranya Pemilu, ini karena menentukan nasib bangsa lima tahun ke depan. Ada 5 kata kunci kami selalu dengungkan di TKN, aman, damai, kondusif, guyub dan rukun,"" ujarnya."
14/02/2024 15:22;Masuk 53,75%: Anies-Muhaimin 22,36%,Prabowo-Gibran 59,58%, Ganjar-Mahfud 18,06%;https://www.liputan6.com/pemilu/read/5528061/hasil-quick-count-lsi-denny-ja-suara-masuk-5375-anies-muhaimin-2236-prabowo-gibran-5958-ganjar-mahfud-1806;"Liputan6.com, Jakarta -
Hasil perhitungan cepat atau quick count
Pilpres 2024
telah dimulai. Berdasarkan hasil sementara quick count LSI Denny JA pada Rabu (14/2/2024), pasangan Prabowo Subianto dan Gibran Rakabuming Raka unggul.
Hasil sementara quick count
LSI Denny JA
pada Rabu (14/2/2024), pukul 15.15 WIB, total suara masuk 53,75 persen menunjukkan rincian sebagai berikut:
Anies Baswedan - Muhaimin Iskandar: 22,36 persen
Advertisement
Prabowo Subianto - Gibran Rakabuming Raka: 59,58 persen
Ganjar Pranowo - Mahfud Md: 18,06 persen
Quick count
LSI Denny JA menggunakan populasi 2.000 TPS yang tersebar di 38 provinsi. Sampel dipilih dengan metode multistage random sampling.
Tingkat kepercayaan quick count ini 99 persen dengan margin of error ±1 persen."
14/02/2024 15:21;Masuk 34,44%: Anies-Muhaimin 25,18%,Prabowo-Gibran 57,26%, Ganjar-Mahfud 17,55%;https://www.liputan6.com/pemilu/read/5528065/hasil-quick-count-charta-politika-suara-masuk-3444-anies-muhaimin-2518-prabowo-gibran-5726-ganjar-mahfud-1755;"Liputan6.com, Jakarta -
Proses hitung cepat atau quick count Pemilihan Presiden (Pilpres) 2024 tengah berlangsung. Berdasarkan aturan, hasil
quick count
bisa diumumkan ke publik mulai pukul 15.00 WIB usai pencoblosan Pemilihan Umum (Pemilu) 2024.
Hasil sementara quick count
Charta Politika Indonesia
pada Rabu (14/2/2024) pukul 15.13 WIB, total suara masuk mencapai 34,44 persen. Adapun rinciannya adalah sebagai berikut:
BACA JUGA:
Hasto dapat Amnesti dari Prabowo, PDIP Tepis Spekulasi Intervensi Politik
BACA JUGA:
Hasto Kristiyanto Divonis 3,5 Tahun Penjara, Ketua PDIP Ganjar Pranowo Nilai Hakim Bijaksana
Baca Juga
Hasto Kembali Jadi Sekjen, PDIP Segera Daftarkan Kepengurusan ke Kemenkum
Ganjar Pastikan PDIP Tetap Buka Komunikasi dengan Pemerintah Pusat Meski Hasto Kembali Jadi Sekjen
Ini Alasan Hasto Kembali Ditunjuk jadi Sekjen PDIP
Pasangan capres-cawapres nomor urut 01
Anies Baswedan
-Muhaimin Iskandar: 25,18 persen.
Advertisement
Pasangan capres-cawapres nomor urut 02
Prabowo Subianto
-Gibran Rakabuming Raka: 57,26 persen.
Pasangan capres-cawapres nomor urut 03
Ganjar Pranowo
-Mahfud Md: 17,55 persen.
Sebagai informasi, quick count Charta Politika Indonesia menggunakan populasi 2.000 tempat pemungutan suara (TPS) yang tersebar di 38 Provinsi.
Sampel dipilih dengan metode Stratified Clustered Random Sampling. Margin of Error quick count
Charta Politika
yakni ±1% pada tingkat kepercayaan 99%.
Pantau hasil Quick Count Pemilu 2024 selengkapnya di Liputan6.com dalam
tautan ini
."
14/02/2024 15:12;Masuk 27,45%: Anies-Muhaimin 23,92%,Prabowo-Gibran 59,22%, Ganjar-Mahfud 16,86%;https://www.liputan6.com/pemilu/read/5528053/hasil-quick-count-smrc-suara-masuk-2745-anies-muhaimin-2392-prabowo-gibran-5922-ganjar-mahfud-1686;"Liputan6.com, Jakarta -
Hasil Quick Count Saiful Mujani Research and Consulting (SMRC) menunjukkan paslon 02,
Prabowo Subianto
-Gibran Rakabuming Raka, sementara unggul di Pilpres 2024.
Data yang masuk sudah 27,45% hingga Rabu (14/2/2024) pukul 15.00 WIB.
Baca Juga
NasDem Pasang Target Masuk 3 Besar di Pemilu 2029, Konsolidasi jadi Fokus Utama
Pentingnya Layanan Pendidikan Tambahan Selain Sekolah, Mengingat Ketatnya Seleksi Masuk Perguruan Tinggi
Kinerja PPP di Pemilu 2024 Harus Dievaluasi, Bukan Saling Menyalahkan
Prabowo-Gibran mendapatkan 59,22%. Disusul
Anies Baswedan
-Muhaimin Iskandar dengan 23,92%.
Advertisement
Sementara
Ganjar Pranowo
-Mahfud Md 16,86%."
14/02/2024 15:10;Relawan Bejo YakinPrabowo-Gibran Satu Putaran;https://www.liputan6.com/pemilu/read/5528157/relawan-bejo-yakin-prabowo-gibran-satu-putaran;"Liputan6.com, Jakarta
Pendukung pasangan calon
Prabowo Subianto
-Gibran Rakabuming Raka yang tergabung dalam Benteng Jokowi (Bejo) menggelar nonton bareng hasil quick count Pilpres 2024 di sekretariatnya, Pasar Minggu, Jakarta.
Sekjen Bejo Zaenal Aziz mengatakan, nantinya akan dihadiri para simpatisan Prabowo-Gibran.
BACA JUGA:
Daftar Nama Menteri yang Disebut Kena Reshuffle Kabinet, Ini Penjelasan Mensesneg
BACA JUGA:
Prabowo Reshuffle Kabinet di 3 Kementerian Sektor Ekonomi, Ini Daftarnya
BACA JUGA:
Prabowo Berencana Bangun Supermarket Produk Koperasi untuk Bantu Petani
Baca Juga
Profil Ferry Juliantono, Dilantik Prabowo jadi Menteri Koperasi Gantikan Budi Arie Setiadi
Reshuffle Kabinet Prabowo, Ini Profil Menkeu Purbaya Yudhi Sadewa Pengganti Sri Mulyani
Reshuffle Kabinet Merah Putih, IHSG Berbalik Arah Memerah Jelang Penutupan
“Nobar ini digelar untuk menyaksikan kemenangan Prabowo-Gibran bersama relawan dan masyarakat. Ini sebagai komitmen kami dalam mendukung dan menjadi bagian TKN dalam mensukseskan Prabowo-
Gibran
menang satu putaran,"" kata dia dalam keterangannya, Rabu (14/2/2024).
Advertisement
Zaenal mengungkapkan, rasa yakin ini karena hampir semua relawannya yang tersebar di 517 kabupaten kota mendukung paslon nomor 3 itu.
Dia pun yakin,
Prabowo-Gibran
adalah pasangan yang paling tepat untuk menjadi Presiden dan Wakil Presiden Republik Indonesia untuk periode 2024-2029 karena berkomitmen untuk meneruskan program Presiden Jokowi dan, bisa membawa Indonesia maju menuju Indonesia Emas 2045.
""Kami meyakini Prabowo-Gibran bisa membawa Indonesia menjadi negara yang kuat adil makmur, disegani oleh negara lain. Menyatukan perbedaan suku bangsa dan agama menjadi Negara Kesatuan Republik Indonesia,"" kata dia."
14/02/2024 15:08;Prabowo: Saya Pasrah Apapun Keputusan Yang Maha Kuasa;https://www.liputan6.com/pemilu/read/5528048/prabowo-saya-pasrah-apapun-keputusan-yang-maha-kuasa;"Liputan6.com, Jakarta -
Calon Presiden nomor urut 2,
Prabowo Subianto
mengaku pasrah dengan hasil pemilihan umum (
pemilu
). Diketahui, hari ini, Rabu, 14 Februari 2024 seluruh rakyat Indonesia yang memenuhi syarat telah memilih calon presiden dan wakil presidennya.
""Saya pasrah apapun keputusannya. Kita tunggu hasilnya,"" kata Prabowo kepada wartawan.
BACA JUGA:
Daftar Nama Menteri yang Disebut Kena Reshuffle Kabinet, Ini Penjelasan Mensesneg
BACA JUGA:
Prabowo Reshuffle Kabinet di 3 Kementerian Sektor Ekonomi, Ini Daftarnya
Baca Juga
Profil Ferry Juliantono, Dilantik Prabowo jadi Menteri Koperasi Gantikan Budi Arie Setiadi
Reshuffle Kabinet Prabowo, Ini Profil Menkeu Purbaya Yudhi Sadewa Pengganti Sri Mulyani
Reshuffle Kabinet Merah Putih, IHSG Berbalik Arah Memerah Jelang Penutupan
Dia meyakini dan percaya kepada penyelenggara pemilu ini dapat dipertanggungjawabkan kredibilitasnya karena selaras untuk memperjuangkan hak bangsa dan rakyat Indonesia.
Advertisement
""Saya kira, yang penting tujuan kita berdemokrasi kan untuk memberi kepada rakyat, KPU dan semua penyelenggara saya kira berjuang untuk bangsa dan negara rakyat dan masa depan kita. Saya berharap semua pihak untuk mengerti ini tujuan yang besar,"" jelas Prabowo.
Usai mencoblos, Prabowo mengisi waktu dengan berenang usai mencoblos di TPS 033 Bojong Koneng, Hambalang, Bogor, Jawa Barat.
Sepulangnya melakukan pencoblosan, Prabowo bergegas melakukan olahraga favoritnya yakni berenang yang ia lakukan di kediaman pribadinya Padepokan Garuda Yaksa, Hambalang, Bogor, Jawa Barat.
Ketika berenang, Mantan Danjen Kopassus itu sembari mendengarkan lagu ‘Di Bawah Sinar Bulan Purnama’ yang dinyanyikan oleh Sundari Soekotjo.
Satu jam lamanya kurang lebih Prabowo berenang, ia pun bergegas melanjutkan agenda selanjutnya yakni menuju Jakarta untuk menunggu hasil Quick Count resmi."
14/02/2024 15:03;PrabowoYakin Sudah Sefrekuensi dengan Jokowi di Hari Pencoblosan: Sudah Satu Hati;https://www.liputan6.com/pemilu/read/5528046/prabowo-yakin-sudah-sefrekuensi-dengan-jokowi-di-hari-pencoblosan-sudah-satu-hati;"Liputan6.com, Jakarta -
Calon Presiden nomor urut 02 Prabowo Subianto merasa sudah satu frekuensi dengan Presiden Joko Widodo atau Jokowi di hari pencoblosan pemilu 2024 hari ini, Rabu (14/2/2024).
Prabowo
menyampaikan hal tersebut ketika ditanya perihal waktu nyoblosnya yang berbarengan dengan Jokowi meski berbeda tempat pemungutan suara (TPS).
""Mungkin sudah satu frekuensi, sudah satu hati,"" kata Prabowo di kediaman pribadinya, Hambalang, Bogor, Jawa Barat, Rabu (14/2).
BACA JUGA:
Daftar Nama Menteri yang Disebut Kena Reshuffle Kabinet, Ini Penjelasan Mensesneg
BACA JUGA:
Prabowo Reshuffle Kabinet di 3 Kementerian Sektor Ekonomi, Ini Daftarnya
Baca Juga
Profil Ferry Juliantono, Dilantik Prabowo jadi Menteri Koperasi Gantikan Budi Arie Setiadi
Reshuffle Kabinet Prabowo, Ini Profil Menkeu Purbaya Yudhi Sadewa Pengganti Sri Mulyani
Reshuffle Kabinet Merah Putih, IHSG Berbalik Arah Memerah Jelang Penutupan
Prabowo tiba di TPS 033 Bojong Koneng, Hambalang, Jawa Barat, sekitar pukul 08.51 WIB.
Advertisement
Sedangkan,
Jokowi
tiba sekira pukul 08.50 di TPS 10 Gambir, Jakarta Pusat yang berada di halaman Kantor Lembaga Administrasi Negara (LAN), Jalan Veteran, Gambir.
Prabowo pasrah dengan hasil apapun dari pilpres 2024 kali ini. Dia hanya berharap hasilnya bisa baik.
""Saya pasrah saya pasrah apapun keputusan yang maha kuasa saya terima,"" ucap mantan Danjen Kopassus itu.
Lebih lanjut, Prabowo tidak bicara banyak bagaimana strategi pengawasan pada penghitungan suara. Dia mempercayai kekuatan rakyat.
""Saya percaya dengan kekuatan rakyat,"" tandas Prabowo."
14/02/2024 15:00;Kumpulan Hoaks Catut Nama PasanganPrabowo- Gibran, Simak Faktanya;https://www.liputan6.com/cek-fakta/read/5527705/kumpulan-hoaks-catut-nama-pasangan-prabowo-gibran-simak-faktanya;"Liputan6.com, Jakarta -
Hoaks
bisa mencatut nama siapa saja dalam Pemilu 2024 tak terkecuali pada pasangan nomor urut dua Prabowo Subianto - Gibran Rakabuming Raka.
Lalu apa saja hoaks yang mencatut nama Prabowo - Gibran? Berikut beberapa di antaranya:
BACA JUGA:
Cek Fakta: Hoaks Tautan Pendaftaran Bansos Go Digital Sebesar Rp 1,5 Juta
BACA JUGA:
Cek Fakta: Hoaks Artikel Ahmad Sahroni Mau Kembali ke Indonesia Jika Jokowi Tunjukkan Ijazah Aslinya
Baca Juga
Cek Fakta: Tidak Benar Dalam Video Ini Situasi di Jakarta Utara
Cek Fakta: Tidak Benar Video Detik-Detik Aktivis Tertembak Saat Demo
Cegah Hoaks Menyebar, Khofifah: Mari Budayakan Saring Sebelum Sharing
1. Cek Fakta: Tidak Benar Foto Presiden Jokowi Bagikan Buku Bersampul Prabowo - Gibran
Advertisement
Beredar di media sosial postingan foto Presiden Jokowi sedang membagikan buku bersampul Prabowo - Gibran. Postingan itu beredar sejak awal pekan ini.
Salah satu akun ada yang mengunggahnya di Facebook. Akun itu mempostingnya pada 13 Februari 2024.
Dalam postingannya terdapat foto Presiden Jokowi sedang membagikan sejumlah buku dengan sampul Prabowo - Gibran. Postingan itu disertai narasi
""Njirr""
Lalu benarkah postingan foto Presiden Jokowi sedang membagikan buku bersampul Prabowo - Gibran? Simak dalam artikel berikut
ini...
2. Cek Fakta: Tidak Benar Foto Anies Baswedan Ajak Pendukungnya Coblos Pasangan Prabowo - Gibran
Beredar di media sosial postingan foto Anies Baswedan mengajak pendukungnya untuk memilih pasangan nomor urut dua Prabowo - Gibran. Postingan itu beredar sejak akhir pekan ini.
Salah satu akun ada yang mengunggahnya di Facebook. Akun itu mempostingnya pada 8 Februari 2024.
Dalam postingannya terdapat foto Anies Baswedan mengacungkan dua jari dengan narasi sebagai berikut:
""Untuk semua pendukung saya, jangan lupa coblos no.2 Prabowo Gibran""
Akun itu menambahkan narasi,
""PEMILU MAKIN DEKAT. JANGAN LUPA COBLOS 02 UNTUK INDONESIA MAJU !""
Lalu benarkah postingan foto Anies Baswedan mengajak pendukungnya untuk memilih pasangan nomor urut dua Prabowo - Gibran? Simak dalam artikel berikut
ini...
3. Cek Fakta: Hoaks Sri Mulyani Sebut Indonesia akan Bangkrut Jika Prabowo Presiden
Beredar di media sosial postingan Menkeu Sri Mulyani yang menyebut Indonesia akan bangkrut jika Prabowo Subianto menjadi presiden. Postingan itu beredar sejak awal pekan ini.
Salah satu akun ada yang mengunggahnya di Facebook. Akun itu mengunggahnya pada 5 Februari 2024.
Dalam unggahannya terdapat foto Sri Mulyani dengan narasi sebagai berikut:
""Dr Srimulyani Menkeu: Prabowo Presiden Indonesia Bangkrut!""
Lalu benarkah postingan Menkeu Sri Mulyani yang menyebut Indonesia akan bangkrut jika Prabowo Subianto menjadi presiden? Simak dalam artikel berikut
ini..."
14/02/2024 14:54;Prabowo-Gibran Menang Telak di TPS Gibran;https://www.liputan6.com/regional/read/5528034/prabowo-gibran-menang-telak-di-tps-gibran;"Liputan6.com, Solo -
Perolehan suara pasangan capres-cawapres nomor urut 2, Prabowo Subianto-
Gibran Rakabuming Raka
unggul dalam penghitungan suara di TPS 034 Manahan, Solo. TPS tersebut merupakan tempat Gibran dan istrinya Selvi Ananda.
Pantauan
Liputan6.com
, petugas KPPS TPS 034 Manahan mulai menghitung suara sekitar pukul 13.35 WIB. Prosesi
penghitungan suara
diawali dengan membuka kotak suara presiden dan wakil presiden disaksikan para saksi.
Kemudian surat suara satu per satu dikeluarkan dari kotak suara untuk mengetahui pasangan presiden dan wakil presiden yang dipilih. Kemudian surat suara itu dibentangkan dan ditunjukkan kepada para saksi untuk mengetahui pasangan yang dicoblos.
Advertisement
Dalam penghitungan suara itu, Ketua KPPS TPS 034 Manahan, Heru Mawanto bertugas yang membentangkan kertas suara yang diciblos. Pasangan nomor urut 2,
Prabowo-Gibran
mendominasi saat awal penghitungan suara dimulai.
Setelah dilakukan penghitungan suara sekitar 25 menit, hasil perolehan suara pasangan capres-cawapres, Prabowo-Gibran menang telak dibandingkan perolehan suara pasangan capres-cawapres lainnya.
“Untuk paslon 1 tercatat 6 suara. Paslon 2 tercatat 110 suara dan paslon 3 tercatat 53 suara. Sedangkan surat suara tidak sah 2 kertas suara. Jadi total 171 suara,” ucap Heru Mawanto saat membacakan hasil penghitungan suara presiden dan wakil presiden."
14/02/2024 14:29;PrabowoSoal Banyak Tuduhan Negatif: Saya Membela Kebenaran Kok Takut?;https://www.liputan6.com/pemilu/read/5528014/prabowo-soal-banyak-tuduhan-negatif-saya-membela-kebenaran-kok-takut;"Liputan6.com, Jakarta -
Calon presiden (Capres) nomor urut 02 Prabowo Subianto buka suara soal banyaknya tuduhan negatif kepada dirinya selama momen Pemilihan Presiden (Pilpres) 2024.
Prabowo
pun menyinggung soal pembunuhan karakter.
Ketua Umum (Ketum) Partai Gerindra itu mulanya bicara soal adanya risiko setiap pergantian kepemimpinan di suatu negara.
BACA JUGA:
Daftar Nama Menteri yang Disebut Kena Reshuffle Kabinet, Ini Penjelasan Mensesneg
BACA JUGA:
Prabowo Reshuffle Kabinet di 3 Kementerian Sektor Ekonomi, Ini Daftarnya
Baca Juga
Profil Ferry Juliantono, Dilantik Prabowo jadi Menteri Koperasi Gantikan Budi Arie Setiadi
Reshuffle Kabinet Prabowo, Ini Profil Menkeu Purbaya Yudhi Sadewa Pengganti Sri Mulyani
Reshuffle Kabinet Merah Putih, IHSG Berbalik Arah Memerah Jelang Penutupan
""Kalau Anda belajar sejarah demikianlah risikonya dalam sejarah, karena pergantian pimpinan di setiap tempat mengandung ada yang berhasil dan yang tidak berhasil,"" kata Prabowo usai mencoblos di kediaman pribadinya, Hambalang, Bogor, Jawa Barat, Rabu (14/2/2024).
Advertisement
Prabowo juga bicara tentang kewaspadaan bagi negara sebesar Indonesia jangan terjebak dalam perangkap suatu permainan besar. Dia lalu menyinggung soal pembunuhan karakter.
""Negara sebesar kita dan sekaya kita negara sepenting kita, pasti banyak yang melirik jadi yang kita waspada adalah janganlah kita masuk perangkap suatu permainan-permainan besar,"" katanya.
""Ini selalu dalam sejarah terjadi jadi saya anggap itu biasa, kalau tidak bisa bunuh orangnya, bunuh reputasinya bunuh namanya bunuh karakternya, itu kita sudah mengerti lah,"" ucap
Prabowo Subianto
menambahkan."
14/02/2024 13:01;Usia Nyoblos, Khofifah Yakin PaslonPrabowo-Gibran Menang Satu Putaran;https://www.liputan6.com/surabaya/read/5527916/usia-nyoblos-khofifah-yakin-paslon-prabowo-gibran-menang-satu-putaran;"Liputan6.com, Surabaya -
Khofifah
Indar Parawansa menggunakan hak pilihnya di tempat pemungutan suara (TPS) 031, Kelurahan Jemursari, Wonocolo Surabaya, Rabu (14/2/2024).
Ketua PP Muslimat NU nonaktif ini, ditemani tiga puteranya Yusuf Mannagali, Jalaluddin, dan Ali Mannagali, mengggunakan hak suaranya.
Baca Juga
NasDem Pasang Target Masuk 3 Besar di Pemilu 2029, Konsolidasi jadi Fokus Utama
Pentingnya Layanan Pendidikan Tambahan Selain Sekolah, Mengingat Ketatnya Seleksi Masuk Perguruan Tinggi
Kinerja PPP di Pemilu 2024 Harus Dievaluasi, Bukan Saling Menyalahkan
Di
TPS
yang menempati halaman SDN Margorejo VI ini Khofifah, disambut Ketua Kelompok Penyelenggara Pemungutan Suara (KPPS) Muhammad Mabrur.
Advertisement
Khofifah terlebih dahulu duduk di antrean usai menyerahkan undangan. Petugas PPS pun melayani dengan ramah.
Setelah diperiksa kelengkapannya, Khofifah dan tiga putranya menuju bilik suara setelah diberi sejumlah kertas surat suara berjumlah 5 lembar terdiri dari surat suara Pilpres, DPR RI, DPD RI, DPRD provinsi dan DPRD kabupaten.
Sesuai penelusuran wartawan, nama Khofifah Indar Parawansa, tercatat di Daftar Pemilih Tetap (DPT) di TPS 031 di nomor urut 122.
Sedangkan tiga putranya yang kelahiran Jakarta itu, Ali Mannagali, di DPT nomor urut 19, Jalaludin Mannagali nomor DPT 120, dan Yusuf Mannagali, di DPT nomor urut 296.
Usai mencoblos, Khofifah tampak mengangkat tangan dan menunjukkan jari yang sudah ditandai tinta kepada masyarakat.
Di hadapan wartawan, Khofifah, mengaku telah menggunakan hak suaranya sesuai lima kertas suara, putih, kuning, merah, hijau, dan biru masing-masing pemilihan DPD, DPR RI, DPRD Provinsi, DPRD kabupaten, kota, dan Presiden.
Selaku Tim Kampanye Nasional Paslon 02, Khofifah mengaku telah melakukan kampanye dan penggalangan dukungan Capres Cawapres, secara maksimal dan diharapkan akan menang signifikan di Jatim.
Dia bahkan telah menerima informasi dari daerah-daerah bahwa situasi aman, dan damai.
""Semoga semua masyarakat bisa menikmati suasana Pemilu kali ini, dan menggunakan hak suaranya
Pemilu 2024
, ini karena menentukan nasib bangsa lima tahun ke depan. Ada 5 kata kunci kami selalu dengungkan di TKN, aman, damai, kondusif, guyub dan rukun,"" ujarnya, Rabu (14/2/2024).
Khofifah meyakini Paslon 02 akan memenangkan satu putaran. Untuk mendukung itu semua, seluruh pengurus Muslimat sampai ranting-ranting masih mengadakan khataman Alquran hingga sampai hari H pencoblosan."
14/02/2024 13:01;Melihat Ketatnya TPSPrabowoSampai Anjing Pelacak Diterjunkan;https://www.liputan6.com/pemilu/read/5527936/melihat-ketatnya-tps-prabowo-sampai-anjing-pelacak-diterjunkan;"Liputan6.com, Jakarta -
Calon presiden nomor urut 02
Prabowo Subianto
telah menggunakan hak suaranya di TPS 033, Bojong Koneng, Kecamatan Babakan Madang, Kabupaten Bogor, Jawa Barat, Rabu (14/2). Prabowo mencoblos sekitar pukul 09.00 WIB tadi pagi.
Sebelum Prabowo datang, pengamanan ketat terlihat jelas di sekitar TPS Prabowo ini yang melibatkan personel kepolisian.
Baca Juga
NasDem Pasang Target Masuk 3 Besar di Pemilu 2029, Konsolidasi jadi Fokus Utama
Pentingnya Layanan Pendidikan Tambahan Selain Sekolah, Mengingat Ketatnya Seleksi Masuk Perguruan Tinggi
Kinerja PPP di Pemilu 2024 Harus Dievaluasi, Bukan Saling Menyalahkan
Bahkan, terpantau pihak kepolisian menerjunkan anjing pelacak K9 dalam pengamanan di TPS tersebut. Sesekali polisi membawa anjing tersebut mengelilingi dan mengecek TPS.
Advertisement
Anjing warna hitam tersebut terlihat mengendus-ngendus sejumlah ruang di dalam di dalam TPS dan sudut-sudut lokasi.
Sekitar pukul 07.50 WIB, warga setempat juga sudah mulai berdatangan menggunakan hak suaranya mengikuti pencoblosan di TPS ini meski hujan mengguyur.
Sementara itu, usai mencoblos, Prabowo tampak mencelupkan 2 jarinya ke tinta yaitu telunjuk dan jari tengah kanannya. Dirinya pun memamerkan salam dua jarinya ke awak media dan para warga."
14/02/2024 12:35;Survei IndikatorPrabowo-Gibran Raih 54%, Seberapa Besar Potensi Pilpres Satu Putaran?;https://www.liputan6.com/pemilu/read/5528006/survei-indikator-prabowo-gibran-raih-54-seberapa-besar-potensi-pilpres-satu-putaran;"Liputan6.com, Jakarta -
Pemungutan suara Pemilihan Umum (
Pemilu
) 2024 dimulai hari ini, Rabu, 14 Februari. Siapa yang akan menjadi pemenang pemilihan presiden (
pilpres
)?
Komisi Pemilihan Umum (KPU) secara resmi baru akan mengumumkan hasilnya paling lambat pada 20 Maret mendatang. Namun, jika merujuk hasil survei Indikator Politik Indonesia terakhir jelang pemungutan suara atau periode 28 Januari-4 Februari 2024, pasangan calon (paslon) Prabowo Subianto-Gibran Rakabuming Raka meraih 51,8%.
Baca Juga
MK Tolak Syarat Sarjana Capres-Cawapres, MPR: Konstitusi Memang Tak Mengatur
Sementara itu, Anies Baswedan-Muhaimin Iskandar (Amin) mendapatkan 24,1% dan Ganjar Pranowo-Mahfud MD 19,6%. Sebanyak 4,5% menjawab tidak tahu.
Advertisement
Kemudian, jika menggunakan pendekatan selang kepercayaan survei 95%, maka perolehan suara Prabowo-Gibran diestimasikan 54%, Amin 24,9%, dan Ganjar-Mahfud 21,1%. Dengan demikian, pilpres berpotensi 1 putaran.
Survei tersebut dilaksanakan dengan melibatkan 1.200 responden yang tersebar di seluruh provinsi secara proporsional. Penarikan sampel menggunakan metode multistage random sampling dengan toleransi kesalahan (margin of error) sekitar 2,9% pada tingkat kepercayaan 95%.
""Terbukti atau tidak? Kita tunggu hasil hitung cepat (quick count) Indikator,"" ucap peneliti utama Indikator, Burhanuddin Muhtadi, beberapa saat lalu.
Diketahui, salah satu syarat pilpres digelar 1 putaran adalah meraih 50% plus 1 suara, suara sedikitnya 20% di setiap provinsi, dan tersebar di lebih dari setengah jumlah provinsi di Indonesia atau 20 provinsi. Ini sesuai Pasal 6A ayat (3) dan (4) UUD Tahun 1945."
14/02/2024 12:18;Usai Nyoblos, Kaesang YakinPrabowo-Gibran Menang 1 Putaran;https://www.liputan6.com/pemilu/read/5527887/usai-nyoblos-kaesang-yakin-prabowo-gibran-menang-1-putaran;"Liputan6.com, Jakarta -
Ketua Umum Partai Solidaritas Indonesia (
PSI
),
Kaesang Pangarep
optimis pasangan
Prabowo-Gibran
mampu menang satu putaran pada
Pilpres 2024
.
""Sekali putaran,"" kata Kaesang usai menunaikan hak pilihnya bersama istri, Erina Sofia Gudono di TPS 63, Apartemen Taman Rasuna, Kuningan Jaksel pada Rabu, (14/2/2024).
BACA JUGA:
Deretan Hoaks Catut Nama Kaesang Pangarep, Simak Faktanya
BACA JUGA:
Cek Fakta: Hoaks Artikel Kaesang Sebut Banyak Rakyat yang Memaksanya Jadi Presiden
BACA JUGA:
Ini Dua Sosok Inisial J, Calon Kuat Ketua Dewan Pembina PSI
Baca Juga
Kaesang Soroti Upaya Adu Domba Prabowo-Jokowi di Medsos: Itu Menyesatkan
7 Pesona Kebaya Brokat Gradasi Ungu Erina Gudono di Acara Tedak Siten Bebingah
Gelar Doa Bersama, Kaesang Pastikan Program Prabowo untuk Wujudkan Kemerdekaan Rakyat Indonesia
Kaesang kemudian berbicara tentang PSI. Dia menyakini partai yang dipimpinnya bisa tembus ke Senayan. Keyakinan itu, kata Kaesang berdasarkan hasil dari beberapa lembaga survei, termasuk internal.
Advertisement
""Ya deg-degan tapi yakin InsyaAllah PSI bisa masuk ke Senayan. Survei internal kami 5,1-6 persen tapi saya harap lebih baik,"" tandas.
TPS 63 tercatat ada 288 orang yang terdaftar sebagai pemilih tetap meliputi pemilih laki-laki 136 orang dan pemilih perempuan 152 orang. Sementara itu, daftar pemilih tambahan berjumlah 25 orang termasuk Kaesang dan Erina."
14/02/2024 12:00;Cek Fakta: Tidak Benar Klaim Foto RSJ Khusus PendukungPrabowo;https://www.liputan6.com/cek-fakta/read/5527843/cek-fakta-tidak-benar-klaim-foto-rsj-khusus-pendukung-prabowo;"Liputan6.com, Jakarta-
Cek Fakta Liputan6.com mendapati klaim foto RSJ khusus
pendukung Prabowo
, informasi tersebut diunggah salah satu akun Facebook, pada 14 Februari 2024.
Unggahan klaim foto
RSJ
khusus pendukung Prabowo menampilkan sebuah bangunan bertuliskan
BACA JUGA:
Cek Fakta: Hoaks Tautan Pendaftaran Bansos Go Digital Sebesar Rp 1,5 Juta
BACA JUGA:
Cek Fakta: Hoaks Artikel Ahmad Sahroni Mau Kembali ke Indonesia Jika Jokowi Tunjukkan Ijazah Aslinya
BACA JUGA:
Waspada Hoaks Pasca Kericuhan Demo, Simak Ragam Bahaya Disinformasi
BACA JUGA:
Ragam Hoaks yang Dikaitkan dengan Peristiwa di Bandara, Simak Faktanya
Baca Juga
Cek Fakta: Tidak Benar Dalam Video Ini Situasi di Jakarta Utara
Cek Fakta: Tidak Benar Video Detik-Detik Aktivis Tertembak Saat Demo
Cegah Hoaks Menyebar, Khofifah: Mari Budayakan Saring Sebelum Sharing
""Instalasi Gawat Darurat
Advertisement
RSJ KHUSUS PENDUKUNG PRABOWO""
Foto tersebut diberi keterangan sebagai berikut.
""Buat Pendukung 02Gagal Satu Putaran 😁""
Benarkah klaim foto RSJ khusus pendukung
Prabowo
? Simak penelusuran Cek Fakta Liputan6.com."
14/02/2024 11:45;Airlangga Hartarto OptimisPrabowo-Gibran Menang Satu Putaran di Pemilu 2024;https://www.liputan6.com/bisnis/read/5527826/airlangga-hartarto-optimis-prabowo-gibran-menang-satu-putaran-di-pemilu-2024;"Liputan6.com, Jakarta
Menteri Koordinator Bidang Perekonomian Airlangga Hartarto sekaligus Ketus Umum Partai Golkar, Airlangga Hartarto, optimis pasangan Capres nomor urut 01,
Prabowo
Subianto dan Gibran Rakabuming Raka akan memenangi pemilihan presiden (Pilpres) 2024 dalam satu putaran.
BACA JUGA:
Menko Airlangga Pastikan Ekonomi Indonesia Kokoh: IHSG Sempat Sentuh Rekor 8.000
BACA JUGA:
UMKM dan Pariwisata Jadi Motor Pertumbuhan Ekonomi Indonesia 2025
Baca Juga
Menko Airlangga Usul Magang Bergaji, Anindya Bakrie: Perlu Dibahas Lebih Lanjut
Menko Airlangga Sampaikan Duka Cita kepada Korban Demo
Menko Airlangga Tenangkan Pasar di Tengah Dinamika Politik: Fundamental Ekonomi Indonesia Solid
""Pemilihan Insya Allah (satu putaran) kita tunggu,"" kata
Airlangga Hartarto
kepada awak media di TPS 05 yang terletak di SMKN 6, Melawai, Kebayoran Baru, Jakarta Selatan, Rabu (14/2/2024).
Airlangga menjelaskan, optimis pasangan Capres Prabowo - Gibran menang satu putaran dalam Pilpres 2024 berkaca dari hasil survei yang dilakukan oleh berbagai lembaga politik. Di mana, pasangan Capres
Prabowo-Gibran
selalu menempati peringkat teratas dibandingkan pesaingnya.
Advertisement
""Itu (satu putaran) ya dari berbagai survei sebelum pemilihan umum, sekali putaran itu kelihatan,"" bebernya.
Tunggu KPU
Meski demikian, pihaknya tetap akan menunggu perhitungan resmi dari KPU terkait penentuan hasil Pilpres 2024. Mengingat, proses pemilihan umum masih berlangsung di berbagai wilayah Indonesia.
""Jadi kita tunggu saja hasil pemilu dan juga karena
Pemilu
ini kan ada pilpres, ada pileg ada pemilihan DPD, jadi diharapkan juga masyarakat menunggu hasil resmi. Artinya hasil resmi yang akan menentukan keputusan daripada hasil pemilu, jadi sabar-sabarlah,"" pungkasnya."
14/02/2024 10:37;PrabowoSubianto Mencoblos di Hambalang, Celupkan 2 Jari ke Tinta Pemilu 2024;https://www.liputan6.com/pemilu/read/5527806/prabowo-subianto-mencoblos-di-hambalang-celupkan-2-jari-ke-tinta-pemilu-2024;"Liputan6.com, Jakarta
Calon presiden nomor urut 2
Prabowo Subianto
menggunakan hak pilihnya pada Pemilu 2024 di TPS 033, Bojong Koneng, Hambalang, pada Rabu (14/2/2024). Prabowo tampak mengenakan kemeja biru muda dan topi.
Menteri Pertahanan itu tiba di TPS 033 sekitar pukul 09.00 WIB. Dia datang dikawal ajudanya yang salah satunya adalah Mayor TNI Teddy Indra Wijaya.
BACA JUGA:
Daftar Nama Menteri yang Disebut Kena Reshuffle Kabinet, Ini Penjelasan Mensesneg
BACA JUGA:
Prabowo Reshuffle Kabinet di 3 Kementerian Sektor Ekonomi, Ini Daftarnya
BACA JUGA:
Prabowo Berencana Bangun Supermarket Produk Koperasi untuk Bantu Petani
Baca Juga
Profil Ferry Juliantono, Dilantik Prabowo jadi Menteri Koperasi Gantikan Budi Arie Setiadi
Reshuffle Kabinet Prabowo, Ini Profil Menkeu Purbaya Yudhi Sadewa Pengganti Sri Mulyani
Reshuffle Kabinet Merah Putih, IHSG Berbalik Arah Memerah Jelang Penutupan
Saat masuk ke dalam TPS, Prabowo tampak melepas topinya dan menunggu selama beberapa menit. Kemudian, Prabowo bergerak menuju bilik suara dan cukup lama mencoblos.
Advertisement
Setelah mencoblos semua surat suara, Prabowo memasukkanya ke masing-masing kotak suara
Pemilu 2024
. Setelahnya, Prabowo yang dipersilakan mencelupkan jarinya ke tinta sebagai tanda sudah nyoblos.
Terlihat, Prabowo tampak mencelupkan 2 jarinya ke tinta yaitu telunjuk dan jari tengah kanannya. Dirinya pun memamerkan salam dua jarinya ke awak media dan para warga.
Usai mencoblos, Prabowo menyampaikan terima kasih kepada para warga. Dia berharap, pencoblosan
Pilpres 2024
hari ini membawa berkah.
""Saya ucapkan terima kasih kepada KPPS, petugas TPS, lancar. Dan dalam kepercayaan rakyat kita, hujan membawa berkah, bawa rezeki, jadi kita patut bersyukur, mudah-mudahan semua jalan lancar. Insyaallah. Kita tunggu hasilnya,"" ungkap Prabowo."
14/02/2024 10:00;PrabowoSubianto Ungkap Penyebab Jalan dengan Kaki Diseret dan Berenang Pukul 04.30 Pagi;https://www.liputan6.com/lifestyle/read/5527669/prabowo-subianto-ungkap-penyebab-jalan-dengan-kaki-diseret-dan-berenang-pukul-0430-pagi;"Liputan6.com, Jakarta -
Sehari jelang Pilpres dan
Pemilu 2024
digelar pada hari ini, Rabu (14/2/2024), Deddy Corbuzier mengunggah podcast Close the Door yang menghadirkan calon Presiden nomor urut 2,
Prabowo Subianto
. Kesempatan itu dimanfaatkannya untuk menanyakan soal penyebab kaki Prabowo seperti diseret ketika sedang berjalan.
Awalnya, Prabowo menjelaskan masa-masa ketika ia berlatih menjadi tentara yang tergolong berat dan penuh bahaya. Hal itu pun memicu Deddy Corbuzier untuk membahas
kaki
Prabowo yang kerap diejek pincang. Mantan menantu Presiden Soeharto itu mengaku kakinya cedera karena berbagai kecelakaan.
BACA JUGA:
Koperasi Merah Putih: Solusi Prabowo untuk Kesejahteraan Petani dan Rakyat
BACA JUGA:
Prabowo Bicara Provokator Pembakar Fasilitas Umum, Ingatkan Pentingnya Siskamling
BACA JUGA:
Prabowo: Pemerintah Sudah Buktikan Ciptakan Banyak Lapangan Kerja
BACA JUGA:
Prabowo soal 17+8 Tuntutan Rakyat: Sebagian Masuk Akal, Sebagian Debatable
Baca Juga
Prabowo Berencana Bangun Supermarket Produk Koperasi untuk Bantu Petani
Prabowo: Ada Pihak-pihak Ingin Turunkan Kepercayaan Rakyat pada Pemerintah
Prabowo: Ekonomi Kita Masih Stabil, Banyak Ciptakan Lapangan Kerja
""Penyebabnya
macem-macem
, saya ini pernah kecelakaan beberapa kali
ndilalah
di kaki yang sama,"" ungkap Prabowo di akun Youtube
Deddy Corbuzier,
Selasa, 13 Februari 2024.
Advertisement
""Saya pernah terjun, jatuh dari suatu latihan di Jerman. Saya juga pernah jatuh dari tebing di daerah operasi. Iya itu resiko menjadi tentara. Saat itu, beban berat saya di tebing, tangan saya tidak kuat lalu jatuh,"" jelas pria 72 tahun itu. ""Untung ada pohon-pohonan, saya bisa bertahan. Saya sampai bisa diselamatkan anak buah saya,"" tambahnya.
Saat masih muda dan sehat, rasa sakit itu tak pernah dirasakan oleh Prabowo Subianto. Ia baru mulai merasa sakit belakangan ini. ""Terasanya justru baru sekarang-sekarang ini, dan itu kelihatan dari cara jalan saya, kalau waktu itu kan saya nggak terlalu merasakan,"" terangnya.
Untuk merawat kesehatannya, Prabowo memilih berenang sebagai olahraga rutinnya. Ia mengungkapkan biasa berenang di pagi hari, sekitar pukul 04.00--04.30 pagi.
Aktivitas Menteri Pertahanan RI itu sempat diungkapkan Deddy Corbuzier di akun Instagramnya di tahun lalu. Waktu itu, Deddy masih belum tahu kenapa
Prabowo
memilih berenang di pagi hari bahkan sebelum matahari terbit."
13/02/2024 23:18;TKNPrabowo-Gibran Bersama Ulama Gelar Doa dan Khataman Alquran untuk Kelancaran Pemilu;https://www.liputan6.com/pemilu/read/5527637/tkn-prabowo-gibran-bersama-ulama-gelar-doa-dan-khataman-alquran-untuk-kelancaran-pemilu;"Liputan6.com, Jakarta
Tim Kampanye Nasional (TKN) Prabowo Subianto-Gibran Rakabuning Raka bersama para kiai dan ulama menggelar doa dan khataman Alquran untuk kelancaran
pemilu 2024
.
Acara digelar di depan rumah Prabowo di Jalan Kertanegara IV, Kebayoran Baru, Jakarta Selatan, Selasa malam (13/2/2024).
Wakil Ketua
TKN Prabowo-Gibran
, Ahmad Muzani, mengatakan kegiatan malam ini dilaksanakan sebagai upaya untuk meminta kepada Allah SWT agar bangsa Indonesia diberi kelancaran dalam melaksanakan pesta demokrasi pemilu 2024.
Advertisement
""Agenda malam ini adalah agenda malam terakhir sebelum pencoblosan, sehingga kita perlu bermunajat kepada Allah sebanyak 30 juz khataman
Alquran
, zikir dan doa sebagai bagian dari kita untuk terus mengingat atas semua karunia Allah,"" ucap Muzani.
Tak hanya di rumah Kertanegara, Muzani mengatakan, doa dan khataman Alquran juga digelar serentak oleh Tim Kampanye Daerah (TKD) di sejumlah daerah Indonesia.
""Kita mengadakan acara tersebut dan tentu saja yang paling penting supaya hajatan demokrasi akan berlangsung Rabu 14 Februari berlangsung aman berlangsung damai dan menghasilkan hasil yang Allah ridhoi sebagai pemimpin negeri,"" kata Muzani.
Sementara itu, Sekretaris TKN
Prabowo-Gibran
, Nusron Wahid, mengatakan acara khataman dikhususkan agar pemilu 2024 dapat berjalan dengan lancar, dan apa pun hasilnya dapat diterima oleh semua pihak.
""Khataman ramai-ramai kita khususkan semoga pemilu besok lancar, damai, membawa berkah bagi bangsa Indonesia, tidak ada kegaduhan dan kita semua insyaallah apa pun yang terjadi, harus menerima hasilnya karena semua adalah atas takdir dan qadha Allah SWT,"" kata Nusron.
Acara doa bersama dan khataman Al-Quran ini dihadiri ratusan masyarakat. Mereka berkumpul di halaman kediaman
Prabowo
. Sekretaris TKN Prabowo-Gibran, Nusron Wahid dan Wakil Ketua TKN Prabowo-Gibran, Ahmad Muzani juga hadir dalam acara ini.
Selain itu, ada pula sejumlah tokoh agama yang hadir dalam kegiatan tersebut di antaranya, KH Misbahul Munir, Habib Zaki bin Muhammad Alhaddad, Kh Agus Muslim, KH Abdullah Mahrus Nur Iskandar, KH Lukman Hakim, KH Nahdli, dan KH Arwani Faisal."
13/02/2024 20:03;Prabowodan Gibran Akan Nobar Quick Count Pilpres 2024 di Istora Senayan Usai Nyoblos;https://www.liputan6.com/pemilu/read/5527560/prabowo-dan-gibran-akan-nobar-quick-count-pilpres-2024-di-istora-senayan-usai-nyoblos;"Liputan6.com, Jakarta -
Tim Kampanye Nasional (TKN)
Prabowo-Gibran
bakal menggelar nonton bareng penghitungan cepat atau
quick count
Pemilihan Umum (Pemilu) 2024 di Istora, Senayan, Jakarta, besok Rabu 14 Februari 2024 pukul 14.00 WIB.
Pasangan capres-cawapres nomor urut 2 Prabowo Subianto dan Gibran Rakabuming Raka juga dijadwalkan akan hadir dalam nobar itu ketika
quick count
sudah mencapai 80 persen lebih.
BACA JUGA:
Daftar Nama Menteri yang Disebut Kena Reshuffle Kabinet, Ini Penjelasan Mensesneg
BACA JUGA:
Prabowo Reshuffle Kabinet di 3 Kementerian Sektor Ekonomi, Ini Daftarnya
Baca Juga
Profil Ferry Juliantono, Dilantik Prabowo jadi Menteri Koperasi Gantikan Budi Arie Setiadi
Reshuffle Kabinet Prabowo, Ini Profil Menkeu Purbaya Yudhi Sadewa Pengganti Sri Mulyani
Reshuffle Kabinet Merah Putih, IHSG Berbalik Arah Memerah Jelang Penutupan
""Besok siang dalam rangka untuk menyambut kemenangan Pak Prabowo, Gibran, TKN akan melaksanakan nobar
quick count
bersama di Istora Senayan,"" kata Sekretaris Tim Kampanye Nasional
(TKN) Prabowo-Gibran
, Nusron Wahid di Media Center TKN, Jakarta Selatan, Selasa (13/2/2024).
Advertisement
""Pintu mulai dibuka jam 14.00 WIB sampai selesai dan nanti ketika
quick count-
nya sudah mencapai angka ya 80 sampai 90 persen, nanti paslon baik pak capres maupun pak cawapres Pak
Prabowo
dan Mas Gibran akan hadir di sana,"" sambungnya.
Nusron mengatakan, seluruh pengurus TKN, ketua umum partai Koalisi Indonesia Maju dan elite partai akan ikut berkumpul di
Istora Senayan
. Dia menerangkan, nobar tersebut terbuka untuk umum tapi kapasitasnya terbatas.
""Karena itu kami harapkan para relawan dan teman-teman yang lain untuk bersama-sama mengawal kemenangan Pak Prabowo-
Gibran
ini secara serius dan nanti kita akan kumpul di Istora besok siang sampai sore mungkin sampai malam akan ada acara di situ,"" ucapnya."
13/02/2024 19:00;TKN: Jaga TPS dan Kotak Suara untuk KemenanganPrabowo-Gibran;https://www.liputan6.com/pemilu/read/5527620/tkn-jaga-tps-dan-kotak-suara-untuk-kemenangan-prabowo-gibran;"Liputan6.com, Jakarta -
Wakil Ketua Tim Kampanye Nasional
Prabowo
-
Gibran
sekaligus Ketua Umum Solidaritas Merah Putih Silfester Matutina merespons positif dan bahkan berterimakasih atas segala fitnah dan ejekan dari paslon lain jelang pencoblosan Pilpres pada Rabu 14 Februari 2024.
""Kami merasa heran saja. Harusnya Pilpres itu ajang beradu gagasan dan visi-misi untuk menarik simpati dan harapan rakyat mau dibawa kemana Indonesia ke depannya. Kok ini malah bisanya hanya menyajikan fitnah dan ejekan saja. Jadinya Pilpres isinya hanya fitnah, saling mengejek, dan merendahkan,"" kata Silfester.
Baca Juga
NasDem Pasang Target Masuk 3 Besar di Pemilu 2029, Konsolidasi jadi Fokus Utama
Pentingnya Layanan Pendidikan Tambahan Selain Sekolah, Mengingat Ketatnya Seleksi Masuk Perguruan Tinggi
Kinerja PPP di Pemilu 2024 Harus Dievaluasi, Bukan Saling Menyalahkan
Ia melanjutkan, TKN tidak akan terlalu serius apalagi sampai melaporkan ke Bawaslu dan kepolisian atas fitnah dan ejekan.
Advertisement
""Kami malah berterimakasih karena rakyat dapat melihat bahwa paslon lain hanya bisa memberikan ejekan dan fitnah bukan solusi dan rancangan untuk bangsa ke depannya.""
""Dan kami yakin rakyat sudah pintar dan melihat dengan nurani semua fitnah dan ejekan itu tidak benar. Dan pastinya kami yakin rakyat akan menghukum paslon lain dengan tidak memilih mereka."""
13/02/2024 18:16;Kegiatan Capres Sehari Jelang Coblosan Pemilu 2024: Anies Rileks,PrabowoPengajian dan Ganjar Perenungan;https://www.liputan6.com/surabaya/read/5527492/ragam-kegiatan-capres-sehari-jelang-coblosan-pemilu-2024-anies-rileks-prabowo-pengajian-dan-ganjar-perenungan;"Liputan6.com, Jakarta -
Coblosan
pemilu 2024
tinggal sehari lagi atau 14 Februari 2024. Sembari menunggu hari coblosan Para calon presiden (capres) memilih untuk
cooling down
dan mengurangi sejumlah aktifitas sebelum berangkap ke TPS besok.
Calon presiden (capres) nomor urut satu
Anies Baswedan
mengaku tidak memiliki persiapan khusus jelang pemilihan umum (Pemilu) 14 Februari 2024. Anies menyampaikan, dirinya relatif rileks dan bakal menghabiskan waktu untuk berkumpul bersama keluarga.
Baca Juga
MK Tolak Syarat Sarjana Capres-Cawapres, MPR: Konstitusi Memang Tak Mengatur
""Tidak ada persiapan khusus. Terima kasih, kegiatan kita itu. Jadi tidak ada persiapan khusus hari ini. Kita relatif rileks kemudian sore malam nanti bersama keluarga,"" kata Anies di Lebak Bulus, Jakarta Selatan, Selasa (13/2/2024).
Advertisement
Anies menyebut, bakal pergi mencoblos di Tempat Pemungutan Suara (TPS) bersama keluarganya. TPS Anies berada tak jauh dari kediamannya di Jalan Lebak Bulus, Jakarta Selatan.
""Kami sekeluarga tentu akan nyoblos di
TPS
di lingkungan kami pagi-pagi. Kemudian sesudah itu kami akan ke markas di Jalan Diponegoro di markas Timnas,"" ungkap dia.
Anies menjelaskan, sebelum menuju TPS dia dan keluarga bakal berdoa hingga sungkeman terlebih dahulu. ""Seperti biasa, kita doa. Dan doa tidak pernah putus dari kemarin,"" ujar Anies.
Lebih lanjut, dia juga mengajak kepada semua massa pendukung untuk turut berdoa. Anies meminta pendukungnya berdoa untuk kelancaran pemilihan presiden (Pilpres) 2024.
""Berdoa agar dalam pilpres besok, aspirasi untuk perubahan akan bisa mendapatkan porsi yang besar, akan bisa mendapatkan dukungan yang luas,"" kata dia.
Adapun Anies bakal mencoblos di TPS 60 Kelurahan Cilandak Barat, Cilandak, Jakarta Selatan. Anies dijadwalkan bakal menuju ke TPS pada pukul 07.00 WIB.
Prabowo Doa Bersama
Calon presiden nomor urut 2 Prabowo Subianto akan mengadakan doa bersama jelang hari pemungutan suara atau pencoblosan 14 Februari 2024.
Hal itu sampaikan Juru Bicara (Jubir) Menteri Pertahanan (Menhan) Prabowo Subianto, Dahnil Anzar Simanjuntak. Dia mengatakan, doa bersama digelar di kediaman Prabowo di Hambalang, Kabupaten Bogor, Jawa Barat, pada Selasa (13/2/2024) malam.
""Pak Prabowo ada pengajian terbatas begitu, terkait dengan ya berdoa lah yang terbaik untuk bangsa dan negara untuk esok hari,"" kata Dahnil di Media Center TKN Prabowo-Gibran, Kebayoran Baru, Jakarta Selatan, Selasa (13/2/2024).
Dahnil mengatakan, doa bersama juga digelar di dilakukan di Media Center TKN Prabowo-Gibran. Adapun, dijadwalkan setelah adzan magrib.
""Rencana nanti ba'da magrib ya,"" ucap dia.
Dahnil kemudian menyampaikan pesan Prabowo. Dia berharap pemilu 2024 dapat berjalan dengan baik, damai. Masyarakat diminta untuk terus menjaga persatuan.
""Besok kita serahkan sepenuhnya kepada rakyat Indonesia dan kepada Allah SWT,"" ujar dia."
13/02/2024 17:37;Usai Mencoblos,PrabowoAkan Pantau Exit Poll di Kertanegara;https://www.liputan6.com/pemilu/read/5527450/usai-mencoblos-prabowo-akan-pantau-exit-poll-di-kertanegara;"Liputan6.com, Jakarta -
Calon Presiden nomor urut 2,
Prabowo Subianto
dijadwalkan akan langsung menuju ke kediaman pribadi di Jalan Kertanegara Nomor 4, Kebayoran Baru, Jakarta Selatan, usai menggunakan hak pilihnya di pemilu 2024.
Hal itu disampaikan Juru Bicara (Jubir)
Prabowo
Subianto, Dahnil Anzar Simanjuntak. Dia mengatakan, Prabowo akan mencoblos di Tempat Pemungutan Suara (TPS) 33, Kampung Curug, Hambalang Kabupaten Bogor.
Baca Juga
Megawati Soekarnoputri Kerap Diserang Hoaks, Simak Daftar dan Fakta di Baliknya
""Beliau akan pilih di sana pagi,"" ujar dia di Media Center TKN Prabowo-Gibran, Kebayoran Baru, Jakarta Selatan, Selasa (13/2/2024).
Advertisement
Dahnil menyampaikan, Prabowo kemudian akan melanjutkan aktivitasnya di Jakarta. Prabowo berencana memantau exit poll pemilihan umum (pemilu) di Kertanegara.
""Agak siang kemudian ke Kertanegara sambil memantau pergerakan exit poll. Jadi kemungkinan pagi di sana dengan keluarga, kemudian siang agak sore menuju Kertanegara,"" tandas dia.
Adapun capres nomor urut 01 Anies Baswedan bakal mencoblos di Tempat Pemungutan Suara (TPS) yang berada tak jauh dari kediamannya di Jalan Lebak Bulus II, Cilandak, Jakarta Selatan.
""(Nyoblos) di TPS (Lebak Bulus) dong,"" kata Anies kepada wartawan usai bertemu AA Gym di Masjid Daarut Tauhid, Jakarta Selatan, Senin 12 Februari 2024.
Sementara capres nomor urut 03
Ganjar Pranowo
akan mencoblos di TPS 11 Kelurahan Lempongsari, Kecamatan Gajahmungkur, Kota Semarang, Jawa Tengah (Jateng). Ganjar disebut akan mencoblos bersama istri, Siti Atikoh dan anaknya Alam Ganjar."
13/02/2024 17:30;JubirPrabowo, Dahnil Anzar Klaim Dapat Ancaman Usai Klarifikasi Hoaks Korupsi Pesawat Mirage;https://www.liputan6.com/news/read/5527440/jubir-prabowo-dahnil-anzar-klaim-dapat-ancaman-usai-klarifikasi-hoaks-korupsi-pesawat-mirage;"Liputan6.com, Jakarta -
Juru Bicara (Jubir) Menteri Pertahanan (Menhan) Prabowo Subianto,
Dahnil Anzar Simanjuntak
mengaku mendapat ancaman dari orang tak dikenal usai mengklarifikasi berita bohong alias hoaks terkait kasus korupsi pengadaan pesawat tempur Mirage dari Qatar.
Ancaman itu dikirimkan lewat pesan WhatsApp ke nomor pribadi
Dahnil Anzar
. Terkait hal ini, Tim Kampanye Nasional (TKN) Prabowo-Gibran akan mengambil langkah hukum.
Dalam konferensi pers di Media Center Prabowo-Gibran, Dahnil menceritakan bahwa ancaman masuk ke WhatsApp pribadi pada pukul 1:37 WIB, Selasa 13 Februari 2024. Sementara itu, pesan baru dibaca usai subuh.
Advertisement
""Saya agak kaget ada pesan seperti ini, jadi tadi bunyinya seperti tadi dibacakan oleh Mas Habiburokhman,"" kata Dahnil dalam konferensi pers di Media Center TKN
Prabowo
-Gibran, Jakarta Selatan, Selasa (13/2/2024).
Adapun, bunyi pesan
""HEI DAHNIL !! SUDAHLAH DAHNIL ! KAMU LBIH BAIK DIAM SAJA. BERHENTILAH KLARIFIKASI MASALAH KORUPSI BOSS MU. MASYARAKAT INDONESIA HARUS TAU
KORUPSI
PESAWAT BEKAS! KALAU MASIH SAYANG DIRI MU. JANGAN LAGI MUNCUL DI MEDIA. MEDIA MANAPUN ITU! KAMI BISA BERBUAT APAPUN ASAL KAMU TAU SJA! KAMI PUNYA SEMUA DATA DAN KARTU AS MU. INI PERINGATAN TERAKHIR ! CAMKAN.
Dahnil mengatakan, pesan ancaman yang diterimanya diduga kuat berhubungan dengan klarifikasi atas pemberitaan kasus korupsi pembelian 12
pesawat tempur Mirage
2000-5 bekas. Karena dirinya menjadi corong informasi untuk mengklarifikasi bahwa informasi itu fitnah dan hoaks yang menyudutkan Prabowo Subianto.
""Jadi memang beberapa hari belakangan saya intens mengklarifikasi berbagai isu fitnah dan
hoaks
yang sengaja ditebar di sosial media di situs berita yang tidak jelas sumbernya nah itu semua saya jawab saya jelaskan di publik,"" ujar dia.
""Kemudian muncullah pesan ancaman seperti ini dan ini agak mengganggu karena terus terang di tengah upaya kita melawan hoaks dan fitnah kemudian ada
ancaman
-ancaman seperti ini seiring juga dengan upaya fitnah yang semakin masif kepada Pak Prabowo terkait dengan Mirage 2000-5,"" kata Dahnil menambahkan."
